design_id,style,sigma_km,min_pairwise_separation_km,s1_x_km,s1_y_km,s2_x_km,s2_y_km,s3_x_km,s3_y_km,s4_x_km,s4_y_km
design_000000,manual,200.0,502.4937810560445,-150.0,-150.0,350.0,-100.0,850.0,-50.0,1450.0,50.0
design_000001,manual,200.0,350.0,250.0,-500.0,250.0,-150.0,250.0,200.0,250.0,550.0
design_000002,manual,200.0,350.0,850.0,-550.0,850.0,-200.0,850.0,150.0,850.0,500.0
design_000003,manual,200.0,848.5281374238571,-100.0,-350.0,450.0,300.0,1050.0,-300.0,1650.0,300.0
design_000004,manual,200.0,600.0,-100.0,250.0,500.0,250.0,1100.0,250.0,1700.0,250.0
design_000005,manual,200.0,600.0,-100.0,-300.0,500.0,-300.0,1100.0,-300.0,1700.0,-300.0
design_000006,manual,200.0,1029.5630140987,0.0,-500.0,500.0,400.0,1200.0,-450.0,1900.0,350.0
design_000007,manual,200.0,672.6812023536855,-200.0,0.0,300.0,450.0,800.0,0.0,1300.0,-450.0
design_000008,manual,200.0,565.685424949238,500.0,-550.0,900.0,-150.0,1300.0,250.0,1750.0,600.0
design_000009,manual,200.0,921.9544457292888,-300.0,-450.0,300.0,350.0,900.0,-350.0,1500.0,450.0
design_000010,manual,200.0,600.0,100.0,-250.0,700.0,-250.0,1300.0,-250.0,1900.0,-250.0
design_000011,manual,200.0,600.0,100.0,350.0,700.0,350.0,1300.0,350.0,1900.0,350.0
design_000012,support_random,200.0,295.2503602303451,605.7423186777089,210.11240998728468,1071.9819404305492,118.93213155427242,192.32889854616656,-235.9268352655097,297.77869244629335,39.85045927225555
design_000013,support_random,200.0,397.93039202507725,550.2033910443116,224.09279482963632,1244.1747624663246,150.42713006853793,1544.2431273921711,-110.93004558952718,-470.7912472971211,-551.4826141964402
design_000014,support_random,200.0,537.0297806947623,644.263836956921,361.3499911641745,1161.7222778423975,49.865369125579974,293.99691684209057,-64.20897225389822,-241.10481350036173,-109.67460254291822
design_000015,support_random,200.0,260.04088572949877,-19.566400178328166,51.31855703150478,733.8283032299984,318.65017643170347,405.61454719219194,-391.303950852987,-279.27014995915926,64.55579997547501
design_000016,support_random,200.0,299.4799142926616,-75.68066917090515,154.43560322382152,1078.909021161489,-207.12831140927096,431.81133561245207,-705.2086917550665,183.81431092785988,303.9366880636362
design_000017,support_random,200.0,309.32941661973587,183.8552691569037,-46.20808190012461,1270.251410054752,240.79053477895505,324.69799055417207,229.1971029016826,-208.8118589287703,-221.77791781017294
design_000018,support_random,200.0,258.141440123293,-90.97647794406971,368.9042638788177,-29.646403539641184,16.96576204392572,148.5928994335805,203.69485454037567,1288.2958704631728,261.47068016355473
design_000019,support_random,200.0,297.15260577350375,-188.21385784601227,139.02263276526662,734.8707195946488,500.25656880907974,450.57975390671095,321.3636949139103,1030.1921578940926,533.1946804539684
design_000020,support_random,200.0,262.39001026968714,250.98245311369914,39.929821441187926,1445.1212666499073,400.66952866600843,434.9118294214649,227.06213297600232,1005.4623314024085,378.7053912943853
design_000021,support_random,200.0,319.22179091538106,-67.15531089150022,99.68734148064632,534.2266435457154,-0.387930798845435,333.14866678240134,-441.7824745037475,322.81118541481453,238.78994413636786
design_000022,support_random,200.0,300.9544503813728,784.8126427557736,126.79706106873621,-65.36443414047895,-601.8732709811113,-110.17729362375351,-304.27389458847426,-283.2073038640264,76.53900465843702
design_000023,support_random,200.0,257.2088427498546,53.50298039503217,135.78938846991844,271.74353035940015,384.4563717881964,525.3705214323088,341.6809327136274,13.717373605350012,-250.38185502111025
design_000024,support_random,200.0,303.45880033219174,-258.11972822138506,91.62502827987011,590.111246055697,-251.91555578213104,-79.5955944611205,-282.6347876451688,42.823368268840056,52.631488123479045
design_000025,support_random,200.0,280.0211188338139,629.2577132783737,285.62333231936316,23.944361449357466,-214.19281781938454,1852.7617392747625,-301.2422649777002,231.42167572550855,-26.136998835508997
design_000026,support_random,200.0,430.61045093937867,449.8414478019695,175.32105367104018,869.8022086217841,80.14584770931121,-36.4099261841495,-391.2406677630899,1985.6956569549766,396.1431354328321
design_000027,support_random,200.0,253.61205698101853,394.49678347223494,-46.870460865207576,27.133858063579083,132.7017477942657,309.7265567623242,270.18570857865484,555.1348107518161,334.16902140295645
design_000028,support_random,200.0,431.73998346475616,44.757072070298435,52.98390125844814,-79.4666521218852,-478.5462555386335,765.9588651061922,180.61807698783736,1117.7099218291676,-69.72290530714787
design_000029,support_random,200.0,573.660589731675,-271.43976560769784,-314.9224767627308,445.63308558856477,-156.37717180046417,873.6106456078071,225.61979197185298,1729.000395405884,244.17073795568396
design_000030,support_random,200.0,406.271365604302,408.614958532067,450.2130212802838,2054.761984181498,513.6636815879732,-223.74240672232102,-339.1552326255313,189.0775006991334,108.36550100518026
design_000031,support_random,200.0,305.26553288110017,-51.15697421243926,-80.44634461891664,518.6581710568158,212.62531157262885,1236.089798472578,150.25788853187854,1541.3084138133058,144.90602767131116
design_000032,support_random,200.0,431.7629628625863,180.3226817089893,-116.38195083388626,807.4816827983761,348.260238636861,1432.3546210409954,308.42555651779014,320.22198912626163,292.0876806983081
design_000033,support_random,200.0,547.3973262940799,139.99570653331216,-534.9193660718087,1194.8964593130918,-101.27051718096078,699.1083934671836,130.75971058835552,-347.67189721795773,97.72343137174526
design_000034,support_random,200.0,359.9800512217061,509.64644883997687,-139.52188240603493,1361.068187256716,265.6482502794475,444.38791460957304,-705.4991399329548,150.0029322953539,-123.95980397802114
design_000035,support_random,200.0,372.31737775599544,-277.0507673182781,-312.3731025177944,-258.57338639233336,59.485494496202456,203.18091531055907,-32.729518660962334,399.40712259666867,353.2847790155531
design_000036,support_random,200.0,263.785022416382,6.537180744978457,176.2768095600939,-379.4622951298225,-173.28156435203243,17.476560263018257,-87.28128275917345,1523.0035840963494,341.45922800949114
design_000037,support_random,200.0,327.9480661382419,570.2291596186928,257.24347604301306,9.141690086297658,-521.0628725130323,268.2768503488426,-93.3872135554503,895.110826781293,212.50158934316326
design_000038,support_random,200.0,325.3289301400946,-168.49480366897572,-509.00399017691706,697.6395810325207,-33.01222907842883,140.11499508925172,49.558144300633074,-86.69110312395934,-194.12771707390945
design_000039,support_random,200.0,372.75183067598556,464.18896726645363,-65.84232151425792,-222.30978479705593,45.728626879150404,515.784948670729,-467.3251916276884,147.05098798432718,130.03373462622125
design_000040,support_random,200.0,517.2739528586958,356.3222413195185,-26.359567016707594,-93.22039723858032,-696.715109184339,779.44607047922,271.1947431575731,-91.67202653140109,261.52371667996124
design_000041,support_random,200.0,430.8613207519355,444.53063110142864,-189.29741244803577,-410.7507336832476,-329.9925389110138,55.43282203337448,-374.349763685577,1637.2910148564526,-190.8392928776256
design_000042,support_random,200.0,261.3766583749052,-328.95557187347055,-27.155146268828595,133.73458104643115,-252.84322626007835,-79.31182016158085,50.27711299334371,550.6172489948844,-211.59611607471737
design_000043,support_random,200.0,275.24982391895463,519.0528185762851,553.6177178591208,-328.984816987096,92.69749317256642,1017.9631037187127,193.9891703649589,750.9143064262234,260.6780407411358
design_000044,support_random,200.0,257.5120897472555,303.7586111965529,22.0178974123226,346.11824444019044,-231.98631089427832,1164.6385511135968,-234.7377331538659,1509.6935346549653,62.840238427397665
design_000045,support_random,200.0,262.78696537589735,-149.3631469711213,-576.1155510856229,656.5245412521391,59.898010202762535,109.97545518617953,-12.657249772152653,353.89695627251723,85.11437432840549
design_000046,support_random,200.0,415.5506821531504,1466.4539270100436,155.79720648785994,1606.4966025596775,689.7977026251697,-16.324404309907713,-89.3395787163705,315.5915367960564,160.68877463118645
design_000047,support_random,200.0,334.2100962232236,-236.353265779577,185.4100419502384,1124.0006513493609,235.38464733019535,805.3939728720017,336.31121889170754,171.5318400284603,-80.96542012901867
design_000048,support_random,200.0,328.18677465586035,-194.1204141411044,-630.1862336039336,480.2081443728431,51.95483360121999,150.5333145539323,212.99889491496123,131.92894126752384,-592.7913556574222
design_000049,support_random,200.0,370.78011658762364,273.7528478745517,407.3389119554449,621.7896495948742,47.05180877981499,-200.24073505319984,538.8089734210873,80.11281139326101,91.1405072658321
design_000050,support_random,200.0,267.1991010079187,319.5287228930851,-178.02210334627006,1422.4628492358759,183.46649601643614,1179.2099571583055,72.90705464964074,-272.8796673636563,-567.9927451419169
design_000051,support_random,200.0,340.7555813110907,1011.96488775165,312.6252210812303,639.6712732496602,-29.913029021433502,142.04952330916748,-21.002888933811303,985.84424934403,-27.1277457105811
design_000052,support_random,200.0,293.78052684466434,250.02044023818397,268.17404474017,1717.084873180626,160.35836360439433,249.3038516719556,-25.60560815287037,-242.8036808769764,101.57631127643054
design_000053,support_random,200.0,286.65603277877904,-92.81822629939217,-436.49814941162555,333.5451947630866,178.29125711394596,301.7874599557006,-167.58595422770642,-96.77407596956637,-149.8694132705062
design_000054,support_random,200.0,305.34937030328376,760.4562661700803,90.19163050067682,1277.8606934706143,393.1307648099181,298.9540304598307,71.6203900860096,280.04219785104834,-233.142764727674
design_000055,support_random,200.0,372.38147463397416,566.0820302476546,192.3883438337708,1192.9554468823665,199.60160507835394,76.82599870445888,58.3798959092582,-255.78884745201486,-109.0576350295324
design_000056,support_random,200.0,283.5403919596528,140.0430555381094,-125.53873423766807,345.31811201799474,70.05601277720818,-179.93437670033893,-189.16325128126658,729.9899195510037,132.88144503630093
design_000057,support_random,200.0,459.87511402550183,1390.4594096366072,262.44767812726536,66.18884678900297,216.5215554599305,932.1701988680031,224.28854038729156,398.33543754755556,-103.7627558578207
design_000058,support_random,200.0,293.08459273044093,-25.088879721061875,-279.67955689142445,1304.6199762133735,-36.69541712244188,585.9715762478434,552.9524010302702,553.133064498358,261.713305711583
design_000059,support_random,200.0,542.0655556589073,-34.764307789612545,-42.72575031244111,1338.7391790949816,277.60014743467553,388.61398767342035,-381.2311203771076,626.5431671043402,119.45349615834203
design_000060,support_random,200.0,531.4852948889547,64.52145695386295,185.15022382959333,1318.17313828814,294.94916941757214,376.43332022541097,-407.64698800538224,-448.6059384294291,46.66955806589266
design_000061,support_random,200.0,458.9248249784473,32.8415727242986,-402.3045398618529,397.91494058777437,73.41115929451246,1380.8776879217482,306.78723429673914,167.81759840453643,470.48446247883436
design_000062,support_random,200.0,592.1471810874579,1770.0199975233618,239.14838705627773,116.0939697217948,150.65164437046354,1179.350133564557,378.5960531473625,930.3537413079114,-158.655359799125
design_000063,support_random,200.0,340.72244383203196,587.43001365164,-262.59100371376286,1776.0081273297237,494.3432744506227,662.1306859350843,69.84183655818387,771.831480332839,449.1227416416592
design_000064,support_random,200.0,605.6150793313158,-214.98870740377373,68.84334381256723,516.5101468245595,-278.206922808332,1131.4754936567945,287.13655457433913,-516.8261612560315,-456.1935841891325
design_000065,support_random,200.0,280.2259178660808,-199.60382938318725,8.368357045622888,260.34571632880164,-165.8656841624362,-25.394676844036574,-211.12591671904372,1043.1029413671613,138.11927813309413
design_000066,support_random,200.0,290.266590075568,167.9162640904167,-16.65764203598303,-116.15051448717173,43.01445045832445,1596.8002178351903,254.10751888420776,-186.58258494191023,338.619682542054
design_000067,support_random,200.0,340.26526178313696,-92.27995079498882,247.2147164595969,124.45653291837365,-15.093775594919094,610.6321290884059,-248.79799935714072,1228.7796158443666,31.747861270196683
design_000068,support_random,200.0,290.0544388389853,545.1261509617154,-2.5652649403006365,1368.8918333365923,452.11978630035196,-284.1045050174538,9.407174260141218,267.0440813752943,79.90861010344568
design_000069,support_random,200.0,269.4376348246623,692.2547751452149,139.07266792831172,235.15777775707943,32.79034854189583,1376.0480227704093,216.61219470666938,1637.594261788725,151.88041027828984
design_000070,support_random,200.0,421.74676587927576,-127.79670695255234,350.4098442707173,992.6637798945826,28.030599976917856,1282.7811701582646,334.1388069825764,329.64147478307535,-476.18424559409044
design_000071,support_random,200.0,283.71235390608075,-283.41606855366103,179.1338036489136,101.36634916474186,80.2801367393371,12.123744165931143,-324.50470217051367,-170.84379178627947,-107.67393741028472
design_000072,support_random,200.0,273.2805546199501,554.1333574396923,-215.31516493070586,-173.97143264516643,-74.55125521060931,460.2675529268098,229.53315733051332,289.63328393189283,-284.0317760793666
design_000073,support_random,200.0,363.7943868324624,860.8042544855882,194.06595248519466,390.2708733244639,384.39034150932895,-404.37887619328376,-452.4650398497271,306.58630099307493,30.351857380103475
design_000074,support_random,200.0,354.8134224939315,-207.61853663695746,29.495663445096262,1126.1196720431424,-1.0472615412437847,-28.81909854139792,-393.75274962449623,136.5901853384063,-79.85414563233525
design_000075,support_random,200.0,527.4372311553489,-101.35588145466033,46.18366438685725,481.56612759956533,392.1676756756484,1050.7607962282316,154.59483668434586,-69.86515335935053,-480.31264790112846
design_000076,support_random,200.0,392.5645234250835,943.7768255442751,105.21052617922354,817.5431624422966,476.92542681117175,-413.95241016690363,-778.3300676433856,339.3240956562953,80.0853039613482
design_000077,support_random,200.0,292.7796034424962,175.89170353453957,-37.01419360002639,1430.7888058645685,201.17235117987593,-25.90179272134225,-385.1171592259194,365.7659856858188,185.84821500555637
design_000078,support_random,200.0,629.8913079291347,874.5198755465424,76.59402063665536,-40.39056402065172,-506.05693100765,1899.1150705820676,669.1968497910283,251.86885612354374,171.8240989532071
design_000079,support_random,200.0,357.37180728753015,286.7679910249304,310.9593470391047,34.9499602654561,-662.9801925251771,559.8035053799348,80.381341702833,1210.3756634402414,-116.46393729312564
design_000080,support_random,200.0,274.56959269823443,593.2798644902313,361.18109716281356,-80.38165133756564,-474.5417988882787,167.55933713567495,175.36139423440102,15.680472526869323,-53.377040925968245
design_000081,support_random,200.0,401.14561515903245,1121.967343950186,179.5148555704742,351.3093970188313,-67.45389520199966,752.1573331758007,24.08525577568748,-250.42898970372158,-604.4524788050167
design_000082,support_random,200.0,267.51338093019797,1527.1485040402308,306.2092439831928,348.7316435578475,22.058282820538594,81.71761999668391,5.720590254464511,1092.6018623144455,411.9556324996866
design_000083,support_random,200.0,263.66435931537035,390.64047006011737,-186.28020106915076,227.58843709604707,56.50451428231987,551.6698360234528,457.66290235951146,1.451631014936467,-79.07217733028324
design_000084,support_random,200.0,419.4611505544712,107.03736666789662,-330.09411433721084,598.5029043818143,20.256671627360344,1365.2537181419777,168.94375514612005,117.04674316267571,89.24759502004656
design_000085,support_random,200.0,338.1438381410613,-48.36440288715949,-277.79723896361054,683.1910012144103,49.01158934022838,-20.220236375194474,59.17332527622784,912.809949124718,323.7337951836353
design_000086,support_random,200.0,509.93571394978267,-267.352002573035,-319.25905991121545,1351.2013320693202,199.94058409146402,884.1021161444833,404.5200426005655,532.9226416830146,-140.1479697189866
design_000087,support_random,200.0,328.8323430391057,1586.7529963126347,139.53739235448253,768.1088309950137,430.05572482177257,205.75770337996977,37.05527969519568,529.6829018508529,93.65188404728615
design_000088,support_random,200.0,451.4190946272504,334.6271315536252,372.67242839355947,786.0425225858475,374.501016185359,-76.3474912570415,-55.531832909148804,358.4932010551553,-179.43338280690756
design_000089,support_random,200.0,251.82132831216768,1097.2251517179227,83.89649565226622,3.576438839544693,-476.0715800746754,-310.00296535805944,-39.98290257389344,-244.84179042912734,-434.8118568579348
design_000090,support_random,200.0,252.32106177646995,473.7571903101393,188.44135966534157,233.54926937681554,111.20100145219473,-184.38890811258025,-363.9342088942956,343.24506616571273,-163.78056475881922
design_000091,support_random,200.0,433.6366921873952,52.12020129706613,-262.7977786026846,426.0964676586186,120.1406807983781,-220.96695829047042,-599.6422294693081,1780.804866152689,-484.45083692345264
design_000092,support_random,200.0,609.8081466241291,-530.0876927490625,-52.12893809976965,948.4442164152802,99.0169645155458,204.89274514123372,-16.715651266765732,628.0073168981766,-455.8512053455652
design_000093,support_random,200.0,285.01518793715445,860.8472838109608,351.1360960646675,873.8070337921561,66.415702985288,272.2332617236045,-559.8535149722389,444.3313530318379,385.3872895388078
design_000094,support_random,200.0,270.50552018318865,-38.18555575577172,-567.2439422052879,831.0465041705387,-185.10750667714623,226.54127579456502,-191.7252340315561,296.91570666659817,-452.91611428776815
design_000095,support_random,200.0,386.45381850812936,599.4869061638207,145.6663241175257,-162.21110781785785,116.22286466890226,469.11056092615235,-218.1310953922648,1350.8750042525492,594.9662540495298
design_000096,support_random,200.0,341.6522846445892,1109.9972118381052,139.70581183067378,436.9314651702779,-198.31188780145368,1810.0586275580981,458.09820493908086,545.1738747822027,-522.3641434088969
design_000097,support_random,200.0,390.9059882756702,671.9745400708147,221.8174566779615,652.3638935048579,-168.59631640265553,151.74447974942984,-295.2299545108055,233.98245361575988,322.3182517735465
design_000098,support_random,200.0,304.69649119357973,198.07370246765635,71.26095830342854,-158.184795517378,323.52195814727776,-176.96101621955677,-190.46669404137648,-440.1695080179393,-36.96997879671727
design_000099,support_random,200.0,523.0213533174368,677.283590431828,-337.96136018518825,-279.0182782551866,226.60017626452122,58.42053160704447,-173.0076134803287,844.3790291828938,331.86350501299586
design_000100,support_random,200.0,400.61567001854155,-124.2195091492905,-437.7590026624488,1099.5434241731466,449.9136771684855,432.475556269211,90.82064155250123,243.93364697484566,-279.78378720052126
design_000101,support_random,200.0,549.2796552216682,153.3569006243752,-73.22521927710072,1365.1871851047931,169.5737688345409,1789.9883364932793,517.7865219316254,-370.98021236761576,112.34006922308356
design_000102,support_random,200.0,315.99808020478474,-89.57631346667102,-477.8139744421329,195.00663020671868,115.76634528534207,-31.299386492053923,-104.77928151112023,1680.6096231712065,353.10892165443784
design_000103,support_random,200.0,464.85676602741165,-299.0889066161456,-304.1190863225244,470.33800007356,216.84466806675607,14.583244081460933,125.30552173008809,1623.2399332585346,352.6018291168342
design_000104,support_random,200.0,343.3272445995016,561.9517814242059,122.87129856861046,1507.9779042230855,357.1843438044782,242.75233617827396,249.3043284262203,65.73683920277898,-685.5926688422969
design_000105,support_random,200.0,291.6439635955631,147.8042441776338,83.51785295900532,-115.43589902893751,210.88198995441678,1292.2236992475844,95.15121743213342,-77.4785637231395,-101.69515405203973
design_000106,support_random,200.0,486.9089759596369,558.464604203528,58.86889231984269,1416.1330313826552,14.744749199623037,105.4546061236862,237.3690113947721,148.2958095679222,-264.9394872526219
design_000107,support_random,200.0,389.41462339572854,289.070011274626,247.35033053223754,-92.69786444594574,-535.7420536308284,1499.1693128198328,73.18287871974717,629.6899083442147,58.61285509415745
design_000108,support_random,200.0,382.3176285951968,-126.53813584883531,-341.2467747754652,311.84129563434925,43.74069298052545,344.55832576979975,-337.1744748374165,758.5966116554355,46.783605707987604
design_000109,support_random,200.0,294.41703800878787,156.3690722859853,285.57568774472,1621.2002791415887,-19.29087601261038,192.13517140723582,-511.15173756061336,1491.9688448818986,245.24764418634183
design_000110,support_random,200.0,250.81297336583745,623.053426784008,-124.19812472576635,-187.09365101014805,43.74677563649482,1089.4577665727145,42.62871766037462,384.0081098821468,-48.27392518503342
design_000111,support_random,200.0,364.7187575294525,367.95877086736516,213.94362281936935,377.25687319596943,-301.53483739094975,-176.09303351806795,38.91792056391917,723.9830192660112,293.1048926803736
design_000112,support_random,200.0,263.8547681197456,183.46340283007635,207.9079495636465,293.12074009949134,-125.60909196830777,469.9461088863062,-321.4460844210403,1326.0359395614162,308.00472460708056
design_000113,support_random,200.0,445.8728038234051,-129.44267258875936,54.25924916987856,402.5793551586444,30.378564198766114,146.42236143294645,404.54633170868385,1100.6063440641346,78.53191093951057
design_000114,support_random,200.0,561.2457085645749,1197.332655573754,454.29298539377265,319.89419394797994,-266.24693041880715,-392.8050020429355,-445.52036837896003,682.4791528926289,162.15579241247798
design_000115,support_random,200.0,353.17600098386544,829.0097545568027,244.0421569049752,96.30849261547053,-35.37839063283174,-114.40381359058532,405.9476642622856,-361.9413132299388,154.03800993507966
design_000116,support_random,200.0,273.4211343690013,722.0838869668909,346.0985033788015,1143.29175785651,474.7912049508358,-17.10697400002885,66.4867019634404,202.94509162566973,228.77103618426008
design_000117,support_random,200.0,413.5834219679629,1991.4971705938037,554.4184616235806,418.66276331503855,-584.7409933843023,513.6445486215891,233.74174869255125,297.4996742186861,-189.303573850744
design_000118,support_random,200.0,285.5613617975334,475.4704074002207,-0.039873058822053054,314.7883647242132,-254.89664502215834,192.99286452545084,41.81379013920969,-59.29938088553316,323.4438826433517
design_000119,support_random,200.0,367.45245949980483,441.55315478717534,245.77398419901704,1550.8738100891658,430.7168728417353,-52.384817871901646,114.29257367842723,422.54581391330214,-121.18654635619146
design_000120,support_random,200.0,701.8604936882265,-205.18997138591806,220.40420994664345,830.1091435684438,169.19662392773887,1522.9222084285254,281.5274289611808,284.08225638175486,-430.3125373912203
design_000121,support_random,200.0,278.88209396303665,487.90466760400136,278.23583284255886,1362.8812712641147,45.04178222155025,209.2638023760258,266.63882640929455,845.5434761464949,144.03899281008339
design_000122,support_random,200.0,341.29654950708687,-318.7194660934855,-279.9256097945479,947.3033536334351,264.2016289923316,522.4514368588607,-270.7002744693723,13.564088304971165,-202.00915336991773
design_000123,support_random,200.0,523.5193999657865,484.4946821632227,-40.12505265418507,1228.38295129978,394.58573861103935,-37.621107192574414,-1.8149411180630466,-531.0731056403592,-533.9356017120867
design_000124,support_random,200.0,331.1540272798838,128.93052317939882,17.602896985282317,1309.7281557086321,265.9350843123107,1451.8413897183013,565.0451284482424,285.9353124264399,-547.6527976086257
design_000125,support_random,200.0,256.64910002074885,193.14528546271555,-150.93742180272955,688.1889439541947,460.19271497782313,-55.62399109747666,-321.0084169214523,606.37764681063,216.93221222172895
design_000126,support_random,200.0,301.10460428314224,506.8940057435277,-53.85307744396495,-128.91942726572978,-182.2253240784641,728.8875675137255,149.5746523597398,722.0221901718744,-424.5410521407205
design_000127,support_random,200.0,436.95954436184513,900.7876234360525,-42.0053590299957,-183.53158245082327,-244.8528032072254,-355.54749835920995,-646.5294991744051,661.094750098626,404.6404888734686
design_000128,support_random,200.0,425.99762271131306,-280.33983882675795,-609.6153232798165,119.73702563955055,-55.14499929990069,560.6918181930089,-66.67124655852001,536.0195144254423,-491.95380202310895
design_000129,support_random,200.0,410.6203725966794,1246.5461069409805,181.10935153332065,-119.19194426335235,206.6225275656857,290.4982369690283,234.24581109995998,1571.9772146265439,841.0230228948283
design_000130,support_random,200.0,296.04938292837676,749.8366431321274,280.3645563350981,66.8194458215276,25.123579835563703,-209.3783919679214,131.7068408698644,416.5272215937278,-405.85920108085804
design_000131,support_random,200.0,353.15104645866853,522.5283510412131,-61.3518784192599,741.2657502586578,215.90181731524402,43.96504277309568,-443.20723934073277,1458.3446463043854,456.4722320351394
design_000132,support_random,200.0,292.09437741407936,900.9500135702575,134.9051062348979,605.2475676468209,57.64533908206678,313.9530225371418,36.044105176020004,1189.6728008613843,199.1984374316438
design_000133,support_random,200.0,472.3398671472528,-99.3496236743038,-484.5985937364582,1846.5495197067146,75.38059524889374,1349.4095630924653,-53.026985434544955,908.431324188658,116.21586643808519
design_000134,support_random,200.0,416.39712198068014,384.84908023235295,222.82787658953197,165.19518815252826,-130.92165470058603,-505.68457472846524,-768.4614584490037,754.1950968600731,10.238926059876555
design_000135,support_random,200.0,353.8134926442746,76.32465154718689,-178.43846225148633,1658.7243675074862,700.8601590515457,1009.3556229341206,181.6694928026426,-234.45724692514105,-347.5496657806311
design_000136,support_random,200.0,265.64900426603464,109.94236314352965,-373.57537485174805,814.8287467891441,398.9531980182343,-32.043984676002985,312.90855250341724,1074.4084255468654,455.4136606763983
design_000137,support_random,200.0,257.6769521630101,190.55800126853373,-70.82107232389595,456.6834629117841,6.772380395183724,60.96327302879817,151.89537989391238,2047.9809063867986,-46.663183270294724
design_000138,support_random,200.0,411.8724005921222,297.48528639667154,10.12260677979178,-51.18487653817453,-209.12153076670103,503.9014956011337,-384.90398931163287,773.8076548372371,184.13757568537602
design_000139,support_random,200.0,374.50038100854243,634.0769531155202,230.25371080697875,289.92620033833873,430.38356969165335,128.17618547033445,92.615205178717,1021.1000658247441,91.51945704695359
design_000140,support_random,200.0,283.5470295612841,213.84488603364855,-596.8285008110302,1135.3528298337437,-5.45292751442156,155.83882340136714,7.877522403030163,1049.4276774554414,-275.6672612604189
design_000141,support_random,200.0,290.8096410856242,-284.6110884127404,-242.90564901648997,265.646479204371,-536.6520471122147,139.8986953466813,231.47367358713262,39.58225306536758,-353.7170504371032
design_000142,support_random,200.0,304.616412406069,52.69726391186396,226.40405902073508,111.74598413307241,-72.43437115079048,770.8079018695582,-431.2280612568067,1078.2095451756832,-17.447026250437297
design_000143,support_random,200.0,347.84784559218303,94.4306613319857,36.332272005087916,465.16333226355624,327.9457440623564,768.2552274120294,157.2605754669856,1307.8701455919713,-1.3310304349608657
design_000144,support_random,200.0,368.9021905432717,536.6989193767963,310.0262152082389,388.66405847491313,-222.30397502548,201.0594521703444,156.9413556009172,-157.84304721539425,-497.3500916197505
design_000145,support_random,200.0,329.6803287559029,1797.6116461970355,259.93171828889353,-131.5957479454368,-49.80132489298265,232.23682884540796,-295.62399932789873,41.993400794069714,230.47697717211423
design_000146,support_random,200.0,306.2441850884466,-129.77919858186573,-574.7903598740772,348.248352629672,-57.926009802628826,-53.82106555623081,370.99945363750743,119.22691666752462,-261.2353376022228
design_000147,support_random,200.0,313.92100203455306,-15.909578983213414,-7.968449914152998,284.02356200840006,-100.63185398114584,1635.1050314230438,375.1984188580908,710.5086076085216,-253.01892187460592
design_000148,support_random,200.0,261.7428128277116,672.5900896653723,-430.5257516198664,-47.704719265801685,-156.09609236974347,414.56087373924396,-386.5914393399421,-318.8369789521505,24.496886179393655
design_000149,support_random,200.0,507.0488115107546,816.2667687196587,127.49634035652873,974.0969146633412,609.3553885084386,1467.2894627555418,388.32275721086523,209.87652949191704,-53.07740823320674
design_000150,support_random,200.0,335.39610200560435,583.7526953688964,193.2646369963868,918.8667891690565,207.01561430897343,1341.4125485523878,171.39598427456218,161.45512378926028,-127.29140274988697
design_000151,support_random,200.0,485.19734325726114,325.8743568437194,235.67369387912217,1013.8336959253963,274.20596558426655,147.6808838752226,-464.521027293289,590.9961558517261,-661.721512932405
design_000152,support_random,200.0,278.1715364129688,303.5162758922755,-68.84052306019072,449.70608916598616,406.0979822341826,375.6103895589145,-510.68963728455583,27.169869067752273,-37.02752091442161
design_000153,support_random,200.0,452.2282375010233,370.709474465653,-438.02592028350136,1572.4459822068209,-13.006207269909652,-24.992458073134607,-219.09588721733954,757.419135161867,239.19708311051252
design_000154,support_random,200.0,382.59323181222896,512.253348433524,307.7116953566095,-187.0569100576042,-20.4761568460809,232.71302717428878,46.49379815427477,453.5991220259799,-288.3871545126223
design_000155,support_random,200.0,322.2380639579386,676.6478440575222,34.759961080110514,462.12924613473507,-373.4510713876299,60.810378512175646,65.13109751317143,976.2180492975422,153.48258738113557
design_000156,support_random,200.0,615.8530975337387,1928.2681548694914,103.91842453426139,278.69356127968894,266.77859957521724,-386.18931488601055,-777.6588858154696,491.50727079578826,-311.13606781426677
design_000157,support_random,200.0,272.94225496798555,227.425172553072,-256.5081538878206,273.2910416317008,358.18045024827154,28.48544041459407,-69.63799167972626,659.9282962341191,444.3703278992667
design_000158,support_random,200.0,331.91754347136106,1140.8561013454942,-1.3871024242197691,1324.6499523950135,376.7569061340759,69.84652871514393,60.42714798497962,352.88299332762904,233.80423806244144
design_000159,support_random,200.0,635.2745257220859,438.7255294357035,-136.1451030537021,-329.2289626742179,51.85620495086222,541.5304693307297,490.755899788534,1558.0610107244133,141.26771656157624
design_000160,support_random,200.0,427.28308798043184,602.1621003239677,429.4882958203771,-299.1401198542801,-377.1754531827313,1061.3934148809183,338.17149128835996,-68.93049962524552,-17.211054904099917
design_000161,support_random,200.0,322.79942441592056,1024.5263963847108,405.99405016916165,44.17234952604954,83.76048644873197,656.8928381335346,95.7528573169335,-164.32981628880867,-162.6666128195161
design_000162,support_random,200.0,262.940772931947,830.0053563094924,271.85922134045614,391.23720416204173,-241.84953464672247,72.1607750805467,-183.20327929518683,185.076392042746,54.258114443028234
design_000163,support_random,200.0,349.9846226550806,970.481355846634,235.60904493543714,538.1499710285215,-468.72392003609247,480.1585283530012,354.2916422179801,183.93866355370622,167.89682524790837
design_000164,support_random,200.0,348.9200675183823,1048.0332290267331,45.099954477185356,1356.2265406569184,208.691201747484,575.3540072897209,418.81858631449666,-81.48264431796599,-152.3951556711333
design_000165,support_random,200.0,525.3161496284432,1626.3440655011618,267.2767961483214,980.8666581207777,338.6516167707198,-92.01990446665906,-143.01157918370436,160.97228898268676,317.3708782515695
design_000166,support_random,200.0,276.5662073675194,660.3728722078413,43.54721310364484,1528.1065963794192,348.5533910846642,1546.2387663308664,72.5822123893056,124.54754551381535,-742.8577191858737
design_000167,support_random,200.0,443.2932188757626,-169.35182414874316,-464.9844498265787,1298.1452405374143,131.03037327659337,388.22113032634394,-215.9412568944557,855.0272608218378,143.493677574436
design_000168,support_random,200.0,315.1006543170911,497.6346447929642,74.27204688665307,812.8809099337667,166.77699039451693,1352.4079255894355,1.4587350520240818,186.68528134892196,125.25160872082229
design_000169,support_random,200.0,294.5445144517929,638.4671633307859,41.4378773196498,1490.5373898606585,63.5267918721476,930.8758719014394,76.84434771257456,319.90815804807886,-328.40721630692656
design_000170,support_random,200.0,449.5428469483126,306.0352618587329,-489.8447069753083,327.16835794131293,28.18986933452325,103.88503678446949,418.3607674491365,-207.13930669713977,-30.54894642585448
design_000171,support_random,200.0,401.7840665058878,-53.31720838841308,-374.3798092037546,-88.78968855022119,25.835307013983766,1345.3210677706568,-245.64161063093465,959.5570037686642,385.450266992233
design_000172,support_random,200.0,394.7194787342429,106.19658659129522,-143.19257883437223,158.9839100175834,247.98125129453717,-375.79082528781214,178.47983108723741,1711.5917902616068,-13.411837795817817
design_000173,support_random,200.0,535.9128598151041,1575.5534866880216,648.5873727060831,363.6876078917883,213.75905120700295,-372.0698504420315,203.77603744529668,1297.0238266995561,190.7404312268228
design_000174,support_random,200.0,474.03297228998804,1087.714415571335,85.8904234045156,-332.02286217306585,60.70163108152458,1477.502186806075,360.67253126867894,817.7707787323976,475.55398565822253
design_000175,support_random,200.0,486.41251214182114,1240.8212150423635,49.0410023096293,146.45090822582995,163.10694192555192,301.20077779687176,-298.0325270378658,1741.34418959873,10.94460706206859
design_000176,support_random,200.0,374.51231235436023,1664.2484029345344,164.30507409876697,432.250224939445,146.890045285305,-196.27368220252734,241.84181674730502,24.456345763429365,-60.71020664562789
design_000177,support_random,200.0,279.89273943396546,1280.5981063055417,266.7503955885036,161.29020408780417,-158.2707936121292,-360.8743652220249,-480.470029318762,250.984354704093,106.86106968059572
design_000178,support_random,200.0,335.2622136845302,454.1649087768967,413.78353358187064,-20.416004085823637,244.00503076570274,786.8642138807885,235.8472184703229,259.2059829555443,59.039368309968495
design_000179,support_random,200.0,616.7305311878183,679.2540235014296,-585.7644416768795,1454.8818607641442,362.4185331393162,774.1635030422849,455.3276236573294,327.6549103668331,-79.0745841287204
design_000180,support_random,200.0,310.48804378873524,228.1426978626795,-236.36062049701138,50.58691122362194,18.348562625115253,-404.0177342754328,-30.472994314863964,-142.07340110908413,309.8269335180285
design_000181,support_random,200.0,278.94872719765425,-111.00154464536675,-384.419222331888,228.08970551956838,82.01670319063192,1460.383230288386,466.81911886728176,12.460490869221239,258.9812030047637
design_000182,support_random,200.0,453.7553976869284,1325.7260636824508,88.44443653639964,750.7603741753419,28.930197576159372,340.27419049782225,222.30820547749266,-166.23851650547948,-184.48218420037546
design_000183,support_random,200.0,388.0335927226986,218.3238339101391,-123.35884332902265,1699.311779315417,57.36347181609584,1312.4524892708912,27.197948655862167,1312.41900618739,448.54339833888025
design_000184,support_random,200.0,355.8880569803905,-84.66789407047023,185.72791373734321,847.2147696331856,62.511059733857564,495.20395592435443,114.90090735077877,1192.969233225059,489.974825621734
design_000185,support_random,200.0,352.28984033987837,1140.8123631697351,63.301377438374615,-42.325695342692185,73.90288312715776,286.3097016152506,-382.4955704700281,290.0375534170936,190.70529098135293
design_000186,support_random,200.0,274.9135616056034,375.6550363525842,-44.731713281247,9.005676686734091,-78.51381011450043,1053.3543935584169,310.2778572535912,-27.661000606285917,193.94356477369638
design_000187,support_random,200.0,267.87761136373587,-170.79375429622968,245.23761995442365,-280.6840961247134,-440.6202529408441,1118.443274291884,361.8396527533067,-270.4823268868378,-3.3998735271262035
design_000188,support_random,200.0,695.7913235332554,1391.6297810165393,-398.9577353838275,164.6536975572751,240.48936951838726,1592.0146590372701,296.7380587938328,909.608935635277,160.91466400353215
design_000189,support_random,200.0,373.22223478947944,-284.5728947951063,325.7261270795903,472.97236165594603,178.343677741718,503.18576443506356,-193.65361637983892,-285.2189468570282,-522.7447877424149
design_000190,support_random,200.0,404.49955461107385,139.83295151366215,64.39071952934931,-190.14425966704732,-419.49146707248565,590.2669905302453,123.2637166072128,214.20108762308294,-408.3232171925322
design_000191,support_random,200.0,316.3253854745284,-200.68425060066542,-188.14332961363854,1405.0558501310638,20.871068000107186,1265.1575278272649,410.87012611771434,66.73233395646575,-19.175522622461443
design_000192,support_random,200.0,376.8121070798108,641.2179588404421,141.0264204615432,-345.08453387650457,-268.0953235655889,16.26785093774626,-374.9214347509183,174.07206558205596,84.68499759525552
design_000193,support_random,200.0,333.97653750045504,1250.1368287167886,36.985389723567536,484.37031341792175,378.7258957544207,782.9244851659654,36.700155384406386,595.9700176411934,-240.0458557400935
design_000194,support_random,200.0,260.21910280339847,151.32631054711527,-546.554891507986,-200.4479015210262,163.33408888701535,-103.61357989601395,-598.7049991267716,132.43511981912042,171.26997802622256
design_000195,support_random,200.0,388.2517313245632,969.3001718479645,32.04989401694726,987.6703183314006,419.8667897225082,1301.9116635196751,654.3020017009212,76.15733082303102,8.896836130187285
design_000196,support_random,200.0,419.9252057072302,1533.5263751856262,-216.6676773831087,-90.23317202818993,163.84209494090354,831.7128467475833,186.9293903446848,432.99570190956194,318.6936373940111
design_000197,support_random,200.0,704.0842742634202,466.62566072198956,213.6451881974331,2006.4405234338672,239.93356383845708,1309.150213414733,41.740414069791534,1498.520192503389,727.5313516641613
design_000198,support_random,200.0,275.3490950893381,173.14970526816617,-25.194861235828995,1532.9646372108832,525.623610017199,1474.9559627248932,209.69174235777737,1251.323224788619,370.33271686192757
design_000199,support_random,200.0,299.73204838420503,75.66198617805875,159.58248397821586,1769.269798648057,130.73424919255797,-135.00196827381376,-208.6544794946912,-257.9739657919986,64.6899710708525
design_000200,support_random,200.0,323.43606690577684,702.737517478364,218.66967116518967,355.77175676865664,464.15301115350655,1765.706468935616,208.72278909973414,1022.0186916288917,166.9935528073005
design_000201,support_random,200.0,449.0431322387621,238.31091929380418,3.680088031495373,-341.9529775888115,140.49597435640058,697.0895955814466,-220.44080173843994,47.331171946794726,-402.7266918259165
design_000202,support_random,200.0,377.26879699192614,1247.7277553792178,367.4996353370821,1113.5954446087608,-62.25839160818901,740.7128798364506,-4.896923072602348,-35.600961015422556,-258.40766338606807
design_000203,support_random,200.0,301.1698901128158,508.71789437199516,204.00138760694603,-89.55534142285273,-35.55301358946217,208.36913043523597,181.77701557472784,869.0340711711406,289.03465075657493
design_000204,support_random,200.0,438.4460464053548,925.0268981252244,54.06360626766437,-267.0729173975523,-237.26739957627552,940.2259916261837,492.24612892829686,-154.42406616005815,286.51601574192955
design_000205,support_random,200.0,417.27687279361163,1297.963156542859,262.13397847378343,798.02972259143,49.53805907021436,641.1548135214219,-337.1274959934513,135.7734909125428,-167.4696576930724
design_000206,support_random,200.0,373.1577725255302,623.8152817989654,-22.33079700813829,-111.0058878600808,-350.3009870021269,246.008386029711,-241.7305884804301,1092.8833809593812,-29.03747976629593
design_000207,support_random,200.0,262.71306233978004,116.82942623940622,-218.99304639101683,1690.1157913013096,240.07909469530466,1526.8795042878126,586.8802138281565,378.47502013107083,-195.33429914981073
design_000208,support_random,200.0,254.39769916191707,1391.1241800526168,97.77394909078228,-12.601915923645102,212.2070084937808,216.07504340163774,100.73935573020908,-320.04578937299016,170.61094805618313
design_000209,support_random,200.0,379.0766291545213,258.6283609705949,132.52877360853037,330.0243004502664,-239.76373316130721,1921.8888812515625,214.96729331931513,-93.32114027828288,-324.99590169376006
design_000210,support_random,200.0,551.1046320801851,885.3962269475765,-40.007758978273245,1498.7135695508166,558.4086958725247,-222.31699617819189,-229.82583550290244,338.8230185947582,-110.53465747198851
design_000211,support_random,200.0,486.1046871952892,74.14516674148159,-58.23895064751612,1253.4355686778329,364.5918349344756,-93.7697777640851,-514.4213027008616,348.54114394732295,385.76179223845907
design_000212,support_random,200.0,425.8520996036801,481.49116796459634,-18.060866769061853,189.65721626552943,432.04412777767135,-52.3609368411682,-31.05639090961745,-346.73853476185377,-338.77678441532885
design_000213,support_random,200.0,270.4275181619079,172.2535759460133,-105.18511204709733,993.8705260835785,327.56729490406235,363.62381527396224,-296.2570201832035,713.6728147517761,267.24505821957786
design_000214,support_random,200.0,310.4753439790521,-361.23928259209197,-35.08951657063221,821.2991570737393,191.68803320371717,1635.600069259166,-393.3391212511657,-305.7237781857057,270.38219732349455
design_000215,support_random,200.0,456.1043667913741,-491.20336787414516,-614.3814313647158,480.72800755788535,191.16485913891202,-48.00659724587334,164.45068403805573,340.5518472003284,-242.86490651498042
design_000216,support_random,200.0,284.71200959320146,520.0520758159645,179.78145994183757,1276.6655593952084,193.87601217529402,135.26474410132448,91.66361422942292,26.937949164558333,-171.6351398605406
design_000217,support_random,200.0,348.25533984922845,-223.4153258119463,212.66059158151455,-99.39363307120914,-112.76282715663308,238.8558444334447,-11.058633922838464,1523.3875821354359,702.854844230822
design_000218,support_random,200.0,285.6921006320119,517.5133668729543,190.0646657115374,-68.93096273541235,-102.24729048609731,802.1730976831662,165.79917543029092,346.0203456183288,-337.6529796634454
design_000219,support_random,200.0,646.5224827845108,144.59212128094674,199.04191591980157,-147.28159365616432,-405.6254388005881,614.1196446902383,-245.40743497069667,1092.6843139530297,512.4210990284114
design_000220,support_random,200.0,268.0101008182446,178.72034865676255,-8.862193717952577,2097.750903481203,405.86122190197096,83.15653821321995,241.53144093380186,-362.23112735496215,-773.0669858508861
design_000221,longitudinal_stratified,200.0,329.6947373074694,-286.41762424208576,-89.54540908286987,23.791159220818713,-201.21066988812703,478.25707882138755,306.1883396410537,1177.457965744285,196.55080017737006
design_000222,longitudinal_stratified,200.0,455.5916577751432,-150.24352263395076,-535.8809781943629,7.711279408873963,37.69573579783611,461.06456220401276,278.8170451375899,907.1060080742924,186.0227177233907
design_000223,longitudinal_stratified,200.0,575.122363659737,-545.9633210990346,-316.9275643204888,-55.08453803436943,-17.254820283737786,515.7804360224798,195.71429937042984,1218.0893151895941,270.9222839337147
design_000224,longitudinal_stratified,200.0,286.79430023002,-335.24633210828813,212.04638806366634,91.98709985213287,-184.59232488875682,364.84923155971535,-96.29041254015158,907.387441573033,246.06727851970925
design_000225,longitudinal_stratified,200.0,526.8253031808704,-79.0377005787745,-117.48696891999721,305.42210576252387,-484.26870832419235,571.9752750318379,290.9053166950662,1078.927521607233,434.23821509517404
design_000226,longitudinal_stratified,200.0,350.8412213491425,-2.0937003702553127,34.0926407486893,85.94930070108038,-305.5218356213718,268.58498656461626,259.67376726602464,857.1174614157627,267.61638081800714
design_000227,longitudinal_stratified,200.0,438.64079022853133,-228.63769912687246,-324.48035104888436,212.29187739655907,-306.55764781328946,372.3218188733915,281.8330690550018,807.642757357101,227.96820694645425
design_000228,longitudinal_stratified,200.0,363.4189683979337,41.38391034021787,332.75482737133467,188.00165536134534,-42.20042263654889,402.669119342502,251.0421842597157,1684.8868244504235,176.82057019291437
design_000229,longitudinal_stratified,200.0,580.2991718143592,-528.6353837958758,222.38779525266978,82.00739622728744,-467.366752508755,567.070106780199,187.32661035500604,1047.3648297532332,-138.34823959918913
design_000230,longitudinal_stratified,200.0,419.533762894175,-296.1794941963314,-353.59081207138934,77.95869370340702,-543.4043905194179,515.0844560297506,111.64523853016752,1230.5097067585918,193.90262493762367
design_000231,longitudinal_stratified,200.0,254.14890127605116,-52.4083553069881,99.40460090478487,111.23231114677827,-110.0159663515388,763.3154204269686,118.2653924781925,981.8559948232206,248.0023623918614
design_000232,longitudinal_stratified,200.0,505.86739872334584,-417.9817937077812,-431.29783805922466,72.90861715754173,-309.11588517092366,400.98635744753585,215.4874585862411,1839.0962290445711,550.5062306299437
design_000233,longitudinal_stratified,200.0,253.19361365094449,-3.8073364741243694,189.2175898697454,59.824931135356856,-55.84962644549149,466.2504871176711,0.747784023907073,1902.6157154327334,-26.425403922460546
design_000234,longitudinal_stratified,200.0,443.8038213316584,-46.652408544693536,123.82353153080815,106.55905186124713,-292.69547191184563,572.7883388354294,433.445735386363,1029.796176235432,203.87324291937387
design_000235,longitudinal_stratified,200.0,334.3845799297783,-59.80704604716964,-274.7122330221834,265.20704658176015,-12.045450523247567,568.9753780539237,127.73240211955158,1133.7678351962504,92.43659885522315
design_000236,longitudinal_stratified,200.0,263.9980478415421,-65.4592234441387,106.8934112705307,171.19171383133093,-49.270831914945376,387.3996105079552,102.21882013698627,1012.161397725287,34.83464130890772
design_000237,longitudinal_stratified,200.0,349.7554045589782,-396.4385893669429,-278.7570802550287,201.59861797071304,198.59828058286232,541.9019098739459,279.3603542191776,1630.3696678325648,367.8279506448389
design_000238,longitudinal_stratified,200.0,254.48057947996767,-467.4208739781034,45.60175040651903,262.75153299380185,339.2437115735757,431.54999757935906,148.8035800728373,905.5171339384586,212.54513967728852
design_000239,longitudinal_stratified,200.0,332.67377996885926,80.8025920502674,116.71714711289712,404.01372759708477,37.936402401350584,655.2206844355501,332.3411598276366,1414.5976296953536,376.7511037633043
design_000240,longitudinal_stratified,200.0,381.97503696583556,-19.32096848585911,-325.17864662931544,180.74865552459462,3.163708789660994,550.2046604349783,100.1543748390802,1176.6283291398372,164.720998575862
design_000241,longitudinal_stratified,200.0,532.3772150228384,-135.47353120696079,-583.5819018868308,114.50726643447253,-22.465061161415207,550.7435029118179,282.6962815075983,1146.5461928244474,27.03838938612812
design_000242,longitudinal_stratified,200.0,330.5023515341065,-237.92045811674996,318.3928548608253,249.96487178924625,-43.63602082578667,538.7125052339509,117.16388138082708,1048.4917128420789,10.08694900437498
design_000243,longitudinal_stratified,200.0,423.04933660135686,-249.89648902158405,47.48489729250965,169.822368680829,-5.4945486071001906,589.6361753235825,-154.60085071290524,1517.9739283257206,299.0500471948702
design_000244,longitudinal_stratified,200.0,257.67626338433166,106.51940437914844,169.46217514851395,53.59359969813504,-424.5305825442281,340.2658716758234,277.9040754363451,874.2681103360459,273.72749054679673
design_000245,longitudinal_stratified,200.0,329.02071994944913,-129.62839698127434,-180.73211045656342,169.82666246184382,-332.3880223294057,418.0014908344374,25.074689057087646,704.9489925867658,186.0584316963719
design_000246,longitudinal_stratified,200.0,251.46732017335106,-190.6073786621812,-185.98120179630732,150.14677701883238,-171.89753632323036,574.1702575817952,322.1117635536685,583.6670197976434,70.82383184467797
design_000247,longitudinal_stratified,200.0,402.12823541538074,12.722852919580042,258.3358203041598,133.88579091609415,-176.449934760344,499.9952821623815,-10.104035689544688,1482.2670263286589,360.64671198828046
design_000248,longitudinal_stratified,200.0,323.8457485466941,-24.403384033114015,218.24461654222335,321.6254516756304,211.47965087608463,608.7667501617294,61.72670915043562,869.2735549612502,366.7207412954454
design_000249,longitudinal_stratified,200.0,474.21442599187765,25.29454490278691,-89.03389188099386,150.91068609071033,368.24054091824075,480.10431087062307,-325.45564124885016,942.1960185034666,234.30096326414218
design_000250,longitudinal_stratified,200.0,333.6752648464111,-229.56294212106204,-404.0096108236571,4.588607381277953,220.12908001810916,326.6874820271262,307.2582790400257,1520.229824279182,42.70066766281728
design_000251,longitudinal_stratified,200.0,403.9701736210982,-49.88499779949579,-30.641900873624515,182.66391002069798,-367.3281151496363,579.0660904073804,-289.5000189366087,1301.3561839106458,318.11026425667654
design_000252,longitudinal_stratified,200.0,348.0719646947903,-131.15954531877838,56.002702937070744,144.7991075239547,-156.13148697043877,357.004114128309,163.90771123128326,933.0208251844628,120.86421945895759
design_000253,longitudinal_stratified,200.0,329.1719409081203,-90.44748213528281,-592.6090057087767,212.97128155283485,-286.9914272732273,272.22066353940255,36.80430681761709,908.5025584171599,97.68413362646162
design_000254,longitudinal_stratified,200.0,375.76804479514885,-3.012392845097068,29.004917049388617,182.33115139395082,-391.4646717456191,366.99929893145486,-36.51585399173192,1903.7910091968372,222.00209324937998
design_000255,longitudinal_stratified,200.0,376.60648643466357,92.60370683064603,-210.43865556544606,61.34670846992092,281.2791822552505,551.3516736044734,220.55541720361427,871.6567314549786,22.47180975451984
design_000256,longitudinal_stratified,200.0,298.9684391422051,-99.57995182875263,295.4412065615975,81.09169413841057,57.239854872228506,375.4080598027002,-36.878128120411816,1590.3537729344548,266.5802342789192
design_000257,longitudinal_stratified,200.0,323.24152593878136,-173.75207892293636,-410.40816992279224,183.86074449559618,-5.532567268507554,452.4630514468944,-185.35994224704757,1617.239864169715,-82.02448253316561
design_000258,longitudinal_stratified,200.0,550.9204010097292,-458.8895847342839,-69.8328536459108,106.71630883991588,-7.695728654610335,256.3448236570537,-537.9075691507825,671.9477979211302,260.58849218819813
design_000259,longitudinal_stratified,200.0,448.31943730314987,-309.7551105278745,-39.31135579155049,222.44852443695424,184.26969676554918,304.28857363279405,-256.5165600658491,1574.809038692853,118.58204130774773
design_000260,longitudinal_stratified,200.0,260.573350950022,-215.85213664073984,-43.50004279304138,143.10369620262364,98.14823362770184,403.001668166765,116.89697743228135,1978.0367417861787,-83.61091422596152
design_000261,longitudinal_stratified,200.0,297.0996160806738,-496.73205647998844,-594.3806860836122,184.41139653293348,127.81722577673975,453.6352872597251,2.17217598482668,673.4867738879816,271.7255533591571
design_000262,longitudinal_stratified,200.0,282.8652123386992,-465.13614395627707,-611.764633150702,102.81438697182706,232.91476658067035,475.7951340575631,236.04606789187133,744.9744248235678,322.9669386544684
design_000263,longitudinal_stratified,200.0,360.37272673075324,-142.29714567040944,-667.1929731199842,79.16223740859661,-162.59597080519177,500.9501908455619,410.56575216537516,815.294772580286,234.33866541257345
design_000264,longitudinal_stratified,200.0,461.8043143377034,-246.24565020248144,-53.74369385142641,157.75101603164183,-277.4620847195684,341.5884265522477,294.26933065557034,1122.5656362001275,394.64744490468223
design_000265,longitudinal_stratified,200.0,358.09341769316467,-103.45432823289127,-411.98538281803025,113.9622052933933,41.43736622035419,431.494311236586,206.97967951351905,1672.6652078101195,765.5558361593171
design_000266,longitudinal_stratified,200.0,255.4018557359758,-25.469140101883564,-371.35338958910285,2.4431079128747086,-117.48134637807337,440.8869367422368,230.69349759015176,908.6323145675535,280.590038802191
design_000267,longitudinal_stratified,200.0,338.1595667741702,-65.55057455073262,-86.0554298848673,257.61624747507136,13.519153933679522,568.4909092234986,156.65462620399643,1151.7415566508546,327.6571520111981
design_000268,longitudinal_stratified,200.0,334.62022119484357,-172.37696002556237,-535.9483521182898,106.16706349475662,23.891536912443556,431.3481113296617,-55.026005886855536,1234.8080242768117,465.0499194620871
design_000269,longitudinal_stratified,200.0,329.3124007074937,-184.58458774451475,-19.90841455690493,135.77347730454287,-96.18008306990318,441.8176878769702,-250.25763803250223,1184.9994093309858,121.49558758348707
design_000270,longitudinal_stratified,200.0,398.4899870126691,-111.73995685969773,-81.21814017480146,231.30068792090475,240.18507724823678,397.15539725701734,-122.14969218521244,1446.9208275722465,183.32294728345414
design_000271,longitudinal_stratified,200.0,275.314381230495,-216.1546742335741,236.89285105130583,39.73516120496947,135.31332244654507,398.6026898213642,228.53151881629503,1170.7237568830672,224.1365065896242
design_000272,longitudinal_stratified,200.0,513.5830191787317,-137.94608508239938,-250.08796059769475,236.8588559610447,204.44243280402964,469.0043096011982,-253.67982810778068,1003.9316607089878,297.0587834574065
design_000273,longitudinal_stratified,200.0,400.72977198154166,-253.1773377091538,114.07958108243723,112.15350800914965,-50.59501719892365,535.8060959467693,161.3452425433714,1654.3745466537418,732.9759496467651
design_000274,longitudinal_stratified,200.0,331.7916363655532,-407.1082122371125,-46.84260533630014,87.64729437929695,194.4212177554416,417.63535578826895,159.8731455996754,1184.4254297500697,-5.690253257117371
design_000275,longitudinal_stratified,200.0,550.6104018094223,-281.77470107198343,-170.23886343265542,175.46514374443808,136.52413774738966,604.7183752801704,-355.365263735882,878.5401671551873,156.63825376546194
design_000276,longitudinal_stratified,200.0,517.3773397176279,-54.364036659017124,-368.66483820054975,405.2690040335438,-131.1426717465523,709.2449854028666,338.8586702770793,1451.8663028961032,101.93188788892482
design_000277,longitudinal_stratified,200.0,253.4933297696954,-385.6930328869397,29.636202625799292,102.28838568857213,163.77564616895455,355.375765760952,178.11601875219964,735.3293343786295,362.73289478821437
design_000278,longitudinal_stratified,200.0,393.5349392093084,-32.694172721081515,-87.82704034236579,286.8709490695334,222.46616735122254,484.208976692644,-118.0150380512115,977.4759643363352,304.3049140221627
design_000279,longitudinal_stratified,200.0,436.06028623679913,-39.6469460061338,-154.34556739415672,171.30173265626007,227.2946141951373,636.6806531327045,439.340053802459,1216.1337599685871,438.51686143706513
design_000280,longitudinal_stratified,200.0,296.0019580856756,59.86869895934531,-248.10167535450177,5.3668013594015065,131.57137227180033,327.7382417358147,-374.05034443551773,1022.2061208957466,258.9606413707515
design_000281,longitudinal_stratified,200.0,310.12470532976823,9.23049461034558,-73.3225522013582,2.4972664558728894,297.01182716105143,302.2075555523039,217.31819212280445,985.0899764138734,219.91236659876466
design_000282,longitudinal_stratified,200.0,358.1867391951763,-27.21080821448136,-240.67173221641485,234.54568353142326,-485.1738368375191,347.14647252613327,264.05314337395714,908.2695510870825,213.89044542544528
design_000283,longitudinal_stratified,200.0,398.3720083994089,-295.8395024045571,53.090004315870644,130.5646806262162,-184.00873333090422,233.25730777710265,200.89967318294129,1360.6429787697377,327.25444890471925
design_000284,longitudinal_stratified,200.0,279.8399783357817,-17.333552628001428,-417.79136762497774,276.79154227098115,308.4781657058557,472.32199102870425,108.28261859360292,1062.168652105625,141.93973086219708
design_000285,longitudinal_stratified,200.0,578.5178708427487,-149.96633896840422,-330.64745425224805,174.79330299428068,208.12124795288653,460.28583240815783,-295.04566524122816,1487.9706739088083,181.68673705270265
design_000286,longitudinal_stratified,200.0,304.0157122607337,-180.87146371507103,-362.22899296056255,198.15741117863342,2.062847956940427,525.1173570112666,305.175771833273,768.3136863195425,122.74469248443555
design_000287,longitudinal_stratified,200.0,252.65450146876,-7.029696190424705,61.76334621629568,255.85355708048826,198.91855888995462,494.4480239303699,115.81033125244346,1768.642181316215,297.8341165950834
design_000288,longitudinal_stratified,200.0,344.08811735973956,-153.8973530852388,-289.9233613774911,313.3117672869473,-220.7187102950846,339.55852413612666,122.36690622515069,1727.9250222181104,730.5016858549234
design_000289,longitudinal_stratified,200.0,346.66480720559815,32.68964221787839,107.84483144828296,128.76422422798368,-491.5027887391186,365.56982692036166,204.62949545728355,1498.0015992042297,-16.64798250478058
design_000290,longitudinal_stratified,200.0,481.3217214215017,-67.71430540001347,-767.4141757685383,56.116955749800475,-294.226924290954,372.2637503687222,68.70806129784128,1449.0255361536924,488.70874070263824
design_000291,longitudinal_stratified,200.0,269.4907481686399,23.632192875621868,-447.3020392400804,196.98895828816083,-653.6335570317044,531.9064091317606,-102.56805209360948,773.4332907941789,154.8427422088841
design_000292,longitudinal_stratified,200.0,317.2065375656433,-165.59940750634996,348.4272754076244,191.5593956364716,-78.34501572968534,416.72058690736503,145.08825265229942,1060.7606520332222,46.61969512585547
design_000293,longitudinal_stratified,200.0,459.0021202769739,26.537128712022714,-302.67087618497214,84.09666516978564,363.6562568206599,480.65223439247063,-369.4722026058842,1150.3795694663936,-163.2322958393982
design_000294,longitudinal_stratified,200.0,373.1121891369057,-140.89677158545413,442.1648984774749,253.80848474451682,-60.717038890285934,559.5975849573067,153.07195024055414,1198.4624412341625,-91.80463985311405
design_000295,longitudinal_stratified,200.0,324.5775661426892,-215.2335759511091,-216.67146696883515,-77.97531795403009,77.45566040080935,314.4068232663884,-482.5203694389417,815.3736768497349,83.38844211695535
design_000296,longitudinal_stratified,200.0,424.321138718634,-291.99116307190326,96.28025140279979,233.551324665739,-222.0857547209319,343.8886459304683,187.6386701058072,1363.7762234299678,471.6812426000917
design_000297,longitudinal_stratified,200.0,300.66135994538416,-192.50756522027083,-145.0420099255737,193.63913261184567,-239.31124250378085,447.36625775596104,-400.6177809029117,1341.9203010115014,217.6743699153934
design_000298,longitudinal_stratified,200.0,257.7075968383308,-15.622356535780858,-35.02364722486555,386.66046474638506,-384.80320080314675,451.2779159403517,-135.32817105190495,1527.2475343065794,464.94323752119783
design_000299,longitudinal_stratified,200.0,415.3826740665119,-142.41613763486316,260.320660039632,265.26778924460973,180.71801134765266,496.67946459984773,-510.75456804945975,1062.3045974286838,-165.8029313672045
design_000300,longitudinal_stratified,200.0,505.42573073473187,-254.85925310326786,-435.0531248357861,207.7703799181399,-13.616095661044135,289.369606448411,485.1791885171437,1434.0553932157645,518.044902764048
design_000301,longitudinal_stratified,200.0,520.6381496299908,-20.81689813718822,215.58925515829645,220.4985525591207,-501.69185469499433,499.10734881182395,188.33379176756898,1720.491289380367,-379.3379860298755
design_000302,longitudinal_stratified,200.0,301.25833933494613,39.87395153415849,-481.9770879884953,98.05933297916746,127.3545431668158,464.4616090641654,277.7965941869102,758.4129901359307,211.84833731190753
design_000303,longitudinal_stratified,200.0,490.74917037457163,-139.90478985532738,-455.50353846973337,177.1655793835906,-80.93561515805078,562.0865619081056,393.2313426144277,1457.054516690364,2.463844377257743
design_000304,longitudinal_stratified,200.0,453.2723585236773,-151.91908782700972,10.666758372471921,229.807978024028,-332.2410650138755,272.8778552913492,168.79135519066102,1607.92295029851,-71.67039639363625
design_000305,longitudinal_stratified,200.0,304.0479926089363,-378.5406449883804,64.71632984476955,121.45655329277403,-18.15657197220108,376.1081636659031,-184.2822447139415,1680.3065982862672,612.6760919368483
design_000306,longitudinal_stratified,200.0,428.5636156971054,-546.3954438481619,-326.66445492886,176.96294422659582,-253.52391062839774,487.7377881911394,485.95194351383844,882.2992055384789,318.655617671832
design_000307,longitudinal_stratified,200.0,382.5745045748226,-46.24243368926736,-130.8326774811826,283.2981775528517,63.50269524555869,594.0034486609981,-393.0104768947821,912.056511337735,-9.012582934143538
design_000308,longitudinal_stratified,200.0,484.8296846558931,14.16252412263367,-175.0216476666203,238.96106462258763,254.54259585537415,737.8218882143095,-261.35170995873716,1583.0937548597735,780.1867042935468
design_000309,longitudinal_stratified,200.0,498.7369765015258,16.47761945101037,-1.0357730708534056,298.5408255359648,-460.123776553693,513.1154810278331,44.67424966250543,1462.3609285449222,559.7199085479718
design_000310,longitudinal_stratified,200.0,588.6844039327766,-187.9058918866091,-470.12833191944895,125.98932339701521,107.27407110663478,671.3841595507766,328.8452789169013,1341.153804137063,-108.019071155484
design_000311,longitudinal_stratified,200.0,312.635653706248,-81.31637877463099,188.6153483260639,175.11633083338612,-442.4967781483913,669.0502725476448,168.99981998917502,978.5710419301903,213.0219199978079
design_000312,longitudinal_stratified,200.0,499.72076986282644,-23.00300848279163,-317.520858325033,37.429636975991826,180.78666021490736,519.5175141034599,49.211105650136,831.6038074184944,550.0440691636926
design_000313,longitudinal_stratified,200.0,294.81864940550724,-213.80053608519808,-174.30241225065788,69.79274164001518,-254.88087628638806,393.91872054915467,67.5984209130234,2012.5412548299944,398.8904548603801
design_000314,longitudinal_stratified,200.0,497.7891356551651,-176.34761696119264,180.43180626703668,253.601995365119,-70.44137770600321,669.3282614056408,295.82252147664894,1804.273453962669,569.2553843907691
design_000315,longitudinal_stratified,200.0,285.50598405966656,-36.796811035914025,-426.12066689629114,-49.03621494508377,-140.8771500097074,322.9170053872839,-520.3689137516246,921.3007830790433,531.3546028696123
design_000316,longitudinal_stratified,200.0,297.5045941100533,10.911475705516807,-4.196401996529737,234.8028067593773,191.7159646256879,410.5946318536288,-54.568706742424695,1816.5890929902416,-125.87276045245228
design_000317,longitudinal_stratified,200.0,293.12228599088456,-108.25494428156233,214.12824843009847,113.4737135744057,-13.605254793459387,365.3381148207813,-163.55523955280054,1449.5434603703723,52.03152268203192
design_000318,longitudinal_stratified,200.0,383.5477717824156,-129.32217049007556,-304.9170157371253,76.84968685157446,18.50539919348876,516.1516111832213,-124.91843485656443,1293.8014988585624,23.7947183455337
design_000319,longitudinal_stratified,200.0,291.0734272128174,-117.07547719450827,238.47368006717193,161.47393748128718,-279.6339136847188,391.8034389798827,-101.66745401092572,656.9200879582099,171.24421327798865
design_000320,longitudinal_stratified,200.0,334.0324394880872,-132.51292660958916,284.925160218203,117.82354662852838,63.7706422967644,414.98663151625476,240.57830969854214,835.5577162736287,124.53692902810658
design_000321,longitudinal_stratified,200.0,563.1191076579429,-178.2514267680637,-619.2486172322879,-63.692705271966624,81.17748845773714,426.6149998793222,358.1278155540498,1597.046874687863,21.803878916522123
design_000322,longitudinal_stratified,200.0,318.46715042645377,-30.562023743102166,-7.151726769641456,260.6314458110276,-136.10012416089887,417.28561867805035,318.56616422519767,1097.111145879114,287.27094531927
design_000323,longitudinal_stratified,200.0,474.9770834674579,-43.116372470867894,-478.6549407144577,146.73226631069082,-43.26922187191038,505.2362591771884,-411.8064413762167,1641.003650542283,334.3377992102961
design_000324,longitudinal_stratified,200.0,370.8201929719105,6.00780462801869,-402.25827996153345,133.86153752795258,-43.631501536521135,465.40733218181316,122.45582959702753,1126.061433993024,110.3117212963085
design_000325,longitudinal_stratified,200.0,532.700783463973,-162.7857492779902,8.381547174060387,284.10378939805236,499.0160048840279,714.3443889520439,48.37272753877144,1245.0691457864314,94.21329021213951
design_000326,longitudinal_stratified,200.0,271.51850796551946,-77.14640552853008,-21.754980113986846,172.578326866032,-128.33761565226857,463.32576358494606,176.5903323310961,1183.831640520401,232.4779310669274
design_000327,longitudinal_stratified,200.0,322.52750943166535,-107.36954668648943,-248.49130779031387,169.61025954846906,-83.24548703154898,319.5960238434334,-372.7358731268432,1497.4260563365826,404.3222567747274
design_000328,longitudinal_stratified,200.0,442.4279936603472,-469.5080761516906,-552.2576923947602,-26.508630607130897,8.74508492496581,316.2373610952224,288.50876152772025,1354.872882381226,178.01954517829574
design_000329,longitudinal_stratified,200.0,535.6901099791006,-75.68535290002659,-461.70921592383075,72.20194891566564,80.59921246559382,567.6470638379728,284.3098700882197,1255.3286698504442,360.4587625921169
design_000330,longitudinal_stratified,200.0,275.40421177363936,-74.90743334377768,56.242616267009936,7.354530266933011,-206.5889823005324,419.3361240568445,233.70124304030662,1475.441851954985,-212.11821272667467
design_000331,longitudinal_stratified,200.0,287.4793682406384,-5.687532927690556,-173.6292300789002,276.34976195473575,194.60320276355068,281.19960812994043,-192.07253400784776,943.0581487664679,133.65607102418807
design_000332,longitudinal_stratified,200.0,469.2703741873912,-188.0334950211684,-73.67484761977806,277.8686194611074,-129.79885149439966,582.2221883045103,349.5000319510057,1388.9801921976775,119.17065749723946
design_000333,longitudinal_stratified,200.0,390.76410208022065,-67.81594955810579,-0.9804120069072155,234.75069976794367,246.3048608869077,319.41642777320266,-310.1671119528211,747.0546447169774,23.032012357000895
design_000334,longitudinal_stratified,200.0,338.25816938989834,15.529189699217511,76.67411504461947,273.3846014538045,-414.4835770976506,589.1328004700922,446.2677176275811,860.4015198952414,244.1987417296348
design_000335,longitudinal_stratified,200.0,314.06064643515685,-46.07668988856331,43.42574249345558,248.73707654013023,259.12981896810254,368.8571110499987,-31.051619012717634,1394.0568105247514,247.96165204779535
design_000336,longitudinal_stratified,200.0,368.49422351597286,-323.0320963371106,-475.08372528987405,241.39791569914922,54.58497610299871,607.7720334031743,94.05646760302878,1428.3531435505438,256.9539919301635
design_000337,longitudinal_stratified,200.0,288.1926417650063,-224.40570298812844,-340.52405977387855,238.30924575698737,-43.351295347781665,512.466978253524,-132.19124401869618,760.8998939064733,188.6253274205436
design_000338,longitudinal_stratified,200.0,513.892883651483,-306.2093036552819,52.529186036288536,259.37260551451567,-163.16511000919544,633.1650994223601,189.48920708587536,1799.042125578976,-407.0270487995978
design_000339,longitudinal_stratified,200.0,317.09284000493636,-86.86976304390465,146.10536348021995,222.44976975069585,76.32502374096217,490.7552453355247,-202.3953207159414,862.7835025397268,49.64912107495912
design_000340,longitudinal_stratified,200.0,301.7594825146706,-96.61883681939986,-156.32881124399924,198.61521761865035,-93.91376187614073,643.6560948881964,-102.73443555313474,1092.8308601936883,94.80052081310293
design_000341,longitudinal_stratified,200.0,441.9624045841797,-84.74183745915272,0.7446891200370231,204.6156644152339,-400.6252593926908,200.65991645921713,338.2007691158616,1509.2571169483322,447.3833956944804
design_000342,longitudinal_stratified,200.0,272.936289843295,-106.25805873269756,-82.46979476964688,-6.115239524970576,-336.3706298894859,361.0200171384199,94.18663364266217,1217.1694023198556,357.34595605836427
design_000343,longitudinal_stratified,200.0,369.83680076887333,-35.04762777520074,-647.8830121496143,1.6028247009756171,-60.91650164678198,364.2134650079346,-133.66801530204907,1354.8653605344198,89.49165392182081
design_000344,longitudinal_stratified,200.0,303.767204254923,-422.88845763800487,-594.2671557424115,313.71307191641824,-529.0524759831086,267.58380299023503,-228.8082338581546,991.1889575200834,111.60624215962784
design_000345,longitudinal_stratified,200.0,356.0611177985696,-109.0622845544108,-443.7652772248051,239.7102547698714,249.77979778065077,584.8931265558684,-39.39772656289353,802.1597616226081,242.69220394640882
design_000346,longitudinal_stratified,200.0,568.5068829909952,20.60999343755219,-476.5807979385107,92.16092981599101,87.40549578812391,722.036720854012,136.17762684238113,1556.1056399308243,415.96331775778634
design_000347,longitudinal_stratified,200.0,310.80582592069266,-253.68689882435967,44.69806312137647,13.525896404408101,-114.03940407610824,451.3293733260867,-76.00742358389351,867.0774886716968,284.24790868508893
design_000348,longitudinal_stratified,200.0,266.4386527587087,-198.75632820169406,-334.792637154765,23.94762238052961,-481.05440960042563,293.970460464168,476.28941779617026,989.8618970418142,288.9781157272228
design_000349,lateral_discriminating,200.0,414.92024194275336,794.2781229212753,-580.3814397278807,918.7956195009723,-184.58578510373232,829.0415454496826,240.876148543142,529.5225025266475,585.5344694687924
design_000350,lateral_discriminating,200.0,365.5740501871304,1302.8352320830559,-559.4862314113553,1187.8886895427213,-212.45355495531095,1409.9408763486476,112.45792339982903,1254.4534150816683,506.3229298057996
design_000351,lateral_discriminating,200.0,395.94743673654443,1601.7268110658026,-577.6805803589752,1283.8613002194575,-179.01571893452888,1492.8891539013161,224.87944198917802,1390.6231399977144,607.3922327014733
design_000352,lateral_discriminating,200.0,354.0707407171703,470.83373112936795,-588.680948154892,469.5056274872936,-221.68392615665778,546.1137347920851,221.13599656517,621.6178606232788,567.0626020965643
design_000353,lateral_discriminating,200.0,378.8494053562404,210.26526031061354,-590.5923651894765,86.71702589390969,-138.90471322705991,74.71379181015936,239.7544928016694,447.47071163359686,548.2672667032654
design_000354,lateral_discriminating,200.0,334.93981727934437,458.43184283802293,-558.9627022848354,503.0040147217681,-227.00185716498322,498.61338611042794,225.11496544105233,619.7964761260183,666.2677547077842
design_000355,lateral_discriminating,200.0,321.6409690209163,772.2329737027885,-424.9750568751331,1065.818039415442,-202.44350805790322,931.2497636032829,213.12840100641188,852.6586987642526,525.0199806942601
design_000356,lateral_discriminating,200.0,288.71381900643297,981.721444541733,-523.9764466378293,983.1738382780522,-235.26628083531722,906.2557362947405,131.53331295859283,1097.2864654051436,554.0150747969412
design_000357,lateral_discriminating,200.0,320.00629502143335,1417.116422945496,-652.8504414977017,1374.1431062749393,-133.94800706493558,1198.1786661498693,133.33563378278876,1506.207741636799,508.7404519916305
design_000358,lateral_discriminating,200.0,272.28352569132846,884.5635096663109,-580.0268201182693,1371.9705221362317,-210.2712978726077,1207.151323766822,326.7062586871318,1297.904245176957,583.4205465996401
design_000359,lateral_discriminating,200.0,276.84281311359473,421.45244548066205,-536.7571297353046,600.2646094193276,-97.52192946330743,416.63867136505206,109.65784282717482,505.44449392407375,562.1542439183839
design_000360,lateral_discriminating,200.0,367.1405473148187,1158.6956387413154,-512.7779515732608,1610.6731855731916,-150.10530643498032,1228.154075377778,242.47153567949437,1174.734558055697,605.7049821732066
design_000361,lateral_discriminating,200.0,386.30277853011665,280.1496170073577,-591.5898910628932,162.27497746985125,-140.45088904867475,338.6293257772629,203.2480788478793,-42.77358156397321,592.3323788822993
design_000362,lateral_discriminating,200.0,407.92284289218503,388.5051507031561,-584.3823426857551,311.75232597975565,-153.0319751337844,502.89813544794936,207.3349563069226,116.92673941625173,508.97049478618936
design_000363,lateral_discriminating,200.0,369.64481751845625,100.65062229039002,-598.1041451590611,397.03680192935053,-155.96967822648713,339.84822554168136,209.22445897865,239.91974925205727,601.1318755281658
design_000364,lateral_discriminating,200.0,366.75059621578015,1059.9807932762362,-588.7547370049332,845.8304686181303,-213.08540712902894,609.2306415540913,67.14043332451855,742.4949449526979,569.8303659493415
design_000365,lateral_discriminating,200.0,428.7537668365865,866.6499830546395,-582.4190039629793,274.61139027950514,-127.1817358299884,747.7219431413058,202.54055613648046,876.37555262545,611.5369391807114
design_000366,lateral_discriminating,200.0,302.0730633209216,1289.276274215576,-525.1749254912493,1352.4119995593317,-193.3616293538702,1253.4278506702449,92.03331428176713,1326.1707131660107,491.2594373552091
design_000367,lateral_discriminating,200.0,383.2253588151968,973.5522040379993,-599.869864962772,1156.6533006019695,-229.7881853869649,1307.133850423747,311.5157077126611,1135.7605228466123,654.2880202383031
design_000368,lateral_discriminating,200.0,402.39080264401036,1250.3830491412998,-479.46755858573607,1491.0296027006166,-156.96547438702305,1161.991432454509,105.07689891107242,1263.2030387238535,532.0251978308855
design_000369,lateral_discriminating,200.0,462.49423142684805,1240.059388980626,-609.2603220242974,1417.6808156370853,-142.73720838306775,1044.8878530269578,165.13799390551802,1275.728824578544,565.9039604698343
design_000370,lateral_discriminating,200.0,364.85916363557055,521.9550528596473,-589.3341129179129,776.4720485184884,-120.10287198479702,605.2591925778102,202.09018698681498,775.7188573215608,580.4722887519662
design_000371,lateral_discriminating,200.0,331.175796939215,927.9751718615479,-531.7000910218029,904.8299384977538,-119.93879635275076,1067.5900790342998,168.48198155835595,948.3873651584631,501.2779557645235
design_000372,lateral_discriminating,200.0,329.33670875887753,644.348736601361,-517.249026965979,285.2305972109418,-185.92590953364376,268.55912910075153,142.98856246049124,540.27530686334,551.6701693346582
design_000373,lateral_discriminating,200.0,348.1118844157855,1391.2586445200923,-481.2959542941069,1112.3648840254564,-187.76895949913134,1043.055954229615,153.37346870654395,862.8755425522584,638.7726013060818
design_000374,lateral_discriminating,200.0,373.74148740245977,494.49292707109424,-555.6808064222007,340.429423759868,-149.33889534398736,235.98036837553445,209.51078660532605,546.35944097457,545.0390758933131
design_000375,lateral_discriminating,200.0,370.32119765692295,963.0009540675135,-605.3275701585965,1036.0431385197624,-242.28125255641856,1006.5399758121742,166.5461434110419,934.6278809322845,574.1053302262517
design_000376,lateral_discriminating,200.0,354.05377715939517,466.5135231001179,-550.5221999222357,581.2575191323743,-215.5775888364859,354.1437490502507,215.4396251285793,660.6237826225902,538.7096626591382
design_000377,lateral_discriminating,200.0,412.3145415913168,1038.2264729479525,-506.96696403131403,1408.1673450849448,-324.90369939459714,1366.2188110601976,201.1426731152728,950.0349555538003,610.4887079057673
design_000378,lateral_discriminating,200.0,322.81559418104086,424.76247232945485,-461.7542678399592,105.87689278150225,-136.01283992314484,221.81926152987862,165.2632377456173,806.8548124040249,521.4777226475736
design_000379,lateral_discriminating,200.0,308.82997942519404,800.7162810101772,-550.4449911097153,847.9066336211079,-164.7782866973834,780.3385600368172,136.5695382887506,823.7009044286261,519.0442467433195
design_000380,lateral_discriminating,200.0,382.3182822892035,1645.8844847907276,-480.35493645270856,1290.9796122528844,-246.3151671638785,1291.238317835735,203.2932822914862,1294.665182230304,585.5962061267459
design_000381,lateral_discriminating,200.0,280.0046685782317,1529.4454967114139,-533.2457615992681,1271.1521511149529,-128.2810769011012,1365.2899422766689,135.4246126484391,1473.5462394686297,553.3887464200003
design_000382,lateral_discriminating,200.0,329.4439773199615,1570.218602624019,-587.5950861529217,1534.6680850815706,-185.65360515315703,1664.9534711110275,195.5905261507315,1506.215846171339,484.26976097877053
design_000383,lateral_discriminating,200.0,429.17353189186855,985.7280757596725,-573.6961364533242,1259.8023625297733,-177.22415012644927,1133.8034039327515,313.2190223275686,735.9818176926641,474.2404680978802
design_000384,lateral_discriminating,200.0,401.77405177816587,1336.716658299864,-570.3089572766986,1197.4710035551436,-174.6168515114923,1179.3461511802775,226.74816740350187,966.3535138438756,582.6056039083345
design_000385,lateral_discriminating,200.0,373.45390965204336,704.4508191005116,-541.7737963734868,618.1890889149986,-118.50495934490655,686.4019050476386,248.66643707596282,956.4410963533455,554.1614173720379
design_000386,lateral_discriminating,200.0,379.7070087405774,150.63062083818963,-528.1282927791462,391.7361246988646,-178.32412840804147,19.526491457792076,225.07445735375498,257.834448914326,520.6869230916053
design_000387,lateral_discriminating,200.0,406.49078489369913,674.0339821737629,-632.7855762623428,842.5111499408767,-140.419777674001,663.6664347422727,243.5026433082589,592.6775962050305,643.746747582924
design_000388,lateral_discriminating,200.0,292.7181059829493,600.6996664665662,-537.7569659504006,655.1091315369363,-151.009914078088,567.6584457865717,128.33980783341866,243.05084584784916,555.1174954105763
design_000389,lateral_discriminating,200.0,342.9310715127421,1755.1088527526213,-544.857456121364,1451.5621121961747,-204.116802704098,1489.625841938069,224.17934922706272,1607.2346224034095,546.3126982711082
design_000390,lateral_discriminating,200.0,349.36349172197293,880.4998756038979,-523.1130831348212,997.1521394161582,-193.80001218918764,1234.4423041164146,155.37159208070955,1257.8552044090738,614.2324312607742
design_000391,lateral_discriminating,200.0,305.1193103612366,751.179399783734,-533.3072019595928,954.5191612514658,-142.33942659891437,807.390327239327,124.9635845280558,1308.3827589546822,504.45271080252775
design_000392,lateral_discriminating,200.0,354.1590031142581,1226.0491055934033,-551.4217621209367,992.8880543337713,-174.11004398882486,1029.251316825575,224.89754036649862,971.9917150599722,574.3970932882866
design_000393,lateral_discriminating,200.0,285.1031030806027,780.6614996033185,-514.2218794574163,804.7371211056478,-139.07398311020378,934.5482893074493,114.76226330916079,834.2361603034162,517.4137186873651
design_000394,lateral_discriminating,200.0,291.1193283044664,1024.673663437361,-688.1938608478689,876.2643306910701,-52.68912896474947,759.0312587396471,213.78201422579605,913.2541428016757,547.2076649208476
design_000395,lateral_discriminating,200.0,336.6871921838311,1135.2648037423783,-608.9722900033107,981.4462485532748,-309.4758501911341,935.26124717843,145.1042476896079,953.7512526302678,585.0539159582654
design_000396,lateral_discriminating,200.0,368.47100236167813,674.717511733254,-565.9736944063287,522.3549647233046,-230.47923267847727,367.77116491082114,122.23968043675711,516.491456575922,543.9401617798295
design_000397,lateral_discriminating,200.0,364.35306221831905,439.01630836799893,-537.7276096737954,537.6338105163811,-182.53897021816513,554.3973460919858,181.4282505900715,902.3481126488516,541.9755936448172
design_000398,lateral_discriminating,200.0,364.49559486951114,479.1795657250576,-551.5797868028845,422.80095811872076,-191.47078763228689,510.95286410634867,222.37940431478285,737.4632447131866,557.5184080055317
design_000399,lateral_discriminating,200.0,299.105230321285,476.8354721383042,-611.9573036835864,889.3029441251143,-180.00284996685252,801.2123591867131,105.8362440191858,637.1970026341546,552.8028101994444
design_000400,lateral_discriminating,200.0,365.0799427178048,81.22517880741071,-542.5995365687239,415.7676103314089,-172.52683102267585,311.212775503996,273.9950935180376,119.79676097297585,584.8701069171461
design_000401,lateral_discriminating,200.0,254.2233155188546,1556.8643538300496,-450.4315460187795,1520.282452257716,-198.85400602215898,1620.9762394440568,268.2164296954399,1526.756003348777,625.755295206312
design_000402,lateral_discriminating,200.0,310.42837057166685,1243.8235085528386,-513.0334018236459,1206.4170611349336,-204.86700043090548,1579.4660515236794,87.4793401265703,1185.9975894686472,584.5326961157917
design_000403,lateral_discriminating,200.0,370.7997253533354,321.88748538015307,-525.1255050361133,472.946487258043,-186.4905773134039,101.45453556399207,61.70012830518044,207.77248658515296,574.4054965299953
design_000404,lateral_discriminating,200.0,354.3672339236683,1305.211409465008,-551.0045812049863,1354.5976499344918,-200.095567739954,1152.782193170601,116.59670306285356,1045.7027043496803,517.2497636963443
design_000405,lateral_discriminating,200.0,375.3560916916888,1198.0445781496833,-517.3383218489806,768.3278716111563,-196.67560511187236,809.5724511907786,176.40760306742877,928.8895822538371,560.0558128891996
design_000406,lateral_discriminating,200.0,294.4689375407577,401.3710923525562,-504.9307923544993,526.3927446775868,-238.31957423661555,242.0587686834386,179.5075063238905,408.7059928442781,508.8756135163704
design_000407,lateral_discriminating,200.0,321.1224956689587,1249.2117388027668,-548.8342790394704,1339.5847892582851,-240.6908563025495,1283.3094850088983,100.58191947187728,1234.856144242811,507.7927717270912
design_000408,lateral_discriminating,200.0,420.539759700842,512.4418458705987,-525.337506226456,861.6108259840539,-144.03618613013492,465.3029015628187,187.94468940334505,534.6755101001752,602.7231009364968
design_000409,lateral_discriminating,200.0,251.9587498999922,851.100921365331,-512.6292820158508,561.1275011248604,-187.30156335498472,649.2017260875112,242.7011657463198,665.2026260853477,494.151325520431
design_000410,lateral_discriminating,200.0,318.9501961878724,1293.6075194071163,-498.17949223058656,1394.1085858567706,-133.54877651532522,1393.3966337364195,185.40062507129107,1468.4669525296497,550.5738707382341
design_000411,lateral_discriminating,200.0,360.3670173649116,1208.4171028308122,-514.7794532339489,1304.6550265684104,-167.5005318477543,973.6093553449691,172.96732350417895,1263.026831410744,435.1886007418283
design_000412,lateral_discriminating,200.0,323.11209927677555,531.5453418672323,-566.8978180652118,695.2125992106527,-140.03415291564409,656.2721576558487,270.5526263132742,763.7642973899976,575.2604676866446
design_000413,lateral_discriminating,200.0,308.070624695235,1.8889204277419935,-529.824736017374,162.23028716825914,-266.7693123669666,-87.36406332808912,201.44508435481185,265.67571770762345,529.4637215428804
design_000414,lateral_discriminating,200.0,343.2558511810182,372.09597681766553,-520.1602923671637,468.54038879153364,-190.7319165872074,204.43955738495427,214.77021155414988,304.3481140606741,620.0981600054442
design_000415,lateral_discriminating,200.0,279.71851687865967,776.0326982279171,-568.2080737032185,472.97484826357777,-173.4296512070212,595.1044318541217,207.35311345155677,645.9551952048054,482.4106502533136
design_000416,lateral_discriminating,200.0,368.6627314670696,475.07413370807467,-549.548571447563,622.0935544331263,-211.46943943490686,531.9280041916095,272.6835084393272,815.0733039263037,530.1488716670527
design_000417,lateral_discriminating,200.0,349.05609943272646,1358.755610613949,-553.051069550786,1134.0466156996415,-285.94429660073314,1155.3606396161358,148.89439896597725,1355.5056566011615,483.62310539632324
design_000418,lateral_discriminating,200.0,296.74396503277273,829.8995301337889,-531.7365204614772,791.1776079594329,-138.71794856730403,663.8076038017349,229.49676438102088,689.3344239813529,525.1407432388506
design_000419,lateral_discriminating,200.0,349.2673063773219,1690.8654567440144,-598.9269655007447,1578.7366529415747,-244.09976380998395,1545.0955057436631,177.02770401174035,1594.2726608031833,522.815585124312
design_000420,upstream_focused,200.0,468.8064142766761,-120.40696243353489,493.22244215992305,-75.10944658795313,-249.3609069952148,386.52963769177575,-167.69812518900972,484.80678090149434,409.771939907891
design_000421,upstream_focused,200.0,436.84695495575176,-317.287937984527,42.36926204441227,296.70570038753783,289.2270073619611,403.2869588244607,-258.2831165997514,-275.6424928589323,-392.4880926759646
design_000422,upstream_focused,200.0,254.13352567879002,6.391147169971418,-375.96520834903527,498.3035754719243,579.4605452235678,-207.00391866163304,-164.97696679697304,743.714040416867,513.4487843817351
design_000423,upstream_focused,200.0,378.7828823100389,-273.12286431210674,-124.80258216206653,466.1892367971715,-449.31635082258106,735.0361621699171,-1.021691841998063,-129.54772649103361,225.71510887614716
design_000424,upstream_focused,200.0,300.0727279255488,487.8454702939638,316.17753596101363,387.5812570364127,-485.4587343770498,437.27502920025313,-84.58302697261513,138.04117931728263,-62.1610482709857
design_000425,upstream_focused,200.0,463.78713756678314,381.2438573631847,-483.68672613075876,-318.78416428867945,543.4228365950712,54.32996489838831,131.03451616934308,-82.30714675711647,-468.88890360679375
design_000426,upstream_focused,200.0,263.03397062095127,257.54697709322693,-493.7819396661851,-172.8265990014363,-88.55172565153435,-34.27939088086055,135.0361560026763,-153.18584240711215,551.5460437459371
design_000427,upstream_focused,200.0,360.2164181910366,-52.60110117073384,-306.8684719127375,133.83345258719618,227.8331126305054,435.9254473726246,424.0378389266384,-337.1904759513201,-34.547671795047336
design_000428,upstream_focused,200.0,373.70780433662696,-204.41477529185394,202.3655150952053,469.5906938263947,-574.4898394320942,579.718461536473,536.5001745146913,236.9842828357148,387.5343872599683
design_000429,upstream_focused,200.0,437.15829588590924,-329.5230967409337,-187.02948648548346,237.37046128724796,418.3539188758141,726.7354650537679,-92.42659205658492,289.8113243008711,-78.12026865694929
design_000430,upstream_focused,200.0,299.14974695413895,100.74196386408693,-588.1451509220913,735.2295444528547,373.9829616446892,399.6325746563201,-135.63744321813402,101.16391635837715,-155.8124554003146
design_000431,upstream_focused,200.0,264.20800059092517,-116.46788246967304,21.255637994685117,451.9121945510476,264.91395861067826,-313.90951129967857,474.5793832106033,87.37664853186845,-146.83146667731495
design_000432,upstream_focused,200.0,355.529234165792,-240.16156305093187,-345.01811881965284,713.7145869949088,15.6199880140897,105.81291104334349,193.30203313129743,252.9641734155498,516.9492829709657
design_000433,upstream_focused,200.0,321.01096107082776,-330.61221234070047,452.80384415794106,138.07170531201808,-381.3632608469784,497.02740613062485,339.31280097825174,473.6937778006984,19.150999826744396
design_000434,upstream_focused,200.0,282.1277225805515,367.20520738556274,-149.7180451660829,-235.65170480851287,164.02501695390674,700.8347176508896,-460.8108530853258,420.1479633236298,-432.3328300900907
design_000435,upstream_focused,200.0,251.55627338170524,634.4526910497293,-61.357239630968934,409.0592408059043,-381.66473085603775,403.128573831547,37.484611175862256,-59.774043707847795,-120.1721871029236
design_000436,upstream_focused,200.0,297.95650227947255,167.6691170496124,-408.0925522222633,465.5442640452509,-415.0548832215842,34.30657122352363,29.38861581558001,470.72379520689424,-105.65103872381991
design_000437,upstream_focused,200.0,309.1069949455635,364.69331698695953,507.5275336762945,614.6361513159142,-526.370947376097,-137.70450671568307,452.4337036943298,316.01190234164324,-446.5543310056366
design_000438,upstream_focused,200.0,482.80259685325433,-346.529467758626,593.690718693198,184.8928426271574,-242.9630318790958,-297.8145330859191,-252.5514081984141,752.5539019596058,458.7850334590962
design_000439,upstream_focused,200.0,411.09241009722786,-321.9570820199065,-530.80704116668,782.3880688207255,382.3683767872909,381.57077415951176,291.0312762201438,423.87414874863134,-370.1148229226119
design_000440,upstream_focused,200.0,459.81360606484736,412.3084423706098,-164.37260339120712,-322.7365416249046,-296.2185709068486,142.2231851303605,396.8642937105161,691.6848264613673,-529.5812948742168
design_000441,upstream_focused,200.0,424.9122284373555,-243.48440656970922,201.0210011993895,29.11404167004514,526.9665302266756,-273.7102136612541,-527.5827852100455,106.1944912528391,-331.1628969712965
design_000442,upstream_focused,200.0,270.3544473950556,-338.66149385184366,525.8233412933268,-177.8878795419698,308.4679360970773,-271.38025369118634,-266.5520507179034,-133.5898891500269,-519.3642448116512
design_000443,upstream_focused,200.0,403.3888590090979,-15.74860847319917,-154.04229814694577,138.23045207664848,260.5469822081461,-255.1633447458255,349.7876242624251,455.5182478431735,-433.8806767743606
design_000444,upstream_focused,200.0,266.1576834328842,518.4605720351796,-81.66763607730559,-27.18703914187813,474.22207007176394,-126.78469434901135,-219.9612747627694,-97.30763575187248,217.46729527406353
design_000445,upstream_focused,200.0,399.21935330627554,222.51180169427766,-346.36475333464307,-92.24799355130739,-591.930148598793,-149.70815561320313,-27.783225732720098,-93.78759239689498,545.9039087068859
design_000446,upstream_focused,200.0,272.83862856530425,136.37220043265864,53.50424858343797,561.6807817768691,493.49217116693035,700.0199017165626,258.325836136367,421.0669129943491,-144.27661641967364
design_000447,upstream_focused,200.0,271.8411391869155,193.14022533654213,385.4733079063694,357.049545138031,-351.9700331494672,505.65444332713093,52.37024705081717,712.9662793738419,228.20939965734453
design_000448,upstream_focused,200.0,283.8508702568098,538.4273846216871,249.62193476359187,-289.01145886830875,592.2867445776651,-265.923388664052,253.1813950208824,319.8271451206789,430.6889163909723
design_000449,upstream_focused,200.0,264.66244657832567,609.721081719251,335.25895566405336,-238.55234904831673,119.46636855238171,-189.58590238245245,-223.65083648119105,421.26228055043714,149.43782960235228
design_000450,upstream_focused,200.0,461.48847574370797,402.06460501440756,240.35443652380116,-168.66454412546597,185.07435543415988,-158.56865593946537,-276.303674261649,218.27251113319733,-558.0543227561523
design_000451,upstream_focused,200.0,263.78089060896843,-272.2245458955353,-523.3282726128197,203.27542182191655,-455.0713183781944,467.98807979636706,-292.73165338097033,659.1539481448751,-474.4896491583816
design_000452,upstream_focused,200.0,503.21077159856986,218.83101849079628,387.8613659008374,-327.3704184154607,-594.5487847311276,-149.74127004011916,13.534215646567873,698.5196001658803,235.8089234233347
design_000453,upstream_focused,200.0,382.266374042926,733.5678353469598,-517.86178293937,-25.692761041729057,394.4181274747325,-319.45853878846594,149.81794646747937,-10.5365505424179,-390.99389881160016
design_000454,upstream_focused,200.0,300.60296837336756,432.8341133703775,171.74078587099973,136.23497975939108,568.5828278343968,-163.5923553962317,590.1632283950364,731.8934414756468,-99.40566905111956
design_000455,upstream_focused,200.0,674.1232243592534,58.846573049407084,455.6691072984322,-125.71555520931554,-211.10084390419803,640.2445355803884,-569.2324162375401,724.5691499682871,349.576825764844
design_000456,upstream_focused,200.0,250.99113409395684,-174.64800731456245,585.9008165972691,59.89185978832211,-150.40727833520742,-259.2948070432917,8.026200749891245,-187.13880368548243,-232.36943268216265
design_000457,upstream_focused,200.0,287.3091472904095,578.2432927758215,345.4145888897651,613.074524529162,33.03509318908618,743.1370880531736,-223.14897283826195,499.13072923772756,-486.5913958177397
design_000458,upstream_focused,200.0,366.53359967545447,-187.03003661565103,357.38365455173664,636.8494484328243,-268.80462563706857,129.8927342710765,541.5217467122809,144.3810199010801,97.36730321596156
design_000459,upstream_focused,200.0,266.9646121447452,178.1381151623416,136.83582698625503,702.2143193162847,552.7256111193847,290.3049825248678,430.62580342301226,39.319019204468475,521.5991531124978
design_000460,upstream_focused,200.0,289.1210253468158,-217.38837690195888,-44.00433670806581,-52.082899320346655,193.1982483940136,-73.56318862876441,523.2029918093833,-298.546727317287,-368.3491269582935
design_000461,upstream_focused,200.0,348.25561208105216,-276.5458773617682,-46.92380034043765,640.0982943119105,-67.73875838961908,377.8628487650718,-509.69721049903575,520.0256802214006,259.1626620591452
design_000462,upstream_focused,200.0,354.6782548058766,-316.7967560502474,178.76003019847883,324.3698625868843,-149.9920098996849,167.74628081119818,-468.2147590297514,461.7628193380177,211.1566838548148
design_000463,upstream_focused,200.0,348.8756303409507,-231.20371881581352,-527.285540366971,185.75966433949054,-193.55893003937246,275.562139730579,-530.6786726523328,697.4871374518336,107.97210446387282
design_000464,upstream_focused,200.0,330.68061595151994,476.95823124378194,-567.6877971121687,-134.98615266422965,-428.690994587507,-312.4136301477059,-149.64053320117074,536.2157452765981,115.416855247395
design_000465,upstream_focused,200.0,490.44982786410367,331.96538119987076,-29.76706385139323,13.049967041204354,-448.6778957569807,690.2301955034166,-364.7108747868616,650.6369298308058,584.2494762875774
design_000466,downstream_focused,200.0,270.5789055224101,1419.1856177956856,338.4127574436385,1529.4762633585426,591.7905067454064,1280.2455385678056,106.23050468116799,729.7028732625132,-353.8344214352454
design_000467,downstream_focused,200.0,470.8356363166353,1419.4105854559427,-381.6839074060598,995.1810819906077,-585.9276951090061,1790.5640741350792,20.937320123683662,931.0645097897072,219.905204835326
design_000468,downstream_focused,200.0,262.45269745416397,1391.1166381106636,-286.848191024955,1629.438196005819,-176.91978958386687,1587.4608138002,477.9684789905257,897.4734807773842,135.1390942874035
design_000469,downstream_focused,200.0,331.99863239102643,1510.9062568417785,452.1191210592292,1511.1719334887903,-468.97077224736336,833.1393454592828,463.3012460973914,1195.6417356485902,348.04523583175444
design_000470,downstream_focused,200.0,433.81330681380393,1126.5065374567198,229.15513021809295,1813.4397833600156,-80.97808863966623,1641.7505004337524,-546.1287564979095,732.2941953797409,48.073340623140666
design_000471,downstream_focused,200.0,302.33874432349097,1205.244523552528,480.64315255479323,1201.0842972711807,-257.66411347602286,978.1864857779224,-53.396441166817,771.8095944963909,282.3090775506498
design_000472,downstream_focused,200.0,372.4841874031251,849.8197513002503,-111.38923531897245,869.2917501151649,343.1651882270786,1602.0624304332846,-170.08762374800676,1794.8172183277181,-488.8195826243302
design_000473,downstream_focused,200.0,287.24935397502963,1049.8380181974126,176.19046244606557,1094.4713243094575,-247.94847072728527,1663.592512099091,483.26789256873576,1404.581543518812,359.06841787508995
design_000474,downstream_focused,200.0,371.26788305964897,722.7274782344958,-151.00373739844838,1328.8668923813261,60.98586896909535,1679.19962516045,-61.92392451825913,1394.5065860101627,-407.39747795870227
design_000475,downstream_focused,200.0,409.1746612216429,1714.1047254609243,536.8077713951529,892.2956555784151,193.24463183508897,1819.5007058539022,-65.83146743001271,1464.1019136447271,136.93835745057902
design_000476,downstream_focused,200.0,272.70160986300493,1117.7304323957892,-95.31800626334967,1556.251160989346,-189.6354965829213,1317.4475952655912,-363.5349385489278,1802.7763786038417,-306.21802143978016
design_000477,downstream_focused,200.0,382.91427645148525,916.4423186964335,-54.72547316707255,1811.4463604026882,538.7345260954846,973.8211068526363,323.8653584441672,1599.4577109394888,-558.5609905781232
design_000478,downstream_focused,200.0,305.19193286474274,1796.7415393726355,-373.018140714792,1129.9522415265437,-69.00240747590158,1491.6376246883747,-365.6889436198223,1805.4145670782602,-7.123409092398447
design_000479,downstream_focused,200.0,639.3964404248684,919.4911839140427,544.3918078045024,1839.4004347788493,113.46256226293485,1265.9888345091986,-205.4621793653966,701.2014241850293,-505.20038041309533
design_000480,downstream_focused,200.0,372.2576471591822,834.3098942124909,203.61612565372536,1021.6912660527041,-118.04204283538667,1308.8517522652546,508.7232317843245,1807.5853045526994,-285.1040709285882
design_000481,downstream_focused,200.0,275.8336656423073,1308.1664848086516,281.8244947549333,1772.6269544977856,620.9284209340203,1066.617867115849,148.6386231605013,1693.4614124281647,224.9589083774746
design_000482,downstream_focused,200.0,267.0843562496012,1545.770889009858,297.695263278064,841.6921743737227,34.00374460214505,1267.0760236782442,-231.92689431075667,786.5425313955508,295.3322165156434
design_000483,downstream_focused,200.0,341.0158533769676,997.8966617481119,197.5418749978695,1331.9729514079454,265.98780213411703,1534.6142559226323,-461.8479254336819,932.3253564121471,-460.233527300417
design_000484,downstream_focused,200.0,386.1903224948343,979.2756728560037,-423.8320245818496,1363.6866504510372,-460.86127643892553,1742.0404553293895,-382.75621939370444,1316.1434522437098,131.85488306387867
design_000485,downstream_focused,200.0,587.1045817460507,1276.9841185823325,603.8911837570083,1732.8924691601082,-282.03592646069075,1155.5203976143,-388.4938097108625,723.9824995507029,92.33589792116652
design_000486,downstream_focused,200.0,374.30007187341005,1487.9587574317393,100.99101805816622,1889.3565845223482,-109.10188511879443,1827.8167180141963,260.1045458037977,1348.0647862456576,-579.9655076652493
design_000487,downstream_focused,200.0,261.4753431008832,991.9676540485514,83.07076124297669,1742.0499384922725,-192.8821351813222,1395.1165637717868,-176.2076154348087,1232.0301933557748,-380.590077584221
design_000488,downstream_focused,200.0,569.3353800758339,946.4878198196584,-353.7398058937583,1205.1026805306003,153.4693509888382,1723.0229859293408,-450.52651409878814,1777.9097850870062,452.3922414135966
design_000489,downstream_focused,200.0,298.9597417230193,1171.3083157386534,-187.01118699712805,806.6696181909539,281.0291892893973,1328.1444263904025,67.50671329031093,1616.0877984608296,-203.68022331583848
design_000490,downstream_focused,200.0,555.4116177724235,1318.7391215648959,-505.73178032180675,769.0830348708566,-585.4829653711555,1622.1138290936558,496.7732972471845,983.8006969097216,287.4116592135092
design_000491,downstream_focused,200.0,279.49978316699355,897.9387728464751,-508.13061797502576,873.3376178363885,-15.537732192591761,1642.3640428335311,-123.60388738872939,1135.486945250398,-360.85198891448454
design_000492,downstream_focused,200.0,300.73478072703915,1389.5556877385086,264.2194985394033,1667.6575082853913,149.76083461460553,1077.6472483256528,-477.88633651160114,1457.6422859151676,-445.9121847337601
design_000493,downstream_focused,200.0,557.597700306833,1201.8919812684114,-448.6492869907635,1848.2253041105694,557.2599485437597,798.4374030250602,566.2522148434798,1436.3900537177224,57.24185683864414
design_000494,downstream_focused,200.0,250.13506522235514,766.6816070915862,203.3023343894149,1611.449896979958,-197.38554927821468,752.8644307770626,453.05548550564254,1984.0819635075597,64.35008489590552
design_000495,downstream_focused,200.0,263.53395569728116,1723.4023635091935,-291.11768948496047,1858.746368535549,-64.99350654805653,1606.8452899902031,178.07571061202884,704.2993995000127,347.32802124810667
design_000496,downstream_focused,200.0,281.26440812314917,1164.0971929292837,-110.76176880600252,1199.2245832441897,-389.8240086854417,1370.501221283375,639.8052906079574,1883.9315945792193,617.0763929620473
design_000497,uniform_control,200.0,730.8261432257015,724.2533230773395,414.42684310895834,1075.7740126093906,-226.3071550939345,1658.1825159102582,847.4231709781188,-468.00607207460496,-671.3413469172758
design_000498,uniform_control,200.0,256.26494242760896,-33.4492171836589,-286.8956291741423,-149.5966106607347,687.1067978327346,1320.2504980039505,300.7745933156384,1067.6568395078023,257.55232584900773
design_000499,uniform_control,200.0,394.8082525041382,288.19578282181817,-95.88148996079053,1931.9104928742117,-673.6694390072594,681.716705357494,-602.1612552212457,-99.73983839719142,-22.536346735131474
design_000500,uniform_control,200.0,588.6034243331266,69.32694596221631,-87.57652465352544,790.4352167877764,90.3600941064251,1480.7172181619876,188.14140703118937,-516.3822662371955,-29.278069430191977
design_000501,uniform_control,200.0,348.21477084070636,5.139597710594558,377.7619469101469,1109.3602464291955,-704.2431044098397,759.9252960966926,320.0858850421587,1451.338682783379,-769.8500834623256
design_000502,uniform_control,200.0,971.5529133649906,1534.6269072187556,-560.3816933944032,1756.6913341133823,649.9538144128439,77.28564384902143,-241.50445950517837,690.898378557988,511.7514566819991
design_000503,uniform_control,200.0,283.2216199714596,250.77449704461446,202.3720092870908,95.62772347336556,804.4397787903206,1068.5321114159876,-443.8412284015565,1194.855284726827,-190.35169823524473
design_000504,uniform_control,200.0,653.5820282141137,1365.7203410538812,-144.59099611855606,554.0926093127127,769.9106371114171,-138.7269135788202,-781.0364449885908,1200.0457438874057,-776.82623355649
design_000505,uniform_control,200.0,332.6988746663901,144.01556068498962,-58.06162370748609,906.4458030426808,257.35700681848425,746.2795591531562,-742.6289356002702,1180.443560822093,446.07311618950985
design_000506,uniform_control,200.0,292.14889371363904,1709.1049623273389,215.56258510140833,1418.5625479098323,246.15803447789358,388.7568918708282,-159.34103572053255,-516.3660040967769,340.58865476020696
design_000507,uniform_control,200.0,745.0470143405445,808.7780726622493,-18.943621861619818,-159.07625067691583,578.2893419463037,1453.233327296796,-713.9085413418355,1474.3494045532634,315.8844769332409
design_000508,uniform_control,200.0,652.2400659169488,359.815128028457,332.8683200972123,1160.2075219922572,747.4627069834553,974.5496731978685,-601.8249225547463,-227.2641543148506,48.69404288230908
design_000509,uniform_control,200.0,489.5783515798941,1964.1827331735617,-682.520724688564,839.7303248355086,-683.1211609149102,1326.4605643797588,-630.3894223802936,1991.7211079985577,381.97084581971376
design_000510,uniform_control,200.0,661.976191621412,1418.9029797520948,165.29437360217844,464.52685720243176,69.10318835695136,-311.1202979803659,-426.74510427721106,446.5087066438723,730.8341189654861
design_000511,uniform_control,200.0,661.6873229346749,218.11940270157186,-623.8896910632166,1448.8211558662465,-318.2119138988138,579.3324464561113,83.49719903652522,2037.8573984459263,-16.77134221001586
