observation_dimension,lp_feasible,lp_maximum_equality_residual,lp_status,central_lp_success,central_maximum_minimum_weight,central_minimum_weight_uniform_fraction,entropy_central_converged,entropy_equality_residual,target_source,target_standardized,target_physical,standardization_affine_roundtrip_error,minus_calibration_converged,plus_calibration_converged,maximum_standardized_calibration_residual,minimum_ess_fraction,hidden_morphology_effect,maximum_lambda_norm,pair_id,spot_regime,labyrinth_regime,spot_feed,spot_kill,labyrinth_feed,labyrinth_kill,endpoint_gate_pass,rejection_reasons,method_blind_passing_score
2,True,1.1102230246251565e-16,Optimization terminated successfully. (HiGHS Status 7: Optimal),True,0.003511179698958362,0.8988620029333406,True,9.103828801926284e-14,maximum_total_entropy,[-0.73563771 -0.97711761],[0.12850529 0.02765587],3.469446951953614e-18,True,True,4.551914400963142e-14,0.434902264777131,1.3375845083022055,0.34109579477711127,v6_F0280_k05950__v6_F0280_k05800,v6_F0280_k05950,v6_F0280_k05800,0.028,0.0595,0.028,0.058,True,,1.5379808509519155
2,True,1.1102230246251565e-16,Optimization terminated successfully. (HiGHS Status 7: Optimal),True,0.003556647022997606,0.9105016378873871,True,1.2212453270876722e-15,maximum_total_entropy,[-0.73590025 -0.99821619],[0.128502   0.02758649],3.469446951953614e-18,True,True,8.881784197001252e-16,0.3417223734273154,1.2099231866104379,0.22500186600441863,v6_F0280_k05950__v6_F0280_k05825,v6_F0280_k05950,v6_F0280_k05825,0.028,0.0595,0.028,0.05825,True,,1.3695342800238746
2,True,5.551115123125783e-17,Optimization terminated successfully. (HiGHS Status 7: Optimal),True,0.001085643859331228,0.27792482798879437,True,5.551115123125783e-16,maximum_total_entropy,[1.18248797 0.92761977],[0.152558   0.03391929],0.0,True,True,8.881784197001252e-16,0.008057509532771744,2.0671805684770916,2.286616042671608,v6_F0280_k05950__v6_F0300_k05850,v6_F0280_k05950,v6_F0300_k05850,0.028,0.0595,0.03,0.0585,False,endpoint_ess,
2,True,1.1102230246251565e-16,Optimization terminated successfully. (HiGHS Status 7: Optimal),True,0.0013807176057073138,0.35346370706107233,True,9.992007221626409e-16,maximum_total_entropy,[0.96900753 0.72739764],[0.14988102 0.03326089],0.0,True,True,3.3306690738754696e-16,0.01069390148770567,1.8901974444907192,2.063198693379568,v6_F0280_k05950__v6_F0300_k05875,v6_F0280_k05950,v6_F0300_k05875,0.028,0.0595,0.03,0.058750000000000004,False,endpoint_ess,
2,True,2.0816681711721685e-17,Optimization terminated successfully. (HiGHS Status 7: Optimal),True,0.0019255205589054486,0.49293326307979485,True,2.3869795029440866e-15,maximum_total_entropy,[0.53258494 0.32802281],[0.14440841 0.03194761],0.0,True,True,1.2212453270876722e-15,0.02179226490732148,1.5748648773407492,1.7344222357287307,v6_F0280_k05950__v6_F0300_k05925,v6_F0280_k05950,v6_F0300_k05925,0.028,0.0595,0.03,0.059250000000000004,False,endpoint_ess,
2,True,1.3322676295501878e-15,Optimization terminated successfully. (HiGHS Status 7: Optimal),True,0.0006564560080441875,0.168052738059312,True,6.8611782921834674e-12,maximum_total_entropy,[1.21392281 1.19481306],[0.15295218 0.03479791],0.0,True,True,3.4305891460917337e-12,0.007918836895647065,2.0308338203295833,2.7088258743656564,v6_F0280_k05950__v6_F0320_k05950,v6_F0280_k05950,v6_F0320_k05950,0.028,0.0595,0.032,0.0595,False,endpoint_ess,
2,True,1.1102230246251565e-16,Optimization terminated successfully. (HiGHS Status 7: Optimal),True,0.0010857588665044307,0.27795426982513427,True,1.1102230246251565e-16,maximum_total_entropy,[0.97415542 0.97982216],[0.14994557 0.03409094],0.0,True,True,8.881784197001252e-16,0.010776569996409947,1.863376038592209,2.248242452110065,v6_F0280_k05950__v6_F0320_k05975,v6_F0280_k05950,v6_F0320_k05975,0.028,0.0595,0.032,0.05975,False,endpoint_ess,
2,True,4.163336342344337e-17,Optimization terminated successfully. (HiGHS Status 7: Optimal),True,0.0013652004958863244,0.34949132694689905,True,3.4416913763379853e-15,maximum_total_entropy,[0.76784099 0.78119509],[0.14735845 0.03343779],0.0,True,True,1.887379141862766e-15,0.01446870806002061,1.63746272751228,2.0269364490093618,v6_F0280_k05950__v6_F0320_k06000,v6_F0280_k05950,v6_F0320_k06000,0.028,0.0595,0.032,0.06,False,endpoint_ess,
2,True,2.7755575615628914e-17,Optimization terminated successfully. (HiGHS Status 7: Optimal),True,0.002138129055587382,0.5473610382303697,True,3.885780586188048e-16,maximum_total_entropy,[0.41116076 0.4743335 ],[0.14288579 0.03242873],0.0,True,True,1.1102230246251565e-16,0.02520531051588349,1.4643418833967319,1.7961029419455972,v6_F0280_k05950__v6_F0320_k06025,v6_F0280_k05950,v6_F0320_k06025,0.028,0.0595,0.032,0.06025,False,endpoint_ess,
2,True,8.881784197001252e-16,Optimization terminated successfully. (HiGHS Status 7: Optimal),True,0.00016395641028003725,0.04197284103168954,False,2.417722466674377e-09,maximum_minimum_weight_lp,[0.90594003 1.36034253],[0.14909017 0.03534222],0.0,True,True,4.6851411639181606e-14,0.004421725543707466,2.8685503449225283,51.087464432004445,v6_F0280_k05950__v6_F0340_k06000,v6_F0280_k05950,v6_F0340_k06000,0.028,0.0595,0.034,0.06,False,endpoint_ess,
2,True,4.440892098500626e-16,Optimization terminated successfully. (HiGHS Status 7: Optimal),True,0.00037398384843643486,0.09573986519972733,True,1.1102230246251565e-15,maximum_total_entropy,[1.13771579 1.3996242 ],[0.15199657 0.03547139],0.0,True,True,6.661338147750939e-16,0.007763593186471936,2.2615380723080083,5.874337664039665,v6_F0280_k05950__v6_F0340_k06025,v6_F0280_k05950,v6_F0340_k06025,0.028,0.0595,0.034,0.06025,False,endpoint_ess,
2,True,8.881784197001252e-16,Optimization terminated successfully. (HiGHS Status 7: Optimal),True,0.0007353614995493522,0.18825254388463417,True,2.220446049250313e-15,maximum_total_entropy,[1.02910897 1.26486559],[0.15063467 0.03502826],0.0,True,True,1.7763568394002505e-15,0.009025777245007307,1.8788497813949643,2.7553568764848344,v6_F0280_k05950__v6_F0340_k06050,v6_F0280_k05950,v6_F0340_k06050,0.028,0.0595,0.034,0.0605,False,endpoint_ess,
2,True,0.0,Optimization terminated successfully. (HiGHS Status 7: Optimal),True,0.0011204008898900108,0.28682262781184276,True,7.771561172376096e-16,maximum_total_entropy,[0.78938149 1.04318251],[0.14762856 0.03429929],0.0,True,True,4.440892098500626e-16,0.011947813900094612,1.6659550757939117,2.3147530843912016,v6_F0280_k05950__v6_F0340_k06075,v6_F0280_k05950,v6_F0340_k06075,0.028,0.0595,0.034,0.06075,False,endpoint_ess,
2,True,0.0,Optimization terminated successfully. (HiGHS Status 7: Optimal),True,0.0032254773820966772,0.8257222098167494,True,4.551914400963142e-14,maximum_total_entropy,[-1.55436502 -1.57921942],[0.1182387  0.02567595],3.469446951953614e-18,True,True,2.3092638912203256e-14,0.20921717866713027,1.8330540328816638,0.584370433001738,v6_F0280_k06025__v6_F0280_k05800,v6_F0280_k06025,v6_F0280_k05800,0.028,0.06025,0.028,0.058,True,,1.908444100565142
2,True,2.220446049250313e-16,Optimization terminated successfully. (HiGHS Status 7: Optimal),True,0.0032653408548418738,0.8359272588395197,True,6.661338147750939e-16,maximum_total_entropy,[-1.55171601 -1.58232786],[0.11827191 0.02566573],3.469446951953614e-18,True,True,4.440892098500626e-16,0.12698308049227564,1.7176722966196676,0.8495272530615093,v6_F0280_k06025__v6_F0280_k05825,v6_F0280_k06025,v6_F0280_k05825,0.028,0.06025,0.028,0.05825,False,endpoint_ess,
2,False,,The problem is infeasible. (HiGHS Status 8: model_status is Infeasible; primal_status is None),False,,,False,,,,,0.0,False,False,,,,,v6_F0280_k06025__v6_F0300_k05850,v6_F0280_k06025,v6_F0300_k05850,0.028,0.06025,0.03,0.0585,False,convex_hulls_disjoint;calibration_residual;endpoint_ess;hidden_morphology_effect,
2,False,,The problem is infeasible. (HiGHS Status 8: model_status is Infeasible; primal_status is None),False,,,False,,,,,0.0,False,False,,,,,v6_F0280_k06025__v6_F0300_k05875,v6_F0280_k06025,v6_F0300_k05875,0.028,0.06025,0.03,0.058750000000000004,False,convex_hulls_disjoint;calibration_residual;endpoint_ess;hidden_morphology_effect,
2,False,,The problem is infeasible. (HiGHS Status 8: model_status is Infeasible; primal_status is None),False,,,False,,,,,0.0,False,False,,,,,v6_F0280_k06025__v6_F0300_k05925,v6_F0280_k06025,v6_F0300_k05925,0.028,0.06025,0.03,0.059250000000000004,False,convex_hulls_disjoint;calibration_residual;endpoint_ess;hidden_morphology_effect,
2,False,,The problem is infeasible. (HiGHS Status 8: model_status is Infeasible; primal_status is None),False,,,False,,,,,0.0,False,False,,,,,v6_F0280_k06025__v6_F0320_k05950,v6_F0280_k06025,v6_F0320_k05950,0.028,0.06025,0.032,0.0595,False,convex_hulls_disjoint;calibration_residual;endpoint_ess;hidden_morphology_effect,
2,False,,The problem is infeasible. (HiGHS Status 8: model_status is Infeasible; primal_status is None),False,,,False,,,,,0.0,False,False,,,,,v6_F0280_k06025__v6_F0320_k05975,v6_F0280_k06025,v6_F0320_k05975,0.028,0.06025,0.032,0.05975,False,convex_hulls_disjoint;calibration_residual;endpoint_ess;hidden_morphology_effect,
2,False,,The problem is infeasible. (HiGHS Status 8: model_status is Infeasible; primal_status is None),False,,,False,,,,,0.0,False,False,,,,,v6_F0280_k06025__v6_F0320_k06000,v6_F0280_k06025,v6_F0320_k06000,0.028,0.06025,0.032,0.06,False,convex_hulls_disjoint;calibration_residual;endpoint_ess;hidden_morphology_effect,
2,False,,The problem is infeasible. (HiGHS Status 8: model_status is Infeasible; primal_status is Infeasible),False,,,False,,,,,0.0,False,False,,,,,v6_F0280_k06025__v6_F0320_k06025,v6_F0280_k06025,v6_F0320_k06025,0.028,0.06025,0.032,0.06025,False,convex_hulls_disjoint;calibration_residual;endpoint_ess;hidden_morphology_effect,
2,False,,The problem is infeasible. (HiGHS Status 8: model_status is Infeasible; primal_status is None),False,,,False,,,,,0.0,False,False,,,,,v6_F0280_k06025__v6_F0340_k06000,v6_F0280_k06025,v6_F0340_k06000,0.028,0.06025,0.034,0.06,False,convex_hulls_disjoint;calibration_residual;endpoint_ess;hidden_morphology_effect,
2,False,,The problem is infeasible. (HiGHS Status 8: model_status is Infeasible; primal_status is None),False,,,False,,,,,0.0,False,False,,,,,v6_F0280_k06025__v6_F0340_k06025,v6_F0280_k06025,v6_F0340_k06025,0.028,0.06025,0.034,0.06025,False,convex_hulls_disjoint;calibration_residual;endpoint_ess;hidden_morphology_effect,
2,False,,The problem is infeasible. (HiGHS Status 8: model_status is Infeasible; primal_status is None),False,,,False,,,,,0.0,False,False,,,,,v6_F0280_k06025__v6_F0340_k06050,v6_F0280_k06025,v6_F0340_k06050,0.028,0.06025,0.034,0.0605,False,convex_hulls_disjoint;calibration_residual;endpoint_ess;hidden_morphology_effect,
2,False,,The problem is infeasible. (HiGHS Status 8: model_status is Infeasible; primal_status is None),False,,,False,,,,,0.0,False,False,,,,,v6_F0280_k06025__v6_F0340_k06075,v6_F0280_k06025,v6_F0340_k06075,0.028,0.06025,0.034,0.06075,False,convex_hulls_disjoint;calibration_residual;endpoint_ess;hidden_morphology_effect,
2,True,0.0,Optimization terminated successfully. (HiGHS Status 7: Optimal),True,0.0031339204899703153,0.8022836454324007,True,3.6191050156730853e-12,maximum_total_entropy,[-1.81014337 -1.77292335],[0.11503131 0.02503899],3.469446951953614e-18,True,True,1.8101076193488552e-12,0.17189671507992782,1.9014248440550499,0.7378724804990341,v6_F0280_k06050__v6_F0280_k05800,v6_F0280_k06050,v6_F0280_k05800,0.028,0.0605,0.028,0.058,False,endpoint_ess,
2,True,2.220446049250313e-16,Optimization terminated successfully. (HiGHS Status 7: Optimal),True,0.003173456239116589,0.8124047972138467,True,2.2721824421978454e-12,maximum_total_entropy,[-1.80815189 -1.77598908],[0.11505629 0.02502891],3.469446951953614e-18,True,True,1.1368683772161603e-12,0.10011318077154789,1.7898053176677704,1.0126122542027431,v6_F0280_k06050__v6_F0280_k05825,v6_F0280_k06050,v6_F0280_k05825,0.028,0.0605,0.028,0.05825,False,endpoint_ess,
2,False,,The problem is infeasible. (HiGHS Status 8: model_status is Infeasible; primal_status is None),False,,,False,,,,,3.469446951953614e-18,False,False,,,,,v6_F0280_k06050__v6_F0300_k05850,v6_F0280_k06050,v6_F0300_k05850,0.028,0.0605,0.03,0.0585,False,convex_hulls_disjoint;calibration_residual;endpoint_ess;hidden_morphology_effect,
2,False,,The problem is infeasible. (HiGHS Status 8: model_status is Infeasible; primal_status is None),False,,,False,,,,,3.469446951953614e-18,False,False,,,,,v6_F0280_k06050__v6_F0300_k05875,v6_F0280_k06050,v6_F0300_k05875,0.028,0.0605,0.03,0.058750000000000004,False,convex_hulls_disjoint;calibration_residual;endpoint_ess;hidden_morphology_effect,
2,False,,The problem is infeasible. (HiGHS Status 8: model_status is Infeasible; primal_status is None),False,,,False,,,,,3.469446951953614e-18,False,False,,,,,v6_F0280_k06050__v6_F0300_k05925,v6_F0280_k06050,v6_F0300_k05925,0.028,0.0605,0.03,0.059250000000000004,False,convex_hulls_disjoint;calibration_residual;endpoint_ess;hidden_morphology_effect,
2,False,,The problem is infeasible. (HiGHS Status 8: model_status is Infeasible; primal_status is None),False,,,False,,,,,3.469446951953614e-18,False,False,,,,,v6_F0280_k06050__v6_F0320_k05950,v6_F0280_k06050,v6_F0320_k05950,0.028,0.0605,0.032,0.0595,False,convex_hulls_disjoint;calibration_residual;endpoint_ess;hidden_morphology_effect,
2,False,,The problem is infeasible. (HiGHS Status 8: model_status is Infeasible; primal_status is None),False,,,False,,,,,3.469446951953614e-18,False,False,,,,,v6_F0280_k06050__v6_F0320_k05975,v6_F0280_k06050,v6_F0320_k05975,0.028,0.0605,0.032,0.05975,False,convex_hulls_disjoint;calibration_residual;endpoint_ess;hidden_morphology_effect,
2,False,,The problem is infeasible. (HiGHS Status 8: model_status is Infeasible; primal_status is None),False,,,False,,,,,3.469446951953614e-18,False,False,,,,,v6_F0280_k06050__v6_F0320_k06000,v6_F0280_k06050,v6_F0320_k06000,0.028,0.0605,0.032,0.06,False,convex_hulls_disjoint;calibration_residual;endpoint_ess;hidden_morphology_effect,
2,False,,The problem is infeasible. (HiGHS Status 8: model_status is Infeasible; primal_status is Infeasible),False,,,False,,,,,3.469446951953614e-18,False,False,,,,,v6_F0280_k06050__v6_F0320_k06025,v6_F0280_k06050,v6_F0320_k06025,0.028,0.0605,0.032,0.06025,False,convex_hulls_disjoint;calibration_residual;endpoint_ess;hidden_morphology_effect,
2,False,,The problem is infeasible. (HiGHS Status 8: model_status is Infeasible; primal_status is None),False,,,False,,,,,3.469446951953614e-18,False,False,,,,,v6_F0280_k06050__v6_F0340_k06000,v6_F0280_k06050,v6_F0340_k06000,0.028,0.0605,0.034,0.06,False,convex_hulls_disjoint;calibration_residual;endpoint_ess;hidden_morphology_effect,
2,False,,The problem is infeasible. (HiGHS Status 8: model_status is Infeasible; primal_status is None),False,,,False,,,,,3.469446951953614e-18,False,False,,,,,v6_F0280_k06050__v6_F0340_k06025,v6_F0280_k06050,v6_F0340_k06025,0.028,0.0605,0.034,0.06025,False,convex_hulls_disjoint;calibration_residual;endpoint_ess;hidden_morphology_effect,
2,False,,The problem is infeasible. (HiGHS Status 8: model_status is Infeasible; primal_status is None),False,,,False,,,,,3.469446951953614e-18,False,False,,,,,v6_F0280_k06050__v6_F0340_k06050,v6_F0280_k06050,v6_F0340_k06050,0.028,0.0605,0.034,0.0605,False,convex_hulls_disjoint;calibration_residual;endpoint_ess;hidden_morphology_effect,
2,False,,The problem is infeasible. (HiGHS Status 8: model_status is Infeasible; primal_status is None),False,,,False,,,,,3.469446951953614e-18,False,False,,,,,v6_F0280_k06050__v6_F0340_k06075,v6_F0280_k06050,v6_F0340_k06075,0.028,0.0605,0.034,0.06075,False,convex_hulls_disjoint;calibration_residual;endpoint_ess;hidden_morphology_effect,
2,True,5.551115123125783e-17,Optimization terminated successfully. (HiGHS Status 7: Optimal),True,0.003390508626270283,0.8679702083251924,True,2.1873614031164834e-12,maximum_total_entropy,[-0.38806544 -0.4398541 ],[0.13286374 0.02942257],3.469446951953614e-18,True,True,1.093736212709473e-12,0.43407215451863435,1.2098092357066925,1.4162080372358534,v6_F0300_k06025__v6_F0280_k05800,v6_F0300_k06025,v6_F0280_k05800,0.03,0.06025,0.028,0.058,True,,1.356034911104217
2,True,2.8893987896738693e-17,Optimization terminated successfully. (HiGHS Status 7: Optimal),True,0.0033579551274543038,0.8596365126283018,True,9.434120151752268e-12,maximum_total_entropy,[-0.38519945 -0.4394175 ],[0.13289968 0.02942401],3.469446951953614e-18,True,True,4.716949053573671e-12,0.3641956201466595,0.9994833427317772,1.753642690971369,v6_F0300_k06025__v6_F0280_k05825,v6_F0300_k06025,v6_F0280_k05825,0.03,0.06025,0.028,0.05825,False,hidden_morphology_effect,
2,False,,The problem is infeasible. (HiGHS Status 8: model_status is Infeasible; primal_status is Infeasible),False,,,False,,,,,0.0,False,False,,,,,v6_F0300_k06025__v6_F0300_k05850,v6_F0300_k06025,v6_F0300_k05850,0.03,0.06025,0.03,0.0585,False,convex_hulls_disjoint;calibration_residual;endpoint_ess;hidden_morphology_effect,
2,False,,The problem is infeasible. (HiGHS Status 8: model_status is Infeasible; primal_status is Infeasible),False,,,False,,,,,0.0,False,False,,,,,v6_F0300_k06025__v6_F0300_k05875,v6_F0300_k06025,v6_F0300_k05875,0.03,0.06025,0.03,0.058750000000000004,False,convex_hulls_disjoint;calibration_residual;endpoint_ess;hidden_morphology_effect,
2,True,6.938893903907228e-18,Optimization terminated successfully. (HiGHS Status 7: Optimal),True,0.0004984347676768823,0.12759930052528187,True,6.973588373426765e-16,maximum_total_entropy,[-0.02156128 -0.06450403],[0.13745959 0.03065685],0.0,True,True,4.0245584642661925e-16,0.0072063851989666305,1.563263297056417,12.40487614195966,v6_F0300_k06025__v6_F0300_k05925,v6_F0300_k06025,v6_F0300_k05925,0.03,0.06025,0.03,0.059250000000000004,False,endpoint_ess,
2,False,,The problem is infeasible. (HiGHS Status 8: model_status is Infeasible; primal_status is Infeasible),False,,,False,,,,,0.0,False,False,,,,,v6_F0300_k06025__v6_F0320_k05950,v6_F0300_k06025,v6_F0320_k05950,0.03,0.06025,0.032,0.0595,False,convex_hulls_disjoint;calibration_residual;endpoint_ess;hidden_morphology_effect,
2,False,,The problem is infeasible. (HiGHS Status 8: model_status is Infeasible; primal_status is Infeasible),False,,,False,,,,,0.0,False,False,,,,,v6_F0300_k06025__v6_F0320_k05975,v6_F0300_k06025,v6_F0320_k05975,0.03,0.06025,0.032,0.05975,False,convex_hulls_disjoint;calibration_residual;endpoint_ess;hidden_morphology_effect,
2,False,,The problem is infeasible. (HiGHS Status 8: model_status is Infeasible; primal_status is Infeasible),False,,,False,,,,,0.0,False,False,,,,,v6_F0300_k06025__v6_F0320_k06000,v6_F0300_k06025,v6_F0320_k06000,0.03,0.06025,0.032,0.06,False,convex_hulls_disjoint;calibration_residual;endpoint_ess;hidden_morphology_effect,
2,True,2.6020852139652106e-18,Optimization terminated successfully. (HiGHS Status 7: Optimal),True,0.0011251431610169206,0.2880366492203317,True,5.828670879282072e-16,maximum_total_entropy,[-0.15569703  0.04280593],[0.13577757 0.03100972],0.0,True,True,2.7755575615628914e-16,0.013109769986408702,2.040887300247746,16.96829774859191,v6_F0300_k06025__v6_F0320_k06025,v6_F0300_k06025,v6_F0320_k06025,0.03,0.06025,0.032,0.06025,False,endpoint_ess,
2,False,,The problem is infeasible. (HiGHS Status 8: model_status is Infeasible; primal_status is Infeasible),False,,,False,,,,,0.0,False,False,,,,,v6_F0300_k06025__v6_F0340_k06000,v6_F0300_k06025,v6_F0340_k06000,0.03,0.06025,0.034,0.06,False,convex_hulls_disjoint;calibration_residual;endpoint_ess;hidden_morphology_effect,
2,False,,The problem is infeasible. (HiGHS Status 8: model_status is Infeasible; primal_status is Infeasible),False,,,False,,,,,0.0,False,False,,,,,v6_F0300_k06025__v6_F0340_k06025,v6_F0300_k06025,v6_F0340_k06025,0.03,0.06025,0.034,0.06025,False,convex_hulls_disjoint;calibration_residual;endpoint_ess;hidden_morphology_effect,
2,False,,The problem is infeasible. (HiGHS Status 8: model_status is Infeasible; primal_status is Infeasible),False,,,False,,,,,0.0,False,False,,,,,v6_F0300_k06025__v6_F0340_k06050,v6_F0300_k06025,v6_F0340_k06050,0.03,0.06025,0.034,0.0605,False,convex_hulls_disjoint;calibration_residual;endpoint_ess;hidden_morphology_effect,
2,False,,The problem is infeasible. (HiGHS Status 8: model_status is Infeasible; primal_status is Infeasible),False,,,False,,,,,0.0,False,False,,,,,v6_F0300_k06025__v6_F0340_k06075,v6_F0300_k06025,v6_F0340_k06075,0.03,0.06025,0.034,0.06075,False,convex_hulls_disjoint;calibration_residual;endpoint_ess;hidden_morphology_effect,
2,True,5.551115123125783e-17,Optimization terminated successfully. (HiGHS Status 7: Optimal),True,0.0033102957864439625,0.8474357213296544,True,1.6653345369377348e-15,maximum_total_entropy,[-0.67206199 -0.65718298],[0.12930251 0.02870792],3.469446951953614e-18,True,True,7.771561172376096e-16,0.3400860140025696,1.4873360309707997,1.4951869789842123,v6_F0300_k06050__v6_F0280_k05800,v6_F0300_k06050,v6_F0280_k05800,0.03,0.0605,0.028,0.058,True,,1.5826196890228739
2,True,2.220446049250313e-16,Optimization terminated successfully. (HiGHS Status 7: Optimal),True,0.0032831455081497513,0.8404852500863363,True,1.9984014443252818e-15,maximum_total_entropy,[-0.67004481 -0.65764587],[0.1293278 0.0287064],3.469446951953614e-18,True,True,1.6653345369377348e-15,0.25649393569069273,1.2760034511680414,1.8787141522951798,v6_F0300_k06050__v6_F0280_k05825,v6_F0300_k06050,v6_F0280_k05825,0.03,0.0605,0.028,0.05825,True,,1.3103147113986289
2,False,,The problem is infeasible. (HiGHS Status 8: model_status is Infeasible; primal_status is None),False,,,False,,,,,0.0,False,False,,,,,v6_F0300_k06050__v6_F0300_k05850,v6_F0300_k06050,v6_F0300_k05850,0.03,0.0605,0.03,0.0585,False,convex_hulls_disjoint;calibration_residual;endpoint_ess;hidden_morphology_effect,
2,False,,The problem is infeasible. (HiGHS Status 8: model_status is Infeasible; primal_status is None),False,,,False,,,,,0.0,False,False,,,,,v6_F0300_k06050__v6_F0300_k05875,v6_F0300_k06050,v6_F0300_k05875,0.03,0.0605,0.03,0.058750000000000004,False,convex_hulls_disjoint;calibration_residual;endpoint_ess;hidden_morphology_effect,
2,True,5.898059818321144e-17,Optimization terminated successfully. (HiGHS Status 7: Optimal),True,0.0008247085092707253,0.21112537837330567,True,3.608224830031759e-16,maximum_total_entropy,[0.14510851 0.06584478],[0.13954958 0.03108548],0.0,True,True,2.220446049250313e-16,0.0063130241800625755,1.010189160751368,16.12896845454885,v6_F0300_k06050__v6_F0300_k05925,v6_F0300_k06050,v6_F0300_k05925,0.03,0.0605,0.03,0.059250000000000004,False,endpoint_ess,
2,False,,The problem is infeasible. (HiGHS Status 8: model_status is Infeasible; primal_status is None),False,,,False,,,,,0.0,False,False,,,,,v6_F0300_k06050__v6_F0320_k05950,v6_F0300_k06050,v6_F0320_k05950,0.03,0.0605,0.032,0.0595,False,convex_hulls_disjoint;calibration_residual;endpoint_ess;hidden_morphology_effect,
2,False,,The problem is infeasible. (HiGHS Status 8: model_status is Infeasible; primal_status is None),False,,,False,,,,,0.0,False,False,,,,,v6_F0300_k06050__v6_F0320_k05975,v6_F0300_k06050,v6_F0320_k05975,0.03,0.0605,0.032,0.05975,False,convex_hulls_disjoint;calibration_residual;endpoint_ess;hidden_morphology_effect,
2,False,,The problem is infeasible. (HiGHS Status 8: model_status is Infeasible; primal_status is None),False,,,False,,,,,0.0,False,False,,,,,v6_F0300_k06050__v6_F0320_k06000,v6_F0300_k06050,v6_F0320_k06000,0.03,0.0605,0.032,0.06,False,convex_hulls_disjoint;calibration_residual;endpoint_ess;hidden_morphology_effect,
2,False,,The problem is infeasible. (HiGHS Status 8: model_status is Infeasible; primal_status is Infeasible),False,,,False,,,,,0.0,False,False,,,,,v6_F0300_k06050__v6_F0320_k06025,v6_F0300_k06050,v6_F0320_k06025,0.03,0.0605,0.032,0.06025,False,convex_hulls_disjoint;calibration_residual;endpoint_ess;hidden_morphology_effect,
2,False,,The problem is infeasible. (HiGHS Status 8: model_status is Infeasible; primal_status is None),False,,,False,,,,,0.0,False,False,,,,,v6_F0300_k06050__v6_F0340_k06000,v6_F0300_k06050,v6_F0340_k06000,0.03,0.0605,0.034,0.06,False,convex_hulls_disjoint;calibration_residual;endpoint_ess;hidden_morphology_effect,
2,False,,The problem is infeasible. (HiGHS Status 8: model_status is Infeasible; primal_status is None),False,,,False,,,,,0.0,False,False,,,,,v6_F0300_k06050__v6_F0340_k06025,v6_F0300_k06050,v6_F0340_k06025,0.03,0.0605,0.034,0.06025,False,convex_hulls_disjoint;calibration_residual;endpoint_ess;hidden_morphology_effect,
2,False,,The problem is infeasible. (HiGHS Status 8: model_status is Infeasible; primal_status is None),False,,,False,,,,,0.0,False,False,,,,,v6_F0300_k06050__v6_F0340_k06050,v6_F0300_k06050,v6_F0340_k06050,0.03,0.0605,0.034,0.0605,False,convex_hulls_disjoint;calibration_residual;endpoint_ess;hidden_morphology_effect,
2,False,,The problem is infeasible. (HiGHS Status 8: model_status is Infeasible; primal_status is None),False,,,False,,,,,0.0,False,False,,,,,v6_F0300_k06050__v6_F0340_k06075,v6_F0300_k06050,v6_F0340_k06075,0.03,0.0605,0.034,0.06075,False,convex_hulls_disjoint;calibration_residual;endpoint_ess;hidden_morphology_effect,
2,True,4.440892098500626e-16,Optimization terminated successfully. (HiGHS Status 7: Optimal),True,0.0031402716862778384,0.8039095516871266,True,7.771561172376096e-16,maximum_total_entropy,[-0.94074196 -0.84884042],[0.12593334 0.02807769],3.469446951953614e-18,True,True,8.881784197001252e-16,0.2624726267727021,1.7213997146295017,1.6053651188968965,v6_F0300_k06075__v6_F0280_k05800,v6_F0300_k06075,v6_F0280_k05800,0.03,0.06075,0.028,0.058,True,,1.7723677720710078
2,True,1.1102230246251565e-16,Optimization terminated successfully. (HiGHS Status 7: Optimal),True,0.0030719733042135445,0.7864251658786674,True,1.1102230246251565e-15,maximum_total_entropy,[-0.93870351 -0.84832301],[0.1259589  0.02807939],3.469446951953614e-18,True,True,1.3322676295501878e-15,0.18416917019671494,1.505911950084939,2.049119909408934,v6_F0300_k06075__v6_F0280_k05825,v6_F0300_k06075,v6_F0280_k05825,0.03,0.06075,0.028,0.05825,False,endpoint_ess,
2,False,,The problem is infeasible. (HiGHS Status 8: model_status is Infeasible; primal_status is None),False,,,False,,,,,0.0,False,False,,,,,v6_F0300_k06075__v6_F0300_k05850,v6_F0300_k06075,v6_F0300_k05850,0.03,0.06075,0.03,0.0585,False,convex_hulls_disjoint;calibration_residual;endpoint_ess;hidden_morphology_effect,
2,False,,The problem is infeasible. (HiGHS Status 8: model_status is Infeasible; primal_status is None),False,,,False,,,,,0.0,False,False,,,,,v6_F0300_k06075__v6_F0300_k05875,v6_F0300_k06075,v6_F0300_k05875,0.03,0.06075,0.03,0.058750000000000004,False,convex_hulls_disjoint;calibration_residual;endpoint_ess;hidden_morphology_effect,
2,False,,The problem is infeasible. (HiGHS Status 8: model_status is Infeasible; primal_status is None),False,,,False,,,,,0.0,False,False,,,,,v6_F0300_k06075__v6_F0300_k05925,v6_F0300_k06075,v6_F0300_k05925,0.03,0.06075,0.03,0.059250000000000004,False,convex_hulls_disjoint;calibration_residual;endpoint_ess;hidden_morphology_effect,
2,False,,The problem is infeasible. (HiGHS Status 8: model_status is Infeasible; primal_status is None),False,,,False,,,,,0.0,False,False,,,,,v6_F0300_k06075__v6_F0320_k05950,v6_F0300_k06075,v6_F0320_k05950,0.03,0.06075,0.032,0.0595,False,convex_hulls_disjoint;calibration_residual;endpoint_ess;hidden_morphology_effect,
2,False,,The problem is infeasible. (HiGHS Status 8: model_status is Infeasible; primal_status is None),False,,,False,,,,,0.0,False,False,,,,,v6_F0300_k06075__v6_F0320_k05975,v6_F0300_k06075,v6_F0320_k05975,0.03,0.06075,0.032,0.05975,False,convex_hulls_disjoint;calibration_residual;endpoint_ess;hidden_morphology_effect,
2,False,,The problem is infeasible. (HiGHS Status 8: model_status is Infeasible; primal_status is None),False,,,False,,,,,0.0,False,False,,,,,v6_F0300_k06075__v6_F0320_k06000,v6_F0300_k06075,v6_F0320_k06000,0.03,0.06075,0.032,0.06,False,convex_hulls_disjoint;calibration_residual;endpoint_ess;hidden_morphology_effect,
2,True,2.7755575615628914e-17,Optimization terminated successfully. (HiGHS Status 7: Optimal),True,0.000365729589140124,0.09362677481987175,True,4.440892098500626e-16,maximum_total_entropy,[-0.51503709 -0.22853423],[0.13127155 0.03011746],0.0,True,True,8.881784197001252e-16,0.005626789774329128,2.3982691235472045,26.69852994835277,v6_F0300_k06075__v6_F0320_k06025,v6_F0300_k06075,v6_F0320_k06025,0.03,0.06075,0.032,0.06025,False,endpoint_ess,
2,False,,The problem is infeasible. (HiGHS Status 8: model_status is Infeasible; primal_status is None),False,,,False,,,,,0.0,False,False,,,,,v6_F0300_k06075__v6_F0340_k06000,v6_F0300_k06075,v6_F0340_k06000,0.03,0.06075,0.034,0.06,False,convex_hulls_disjoint;calibration_residual;endpoint_ess;hidden_morphology_effect,
2,False,,The problem is infeasible. (HiGHS Status 8: model_status is Infeasible; primal_status is None),False,,,False,,,,,0.0,False,False,,,,,v6_F0300_k06075__v6_F0340_k06025,v6_F0300_k06075,v6_F0340_k06025,0.03,0.06075,0.034,0.06025,False,convex_hulls_disjoint;calibration_residual;endpoint_ess;hidden_morphology_effect,
2,False,,The problem is infeasible. (HiGHS Status 8: model_status is Infeasible; primal_status is None),False,,,False,,,,,0.0,False,False,,,,,v6_F0300_k06075__v6_F0340_k06050,v6_F0300_k06075,v6_F0340_k06050,0.03,0.06075,0.034,0.0605,False,convex_hulls_disjoint;calibration_residual;endpoint_ess;hidden_morphology_effect,
2,False,,The problem is infeasible. (HiGHS Status 8: model_status is Infeasible; primal_status is None),False,,,False,,,,,0.0,False,False,,,,,v6_F0300_k06075__v6_F0340_k06075,v6_F0300_k06075,v6_F0340_k06075,0.03,0.06075,0.034,0.06075,False,convex_hulls_disjoint;calibration_residual;endpoint_ess;hidden_morphology_effect,
2,True,1.1102230246251565e-16,Optimization terminated successfully. (HiGHS Status 7: Optimal),True,0.0030448278544056608,0.7794759307278492,True,1.3322676295501878e-15,maximum_total_entropy,[-1.18875102 -1.04449603],[0.12282338 0.0274343 ],3.469446951953614e-18,True,True,8.881784197001252e-16,0.2187501897440679,1.8470086158277201,1.6501999112541244,v6_F0300_k06100__v6_F0280_k05800,v6_F0300_k06100,v6_F0280_k05800,0.03,0.061,0.028,0.058,True,,1.873873715137048
2,True,4.440892098500626e-16,Optimization terminated successfully. (HiGHS Status 7: Optimal),True,0.00296582902975359,0.759252231616919,True,8.215650382226158e-14,maximum_total_entropy,[-1.18562493 -1.04299275],[0.12286259 0.02743925],3.469446951953614e-18,True,True,4.3076653355456074e-14,0.14427508985093013,1.6339431633068981,2.123343707036533,v6_F0300_k06100__v6_F0280_k05825,v6_F0300_k06100,v6_F0280_k05825,0.03,0.061,0.028,0.05825,False,endpoint_ess,
2,False,,The problem is infeasible. (HiGHS Status 8: model_status is Infeasible; primal_status is None),False,,,False,,,,,0.0,False,False,,,,,v6_F0300_k06100__v6_F0300_k05850,v6_F0300_k06100,v6_F0300_k05850,0.03,0.061,0.03,0.0585,False,convex_hulls_disjoint;calibration_residual;endpoint_ess;hidden_morphology_effect,
2,False,,The problem is infeasible. (HiGHS Status 8: model_status is Infeasible; primal_status is None),False,,,False,,,,,0.0,False,False,,,,,v6_F0300_k06100__v6_F0300_k05875,v6_F0300_k06100,v6_F0300_k05875,0.03,0.061,0.03,0.058750000000000004,False,convex_hulls_disjoint;calibration_residual;endpoint_ess;hidden_morphology_effect,
2,False,,The problem is infeasible. (HiGHS Status 8: model_status is Infeasible; primal_status is None),False,,,False,,,,,0.0,False,False,,,,,v6_F0300_k06100__v6_F0300_k05925,v6_F0300_k06100,v6_F0300_k05925,0.03,0.061,0.03,0.059250000000000004,False,convex_hulls_disjoint;calibration_residual;endpoint_ess;hidden_morphology_effect,
2,False,,The problem is infeasible. (HiGHS Status 8: model_status is Infeasible; primal_status is None),False,,,False,,,,,0.0,False,False,,,,,v6_F0300_k06100__v6_F0320_k05950,v6_F0300_k06100,v6_F0320_k05950,0.03,0.061,0.032,0.0595,False,convex_hulls_disjoint;calibration_residual;endpoint_ess;hidden_morphology_effect,
2,False,,The problem is infeasible. (HiGHS Status 8: model_status is Infeasible; primal_status is None),False,,,False,,,,,0.0,False,False,,,,,v6_F0300_k06100__v6_F0320_k05975,v6_F0300_k06100,v6_F0320_k05975,0.03,0.061,0.032,0.05975,False,convex_hulls_disjoint;calibration_residual;endpoint_ess;hidden_morphology_effect,
2,False,,The problem is infeasible. (HiGHS Status 8: model_status is Infeasible; primal_status is None),False,,,False,,,,,0.0,False,False,,,,,v6_F0300_k06100__v6_F0320_k06000,v6_F0300_k06100,v6_F0320_k06000,0.03,0.061,0.032,0.06,False,convex_hulls_disjoint;calibration_residual;endpoint_ess;hidden_morphology_effect,
2,True,2.220446049250313e-16,Optimization terminated successfully. (HiGHS Status 7: Optimal),True,1.877369302195668e-05,0.00480606541362091,True,5.631495270108644e-12,maximum_total_entropy,[-0.91158586 -0.52525486],[0.12629895 0.02914174],0.0,True,True,2.8158586573567845e-12,0.003954800323386987,3.5755638185753393,147.1708463285248,v6_F0300_k06100__v6_F0320_k06025,v6_F0300_k06100,v6_F0320_k06025,0.03,0.061,0.032,0.06025,False,endpoint_ess,
2,False,,The problem is infeasible. (HiGHS Status 8: model_status is Infeasible; primal_status is None),False,,,False,,,,,0.0,False,False,,,,,v6_F0300_k06100__v6_F0340_k06000,v6_F0300_k06100,v6_F0340_k06000,0.03,0.061,0.034,0.06,False,convex_hulls_disjoint;calibration_residual;endpoint_ess;hidden_morphology_effect,
2,False,,The problem is infeasible. (HiGHS Status 8: model_status is Infeasible; primal_status is None),False,,,False,,,,,0.0,False,False,,,,,v6_F0300_k06100__v6_F0340_k06025,v6_F0300_k06100,v6_F0340_k06025,0.03,0.061,0.034,0.06025,False,convex_hulls_disjoint;calibration_residual;endpoint_ess;hidden_morphology_effect,
2,False,,The problem is infeasible. (HiGHS Status 8: model_status is Infeasible; primal_status is None),False,,,False,,,,,0.0,False,False,,,,,v6_F0300_k06100__v6_F0340_k06050,v6_F0300_k06100,v6_F0340_k06050,0.03,0.061,0.034,0.0605,False,convex_hulls_disjoint;calibration_residual;endpoint_ess;hidden_morphology_effect,
2,False,,The problem is infeasible. (HiGHS Status 8: model_status is Infeasible; primal_status is None),False,,,False,,,,,0.0,False,False,,,,,v6_F0300_k06100__v6_F0340_k06075,v6_F0300_k06100,v6_F0340_k06075,0.03,0.061,0.034,0.06075,False,convex_hulls_disjoint;calibration_residual;endpoint_ess;hidden_morphology_effect,
2,True,0.0,Optimization terminated successfully. (HiGHS Status 7: Optimal),True,0.0029498856835507474,0.7551707349889913,True,1.1102230246251565e-15,maximum_total_entropy,[-1.44695057 -1.25282336],[0.11958564 0.02674925],3.469446951953614e-18,True,True,8.881784197001252e-16,0.18389030084411306,1.9131840557052913,1.6839141196441403,v6_F0300_k06125__v6_F0280_k05800,v6_F0300_k06125,v6_F0280_k05800,0.03,0.06125,0.028,0.058,False,endpoint_ess,
2,True,4.440892098500626e-16,Optimization terminated successfully. (HiGHS Status 7: Optimal),True,0.002861879446049363,0.732641138188637,True,2.9887203822909214e-13,maximum_total_entropy,[-1.44264791 -1.2503737 ],[0.1196396  0.02675731],3.469446951953614e-18,True,True,1.4876988529977098e-13,0.11490745838498441,1.7053408325604849,2.180990721223186,v6_F0300_k06125__v6_F0280_k05825,v6_F0300_k06125,v6_F0280_k05825,0.03,0.06125,0.028,0.05825,False,endpoint_ess,
2,False,,The problem is infeasible. (HiGHS Status 8: model_status is Infeasible; primal_status is None),False,,,False,,,,,0.0,False,False,,,,,v6_F0300_k06125__v6_F0300_k05850,v6_F0300_k06125,v6_F0300_k05850,0.03,0.06125,0.03,0.0585,False,convex_hulls_disjoint;calibration_residual;endpoint_ess;hidden_morphology_effect,
2,False,,The problem is infeasible. (HiGHS Status 8: model_status is Infeasible; primal_status is None),False,,,False,,,,,0.0,False,False,,,,,v6_F0300_k06125__v6_F0300_k05875,v6_F0300_k06125,v6_F0300_k05875,0.03,0.06125,0.03,0.058750000000000004,False,convex_hulls_disjoint;calibration_residual;endpoint_ess;hidden_morphology_effect,
2,False,,The problem is infeasible. (HiGHS Status 8: model_status is Infeasible; primal_status is None),False,,,False,,,,,0.0,False,False,,,,,v6_F0300_k06125__v6_F0300_k05925,v6_F0300_k06125,v6_F0300_k05925,0.03,0.06125,0.03,0.059250000000000004,False,convex_hulls_disjoint;calibration_residual;endpoint_ess;hidden_morphology_effect,
2,False,,The problem is infeasible. (HiGHS Status 8: model_status is Infeasible; primal_status is None),False,,,False,,,,,0.0,False,False,,,,,v6_F0300_k06125__v6_F0320_k05950,v6_F0300_k06125,v6_F0320_k05950,0.03,0.06125,0.032,0.0595,False,convex_hulls_disjoint;calibration_residual;endpoint_ess;hidden_morphology_effect,
2,False,,The problem is infeasible. (HiGHS Status 8: model_status is Infeasible; primal_status is None),False,,,False,,,,,0.0,False,False,,,,,v6_F0300_k06125__v6_F0320_k05975,v6_F0300_k06125,v6_F0320_k05975,0.03,0.06125,0.032,0.05975,False,convex_hulls_disjoint;calibration_residual;endpoint_ess;hidden_morphology_effect,
2,False,,The problem is infeasible. (HiGHS Status 8: model_status is Infeasible; primal_status is None),False,,,False,,,,,0.0,False,False,,,,,v6_F0300_k06125__v6_F0320_k06000,v6_F0300_k06125,v6_F0320_k06000,0.03,0.06125,0.032,0.06,False,convex_hulls_disjoint;calibration_residual;endpoint_ess;hidden_morphology_effect,
2,True,1.1102230246251565e-16,Optimization terminated successfully. (HiGHS Status 7: Optimal),True,6.286309075832524e-05,0.01609295123413126,True,2.220446049250313e-16,maximum_total_entropy,[-0.91994837 -0.53121191],[0.12619409 0.02912216],0.0,True,True,7.771561172376096e-16,0.003906313723355185,3.354442297661813,20.156561696442367,v6_F0300_k06125__v6_F0320_k06025,v6_F0300_k06125,v6_F0320_k06025,0.03,0.06125,0.032,0.06025,False,endpoint_ess,
2,False,,The problem is infeasible. (HiGHS Status 8: model_status is Infeasible; primal_status is None),False,,,False,,,,,0.0,False,False,,,,,v6_F0300_k06125__v6_F0340_k06000,v6_F0300_k06125,v6_F0340_k06000,0.03,0.06125,0.034,0.06,False,convex_hulls_disjoint;calibration_residual;endpoint_ess;hidden_morphology_effect,
2,False,,The problem is infeasible. (HiGHS Status 8: model_status is Infeasible; primal_status is None),False,,,False,,,,,0.0,False,False,,,,,v6_F0300_k06125__v6_F0340_k06025,v6_F0300_k06125,v6_F0340_k06025,0.03,0.06125,0.034,0.06025,False,convex_hulls_disjoint;calibration_residual;endpoint_ess;hidden_morphology_effect,
2,False,,The problem is infeasible. (HiGHS Status 8: model_status is Infeasible; primal_status is None),False,,,False,,,,,0.0,False,False,,,,,v6_F0300_k06125__v6_F0340_k06050,v6_F0300_k06125,v6_F0340_k06050,0.03,0.06125,0.034,0.0605,False,convex_hulls_disjoint;calibration_residual;endpoint_ess;hidden_morphology_effect,
2,False,,The problem is infeasible. (HiGHS Status 8: model_status is Infeasible; primal_status is None),False,,,False,,,,,0.0,False,False,,,,,v6_F0300_k06125__v6_F0340_k06075,v6_F0300_k06125,v6_F0340_k06075,0.03,0.06125,0.034,0.06075,False,convex_hulls_disjoint;calibration_residual;endpoint_ess;hidden_morphology_effect,
2,True,5.551115123125783e-17,Optimization terminated successfully. (HiGHS Status 7: Optimal),True,0.003025986673172641,0.7746525883321961,True,6.5503158452884236e-15,maximum_total_entropy,[-0.46754249 -0.27859176],[0.13186712 0.02995286],3.469446951953614e-18,True,True,3.497202527569243e-15,0.18202006748476232,1.4534302925497333,1.9580860166347092,v6_F0320_k06125__v6_F0280_k05800,v6_F0320_k06125,v6_F0280_k05800,0.032,0.06125,0.028,0.058,False,endpoint_ess,
2,True,1.214306433183765e-17,Optimization terminated successfully. (HiGHS Status 7: Optimal),True,0.0028562245998839404,0.7311934975702887,True,1.4488410471358293e-14,maximum_total_entropy,[-0.46274932 -0.27623019],[0.13192722 0.02996062],3.469446951953614e-18,True,True,7.438494264988549e-15,0.1734174100350333,1.1507983469313157,2.5451300918826023,v6_F0320_k06125__v6_F0280_k05825,v6_F0320_k06125,v6_F0280_k05825,0.032,0.06125,0.028,0.05825,False,endpoint_ess,
2,False,,The problem is infeasible. (HiGHS Status 8: model_status is Infeasible; primal_status is None),False,,,False,,,,,0.0,False,False,,,,,v6_F0320_k06125__v6_F0300_k05850,v6_F0320_k06125,v6_F0300_k05850,0.032,0.06125,0.03,0.0585,False,convex_hulls_disjoint;calibration_residual;endpoint_ess;hidden_morphology_effect,
2,False,,The problem is infeasible. (HiGHS Status 8: model_status is Infeasible; primal_status is None),False,,,False,,,,,0.0,False,False,,,,,v6_F0320_k06125__v6_F0300_k05875,v6_F0320_k06125,v6_F0300_k05875,0.032,0.06125,0.03,0.058750000000000004,False,convex_hulls_disjoint;calibration_residual;endpoint_ess;hidden_morphology_effect,
2,False,,The problem is infeasible. (HiGHS Status 8: model_status is Infeasible; primal_status is None),False,,,False,,,,,0.0,False,False,,,,,v6_F0320_k06125__v6_F0300_k05925,v6_F0320_k06125,v6_F0300_k05925,0.032,0.06125,0.03,0.059250000000000004,False,convex_hulls_disjoint;calibration_residual;endpoint_ess;hidden_morphology_effect,
2,False,,The problem is infeasible. (HiGHS Status 8: model_status is Infeasible; primal_status is None),False,,,False,,,,,0.0,False,False,,,,,v6_F0320_k06125__v6_F0320_k05950,v6_F0320_k06125,v6_F0320_k05950,0.032,0.06125,0.032,0.0595,False,convex_hulls_disjoint;calibration_residual;endpoint_ess;hidden_morphology_effect,
2,False,,The problem is infeasible. (HiGHS Status 8: model_status is Infeasible; primal_status is None),False,,,False,,,,,0.0,False,False,,,,,v6_F0320_k06125__v6_F0320_k05975,v6_F0320_k06125,v6_F0320_k05975,0.032,0.06125,0.032,0.05975,False,convex_hulls_disjoint;calibration_residual;endpoint_ess;hidden_morphology_effect,
2,False,,The problem is infeasible. (HiGHS Status 8: model_status is Infeasible; primal_status is None),False,,,False,,,,,0.0,False,False,,,,,v6_F0320_k06125__v6_F0320_k06000,v6_F0320_k06125,v6_F0320_k06000,0.032,0.06125,0.032,0.06,False,convex_hulls_disjoint;calibration_residual;endpoint_ess;hidden_morphology_effect,
2,True,1.1102230246251565e-16,Optimization terminated successfully. (HiGHS Status 7: Optimal),True,0.000998830181744117,0.25570052652649394,True,9.992007221626409e-16,maximum_total_entropy,[-0.4825645  -0.21076946],[0.13167875 0.03017588],0.0,True,True,6.661338147750939e-16,0.00812137657142348,2.8386553344501926,54.20426230690733,v6_F0320_k06125__v6_F0320_k06025,v6_F0320_k06125,v6_F0320_k06025,0.032,0.06125,0.032,0.06025,False,endpoint_ess,
2,False,,The problem is infeasible. (HiGHS Status 8: model_status is Infeasible; primal_status is None),False,,,False,,,,,0.0,False,False,,,,,v6_F0320_k06125__v6_F0340_k06000,v6_F0320_k06125,v6_F0340_k06000,0.032,0.06125,0.034,0.06,False,convex_hulls_disjoint;calibration_residual;endpoint_ess;hidden_morphology_effect,
2,False,,The problem is infeasible. (HiGHS Status 8: model_status is Infeasible; primal_status is None),False,,,False,,,,,0.0,False,False,,,,,v6_F0320_k06125__v6_F0340_k06025,v6_F0320_k06125,v6_F0340_k06025,0.032,0.06125,0.034,0.06025,False,convex_hulls_disjoint;calibration_residual;endpoint_ess;hidden_morphology_effect,
2,False,,The problem is infeasible. (HiGHS Status 8: model_status is Infeasible; primal_status is None),False,,,False,,,,,0.0,False,False,,,,,v6_F0320_k06125__v6_F0340_k06050,v6_F0320_k06125,v6_F0340_k06050,0.032,0.06125,0.034,0.0605,False,convex_hulls_disjoint;calibration_residual;endpoint_ess;hidden_morphology_effect,
2,False,,The problem is infeasible. (HiGHS Status 8: model_status is Infeasible; primal_status is None),False,,,False,,,,,0.0,False,False,,,,,v6_F0320_k06125__v6_F0340_k06075,v6_F0320_k06125,v6_F0340_k06075,0.032,0.06125,0.034,0.06075,False,convex_hulls_disjoint;calibration_residual;endpoint_ess;hidden_morphology_effect,
2,True,6.938893903907228e-18,Optimization terminated successfully. (HiGHS Status 7: Optimal),True,0.0029192188176195267,0.7473200173105988,True,9.912959342273098e-12,maximum_total_entropy,[-0.76671394 -0.51005955],[0.1281156  0.02919171],3.469446951953614e-18,True,True,4.957145804951324e-12,0.15642220060383438,1.6940228797901176,2.0113863393517493,v6_F0320_k06150__v6_F0280_k05800,v6_F0320_k06150,v6_F0280_k05800,0.032,0.0615,0.028,0.058,False,endpoint_ess,
2,True,2.220446049250313e-16,Optimization terminated successfully. (HiGHS Status 7: Optimal),True,0.002745274518506624,0.7027902767376958,True,2.4424906541753444e-15,maximum_total_entropy,[-0.76295556 -0.50824266],[0.12816273 0.02919769],3.469446951953614e-18,True,True,1.3322676295501878e-15,0.1359949252511435,1.3926130168965678,2.6423929599537344,v6_F0320_k06150__v6_F0280_k05825,v6_F0320_k06150,v6_F0280_k05825,0.032,0.0615,0.028,0.05825,False,endpoint_ess,
2,False,,The problem is infeasible. (HiGHS Status 8: model_status is Infeasible; primal_status is None),False,,,False,,,,,0.0,False,False,,,,,v6_F0320_k06150__v6_F0300_k05850,v6_F0320_k06150,v6_F0300_k05850,0.032,0.0615,0.03,0.0585,False,convex_hulls_disjoint;calibration_residual;endpoint_ess;hidden_morphology_effect,
2,False,,The problem is infeasible. (HiGHS Status 8: model_status is Infeasible; primal_status is None),False,,,False,,,,,0.0,False,False,,,,,v6_F0320_k06150__v6_F0300_k05875,v6_F0320_k06150,v6_F0300_k05875,0.032,0.0615,0.03,0.058750000000000004,False,convex_hulls_disjoint;calibration_residual;endpoint_ess;hidden_morphology_effect,
2,False,,The problem is infeasible. (HiGHS Status 8: model_status is Infeasible; primal_status is None),False,,,False,,,,,0.0,False,False,,,,,v6_F0320_k06150__v6_F0300_k05925,v6_F0320_k06150,v6_F0300_k05925,0.032,0.0615,0.03,0.059250000000000004,False,convex_hulls_disjoint;calibration_residual;endpoint_ess;hidden_morphology_effect,
2,False,,The problem is infeasible. (HiGHS Status 8: model_status is Infeasible; primal_status is None),False,,,False,,,,,0.0,False,False,,,,,v6_F0320_k06150__v6_F0320_k05950,v6_F0320_k06150,v6_F0320_k05950,0.032,0.0615,0.032,0.0595,False,convex_hulls_disjoint;calibration_residual;endpoint_ess;hidden_morphology_effect,
2,False,,The problem is infeasible. (HiGHS Status 8: model_status is Infeasible; primal_status is None),False,,,False,,,,,0.0,False,False,,,,,v6_F0320_k06150__v6_F0320_k05975,v6_F0320_k06150,v6_F0320_k05975,0.032,0.0615,0.032,0.05975,False,convex_hulls_disjoint;calibration_residual;endpoint_ess;hidden_morphology_effect,
2,False,,The problem is infeasible. (HiGHS Status 8: model_status is Infeasible; primal_status is None),False,,,False,,,,,0.0,False,False,,,,,v6_F0320_k06150__v6_F0320_k06000,v6_F0320_k06150,v6_F0320_k06000,0.032,0.0615,0.032,0.06,False,convex_hulls_disjoint;calibration_residual;endpoint_ess;hidden_morphology_effect,
2,True,6.661338147750939e-16,Optimization terminated successfully. (HiGHS Status 7: Optimal),True,0.00038225405864937936,0.09785703901424112,False,4.4739212334832246e-11,maximum_minimum_weight_lp,[-0.68033192 -0.35541717],[0.12919881 0.02970023],0.0,True,True,2.2082335959794364e-13,0.00570961031977334,3.2534907589164384,158.13779617315487,v6_F0320_k06150__v6_F0320_k06025,v6_F0320_k06150,v6_F0320_k06025,0.032,0.0615,0.032,0.06025,False,endpoint_ess,
2,False,,The problem is infeasible. (HiGHS Status 8: model_status is Infeasible; primal_status is None),False,,,False,,,,,0.0,False,False,,,,,v6_F0320_k06150__v6_F0340_k06000,v6_F0320_k06150,v6_F0340_k06000,0.032,0.0615,0.034,0.06,False,convex_hulls_disjoint;calibration_residual;endpoint_ess;hidden_morphology_effect,
2,False,,The problem is infeasible. (HiGHS Status 8: model_status is Infeasible; primal_status is None),False,,,False,,,,,0.0,False,False,,,,,v6_F0320_k06150__v6_F0340_k06025,v6_F0320_k06150,v6_F0340_k06025,0.032,0.0615,0.034,0.06025,False,convex_hulls_disjoint;calibration_residual;endpoint_ess;hidden_morphology_effect,
2,False,,The problem is infeasible. (HiGHS Status 8: model_status is Infeasible; primal_status is None),False,,,False,,,,,0.0,False,False,,,,,v6_F0320_k06150__v6_F0340_k06050,v6_F0320_k06150,v6_F0340_k06050,0.032,0.0615,0.034,0.0605,False,convex_hulls_disjoint;calibration_residual;endpoint_ess;hidden_morphology_effect,
2,False,,The problem is infeasible. (HiGHS Status 8: model_status is Infeasible; primal_status is None),False,,,False,,,,,0.0,False,False,,,,,v6_F0320_k06150__v6_F0340_k06075,v6_F0320_k06150,v6_F0340_k06075,0.032,0.0615,0.034,0.06075,False,convex_hulls_disjoint;calibration_residual;endpoint_ess;hidden_morphology_effect,
2,True,0.0,Optimization terminated successfully. (HiGHS Status 7: Optimal),True,0.002842864968039114,0.7277734318180132,True,6.266098750984384e-13,maximum_total_entropy,[-1.04317777 -0.73172365],[0.12464883 0.0284628 ],3.469446951953614e-18,True,True,3.133049375492192e-13,0.1389688974117546,1.8582321062127578,2.0466807907239373,v6_F0320_k06175__v6_F0280_k05800,v6_F0320_k06175,v6_F0280_k05800,0.032,0.06175,0.028,0.058,False,endpoint_ess,
2,True,2.220446049250313e-16,Optimization terminated successfully. (HiGHS Status 7: Optimal),True,0.00267343297453765,0.6843988414816384,True,2.469136006766348e-13,maximum_total_entropy,[-1.03931923 -0.72954007],[0.12469721 0.02846999],3.469446951953614e-18,True,True,1.234568003383174e-13,0.11141580098233828,1.5602308082919025,2.708542003546547,v6_F0320_k06175__v6_F0280_k05825,v6_F0320_k06175,v6_F0280_k05825,0.032,0.06175,0.028,0.05825,False,endpoint_ess,
2,False,,The problem is infeasible. (HiGHS Status 8: model_status is Infeasible; primal_status is None),False,,,False,,,,,0.0,False,False,,,,,v6_F0320_k06175__v6_F0300_k05850,v6_F0320_k06175,v6_F0300_k05850,0.032,0.06175,0.03,0.0585,False,convex_hulls_disjoint;calibration_residual;endpoint_ess;hidden_morphology_effect,
2,False,,The problem is infeasible. (HiGHS Status 8: model_status is Infeasible; primal_status is None),False,,,False,,,,,0.0,False,False,,,,,v6_F0320_k06175__v6_F0300_k05875,v6_F0320_k06175,v6_F0300_k05875,0.032,0.06175,0.03,0.058750000000000004,False,convex_hulls_disjoint;calibration_residual;endpoint_ess;hidden_morphology_effect,
2,False,,The problem is infeasible. (HiGHS Status 8: model_status is Infeasible; primal_status is None),False,,,False,,,,,0.0,False,False,,,,,v6_F0320_k06175__v6_F0300_k05925,v6_F0320_k06175,v6_F0300_k05925,0.032,0.06175,0.03,0.059250000000000004,False,convex_hulls_disjoint;calibration_residual;endpoint_ess;hidden_morphology_effect,
2,False,,The problem is infeasible. (HiGHS Status 8: model_status is Infeasible; primal_status is None),False,,,False,,,,,0.0,False,False,,,,,v6_F0320_k06175__v6_F0320_k05950,v6_F0320_k06175,v6_F0320_k05950,0.032,0.06175,0.032,0.0595,False,convex_hulls_disjoint;calibration_residual;endpoint_ess;hidden_morphology_effect,
2,False,,The problem is infeasible. (HiGHS Status 8: model_status is Infeasible; primal_status is None),False,,,False,,,,,0.0,False,False,,,,,v6_F0320_k06175__v6_F0320_k05975,v6_F0320_k06175,v6_F0320_k05975,0.032,0.06175,0.032,0.05975,False,convex_hulls_disjoint;calibration_residual;endpoint_ess;hidden_morphology_effect,
2,False,,The problem is infeasible. (HiGHS Status 8: model_status is Infeasible; primal_status is None),False,,,False,,,,,0.0,False,False,,,,,v6_F0320_k06175__v6_F0320_k06000,v6_F0320_k06175,v6_F0320_k06000,0.032,0.06175,0.032,0.06,False,convex_hulls_disjoint;calibration_residual;endpoint_ess;hidden_morphology_effect,
2,False,,The problem is infeasible. (HiGHS Status 8: model_status is Infeasible; primal_status is Infeasible),False,,,False,,,,,0.0,False,False,,,,,v6_F0320_k06175__v6_F0320_k06025,v6_F0320_k06175,v6_F0320_k06025,0.032,0.06175,0.032,0.06025,False,convex_hulls_disjoint;calibration_residual;endpoint_ess;hidden_morphology_effect,
2,False,,The problem is infeasible. (HiGHS Status 8: model_status is Infeasible; primal_status is None),False,,,False,,,,,0.0,False,False,,,,,v6_F0320_k06175__v6_F0340_k06000,v6_F0320_k06175,v6_F0340_k06000,0.032,0.06175,0.034,0.06,False,convex_hulls_disjoint;calibration_residual;endpoint_ess;hidden_morphology_effect,
2,False,,The problem is infeasible. (HiGHS Status 8: model_status is Infeasible; primal_status is None),False,,,False,,,,,0.0,False,False,,,,,v6_F0320_k06175__v6_F0340_k06025,v6_F0320_k06175,v6_F0340_k06025,0.032,0.06175,0.034,0.06025,False,convex_hulls_disjoint;calibration_residual;endpoint_ess;hidden_morphology_effect,
2,False,,The problem is infeasible. (HiGHS Status 8: model_status is Infeasible; primal_status is None),False,,,False,,,,,0.0,False,False,,,,,v6_F0320_k06175__v6_F0340_k06050,v6_F0320_k06175,v6_F0340_k06050,0.032,0.06175,0.034,0.0605,False,convex_hulls_disjoint;calibration_residual;endpoint_ess;hidden_morphology_effect,
2,False,,The problem is infeasible. (HiGHS Status 8: model_status is Infeasible; primal_status is None),False,,,False,,,,,0.0,False,False,,,,,v6_F0320_k06175__v6_F0340_k06075,v6_F0320_k06175,v6_F0340_k06075,0.032,0.06175,0.034,0.06075,False,convex_hulls_disjoint;calibration_residual;endpoint_ess;hidden_morphology_effect,
2,True,1.1102230246251565e-16,Optimization terminated successfully. (HiGHS Status 7: Optimal),True,0.002775683859798071,0.7105750681083062,True,2.7755575615628914e-16,maximum_total_entropy,[-0.40480704 -0.02402035],[0.1326538  0.03078997],3.469446951953614e-18,True,True,8.326672684688674e-16,0.09085058151554065,1.4676288886920155,2.2570197597069246,v6_F0340_k06200__v6_F0280_k05800,v6_F0340_k06200,v6_F0280_k05800,0.034,0.062,0.028,0.058,False,endpoint_ess,
2,True,2.220446049250313e-16,Optimization terminated successfully. (HiGHS Status 7: Optimal),True,0.0025035214315146216,0.6409014864677431,True,2.0435042547006788e-15,maximum_total_entropy,[-0.39871714 -0.02067732],[0.13273017 0.03080096],3.469446951953614e-18,True,True,2.2620794126737565e-15,0.09449693937306149,1.0840488597923725,3.030897252348589,v6_F0340_k06200__v6_F0280_k05825,v6_F0340_k06200,v6_F0280_k05825,0.034,0.062,0.028,0.05825,False,endpoint_ess,
2,False,,The problem is infeasible. (HiGHS Status 8: model_status is Infeasible; primal_status is Infeasible),False,,,False,,,,,0.0,False,False,,,,,v6_F0340_k06200__v6_F0300_k05850,v6_F0340_k06200,v6_F0300_k05850,0.034,0.062,0.03,0.0585,False,convex_hulls_disjoint;calibration_residual;endpoint_ess;hidden_morphology_effect,
2,False,,The problem is infeasible. (HiGHS Status 8: model_status is Infeasible; primal_status is Infeasible),False,,,False,,,,,0.0,False,False,,,,,v6_F0340_k06200__v6_F0300_k05875,v6_F0340_k06200,v6_F0300_k05875,0.034,0.062,0.03,0.058750000000000004,False,convex_hulls_disjoint;calibration_residual;endpoint_ess;hidden_morphology_effect,
2,False,,The problem is infeasible. (HiGHS Status 8: model_status is Infeasible; primal_status is Infeasible),False,,,False,,,,,0.0,False,False,,,,,v6_F0340_k06200__v6_F0300_k05925,v6_F0340_k06200,v6_F0300_k05925,0.034,0.062,0.03,0.059250000000000004,False,convex_hulls_disjoint;calibration_residual;endpoint_ess;hidden_morphology_effect,
2,False,,The problem is infeasible. (HiGHS Status 8: model_status is Infeasible; primal_status is Infeasible),False,,,False,,,,,0.0,False,False,,,,,v6_F0340_k06200__v6_F0320_k05950,v6_F0340_k06200,v6_F0320_k05950,0.034,0.062,0.032,0.0595,False,convex_hulls_disjoint;calibration_residual;endpoint_ess;hidden_morphology_effect,
2,False,,The problem is infeasible. (HiGHS Status 8: model_status is Infeasible; primal_status is Infeasible),False,,,False,,,,,0.0,False,False,,,,,v6_F0340_k06200__v6_F0320_k05975,v6_F0340_k06200,v6_F0320_k05975,0.034,0.062,0.032,0.05975,False,convex_hulls_disjoint;calibration_residual;endpoint_ess;hidden_morphology_effect,
2,False,,The problem is infeasible. (HiGHS Status 8: model_status is Infeasible; primal_status is Infeasible),False,,,False,,,,,0.0,False,False,,,,,v6_F0340_k06200__v6_F0320_k06000,v6_F0340_k06200,v6_F0320_k06000,0.034,0.062,0.032,0.06,False,convex_hulls_disjoint;calibration_residual;endpoint_ess;hidden_morphology_effect,
2,True,1.1102230246251565e-16,Optimization terminated successfully. (HiGHS Status 7: Optimal),True,0.0007713939783106957,0.1974768584475381,True,3.0531133177191805e-16,maximum_total_entropy,[-0.21454349  0.04207525],[0.13503965 0.03100732],0.0,True,True,1.6653345369377348e-16,0.014975391807915496,1.5705841168679113,85.0501821663793,v6_F0340_k06200__v6_F0320_k06025,v6_F0340_k06200,v6_F0320_k06025,0.034,0.062,0.032,0.06025,False,endpoint_ess,
2,False,,The problem is infeasible. (HiGHS Status 8: model_status is Infeasible; primal_status is Infeasible),False,,,False,,,,,0.0,False,False,,,,,v6_F0340_k06200__v6_F0340_k06000,v6_F0340_k06200,v6_F0340_k06000,0.034,0.062,0.034,0.06,False,convex_hulls_disjoint;calibration_residual;endpoint_ess;hidden_morphology_effect,
2,False,,The problem is infeasible. (HiGHS Status 8: model_status is Infeasible; primal_status is Infeasible),False,,,False,,,,,0.0,False,False,,,,,v6_F0340_k06200__v6_F0340_k06025,v6_F0340_k06200,v6_F0340_k06025,0.034,0.062,0.034,0.06025,False,convex_hulls_disjoint;calibration_residual;endpoint_ess;hidden_morphology_effect,
2,False,,The problem is infeasible. (HiGHS Status 8: model_status is Infeasible; primal_status is Infeasible),False,,,False,,,,,0.0,False,False,,,,,v6_F0340_k06200__v6_F0340_k06050,v6_F0340_k06200,v6_F0340_k06050,0.034,0.062,0.034,0.0605,False,convex_hulls_disjoint;calibration_residual;endpoint_ess;hidden_morphology_effect,
2,False,,The problem is infeasible. (HiGHS Status 8: model_status is Infeasible; primal_status is Infeasible),False,,,False,,,,,0.0,False,False,,,,,v6_F0340_k06200__v6_F0340_k06075,v6_F0340_k06200,v6_F0340_k06075,0.034,0.062,0.034,0.06075,False,convex_hulls_disjoint;calibration_residual;endpoint_ess;hidden_morphology_effect,
2,True,6.938893903907228e-18,Optimization terminated successfully. (HiGHS Status 7: Optimal),True,0.002678441100450429,0.6856809217153098,True,2.609024107869118e-15,maximum_total_entropy,[-0.70472593 -0.26803011],[0.12889291 0.02998759],3.469446951953614e-18,True,True,2.1094237467877974e-15,0.08563036061331718,1.7018182536078166,2.2903924288783797,v6_F0340_k06225__v6_F0280_k05800,v6_F0340_k06225,v6_F0280_k05800,0.034,0.06225,0.028,0.058,False,endpoint_ess,
2,True,6.938893903907228e-17,Optimization terminated successfully. (HiGHS Status 7: Optimal),True,0.0024117656151191923,0.6174119974705132,True,3.205213872092827e-13,maximum_total_entropy,[-0.69888949 -0.26509004],[0.1289661  0.02999725],3.469446951953614e-18,True,True,1.616484723854228e-13,0.0829957364294765,1.3196896780457281,3.0975697597006433,v6_F0340_k06225__v6_F0280_k05825,v6_F0340_k06225,v6_F0280_k05825,0.034,0.06225,0.028,0.05825,False,endpoint_ess,
2,False,,The problem is infeasible. (HiGHS Status 8: model_status is Infeasible; primal_status is None),False,,,False,,,,,0.0,False,False,,,,,v6_F0340_k06225__v6_F0300_k05850,v6_F0340_k06225,v6_F0300_k05850,0.034,0.06225,0.03,0.0585,False,convex_hulls_disjoint;calibration_residual;endpoint_ess;hidden_morphology_effect,
2,False,,The problem is infeasible. (HiGHS Status 8: model_status is Infeasible; primal_status is None),False,,,False,,,,,0.0,False,False,,,,,v6_F0340_k06225__v6_F0300_k05875,v6_F0340_k06225,v6_F0300_k05875,0.034,0.06225,0.03,0.058750000000000004,False,convex_hulls_disjoint;calibration_residual;endpoint_ess;hidden_morphology_effect,
2,False,,The problem is infeasible. (HiGHS Status 8: model_status is Infeasible; primal_status is None),False,,,False,,,,,0.0,False,False,,,,,v6_F0340_k06225__v6_F0300_k05925,v6_F0340_k06225,v6_F0300_k05925,0.034,0.06225,0.03,0.059250000000000004,False,convex_hulls_disjoint;calibration_residual;endpoint_ess;hidden_morphology_effect,
2,False,,The problem is infeasible. (HiGHS Status 8: model_status is Infeasible; primal_status is None),False,,,False,,,,,0.0,False,False,,,,,v6_F0340_k06225__v6_F0320_k05950,v6_F0340_k06225,v6_F0320_k05950,0.034,0.06225,0.032,0.0595,False,convex_hulls_disjoint;calibration_residual;endpoint_ess;hidden_morphology_effect,
2,False,,The problem is infeasible. (HiGHS Status 8: model_status is Infeasible; primal_status is None),False,,,False,,,,,0.0,False,False,,,,,v6_F0340_k06225__v6_F0320_k05975,v6_F0340_k06225,v6_F0320_k05975,0.034,0.06225,0.032,0.05975,False,convex_hulls_disjoint;calibration_residual;endpoint_ess;hidden_morphology_effect,
2,False,,The problem is infeasible. (HiGHS Status 8: model_status is Infeasible; primal_status is None),False,,,False,,,,,0.0,False,False,,,,,v6_F0340_k06225__v6_F0320_k06000,v6_F0340_k06225,v6_F0320_k06000,0.034,0.06225,0.032,0.06,False,convex_hulls_disjoint;calibration_residual;endpoint_ess;hidden_morphology_effect,
2,True,7.968885967768458e-18,Optimization terminated successfully. (HiGHS Status 7: Optimal),True,0.000734721001227759,0.1880885763143063,True,3.0531133177191805e-16,maximum_total_entropy,[-0.44234546 -0.14844595],[0.13218308 0.03038082],0.0,True,True,4.996003610813204e-16,0.013039440062604738,1.9730017271827598,50.89623735552311,v6_F0340_k06225__v6_F0320_k06025,v6_F0340_k06225,v6_F0320_k06025,0.034,0.06225,0.032,0.06025,False,endpoint_ess,
2,False,,The problem is infeasible. (HiGHS Status 8: model_status is Infeasible; primal_status is None),False,,,False,,,,,0.0,False,False,,,,,v6_F0340_k06225__v6_F0340_k06000,v6_F0340_k06225,v6_F0340_k06000,0.034,0.06225,0.034,0.06,False,convex_hulls_disjoint;calibration_residual;endpoint_ess;hidden_morphology_effect,
2,False,,The problem is infeasible. (HiGHS Status 8: model_status is Infeasible; primal_status is None),False,,,False,,,,,0.0,False,False,,,,,v6_F0340_k06225__v6_F0340_k06025,v6_F0340_k06225,v6_F0340_k06025,0.034,0.06225,0.034,0.06025,False,convex_hulls_disjoint;calibration_residual;endpoint_ess;hidden_morphology_effect,
2,False,,The problem is infeasible. (HiGHS Status 8: model_status is Infeasible; primal_status is None),False,,,False,,,,,0.0,False,False,,,,,v6_F0340_k06225__v6_F0340_k06050,v6_F0340_k06225,v6_F0340_k06050,0.034,0.06225,0.034,0.0605,False,convex_hulls_disjoint;calibration_residual;endpoint_ess;hidden_morphology_effect,
2,False,,The problem is infeasible. (HiGHS Status 8: model_status is Infeasible; primal_status is None),False,,,False,,,,,0.0,False,False,,,,,v6_F0340_k06225__v6_F0340_k06075,v6_F0340_k06225,v6_F0340_k06075,0.034,0.06225,0.034,0.06075,False,convex_hulls_disjoint;calibration_residual;endpoint_ess;hidden_morphology_effect,
3,True,1.1102230246251565e-16,Optimization terminated successfully. (HiGHS Status 7: Optimal),True,0.0032583043025184812,0.8341259014447312,True,8.606448886894214e-13,maximum_total_entropy,[-0.58023663 -0.85751092 -1.08838051],[0.13045397 0.02804917 0.01531125],3.469446951953614e-18,True,True,4.303224443447107e-13,0.45802423772110407,1.4645600703957953,2.7756138629299443,v6_F0280_k05950__v6_F0280_k05800,v6_F0280_k05950,v6_F0280_k05800,0.028,0.0595,0.028,0.058,True,,1.5547914961098501
3,True,1.6653345369377348e-16,Optimization terminated successfully. (HiGHS Status 7: Optimal),True,0.003328405104593495,0.8520717067759347,True,1.0880185641326534e-14,maximum_total_entropy,[-0.6282602  -0.92121054 -1.14347081],[0.12985177 0.02783971 0.01523031],3.469446951953614e-18,True,True,5.551115123125783e-15,0.42653287248459637,1.3330187240730496,1.6902830785553364,v6_F0280_k05950__v6_F0280_k05825,v6_F0280_k05950,v6_F0280_k05825,0.028,0.0595,0.028,0.05825,True,,1.461771006387581
3,True,2.220446049250313e-16,Optimization terminated successfully. (HiGHS Status 7: Optimal),True,0.00043851197670967195,0.11225906603767602,True,2.220446049250313e-15,maximum_total_entropy,[1.35607722 1.010334   0.33964266],[0.15473475 0.03419128 0.01740941],0.0,True,True,1.1657341758564144e-15,0.0060504600397834505,1.673605292315169,41.10965695361288,v6_F0280_k05950__v6_F0300_k05850,v6_F0280_k05950,v6_F0300_k05850,0.028,0.0595,0.03,0.0585,False,endpoint_ess,
3,True,5.204170427930421e-17,Optimization terminated successfully. (HiGHS Status 7: Optimal),True,0.0008724412385886902,0.2233449570787047,True,2.0085044738493707e-12,maximum_total_entropy,[1.09577026 0.77682054 0.23120051],[0.15147058 0.03342341 0.01725008],0.0,True,True,1.003974681168529e-12,0.008449386005609879,1.380474046864312,21.53819564189771,v6_F0280_k05950__v6_F0300_k05875,v6_F0280_k05950,v6_F0300_k05875,0.028,0.0595,0.03,0.058750000000000004,False,endpoint_ess,
3,True,2.220446049250313e-16,Optimization terminated successfully. (HiGHS Status 7: Optimal),True,0.0015747698220801103,0.40314107445250824,True,7.771561172376096e-16,maximum_total_entropy,[0.62764384 0.38577749 0.03502945],[0.14560042 0.03213753 0.01696185],0.0,True,True,4.440892098500626e-16,0.017770083756025304,1.068689313531275,10.97596283022908,v6_F0280_k05950__v6_F0300_k05925,v6_F0280_k05950,v6_F0300_k05925,0.028,0.0595,0.03,0.059250000000000004,False,endpoint_ess,
3,True,2.220446049250313e-16,Optimization terminated successfully. (HiGHS Status 7: Optimal),True,0.0003769074811000406,0.0964883151616104,True,1.7763568394002505e-15,maximum_total_entropy,[1.35697434 1.28253757 0.87224163],[0.154746   0.03508637 0.01819194],0.0,True,True,8.881784197001252e-16,0.0066548037740111355,1.7577298133228454,15.942110791771167,v6_F0280_k05950__v6_F0320_k05950,v6_F0280_k05950,v6_F0320_k05950,0.028,0.0595,0.032,0.0595,False,endpoint_ess,
3,True,1.3877787807814457e-16,Optimization terminated successfully. (HiGHS Status 7: Optimal),True,0.0008038772110247262,0.2057925660223299,True,3.297362383136715e-12,maximum_total_entropy,[1.11250093 1.06564131 0.76549902],[0.15168038 0.03437315 0.01803511],0.0,True,True,1.6486811915683575e-12,0.008940115928893362,1.5383181977950233,10.873600802422411,v6_F0280_k05950__v6_F0320_k05975,v6_F0280_k05950,v6_F0320_k05975,0.028,0.0595,0.032,0.05975,False,endpoint_ess,
3,True,1.1102230246251565e-16,Optimization terminated successfully. (HiGHS Status 7: Optimal),True,0.0011231615473673501,0.28752935612604164,True,4.884981308350689e-15,maximum_total_entropy,[0.85250909 0.83439292 0.63240249],[0.14842016 0.03361272 0.01783955],0.0,True,True,3.552713678800501e-15,0.01270435382899375,1.3410085648801446,6.920053809663413,v6_F0280_k05950__v6_F0320_k06000,v6_F0280_k05950,v6_F0320_k06000,0.028,0.0595,0.032,0.06,False,endpoint_ess,
3,True,1.1102230246251565e-16,Optimization terminated successfully. (HiGHS Status 7: Optimal),True,0.0016235008610143975,0.41561622041968577,True,4.440892098500626e-16,maximum_total_entropy,[0.55396067 0.5769947  0.49262051],[0.14467646 0.03276631 0.01763417],0.0,True,True,4.996003610813204e-16,0.019958122911759794,1.1080677929351945,4.583027449522327,v6_F0280_k05950__v6_F0320_k06025,v6_F0280_k05950,v6_F0320_k06025,0.028,0.0595,0.032,0.06025,False,endpoint_ess,
3,False,,The problem is infeasible. (HiGHS Status 8: model_status is Infeasible; primal_status is Infeasible),False,,,False,,,,,0.0,False,False,,,,,v6_F0280_k05950__v6_F0340_k06000,v6_F0280_k05950,v6_F0340_k06000,0.028,0.0595,0.034,0.06,False,convex_hulls_disjoint;calibration_residual;endpoint_ess;hidden_morphology_effect,
3,False,,The problem is infeasible. (HiGHS Status 8: model_status is Infeasible; primal_status is Infeasible),False,,,False,,,,,0.0,False,False,,,,,v6_F0280_k05950__v6_F0340_k06025,v6_F0280_k05950,v6_F0340_k06025,0.028,0.0595,0.034,0.06025,False,convex_hulls_disjoint;calibration_residual;endpoint_ess;hidden_morphology_effect,
3,True,2.220446049250313e-16,Optimization terminated successfully. (HiGHS Status 7: Optimal),True,0.0004710530381746368,0.12058957777270703,True,4.1300296516055823e-14,maximum_total_entropy,[1.1443877  1.34202981 1.30079014],[0.15208023 0.035282   0.0188216 ],0.0,True,True,2.0650148258027912e-14,0.008010165606284208,1.6249965786311589,5.876840967095409,v6_F0280_k05950__v6_F0340_k06050,v6_F0280_k05950,v6_F0340_k06050,0.028,0.0595,0.034,0.0605,False,endpoint_ess,
3,True,2.220446049250313e-16,Optimization terminated successfully. (HiGHS Status 7: Optimal),True,0.0008954253700098969,0.2292288947225336,True,1.3322676295501878e-15,maximum_total_entropy,[0.88156837 1.10596882 1.16107927],[0.14878456 0.03450576 0.01861632],0.0,True,True,8.881784197001252e-16,0.010840846885249552,1.432652269573152,3.485947542827608,v6_F0280_k05950__v6_F0340_k06075,v6_F0280_k05950,v6_F0340_k06075,0.028,0.0595,0.034,0.06075,False,endpoint_ess,
3,True,3.3306690738754696e-16,Optimization terminated successfully. (HiGHS Status 7: Optimal),True,0.002149813038302757,0.5503521378055057,True,3.552713678800501e-15,maximum_total_entropy,[-1.39497669 -1.43546918 -1.4278764 ],[0.12023738 0.02614865 0.01481244],3.469446951953614e-18,True,True,2.220446049250313e-15,0.08870241708498,1.9116026987940713,5.725620323397022,v6_F0280_k06025__v6_F0280_k05800,v6_F0280_k06025,v6_F0280_k05800,0.028,0.06025,0.028,0.058,False,endpoint_ess,
3,True,2.220446049250313e-16,Optimization terminated successfully. (HiGHS Status 7: Optimal),True,0.0020018914421193724,0.5124842091825593,True,3.3306690738754696e-15,maximum_total_entropy,[-1.3900872  -1.45003054 -1.45553584],[0.12029869 0.02610077 0.0147718 ],3.469446951953614e-18,True,True,1.3322676295501878e-15,0.1450650615507574,1.8603449173777942,4.956644173847907,v6_F0280_k06025__v6_F0280_k05825,v6_F0280_k06025,v6_F0280_k05825,0.028,0.06025,0.028,0.05825,False,endpoint_ess,
3,False,,The problem is infeasible. (HiGHS Status 8: model_status is Infeasible; primal_status is None),False,,,False,,,,,0.0,False,False,,,,,v6_F0280_k06025__v6_F0300_k05850,v6_F0280_k06025,v6_F0300_k05850,0.028,0.06025,0.03,0.0585,False,convex_hulls_disjoint;calibration_residual;endpoint_ess;hidden_morphology_effect,
3,False,,The problem is infeasible. (HiGHS Status 8: model_status is Infeasible; primal_status is None),False,,,False,,,,,0.0,False,False,,,,,v6_F0280_k06025__v6_F0300_k05875,v6_F0280_k06025,v6_F0300_k05875,0.028,0.06025,0.03,0.058750000000000004,False,convex_hulls_disjoint;calibration_residual;endpoint_ess;hidden_morphology_effect,
3,False,,The problem is infeasible. (HiGHS Status 8: model_status is Infeasible; primal_status is None),False,,,False,,,,,0.0,False,False,,,,,v6_F0280_k06025__v6_F0300_k05925,v6_F0280_k06025,v6_F0300_k05925,0.028,0.06025,0.03,0.059250000000000004,False,convex_hulls_disjoint;calibration_residual;endpoint_ess;hidden_morphology_effect,
3,False,,The problem is infeasible. (HiGHS Status 8: model_status is Infeasible; primal_status is None),False,,,False,,,,,0.0,False,False,,,,,v6_F0280_k06025__v6_F0320_k05950,v6_F0280_k06025,v6_F0320_k05950,0.028,0.06025,0.032,0.0595,False,convex_hulls_disjoint;calibration_residual;endpoint_ess;hidden_morphology_effect,
3,False,,The problem is infeasible. (HiGHS Status 8: model_status is Infeasible; primal_status is None),False,,,False,,,,,0.0,False,False,,,,,v6_F0280_k06025__v6_F0320_k05975,v6_F0280_k06025,v6_F0320_k05975,0.028,0.06025,0.032,0.05975,False,convex_hulls_disjoint;calibration_residual;endpoint_ess;hidden_morphology_effect,
3,False,,The problem is infeasible. (HiGHS Status 8: model_status is Infeasible; primal_status is None),False,,,False,,,,,0.0,False,False,,,,,v6_F0280_k06025__v6_F0320_k06000,v6_F0280_k06025,v6_F0320_k06000,0.028,0.06025,0.032,0.06,False,convex_hulls_disjoint;calibration_residual;endpoint_ess;hidden_morphology_effect,
3,False,,The problem is infeasible. (HiGHS Status 8: model_status is Infeasible; primal_status is Infeasible),False,,,False,,,,,0.0,False,False,,,,,v6_F0280_k06025__v6_F0320_k06025,v6_F0280_k06025,v6_F0320_k06025,0.028,0.06025,0.032,0.06025,False,convex_hulls_disjoint;calibration_residual;endpoint_ess;hidden_morphology_effect,
3,False,,The problem is infeasible. (HiGHS Status 8: model_status is Infeasible; primal_status is None),False,,,False,,,,,0.0,False,False,,,,,v6_F0280_k06025__v6_F0340_k06000,v6_F0280_k06025,v6_F0340_k06000,0.028,0.06025,0.034,0.06,False,convex_hulls_disjoint;calibration_residual;endpoint_ess;hidden_morphology_effect,
3,False,,The problem is infeasible. (HiGHS Status 8: model_status is Infeasible; primal_status is None),False,,,False,,,,,0.0,False,False,,,,,v6_F0280_k06025__v6_F0340_k06025,v6_F0280_k06025,v6_F0340_k06025,0.028,0.06025,0.034,0.06025,False,convex_hulls_disjoint;calibration_residual;endpoint_ess;hidden_morphology_effect,
3,False,,The problem is infeasible. (HiGHS Status 8: model_status is Infeasible; primal_status is None),False,,,False,,,,,0.0,False,False,,,,,v6_F0280_k06025__v6_F0340_k06050,v6_F0280_k06025,v6_F0340_k06050,0.028,0.06025,0.034,0.0605,False,convex_hulls_disjoint;calibration_residual;endpoint_ess;hidden_morphology_effect,
3,False,,The problem is infeasible. (HiGHS Status 8: model_status is Infeasible; primal_status is None),False,,,False,,,,,0.0,False,False,,,,,v6_F0280_k06025__v6_F0340_k06075,v6_F0280_k06025,v6_F0340_k06075,0.028,0.06025,0.034,0.06075,False,convex_hulls_disjoint;calibration_residual;endpoint_ess;hidden_morphology_effect,
3,True,2.7755575615628914e-16,Optimization terminated successfully. (HiGHS Status 7: Optimal),True,0.0020287218689327546,0.5193527984467852,True,4.218847493575595e-15,maximum_total_entropy,[-1.59813661 -1.57111736 -1.51036224],[0.11768981 0.0257026  0.01469124],3.469446951953614e-18,True,True,3.3306690738754696e-15,0.06403537787139359,1.9682300401979462,6.3657458699899685,v6_F0280_k06050__v6_F0280_k05800,v6_F0280_k06050,v6_F0280_k05800,0.028,0.0605,0.028,0.058,False,endpoint_ess,
3,True,9.992007221626409e-16,Optimization terminated successfully. (HiGHS Status 7: Optimal),True,0.0018356227869264366,0.4699194334531678,True,3.9968028886505635e-15,maximum_total_entropy,[-1.58335084 -1.57650212 -1.53635613],[0.11787522 0.02568489 0.01465305],3.469446951953614e-18,True,True,5.10702591327572e-15,0.10981166203016063,1.9208283771024037,5.769889610565334,v6_F0280_k06050__v6_F0280_k05825,v6_F0280_k06050,v6_F0280_k05825,0.028,0.0605,0.028,0.05825,False,endpoint_ess,
3,False,,The problem is infeasible. (HiGHS Status 8: model_status is Infeasible; primal_status is None),False,,,False,,,,,3.469446951953614e-18,False,False,,,,,v6_F0280_k06050__v6_F0300_k05850,v6_F0280_k06050,v6_F0300_k05850,0.028,0.0605,0.03,0.0585,False,convex_hulls_disjoint;calibration_residual;endpoint_ess;hidden_morphology_effect,
3,False,,The problem is infeasible. (HiGHS Status 8: model_status is Infeasible; primal_status is None),False,,,False,,,,,3.469446951953614e-18,False,False,,,,,v6_F0280_k06050__v6_F0300_k05875,v6_F0280_k06050,v6_F0300_k05875,0.028,0.0605,0.03,0.058750000000000004,False,convex_hulls_disjoint;calibration_residual;endpoint_ess;hidden_morphology_effect,
3,False,,The problem is infeasible. (HiGHS Status 8: model_status is Infeasible; primal_status is None),False,,,False,,,,,3.469446951953614e-18,False,False,,,,,v6_F0280_k06050__v6_F0300_k05925,v6_F0280_k06050,v6_F0300_k05925,0.028,0.0605,0.03,0.059250000000000004,False,convex_hulls_disjoint;calibration_residual;endpoint_ess;hidden_morphology_effect,
3,False,,The problem is infeasible. (HiGHS Status 8: model_status is Infeasible; primal_status is None),False,,,False,,,,,3.469446951953614e-18,False,False,,,,,v6_F0280_k06050__v6_F0320_k05950,v6_F0280_k06050,v6_F0320_k05950,0.028,0.0605,0.032,0.0595,False,convex_hulls_disjoint;calibration_residual;endpoint_ess;hidden_morphology_effect,
3,False,,The problem is infeasible. (HiGHS Status 8: model_status is Infeasible; primal_status is None),False,,,False,,,,,3.469446951953614e-18,False,False,,,,,v6_F0280_k06050__v6_F0320_k05975,v6_F0280_k06050,v6_F0320_k05975,0.028,0.0605,0.032,0.05975,False,convex_hulls_disjoint;calibration_residual;endpoint_ess;hidden_morphology_effect,
3,False,,The problem is infeasible. (HiGHS Status 8: model_status is Infeasible; primal_status is None),False,,,False,,,,,3.469446951953614e-18,False,False,,,,,v6_F0280_k06050__v6_F0320_k06000,v6_F0280_k06050,v6_F0320_k06000,0.028,0.0605,0.032,0.06,False,convex_hulls_disjoint;calibration_residual;endpoint_ess;hidden_morphology_effect,
3,False,,The problem is infeasible. (HiGHS Status 8: model_status is Infeasible; primal_status is None),False,,,False,,,,,3.469446951953614e-18,False,False,,,,,v6_F0280_k06050__v6_F0320_k06025,v6_F0280_k06050,v6_F0320_k06025,0.028,0.0605,0.032,0.06025,False,convex_hulls_disjoint;calibration_residual;endpoint_ess;hidden_morphology_effect,
3,False,,The problem is infeasible. (HiGHS Status 8: model_status is Infeasible; primal_status is None),False,,,False,,,,,3.469446951953614e-18,False,False,,,,,v6_F0280_k06050__v6_F0340_k06000,v6_F0280_k06050,v6_F0340_k06000,0.028,0.0605,0.034,0.06,False,convex_hulls_disjoint;calibration_residual;endpoint_ess;hidden_morphology_effect,
3,False,,The problem is infeasible. (HiGHS Status 8: model_status is Infeasible; primal_status is None),False,,,False,,,,,3.469446951953614e-18,False,False,,,,,v6_F0280_k06050__v6_F0340_k06025,v6_F0280_k06050,v6_F0340_k06025,0.028,0.0605,0.034,0.06025,False,convex_hulls_disjoint;calibration_residual;endpoint_ess;hidden_morphology_effect,
3,False,,The problem is infeasible. (HiGHS Status 8: model_status is Infeasible; primal_status is None),False,,,False,,,,,3.469446951953614e-18,False,False,,,,,v6_F0280_k06050__v6_F0340_k06050,v6_F0280_k06050,v6_F0340_k06050,0.028,0.0605,0.034,0.0605,False,convex_hulls_disjoint;calibration_residual;endpoint_ess;hidden_morphology_effect,
3,False,,The problem is infeasible. (HiGHS Status 8: model_status is Infeasible; primal_status is None),False,,,False,,,,,3.469446951953614e-18,False,False,,,,,v6_F0280_k06050__v6_F0340_k06075,v6_F0280_k06050,v6_F0340_k06075,0.028,0.0605,0.034,0.06075,False,convex_hulls_disjoint;calibration_residual;endpoint_ess;hidden_morphology_effect,
3,True,1.1102230246251565e-16,Optimization terminated successfully. (HiGHS Status 7: Optimal),True,0.0033173152145646017,0.849232694928538,True,1.7064127888488656e-12,maximum_total_entropy,[-0.37275508 -0.42522502 -0.52467775],[0.13305572 0.02947068 0.01613948],3.469446951953614e-18,True,True,8.533174167268953e-13,0.38571228910803484,1.2971077044121515,0.914455334880752,v6_F0300_k06025__v6_F0280_k05800,v6_F0300_k06025,v6_F0280_k05800,0.03,0.06025,0.028,0.058,True,,1.4442410822221312
3,True,2.220446049250313e-16,Optimization terminated successfully. (HiGHS Status 7: Optimal),True,0.003323548586258143,0.8508284380820846,True,9.71445146547012e-14,maximum_total_entropy,[-0.37581619 -0.43097907 -0.51986605],[0.13301734 0.02945175 0.01614655],3.469446951953614e-18,True,True,4.8627768478581856e-14,0.36033460722202687,1.0485406266071327,1.3376396936249462,v6_F0300_k06025__v6_F0280_k05825,v6_F0300_k06025,v6_F0280_k05825,0.03,0.06025,0.028,0.05825,True,,1.1618259455368987
3,False,,The problem is infeasible. (HiGHS Status 8: model_status is Infeasible; primal_status is Infeasible),False,,,False,,,,,0.0,False,False,,,,,v6_F0300_k06025__v6_F0300_k05850,v6_F0300_k06025,v6_F0300_k05850,0.03,0.06025,0.03,0.0585,False,convex_hulls_disjoint;calibration_residual;endpoint_ess;hidden_morphology_effect,
3,False,,The problem is infeasible. (HiGHS Status 8: model_status is Infeasible; primal_status is Infeasible),False,,,False,,,,,0.0,False,False,,,,,v6_F0300_k06025__v6_F0300_k05875,v6_F0300_k06025,v6_F0300_k05875,0.03,0.06025,0.03,0.058750000000000004,False,convex_hulls_disjoint;calibration_residual;endpoint_ess;hidden_morphology_effect,
3,False,,The problem is infeasible. (HiGHS Status 8: model_status is Infeasible; primal_status is Infeasible),False,,,False,,,,,0.0,False,False,,,,,v6_F0300_k06025__v6_F0300_k05925,v6_F0300_k06025,v6_F0300_k05925,0.03,0.06025,0.03,0.059250000000000004,False,convex_hulls_disjoint;calibration_residual;endpoint_ess;hidden_morphology_effect,
3,False,,The problem is infeasible. (HiGHS Status 8: model_status is Infeasible; primal_status is Infeasible),False,,,False,,,,,0.0,False,False,,,,,v6_F0300_k06025__v6_F0320_k05950,v6_F0300_k06025,v6_F0320_k05950,0.03,0.06025,0.032,0.0595,False,convex_hulls_disjoint;calibration_residual;endpoint_ess;hidden_morphology_effect,
3,False,,The problem is infeasible. (HiGHS Status 8: model_status is Infeasible; primal_status is Infeasible),False,,,False,,,,,0.0,False,False,,,,,v6_F0300_k06025__v6_F0320_k05975,v6_F0300_k06025,v6_F0320_k05975,0.03,0.06025,0.032,0.05975,False,convex_hulls_disjoint;calibration_residual;endpoint_ess;hidden_morphology_effect,
3,False,,The problem is infeasible. (HiGHS Status 8: model_status is Infeasible; primal_status is Infeasible),False,,,False,,,,,0.0,False,False,,,,,v6_F0300_k06025__v6_F0320_k06000,v6_F0300_k06025,v6_F0320_k06000,0.03,0.06025,0.032,0.06,False,convex_hulls_disjoint;calibration_residual;endpoint_ess;hidden_morphology_effect,
3,False,,The problem is infeasible. (HiGHS Status 8: model_status is Infeasible; primal_status is Infeasible),False,,,False,,,,,0.0,False,False,,,,,v6_F0300_k06025__v6_F0320_k06025,v6_F0300_k06025,v6_F0320_k06025,0.03,0.06025,0.032,0.06025,False,convex_hulls_disjoint;calibration_residual;endpoint_ess;hidden_morphology_effect,
3,False,,The problem is infeasible. (HiGHS Status 8: model_status is Infeasible; primal_status is Infeasible),False,,,False,,,,,0.0,False,False,,,,,v6_F0300_k06025__v6_F0340_k06000,v6_F0300_k06025,v6_F0340_k06000,0.03,0.06025,0.034,0.06,False,convex_hulls_disjoint;calibration_residual;endpoint_ess;hidden_morphology_effect,
3,False,,The problem is infeasible. (HiGHS Status 8: model_status is Infeasible; primal_status is Infeasible),False,,,False,,,,,0.0,False,False,,,,,v6_F0300_k06025__v6_F0340_k06025,v6_F0300_k06025,v6_F0340_k06025,0.03,0.06025,0.034,0.06025,False,convex_hulls_disjoint;calibration_residual;endpoint_ess;hidden_morphology_effect,
3,False,,The problem is infeasible. (HiGHS Status 8: model_status is Infeasible; primal_status is Infeasible),False,,,False,,,,,0.0,False,False,,,,,v6_F0300_k06025__v6_F0340_k06050,v6_F0300_k06025,v6_F0340_k06050,0.03,0.06025,0.034,0.0605,False,convex_hulls_disjoint;calibration_residual;endpoint_ess;hidden_morphology_effect,
3,False,,The problem is infeasible. (HiGHS Status 8: model_status is Infeasible; primal_status is Infeasible),False,,,False,,,,,0.0,False,False,,,,,v6_F0300_k06025__v6_F0340_k06075,v6_F0300_k06025,v6_F0340_k06075,0.03,0.06025,0.034,0.06075,False,convex_hulls_disjoint;calibration_residual;endpoint_ess;hidden_morphology_effect,
3,True,1.3877787807814457e-17,Optimization terminated successfully. (HiGHS Status 7: Optimal),True,0.0031676263442772337,0.8109123441349718,True,4.440892098500626e-16,maximum_total_entropy,[-0.64823646 -0.63387101 -0.67373898],[0.12960127 0.02878458 0.01592047],3.469446951953614e-18,True,True,4.440892098500626e-16,0.26138554037221634,1.5993731425508044,1.4044707332709292,v6_F0300_k06050__v6_F0280_k05800,v6_F0300_k06050,v6_F0280_k05800,0.03,0.0605,0.028,0.058,True,,1.6598423760733663
3,True,1.942890293094024e-16,Optimization terminated successfully. (HiGHS Status 7: Optimal),True,0.0031336811545077735,0.80222237555399,True,1.5543122344752192e-15,maximum_total_entropy,[-0.65143789 -0.64007804 -0.67182865],[0.12956113 0.02876417 0.01592328],3.469446951953614e-18,True,True,2.6645352591003757e-15,0.24263015761634207,1.36444925836135,1.23486878909314,v6_F0300_k06050__v6_F0280_k05825,v6_F0300_k06050,v6_F0280_k05825,0.03,0.0605,0.028,0.05825,True,,1.4240208977148638
3,False,,The problem is infeasible. (HiGHS Status 8: model_status is Infeasible; primal_status is None),False,,,False,,,,,0.0,False,False,,,,,v6_F0300_k06050__v6_F0300_k05850,v6_F0300_k06050,v6_F0300_k05850,0.03,0.0605,0.03,0.0585,False,convex_hulls_disjoint;calibration_residual;endpoint_ess;hidden_morphology_effect,
3,False,,The problem is infeasible. (HiGHS Status 8: model_status is Infeasible; primal_status is None),False,,,False,,,,,0.0,False,False,,,,,v6_F0300_k06050__v6_F0300_k05875,v6_F0300_k06050,v6_F0300_k05875,0.03,0.0605,0.03,0.058750000000000004,False,convex_hulls_disjoint;calibration_residual;endpoint_ess;hidden_morphology_effect,
3,False,,The problem is infeasible. (HiGHS Status 8: model_status is Infeasible; primal_status is Infeasible),False,,,False,,,,,0.0,False,False,,,,,v6_F0300_k06050__v6_F0300_k05925,v6_F0300_k06050,v6_F0300_k05925,0.03,0.0605,0.03,0.059250000000000004,False,convex_hulls_disjoint;calibration_residual;endpoint_ess;hidden_morphology_effect,
3,False,,The problem is infeasible. (HiGHS Status 8: model_status is Infeasible; primal_status is None),False,,,False,,,,,0.0,False,False,,,,,v6_F0300_k06050__v6_F0320_k05950,v6_F0300_k06050,v6_F0320_k05950,0.03,0.0605,0.032,0.0595,False,convex_hulls_disjoint;calibration_residual;endpoint_ess;hidden_morphology_effect,
3,False,,The problem is infeasible. (HiGHS Status 8: model_status is Infeasible; primal_status is None),False,,,False,,,,,0.0,False,False,,,,,v6_F0300_k06050__v6_F0320_k05975,v6_F0300_k06050,v6_F0320_k05975,0.03,0.0605,0.032,0.05975,False,convex_hulls_disjoint;calibration_residual;endpoint_ess;hidden_morphology_effect,
3,False,,The problem is infeasible. (HiGHS Status 8: model_status is Infeasible; primal_status is None),False,,,False,,,,,0.0,False,False,,,,,v6_F0300_k06050__v6_F0320_k06000,v6_F0300_k06050,v6_F0320_k06000,0.03,0.0605,0.032,0.06,False,convex_hulls_disjoint;calibration_residual;endpoint_ess;hidden_morphology_effect,
3,False,,The problem is infeasible. (HiGHS Status 8: model_status is Infeasible; primal_status is Infeasible),False,,,False,,,,,0.0,False,False,,,,,v6_F0300_k06050__v6_F0320_k06025,v6_F0300_k06050,v6_F0320_k06025,0.03,0.0605,0.032,0.06025,False,convex_hulls_disjoint;calibration_residual;endpoint_ess;hidden_morphology_effect,
3,False,,The problem is infeasible. (HiGHS Status 8: model_status is Infeasible; primal_status is None),False,,,False,,,,,0.0,False,False,,,,,v6_F0300_k06050__v6_F0340_k06000,v6_F0300_k06050,v6_F0340_k06000,0.03,0.0605,0.034,0.06,False,convex_hulls_disjoint;calibration_residual;endpoint_ess;hidden_morphology_effect,
3,False,,The problem is infeasible. (HiGHS Status 8: model_status is Infeasible; primal_status is None),False,,,False,,,,,0.0,False,False,,,,,v6_F0300_k06050__v6_F0340_k06025,v6_F0300_k06050,v6_F0340_k06025,0.03,0.0605,0.034,0.06025,False,convex_hulls_disjoint;calibration_residual;endpoint_ess;hidden_morphology_effect,
3,False,,The problem is infeasible. (HiGHS Status 8: model_status is Infeasible; primal_status is None),False,,,False,,,,,0.0,False,False,,,,,v6_F0300_k06050__v6_F0340_k06050,v6_F0300_k06050,v6_F0340_k06050,0.03,0.0605,0.034,0.0605,False,convex_hulls_disjoint;calibration_residual;endpoint_ess;hidden_morphology_effect,
3,False,,The problem is infeasible. (HiGHS Status 8: model_status is Infeasible; primal_status is None),False,,,False,,,,,0.0,False,False,,,,,v6_F0300_k06050__v6_F0340_k06075,v6_F0300_k06050,v6_F0340_k06075,0.03,0.0605,0.034,0.06075,False,convex_hulls_disjoint;calibration_residual;endpoint_ess;hidden_morphology_effect,
3,True,4.215378046623641e-16,Optimization terminated successfully. (HiGHS Status 7: Optimal),True,0.0029150578078753968,0.7462547988161016,True,1.3322676295501878e-15,maximum_total_entropy,[-0.8943002  -0.80592402 -0.77165238],[0.12651571 0.02821881 0.01577661],3.469446951953614e-18,True,True,7.771561172376096e-16,0.1657886603706039,1.8545013734765639,2.1218931577950477,v6_F0300_k06075__v6_F0280_k05800,v6_F0300_k06075,v6_F0280_k05800,0.03,0.06075,0.028,0.058,False,endpoint_ess,
3,True,4.440892098500626e-16,Optimization terminated successfully. (HiGHS Status 7: Optimal),True,0.002776466274530154,0.7107753662797194,True,6.59472476627343e-14,maximum_total_entropy,[-0.89885691 -0.81202352 -0.76941878],[0.12645857 0.02819875 0.01577989],3.469446951953614e-18,True,True,3.574918139293004e-14,0.1634641677051165,1.6363747890967573,1.5864129408450574,v6_F0300_k06075__v6_F0280_k05825,v6_F0300_k06075,v6_F0280_k05825,0.03,0.06075,0.028,0.05825,False,endpoint_ess,
3,False,,The problem is infeasible. (HiGHS Status 8: model_status is Infeasible; primal_status is None),False,,,False,,,,,0.0,False,False,,,,,v6_F0300_k06075__v6_F0300_k05850,v6_F0300_k06075,v6_F0300_k05850,0.03,0.06075,0.03,0.0585,False,convex_hulls_disjoint;calibration_residual;endpoint_ess;hidden_morphology_effect,
3,False,,The problem is infeasible. (HiGHS Status 8: model_status is Infeasible; primal_status is None),False,,,False,,,,,0.0,False,False,,,,,v6_F0300_k06075__v6_F0300_k05875,v6_F0300_k06075,v6_F0300_k05875,0.03,0.06075,0.03,0.058750000000000004,False,convex_hulls_disjoint;calibration_residual;endpoint_ess;hidden_morphology_effect,
3,False,,The problem is infeasible. (HiGHS Status 8: model_status is Infeasible; primal_status is None),False,,,False,,,,,0.0,False,False,,,,,v6_F0300_k06075__v6_F0300_k05925,v6_F0300_k06075,v6_F0300_k05925,0.03,0.06075,0.03,0.059250000000000004,False,convex_hulls_disjoint;calibration_residual;endpoint_ess;hidden_morphology_effect,
3,False,,The problem is infeasible. (HiGHS Status 8: model_status is Infeasible; primal_status is None),False,,,False,,,,,0.0,False,False,,,,,v6_F0300_k06075__v6_F0320_k05950,v6_F0300_k06075,v6_F0320_k05950,0.03,0.06075,0.032,0.0595,False,convex_hulls_disjoint;calibration_residual;endpoint_ess;hidden_morphology_effect,
3,False,,The problem is infeasible. (HiGHS Status 8: model_status is Infeasible; primal_status is None),False,,,False,,,,,0.0,False,False,,,,,v6_F0300_k06075__v6_F0320_k05975,v6_F0300_k06075,v6_F0320_k05975,0.03,0.06075,0.032,0.05975,False,convex_hulls_disjoint;calibration_residual;endpoint_ess;hidden_morphology_effect,
3,False,,The problem is infeasible. (HiGHS Status 8: model_status is Infeasible; primal_status is None),False,,,False,,,,,0.0,False,False,,,,,v6_F0300_k06075__v6_F0320_k06000,v6_F0300_k06075,v6_F0320_k06000,0.03,0.06075,0.032,0.06,False,convex_hulls_disjoint;calibration_residual;endpoint_ess;hidden_morphology_effect,
3,False,,The problem is infeasible. (HiGHS Status 8: model_status is Infeasible; primal_status is None),False,,,False,,,,,0.0,False,False,,,,,v6_F0300_k06075__v6_F0320_k06025,v6_F0300_k06075,v6_F0320_k06025,0.03,0.06075,0.032,0.06025,False,convex_hulls_disjoint;calibration_residual;endpoint_ess;hidden_morphology_effect,
3,False,,The problem is infeasible. (HiGHS Status 8: model_status is Infeasible; primal_status is None),False,,,False,,,,,0.0,False,False,,,,,v6_F0300_k06075__v6_F0340_k06000,v6_F0300_k06075,v6_F0340_k06000,0.03,0.06075,0.034,0.06,False,convex_hulls_disjoint;calibration_residual;endpoint_ess;hidden_morphology_effect,
3,False,,The problem is infeasible. (HiGHS Status 8: model_status is Infeasible; primal_status is None),False,,,False,,,,,0.0,False,False,,,,,v6_F0300_k06075__v6_F0340_k06025,v6_F0300_k06075,v6_F0340_k06025,0.03,0.06075,0.034,0.06025,False,convex_hulls_disjoint;calibration_residual;endpoint_ess;hidden_morphology_effect,
3,False,,The problem is infeasible. (HiGHS Status 8: model_status is Infeasible; primal_status is None),False,,,False,,,,,0.0,False,False,,,,,v6_F0300_k06075__v6_F0340_k06050,v6_F0300_k06075,v6_F0340_k06050,0.03,0.06075,0.034,0.0605,False,convex_hulls_disjoint;calibration_residual;endpoint_ess;hidden_morphology_effect,
3,False,,The problem is infeasible. (HiGHS Status 8: model_status is Infeasible; primal_status is None),False,,,False,,,,,0.0,False,False,,,,,v6_F0300_k06075__v6_F0340_k06075,v6_F0300_k06075,v6_F0340_k06075,0.03,0.06075,0.034,0.06075,False,convex_hulls_disjoint;calibration_residual;endpoint_ess;hidden_morphology_effect,
3,True,4.440892098500626e-16,Optimization terminated successfully. (HiGHS Status 7: Optimal),True,0.0025751510982926886,0.6592386811629283,True,1.2212453270876722e-15,maximum_total_entropy,[-1.10119014 -0.96792545 -0.88703242],[0.12392137 0.02768609 0.01560709],3.469446951953614e-18,True,True,6.661338147750939e-16,0.11667542520979855,1.9825656322227996,2.8130690471336615,v6_F0300_k06100__v6_F0280_k05800,v6_F0300_k06100,v6_F0280_k05800,0.03,0.061,0.028,0.058,False,endpoint_ess,
3,True,8.881784197001252e-16,Optimization terminated successfully. (HiGHS Status 7: Optimal),True,0.002413699473072271,0.6179070651065014,True,3.774758283725532e-15,maximum_total_entropy,[-1.10452948 -0.97256107 -0.88601935],[0.1238795  0.02767085 0.01560857],3.469446951953614e-18,True,True,4.218847493575595e-15,0.12794210517780194,1.785317565797124,2.2219662205721478,v6_F0300_k06100__v6_F0280_k05825,v6_F0300_k06100,v6_F0280_k05825,0.03,0.061,0.028,0.05825,False,endpoint_ess,
3,False,,The problem is infeasible. (HiGHS Status 8: model_status is Infeasible; primal_status is None),False,,,False,,,,,0.0,False,False,,,,,v6_F0300_k06100__v6_F0300_k05850,v6_F0300_k06100,v6_F0300_k05850,0.03,0.061,0.03,0.0585,False,convex_hulls_disjoint;calibration_residual;endpoint_ess;hidden_morphology_effect,
3,False,,The problem is infeasible. (HiGHS Status 8: model_status is Infeasible; primal_status is None),False,,,False,,,,,0.0,False,False,,,,,v6_F0300_k06100__v6_F0300_k05875,v6_F0300_k06100,v6_F0300_k05875,0.03,0.061,0.03,0.058750000000000004,False,convex_hulls_disjoint;calibration_residual;endpoint_ess;hidden_morphology_effect,
3,False,,The problem is infeasible. (HiGHS Status 8: model_status is Infeasible; primal_status is None),False,,,False,,,,,0.0,False,False,,,,,v6_F0300_k06100__v6_F0300_k05925,v6_F0300_k06100,v6_F0300_k05925,0.03,0.061,0.03,0.059250000000000004,False,convex_hulls_disjoint;calibration_residual;endpoint_ess;hidden_morphology_effect,
3,False,,The problem is infeasible. (HiGHS Status 8: model_status is Infeasible; primal_status is None),False,,,False,,,,,0.0,False,False,,,,,v6_F0300_k06100__v6_F0320_k05950,v6_F0300_k06100,v6_F0320_k05950,0.03,0.061,0.032,0.0595,False,convex_hulls_disjoint;calibration_residual;endpoint_ess;hidden_morphology_effect,
3,False,,The problem is infeasible. (HiGHS Status 8: model_status is Infeasible; primal_status is None),False,,,False,,,,,0.0,False,False,,,,,v6_F0300_k06100__v6_F0320_k05975,v6_F0300_k06100,v6_F0320_k05975,0.03,0.061,0.032,0.05975,False,convex_hulls_disjoint;calibration_residual;endpoint_ess;hidden_morphology_effect,
3,False,,The problem is infeasible. (HiGHS Status 8: model_status is Infeasible; primal_status is None),False,,,False,,,,,0.0,False,False,,,,,v6_F0300_k06100__v6_F0320_k06000,v6_F0300_k06100,v6_F0320_k06000,0.03,0.061,0.032,0.06,False,convex_hulls_disjoint;calibration_residual;endpoint_ess;hidden_morphology_effect,
3,False,,The problem is infeasible. (HiGHS Status 8: model_status is Infeasible; primal_status is None),False,,,False,,,,,0.0,False,False,,,,,v6_F0300_k06100__v6_F0320_k06025,v6_F0300_k06100,v6_F0320_k06025,0.03,0.061,0.032,0.06025,False,convex_hulls_disjoint;calibration_residual;endpoint_ess;hidden_morphology_effect,
3,False,,The problem is infeasible. (HiGHS Status 8: model_status is Infeasible; primal_status is None),False,,,False,,,,,0.0,False,False,,,,,v6_F0300_k06100__v6_F0340_k06000,v6_F0300_k06100,v6_F0340_k06000,0.03,0.061,0.034,0.06,False,convex_hulls_disjoint;calibration_residual;endpoint_ess;hidden_morphology_effect,
3,False,,The problem is infeasible. (HiGHS Status 8: model_status is Infeasible; primal_status is None),False,,,False,,,,,0.0,False,False,,,,,v6_F0300_k06100__v6_F0340_k06025,v6_F0300_k06100,v6_F0340_k06025,0.03,0.061,0.034,0.06025,False,convex_hulls_disjoint;calibration_residual;endpoint_ess;hidden_morphology_effect,
3,False,,The problem is infeasible. (HiGHS Status 8: model_status is Infeasible; primal_status is None),False,,,False,,,,,0.0,False,False,,,,,v6_F0300_k06100__v6_F0340_k06050,v6_F0300_k06100,v6_F0340_k06050,0.03,0.061,0.034,0.0605,False,convex_hulls_disjoint;calibration_residual;endpoint_ess;hidden_morphology_effect,
3,False,,The problem is infeasible. (HiGHS Status 8: model_status is Infeasible; primal_status is None),False,,,False,,,,,0.0,False,False,,,,,v6_F0300_k06100__v6_F0340_k06075,v6_F0300_k06100,v6_F0340_k06075,0.03,0.061,0.034,0.06075,False,convex_hulls_disjoint;calibration_residual;endpoint_ess;hidden_morphology_effect,
3,True,1.6653345369377348e-16,Optimization terminated successfully. (HiGHS Status 7: Optimal),True,0.002468401315981531,0.631910736891272,True,9.447997939560082e-13,maximum_total_entropy,[-1.29613028 -1.12279086 -1.0015602 ],[0.12147688 0.02717684 0.01543881],3.469446951953614e-18,True,True,4.727329638853917e-13,0.08493032905224039,2.0647978782893106,3.4953916913377863,v6_F0300_k06125__v6_F0280_k05800,v6_F0300_k06125,v6_F0280_k05800,0.03,0.06125,0.028,0.058,False,endpoint_ess,
3,True,4.440892098500626e-16,Optimization terminated successfully. (HiGHS Status 7: Optimal),True,0.002263906376114733,0.5795600322853717,True,2.042810365310288e-14,maximum_total_entropy,[-1.29508628 -1.12355102 -1.00389718],[0.12148997 0.02717434 0.01543538],3.469446951953614e-18,True,True,1.0436096431476471e-14,0.10498195904085111,1.8856107748899171,2.9924368930577017,v6_F0300_k06125__v6_F0280_k05825,v6_F0300_k06125,v6_F0280_k05825,0.03,0.06125,0.028,0.05825,False,endpoint_ess,
3,False,,The problem is infeasible. (HiGHS Status 8: model_status is Infeasible; primal_status is None),False,,,False,,,,,0.0,False,False,,,,,v6_F0300_k06125__v6_F0300_k05850,v6_F0300_k06125,v6_F0300_k05850,0.03,0.06125,0.03,0.0585,False,convex_hulls_disjoint;calibration_residual;endpoint_ess;hidden_morphology_effect,
3,False,,The problem is infeasible. (HiGHS Status 8: model_status is Infeasible; primal_status is None),False,,,False,,,,,0.0,False,False,,,,,v6_F0300_k06125__v6_F0300_k05875,v6_F0300_k06125,v6_F0300_k05875,0.03,0.06125,0.03,0.058750000000000004,False,convex_hulls_disjoint;calibration_residual;endpoint_ess;hidden_morphology_effect,
3,False,,The problem is infeasible. (HiGHS Status 8: model_status is Infeasible; primal_status is None),False,,,False,,,,,0.0,False,False,,,,,v6_F0300_k06125__v6_F0300_k05925,v6_F0300_k06125,v6_F0300_k05925,0.03,0.06125,0.03,0.059250000000000004,False,convex_hulls_disjoint;calibration_residual;endpoint_ess;hidden_morphology_effect,
3,False,,The problem is infeasible. (HiGHS Status 8: model_status is Infeasible; primal_status is None),False,,,False,,,,,0.0,False,False,,,,,v6_F0300_k06125__v6_F0320_k05950,v6_F0300_k06125,v6_F0320_k05950,0.03,0.06125,0.032,0.0595,False,convex_hulls_disjoint;calibration_residual;endpoint_ess;hidden_morphology_effect,
3,False,,The problem is infeasible. (HiGHS Status 8: model_status is Infeasible; primal_status is None),False,,,False,,,,,0.0,False,False,,,,,v6_F0300_k06125__v6_F0320_k05975,v6_F0300_k06125,v6_F0320_k05975,0.03,0.06125,0.032,0.05975,False,convex_hulls_disjoint;calibration_residual;endpoint_ess;hidden_morphology_effect,
3,False,,The problem is infeasible. (HiGHS Status 8: model_status is Infeasible; primal_status is None),False,,,False,,,,,0.0,False,False,,,,,v6_F0300_k06125__v6_F0320_k06000,v6_F0300_k06125,v6_F0320_k06000,0.03,0.06125,0.032,0.06,False,convex_hulls_disjoint;calibration_residual;endpoint_ess;hidden_morphology_effect,
3,False,,The problem is infeasible. (HiGHS Status 8: model_status is Infeasible; primal_status is None),False,,,False,,,,,0.0,False,False,,,,,v6_F0300_k06125__v6_F0320_k06025,v6_F0300_k06125,v6_F0320_k06025,0.03,0.06125,0.032,0.06025,False,convex_hulls_disjoint;calibration_residual;endpoint_ess;hidden_morphology_effect,
3,False,,The problem is infeasible. (HiGHS Status 8: model_status is Infeasible; primal_status is None),False,,,False,,,,,0.0,False,False,,,,,v6_F0300_k06125__v6_F0340_k06000,v6_F0300_k06125,v6_F0340_k06000,0.03,0.06125,0.034,0.06,False,convex_hulls_disjoint;calibration_residual;endpoint_ess;hidden_morphology_effect,
3,False,,The problem is infeasible. (HiGHS Status 8: model_status is Infeasible; primal_status is None),False,,,False,,,,,0.0,False,False,,,,,v6_F0300_k06125__v6_F0340_k06025,v6_F0300_k06125,v6_F0340_k06025,0.03,0.06125,0.034,0.06025,False,convex_hulls_disjoint;calibration_residual;endpoint_ess;hidden_morphology_effect,
3,False,,The problem is infeasible. (HiGHS Status 8: model_status is Infeasible; primal_status is None),False,,,False,,,,,0.0,False,False,,,,,v6_F0300_k06125__v6_F0340_k06050,v6_F0300_k06125,v6_F0340_k06050,0.03,0.06125,0.034,0.0605,False,convex_hulls_disjoint;calibration_residual;endpoint_ess;hidden_morphology_effect,
3,False,,The problem is infeasible. (HiGHS Status 8: model_status is Infeasible; primal_status is None),False,,,False,,,,,0.0,False,False,,,,,v6_F0300_k06125__v6_F0340_k06075,v6_F0300_k06125,v6_F0340_k06075,0.03,0.06125,0.034,0.06075,False,convex_hulls_disjoint;calibration_residual;endpoint_ess;hidden_morphology_effect,
3,True,5.551115123125783e-17,Optimization terminated successfully. (HiGHS Status 7: Optimal),True,0.0030242103951151084,0.7741978611494678,True,6.773387406511233e-12,maximum_total_entropy,[-0.45506273 -0.26796801 -0.220182  ],[0.13202361 0.02998779 0.01658687],3.469446951953614e-18,True,True,3.3866243143165775e-12,0.1667915871011352,1.506320819970623,1.3769949911510666,v6_F0320_k06125__v6_F0280_k05800,v6_F0320_k06125,v6_F0280_k05800,0.032,0.06125,0.028,0.058,False,endpoint_ess,
3,True,4.440892098500626e-16,Optimization terminated successfully. (HiGHS Status 7: Optimal),True,0.002794429105533621,0.715373851016607,True,6.661338147750939e-16,maximum_total_entropy,[-0.45559396 -0.2702473  -0.21651048],[0.13201695 0.02998029 0.01659227],3.469446951953614e-18,True,True,1.7208456881689926e-15,0.16192764060536105,1.181939498002725,2.2190228228094147,v6_F0320_k06125__v6_F0280_k05825,v6_F0320_k06125,v6_F0280_k05825,0.032,0.06125,0.028,0.05825,False,endpoint_ess,
3,False,,The problem is infeasible. (HiGHS Status 8: model_status is Infeasible; primal_status is None),False,,,False,,,,,0.0,False,False,,,,,v6_F0320_k06125__v6_F0300_k05850,v6_F0320_k06125,v6_F0300_k05850,0.032,0.06125,0.03,0.0585,False,convex_hulls_disjoint;calibration_residual;endpoint_ess;hidden_morphology_effect,
3,False,,The problem is infeasible. (HiGHS Status 8: model_status is Infeasible; primal_status is None),False,,,False,,,,,0.0,False,False,,,,,v6_F0320_k06125__v6_F0300_k05875,v6_F0320_k06125,v6_F0300_k05875,0.032,0.06125,0.03,0.058750000000000004,False,convex_hulls_disjoint;calibration_residual;endpoint_ess;hidden_morphology_effect,
3,False,,The problem is infeasible. (HiGHS Status 8: model_status is Infeasible; primal_status is None),False,,,False,,,,,0.0,False,False,,,,,v6_F0320_k06125__v6_F0300_k05925,v6_F0320_k06125,v6_F0300_k05925,0.032,0.06125,0.03,0.059250000000000004,False,convex_hulls_disjoint;calibration_residual;endpoint_ess;hidden_morphology_effect,
3,False,,The problem is infeasible. (HiGHS Status 8: model_status is Infeasible; primal_status is None),False,,,False,,,,,0.0,False,False,,,,,v6_F0320_k06125__v6_F0320_k05950,v6_F0320_k06125,v6_F0320_k05950,0.032,0.06125,0.032,0.0595,False,convex_hulls_disjoint;calibration_residual;endpoint_ess;hidden_morphology_effect,
3,False,,The problem is infeasible. (HiGHS Status 8: model_status is Infeasible; primal_status is None),False,,,False,,,,,0.0,False,False,,,,,v6_F0320_k06125__v6_F0320_k05975,v6_F0320_k06125,v6_F0320_k05975,0.032,0.06125,0.032,0.05975,False,convex_hulls_disjoint;calibration_residual;endpoint_ess;hidden_morphology_effect,
3,False,,The problem is infeasible. (HiGHS Status 8: model_status is Infeasible; primal_status is None),False,,,False,,,,,0.0,False,False,,,,,v6_F0320_k06125__v6_F0320_k06000,v6_F0320_k06125,v6_F0320_k06000,0.032,0.06125,0.032,0.06,False,convex_hulls_disjoint;calibration_residual;endpoint_ess;hidden_morphology_effect,
3,False,,The problem is infeasible. (HiGHS Status 8: model_status is Infeasible; primal_status is Infeasible),False,,,False,,,,,0.0,False,False,,,,,v6_F0320_k06125__v6_F0320_k06025,v6_F0320_k06125,v6_F0320_k06025,0.032,0.06125,0.032,0.06025,False,convex_hulls_disjoint;calibration_residual;endpoint_ess;hidden_morphology_effect,
3,False,,The problem is infeasible. (HiGHS Status 8: model_status is Infeasible; primal_status is None),False,,,False,,,,,0.0,False,False,,,,,v6_F0320_k06125__v6_F0340_k06000,v6_F0320_k06125,v6_F0340_k06000,0.032,0.06125,0.034,0.06,False,convex_hulls_disjoint;calibration_residual;endpoint_ess;hidden_morphology_effect,
3,False,,The problem is infeasible. (HiGHS Status 8: model_status is Infeasible; primal_status is None),False,,,False,,,,,0.0,False,False,,,,,v6_F0320_k06125__v6_F0340_k06025,v6_F0320_k06125,v6_F0340_k06025,0.032,0.06125,0.034,0.06025,False,convex_hulls_disjoint;calibration_residual;endpoint_ess;hidden_morphology_effect,
3,False,,The problem is infeasible. (HiGHS Status 8: model_status is Infeasible; primal_status is None),False,,,False,,,,,0.0,False,False,,,,,v6_F0320_k06125__v6_F0340_k06050,v6_F0320_k06125,v6_F0340_k06050,0.032,0.06125,0.034,0.0605,False,convex_hulls_disjoint;calibration_residual;endpoint_ess;hidden_morphology_effect,
3,False,,The problem is infeasible. (HiGHS Status 8: model_status is Infeasible; primal_status is None),False,,,False,,,,,0.0,False,False,,,,,v6_F0320_k06125__v6_F0340_k06075,v6_F0320_k06125,v6_F0340_k06075,0.032,0.06125,0.034,0.06075,False,convex_hulls_disjoint;calibration_residual;endpoint_ess;hidden_morphology_effect,
3,True,3.608224830031759e-16,Optimization terminated successfully. (HiGHS Status 7: Optimal),True,0.002891371383040819,0.7401910740584496,True,4.4575454438700035e-14,maximum_total_entropy,[-0.73301391 -0.48103377 -0.35348657],[0.12853819 0.02928716 0.01639101],3.469446951953614e-18,True,True,2.2315482794965646e-14,0.12941693817131555,1.80018813492482,1.250499288206233,v6_F0320_k06150__v6_F0280_k05800,v6_F0320_k06150,v6_F0280_k05800,0.032,0.0615,0.028,0.058,False,endpoint_ess,
3,True,4.440892098500626e-16,Optimization terminated successfully. (HiGHS Status 7: Optimal),True,0.0027368564775775536,0.7006352582598537,True,9.992007221626409e-16,maximum_total_entropy,[-0.73785267 -0.48677124 -0.34830026],[0.12847751 0.02926829 0.01639863],3.469446951953614e-18,True,True,9.992007221626409e-16,0.11051558643262352,1.487856049308209,1.779680938712736,v6_F0320_k06150__v6_F0280_k05825,v6_F0320_k06150,v6_F0280_k05825,0.032,0.0615,0.028,0.05825,False,endpoint_ess,
3,False,,The problem is infeasible. (HiGHS Status 8: model_status is Infeasible; primal_status is None),False,,,False,,,,,0.0,False,False,,,,,v6_F0320_k06150__v6_F0300_k05850,v6_F0320_k06150,v6_F0300_k05850,0.032,0.0615,0.03,0.0585,False,convex_hulls_disjoint;calibration_residual;endpoint_ess;hidden_morphology_effect,
3,False,,The problem is infeasible. (HiGHS Status 8: model_status is Infeasible; primal_status is None),False,,,False,,,,,0.0,False,False,,,,,v6_F0320_k06150__v6_F0300_k05875,v6_F0320_k06150,v6_F0300_k05875,0.032,0.0615,0.03,0.058750000000000004,False,convex_hulls_disjoint;calibration_residual;endpoint_ess;hidden_morphology_effect,
3,False,,The problem is infeasible. (HiGHS Status 8: model_status is Infeasible; primal_status is None),False,,,False,,,,,0.0,False,False,,,,,v6_F0320_k06150__v6_F0300_k05925,v6_F0320_k06150,v6_F0300_k05925,0.032,0.0615,0.03,0.059250000000000004,False,convex_hulls_disjoint;calibration_residual;endpoint_ess;hidden_morphology_effect,
3,False,,The problem is infeasible. (HiGHS Status 8: model_status is Infeasible; primal_status is None),False,,,False,,,,,0.0,False,False,,,,,v6_F0320_k06150__v6_F0320_k05950,v6_F0320_k06150,v6_F0320_k05950,0.032,0.0615,0.032,0.0595,False,convex_hulls_disjoint;calibration_residual;endpoint_ess;hidden_morphology_effect,
3,False,,The problem is infeasible. (HiGHS Status 8: model_status is Infeasible; primal_status is None),False,,,False,,,,,0.0,False,False,,,,,v6_F0320_k06150__v6_F0320_k05975,v6_F0320_k06150,v6_F0320_k05975,0.032,0.0615,0.032,0.05975,False,convex_hulls_disjoint;calibration_residual;endpoint_ess;hidden_morphology_effect,
3,False,,The problem is infeasible. (HiGHS Status 8: model_status is Infeasible; primal_status is None),False,,,False,,,,,0.0,False,False,,,,,v6_F0320_k06150__v6_F0320_k06000,v6_F0320_k06150,v6_F0320_k06000,0.032,0.0615,0.032,0.06,False,convex_hulls_disjoint;calibration_residual;endpoint_ess;hidden_morphology_effect,
3,False,,The problem is infeasible. (HiGHS Status 8: model_status is Infeasible; primal_status is Infeasible),False,,,False,,,,,0.0,False,False,,,,,v6_F0320_k06150__v6_F0320_k06025,v6_F0320_k06150,v6_F0320_k06025,0.032,0.0615,0.032,0.06025,False,convex_hulls_disjoint;calibration_residual;endpoint_ess;hidden_morphology_effect,
3,False,,The problem is infeasible. (HiGHS Status 8: model_status is Infeasible; primal_status is None),False,,,False,,,,,0.0,False,False,,,,,v6_F0320_k06150__v6_F0340_k06000,v6_F0320_k06150,v6_F0340_k06000,0.032,0.0615,0.034,0.06,False,convex_hulls_disjoint;calibration_residual;endpoint_ess;hidden_morphology_effect,
3,False,,The problem is infeasible. (HiGHS Status 8: model_status is Infeasible; primal_status is None),False,,,False,,,,,0.0,False,False,,,,,v6_F0320_k06150__v6_F0340_k06025,v6_F0320_k06150,v6_F0340_k06025,0.032,0.0615,0.034,0.06025,False,convex_hulls_disjoint;calibration_residual;endpoint_ess;hidden_morphology_effect,
3,False,,The problem is infeasible. (HiGHS Status 8: model_status is Infeasible; primal_status is None),False,,,False,,,,,0.0,False,False,,,,,v6_F0320_k06150__v6_F0340_k06050,v6_F0320_k06150,v6_F0340_k06050,0.032,0.0615,0.034,0.0605,False,convex_hulls_disjoint;calibration_residual;endpoint_ess;hidden_morphology_effect,
3,False,,The problem is infeasible. (HiGHS Status 8: model_status is Infeasible; primal_status is None),False,,,False,,,,,0.0,False,False,,,,,v6_F0320_k06150__v6_F0340_k06075,v6_F0320_k06150,v6_F0340_k06075,0.032,0.0615,0.034,0.06075,False,convex_hulls_disjoint;calibration_residual;endpoint_ess;hidden_morphology_effect,
3,True,2.220446049250313e-16,Optimization terminated successfully. (HiGHS Status 7: Optimal),True,0.0027607218980541925,0.7067448059018733,True,1.1102230246251565e-15,maximum_total_entropy,[-0.97312354 -0.67212817 -0.48791198],[0.12552729 0.02865877 0.0161935 ],3.469446951953614e-18,True,True,7.771561172376096e-16,0.1020845333134027,1.9914516319171829,1.7272983626020648,v6_F0320_k06175__v6_F0280_k05800,v6_F0320_k06175,v6_F0280_k05800,0.032,0.06175,0.028,0.058,False,endpoint_ess,
3,True,3.3306690738754696e-16,Optimization terminated successfully. (HiGHS Status 7: Optimal),True,0.0026713154614785213,0.6838567581385014,True,8.881784197001252e-16,maximum_total_entropy,[-0.98103838 -0.6800289  -0.48268581],[0.12542804 0.02863279 0.01620118],3.469446951953614e-18,True,True,1.2212453270876722e-15,0.08383957049336668,1.7036555916235696,1.640978950388472,v6_F0320_k06175__v6_F0280_k05825,v6_F0320_k06175,v6_F0280_k05825,0.032,0.06175,0.028,0.05825,False,endpoint_ess,
3,False,,The problem is infeasible. (HiGHS Status 8: model_status is Infeasible; primal_status is None),False,,,False,,,,,0.0,False,False,,,,,v6_F0320_k06175__v6_F0300_k05850,v6_F0320_k06175,v6_F0300_k05850,0.032,0.06175,0.03,0.0585,False,convex_hulls_disjoint;calibration_residual;endpoint_ess;hidden_morphology_effect,
3,False,,The problem is infeasible. (HiGHS Status 8: model_status is Infeasible; primal_status is None),False,,,False,,,,,0.0,False,False,,,,,v6_F0320_k06175__v6_F0300_k05875,v6_F0320_k06175,v6_F0300_k05875,0.032,0.06175,0.03,0.058750000000000004,False,convex_hulls_disjoint;calibration_residual;endpoint_ess;hidden_morphology_effect,
3,False,,The problem is infeasible. (HiGHS Status 8: model_status is Infeasible; primal_status is None),False,,,False,,,,,0.0,False,False,,,,,v6_F0320_k06175__v6_F0300_k05925,v6_F0320_k06175,v6_F0300_k05925,0.032,0.06175,0.03,0.059250000000000004,False,convex_hulls_disjoint;calibration_residual;endpoint_ess;hidden_morphology_effect,
3,False,,The problem is infeasible. (HiGHS Status 8: model_status is Infeasible; primal_status is None),False,,,False,,,,,0.0,False,False,,,,,v6_F0320_k06175__v6_F0320_k05950,v6_F0320_k06175,v6_F0320_k05950,0.032,0.06175,0.032,0.0595,False,convex_hulls_disjoint;calibration_residual;endpoint_ess;hidden_morphology_effect,
3,False,,The problem is infeasible. (HiGHS Status 8: model_status is Infeasible; primal_status is None),False,,,False,,,,,0.0,False,False,,,,,v6_F0320_k06175__v6_F0320_k05975,v6_F0320_k06175,v6_F0320_k05975,0.032,0.06175,0.032,0.05975,False,convex_hulls_disjoint;calibration_residual;endpoint_ess;hidden_morphology_effect,
3,False,,The problem is infeasible. (HiGHS Status 8: model_status is Infeasible; primal_status is None),False,,,False,,,,,0.0,False,False,,,,,v6_F0320_k06175__v6_F0320_k06000,v6_F0320_k06175,v6_F0320_k06000,0.032,0.06175,0.032,0.06,False,convex_hulls_disjoint;calibration_residual;endpoint_ess;hidden_morphology_effect,
3,False,,The problem is infeasible. (HiGHS Status 8: model_status is Infeasible; primal_status is None),False,,,False,,,,,0.0,False,False,,,,,v6_F0320_k06175__v6_F0320_k06025,v6_F0320_k06175,v6_F0320_k06025,0.032,0.06175,0.032,0.06025,False,convex_hulls_disjoint;calibration_residual;endpoint_ess;hidden_morphology_effect,
3,False,,The problem is infeasible. (HiGHS Status 8: model_status is Infeasible; primal_status is None),False,,,False,,,,,0.0,False,False,,,,,v6_F0320_k06175__v6_F0340_k06000,v6_F0320_k06175,v6_F0340_k06000,0.032,0.06175,0.034,0.06,False,convex_hulls_disjoint;calibration_residual;endpoint_ess;hidden_morphology_effect,
3,False,,The problem is infeasible. (HiGHS Status 8: model_status is Infeasible; primal_status is None),False,,,False,,,,,0.0,False,False,,,,,v6_F0320_k06175__v6_F0340_k06025,v6_F0320_k06175,v6_F0340_k06025,0.032,0.06175,0.034,0.06025,False,convex_hulls_disjoint;calibration_residual;endpoint_ess;hidden_morphology_effect,
3,False,,The problem is infeasible. (HiGHS Status 8: model_status is Infeasible; primal_status is None),False,,,False,,,,,0.0,False,False,,,,,v6_F0320_k06175__v6_F0340_k06050,v6_F0320_k06175,v6_F0340_k06050,0.032,0.06175,0.034,0.0605,False,convex_hulls_disjoint;calibration_residual;endpoint_ess;hidden_morphology_effect,
3,False,,The problem is infeasible. (HiGHS Status 8: model_status is Infeasible; primal_status is None),False,,,False,,,,,0.0,False,False,,,,,v6_F0320_k06175__v6_F0340_k06075,v6_F0320_k06175,v6_F0340_k06075,0.032,0.06175,0.034,0.06075,False,convex_hulls_disjoint;calibration_residual;endpoint_ess;hidden_morphology_effect,
3,True,1.6653345369377348e-16,Optimization terminated successfully. (HiGHS Status 7: Optimal),True,0.0027633394336506593,0.7074148950145688,True,5.551115123125783e-16,maximum_total_entropy,[-0.3991851  -0.01915757  0.16384962],[0.1327243  0.03080596 0.01715112],3.469446951953614e-18,True,True,6.106226635438361e-16,0.08775102737449424,1.4918698699973252,2.002227791043003,v6_F0340_k06200__v6_F0280_k05800,v6_F0340_k06200,v6_F0280_k05800,0.034,0.062,0.028,0.058,False,endpoint_ess,
3,True,2.220446049250313e-16,Optimization terminated successfully. (HiGHS Status 7: Optimal),True,0.0023884161698847785,0.6114345394905033,True,6.106226635438361e-16,maximum_total_entropy,[-0.39701313 -0.01921858  0.16645245],[0.13275154 0.03080576 0.01715494],3.469446951953614e-18,True,True,9.992007221626409e-16,0.09258696977414294,1.092427901356225,2.957004201397614,v6_F0340_k06200__v6_F0280_k05825,v6_F0340_k06200,v6_F0280_k05825,0.034,0.062,0.028,0.05825,False,endpoint_ess,
3,False,,The problem is infeasible. (HiGHS Status 8: model_status is Infeasible; primal_status is Infeasible),False,,,False,,,,,0.0,False,False,,,,,v6_F0340_k06200__v6_F0300_k05850,v6_F0340_k06200,v6_F0300_k05850,0.034,0.062,0.03,0.0585,False,convex_hulls_disjoint;calibration_residual;endpoint_ess;hidden_morphology_effect,
3,False,,The problem is infeasible. (HiGHS Status 8: model_status is Infeasible; primal_status is Infeasible),False,,,False,,,,,0.0,False,False,,,,,v6_F0340_k06200__v6_F0300_k05875,v6_F0340_k06200,v6_F0300_k05875,0.034,0.062,0.03,0.058750000000000004,False,convex_hulls_disjoint;calibration_residual;endpoint_ess;hidden_morphology_effect,
3,False,,The problem is infeasible. (HiGHS Status 8: model_status is Infeasible; primal_status is Infeasible),False,,,False,,,,,0.0,False,False,,,,,v6_F0340_k06200__v6_F0300_k05925,v6_F0340_k06200,v6_F0300_k05925,0.034,0.062,0.03,0.059250000000000004,False,convex_hulls_disjoint;calibration_residual;endpoint_ess;hidden_morphology_effect,
3,False,,The problem is infeasible. (HiGHS Status 8: model_status is Infeasible; primal_status is Infeasible),False,,,False,,,,,0.0,False,False,,,,,v6_F0340_k06200__v6_F0320_k05950,v6_F0340_k06200,v6_F0320_k05950,0.034,0.062,0.032,0.0595,False,convex_hulls_disjoint;calibration_residual;endpoint_ess;hidden_morphology_effect,
3,False,,The problem is infeasible. (HiGHS Status 8: model_status is Infeasible; primal_status is Infeasible),False,,,False,,,,,0.0,False,False,,,,,v6_F0340_k06200__v6_F0320_k05975,v6_F0340_k06200,v6_F0320_k05975,0.034,0.062,0.032,0.05975,False,convex_hulls_disjoint;calibration_residual;endpoint_ess;hidden_morphology_effect,
3,False,,The problem is infeasible. (HiGHS Status 8: model_status is Infeasible; primal_status is Infeasible),False,,,False,,,,,0.0,False,False,,,,,v6_F0340_k06200__v6_F0320_k06000,v6_F0340_k06200,v6_F0320_k06000,0.034,0.062,0.032,0.06,False,convex_hulls_disjoint;calibration_residual;endpoint_ess;hidden_morphology_effect,
3,False,,The problem is infeasible. (HiGHS Status 8: model_status is Infeasible; primal_status is Infeasible),False,,,False,,,,,0.0,False,False,,,,,v6_F0340_k06200__v6_F0320_k06025,v6_F0340_k06200,v6_F0320_k06025,0.034,0.062,0.032,0.06025,False,convex_hulls_disjoint;calibration_residual;endpoint_ess;hidden_morphology_effect,
3,False,,The problem is infeasible. (HiGHS Status 8: model_status is Infeasible; primal_status is Infeasible),False,,,False,,,,,0.0,False,False,,,,,v6_F0340_k06200__v6_F0340_k06000,v6_F0340_k06200,v6_F0340_k06000,0.034,0.062,0.034,0.06,False,convex_hulls_disjoint;calibration_residual;endpoint_ess;hidden_morphology_effect,
3,False,,The problem is infeasible. (HiGHS Status 8: model_status is Infeasible; primal_status is Infeasible),False,,,False,,,,,0.0,False,False,,,,,v6_F0340_k06200__v6_F0340_k06025,v6_F0340_k06200,v6_F0340_k06025,0.034,0.062,0.034,0.06025,False,convex_hulls_disjoint;calibration_residual;endpoint_ess;hidden_morphology_effect,
3,False,,The problem is infeasible. (HiGHS Status 8: model_status is Infeasible; primal_status is Infeasible),False,,,False,,,,,0.0,False,False,,,,,v6_F0340_k06200__v6_F0340_k06050,v6_F0340_k06200,v6_F0340_k06050,0.034,0.062,0.034,0.0605,False,convex_hulls_disjoint;calibration_residual;endpoint_ess;hidden_morphology_effect,
3,False,,The problem is infeasible. (HiGHS Status 8: model_status is Infeasible; primal_status is Infeasible),False,,,False,,,,,0.0,False,False,,,,,v6_F0340_k06200__v6_F0340_k06075,v6_F0340_k06200,v6_F0340_k06075,0.034,0.062,0.034,0.06075,False,convex_hulls_disjoint;calibration_residual;endpoint_ess;hidden_morphology_effect,
3,True,1.6653345369377348e-16,Optimization terminated successfully. (HiGHS Status 7: Optimal),True,0.002677065920952192,0.6853288757637611,True,3.5311406576532534e-12,maximum_total_entropy,[-0.67819137 -0.24502447  0.01079848],[0.12922565 0.03006324 0.01692625],3.469446951953614e-18,True,True,1.7659346207565818e-12,0.07669993085001611,1.7800454006265358,1.4328489206238908,v6_F0340_k06225__v6_F0280_k05800,v6_F0340_k06225,v6_F0280_k05800,0.034,0.06225,0.028,0.058,False,endpoint_ess,
3,True,6.661338147750939e-16,Optimization terminated successfully. (HiGHS Status 7: Optimal),True,0.002365336001512582,0.605526016387221,True,1.7159884624362576e-14,maximum_total_entropy,[-0.68140372 -0.24999684  0.01577836],[0.12918537 0.03004688 0.01693356],3.469446951953614e-18,True,True,9.294648384283732e-15,0.06902175450482821,1.3905118283638367,2.460528609247982,v6_F0340_k06225__v6_F0280_k05825,v6_F0340_k06225,v6_F0280_k05825,0.034,0.06225,0.028,0.05825,False,endpoint_ess,
3,False,,The problem is infeasible. (HiGHS Status 8: model_status is Infeasible; primal_status is None),False,,,False,,,,,0.0,False,False,,,,,v6_F0340_k06225__v6_F0300_k05850,v6_F0340_k06225,v6_F0300_k05850,0.034,0.06225,0.03,0.0585,False,convex_hulls_disjoint;calibration_residual;endpoint_ess;hidden_morphology_effect,
3,False,,The problem is infeasible. (HiGHS Status 8: model_status is Infeasible; primal_status is None),False,,,False,,,,,0.0,False,False,,,,,v6_F0340_k06225__v6_F0300_k05875,v6_F0340_k06225,v6_F0300_k05875,0.034,0.06225,0.03,0.058750000000000004,False,convex_hulls_disjoint;calibration_residual;endpoint_ess;hidden_morphology_effect,
3,False,,The problem is infeasible. (HiGHS Status 8: model_status is Infeasible; primal_status is None),False,,,False,,,,,0.0,False,False,,,,,v6_F0340_k06225__v6_F0300_k05925,v6_F0340_k06225,v6_F0300_k05925,0.034,0.06225,0.03,0.059250000000000004,False,convex_hulls_disjoint;calibration_residual;endpoint_ess;hidden_morphology_effect,
3,False,,The problem is infeasible. (HiGHS Status 8: model_status is Infeasible; primal_status is None),False,,,False,,,,,0.0,False,False,,,,,v6_F0340_k06225__v6_F0320_k05950,v6_F0340_k06225,v6_F0320_k05950,0.034,0.06225,0.032,0.0595,False,convex_hulls_disjoint;calibration_residual;endpoint_ess;hidden_morphology_effect,
3,False,,The problem is infeasible. (HiGHS Status 8: model_status is Infeasible; primal_status is None),False,,,False,,,,,0.0,False,False,,,,,v6_F0340_k06225__v6_F0320_k05975,v6_F0340_k06225,v6_F0320_k05975,0.034,0.06225,0.032,0.05975,False,convex_hulls_disjoint;calibration_residual;endpoint_ess;hidden_morphology_effect,
3,False,,The problem is infeasible. (HiGHS Status 8: model_status is Infeasible; primal_status is None),False,,,False,,,,,0.0,False,False,,,,,v6_F0340_k06225__v6_F0320_k06000,v6_F0340_k06225,v6_F0320_k06000,0.034,0.06225,0.032,0.06,False,convex_hulls_disjoint;calibration_residual;endpoint_ess;hidden_morphology_effect,
3,False,,The problem is infeasible. (HiGHS Status 8: model_status is Infeasible; primal_status is Infeasible),False,,,False,,,,,0.0,False,False,,,,,v6_F0340_k06225__v6_F0320_k06025,v6_F0340_k06225,v6_F0320_k06025,0.034,0.06225,0.032,0.06025,False,convex_hulls_disjoint;calibration_residual;endpoint_ess;hidden_morphology_effect,
3,False,,The problem is infeasible. (HiGHS Status 8: model_status is Infeasible; primal_status is None),False,,,False,,,,,0.0,False,False,,,,,v6_F0340_k06225__v6_F0340_k06000,v6_F0340_k06225,v6_F0340_k06000,0.034,0.06225,0.034,0.06,False,convex_hulls_disjoint;calibration_residual;endpoint_ess;hidden_morphology_effect,
3,False,,The problem is infeasible. (HiGHS Status 8: model_status is Infeasible; primal_status is None),False,,,False,,,,,0.0,False,False,,,,,v6_F0340_k06225__v6_F0340_k06025,v6_F0340_k06225,v6_F0340_k06025,0.034,0.06225,0.034,0.06025,False,convex_hulls_disjoint;calibration_residual;endpoint_ess;hidden_morphology_effect,
3,False,,The problem is infeasible. (HiGHS Status 8: model_status is Infeasible; primal_status is None),False,,,False,,,,,0.0,False,False,,,,,v6_F0340_k06225__v6_F0340_k06050,v6_F0340_k06225,v6_F0340_k06050,0.034,0.06225,0.034,0.0605,False,convex_hulls_disjoint;calibration_residual;endpoint_ess;hidden_morphology_effect,
3,False,,The problem is infeasible. (HiGHS Status 8: model_status is Infeasible; primal_status is None),False,,,False,,,,,0.0,False,False,,,,,v6_F0340_k06225__v6_F0340_k06075,v6_F0340_k06225,v6_F0340_k06075,0.034,0.06225,0.034,0.06075,False,convex_hulls_disjoint;calibration_residual;endpoint_ess;hidden_morphology_effect,
4,True,4.440892098500626e-16,Optimization terminated successfully. (HiGHS Status 7: Optimal),True,0.0025324334108563855,0.6483029531792347,True,1.5543122344752192e-15,maximum_total_entropy,[-0.21076466 -0.58243156 -0.8727806  -1.04418411],[0.13508704 0.02895373 0.01562803 0.00847297],3.469446951953614e-18,True,True,7.216449660063518e-16,0.08368603539887204,0.761789506070223,5.671286475062349,v6_F0280_k05950__v6_F0280_k05800,v6_F0280_k05950,v6_F0280_k05800,0.028,0.0595,0.028,0.058,False,endpoint_ess;hidden_morphology_effect,
4,True,6.661338147750939e-16,Optimization terminated successfully. (HiGHS Status 7: Optimal),True,0.0027638073699789703,0.7075346867146164,True,8.104628079763643e-14,maximum_total_entropy,[-0.31405311 -0.66895775 -0.89909791 -0.95538149],[0.13379183 0.0286692  0.01558936 0.00856145],3.469446951953614e-18,True,True,4.063416270128073e-14,0.15223583742231417,0.6103873559583437,3.3812267058999717,v6_F0280_k05950__v6_F0280_k05825,v6_F0280_k05950,v6_F0280_k05825,0.028,0.0595,0.028,0.05825,False,endpoint_ess;hidden_morphology_effect,
4,False,,The problem is infeasible. (HiGHS Status 8: model_status is Infeasible; primal_status is Infeasible),False,,,False,,,,,0.0,False,False,,,,,v6_F0280_k05950__v6_F0300_k05850,v6_F0280_k05950,v6_F0300_k05850,0.028,0.0595,0.03,0.0585,False,convex_hulls_disjoint;calibration_residual;endpoint_ess;hidden_morphology_effect,
4,False,,The problem is infeasible. (HiGHS Status 8: model_status is Infeasible; primal_status is Infeasible),False,,,False,,,,,0.0,False,False,,,,,v6_F0280_k05950__v6_F0300_k05875,v6_F0280_k05950,v6_F0300_k05875,0.028,0.0595,0.03,0.058750000000000004,False,convex_hulls_disjoint;calibration_residual;endpoint_ess;hidden_morphology_effect,
4,True,3.608224830031759e-16,Optimization terminated successfully. (HiGHS Status 7: Optimal),True,0.00029721407133244735,0.07608680226110652,True,2.1094237467877974e-15,maximum_total_entropy,[ 0.52363913  0.29528526 -0.15260293 -0.22663783],[0.14429623 0.03183996 0.01668616 0.00928757],0.0,True,True,1.1102230246251565e-15,0.02640321343568153,1.08787465641982,150.2548296953244,v6_F0280_k05950__v6_F0300_k05925,v6_F0280_k05950,v6_F0300_k05925,0.028,0.0595,0.03,0.059250000000000004,False,endpoint_ess,
4,False,,The problem is infeasible. (HiGHS Status 8: model_status is Infeasible; primal_status is Infeasible),False,,,False,,,,,0.0,False,False,,,,,v6_F0280_k05950__v6_F0320_k05950,v6_F0280_k05950,v6_F0320_k05950,0.028,0.0595,0.032,0.0595,False,convex_hulls_disjoint;calibration_residual;endpoint_ess;hidden_morphology_effect,
4,False,,The problem is infeasible. (HiGHS Status 8: model_status is Infeasible; primal_status is Infeasible),False,,,False,,,,,0.0,False,False,,,,,v6_F0280_k05950__v6_F0320_k05975,v6_F0280_k05950,v6_F0320_k05975,0.028,0.0595,0.032,0.05975,False,convex_hulls_disjoint;calibration_residual;endpoint_ess;hidden_morphology_effect,
4,False,,The problem is infeasible. (HiGHS Status 8: model_status is Infeasible; primal_status is Infeasible),False,,,False,,,,,0.0,False,False,,,,,v6_F0280_k05950__v6_F0320_k06000,v6_F0280_k05950,v6_F0320_k06000,0.028,0.0595,0.032,0.06,False,convex_hulls_disjoint;calibration_residual;endpoint_ess;hidden_morphology_effect,
4,True,2.220446049250313e-16,Optimization terminated successfully. (HiGHS Status 7: Optimal),True,0.0008221028957771444,0.21045834131894897,True,8.007483565108942e-15,maximum_total_entropy,[ 0.26490037  0.34952976  0.44164076 -0.09591362],[0.14105173 0.03201833 0.01755927 0.00941782],0.0,True,True,4.052314039881821e-15,0.037693813298492376,0.988319067447317,64.85574427923012,v6_F0280_k05950__v6_F0320_k06025,v6_F0280_k05950,v6_F0320_k06025,0.028,0.0595,0.032,0.06025,False,endpoint_ess;hidden_morphology_effect,
4,False,,The problem is infeasible. (HiGHS Status 8: model_status is Infeasible; primal_status is Infeasible),False,,,False,,,,,0.0,False,False,,,,,v6_F0280_k05950__v6_F0340_k06000,v6_F0280_k05950,v6_F0340_k06000,0.028,0.0595,0.034,0.06,False,convex_hulls_disjoint;calibration_residual;endpoint_ess;hidden_morphology_effect,
4,False,,The problem is infeasible. (HiGHS Status 8: model_status is Infeasible; primal_status is Infeasible),False,,,False,,,,,0.0,False,False,,,,,v6_F0280_k05950__v6_F0340_k06025,v6_F0280_k05950,v6_F0340_k06025,0.028,0.0595,0.034,0.06025,False,convex_hulls_disjoint;calibration_residual;endpoint_ess;hidden_morphology_effect,
4,False,,The problem is infeasible. (HiGHS Status 8: model_status is Infeasible; primal_status is Infeasible),False,,,False,,,,,0.0,False,False,,,,,v6_F0280_k05950__v6_F0340_k06050,v6_F0280_k05950,v6_F0340_k06050,0.028,0.0595,0.034,0.0605,False,convex_hulls_disjoint;calibration_residual;endpoint_ess;hidden_morphology_effect,
4,False,,The problem is infeasible. (HiGHS Status 8: model_status is Infeasible; primal_status is Infeasible),False,,,False,,,,,0.0,False,False,,,,,v6_F0280_k05950__v6_F0340_k06075,v6_F0280_k05950,v6_F0340_k06075,0.028,0.0595,0.034,0.06075,False,convex_hulls_disjoint;calibration_residual;endpoint_ess;hidden_morphology_effect,
4,True,1.3322676295501878e-15,Optimization terminated successfully. (HiGHS Status 7: Optimal),True,0.0007245688369580285,0.1854896222612553,True,6.439293542825908e-15,maximum_total_entropy,[-2.05393922 -2.24756119 -2.50308854 -0.96308472],[0.11197419 0.02347822 0.01323266 0.00855377],3.469446951953614e-18,True,True,3.9968028886505635e-15,0.013918313720269502,0.5964798973648903,15.474699584245274,v6_F0280_k06025__v6_F0280_k05800,v6_F0280_k06025,v6_F0280_k05800,0.028,0.06025,0.028,0.058,False,endpoint_ess;hidden_morphology_effect,
4,True,4.718447854656915e-16,Optimization terminated successfully. (HiGHS Status 7: Optimal),True,0.0011034943548396316,0.2824945548389457,True,1.532107773982716e-14,maximum_total_entropy,[-1.5866042  -1.66591565 -1.61630542 -0.40335566],[0.11783443 0.02539087 0.01453558 0.00911149],3.469446951953614e-18,True,True,7.771561172376096e-15,0.015320883797917725,0.3785843285262364,12.913421990198051,v6_F0280_k06025__v6_F0280_k05825,v6_F0280_k06025,v6_F0280_k05825,0.028,0.06025,0.028,0.05825,False,endpoint_ess;hidden_morphology_effect,
4,False,,The problem is infeasible. (HiGHS Status 8: model_status is Infeasible; primal_status is None),False,,,False,,,,,0.0,False,False,,,,,v6_F0280_k06025__v6_F0300_k05850,v6_F0280_k06025,v6_F0300_k05850,0.028,0.06025,0.03,0.0585,False,convex_hulls_disjoint;calibration_residual;endpoint_ess;hidden_morphology_effect,
4,False,,The problem is infeasible. (HiGHS Status 8: model_status is Infeasible; primal_status is None),False,,,False,,,,,0.0,False,False,,,,,v6_F0280_k06025__v6_F0300_k05875,v6_F0280_k06025,v6_F0300_k05875,0.028,0.06025,0.03,0.058750000000000004,False,convex_hulls_disjoint;calibration_residual;endpoint_ess;hidden_morphology_effect,
4,False,,The problem is infeasible. (HiGHS Status 8: model_status is Infeasible; primal_status is None),False,,,False,,,,,0.0,False,False,,,,,v6_F0280_k06025__v6_F0300_k05925,v6_F0280_k06025,v6_F0300_k05925,0.028,0.06025,0.03,0.059250000000000004,False,convex_hulls_disjoint;calibration_residual;endpoint_ess;hidden_morphology_effect,
4,False,,The problem is infeasible. (HiGHS Status 8: model_status is Infeasible; primal_status is None),False,,,False,,,,,0.0,False,False,,,,,v6_F0280_k06025__v6_F0320_k05950,v6_F0280_k06025,v6_F0320_k05950,0.028,0.06025,0.032,0.0595,False,convex_hulls_disjoint;calibration_residual;endpoint_ess;hidden_morphology_effect,
4,False,,The problem is infeasible. (HiGHS Status 8: model_status is Infeasible; primal_status is None),False,,,False,,,,,0.0,False,False,,,,,v6_F0280_k06025__v6_F0320_k05975,v6_F0280_k06025,v6_F0320_k05975,0.028,0.06025,0.032,0.05975,False,convex_hulls_disjoint;calibration_residual;endpoint_ess;hidden_morphology_effect,
4,False,,The problem is infeasible. (HiGHS Status 8: model_status is Infeasible; primal_status is None),False,,,False,,,,,0.0,False,False,,,,,v6_F0280_k06025__v6_F0320_k06000,v6_F0280_k06025,v6_F0320_k06000,0.028,0.06025,0.032,0.06,False,convex_hulls_disjoint;calibration_residual;endpoint_ess;hidden_morphology_effect,
4,False,,The problem is infeasible. (HiGHS Status 8: model_status is Infeasible; primal_status is Infeasible),False,,,False,,,,,0.0,False,False,,,,,v6_F0280_k06025__v6_F0320_k06025,v6_F0280_k06025,v6_F0320_k06025,0.028,0.06025,0.032,0.06025,False,convex_hulls_disjoint;calibration_residual;endpoint_ess;hidden_morphology_effect,
4,False,,The problem is infeasible. (HiGHS Status 8: model_status is Infeasible; primal_status is None),False,,,False,,,,,0.0,False,False,,,,,v6_F0280_k06025__v6_F0340_k06000,v6_F0280_k06025,v6_F0340_k06000,0.028,0.06025,0.034,0.06,False,convex_hulls_disjoint;calibration_residual;endpoint_ess;hidden_morphology_effect,
4,False,,The problem is infeasible. (HiGHS Status 8: model_status is Infeasible; primal_status is None),False,,,False,,,,,0.0,False,False,,,,,v6_F0280_k06025__v6_F0340_k06025,v6_F0280_k06025,v6_F0340_k06025,0.028,0.06025,0.034,0.06025,False,convex_hulls_disjoint;calibration_residual;endpoint_ess;hidden_morphology_effect,
4,False,,The problem is infeasible. (HiGHS Status 8: model_status is Infeasible; primal_status is None),False,,,False,,,,,0.0,False,False,,,,,v6_F0280_k06025__v6_F0340_k06050,v6_F0280_k06025,v6_F0340_k06050,0.028,0.06025,0.034,0.0605,False,convex_hulls_disjoint;calibration_residual;endpoint_ess;hidden_morphology_effect,
4,False,,The problem is infeasible. (HiGHS Status 8: model_status is Infeasible; primal_status is None),False,,,False,,,,,0.0,False,False,,,,,v6_F0280_k06025__v6_F0340_k06075,v6_F0280_k06025,v6_F0340_k06075,0.028,0.06025,0.034,0.06075,False,convex_hulls_disjoint;calibration_residual;endpoint_ess;hidden_morphology_effect,
4,True,4.440892098500626e-16,Optimization terminated successfully. (HiGHS Status 7: Optimal),True,0.00040186648217695046,0.10287781943729932,True,9.769962616701378e-15,maximum_total_entropy,[-2.40407915 -2.53306963 -2.7833915  -1.16504028],[0.10758354 0.02253937 0.01282082 0.00835255],3.469446951953614e-18,True,True,5.773159728050814e-15,0.009377884391462143,0.5609038069079059,15.41364183393805,v6_F0280_k06050__v6_F0280_k05800,v6_F0280_k06050,v6_F0280_k05800,0.028,0.0605,0.028,0.058,False,endpoint_ess;hidden_morphology_effect,
4,True,1.2420620087993939e-15,Optimization terminated successfully. (HiGHS Status 7: Optimal),True,0.0007424200958028247,0.19005954452552312,True,1.2928547121759948e-13,maximum_total_entropy,[-1.76477565 -1.78009515 -1.68786466 -0.2599553 ],[0.11560021 0.02501541 0.01443044 0.00925437],3.469446951953614e-18,True,True,6.472600233564663e-14,0.012007471234900695,0.35643638001039935,11.15276296602402,v6_F0280_k06050__v6_F0280_k05825,v6_F0280_k06050,v6_F0280_k05825,0.028,0.0605,0.028,0.05825,False,endpoint_ess;hidden_morphology_effect,
4,False,,The problem is infeasible. (HiGHS Status 8: model_status is Infeasible; primal_status is None),False,,,False,,,,,3.469446951953614e-18,False,False,,,,,v6_F0280_k06050__v6_F0300_k05850,v6_F0280_k06050,v6_F0300_k05850,0.028,0.0605,0.03,0.0585,False,convex_hulls_disjoint;calibration_residual;endpoint_ess;hidden_morphology_effect,
4,False,,The problem is infeasible. (HiGHS Status 8: model_status is Infeasible; primal_status is None),False,,,False,,,,,3.469446951953614e-18,False,False,,,,,v6_F0280_k06050__v6_F0300_k05875,v6_F0280_k06050,v6_F0300_k05875,0.028,0.0605,0.03,0.058750000000000004,False,convex_hulls_disjoint;calibration_residual;endpoint_ess;hidden_morphology_effect,
4,False,,The problem is infeasible. (HiGHS Status 8: model_status is Infeasible; primal_status is None),False,,,False,,,,,3.469446951953614e-18,False,False,,,,,v6_F0280_k06050__v6_F0300_k05925,v6_F0280_k06050,v6_F0300_k05925,0.028,0.0605,0.03,0.059250000000000004,False,convex_hulls_disjoint;calibration_residual;endpoint_ess;hidden_morphology_effect,
4,False,,The problem is infeasible. (HiGHS Status 8: model_status is Infeasible; primal_status is None),False,,,False,,,,,3.469446951953614e-18,False,False,,,,,v6_F0280_k06050__v6_F0320_k05950,v6_F0280_k06050,v6_F0320_k05950,0.028,0.0605,0.032,0.0595,False,convex_hulls_disjoint;calibration_residual;endpoint_ess;hidden_morphology_effect,
4,False,,The problem is infeasible. (HiGHS Status 8: model_status is Infeasible; primal_status is None),False,,,False,,,,,3.469446951953614e-18,False,False,,,,,v6_F0280_k06050__v6_F0320_k05975,v6_F0280_k06050,v6_F0320_k05975,0.028,0.0605,0.032,0.05975,False,convex_hulls_disjoint;calibration_residual;endpoint_ess;hidden_morphology_effect,
4,False,,The problem is infeasible. (HiGHS Status 8: model_status is Infeasible; primal_status is None),False,,,False,,,,,3.469446951953614e-18,False,False,,,,,v6_F0280_k06050__v6_F0320_k06000,v6_F0280_k06050,v6_F0320_k06000,0.028,0.0605,0.032,0.06,False,convex_hulls_disjoint;calibration_residual;endpoint_ess;hidden_morphology_effect,
4,False,,The problem is infeasible. (HiGHS Status 8: model_status is Infeasible; primal_status is None),False,,,False,,,,,3.469446951953614e-18,False,False,,,,,v6_F0280_k06050__v6_F0320_k06025,v6_F0280_k06050,v6_F0320_k06025,0.028,0.0605,0.032,0.06025,False,convex_hulls_disjoint;calibration_residual;endpoint_ess;hidden_morphology_effect,
4,False,,The problem is infeasible. (HiGHS Status 8: model_status is Infeasible; primal_status is None),False,,,False,,,,,3.469446951953614e-18,False,False,,,,,v6_F0280_k06050__v6_F0340_k06000,v6_F0280_k06050,v6_F0340_k06000,0.028,0.0605,0.034,0.06,False,convex_hulls_disjoint;calibration_residual;endpoint_ess;hidden_morphology_effect,
4,False,,The problem is infeasible. (HiGHS Status 8: model_status is Infeasible; primal_status is None),False,,,False,,,,,3.469446951953614e-18,False,False,,,,,v6_F0280_k06050__v6_F0340_k06025,v6_F0280_k06050,v6_F0340_k06025,0.028,0.0605,0.034,0.06025,False,convex_hulls_disjoint;calibration_residual;endpoint_ess;hidden_morphology_effect,
4,False,,The problem is infeasible. (HiGHS Status 8: model_status is Infeasible; primal_status is None),False,,,False,,,,,3.469446951953614e-18,False,False,,,,,v6_F0280_k06050__v6_F0340_k06050,v6_F0280_k06050,v6_F0340_k06050,0.028,0.0605,0.034,0.0605,False,convex_hulls_disjoint;calibration_residual;endpoint_ess;hidden_morphology_effect,
4,False,,The problem is infeasible. (HiGHS Status 8: model_status is Infeasible; primal_status is None),False,,,False,,,,,3.469446951953614e-18,False,False,,,,,v6_F0280_k06050__v6_F0340_k06075,v6_F0280_k06050,v6_F0340_k06075,0.028,0.0605,0.034,0.06075,False,convex_hulls_disjoint;calibration_residual;endpoint_ess;hidden_morphology_effect,
4,True,1.6653345369377348e-16,Optimization terminated successfully. (HiGHS Status 7: Optimal),True,0.0012785212991983416,0.32730145259477544,True,1.0658141036401503e-14,maximum_total_entropy,[-0.28695657 -0.38555699 -0.47124222 -0.0943385 ],[0.13413161 0.02960112 0.016218   0.00941939],3.469446951953614e-18,True,True,5.342948306008566e-15,0.032027880398242725,0.28106877931034496,51.78538886104942,v6_F0300_k06025__v6_F0280_k05800,v6_F0300_k06025,v6_F0280_k05800,0.03,0.06025,0.028,0.058,False,endpoint_ess;hidden_morphology_effect,
4,True,2.220446049250313e-16,Optimization terminated successfully. (HiGHS Status 7: Optimal),True,0.0022345525788535193,0.5720454601865009,True,5.4936055704501996e-12,maximum_total_entropy,[-0.43348761 -0.49341121 -0.40353605 -0.25867063],[0.13229416 0.02924646 0.01631748 0.00925565],3.469446951953614e-18,True,True,2.7469138075275623e-12,0.042473442763105974,0.1859574589833924,20.09318690256858,v6_F0300_k06025__v6_F0280_k05825,v6_F0300_k06025,v6_F0280_k05825,0.03,0.06025,0.028,0.05825,False,endpoint_ess;hidden_morphology_effect,
4,False,,The problem is infeasible. (HiGHS Status 8: model_status is Infeasible; primal_status is Infeasible),False,,,False,,,,,0.0,False,False,,,,,v6_F0300_k06025__v6_F0300_k05850,v6_F0300_k06025,v6_F0300_k05850,0.03,0.06025,0.03,0.0585,False,convex_hulls_disjoint;calibration_residual;endpoint_ess;hidden_morphology_effect,
4,False,,The problem is infeasible. (HiGHS Status 8: model_status is Infeasible; primal_status is Infeasible),False,,,False,,,,,0.0,False,False,,,,,v6_F0300_k06025__v6_F0300_k05875,v6_F0300_k06025,v6_F0300_k05875,0.03,0.06025,0.03,0.058750000000000004,False,convex_hulls_disjoint;calibration_residual;endpoint_ess;hidden_morphology_effect,
4,False,,The problem is infeasible. (HiGHS Status 8: model_status is Infeasible; primal_status is Infeasible),False,,,False,,,,,0.0,False,False,,,,,v6_F0300_k06025__v6_F0300_k05925,v6_F0300_k06025,v6_F0300_k05925,0.03,0.06025,0.03,0.059250000000000004,False,convex_hulls_disjoint;calibration_residual;endpoint_ess;hidden_morphology_effect,
4,False,,The problem is infeasible. (HiGHS Status 8: model_status is Infeasible; primal_status is Infeasible),False,,,False,,,,,0.0,False,False,,,,,v6_F0300_k06025__v6_F0320_k05950,v6_F0300_k06025,v6_F0320_k05950,0.03,0.06025,0.032,0.0595,False,convex_hulls_disjoint;calibration_residual;endpoint_ess;hidden_morphology_effect,
4,False,,The problem is infeasible. (HiGHS Status 8: model_status is Infeasible; primal_status is Infeasible),False,,,False,,,,,0.0,False,False,,,,,v6_F0300_k06025__v6_F0320_k05975,v6_F0300_k06025,v6_F0320_k05975,0.03,0.06025,0.032,0.05975,False,convex_hulls_disjoint;calibration_residual;endpoint_ess;hidden_morphology_effect,
4,False,,The problem is infeasible. (HiGHS Status 8: model_status is Infeasible; primal_status is Infeasible),False,,,False,,,,,0.0,False,False,,,,,v6_F0300_k06025__v6_F0320_k06000,v6_F0300_k06025,v6_F0320_k06000,0.03,0.06025,0.032,0.06,False,convex_hulls_disjoint;calibration_residual;endpoint_ess;hidden_morphology_effect,
4,False,,The problem is infeasible. (HiGHS Status 8: model_status is Infeasible; primal_status is Infeasible),False,,,False,,,,,0.0,False,False,,,,,v6_F0300_k06025__v6_F0320_k06025,v6_F0300_k06025,v6_F0320_k06025,0.03,0.06025,0.032,0.06025,False,convex_hulls_disjoint;calibration_residual;endpoint_ess;hidden_morphology_effect,
4,False,,The problem is infeasible. (HiGHS Status 8: model_status is Infeasible; primal_status is Infeasible),False,,,False,,,,,0.0,False,False,,,,,v6_F0300_k06025__v6_F0340_k06000,v6_F0300_k06025,v6_F0340_k06000,0.03,0.06025,0.034,0.06,False,convex_hulls_disjoint;calibration_residual;endpoint_ess;hidden_morphology_effect,
4,False,,The problem is infeasible. (HiGHS Status 8: model_status is Infeasible; primal_status is Infeasible),False,,,False,,,,,0.0,False,False,,,,,v6_F0300_k06025__v6_F0340_k06025,v6_F0300_k06025,v6_F0340_k06025,0.03,0.06025,0.034,0.06025,False,convex_hulls_disjoint;calibration_residual;endpoint_ess;hidden_morphology_effect,
4,False,,The problem is infeasible. (HiGHS Status 8: model_status is Infeasible; primal_status is Infeasible),False,,,False,,,,,0.0,False,False,,,,,v6_F0300_k06025__v6_F0340_k06050,v6_F0300_k06025,v6_F0340_k06050,0.03,0.06025,0.034,0.0605,False,convex_hulls_disjoint;calibration_residual;endpoint_ess;hidden_morphology_effect,
4,False,,The problem is infeasible. (HiGHS Status 8: model_status is Infeasible; primal_status is Infeasible),False,,,False,,,,,0.0,False,False,,,,,v6_F0300_k06025__v6_F0340_k06075,v6_F0300_k06025,v6_F0340_k06075,0.03,0.06025,0.034,0.06075,False,convex_hulls_disjoint;calibration_residual;endpoint_ess;hidden_morphology_effect,
4,True,1.1102230246251565e-16,Optimization terminated successfully. (HiGHS Status 7: Optimal),True,0.0012774765312713672,0.32703399200547,True,9.853229343548264e-13,maximum_total_entropy,[-0.33326491 -0.38538449 -0.44593213  0.02679215],[0.13355092 0.02960168 0.01625518 0.00954008],3.469446951953614e-18,True,True,4.928835117823382e-13,0.02894120292246963,0.3223770563724409,49.858634565603595,v6_F0300_k06050__v6_F0280_k05800,v6_F0300_k06050,v6_F0280_k05800,0.03,0.0605,0.028,0.058,False,endpoint_ess;hidden_morphology_effect,
4,True,2.3592239273284576e-16,Optimization terminated successfully. (HiGHS Status 7: Optimal),True,0.002107029480688126,0.5393995470561602,False,2.542788202219981e-11,maximum_minimum_weight_lp,[-0.51418418 -0.49121486 -0.33173371 -0.1525317 ],[0.13128225 0.02925368 0.01642297 0.00936141],3.469446951953614e-18,True,True,1.5543122344752192e-15,0.03724111927128456,0.27480592023956574,47.16836689303047,v6_F0300_k06050__v6_F0280_k05825,v6_F0300_k06050,v6_F0280_k05825,0.03,0.0605,0.028,0.05825,False,endpoint_ess;hidden_morphology_effect,
4,False,,The problem is infeasible. (HiGHS Status 8: model_status is Infeasible; primal_status is None),False,,,False,,,,,0.0,False,False,,,,,v6_F0300_k06050__v6_F0300_k05850,v6_F0300_k06050,v6_F0300_k05850,0.03,0.0605,0.03,0.0585,False,convex_hulls_disjoint;calibration_residual;endpoint_ess;hidden_morphology_effect,
4,False,,The problem is infeasible. (HiGHS Status 8: model_status is Infeasible; primal_status is None),False,,,False,,,,,0.0,False,False,,,,,v6_F0300_k06050__v6_F0300_k05875,v6_F0300_k06050,v6_F0300_k05875,0.03,0.0605,0.03,0.058750000000000004,False,convex_hulls_disjoint;calibration_residual;endpoint_ess;hidden_morphology_effect,
4,False,,The problem is infeasible. (HiGHS Status 8: model_status is Infeasible; primal_status is Infeasible),False,,,False,,,,,0.0,False,False,,,,,v6_F0300_k06050__v6_F0300_k05925,v6_F0300_k06050,v6_F0300_k05925,0.03,0.0605,0.03,0.059250000000000004,False,convex_hulls_disjoint;calibration_residual;endpoint_ess;hidden_morphology_effect,
4,False,,The problem is infeasible. (HiGHS Status 8: model_status is Infeasible; primal_status is None),False,,,False,,,,,0.0,False,False,,,,,v6_F0300_k06050__v6_F0320_k05950,v6_F0300_k06050,v6_F0320_k05950,0.03,0.0605,0.032,0.0595,False,convex_hulls_disjoint;calibration_residual;endpoint_ess;hidden_morphology_effect,
4,False,,The problem is infeasible. (HiGHS Status 8: model_status is Infeasible; primal_status is None),False,,,False,,,,,0.0,False,False,,,,,v6_F0300_k06050__v6_F0320_k05975,v6_F0300_k06050,v6_F0320_k05975,0.03,0.0605,0.032,0.05975,False,convex_hulls_disjoint;calibration_residual;endpoint_ess;hidden_morphology_effect,
4,False,,The problem is infeasible. (HiGHS Status 8: model_status is Infeasible; primal_status is None),False,,,False,,,,,0.0,False,False,,,,,v6_F0300_k06050__v6_F0320_k06000,v6_F0300_k06050,v6_F0320_k06000,0.03,0.0605,0.032,0.06,False,convex_hulls_disjoint;calibration_residual;endpoint_ess;hidden_morphology_effect,
4,False,,The problem is infeasible. (HiGHS Status 8: model_status is Infeasible; primal_status is Infeasible),False,,,False,,,,,0.0,False,False,,,,,v6_F0300_k06050__v6_F0320_k06025,v6_F0300_k06050,v6_F0320_k06025,0.03,0.0605,0.032,0.06025,False,convex_hulls_disjoint;calibration_residual;endpoint_ess;hidden_morphology_effect,
4,False,,The problem is infeasible. (HiGHS Status 8: model_status is Infeasible; primal_status is None),False,,,False,,,,,0.0,False,False,,,,,v6_F0300_k06050__v6_F0340_k06000,v6_F0300_k06050,v6_F0340_k06000,0.03,0.0605,0.034,0.06,False,convex_hulls_disjoint;calibration_residual;endpoint_ess;hidden_morphology_effect,
4,False,,The problem is infeasible. (HiGHS Status 8: model_status is Infeasible; primal_status is None),False,,,False,,,,,0.0,False,False,,,,,v6_F0300_k06050__v6_F0340_k06025,v6_F0300_k06050,v6_F0340_k06025,0.03,0.0605,0.034,0.06025,False,convex_hulls_disjoint;calibration_residual;endpoint_ess;hidden_morphology_effect,
4,False,,The problem is infeasible. (HiGHS Status 8: model_status is Infeasible; primal_status is None),False,,,False,,,,,0.0,False,False,,,,,v6_F0300_k06050__v6_F0340_k06050,v6_F0300_k06050,v6_F0340_k06050,0.03,0.0605,0.034,0.0605,False,convex_hulls_disjoint;calibration_residual;endpoint_ess;hidden_morphology_effect,
4,False,,The problem is infeasible. (HiGHS Status 8: model_status is Infeasible; primal_status is None),False,,,False,,,,,0.0,False,False,,,,,v6_F0300_k06050__v6_F0340_k06075,v6_F0300_k06050,v6_F0340_k06075,0.03,0.0605,0.034,0.06075,False,convex_hulls_disjoint;calibration_residual;endpoint_ess;hidden_morphology_effect,
4,True,6.696032617270475e-16,Optimization terminated successfully. (HiGHS Status 7: Optimal),True,0.00036323879862899176,0.09298913244902189,True,9.346801110865499e-12,maximum_total_entropy,[-0.70990969 -0.71974811 -0.8667387   0.40605245],[0.12882791 0.02850218 0.0156369  0.00991798],3.469446951953614e-18,True,True,4.673428311008365e-12,0.013048241571973538,0.6060025307156488,122.88182879043765,v6_F0300_k06075__v6_F0280_k05800,v6_F0300_k06075,v6_F0280_k05800,0.03,0.06075,0.028,0.058,False,endpoint_ess;hidden_morphology_effect,
4,True,2.4424906541753444e-15,Optimization terminated successfully. (HiGHS Status 7: Optimal),True,0.0013883580874626158,0.35541967039042965,True,1.9984014443252818e-15,maximum_total_entropy,[-1.01137479 -0.92885016 -0.69791546  0.0693086 ],[0.12504763 0.02781459 0.01588495 0.00958245],3.469446951953614e-18,True,True,9.992007221626409e-16,0.0160070895856482,0.21466769633995136,30.390153041461666,v6_F0300_k06075__v6_F0280_k05825,v6_F0300_k06075,v6_F0280_k05825,0.03,0.06075,0.028,0.05825,False,endpoint_ess;hidden_morphology_effect,
4,False,,The problem is infeasible. (HiGHS Status 8: model_status is Infeasible; primal_status is None),False,,,False,,,,,0.0,False,False,,,,,v6_F0300_k06075__v6_F0300_k05850,v6_F0300_k06075,v6_F0300_k05850,0.03,0.06075,0.03,0.0585,False,convex_hulls_disjoint;calibration_residual;endpoint_ess;hidden_morphology_effect,
4,False,,The problem is infeasible. (HiGHS Status 8: model_status is Infeasible; primal_status is None),False,,,False,,,,,0.0,False,False,,,,,v6_F0300_k06075__v6_F0300_k05875,v6_F0300_k06075,v6_F0300_k05875,0.03,0.06075,0.03,0.058750000000000004,False,convex_hulls_disjoint;calibration_residual;endpoint_ess;hidden_morphology_effect,
4,False,,The problem is infeasible. (HiGHS Status 8: model_status is Infeasible; primal_status is None),False,,,False,,,,,0.0,False,False,,,,,v6_F0300_k06075__v6_F0300_k05925,v6_F0300_k06075,v6_F0300_k05925,0.03,0.06075,0.03,0.059250000000000004,False,convex_hulls_disjoint;calibration_residual;endpoint_ess;hidden_morphology_effect,
4,False,,The problem is infeasible. (HiGHS Status 8: model_status is Infeasible; primal_status is None),False,,,False,,,,,0.0,False,False,,,,,v6_F0300_k06075__v6_F0320_k05950,v6_F0300_k06075,v6_F0320_k05950,0.03,0.06075,0.032,0.0595,False,convex_hulls_disjoint;calibration_residual;endpoint_ess;hidden_morphology_effect,
4,False,,The problem is infeasible. (HiGHS Status 8: model_status is Infeasible; primal_status is None),False,,,False,,,,,0.0,False,False,,,,,v6_F0300_k06075__v6_F0320_k05975,v6_F0300_k06075,v6_F0320_k05975,0.03,0.06075,0.032,0.05975,False,convex_hulls_disjoint;calibration_residual;endpoint_ess;hidden_morphology_effect,
4,False,,The problem is infeasible. (HiGHS Status 8: model_status is Infeasible; primal_status is None),False,,,False,,,,,0.0,False,False,,,,,v6_F0300_k06075__v6_F0320_k06000,v6_F0300_k06075,v6_F0320_k06000,0.03,0.06075,0.032,0.06,False,convex_hulls_disjoint;calibration_residual;endpoint_ess;hidden_morphology_effect,
4,False,,The problem is infeasible. (HiGHS Status 8: model_status is Infeasible; primal_status is None),False,,,False,,,,,0.0,False,False,,,,,v6_F0300_k06075__v6_F0320_k06025,v6_F0300_k06075,v6_F0320_k06025,0.03,0.06075,0.032,0.06025,False,convex_hulls_disjoint;calibration_residual;endpoint_ess;hidden_morphology_effect,
4,False,,The problem is infeasible. (HiGHS Status 8: model_status is Infeasible; primal_status is None),False,,,False,,,,,0.0,False,False,,,,,v6_F0300_k06075__v6_F0340_k06000,v6_F0300_k06075,v6_F0340_k06000,0.03,0.06075,0.034,0.06,False,convex_hulls_disjoint;calibration_residual;endpoint_ess;hidden_morphology_effect,
4,False,,The problem is infeasible. (HiGHS Status 8: model_status is Infeasible; primal_status is None),False,,,False,,,,,0.0,False,False,,,,,v6_F0300_k06075__v6_F0340_k06025,v6_F0300_k06075,v6_F0340_k06025,0.03,0.06075,0.034,0.06025,False,convex_hulls_disjoint;calibration_residual;endpoint_ess;hidden_morphology_effect,
4,False,,The problem is infeasible. (HiGHS Status 8: model_status is Infeasible; primal_status is None),False,,,False,,,,,0.0,False,False,,,,,v6_F0300_k06075__v6_F0340_k06050,v6_F0300_k06075,v6_F0340_k06050,0.03,0.06075,0.034,0.0605,False,convex_hulls_disjoint;calibration_residual;endpoint_ess;hidden_morphology_effect,
4,False,,The problem is infeasible. (HiGHS Status 8: model_status is Infeasible; primal_status is None),False,,,False,,,,,0.0,False,False,,,,,v6_F0300_k06075__v6_F0340_k06075,v6_F0300_k06075,v6_F0340_k06075,0.03,0.06075,0.034,0.06075,False,convex_hulls_disjoint;calibration_residual;endpoint_ess;hidden_morphology_effect,
4,True,1.0824674490095276e-15,Optimization terminated successfully. (HiGHS Status 7: Optimal),True,0.00021227612144049773,0.05434268708876742,True,1.3738454818224e-12,maximum_total_entropy,[-0.92827941 -0.95314593 -1.14063132  0.37550884],[0.12608962 0.02773469 0.01523448 0.00988754],3.469446951953614e-18,True,True,6.872280522429719e-13,0.00846406079417427,0.4676697244007412,125.8431007907517,v6_F0300_k06100__v6_F0280_k05800,v6_F0300_k06100,v6_F0280_k05800,0.03,0.061,0.028,0.058,False,endpoint_ess;hidden_morphology_effect,
4,True,4.884981308350689e-15,Optimization terminated successfully. (HiGHS Status 7: Optimal),True,0.0011041350799979263,0.2826585804794691,True,4.413136522884997e-15,maximum_total_entropy,[-1.20432024 -1.08994093 -0.85205784  0.19590505],[0.12262815 0.02728487 0.01565847 0.00970859],3.469446951953614e-18,True,True,2.220446049250313e-15,0.012456418591460856,0.3014247927238808,42.97531224661234,v6_F0300_k06100__v6_F0280_k05825,v6_F0300_k06100,v6_F0280_k05825,0.03,0.061,0.028,0.05825,False,endpoint_ess;hidden_morphology_effect,
4,False,,The problem is infeasible. (HiGHS Status 8: model_status is Infeasible; primal_status is None),False,,,False,,,,,0.0,False,False,,,,,v6_F0300_k06100__v6_F0300_k05850,v6_F0300_k06100,v6_F0300_k05850,0.03,0.061,0.03,0.0585,False,convex_hulls_disjoint;calibration_residual;endpoint_ess;hidden_morphology_effect,
4,False,,The problem is infeasible. (HiGHS Status 8: model_status is Infeasible; primal_status is None),False,,,False,,,,,0.0,False,False,,,,,v6_F0300_k06100__v6_F0300_k05875,v6_F0300_k06100,v6_F0300_k05875,0.03,0.061,0.03,0.058750000000000004,False,convex_hulls_disjoint;calibration_residual;endpoint_ess;hidden_morphology_effect,
4,False,,The problem is infeasible. (HiGHS Status 8: model_status is Infeasible; primal_status is None),False,,,False,,,,,0.0,False,False,,,,,v6_F0300_k06100__v6_F0300_k05925,v6_F0300_k06100,v6_F0300_k05925,0.03,0.061,0.03,0.059250000000000004,False,convex_hulls_disjoint;calibration_residual;endpoint_ess;hidden_morphology_effect,
4,False,,The problem is infeasible. (HiGHS Status 8: model_status is Infeasible; primal_status is None),False,,,False,,,,,0.0,False,False,,,,,v6_F0300_k06100__v6_F0320_k05950,v6_F0300_k06100,v6_F0320_k05950,0.03,0.061,0.032,0.0595,False,convex_hulls_disjoint;calibration_residual;endpoint_ess;hidden_morphology_effect,
4,False,,The problem is infeasible. (HiGHS Status 8: model_status is Infeasible; primal_status is None),False,,,False,,,,,0.0,False,False,,,,,v6_F0300_k06100__v6_F0320_k05975,v6_F0300_k06100,v6_F0320_k05975,0.03,0.061,0.032,0.05975,False,convex_hulls_disjoint;calibration_residual;endpoint_ess;hidden_morphology_effect,
4,False,,The problem is infeasible. (HiGHS Status 8: model_status is Infeasible; primal_status is None),False,,,False,,,,,0.0,False,False,,,,,v6_F0300_k06100__v6_F0320_k06000,v6_F0300_k06100,v6_F0320_k06000,0.03,0.061,0.032,0.06,False,convex_hulls_disjoint;calibration_residual;endpoint_ess;hidden_morphology_effect,
4,False,,The problem is infeasible. (HiGHS Status 8: model_status is Infeasible; primal_status is None),False,,,False,,,,,0.0,False,False,,,,,v6_F0300_k06100__v6_F0320_k06025,v6_F0300_k06100,v6_F0320_k06025,0.03,0.061,0.032,0.06025,False,convex_hulls_disjoint;calibration_residual;endpoint_ess;hidden_morphology_effect,
4,False,,The problem is infeasible. (HiGHS Status 8: model_status is Infeasible; primal_status is None),False,,,False,,,,,0.0,False,False,,,,,v6_F0300_k06100__v6_F0340_k06000,v6_F0300_k06100,v6_F0340_k06000,0.03,0.061,0.034,0.06,False,convex_hulls_disjoint;calibration_residual;endpoint_ess;hidden_morphology_effect,
4,False,,The problem is infeasible. (HiGHS Status 8: model_status is Infeasible; primal_status is None),False,,,False,,,,,0.0,False,False,,,,,v6_F0300_k06100__v6_F0340_k06025,v6_F0300_k06100,v6_F0340_k06025,0.03,0.061,0.034,0.06025,False,convex_hulls_disjoint;calibration_residual;endpoint_ess;hidden_morphology_effect,
4,False,,The problem is infeasible. (HiGHS Status 8: model_status is Infeasible; primal_status is None),False,,,False,,,,,0.0,False,False,,,,,v6_F0300_k06100__v6_F0340_k06050,v6_F0300_k06100,v6_F0340_k06050,0.03,0.061,0.034,0.0605,False,convex_hulls_disjoint;calibration_residual;endpoint_ess;hidden_morphology_effect,
4,False,,The problem is infeasible. (HiGHS Status 8: model_status is Infeasible; primal_status is None),False,,,False,,,,,0.0,False,False,,,,,v6_F0300_k06100__v6_F0340_k06075,v6_F0300_k06100,v6_F0340_k06075,0.03,0.061,0.034,0.06075,False,convex_hulls_disjoint;calibration_residual;endpoint_ess;hidden_morphology_effect,
4,True,1.3322676295501878e-15,Optimization terminated successfully. (HiGHS Status 7: Optimal),True,0.00011172688631718229,0.028602082897198667,True,2.831068712794149e-13,maximum_total_entropy,[-1.12466808 -1.10784253 -1.30331883  0.49402877],[0.12362697 0.027226   0.01499545 0.01000564],3.469446951953614e-18,True,True,1.417754802446325e-13,0.009098423464531671,0.3146364085854267,136.3105864519622,v6_F0300_k06125__v6_F0280_k05800,v6_F0300_k06125,v6_F0280_k05800,0.03,0.06125,0.028,0.058,False,endpoint_ess;hidden_morphology_effect,
4,True,1.4432899320127035e-15,Optimization terminated successfully. (HiGHS Status 7: Optimal),True,0.0009127264910668143,0.23365798171310445,True,2.7211566333562587e-13,maximum_total_entropy,[-1.39548182 -1.23767316 -0.97885117  0.30017329],[0.12023104 0.02679907 0.01547218 0.00981248],3.469446951953614e-18,True,True,1.3600232051658168e-13,0.010810610941350518,0.3091486497603789,34.672540711912035,v6_F0300_k06125__v6_F0280_k05825,v6_F0300_k06125,v6_F0280_k05825,0.03,0.06125,0.028,0.05825,False,endpoint_ess;hidden_morphology_effect,
4,False,,The problem is infeasible. (HiGHS Status 8: model_status is Infeasible; primal_status is None),False,,,False,,,,,0.0,False,False,,,,,v6_F0300_k06125__v6_F0300_k05850,v6_F0300_k06125,v6_F0300_k05850,0.03,0.06125,0.03,0.0585,False,convex_hulls_disjoint;calibration_residual;endpoint_ess;hidden_morphology_effect,
4,False,,The problem is infeasible. (HiGHS Status 8: model_status is Infeasible; primal_status is None),False,,,False,,,,,0.0,False,False,,,,,v6_F0300_k06125__v6_F0300_k05875,v6_F0300_k06125,v6_F0300_k05875,0.03,0.06125,0.03,0.058750000000000004,False,convex_hulls_disjoint;calibration_residual;endpoint_ess;hidden_morphology_effect,
4,False,,The problem is infeasible. (HiGHS Status 8: model_status is Infeasible; primal_status is None),False,,,False,,,,,0.0,False,False,,,,,v6_F0300_k06125__v6_F0300_k05925,v6_F0300_k06125,v6_F0300_k05925,0.03,0.06125,0.03,0.059250000000000004,False,convex_hulls_disjoint;calibration_residual;endpoint_ess;hidden_morphology_effect,
4,False,,The problem is infeasible. (HiGHS Status 8: model_status is Infeasible; primal_status is None),False,,,False,,,,,0.0,False,False,,,,,v6_F0300_k06125__v6_F0320_k05950,v6_F0300_k06125,v6_F0320_k05950,0.03,0.06125,0.032,0.0595,False,convex_hulls_disjoint;calibration_residual;endpoint_ess;hidden_morphology_effect,
4,False,,The problem is infeasible. (HiGHS Status 8: model_status is Infeasible; primal_status is None),False,,,False,,,,,0.0,False,False,,,,,v6_F0300_k06125__v6_F0320_k05975,v6_F0300_k06125,v6_F0320_k05975,0.03,0.06125,0.032,0.05975,False,convex_hulls_disjoint;calibration_residual;endpoint_ess;hidden_morphology_effect,
4,False,,The problem is infeasible. (HiGHS Status 8: model_status is Infeasible; primal_status is None),False,,,False,,,,,0.0,False,False,,,,,v6_F0300_k06125__v6_F0320_k06000,v6_F0300_k06125,v6_F0320_k06000,0.03,0.06125,0.032,0.06,False,convex_hulls_disjoint;calibration_residual;endpoint_ess;hidden_morphology_effect,
4,False,,The problem is infeasible. (HiGHS Status 8: model_status is Infeasible; primal_status is None),False,,,False,,,,,0.0,False,False,,,,,v6_F0300_k06125__v6_F0320_k06025,v6_F0300_k06125,v6_F0320_k06025,0.03,0.06125,0.032,0.06025,False,convex_hulls_disjoint;calibration_residual;endpoint_ess;hidden_morphology_effect,
4,False,,The problem is infeasible. (HiGHS Status 8: model_status is Infeasible; primal_status is None),False,,,False,,,,,0.0,False,False,,,,,v6_F0300_k06125__v6_F0340_k06000,v6_F0300_k06125,v6_F0340_k06000,0.03,0.06125,0.034,0.06,False,convex_hulls_disjoint;calibration_residual;endpoint_ess;hidden_morphology_effect,
4,False,,The problem is infeasible. (HiGHS Status 8: model_status is Infeasible; primal_status is None),False,,,False,,,,,0.0,False,False,,,,,v6_F0300_k06125__v6_F0340_k06025,v6_F0300_k06125,v6_F0340_k06025,0.03,0.06125,0.034,0.06025,False,convex_hulls_disjoint;calibration_residual;endpoint_ess;hidden_morphology_effect,
4,False,,The problem is infeasible. (HiGHS Status 8: model_status is Infeasible; primal_status is None),False,,,False,,,,,0.0,False,False,,,,,v6_F0300_k06125__v6_F0340_k06050,v6_F0300_k06125,v6_F0340_k06050,0.03,0.06125,0.034,0.0605,False,convex_hulls_disjoint;calibration_residual;endpoint_ess;hidden_morphology_effect,
4,False,,The problem is infeasible. (HiGHS Status 8: model_status is Infeasible; primal_status is None),False,,,False,,,,,0.0,False,False,,,,,v6_F0300_k06125__v6_F0340_k06075,v6_F0300_k06125,v6_F0340_k06075,0.03,0.06125,0.034,0.06075,False,convex_hulls_disjoint;calibration_residual;endpoint_ess;hidden_morphology_effect,
4,True,2.220446049250313e-16,Optimization terminated successfully. (HiGHS Status 7: Optimal),True,0.0012133099535711427,0.31060734811421253,True,3.335665077486283e-13,maximum_total_entropy,[-0.35208531 -0.23457206 -0.23996422  0.57491463],[0.13331492 0.03009761 0.01655781 0.01008623],3.469446951953614e-18,True,True,1.6686652060116103e-13,0.02005025202656258,0.26495017920263764,43.23256048198727,v6_F0320_k06125__v6_F0280_k05800,v6_F0320_k06125,v6_F0280_k05800,0.032,0.06125,0.028,0.058,False,endpoint_ess;hidden_morphology_effect,
4,True,2.220446049250313e-16,Optimization terminated successfully. (HiGHS Status 7: Optimal),True,0.00187158827968213,0.4791265995986253,True,4.919120666357912e-12,maximum_total_entropy,[-0.53151397 -0.35649384 -0.13863136  0.38319332],[0.13106494 0.02969669 0.01670669 0.0098952 ],3.469446951953614e-18,True,True,2.4596991110570343e-12,0.024282458184045674,0.21353539089251175,13.088858392655382,v6_F0320_k06125__v6_F0280_k05825,v6_F0320_k06125,v6_F0280_k05825,0.032,0.06125,0.028,0.05825,False,endpoint_ess;hidden_morphology_effect,
4,False,,The problem is infeasible. (HiGHS Status 8: model_status is Infeasible; primal_status is None),False,,,False,,,,,0.0,False,False,,,,,v6_F0320_k06125__v6_F0300_k05850,v6_F0320_k06125,v6_F0300_k05850,0.032,0.06125,0.03,0.0585,False,convex_hulls_disjoint;calibration_residual;endpoint_ess;hidden_morphology_effect,
4,False,,The problem is infeasible. (HiGHS Status 8: model_status is Infeasible; primal_status is None),False,,,False,,,,,0.0,False,False,,,,,v6_F0320_k06125__v6_F0300_k05875,v6_F0320_k06125,v6_F0300_k05875,0.032,0.06125,0.03,0.058750000000000004,False,convex_hulls_disjoint;calibration_residual;endpoint_ess;hidden_morphology_effect,
4,False,,The problem is infeasible. (HiGHS Status 8: model_status is Infeasible; primal_status is None),False,,,False,,,,,0.0,False,False,,,,,v6_F0320_k06125__v6_F0300_k05925,v6_F0320_k06125,v6_F0300_k05925,0.032,0.06125,0.03,0.059250000000000004,False,convex_hulls_disjoint;calibration_residual;endpoint_ess;hidden_morphology_effect,
4,False,,The problem is infeasible. (HiGHS Status 8: model_status is Infeasible; primal_status is None),False,,,False,,,,,0.0,False,False,,,,,v6_F0320_k06125__v6_F0320_k05950,v6_F0320_k06125,v6_F0320_k05950,0.032,0.06125,0.032,0.0595,False,convex_hulls_disjoint;calibration_residual;endpoint_ess;hidden_morphology_effect,
4,False,,The problem is infeasible. (HiGHS Status 8: model_status is Infeasible; primal_status is None),False,,,False,,,,,0.0,False,False,,,,,v6_F0320_k06125__v6_F0320_k05975,v6_F0320_k06125,v6_F0320_k05975,0.032,0.06125,0.032,0.05975,False,convex_hulls_disjoint;calibration_residual;endpoint_ess;hidden_morphology_effect,
4,False,,The problem is infeasible. (HiGHS Status 8: model_status is Infeasible; primal_status is None),False,,,False,,,,,0.0,False,False,,,,,v6_F0320_k06125__v6_F0320_k06000,v6_F0320_k06125,v6_F0320_k06000,0.032,0.06125,0.032,0.06,False,convex_hulls_disjoint;calibration_residual;endpoint_ess;hidden_morphology_effect,
4,False,,The problem is infeasible. (HiGHS Status 8: model_status is Infeasible; primal_status is Infeasible),False,,,False,,,,,0.0,False,False,,,,,v6_F0320_k06125__v6_F0320_k06025,v6_F0320_k06125,v6_F0320_k06025,0.032,0.06125,0.032,0.06025,False,convex_hulls_disjoint;calibration_residual;endpoint_ess;hidden_morphology_effect,
4,False,,The problem is infeasible. (HiGHS Status 8: model_status is Infeasible; primal_status is None),False,,,False,,,,,0.0,False,False,,,,,v6_F0320_k06125__v6_F0340_k06000,v6_F0320_k06125,v6_F0340_k06000,0.032,0.06125,0.034,0.06,False,convex_hulls_disjoint;calibration_residual;endpoint_ess;hidden_morphology_effect,
4,False,,The problem is infeasible. (HiGHS Status 8: model_status is Infeasible; primal_status is None),False,,,False,,,,,0.0,False,False,,,,,v6_F0320_k06125__v6_F0340_k06025,v6_F0320_k06125,v6_F0340_k06025,0.032,0.06125,0.034,0.06025,False,convex_hulls_disjoint;calibration_residual;endpoint_ess;hidden_morphology_effect,
4,False,,The problem is infeasible. (HiGHS Status 8: model_status is Infeasible; primal_status is None),False,,,False,,,,,0.0,False,False,,,,,v6_F0320_k06125__v6_F0340_k06050,v6_F0320_k06125,v6_F0340_k06050,0.032,0.06125,0.034,0.0605,False,convex_hulls_disjoint;calibration_residual;endpoint_ess;hidden_morphology_effect,
4,False,,The problem is infeasible. (HiGHS Status 8: model_status is Infeasible; primal_status is None),False,,,False,,,,,0.0,False,False,,,,,v6_F0320_k06125__v6_F0340_k06075,v6_F0320_k06125,v6_F0340_k06075,0.032,0.06125,0.034,0.06075,False,convex_hulls_disjoint;calibration_residual;endpoint_ess;hidden_morphology_effect,
4,True,1.0547118733938987e-15,Optimization terminated successfully. (HiGHS Status 7: Optimal),True,0.0008156054353291278,0.20879499144425673,True,4.912736883966318e-14,maximum_total_entropy,[-0.58193484 -0.43092145 -0.46422288  0.7678499 ],[0.13043267 0.02945194 0.01622831 0.01027847],3.469446951953614e-18,True,True,2.453592884421596e-14,0.014734068590229623,0.3032314462836509,59.43242140281763,v6_F0320_k06150__v6_F0280_k05800,v6_F0320_k06150,v6_F0280_k05800,0.032,0.0615,0.028,0.058,False,endpoint_ess;hidden_morphology_effect,
4,True,4.440892098500626e-16,Optimization terminated successfully. (HiGHS Status 7: Optimal),True,0.0016266229551453657,0.4164154765172136,True,1.0547118733938987e-15,maximum_total_entropy,[-0.8306795  -0.5907068  -0.27819388  0.49670101],[0.12731349 0.02892652 0.01650164 0.0100083 ],3.469446951953614e-18,True,True,6.106226635438361e-16,0.014808786177325712,0.20968048545544712,14.314143500015176,v6_F0320_k06150__v6_F0280_k05825,v6_F0320_k06150,v6_F0280_k05825,0.032,0.0615,0.028,0.05825,False,endpoint_ess;hidden_morphology_effect,
4,False,,The problem is infeasible. (HiGHS Status 8: model_status is Infeasible; primal_status is None),False,,,False,,,,,0.0,False,False,,,,,v6_F0320_k06150__v6_F0300_k05850,v6_F0320_k06150,v6_F0300_k05850,0.032,0.0615,0.03,0.0585,False,convex_hulls_disjoint;calibration_residual;endpoint_ess;hidden_morphology_effect,
4,False,,The problem is infeasible. (HiGHS Status 8: model_status is Infeasible; primal_status is None),False,,,False,,,,,0.0,False,False,,,,,v6_F0320_k06150__v6_F0300_k05875,v6_F0320_k06150,v6_F0300_k05875,0.032,0.0615,0.03,0.058750000000000004,False,convex_hulls_disjoint;calibration_residual;endpoint_ess;hidden_morphology_effect,
4,False,,The problem is infeasible. (HiGHS Status 8: model_status is Infeasible; primal_status is None),False,,,False,,,,,0.0,False,False,,,,,v6_F0320_k06150__v6_F0300_k05925,v6_F0320_k06150,v6_F0300_k05925,0.032,0.0615,0.03,0.059250000000000004,False,convex_hulls_disjoint;calibration_residual;endpoint_ess;hidden_morphology_effect,
4,False,,The problem is infeasible. (HiGHS Status 8: model_status is Infeasible; primal_status is None),False,,,False,,,,,0.0,False,False,,,,,v6_F0320_k06150__v6_F0320_k05950,v6_F0320_k06150,v6_F0320_k05950,0.032,0.0615,0.032,0.0595,False,convex_hulls_disjoint;calibration_residual;endpoint_ess;hidden_morphology_effect,
4,False,,The problem is infeasible. (HiGHS Status 8: model_status is Infeasible; primal_status is None),False,,,False,,,,,0.0,False,False,,,,,v6_F0320_k06150__v6_F0320_k05975,v6_F0320_k06150,v6_F0320_k05975,0.032,0.0615,0.032,0.05975,False,convex_hulls_disjoint;calibration_residual;endpoint_ess;hidden_morphology_effect,
4,False,,The problem is infeasible. (HiGHS Status 8: model_status is Infeasible; primal_status is None),False,,,False,,,,,0.0,False,False,,,,,v6_F0320_k06150__v6_F0320_k06000,v6_F0320_k06150,v6_F0320_k06000,0.032,0.0615,0.032,0.06,False,convex_hulls_disjoint;calibration_residual;endpoint_ess;hidden_morphology_effect,
4,False,,The problem is infeasible. (HiGHS Status 8: model_status is Infeasible; primal_status is Infeasible),False,,,False,,,,,0.0,False,False,,,,,v6_F0320_k06150__v6_F0320_k06025,v6_F0320_k06150,v6_F0320_k06025,0.032,0.0615,0.032,0.06025,False,convex_hulls_disjoint;calibration_residual;endpoint_ess;hidden_morphology_effect,
4,False,,The problem is infeasible. (HiGHS Status 8: model_status is Infeasible; primal_status is None),False,,,False,,,,,0.0,False,False,,,,,v6_F0320_k06150__v6_F0340_k06000,v6_F0320_k06150,v6_F0340_k06000,0.032,0.0615,0.034,0.06,False,convex_hulls_disjoint;calibration_residual;endpoint_ess;hidden_morphology_effect,
4,False,,The problem is infeasible. (HiGHS Status 8: model_status is Infeasible; primal_status is None),False,,,False,,,,,0.0,False,False,,,,,v6_F0320_k06150__v6_F0340_k06025,v6_F0320_k06150,v6_F0340_k06025,0.032,0.0615,0.034,0.06025,False,convex_hulls_disjoint;calibration_residual;endpoint_ess;hidden_morphology_effect,
4,False,,The problem is infeasible. (HiGHS Status 8: model_status is Infeasible; primal_status is None),False,,,False,,,,,0.0,False,False,,,,,v6_F0320_k06150__v6_F0340_k06050,v6_F0320_k06150,v6_F0340_k06050,0.032,0.0615,0.034,0.0605,False,convex_hulls_disjoint;calibration_residual;endpoint_ess;hidden_morphology_effect,
4,False,,The problem is infeasible. (HiGHS Status 8: model_status is Infeasible; primal_status is None),False,,,False,,,,,0.0,False,False,,,,,v6_F0320_k06150__v6_F0340_k06075,v6_F0320_k06150,v6_F0340_k06075,0.032,0.0615,0.034,0.06075,False,convex_hulls_disjoint;calibration_residual;endpoint_ess;hidden_morphology_effect,
4,True,4.440892098500626e-16,Optimization terminated successfully. (HiGHS Status 7: Optimal),True,0.0004708407894714181,0.12053524210468303,True,2.7803315205687795e-12,maximum_total_entropy,[-0.81124379 -0.63447424 -0.71069445  0.93129188],[0.12755721 0.02878259 0.01586618 0.01044132],3.469446951953614e-18,True,True,1.390665360645471e-12,0.011367450121573254,0.2965432521247258,67.22434618151003,v6_F0320_k06175__v6_F0280_k05800,v6_F0320_k06175,v6_F0280_k05800,0.032,0.06175,0.028,0.058,False,endpoint_ess;hidden_morphology_effect,
4,True,4.718447854656915e-15,Optimization terminated successfully. (HiGHS Status 7: Optimal),True,0.0013144366077844133,0.3364957715928098,True,1.2545520178264269e-14,maximum_total_entropy,[-1.09120433 -0.80034655 -0.43130157  0.62166903],[0.12404659 0.02823715 0.01627668 0.01013282],3.469446951953614e-18,True,True,6.439293542825908e-15,0.01056662532055971,0.32418485395820607,19.291303176337298,v6_F0320_k06175__v6_F0280_k05825,v6_F0320_k06175,v6_F0280_k05825,0.032,0.06175,0.028,0.05825,False,endpoint_ess;hidden_morphology_effect,
4,False,,The problem is infeasible. (HiGHS Status 8: model_status is Infeasible; primal_status is None),False,,,False,,,,,0.0,False,False,,,,,v6_F0320_k06175__v6_F0300_k05850,v6_F0320_k06175,v6_F0300_k05850,0.032,0.06175,0.03,0.0585,False,convex_hulls_disjoint;calibration_residual;endpoint_ess;hidden_morphology_effect,
4,False,,The problem is infeasible. (HiGHS Status 8: model_status is Infeasible; primal_status is None),False,,,False,,,,,0.0,False,False,,,,,v6_F0320_k06175__v6_F0300_k05875,v6_F0320_k06175,v6_F0300_k05875,0.032,0.06175,0.03,0.058750000000000004,False,convex_hulls_disjoint;calibration_residual;endpoint_ess;hidden_morphology_effect,
4,False,,The problem is infeasible. (HiGHS Status 8: model_status is Infeasible; primal_status is None),False,,,False,,,,,0.0,False,False,,,,,v6_F0320_k06175__v6_F0300_k05925,v6_F0320_k06175,v6_F0300_k05925,0.032,0.06175,0.03,0.059250000000000004,False,convex_hulls_disjoint;calibration_residual;endpoint_ess;hidden_morphology_effect,
4,False,,The problem is infeasible. (HiGHS Status 8: model_status is Infeasible; primal_status is None),False,,,False,,,,,0.0,False,False,,,,,v6_F0320_k06175__v6_F0320_k05950,v6_F0320_k06175,v6_F0320_k05950,0.032,0.06175,0.032,0.0595,False,convex_hulls_disjoint;calibration_residual;endpoint_ess;hidden_morphology_effect,
4,False,,The problem is infeasible. (HiGHS Status 8: model_status is Infeasible; primal_status is None),False,,,False,,,,,0.0,False,False,,,,,v6_F0320_k06175__v6_F0320_k05975,v6_F0320_k06175,v6_F0320_k05975,0.032,0.06175,0.032,0.05975,False,convex_hulls_disjoint;calibration_residual;endpoint_ess;hidden_morphology_effect,
4,False,,The problem is infeasible. (HiGHS Status 8: model_status is Infeasible; primal_status is None),False,,,False,,,,,0.0,False,False,,,,,v6_F0320_k06175__v6_F0320_k06000,v6_F0320_k06175,v6_F0320_k06000,0.032,0.06175,0.032,0.06,False,convex_hulls_disjoint;calibration_residual;endpoint_ess;hidden_morphology_effect,
4,False,,The problem is infeasible. (HiGHS Status 8: model_status is Infeasible; primal_status is None),False,,,False,,,,,0.0,False,False,,,,,v6_F0320_k06175__v6_F0320_k06025,v6_F0320_k06175,v6_F0320_k06025,0.032,0.06175,0.032,0.06025,False,convex_hulls_disjoint;calibration_residual;endpoint_ess;hidden_morphology_effect,
4,False,,The problem is infeasible. (HiGHS Status 8: model_status is Infeasible; primal_status is None),False,,,False,,,,,0.0,False,False,,,,,v6_F0320_k06175__v6_F0340_k06000,v6_F0320_k06175,v6_F0340_k06000,0.032,0.06175,0.034,0.06,False,convex_hulls_disjoint;calibration_residual;endpoint_ess;hidden_morphology_effect,
4,False,,The problem is infeasible. (HiGHS Status 8: model_status is Infeasible; primal_status is None),False,,,False,,,,,0.0,False,False,,,,,v6_F0320_k06175__v6_F0340_k06025,v6_F0320_k06175,v6_F0340_k06025,0.032,0.06175,0.034,0.06025,False,convex_hulls_disjoint;calibration_residual;endpoint_ess;hidden_morphology_effect,
4,False,,The problem is infeasible. (HiGHS Status 8: model_status is Infeasible; primal_status is None),False,,,False,,,,,0.0,False,False,,,,,v6_F0320_k06175__v6_F0340_k06050,v6_F0320_k06175,v6_F0340_k06050,0.032,0.06175,0.034,0.0605,False,convex_hulls_disjoint;calibration_residual;endpoint_ess;hidden_morphology_effect,
4,False,,The problem is infeasible. (HiGHS Status 8: model_status is Infeasible; primal_status is None),False,,,False,,,,,0.0,False,False,,,,,v6_F0320_k06175__v6_F0340_k06075,v6_F0320_k06175,v6_F0340_k06075,0.032,0.06175,0.034,0.06075,False,convex_hulls_disjoint;calibration_residual;endpoint_ess;hidden_morphology_effect,
4,True,6.661338147750939e-16,Optimization terminated successfully. (HiGHS Status 7: Optimal),True,0.0012501997900679896,0.32005114625740533,True,1.5543122344752192e-15,maximum_total_entropy,[-0.26347531  0.05227399  0.1478279   1.13506018],[0.13442606 0.03104085 0.01712758 0.01064436],3.469446951953614e-18,True,True,8.881784197001252e-16,0.014186258695414825,0.24164826462932534,25.89490572994628,v6_F0340_k06200__v6_F0280_k05800,v6_F0340_k06200,v6_F0280_k05800,0.034,0.062,0.028,0.058,False,endpoint_ess;hidden_morphology_effect,
4,True,6.591949208711867e-16,Optimization terminated successfully. (HiGHS Status 7: Optimal),True,0.0015816243771302068,0.40489584054533295,True,1.2212453270876722e-15,maximum_total_entropy,[-0.44246971 -0.08294495  0.22985837  0.87288535],[0.13218152 0.03059621 0.01724811 0.01038313],3.469446951953614e-18,True,True,6.661338147750939e-16,0.019933468105259304,0.28309117806328815,11.083585459673658,v6_F0340_k06200__v6_F0280_k05825,v6_F0340_k06200,v6_F0280_k05825,0.034,0.062,0.028,0.05825,False,endpoint_ess;hidden_morphology_effect,
4,False,,The problem is infeasible. (HiGHS Status 8: model_status is Infeasible; primal_status is Infeasible),False,,,False,,,,,0.0,False,False,,,,,v6_F0340_k06200__v6_F0300_k05850,v6_F0340_k06200,v6_F0300_k05850,0.034,0.062,0.03,0.0585,False,convex_hulls_disjoint;calibration_residual;endpoint_ess;hidden_morphology_effect,
4,False,,The problem is infeasible. (HiGHS Status 8: model_status is Infeasible; primal_status is Infeasible),False,,,False,,,,,0.0,False,False,,,,,v6_F0340_k06200__v6_F0300_k05875,v6_F0340_k06200,v6_F0300_k05875,0.034,0.062,0.03,0.058750000000000004,False,convex_hulls_disjoint;calibration_residual;endpoint_ess;hidden_morphology_effect,
4,False,,The problem is infeasible. (HiGHS Status 8: model_status is Infeasible; primal_status is Infeasible),False,,,False,,,,,0.0,False,False,,,,,v6_F0340_k06200__v6_F0300_k05925,v6_F0340_k06200,v6_F0300_k05925,0.034,0.062,0.03,0.059250000000000004,False,convex_hulls_disjoint;calibration_residual;endpoint_ess;hidden_morphology_effect,
4,False,,The problem is infeasible. (HiGHS Status 8: model_status is Infeasible; primal_status is Infeasible),False,,,False,,,,,0.0,False,False,,,,,v6_F0340_k06200__v6_F0320_k05950,v6_F0340_k06200,v6_F0320_k05950,0.034,0.062,0.032,0.0595,False,convex_hulls_disjoint;calibration_residual;endpoint_ess;hidden_morphology_effect,
4,False,,The problem is infeasible. (HiGHS Status 8: model_status is Infeasible; primal_status is Infeasible),False,,,False,,,,,0.0,False,False,,,,,v6_F0340_k06200__v6_F0320_k05975,v6_F0340_k06200,v6_F0320_k05975,0.034,0.062,0.032,0.05975,False,convex_hulls_disjoint;calibration_residual;endpoint_ess;hidden_morphology_effect,
4,False,,The problem is infeasible. (HiGHS Status 8: model_status is Infeasible; primal_status is Infeasible),False,,,False,,,,,0.0,False,False,,,,,v6_F0340_k06200__v6_F0320_k06000,v6_F0340_k06200,v6_F0320_k06000,0.034,0.062,0.032,0.06,False,convex_hulls_disjoint;calibration_residual;endpoint_ess;hidden_morphology_effect,
4,False,,The problem is infeasible. (HiGHS Status 8: model_status is Infeasible; primal_status is Infeasible),False,,,False,,,,,0.0,False,False,,,,,v6_F0340_k06200__v6_F0320_k06025,v6_F0340_k06200,v6_F0320_k06025,0.034,0.062,0.032,0.06025,False,convex_hulls_disjoint;calibration_residual;endpoint_ess;hidden_morphology_effect,
4,False,,The problem is infeasible. (HiGHS Status 8: model_status is Infeasible; primal_status is Infeasible),False,,,False,,,,,0.0,False,False,,,,,v6_F0340_k06200__v6_F0340_k06000,v6_F0340_k06200,v6_F0340_k06000,0.034,0.062,0.034,0.06,False,convex_hulls_disjoint;calibration_residual;endpoint_ess;hidden_morphology_effect,
4,False,,The problem is infeasible. (HiGHS Status 8: model_status is Infeasible; primal_status is Infeasible),False,,,False,,,,,0.0,False,False,,,,,v6_F0340_k06200__v6_F0340_k06025,v6_F0340_k06200,v6_F0340_k06025,0.034,0.062,0.034,0.06025,False,convex_hulls_disjoint;calibration_residual;endpoint_ess;hidden_morphology_effect,
4,False,,The problem is infeasible. (HiGHS Status 8: model_status is Infeasible; primal_status is Infeasible),False,,,False,,,,,0.0,False,False,,,,,v6_F0340_k06200__v6_F0340_k06050,v6_F0340_k06200,v6_F0340_k06050,0.034,0.062,0.034,0.0605,False,convex_hulls_disjoint;calibration_residual;endpoint_ess;hidden_morphology_effect,
4,False,,The problem is infeasible. (HiGHS Status 8: model_status is Infeasible; primal_status is Infeasible),False,,,False,,,,,0.0,False,False,,,,,v6_F0340_k06200__v6_F0340_k06075,v6_F0340_k06200,v6_F0340_k06075,0.034,0.062,0.034,0.06075,False,convex_hulls_disjoint;calibration_residual;endpoint_ess;hidden_morphology_effect,
4,True,2.220446049250313e-16,Optimization terminated successfully. (HiGHS Status 7: Optimal),True,0.0007219121460287937,0.18480950938337118,True,1.940420046864233e-12,maximum_total_entropy,[-0.47853724 -0.14562013 -0.07110837  1.26088021],[0.13172925 0.03039011 0.0168059  0.01076972],3.469446951953614e-18,True,True,9.70321045734579e-13,0.011610696877640147,0.29702599005850594,49.23805388627441,v6_F0340_k06225__v6_F0280_k05800,v6_F0340_k06225,v6_F0280_k05800,0.034,0.06225,0.028,0.058,False,endpoint_ess;hidden_morphology_effect,
4,True,1.1102230246251565e-16,Optimization terminated successfully. (HiGHS Status 7: Optimal),True,0.001371508838891702,0.3511062627562757,True,1.2781442570997115e-14,maximum_total_entropy,[-0.73434382 -0.32733631  0.07087526  0.94322694],[0.12852151 0.02979257 0.01701452 0.01045321],3.469446951953614e-18,True,True,6.522560269672795e-15,0.01306969869387835,0.26923750767044363,11.439420930591892,v6_F0340_k06225__v6_F0280_k05825,v6_F0340_k06225,v6_F0280_k05825,0.034,0.06225,0.028,0.05825,False,endpoint_ess;hidden_morphology_effect,
4,False,,The problem is infeasible. (HiGHS Status 8: model_status is Infeasible; primal_status is None),False,,,False,,,,,0.0,False,False,,,,,v6_F0340_k06225__v6_F0300_k05850,v6_F0340_k06225,v6_F0300_k05850,0.034,0.06225,0.03,0.0585,False,convex_hulls_disjoint;calibration_residual;endpoint_ess;hidden_morphology_effect,
4,False,,The problem is infeasible. (HiGHS Status 8: model_status is Infeasible; primal_status is None),False,,,False,,,,,0.0,False,False,,,,,v6_F0340_k06225__v6_F0300_k05875,v6_F0340_k06225,v6_F0300_k05875,0.034,0.06225,0.03,0.058750000000000004,False,convex_hulls_disjoint;calibration_residual;endpoint_ess;hidden_morphology_effect,
4,False,,The problem is infeasible. (HiGHS Status 8: model_status is Infeasible; primal_status is None),False,,,False,,,,,0.0,False,False,,,,,v6_F0340_k06225__v6_F0300_k05925,v6_F0340_k06225,v6_F0300_k05925,0.034,0.06225,0.03,0.059250000000000004,False,convex_hulls_disjoint;calibration_residual;endpoint_ess;hidden_morphology_effect,
4,False,,The problem is infeasible. (HiGHS Status 8: model_status is Infeasible; primal_status is None),False,,,False,,,,,0.0,False,False,,,,,v6_F0340_k06225__v6_F0320_k05950,v6_F0340_k06225,v6_F0320_k05950,0.034,0.06225,0.032,0.0595,False,convex_hulls_disjoint;calibration_residual;endpoint_ess;hidden_morphology_effect,
4,False,,The problem is infeasible. (HiGHS Status 8: model_status is Infeasible; primal_status is None),False,,,False,,,,,0.0,False,False,,,,,v6_F0340_k06225__v6_F0320_k05975,v6_F0340_k06225,v6_F0320_k05975,0.034,0.06225,0.032,0.05975,False,convex_hulls_disjoint;calibration_residual;endpoint_ess;hidden_morphology_effect,
4,False,,The problem is infeasible. (HiGHS Status 8: model_status is Infeasible; primal_status is None),False,,,False,,,,,0.0,False,False,,,,,v6_F0340_k06225__v6_F0320_k06000,v6_F0340_k06225,v6_F0320_k06000,0.034,0.06225,0.032,0.06,False,convex_hulls_disjoint;calibration_residual;endpoint_ess;hidden_morphology_effect,
4,False,,The problem is infeasible. (HiGHS Status 8: model_status is Infeasible; primal_status is Infeasible),False,,,False,,,,,0.0,False,False,,,,,v6_F0340_k06225__v6_F0320_k06025,v6_F0340_k06225,v6_F0320_k06025,0.034,0.06225,0.032,0.06025,False,convex_hulls_disjoint;calibration_residual;endpoint_ess;hidden_morphology_effect,
4,False,,The problem is infeasible. (HiGHS Status 8: model_status is Infeasible; primal_status is None),False,,,False,,,,,0.0,False,False,,,,,v6_F0340_k06225__v6_F0340_k06000,v6_F0340_k06225,v6_F0340_k06000,0.034,0.06225,0.034,0.06,False,convex_hulls_disjoint;calibration_residual;endpoint_ess;hidden_morphology_effect,
4,False,,The problem is infeasible. (HiGHS Status 8: model_status is Infeasible; primal_status is None),False,,,False,,,,,0.0,False,False,,,,,v6_F0340_k06225__v6_F0340_k06025,v6_F0340_k06225,v6_F0340_k06025,0.034,0.06225,0.034,0.06025,False,convex_hulls_disjoint;calibration_residual;endpoint_ess;hidden_morphology_effect,
4,False,,The problem is infeasible. (HiGHS Status 8: model_status is Infeasible; primal_status is None),False,,,False,,,,,0.0,False,False,,,,,v6_F0340_k06225__v6_F0340_k06050,v6_F0340_k06225,v6_F0340_k06050,0.034,0.06225,0.034,0.0605,False,convex_hulls_disjoint;calibration_residual;endpoint_ess;hidden_morphology_effect,
4,False,,The problem is infeasible. (HiGHS Status 8: model_status is Infeasible; primal_status is None),False,,,False,,,,,0.0,False,False,,,,,v6_F0340_k06225__v6_F0340_k06075,v6_F0340_k06225,v6_F0340_k06075,0.034,0.06225,0.034,0.06075,False,convex_hulls_disjoint;calibration_residual;endpoint_ess;hidden_morphology_effect,
