design_index,design_id,source_time_index,day,production_case_valid,diagnostic_reasons,full_action_density,tangent_action_density,log_action_robust_z_score,maximum_relative_rank_action_change,scaled_weak_relative_residual,compatibility_relative_residual,adaptive_quadrature_required,adaptive_quadrature_valid,density_modified,operator_floor,final_test_accessed
0,design_000000,8,2.0,False,rank_sensitivity,10615188.624191655,633851.4700234437,0.0007593179985293663,0.13971959511413762,3.678299081641671e-20,1.192785575080775e-14,True,True,False,0.0,False
0,design_000000,9,2.25,False,rank_sensitivity,12052787.123443399,1225979.3516446783,0.029827120301714936,0.10284010312019923,4.1622131081804005e-21,1.5396207701133043e-15,True,True,False,0.0,False
0,design_000000,10,2.5,False,rank_sensitivity,10761238.29876654,1949695.4844148739,0.053215856626902674,0.056871460251500854,2.56283764405539e-23,1.4024381470281593e-15,False,False,False,0.0,False
0,design_000000,17,4.25,False,rank_sensitivity,17179836.344397385,9965181.723721018,0.8783544198725112,0.06640691695575382,7.369546426448593e-26,3.7516555560532775e-15,False,False,False,0.0,False
0,design_000000,37,9.25,False,tangent_full_inequality,6114024.9786774535,12946901.80759096,0.6721637804154013,0.0030712380223336944,1.0699939493659303e-21,1.3605314241268515e-15,False,False,False,0.0,False
4,design_000004,24,6.0,False,rank_sensitivity;log_action_outlier,411748675.27408636,292048046.9156693,6.06280827380214,0.5199272354988308,4.641141750265798e-21,1.1719543942433832e-15,False,False,False,0.0,False
4,design_000004,25,6.25,False,rank_sensitivity,191728203.57586852,48945134.432738945,5.655057908874536,0.2121924761293899,4.1503395323878136e-20,1.6535645162438753e-15,False,False,False,0.0,False
4,design_000004,26,6.499999999999999,False,rank_sensitivity,114557631.47474343,24116019.32493274,3.709064884454732,0.20305652270596533,2.8298035553644928e-21,1.0002497812435657e-15,False,False,False,0.0,False
4,design_000004,27,6.75,False,rank_sensitivity,87809437.25375058,15874845.643882537,2.212337532512852,0.2686898163175139,5.491195785440126e-20,2.2352874931567927e-16,False,False,False,0.0,False
4,design_000004,28,7.0,False,rank_sensitivity,63094820.99095988,11519534.287361687,1.9076239665719157,0.24860657341692746,5.119803061931395e-21,8.740717131924209e-16,False,False,False,0.0,False
4,design_000004,29,7.250000000000001,False,rank_sensitivity,45281194.1215592,8668376.858553454,1.7644201063178613,0.2250793930643087,4.541516175544089e-21,7.790058456761129e-16,False,False,False,0.0,False
4,design_000004,30,7.5,False,rank_sensitivity,31918225.711776305,6627295.393629472,1.294734992640528,0.1989301208750563,4.059954124187115e-21,3.2833015171313464e-16,False,False,False,0.0,False
4,design_000004,31,7.75,False,rank_sensitivity,22016458.30372618,5133227.83486316,1.382814997900824,0.16935498727046908,4.5215070180077966e-21,1.241340733089618e-15,False,False,False,0.0,False
4,design_000004,32,8.0,False,rank_sensitivity,15237098.951021673,4095949.9761330127,0.72726256298386,0.1369145264608645,6.7128419209295105e-21,6.002262963361215e-16,False,False,False,0.0,False
4,design_000004,33,8.25,False,rank_sensitivity,10795592.082312549,3393712.6943014963,0.6942762304939635,0.10393465841394488,2.4576890083226526e-21,2.5635004922902997e-16,False,False,False,0.0,False
4,design_000004,34,8.5,False,rank_sensitivity,7971887.795496886,2930839.473705339,0.6548205523122532,0.07091259536394647,1.7925226019885305e-22,2.1844927812643285e-16,False,False,False,0.0,False
12,design_000012,24,6.0,False,rank_sensitivity,50092909.62492142,37905640.40908025,2.949861411407456,0.17340424155710613,5.578184094176669e-23,4.5485699499425296e-15,False,False,False,0.0,False
12,design_000012,25,6.25,False,rank_sensitivity,29114136.644173287,6728356.982317778,2.5784838274749204,0.1363534801861704,1.207023126433698e-22,2.5935381985714544e-16,False,False,False,0.0,False
13,design_000013,29,7.250000000000001,False,rank_sensitivity,179519129.9376421,66101463.69267475,3.071132650481818,0.15676045600898048,8.233381664297471e-22,1.1542022839957815e-15,False,False,False,0.0,False
13,design_000013,30,7.5,False,rank_sensitivity,81681766.52471353,18298751.263585903,2.1285240760007147,0.11028220689511141,1.978506522298205e-20,1.2431544226660013e-15,False,False,False,0.0,False
13,design_000013,31,7.75,False,rank_sensitivity,47642717.86481753,9994924.527057432,2.1991900760139127,0.07867019083646297,9.461349024191124e-22,2.402398502537943e-16,False,False,False,0.0,False
14,design_000014,12,3.0,False,rank_sensitivity,1109146224.7788718,121332338.5396165,5.33815265550051,0.5923988387950814,3.370506223815098e-20,1.031583359399359e-15,False,False,False,0.0,False
14,design_000014,13,3.2499999999999996,False,rank_sensitivity,462137825.9920077,21089943.81142296,5.046751322351051,0.445662740406596,5.051729793782016e-20,3.691719884595852e-17,False,False,False,0.0,False
14,design_000014,14,3.5,False,rank_sensitivity,216165190.76635057,9337047.106253289,3.8401909197032555,0.40184269138164896,7.35975729693103e-23,3.882780913193173e-18,False,False,False,0.0,False
14,design_000014,15,3.75,False,rank_sensitivity,112576135.70058239,5544821.034159666,3.110448811462585,0.5103325020608374,6.998872526184256e-21,3.108706600070514e-17,False,False,False,0.0,False
14,design_000014,16,4.0,False,rank_sensitivity,57267469.761843644,3998458.899189408,2.548207206911271,0.47258977850578876,1.0508463102007373e-20,8.915312368441194e-16,False,False,False,0.0,False
14,design_000014,17,4.25,False,rank_sensitivity,46685029.34225917,3348205.7968715318,2.2428714034454833,0.35574856291230683,3.449143133460768e-22,3.0966117679109174e-15,False,False,False,0.0,False
14,design_000014,18,4.5,False,rank_sensitivity,25634599.2437193,3065950.1800380265,1.3404707939772946,0.2849577216492687,3.68190350182153e-22,1.3823626999315543e-16,False,False,False,0.0,False
14,design_000014,19,4.75,False,rank_sensitivity,15409228.165466039,2940847.465030401,0.8014062588486218,0.20634746702431245,2.542566874259937e-20,3.9766188469914323e-16,False,False,False,0.0,False
14,design_000014,20,5.0,False,rank_sensitivity,10434424.267973723,2891084.323546919,0.27337820591213063,0.13598872817207808,2.820464195266675e-20,7.63072532656716e-16,False,False,False,0.0,False
14,design_000014,21,5.25,False,rank_sensitivity,7875146.653626564,2893662.0005923905,0.012094741236416608,0.08295852938404637,0.0,2.2779163648060657e-15,False,False,False,0.0,False
14,design_000014,27,6.75,False,rank_sensitivity,78900410.18296407,42595561.01536949,2.1150881004393165,0.12143374688696223,2.5221504569616854e-20,1.473417260584091e-15,False,False,False,0.0,False
14,design_000014,28,7.0,False,rank_sensitivity,41961330.637822546,6786972.087894429,1.5345190230864123,0.21660856813915,2.539875144817119e-20,5.867811283864505e-16,False,False,False,0.0,False
14,design_000014,29,7.250000000000001,False,rank_sensitivity,24401186.474483594,3694887.0028238487,1.1778845730109855,0.1809235799608225,3.392400455588369e-20,1.209511539811833e-15,False,False,False,0.0,False
14,design_000014,30,7.5,False,rank_sensitivity,15652759.172196425,2572469.962456466,0.6624810338936219,0.13997939496599887,5.845424067669499e-21,5.980590570599635e-16,False,False,False,0.0,False
14,design_000014,31,7.75,False,rank_sensitivity,10652665.44801536,1990943.0531472047,0.6150448773955699,0.10670509979739498,1.1405771645271172e-20,1.2361049125433907e-15,False,False,False,0.0,False
14,design_000014,32,8.0,False,rank_sensitivity,7625622.201671716,1658383.8157011431,0.10531501117053581,0.07914679434121152,1.0998732334761681e-20,3.1852573103835113e-16,False,False,False,0.0,False
31,design_000031,29,7.250000000000001,False,rank_sensitivity,205383433.9913283,67847566.17009628,3.198823004799532,0.15880193800948464,2.4598863090674107e-20,2.1929950057867957e-16,False,False,False,0.0,False
31,design_000031,30,7.5,False,rank_sensitivity,97210002.2552412,28187477.87602294,2.282958637650782,0.09896389095033457,2.5663509770123654e-20,1.8185388947667737e-16,False,False,False,0.0,False
31,design_000031,31,7.75,False,rank_sensitivity,59387532.277708165,17536794.13082225,2.432228977023394,0.06911489002076879,2.840070033027269e-20,3.976612313008012e-16,False,False,False,0.0,False
31,design_000031,32,8.0,False,rank_sensitivity,41127299.438171536,12730837.690737594,1.619401783490999,0.055420000853268786,2.848781552530061e-20,4.498168352874189e-16,False,False,False,0.0,False
32,design_000032,16,4.0,False,rank_sensitivity;log_action_outlier,2294862476.6404386,787872282.9189095,7.653947561991882,0.3292957360358309,1.3428286826429156e-21,8.202217461308028e-16,False,False,False,0.0,False
32,design_000032,17,4.25,False,rank_sensitivity,700048328.1276454,70305635.80172873,5.938765539412867,0.6040220066312154,6.215396909545738e-22,1.4434634730634206e-15,False,False,False,0.0,False
32,design_000032,18,4.5,False,rank_sensitivity,344268019.7863853,30139311.40361996,4.643248049586606,0.5769039011160596,2.5117496565093664e-21,5.832977188377459e-16,False,False,False,0.0,False
32,design_000032,19,4.75,False,rank_sensitivity,200013026.32923564,17339907.121321935,4.074220868597078,0.5003287572990986,9.039416835432475e-22,2.3520860360066905e-15,False,False,False,0.0,False
32,design_000032,20,5.0,False,rank_sensitivity,122514932.88313484,11190288.94491409,3.4727040893102785,0.42752944755621275,2.185338678359242e-20,1.3830798240073606e-15,False,False,False,0.0,False
32,design_000032,21,5.25,False,rank_sensitivity,105198297.11235897,7582636.054885645,3.24961631779324,0.5590698766833339,4.049922105251024e-22,2.6197031799003946e-15,False,False,False,0.0,False
32,design_000032,22,5.5,False,rank_sensitivity,58486082.029077105,5336911.29454305,3.494254503404813,0.3304252206251141,1.5545019189815728e-21,8.714406800009188e-16,False,False,False,0.0,False
32,design_000032,23,5.75,False,rank_sensitivity,34665443.67801577,3893964.152145372,2.5944047389328837,0.2739852549018987,6.5082768305692236e-24,5.35621991439321e-16,False,False,False,0.0,False
32,design_000032,24,6.0,False,rank_sensitivity,21360798.129046965,2999530.3825671547,1.69033567118185,0.19736410868998303,4.027161626161304e-20,4.052192273655845e-16,False,False,False,0.0,False
32,design_000032,25,6.25,False,rank_sensitivity,14541010.277729707,2491333.5353503274,1.4452855585701494,0.05173968086870463,1.5161676849928794e-20,2.503549707389197e-15,False,False,False,0.0,False
32,design_000032,37,9.25,False,rank_sensitivity,13170159.82323279,3640897.856689821,1.8981613044915162,0.06940174462492313,3.8516444396650897e-22,1.5845370355943987e-16,False,False,False,0.0,False
38,design_000038,14,3.5,False,rank_sensitivity,21451205.505386192,9141838.487664947,1.0990466202873035,0.10964185448736058,0.0,5.370036993573553e-15,False,False,False,0.0,False
55,design_000055,10,2.5,False,rank_sensitivity,54220241.629679814,9736394.90551365,1.5037647323731322,0.07308056030965204,1.3703323147112525e-21,1.264574913690249e-15,False,False,False,0.0,False
55,design_000055,11,2.75,False,rank_sensitivity,34419390.320770055,2835461.1509345737,1.2238992914689426,0.06624681877631158,1.9616824435107326e-21,3.858327270406091e-15,False,False,False,0.0,False
55,design_000055,12,3.0,False,rank_sensitivity,26199921.95907921,1623034.0156259579,1.1727957057210205,0.06636761311611564,4.725972730256301e-22,4.762599227435681e-15,False,False,False,0.0,False
55,design_000055,13,3.2499999999999996,False,rank_sensitivity,20739862.60022055,776717.4077948573,1.1482443199512207,0.07281602376767175,7.925695468967814e-21,1.0229444350050215e-15,False,False,False,0.0,False
55,design_000055,14,3.5,False,rank_sensitivity,16005783.599330582,701447.6169411833,0.7516006493547904,0.07231493780288238,6.311065592116017e-23,7.927852276003909e-15,False,False,False,0.0,False
55,design_000055,27,6.75,False,rank_sensitivity,435484609.22613776,37728944.19264637,3.6679448565082104,0.14294452397844856,4.5375416416709354e-20,2.334949176948802e-16,False,False,False,0.0,False
55,design_000055,28,7.0,False,rank_sensitivity,142963303.8516422,8393352.938457536,2.6558177888234127,0.12906237166068324,0.0,8.452702911442156e-17,False,False,False,0.0,False
55,design_000055,29,7.250000000000001,False,rank_sensitivity,79387836.4882527,5143562.982735906,2.297063846987315,0.1155970020068252,1.5775818998674077e-24,1.0189269447352529e-15,False,False,False,0.0,False
55,design_000055,30,7.5,False,rank_sensitivity,51581208.20101564,3873915.386896923,1.7206390454361038,0.10768812495485108,1.4390091995177288e-20,2.0702247436303247e-16,False,False,False,0.0,False
55,design_000055,31,7.75,False,rank_sensitivity,35742469.06303698,3190124.3465887895,1.8952566799115154,0.10090991392498373,4.462724970851444e-25,3.5648824695247045e-16,False,False,False,0.0,False
56,design_000056,15,3.75,False,rank_sensitivity,40592696.844344705,13901821.136523198,1.8758359745759994,0.17562678276328827,1.8794538233752667e-21,1.275627428039589e-15,False,False,False,0.0,False
56,design_000056,18,4.5,False,rank_sensitivity,8222664.2350123115,714542.0119919004,0.10532366189268833,0.05220740191015654,8.513891864966891e-21,1.9372404845231474e-16,False,False,False,0.0,False
56,design_000056,19,4.75,False,rank_sensitivity,6239224.597547838,568423.9372948214,0.35290760192940906,0.05835202436374553,3.127950994925271e-20,9.080212369486468e-15,False,False,False,0.0,False
56,design_000056,20,5.0,False,rank_sensitivity,5043165.088634987,729328.8781350341,0.6710143566761188,0.056377903111278514,4.529037934564136e-25,3.2680103030718066e-15,False,False,False,0.0,False
59,design_000059,11,2.75,False,rank_sensitivity,131990051.65064076,32479709.751862697,2.527602222839659,0.05273697684292851,5.438227643122493e-20,1.3343607694833871e-15,False,False,False,0.0,False
59,design_000059,12,3.0,False,rank_sensitivity,168537784.5533393,27888251.94781897,3.2428064081090318,0.05907436374480887,5.845072067678126e-23,1.7535574225020527e-15,False,False,False,0.0,False
59,design_000059,32,8.0,False,rank_sensitivity,282781668.6339246,11884185.87042588,3.3516805817581754,0.27856893270596733,3.0665017541316613e-21,4.580037423207359e-16,False,False,False,0.0,False
59,design_000059,33,8.25,False,rank_sensitivity,130788725.07533114,5645941.075183434,3.2842706154382775,0.18962114753309428,1.5829511997323055e-21,6.467063394609648e-16,False,False,False,0.0,False
59,design_000059,34,8.5,False,rank_sensitivity,82300456.33812429,4302951.747024039,3.4066773137309396,0.157079857885553,5.06588504215401e-23,9.333827470418831e-17,False,False,False,0.0,False
59,design_000059,35,8.75,False,rank_sensitivity,58171037.28604221,3741555.6645592037,3.5024064762214926,0.13295259693097677,1.8103194386301735e-21,3.2523762360390525e-16,False,False,False,0.0,False
65,design_000065,7,1.75,False,rank_sensitivity,22348540.847220458,2243703.284867441,0.8178837435067559,0.10903884620875587,2.4676618550036454e-20,1.5104338467695217e-14,True,True,False,0.0,False
65,design_000065,8,2.0,False,rank_sensitivity,27272259.257806912,2623955.125644748,0.6410229258743837,0.098777883006691,2.1187146798567778e-20,6.182583872134888e-15,True,True,False,0.0,False
65,design_000065,9,2.25,False,rank_sensitivity,26962297.240476236,2896409.3388387123,0.6688550992575983,0.0898798140594001,6.115763914689596e-22,1.14663151269819e-14,True,True,False,0.0,False
65,design_000065,10,2.5,False,rank_sensitivity,22501027.1413305,3407252.8056030693,0.6569704993102113,0.06369800365974751,3.7328635907342455e-23,7.105104582639701e-15,False,False,False,0.0,False
65,design_000065,23,5.75,False,rank_sensitivity;log_action_outlier,414505948.6381077,12061583.238256324,6.685297485035003,0.09275470138602952,3.0795594221663365e-22,7.189137769204448e-16,False,False,False,0.0,False
65,design_000065,24,6.0,False,rank_sensitivity,182938539.47510022,4236821.863063627,4.8639580766859165,0.1267163880246679,1.2929114908982459e-24,8.97965651485105e-16,False,False,False,0.0,False
65,design_000065,25,6.25,False,rank_sensitivity,112734603.4290805,2321348.6390503026,4.788258498361406,0.14899824576617646,2.1636345902776485e-20,2.7870542562692505e-16,False,False,False,0.0,False
65,design_000065,26,6.499999999999999,False,rank_sensitivity,77398865.95764449,1524253.2312299204,3.2189590262528784,0.15988730086388067,1.302501465557234e-21,6.071183655547586e-16,False,False,False,0.0,False
65,design_000065,27,6.75,False,rank_sensitivity,55876551.80929101,1113007.9364740911,1.801437897830842,0.08471585123396043,0.0,6.768376270595334e-16,False,False,False,0.0,False
74,design_000074,26,6.499999999999999,False,rank_sensitivity,404824038.3899695,33300335.235766333,5.286947606825224,0.16171836734749082,7.625484533965047e-23,9.552915611815891e-17,False,False,False,0.0,False
83,design_000083,6,1.5,False,rank_sensitivity,7944069.005177089,2075005.3945182161,0.3861994013189444,0.19220038404822154,4.953526196786449e-21,1.4473886737571266e-14,True,True,False,0.0,False
83,design_000083,7,1.75,False,rank_sensitivity,11007020.540831601,2335688.7438727776,0.3045013081051868,0.22954087975854207,0.0,1.6184836387344895e-14,True,True,False,0.0,False
83,design_000083,8,2.0,False,rank_sensitivity,13628381.446454464,2754281.087692626,0.1703062340387468,0.2306726677744612,0.0,1.8776875598163763e-14,True,True,False,0.0,False
83,design_000083,9,2.25,False,rank_sensitivity,14149600.15367746,3370121.4093933236,0.1571261278034865,0.18307183787039352,5.663413082828879e-20,3.988009827604202e-15,True,True,False,0.0,False
83,design_000083,10,2.5,False,rank_sensitivity,11974632.438125845,4337574.479417549,0.04965171119278913,0.1150439861169527,2.929619181326289e-21,4.841413988224376e-15,False,False,False,0.0,False
83,design_000083,12,3.0,False,rank_sensitivity,72481466.831297,12284367.109984197,2.3044095658616865,0.2263789105838813,4.3497133337643104e-20,8.239138474979662e-16,False,False,False,0.0,False
83,design_000083,13,3.2499999999999996,False,rank_sensitivity,23333828.033686284,7004681.804726205,1.2962644489886637,0.09950117122263874,4.2792795893912607e-20,1.6457120382430732e-15,False,False,False,0.0,False
83,design_000083,17,4.25,False,rank_sensitivity,13175872.786965081,4793553.389931799,0.5161678215591965,0.058853008393503055,4.0345813699596866e-20,5.84741275967363e-16,False,False,False,0.0,False
83,design_000083,18,4.5,False,rank_sensitivity,9270311.196113158,4507472.45380979,0.0471619273023458,0.1280402354910565,4.276703652535703e-20,7.427152504531708e-16,False,False,False,0.0,False
83,design_000083,136,34.0,False,tangent_full_inequality,92627.4117541178,93696.15089421597,1.6764881963908098,0.0,2.8144332646733606e-20,1.2791856453975972e-16,False,False,False,0.0,False
83,design_000083,137,34.25,False,tangent_full_inequality,93006.38389943822,93584.82330403724,1.7465575957677113,0.0,2.739280857062098e-20,4.1369153291397926e-16,False,False,False,0.0,False
85,design_000085,11,2.75,False,rank_sensitivity,413863891.788483,72184758.5826493,3.6360601905317456,0.05137831027359177,4.485992442005914e-22,3.975709457799011e-16,False,False,False,0.0,False
85,design_000085,12,3.0,False,rank_sensitivity,1023954432.8288246,109091163.77248625,5.249277674169069,0.08474516784113804,1.2896789711989192e-20,1.5447463767474216e-16,False,False,False,0.0,False
85,design_000085,13,3.2499999999999996,False,rank_sensitivity,868529727.1661968,72536014.47274005,5.8392361091764355,0.07721166735916442,1.9051838203975728e-20,7.776307334930035e-15,False,False,False,0.0,False
85,design_000085,21,5.25,False,rank_sensitivity,11099564.3250199,3145768.5292065367,0.41974993401755734,0.13851387828286768,2.986582014297163e-23,2.2539340134758205e-15,False,False,False,0.0,False
85,design_000085,22,5.5,False,rank_sensitivity,9968636.69591848,1868430.9889554323,0.5604615863522566,0.1507091702163707,7.729602587502116e-21,1.3316233156970353e-15,False,False,False,0.0,False
85,design_000085,23,5.75,False,rank_sensitivity,9401762.93889599,1578448.9350618378,0.4431570642530667,0.13320713259463968,1.5440668017121327e-20,2.123555156239062e-15,False,False,False,0.0,False
85,design_000085,24,6.0,False,rank_sensitivity,8950084.763961818,1564326.999214688,0.40484235283285275,0.051633573306916765,1.531372576746333e-20,5.240244652737943e-16,False,False,False,0.0,False
85,design_000085,25,6.25,False,rank_sensitivity,8319322.279911584,1645913.8153790706,0.5338441372520608,0.05616249442552679,5.949359307080865e-23,1.5582836912941639e-15,False,False,False,0.0,False
85,design_000085,26,6.499999999999999,False,rank_sensitivity,7683305.444441888,1766435.430392656,0.33171238568117156,0.05677125999492328,1.3439144186857272e-21,1.1771497999753603e-16,False,False,False,0.0,False
85,design_000085,27,6.75,False,rank_sensitivity,7054490.13624852,1903745.5426626257,0.07976419440767524,0.05404680487387405,1.527763292909175e-20,3.726001657995124e-16,False,False,False,0.0,False
88,design_000088,16,4.0,False,rank_sensitivity;log_action_outlier,946576670.5285858,20061555.98957001,6.428833668890663,0.4991166962822005,1.2014674955220046e-20,3.3263513629364182e-15,False,False,False,0.0,False
88,design_000088,17,4.25,False,rank_sensitivity,398940010.2996767,5571608.479047699,5.171205225027649,0.5855640512377325,1.4742051780352512e-21,6.21818674708366e-16,False,False,False,0.0,False
88,design_000088,18,4.5,False,rank_sensitivity,229872971.54132587,3198487.480126568,4.129684153236088,0.5475348086133213,0.0,3.03511703055816e-16,False,False,False,0.0,False
88,design_000088,19,4.75,False,rank_sensitivity,147638627.61682665,2345616.478148328,3.6865836884648693,0.498006355574576,0.0,1.5314184513011979e-15,False,False,False,0.0,False
88,design_000088,20,5.0,False,rank_sensitivity,98877713.8669024,1923939.5383524194,3.194288196806732,0.4588388315120173,1.4707587173448038e-20,3.0395037675436436e-15,False,False,False,0.0,False
88,design_000088,21,5.25,False,rank_sensitivity,104019195.79646246,1679907.7182939649,3.2354330748156888,0.5811299129014074,1.745950738728525e-20,5.241254431868292e-16,False,False,False,0.0,False
88,design_000088,22,5.5,False,rank_sensitivity,62950905.26224571,1549596.2859925665,3.616236580427242,0.5001988086932844,3.499493288312099e-20,8.425002750016412e-16,False,False,False,0.0,False
88,design_000088,23,5.75,False,rank_sensitivity,38491555.39673108,1513370.0949272853,2.7670121036607074,0.4012591150581139,4.732687876167986e-22,4.35262095190144e-16,False,False,False,0.0,False
88,design_000088,24,6.0,False,rank_sensitivity,24853822.896720223,1562116.3214836544,1.9141483182494574,0.17527163985928745,2.865770809959617e-20,7.957389806743507e-16,False,False,False,0.0,False
88,design_000088,25,6.25,False,rank_sensitivity,17859816.20188426,1679215.655281525,1.7808461989896724,0.10942995437578472,2.7134456687130576e-20,6.501830862833021e-16,False,False,False,0.0,False
88,design_000088,26,6.499999999999999,False,rank_sensitivity,14381228.330676313,1839958.0562967835,1.115262390133695,0.06586497446520213,0.0,6.696281853451076e-16,False,False,False,0.0,False
105,design_000105,31,7.75,False,rank_sensitivity,169744142.88455653,11639027.187440956,3.5428906056376004,0.14998041555010638,1.93092070133874e-23,8.839839860746341e-16,False,False,False,0.0,False
121,design_000121,12,3.0,False,rank_sensitivity,4948405.214463727,176435.1922868317,0.6806811598221236,0.06342776887293113,9.613115393495834e-21,2.100787979896058e-15,False,False,False,0.0,False
121,design_000121,34,8.5,False,tangent_full_inequality,12265284.53256294,29489416.925481346,1.1627085101100674,0.002815925251732303,3.148608735023519e-20,2.4575273790551478e-15,False,False,False,0.0,False
126,design_000126,7,1.75,False,rank_sensitivity,14634837.790835325,2962027.0655130334,0.510999919201141,0.10461854416497135,1.8210678721381333e-20,1.1349160468492626e-14,True,True,False,0.0,False
126,design_000126,8,2.0,False,rank_sensitivity,5925015.036652388,2095200.3328763463,0.39490161946493485,0.11881438262397058,1.736880446210509e-23,3.0416542328766496e-15,True,True,False,0.0,False
126,design_000126,15,3.75,False,rank_sensitivity,93176857.00271167,13479153.99959462,2.881533836468434,0.18207835252823973,4.95802099682855e-20,2.912038300789699e-15,False,False,False,0.0,False
126,design_000126,16,4.0,False,rank_sensitivity,46450795.01069953,3850354.57908133,2.258605577263027,0.0924306562792105,0.0,1.2513781798406672e-15,False,False,False,0.0,False
126,design_000126,21,5.25,False,rank_sensitivity,10527605.772726348,3342045.032599155,0.35317910629771115,0.05185770560977197,6.529562088079893e-21,1.6523788739380953e-15,False,False,False,0.0,False
126,design_000126,22,5.5,False,rank_sensitivity,6269439.676214354,1968106.7072499925,0.20850465615081248,0.05189729916690171,3.036367866204986e-20,2.291078459806745e-15,False,False,False,0.0,False
138,design_000138,7,1.75,False,rank_sensitivity,18941047.69175019,5501048.112996694,0.6979665722326797,0.055617631167849166,3.4393960471390176e-20,8.36686043961654e-16,True,True,False,0.0,False
138,design_000138,15,3.75,False,rank_sensitivity;log_action_outlier,1720872244.025872,167886625.5405843,6.411035697096723,0.4006248838053272,3.6022050464372566e-22,4.892979367142637e-16,False,False,False,0.0,False
138,design_000138,16,4.0,False,rank_sensitivity,355684367.0680279,13026654.990690896,5.07474178790723,0.4388026166159349,4.319394427304601e-20,8.131356988362375e-16,False,False,False,0.0,False
138,design_000138,17,4.25,False,rank_sensitivity,200951541.86794287,6077594.574726887,4.235198612087253,0.4451154819307811,6.931408147792872e-22,1.509756176169164e-15,False,False,False,0.0,False
138,design_000138,18,4.5,False,rank_sensitivity,116002045.12494668,3727021.189626458,3.260058821291206,0.3579067123917335,4.6538020412360196e-23,8.17089007660422e-16,False,False,False,0.0,False
138,design_000138,19,4.75,False,rank_sensitivity,66801651.54390842,2456477.00474043,2.6740784064258785,0.23710591853056515,6.430462676389794e-21,2.2649079123834524e-15,False,False,False,0.0,False
138,design_000138,20,5.0,False,rank_sensitivity,42734758.77408263,1648082.4386647705,2.104686491660258,0.10095101289493985,2.755323913196768e-20,7.825537165367113e-16,False,False,False,0.0,False
138,design_000138,21,5.25,False,rank_sensitivity,25257758.36730483,1209379.142475362,1.4543674427327018,0.07716788651499296,1.5687209139701103e-20,2.7508549018229863e-16,False,False,False,0.0,False
150,design_000150,33,8.25,False,tangent_full_inequality,4866110.346997396,5226972.803330159,0.13308961568260946,0.0037976019344221562,5.392214392712366e-21,2.26626386469367e-16,False,False,False,0.0,False
162,design_000162,8,2.0,False,rank_sensitivity,7675404.40650574,2829689.165342215,0.21926874927352621,0.061744114874170156,5.595980472829243e-20,1.337908617519238e-15,True,True,False,0.0,False
162,design_000162,9,2.25,False,rank_sensitivity,9073620.387920044,3211546.1970731434,0.19551872112246624,0.06962385786359987,2.6310973580245035e-20,5.9479463045478634e-15,True,True,False,0.0,False
162,design_000162,10,2.5,False,rank_sensitivity,10119437.176088436,3663984.370410803,0.11242217841381212,0.06412253762485509,4.8960071452040574e-20,4.940743269476538e-16,False,False,False,0.0,False
162,design_000162,17,4.25,False,rank_sensitivity;log_action_outlier,1290698912.2394345,20517529.456623703,6.773824317838844,0.5828777457203567,2.498875331914114e-21,2.417074685963472e-16,False,False,False,0.0,False
162,design_000162,18,4.5,False,rank_sensitivity,607276293.4533582,7659078.461636499,5.364923379562997,0.6027981053820762,0.0,7.063946517610901e-16,False,False,False,0.0,False
162,design_000162,19,4.75,False,rank_sensitivity,425845735.56207067,4683554.817975332,5.039046161032501,0.5179285841047866,5.596236003932786e-21,6.215611413905567e-16,False,False,False,0.0,False
162,design_000162,20,5.0,False,rank_sensitivity,428366612.042144,3292052.9406695236,5.098585386113919,0.48450719389601443,5.731149497415147e-21,7.078790799358621e-16,False,False,False,0.0,False
162,design_000162,21,5.25,False,rank_sensitivity,225009346.67385802,2411299.6748052104,4.20630328031394,0.40426925188958,3.7556522953280135e-22,9.697374706058587e-16,False,False,False,0.0,False
162,design_000162,22,5.5,False,rank_sensitivity,111861436.487489,1807981.9026990244,4.569501520863874,0.3094623285279245,2.4815492123422253e-20,5.154733345506625e-16,False,False,False,0.0,False
162,design_000162,23,5.75,False,rank_sensitivity,54846707.328453265,1414433.4490241727,3.3508080355138543,0.20958968452354407,2.474482553833896e-20,1.9105179995254466e-15,False,False,False,0.0,False
162,design_000162,24,6.0,False,rank_sensitivity,29823741.078857787,1230952.5798509016,2.1835335077399005,0.11346105338220147,1.8614954741767494e-22,1.6154235916644949e-16,False,False,False,0.0,False
162,design_000162,25,6.25,False,rank_sensitivity,19717369.093548354,1262125.9061119587,1.9423528884101229,0.056380237735617615,0.0,7.532532352222492e-17,False,False,False,0.0,False
168,design_000168,9,2.25,False,rank_sensitivity,8813416.596465249,3170919.287018279,0.2186118297059627,0.08169131179350403,1.2319013384770463e-25,6.90554840488141e-15,True,True,False,0.0,False
168,design_000168,10,2.5,False,rank_sensitivity,20473338.253733587,3626793.026716757,0.5660441443179839,0.05737605577184616,4.848608306691178e-22,9.160127555327714e-15,False,False,False,0.0,False
168,design_000168,12,3.0,False,rank_sensitivity,20886094.363769714,1907502.984106572,0.9207196845271075,0.06451197487677172,1.888104747949471e-24,3.634624889636765e-15,False,False,False,0.0,False
168,design_000168,13,3.2499999999999996,False,rank_sensitivity,16770707.556929361,2063157.7995897974,0.8814313091816504,0.06331558913704624,1.998880548597052e-21,1.6012655588978784e-15,False,False,False,0.0,False
168,design_000168,14,3.5,False,rank_sensitivity,15648611.549331758,2799443.23784443,0.7248236116461019,0.055933168993703965,4.005330737513648e-21,1.676155476558381e-14,False,False,False,0.0,False
168,design_000168,15,3.75,False,rank_sensitivity,17347212.0320054,3892045.410723965,0.8468446289659626,0.06895324614457164,5.79593158418833e-20,1.1232752555968714e-14,False,False,False,0.0,False
168,design_000168,16,4.0,False,rank_sensitivity,20952351.708942663,5739454.120717293,1.1572148238696844,0.059540943622072164,6.331412891506769e-24,7.13548738064753e-15,False,False,False,0.0,False
168,design_000168,22,5.5,False,rank_sensitivity,7631130.353167506,1480502.8060819635,0.11739789974520216,0.05147560226298955,2.8095042065156186e-23,1.4925545856716369e-15,False,False,False,0.0,False
168,design_000168,23,5.75,False,rank_sensitivity,5795256.541862107,1333294.3287046894,0.3545594277135706,0.0511251564156742,1.270458665015295e-22,9.11338600210241e-16,False,False,False,0.0,False
176,design_000176,8,2.0,False,rank_sensitivity,8684754.717821807,1271230.731647754,0.13543584761815441,0.08783405736616566,6.952316119048246e-21,6.410531288586227e-16,True,True,False,0.0,False
176,design_000176,9,2.25,False,rank_sensitivity,21666653.392162792,1273913.8104864554,0.49530451985827845,0.08840975845130584,7.079305625481937e-21,1.2110574105177648e-14,True,True,False,0.0,False
176,design_000176,10,2.5,False,rank_sensitivity,31367285.944892477,1322261.0946654968,0.9768238479042386,0.07808883668446526,1.667656931045462e-24,6.401223769012998e-15,False,False,False,0.0,False
176,design_000176,11,2.75,False,rank_sensitivity,35521653.80508338,1458180.7148040917,1.254474134274273,0.07104666392741824,4.0855393810415827e-22,5.3759630167693655e-15,False,False,False,0.0,False
176,design_000176,12,3.0,False,rank_sensitivity,34425085.139735706,1737505.4769848478,1.4764231134188157,0.0665708494595206,1.6256340443626878e-21,4.969328700182449e-15,False,False,False,0.0,False
176,design_000176,13,3.2499999999999996,False,rank_sensitivity,28283700.19446061,2168080.5892231334,1.5379035199301752,0.059805953130291536,3.786270018475908e-25,3.3683201753281407e-15,False,False,False,0.0,False
176,design_000176,18,4.5,False,rank_sensitivity,10403081.60149834,4543531.8153676065,0.19375071340351346,0.05082486241098493,1.5114477306424773e-21,2.5318540459726406e-15,False,False,False,0.0,False
182,design_000182,15,3.75,False,rank_sensitivity,55696388.35306376,21619766.57095612,2.2587042283332672,0.44143733900645554,5.907562188510707e-22,4.667033536988027e-16,False,False,False,0.0,False
182,design_000182,16,4.0,False,rank_sensitivity,20798748.12866721,12820000.37779894,1.1470355713291662,0.40386185976542754,9.593005618776162e-21,3.728001670404908e-15,False,False,False,0.0,False
182,design_000182,17,4.25,False,rank_sensitivity,9511757.44807174,7182861.165915969,0.07138897236669338,0.08927630999597115,1.5232397637656717e-21,1.3026314134390996e-15,False,False,False,0.0,False
186,design_000186,3,0.75,False,rank_sensitivity,5112555.880420409,2286286.5316462093,0.23869103161690422,0.057115477189434334,1.1940724428649758e-21,1.268596232369479e-14,True,True,False,0.0,False
186,design_000186,4,1.0,False,rank_sensitivity,5946250.461792345,2364982.7338409405,0.29084894941262324,0.12228086937650261,1.868273539459555e-20,1.3116230626134334e-14,True,True,False,0.0,False
186,design_000186,5,1.25,False,rank_sensitivity,7071414.759676509,2360231.834686155,0.20569295852443417,0.17359990797613573,1.9463265618727627e-20,6.511223454097323e-15,True,True,False,0.0,False
186,design_000186,6,1.5,False,rank_sensitivity,8247374.492384506,2287681.7327891164,0.4196932893264171,0.20902294020186346,2.623707630810304e-21,6.499516791711898e-15,True,True,False,0.0,False
186,design_000186,7,1.75,False,rank_sensitivity,9669643.80967006,2290250.11931367,0.21059860550910253,0.24694545708547366,1.6766683976155877e-22,1.4754242579923156e-14,True,True,False,0.0,False
186,design_000186,8,2.0,False,rank_sensitivity,11071577.69622825,2463616.6538839783,0.029322903741486966,0.21355916027341484,1.494167809289419e-22,3.877874936255898e-14,True,True,False,0.0,False
186,design_000186,9,2.25,False,rank_sensitivity,13741402.596461028,2800352.285418598,0.13389267114800477,0.133654689536266,5.555822136345473e-21,5.1114304821796876e-15,True,True,False,0.0,False
186,design_000186,10,2.5,False,rank_sensitivity,14201269.79532864,3217429.8324101716,0.21385202136435166,0.09811051427356968,2.0258840031527712e-22,3.962901894624291e-15,False,False,False,0.0,False
186,design_000186,11,2.75,False,rank_sensitivity,14971495.345191417,3654646.0327472053,0.41645122135338414,0.08087379018722807,2.200016003918433e-20,1.2677677139511021e-14,False,False,False,0.0,False
186,design_000186,12,3.0,False,rank_sensitivity,16547954.843237305,3998574.955633845,0.6618063908032704,0.07919603156417371,0.0,1.385258928014623e-14,False,False,False,0.0,False
186,design_000186,13,3.2499999999999996,False,rank_sensitivity,18859541.330179784,4305899.046893296,1.0288719181635528,0.08437052659270569,3.5582019990199296e-23,7.776757260687771e-15,False,False,False,0.0,False
186,design_000186,14,3.5,False,rank_sensitivity,22008080.617185157,4580002.604195474,1.129455445503112,0.09345138994666793,1.66126379847802e-20,6.542318203708328e-15,False,False,False,0.0,False
186,design_000186,15,3.75,False,rank_sensitivity,23877452.016148828,4811257.450492024,1.2335565425499078,0.11059997569248131,3.3092809359892557e-20,3.9287625257457724e-15,False,False,False,0.0,False
186,design_000186,16,4.0,False,rank_sensitivity,23760761.95110388,4964857.062198968,1.331226434823706,0.11813123351225328,3.913900709653292e-20,1.326906639369077e-15,False,False,False,0.0,False
186,design_000186,17,4.25,False,rank_sensitivity,21635373.585413564,4988126.264969566,1.193101294575799,0.09191431584938142,3.6418095944872334e-22,4.945564868750375e-15,False,False,False,0.0,False
186,design_000186,23,5.75,False,rank_sensitivity;log_action_outlier,1200741225.0959146,21534021.06027656,8.438823879847662,0.2532008317875837,1.495581069776585e-20,4.8822316214636385e-18,False,False,False,0.0,False
186,design_000186,24,6.0,False,rank_sensitivity;log_action_outlier,646625277.7275369,6379558.35598922,6.729799943130822,0.4396682143176924,2.4016355559898804e-20,7.209974037647929e-16,False,False,False,0.0,False
186,design_000186,25,6.25,False,rank_sensitivity;log_action_outlier,427986649.6827334,3626920.8890639525,6.965784642607505,0.4996364518276285,3.72696513546707e-20,2.7592677355808904e-16,False,False,False,0.0,False
186,design_000186,26,6.499999999999999,False,rank_sensitivity,290941185.48290366,2442656.481202446,4.874055739495522,0.5222925545343327,4.113386098779664e-20,2.1620833677049801e-16,False,False,False,0.0,False
186,design_000186,27,6.75,False,rank_sensitivity,196963160.25214532,1781091.4910039152,2.9466884116842387,0.5239685332776783,1.0973676554522679e-20,8.483094032517413e-17,False,False,False,0.0,False
186,design_000186,28,7.0,False,rank_sensitivity,128767249.05645026,1359275.8979474315,2.5601551164043084,0.3484466110648582,1.2941340763869755e-20,1.948938540736505e-16,False,False,False,0.0,False
186,design_000186,29,7.250000000000001,False,rank_sensitivity,80579836.27932203,1086127.3805553396,2.311202405402787,0.3144895706896891,2.444842064657697e-20,6.940481850003087e-17,False,False,False,0.0,False
186,design_000186,30,7.5,False,rank_sensitivity,47867748.17869026,928271.5685437799,1.6543412782648268,0.06685418633963418,1.5763018932338646e-21,4.578099933027158e-16,False,False,False,0.0,False
186,design_000186,31,7.75,False,rank_sensitivity,27461673.403857723,870898.6493770315,1.6165376588753553,0.06989091757723513,1.4280669020886786e-20,8.82570236900807e-17,False,False,False,0.0,False
186,design_000186,32,8.0,False,rank_sensitivity,17286215.28492749,904244.6358621002,0.8406297962371038,0.0824818498483473,1.3927117305955543e-20,5.637663774394303e-16,False,False,False,0.0,False
186,design_000186,33,8.25,False,rank_sensitivity,11157580.00617211,1010697.4642078187,0.7285207434934746,0.0528906881545049,1.1743261983757416e-20,1.4987950967718748e-15,False,False,False,0.0,False
192,design_000192,13,3.2499999999999996,False,rank_sensitivity,28169131.868433073,4458754.878652863,1.5328053626124434,0.06531583604687848,6.379599065412183e-20,1.2370888796418604e-16,False,False,False,0.0,False
192,design_000192,14,3.5,False,rank_sensitivity,15204407.17265439,903391.4944829708,0.6906559048082466,0.055301253019168446,6.688227519607447e-25,4.289593572660379e-16,False,False,False,0.0,False
192,design_000192,15,3.75,False,rank_sensitivity,8712209.536933698,92333.9554345914,0.013265161230234161,0.05678599787547203,9.045574553906011e-21,1.9937169613496883e-15,False,False,False,0.0,False
192,design_000192,16,4.0,False,rank_sensitivity,5503155.532159407,176397.80956675904,0.6923047644369953,0.052971983566749564,2.758209279034285e-22,2.6678845035299824e-15,False,False,False,0.0,False
192,design_000192,28,7.0,False,rank_sensitivity,5971669.024722909,3872035.698805957,0.2489289243404312,0.050142219142967785,4.1100974953246254e-20,3.4453222042346723e-16,False,False,False,0.0,False
193,design_000193,13,3.2499999999999996,False,rank_sensitivity,125091348.68962997,5953904.346110227,3.405333223353353,0.0921742034549546,2.681865545141389e-22,1.453697191981455e-15,False,False,False,0.0,False
193,design_000193,14,3.5,False,rank_sensitivity,118392617.29240884,11296679.208547084,3.1258697965410143,0.09585621674265733,9.539612305135604e-22,1.6172186806831061e-15,False,False,False,0.0,False
193,design_000193,30,7.5,False,tangent_full_inequality,22253798.971670482,42476648.487575494,0.9747042097552635,0.02639283360290073,2.1721520780049044e-22,2.707852155194241e-15,False,False,False,0.0,False
193,design_000193,31,7.75,False,rank_sensitivity,20541269.257739373,6597829.780663722,1.3094684392760032,0.06986687943659804,0.0,9.317737615086628e-16,False,False,False,0.0,False
193,design_000193,32,8.0,False,rank_sensitivity,16338658.682323854,4131538.424700316,0.7899774484099471,0.0503420360082662,1.1625680798312886e-22,9.768809853904177e-16,False,False,False,0.0,False
202,design_000202,14,3.5,False,rank_sensitivity,225195396.8656859,75012611.08237995,3.8887494322900213,0.7544163653115227,9.17516346026875e-21,1.1345716211361925e-15,False,False,False,0.0,False
202,design_000202,15,3.75,False,rank_sensitivity,53600500.048275866,33184628.227182586,2.2122787395777896,0.41052726612755436,1.671456039646155e-20,3.000039799503338e-15,False,False,False,0.0,False
202,design_000202,16,4.0,False,rank_sensitivity,29788209.95227651,16807901.477438964,1.6439834899557486,0.157582554789922,2.2163266444776326e-24,7.807666440991215e-16,False,False,False,0.0,False
202,design_000202,30,7.5,False,rank_sensitivity,25345224.253743157,3730651.8610761883,1.090126817699492,0.19656726978718164,2.2595787128695892e-20,3.696335856955528e-17,False,False,False,0.0,False
216,design_000216,11,2.75,False,rank_sensitivity,3058668.4322857033,399906.6042573708,1.1239772006536202,0.053719092264344626,4.0509123461313344e-21,5.704769105193591e-15,False,False,False,0.0,False
216,design_000216,30,7.5,False,rank_sensitivity,194004223.85059518,11397582.397895873,2.896113866022453,0.17907435935304927,1.180178043897535e-20,9.358933991790308e-17,False,False,False,0.0,False
221,design_000221,8,2.0,False,rank_sensitivity,32395564.234409362,8088966.346888982,0.7578353114624113,0.20697641678483927,1.663046318317393e-20,5.359279114070559e-15,True,True,False,0.0,False
221,design_000221,13,3.2499999999999996,False,rank_sensitivity,5132870.940513444,917547.1720914963,0.605681798459242,0.053956487371288366,1.6243865175803745e-21,6.366649048420562e-16,False,False,False,0.0,False
221,design_000221,27,6.75,False,rank_sensitivity,239337918.59711286,13447762.332806317,3.1238200791961406,0.1588740152520631,7.139910280559692e-21,1.2171973049747095e-15,False,False,False,0.0,False
221,design_000221,28,7.0,False,rank_sensitivity,111064370.46369614,5464544.888336546,2.4248713144150513,0.09655583463766987,1.845317589335061e-21,2.0164032836960299e-16,False,False,False,0.0,False
221,design_000221,29,7.250000000000001,False,rank_sensitivity,68406362.03117134,3466262.7037365176,2.155823897607175,0.07568277835105575,0.0,1.7583602293369652e-15,False,False,False,0.0,False
221,design_000221,30,7.5,False,rank_sensitivity,47125276.461270414,2580611.444297865,1.6404700328929678,0.06659083870220765,1.942628001352218e-21,9.969258202537178e-16,False,False,False,0.0,False
221,design_000221,31,7.75,False,rank_sensitivity,34230582.9454735,2110976.0499383165,1.8495486691547087,0.06226255457152743,1.6155597388743004e-20,1.043056607707941e-15,False,False,False,0.0,False
221,design_000221,32,8.0,False,rank_sensitivity,26018541.072927497,1859963.955089311,1.2080197034466282,0.06436837221228547,1.6354992185291152e-23,3.1791440960849713e-16,False,False,False,0.0,False
221,design_000221,33,8.25,False,rank_sensitivity,20334235.31957773,1732475.9049023578,1.3516975861772929,0.06241889901377765,0.0,1.970314607054385e-16,False,False,False,0.0,False
223,design_000223,11,2.75,False,rank_sensitivity,21341101.9775446,3110474.5835338207,0.7602822269576883,0.05562973961793195,2.2306930326263166e-20,3.5959347802984837e-17,False,False,False,0.0,False
223,design_000223,12,3.0,False,rank_sensitivity,19454896.471251998,2457046.429163084,0.8417796180214465,0.05270115127284731,8.818469003544543e-23,2.0061709388766182e-14,False,False,False,0.0,False
223,design_000223,28,7.0,False,rank_sensitivity,488619726.47030765,13537631.727902327,3.7800043819049094,0.2598980018130164,7.923632817012456e-21,1.4218491748852873e-16,False,False,False,0.0,False
223,design_000223,29,7.250000000000001,False,rank_sensitivity,255090499.95652476,5931313.465935471,3.4044412727094184,0.3064263413806793,7.384373882078529e-22,7.401718790629108e-16,False,False,False,0.0,False
223,design_000223,30,7.5,False,rank_sensitivity,170250394.3004054,4047074.327132037,2.780219119896182,0.3345499718439309,4.969537244820415e-20,1.2705025230153361e-17,False,False,False,0.0,False
223,design_000223,31,7.75,False,rank_sensitivity,113139211.0844287,3211052.7293041414,3.113865377060704,0.3100348326258093,5.1804921741612226e-20,1.0060397255811659e-16,False,False,False,0.0,False
223,design_000223,32,8.0,False,rank_sensitivity,78368271.65009622,2771706.7645496083,2.198696322699519,0.11969020466811707,8.204550403510825e-25,3.180886148052614e-16,False,False,False,0.0,False
223,design_000223,33,8.25,False,rank_sensitivity,56378961.57464425,2522342.0682251705,2.4105505065870907,0.10186634490413686,3.883916779072193e-21,1.5408443909861631e-15,False,False,False,0.0,False
223,design_000223,34,8.5,False,rank_sensitivity,41876433.74825286,2375473.388675673,2.6102168187757155,0.08741138093133982,1.78224784202405e-21,1.4672068246610042e-16,False,False,False,0.0,False
223,design_000223,35,8.75,False,rank_sensitivity,31930098.54926317,2282877.627443279,2.683494773359502,0.07655979769861838,1.8810976504475732e-21,5.386662605942839e-16,False,False,False,0.0,False
224,design_000224,2,0.5,False,rank_sensitivity,3088279.6009157584,832912.7244873018,0.07427660870906924,0.062390662865698845,1.2920187821950497e-26,1.89338135174602e-15,True,True,False,0.0,False
224,design_000224,4,1.0,False,rank_sensitivity,42828655.85823294,2077261.383640054,1.692453967770744,0.12128079938174073,2.6645167301501764e-21,2.2565254165929913e-14,True,True,False,0.0,False
224,design_000224,9,2.25,False,rank_sensitivity,19359129.30900483,815273.3022577782,0.4059277786443866,0.05498272605177528,1.4795151848124694e-22,1.924621930995656e-15,True,True,False,0.0,False
224,design_000224,19,4.75,False,rank_sensitivity;log_action_outlier,1041515374.3762528,25044715.293367296,6.180904424526567,0.3934792313406235,4.674922238722986e-21,1.2745171447988444e-15,False,False,False,0.0,False
224,design_000224,20,5.0,False,rank_sensitivity,685965462.0306505,7449587.217173899,5.710165108874182,0.511453726532555,2.1761833030768557e-21,3.822101028654759e-16,False,False,False,0.0,False
224,design_000224,21,5.25,False,rank_sensitivity,400882556.5592842,4129559.6742034415,4.933011019146139,0.4916585720072444,0.0,1.9581358967576324e-16,False,False,False,0.0,False
224,design_000224,22,5.5,False,rank_sensitivity;log_action_outlier,282215689.6215349,2741008.725923102,6.10394698142001,0.5348483247561331,0.0,9.68122147089191e-16,False,False,False,0.0,False
224,design_000224,23,5.75,False,rank_sensitivity,161484853.31317347,1974942.7054601042,5.13114525260958,0.4761364317745891,2.729668213048796e-20,7.504985777688228e-17,False,False,False,0.0,False
224,design_000224,24,6.0,False,rank_sensitivity,89657190.07582827,1520693.6325154423,3.8100848840739636,0.4000955787053431,2.8854341351339277e-20,7.303374258005933e-16,False,False,False,0.0,False
224,design_000224,25,6.25,False,rank_sensitivity,49168671.01282013,1266753.42329102,3.433841830937638,0.30840297686793283,1.5424266609155186e-20,3.821348897409378e-16,False,False,False,0.0,False
224,design_000224,26,6.499999999999999,False,rank_sensitivity,27993215.04350198,1158039.7922602806,1.9477653409502582,0.21596100597056248,3.2218615822682134e-20,1.1544507452195518e-16,False,False,False,0.0,False
224,design_000224,27,6.75,False,rank_sensitivity,17620746.94083395,1170690.8202105276,0.7523655468707591,0.12768365128265022,8.33595397122158e-21,1.2891986281339916e-16,False,False,False,0.0,False
224,design_000224,28,7.0,False,rank_sensitivity,12521721.14100973,1289512.8357510602,0.428364180216901,0.06645770298213287,8.269186039845852e-21,2.8571649323391315e-15,False,False,False,0.0,False
224,design_000224,153,38.25,False,tangent_full_inequality,20544.02126370463,20782.967733942685,3.4735830679153303,0.0,7.312725446446174e-21,4.403763786092722e-16,False,False,False,0.0,False
235,design_000235,13,3.2499999999999996,False,rank_sensitivity,4151963.277639091,593784.8677010018,0.8720677900981505,0.0501256348957459,1.0301120738763137e-23,1.2276180551741736e-14,False,False,False,0.0,False
235,design_000235,14,3.5,False,rank_sensitivity,4149683.207696686,588238.0989733484,0.8500879619426754,0.05226185128448649,1.1803612017227872e-21,6.064793942882834e-15,False,False,False,0.0,False
235,design_000235,15,3.75,False,rank_sensitivity,4660159.356170139,1092534.0835457803,0.7440249109994651,0.05072307569031553,1.5162874161437904e-20,4.1507938116837375e-15,False,False,False,0.0,False
235,design_000235,16,4.0,False,rank_sensitivity,5375312.899169501,1761481.9484787672,0.7248216136091985,0.05011051167619913,7.948106680784505e-22,8.206752761967407e-17,False,False,False,0.0,False
235,design_000235,20,5.0,False,rank_sensitivity,7827493.700175196,3980482.4603322507,0.10001117285900694,0.05431495024825462,1.9402900471567606e-20,1.7749285976130121e-15,False,False,False,0.0,False
235,design_000235,21,5.25,False,rank_sensitivity,7852218.30693194,4269095.074682547,0.015763632978219658,0.06520447036823437,3.884118553935001e-23,1.6956037180794364e-15,False,False,False,0.0,False
235,design_000235,22,5.5,False,rank_sensitivity,7581684.26239646,4408996.426916087,0.1066190888694473,0.07295731422959939,1.9518640491173327e-20,2.4718081398230066e-15,False,False,False,0.0,False
235,design_000235,23,5.75,False,rank_sensitivity,7083673.926825541,4406413.289445513,0.023586066422241897,0.07780461797548366,1.0096774757451839e-20,2.520064473465413e-15,False,False,False,0.0,False
235,design_000235,24,6.0,False,rank_sensitivity,6463677.919555102,4281576.731566541,0.07611540988173109,0.08117743292417144,2.6019024799608042e-21,1.236265458483113e-15,False,False,False,0.0,False
235,design_000235,25,6.25,False,rank_sensitivity,5810510.833721725,4069571.1834373665,0.05199421414343357,0.08015374539389028,2.1816232315171015e-20,1.214049725762566e-15,False,False,False,0.0,False
235,design_000235,26,6.499999999999999,False,rank_sensitivity,86936591.83888684,21823991.53889049,3.364209786244008,0.0913872794777523,1.4196122100350598e-20,2.2579351883689033e-15,False,False,False,0.0,False
235,design_000235,27,6.75,False,rank_sensitivity,50117145.7109554,6754738.269035152,1.7025530525610468,0.06397091399032169,1.5429568343054393e-20,4.7224937737539e-16,False,False,False,0.0,False
236,design_000236,7,1.75,False,rank_sensitivity,2945762.2552659353,1143769.7980103544,0.6510149467205106,0.0520705209743716,2.0975389321580817e-21,6.3176606001363894e-15,True,True,False,0.0,False
236,design_000236,8,2.0,False,rank_sensitivity,10591457.553374551,847276.70737423,0.0007593179985279785,0.09793167711021868,3.8815707709920385e-21,3.140565682734507e-14,True,True,False,0.0,False
236,design_000236,9,2.25,False,rank_sensitivity,27039061.670308176,935563.6809300585,0.6711115828346582,0.09828953693939174,3.776687860015481e-25,3.003589803406027e-15,True,True,False,0.0,False
236,design_000236,10,2.5,False,rank_sensitivity,42007661.16068819,1345009.4046496693,1.2580507315350882,0.12322928392452355,3.4233906713111762e-22,1.3884785432352782e-15,False,False,False,0.0,False
236,design_000236,11,2.75,False,rank_sensitivity,45278999.46702892,1937474.6003440786,1.489879460117935,0.05030852042145407,4.060019233729979e-20,6.684066972009479e-15,False,False,False,0.0,False
236,design_000236,14,3.5,False,rank_sensitivity,14795706.837818174,3931368.442730094,0.6583256141449438,0.0674192760155243,7.415622605134855e-22,8.848902773824384e-15,False,False,False,0.0,False
236,design_000236,15,3.75,False,rank_sensitivity,12105165.725028483,4523613.541152124,0.4113593349021474,0.11749117394327238,0.0,1.970943120479871e-15,False,False,False,0.0,False
236,design_000236,16,4.0,False,rank_sensitivity,15758358.395140491,5010152.784056305,0.763109372871821,0.13186676160000935,3.583007210116855e-20,3.369281931986957e-15,False,False,False,0.0,False
236,design_000236,17,4.25,False,rank_sensitivity,21306165.17397814,5339832.388436529,1.1721723822043744,0.11150124939593663,8.13743857488261e-21,3.737299601941157e-15,False,False,False,0.0,False
236,design_000236,22,5.5,False,rank_sensitivity,251274936.50404397,37703249.73029483,5.9113991340201215,0.11568272989603391,1.644971927303291e-22,2.154001225348624e-15,False,False,False,0.0,False
236,design_000236,23,5.75,False,rank_sensitivity,93225542.87603556,7955325.145293207,4.225388557806821,0.052102658033880325,4.80532374217274e-21,1.0537008980731408e-15,False,False,False,0.0,False
240,design_000240,11,2.75,False,rank_sensitivity,3763528.3778074067,1485072.1927545895,0.9228336676748823,0.05016742833557572,1.0962538134144615e-23,1.682070545172969e-14,False,False,False,0.0,False
240,design_000240,12,3.0,False,rank_sensitivity,2279965.050030133,290022.30256542243,1.542429885798242,0.07827867341991339,0.0,1.2677849210227963e-14,False,False,False,0.0,False
240,design_000240,13,3.2499999999999996,False,rank_sensitivity,2525856.7936515687,235914.59792142868,1.4963213752626132,0.09721989056394692,1.3624982432221265e-21,2.843458175531667e-14,False,False,False,0.0,False
240,design_000240,14,3.5,False,rank_sensitivity,3361230.5216605826,651157.1148166913,1.1001146879495916,0.08530722239903249,1.9185845514738486e-21,3.397186845567317e-15,False,False,False,0.0,False
240,design_000240,15,3.75,False,rank_sensitivity,4464265.0309704775,1227687.6237811618,0.796003684147435,0.08200264302965612,3.387929675471679e-24,7.108683933430446e-17,False,False,False,0.0,False
240,design_000240,16,4.0,False,rank_sensitivity,5673173.9698865395,1853056.128282547,0.6502116713521238,0.084514617788491,2.4162692140172247e-20,5.070740023429401e-16,False,False,False,0.0,False
240,design_000240,19,4.75,False,rank_sensitivity,9117744.417227138,3546445.37430289,0.13144467807654683,0.05374512043005046,2.2608926686638867e-21,2.358497363044363e-16,False,False,False,0.0,False
240,design_000240,20,5.0,False,rank_sensitivity,9731499.342313202,3964280.4328384176,0.18279049954866522,0.06995243276775802,8.945166963835361e-21,1.7194489097157723e-16,False,False,False,0.0,False
240,design_000240,21,5.25,False,rank_sensitivity,9913856.619404828,4265306.928272809,0.2775955516980353,0.08397894476633858,7.030088737751068e-23,1.3145403735693673e-16,False,False,False,0.0,False
240,design_000240,22,5.5,False,rank_sensitivity,9643506.654309167,4417284.805077285,0.5054798102674927,0.09424318083971277,1.441475892714899e-22,4.2328483235772614e-16,False,False,False,0.0,False
240,design_000240,23,5.75,False,rank_sensitivity,8990947.957426097,4419899.27992784,0.36949669721416606,0.1012185997687599,2.137921238537849e-20,1.9128922057631364e-15,False,False,False,0.0,False
240,design_000240,24,6.0,False,rank_sensitivity,8066422.126529512,4290885.537700569,0.2512250205281506,0.10282604782257414,1.0055829616684594e-20,6.317399652126702e-16,False,False,False,0.0,False
240,design_000240,25,6.25,False,rank_sensitivity,7044171.773300792,4066473.7112625143,0.26226829053869155,0.09970986633571081,4.203315835410835e-23,8.512350512892283e-16,False,False,False,0.0,False
240,design_000240,26,6.499999999999999,False,rank_sensitivity,6052000.714984204,3789871.2175102164,0.03340235380073049,0.0947343835532939,2.2839658926535905e-20,1.488259476350801e-15,False,False,False,0.0,False
240,design_000240,27,6.75,False,rank_sensitivity,203599102.75120753,16910858.92142855,2.9768098999055597,0.2442526638548407,5.775004958784903e-23,1.6928253816491224e-15,False,False,False,0.0,False
240,design_000240,28,7.0,False,rank_sensitivity,91223132.4089372,6509356.4085470885,2.2448532846608615,0.14178113564533243,8.214957462384558e-21,5.497204607912517e-16,False,False,False,0.0,False
240,design_000240,29,7.250000000000001,False,rank_sensitivity,53965723.41101942,4239117.1880367985,1.9308742289715501,0.11026570460108945,1.4365756483337669e-22,1.149843704056163e-15,False,False,False,0.0,False
240,design_000240,30,7.5,False,rank_sensitivity,35444908.49401237,3213226.462225235,1.3877300307720535,0.09048328076212524,4.075530186128451e-20,2.04992646532968e-15,False,False,False,0.0,False
240,design_000240,31,7.75,False,rank_sensitivity,24380833.503218126,2604633.3417741954,1.4906939159098078,0.07683788466110299,2.279964121007102e-20,7.185118372818919e-17,False,False,False,0.0,False
241,design_000241,11,2.75,False,rank_sensitivity,13133002.57911213,4631161.5247289585,0.28936990594237616,0.10020790774621045,2.4910458324415385e-20,3.642860198917969e-15,False,False,False,0.0,False
241,design_000241,12,3.0,False,rank_sensitivity,7876881.722863257,1915814.9131115747,0.16371686389173123,0.08668775964655451,4.394646834773947e-21,5.741896108365639e-15,False,False,False,0.0,False
241,design_000241,13,3.2499999999999996,False,rank_sensitivity,5550824.230142338,1025354.605320788,0.5073572950760327,0.06574282059618478,7.180603502240025e-21,1.8589203878228514e-15,False,False,False,0.0,False
241,design_000241,27,6.75,False,rank_sensitivity,88404989.86000402,14149415.027286494,2.2184820025160255,0.17717625639847104,1.7361890120160802e-21,4.637258136691943e-16,False,False,False,0.0,False
241,design_000241,28,7.0,False,rank_sensitivity,47204979.60722632,5305778.614366085,1.6422280106842932,0.11798591857577115,2.9494111725247854e-20,1.0352721666098633e-15,False,False,False,0.0,False
241,design_000241,29,7.250000000000001,False,rank_sensitivity,29275130.96281256,3339556.86174308,1.3506468390144069,0.07922494700866457,3.150181115487787e-20,1.3898014758643598e-15,False,False,False,0.0,False
241,design_000241,30,7.5,False,rank_sensitivity,19797599.669765078,2474982.714560261,0.8709283857589425,0.05532277338595933,2.588108173841162e-21,7.090536051117623e-16,False,False,False,0.0,False
245,design_000245,5,1.25,False,rank_sensitivity,11578552.203238681,3277202.6154612983,0.578662326692908,0.050191941932346246,5.102028951163449e-21,6.9233880519318496e-15,True,True,False,0.0,False
245,design_000245,10,2.5,False,rank_sensitivity,3019691.6774218883,1499879.232305989,1.2767642199414875,0.06713395382398786,0.0,5.5854392068008255e-14,False,False,False,0.0,False
245,design_000245,14,3.5,False,rank_sensitivity,175018072.37527284,24821775.99117958,3.589655435771862,0.2775682041151437,2.7634956491999105e-20,1.9819864911120678e-15,False,False,False,0.0,False
245,design_000245,15,3.75,False,rank_sensitivity,72231386.47625175,5505274.164209177,2.5733474467209887,0.1450173919849655,7.075162604882998e-21,3.794136559842683e-15,False,False,False,0.0,False
245,design_000245,16,4.0,False,rank_sensitivity,40991838.7039014,2143827.3884381936,2.085651000593134,0.07466766802178978,6.473669430163023e-25,1.6990959139718735e-15,False,False,False,0.0,False
245,design_000245,17,4.25,False,rank_sensitivity,26692850.984874405,1076690.8774886904,1.47982980594622,0.058532738313907595,8.196198947298051e-24,3.565149417183629e-15,False,False,False,0.0,False
245,design_000245,19,4.75,False,rank_sensitivity,12941192.146655185,800157.5549530659,0.578549897883174,0.06288899573061937,2.290396690652166e-23,3.257570350318351e-15,False,False,False,0.0,False
245,design_000245,20,5.0,False,rank_sensitivity,9282258.88483177,1032763.4338150248,0.12140098763895824,0.05388106578779931,2.729818809828466e-20,2.9993027951522706e-15,False,False,False,0.0,False
251,design_000251,30,7.5,False,rank_sensitivity,13266339.362095863,4593573.255127451,0.5157002430416564,0.5348967169850691,1.7799915107116055e-21,5.145771318101587e-16,False,False,False,0.0,False
251,design_000251,31,7.75,False,rank_sensitivity,389575971.6671939,6475246.123233571,4.421479099903761,0.2274057033310525,1.4962402865768165e-20,2.6900080720489506e-16,False,False,False,0.0,False
251,design_000251,32,8.0,False,rank_sensitivity,215181037.5878162,3108706.506279962,3.106219031715664,0.14458939883099492,2.7433909754155643e-21,4.838413319097589e-16,False,False,False,0.0,False
251,design_000251,33,8.25,False,rank_sensitivity,141262393.5557577,2166434.0178204565,3.3642573264789446,0.1264726289324017,3.153870273034049e-20,1.0580721657423726e-15,False,False,False,0.0,False
251,design_000251,34,8.5,False,rank_sensitivity,99563669.73069094,1746460.5790852222,3.631145283060666,0.111260456098249,2.0239032298166796e-21,3.8575773274365694e-16,False,False,False,0.0,False
251,design_000251,35,8.75,False,rank_sensitivity,72974449.44597907,1505101.2006988192,3.811931660213174,0.09786872990322489,2.942044607404328e-21,2.5926923072373394e-16,False,False,False,0.0,False
251,design_000251,36,9.0,False,rank_sensitivity,54162492.21028822,1337347.0539353201,3.7437403701997582,0.08575059987392854,2.13785338355999e-21,3.010048438993633e-17,False,False,False,0.0,False
252,design_000252,20,5.0,False,rank_sensitivity,256169492.01927167,15356515.541330004,4.430773827127251,0.06374349933951934,4.5447015304933186e-20,3.921494632106848e-16,False,False,False,0.0,False
252,design_000252,21,5.25,False,rank_sensitivity,113287992.97863606,6200381.068667066,3.3428396021131004,0.06379861458808077,3.342162709724065e-20,3.883023938885195e-16,False,False,False,0.0,False
252,design_000252,22,5.5,False,rank_sensitivity,69520139.6754097,3654122.2698390465,3.7808241800333366,0.11464983822904816,8.56715236414116e-24,2.9718193525589536e-16,False,False,False,0.0,False
252,design_000252,23,5.75,False,rank_sensitivity,44905863.49860203,2437474.7078300267,3.0211192540060177,0.11602624999408413,3.689891566517419e-20,8.216792564641185e-16,False,False,False,0.0,False
252,design_000252,24,6.0,False,rank_sensitivity,30719973.27879004,1725330.9761540536,2.227287380903986,0.1077326662151676,3.8549011002907056e-20,4.1257367613229445e-16,False,False,False,0.0,False
252,design_000252,25,6.25,False,rank_sensitivity,22593337.44074185,1279798.4950350507,2.164593522480033,0.08736679976612877,4.897053278601124e-21,1.7108421184826637e-15,False,False,False,0.0,False
252,design_000252,26,6.499999999999999,False,rank_sensitivity,18636772.72137897,1022240.4216710357,1.4392609722882814,0.06055916205392372,1.2124962296089615e-21,3.986013224619247e-15,False,False,False,0.0,False
266,design_000266,19,4.75,False,rank_sensitivity,486491757.75189567,55383296.494881265,5.209034847441031,0.37252305603289904,4.1684367775031497e-22,1.5004539946240832e-15,False,False,False,0.0,False
266,design_000266,20,5.0,False,rank_sensitivity,163407616.83150727,8044135.158506091,3.8468037998338747,0.37365756603267475,1.4065631434362147e-23,2.1146099339110047e-16,False,False,False,0.0,False
266,design_000266,21,5.25,False,rank_sensitivity,108894351.79776336,4011336.9805486137,3.293067099915621,0.46814273745487894,2.6162444500182177e-22,1.0924620816476459e-15,False,False,False,0.0,False
266,design_000266,22,5.5,False,rank_sensitivity,70911193.24981229,2593690.7242268994,3.8136746038693516,0.4558293762323588,8.962102245566394e-21,1.854093558745901e-15,False,False,False,0.0,False
266,design_000266,23,5.75,False,rank_sensitivity,45328478.72977401,1878114.698616948,3.036562464007367,0.2953109270456519,2.168429779379082e-21,4.1094328641245104e-16,False,False,False,0.0,False
266,design_000266,24,6.0,False,rank_sensitivity,28652196.919684954,1475612.17341301,2.124312897364603,0.25318694124107577,2.3858056473520213e-21,2.367954817801813e-15,False,False,False,0.0,False
266,design_000266,25,6.25,False,rank_sensitivity,19149281.3660108,1261573.670184375,1.8946341811448164,0.23185443052735766,3.898304416245972e-21,1.0255588208926284e-16,False,False,False,0.0,False
266,design_000266,26,6.499999999999999,False,rank_sensitivity,12519515.368659835,1184442.7678935856,0.9419778756304091,0.16650134397723335,4.580425437425597e-20,9.76294861925397e-16,False,False,False,0.0,False
266,design_000266,27,6.75,False,rank_sensitivity,8767934.103532575,1218079.6133068404,0.11789060448692595,0.11319428893264366,2.5570255969619057e-20,9.843694012339447e-16,False,False,False,0.0,False
266,design_000266,28,7.0,False,rank_sensitivity,6561717.977557884,1340871.1651308609,0.162738605727483,0.07342566904623377,1.4510538164528637e-20,5.259735024936976e-16,False,False,False,0.0,False
267,design_000267,26,6.499999999999999,False,rank_sensitivity,340379878.7815014,18462320.60467414,5.070221563270986,0.339430582182457,0.0,8.235946361617054e-16,False,False,False,0.0,False
267,design_000267,27,6.75,False,rank_sensitivity,176156980.15969136,6640119.9631913295,2.845204191416273,0.29155859621117414,9.328013863207563e-22,1.3542712601532935e-17,False,False,False,0.0,False
267,design_000267,28,7.0,False,rank_sensitivity,115350728.89956635,4348660.637225099,2.45950930771168,0.30007520146213035,2.440369927322079e-22,3.1259462145128345e-16,False,False,False,0.0,False
267,design_000267,29,7.250000000000001,False,rank_sensitivity,93920522.06586088,3360427.3423790163,2.4565417616788103,0.40337332632410705,2.0406526306803656e-21,6.766694054100614e-16,False,False,False,0.0,False
267,design_000267,30,7.5,False,rank_sensitivity,60716031.54314129,2817506.423203146,1.8653195956576414,0.28975221436594645,6.735802592157987e-21,5.909829083276274e-17,False,False,False,0.0,False
267,design_000267,31,7.75,False,rank_sensitivity,39197046.030354455,2497606.1730952663,1.9928293908255612,0.234420091402854,1.778670074222351e-20,1.8297831182608397e-17,False,False,False,0.0,False
267,design_000267,32,8.0,False,rank_sensitivity,25790726.421970155,2316429.972605821,1.2001180663430162,0.18389092249190958,0.0,3.9538766103058575e-17,False,False,False,0.0,False
267,design_000267,33,8.25,False,rank_sensitivity,17474180.687037185,2218392.1945418105,1.1943097638639657,0.13766026277520932,7.447891536061419e-23,8.651337528582639e-16,False,False,False,0.0,False
267,design_000267,34,8.5,False,rank_sensitivity,12345584.461097987,2163958.666525821,1.1704008772537255,0.09678517115441841,6.869230933228147e-22,1.7772161032895595e-16,False,False,False,0.0,False
270,design_000270,8,2.0,False,rank_sensitivity,2558552.6021934743,446266.49013769085,0.964703388163809,0.14545835321064154,1.389192471406741e-20,4.313557752955294e-15,True,True,False,0.0,False
270,design_000270,9,2.25,False,rank_sensitivity,5357549.335373848,1002458.1127699853,0.6136817579397095,0.10169105988085282,4.480949495247312e-20,2.69770963389227e-15,True,True,False,0.0,False
270,design_000270,10,2.5,False,rank_sensitivity,8181783.026735535,1784605.4149190693,0.3170677019612615,0.07232721098567617,6.463632923018606e-20,1.9445848130901714e-15,False,False,False,0.0,False
272,design_000272,8,2.0,False,rank_sensitivity,1710815.0245850023,484617.32357670576,1.2377983296567352,0.0939296028083028,1.4127097914649358e-21,6.924841349803406e-15,True,True,False,0.0,False
272,design_000272,9,2.25,False,rank_sensitivity,2953765.47038467,569462.8091144168,1.086260572815527,0.09886813487884491,0.0,4.307990753542181e-14,True,True,False,0.0,False
272,design_000272,10,2.5,False,rank_sensitivity,2805695.6918398784,819513.4611399379,1.3475346145796487,0.08262356856358521,8.652682506178302e-24,9.458081365203446e-14,False,False,False,0.0,False
272,design_000272,22,5.5,False,rank_sensitivity;log_action_outlier,2656610373.347909,13849675.238283776,9.821683692448444,0.5731995682968313,9.91087457467115e-24,9.15016830638411e-16,False,False,False,0.0,False
272,design_000272,23,5.75,False,rank_sensitivity;log_action_outlier,2135319049.308646,6592420.690818084,9.387919590953326,0.6870357393609473,6.95395705361589e-21,1.5075374973067185e-15,False,False,False,0.0,False
272,design_000272,24,6.0,False,rank_sensitivity;log_action_outlier,1347516198.695423,4487951.683739802,7.814845727251929,0.6438780587126698,6.119191652969829e-21,1.0367986317515345e-16,False,False,False,0.0,False
272,design_000272,25,6.25,False,rank_sensitivity;log_action_outlier,868072276.8576447,3505014.331087413,8.12009142983226,0.6228307806249865,3.0019882232485106e-20,5.875836383053149e-16,False,False,False,0.0,False
272,design_000272,26,6.499999999999999,False,rank_sensitivity,563185539.3126892,2952052.5165063045,5.699621066484233,0.5912137896560122,7.312207829097482e-21,4.771175007844521e-16,False,False,False,0.0,False
272,design_000272,27,6.75,False,rank_sensitivity,348295144.1545267,2620828.920279407,3.464861092941297,0.5342070371746966,1.7740354118812722e-20,9.00334698635016e-16,False,False,False,0.0,False
272,design_000272,28,7.0,False,rank_sensitivity,206195498.68492833,2409132.2258834643,2.990821541242545,0.4630492889067523,2.6351848644470557e-22,2.1136334477917235e-16,False,False,False,0.0,False
272,design_000272,29,7.250000000000001,False,rank_sensitivity,115127222.3478442,2265857.157087113,2.649683975322155,0.37618200212435127,3.7955329541524526e-20,1.5453327193229168e-16,False,False,False,0.0,False
272,design_000272,30,7.5,False,rank_sensitivity,61551017.45345227,2161797.668816022,1.8774393796557514,0.2016958083363883,9.083985270253675e-24,1.1672436713833945e-16,False,False,False,0.0,False
272,design_000272,31,7.75,False,rank_sensitivity,33232300.461595975,2079665.9897058639,1.8182477771007435,0.12329812881404689,9.130495118976094e-21,8.646627589302139e-16,False,False,False,0.0,False
272,design_000272,32,8.0,False,rank_sensitivity,20227289.242350306,2021441.771249821,0.9818024517535777,0.06124699407196041,2.6375276397993997e-22,8.006400353159686e-16,False,False,False,0.0,False
278,design_000278,9,2.25,False,rank_sensitivity,343015.96757524955,86925.6670331721,2.7951048702109818,0.21130775824128,2.3028485653026408e-22,1.9224254412195127e-14,True,True,False,0.0,False
278,design_000278,10,2.5,False,rank_sensitivity,1638631.3922312674,402026.2527911935,1.8653300045302745,0.17060161146593975,0.0,1.2910371877000392e-14,False,False,False,0.0,False
278,design_000278,11,2.75,False,rank_sensitivity,3908777.9099060283,959353.2999662233,0.886104112635234,0.15162459660356253,3.625951449901381e-26,4.049923193762684e-15,False,False,False,0.0,False
278,design_000278,12,3.0,False,rank_sensitivity,6516925.583433057,1672216.09652994,0.37448676471746495,0.10309875393513411,2.885360800948629e-20,2.1691259295691744e-15,False,False,False,0.0,False
278,design_000278,21,5.25,False,rank_sensitivity;log_action_outlier,1806070834.3816836,21928755.46333799,6.827070870561722,0.5338238034457913,1.916996101434549e-20,1.241908031646871e-15,False,False,False,0.0,False
278,design_000278,22,5.5,False,rank_sensitivity;log_action_outlier,1053993556.5779403,8078112.379113806,8.28880686105249,0.6261979566794372,2.0058500734341865e-23,6.509503984186285e-16,False,False,False,0.0,False
278,design_000278,23,5.75,False,rank_sensitivity;log_action_outlier,674715194.8938946,5267234.952640697,7.4885301783570055,0.5423497502960094,5.418339751757481e-21,2.2914138206450683e-16,False,False,False,0.0,False
278,design_000278,24,6.0,False,rank_sensitivity;log_action_outlier,503741039.663115,4041583.6398102227,6.360796941298139,0.6039009211088838,2.3304775651107074e-20,2.9973377938886487e-15,False,False,False,0.0,False
278,design_000278,25,6.25,False,rank_sensitivity;log_action_outlier,315243602.0150606,3343247.5534676304,6.466727018863469,0.5722212125949188,1.5530896598128115e-21,1.3564362114202771e-15,False,False,False,0.0,False
278,design_000278,26,6.499999999999999,False,rank_sensitivity,193541999.37070835,2893598.893150296,4.364550061083221,0.5250431014953066,2.61940506281688e-20,1.4657856418100065e-15,False,False,False,0.0,False
278,design_000278,27,6.75,False,rank_sensitivity,116320883.33247171,2596011.6629980532,2.467939469490392,0.4623903940193404,0.0,7.817273223350508e-17,False,False,False,0.0,False
278,design_000278,28,7.0,False,rank_sensitivity,67614134.24321795,2390796.828160708,1.9709027301973996,0.38214890518799977,4.907308291254469e-21,2.350683474593759e-16,False,False,False,0.0,False
278,design_000278,29,7.250000000000001,False,rank_sensitivity,38959446.69067234,2242692.812578637,1.6217654765442144,0.22883183108737848,3.538193720641298e-21,3.857695635447142e-16,False,False,False,0.0,False
278,design_000278,30,7.5,False,rank_sensitivity,23630525.209757444,2132725.3945703055,1.027967996328994,0.09721893339918072,1.1195327615006615e-22,3.188458935449455e-16,False,False,False,0.0,False
281,design_000281,6,1.5,False,rank_sensitivity,1982828.9124828163,804325.2462104578,0.8544485583500974,0.06915610343889832,6.139380987205669e-21,1.9205735695651066e-15,True,True,False,0.0,False
281,design_000281,7,1.75,False,rank_sensitivity,1945359.307186027,573568.9454333825,0.9517841806577149,0.09192995188171041,2.755677689696997e-20,2.5448966325279784e-14,True,True,False,0.0,False
281,design_000281,8,2.0,False,rank_sensitivity,2203047.0466864896,480650.04253048473,1.0662138001784276,0.10869488652293556,1.0584750944727359e-22,1.8208823084411907e-16,True,True,False,0.0,False
281,design_000281,9,2.25,False,rank_sensitivity,2833280.5941196987,579809.0545230435,1.1193138787345436,0.1064219824286967,2.2198814992268015e-20,2.7199981111374737e-14,True,True,False,0.0,False
281,design_000281,10,2.5,False,rank_sensitivity,3765455.8065794576,909686.4498823164,1.064256073973365,0.10382858312438481,0.0,6.6320643840641e-15,False,False,False,0.0,False
281,design_000281,11,2.75,False,rank_sensitivity,4861401.434443064,1486088.1771288249,0.6745582230875894,0.07318176351115653,0.0,1.470681926658777e-15,False,False,False,0.0,False
281,design_000281,12,3.0,False,rank_sensitivity,6398747.913491678,2309337.627718223,0.3948380826126078,0.05593236295087064,7.147423483267296e-21,3.1227319672994942e-15,False,False,False,0.0,False
281,design_000281,21,5.25,False,rank_sensitivity,603548476.0541613,27192163.3381316,5.447858641050837,0.23032536100980772,2.0932011827903937e-20,1.5297892574202149e-15,False,False,False,0.0,False
281,design_000281,22,5.5,False,rank_sensitivity,257055747.23499396,7149667.228972163,5.949113610335674,0.36190377640970556,1.6034435105327288e-20,6.116277587689476e-16,False,False,False,0.0,False
281,design_000281,23,5.75,False,rank_sensitivity,181080414.0649932,3854936.923125038,5.319966056291955,0.4681661284638773,1.8553992491377882e-20,2.2230385988380466e-17,False,False,False,0.0,False
281,design_000281,24,6.0,False,rank_sensitivity,125381491.10715249,2530659.4821734233,4.305677046364826,0.40410820954861304,2.1420210673658438e-20,4.929304511352116e-16,False,False,False,0.0,False
281,design_000281,25,6.25,False,rank_sensitivity,87592968.81802636,1829938.5110490243,4.376380947119553,0.4112667228173067,6.54223676654069e-22,6.176828653255312e-16,False,False,False,0.0,False
281,design_000281,26,6.499999999999999,False,rank_sensitivity,59616634.957783185,1410956.9583762223,2.892679824181336,0.390576636097165,2.837166299902723e-21,1.5094538512779805e-15,False,False,False,0.0,False
281,design_000281,27,6.75,False,rank_sensitivity,39429425.940967575,1162788.8101187036,1.4845235489740984,0.3428299253946804,4.7871332141237034e-20,1.2265812524769404e-16,False,False,False,0.0,False
281,design_000281,28,7.0,False,rank_sensitivity,25501969.260616515,1034504.1651144056,1.078995489329848,0.27275533235615135,1.7242459063458864e-20,6.799812052448397e-16,False,False,False,0.0,False
283,design_000283,33,8.25,False,rank_sensitivity,239623449.27104428,6681671.586357691,3.912949069307658,0.25130365979069175,9.404295728603138e-21,2.271316991123237e-15,False,False,False,0.0,False
283,design_000283,34,8.5,False,rank_sensitivity,105517688.55923517,2425567.176656944,3.6996115006617747,0.05084520841869347,6.633944155836016e-21,2.961459247686873e-16,False,False,False,0.0,False
292,design_000292,7,1.75,False,rank_sensitivity,4278533.988139202,1889118.967774382,0.3804574769840696,0.06794014593407176,5.068656548494615e-22,1.4363107458330673e-14,True,True,False,0.0,False
292,design_000292,8,2.0,False,rank_sensitivity,2559944.6548851607,1055091.6943163811,0.9643343074311531,0.0835312585044575,3.2982406085497995e-22,1.744157309980418e-14,True,True,False,0.0,False
292,design_000292,9,2.25,False,rank_sensitivity,1779454.97575262,614716.3942691516,1.4884777238938494,0.08128292023280576,2.9247413001328164e-24,9.86378632334396e-15,True,True,False,0.0,False
292,design_000292,10,2.5,False,rank_sensitivity,1773230.5145478835,626482.105115692,1.789323358575691,0.05397371985121592,5.377564960565638e-21,8.871040910075451e-15,False,False,False,0.0,False
292,design_000292,14,3.5,False,rank_sensitivity,8453583.648929365,3521515.4378983364,0.005818191083523731,0.05693222817960512,1.1652348468300966e-20,1.5209489016053767e-15,False,False,False,0.0,False
292,design_000292,15,3.75,False,rank_sensitivity,9069644.635302734,4149335.808661359,0.06193070286076961,0.061562225240907466,1.482100190002865e-20,8.595884479242517e-15,False,False,False,0.0,False
292,design_000292,16,4.0,False,rank_sensitivity,8810656.24615849,4605957.975979261,0.041216907182203215,0.059736667894066856,4.529127360628466e-20,1.7585401291155117e-15,False,False,False,0.0,False
292,design_000292,17,4.25,False,rank_sensitivity,8387823.398666296,4909449.931616015,0.10024946121940002,0.05591278412037194,3.8218482399171825e-20,2.3062696013851147e-15,False,False,False,0.0,False
292,design_000292,18,4.5,False,rank_sensitivity,7922517.567413654,5045592.179125724,0.15260590920644215,0.05110697428515253,4.5899694890122114e-24,2.636909263446771e-15,False,False,False,0.0,False
292,design_000292,24,6.0,False,rank_sensitivity,133070210.14190473,13107842.529722199,4.39362709010631,0.08190089799466506,8.615137976743718e-22,1.1721686616434388e-15,False,False,False,0.0,False
307,design_000307,19,4.75,False,rank_sensitivity,461148774.67779666,38821138.4939531,5.140730240781421,0.18127136334081675,2.7210888125617605e-21,8.348510754514897e-16,False,False,False,0.0,False
312,design_000312,7,1.75,False,rank_sensitivity,34309853.461681716,6509625.917679713,1.128620581463593,0.1645815104426466,1.938320314021221e-21,6.309041335382967e-15,True,True,False,0.0,False
312,design_000312,8,2.0,False,rank_sensitivity,529101818.2062314,19675653.924745798,2.6531175193631555,0.20251534362392815,3.650030961175487e-20,5.456042042463004e-14,True,True,False,0.0,False
312,design_000312,20,5.0,False,rank_sensitivity;log_action_outlier,4544279722.405538,22830412.61567578,8.166103212013578,0.8185614586092265,3.632793449974795e-21,8.443178482845852e-15,False,False,False,0.0,False
312,design_000312,21,5.25,False,rank_sensitivity;log_action_outlier,1473741047.6496525,8911077.91864896,6.571193962960897,0.702404114991708,5.686078816263527e-20,1.2924726108031703e-15,False,False,False,0.0,False
312,design_000312,22,5.5,False,rank_sensitivity;log_action_outlier,648030862.0215105,6627610.991193367,7.48229001072518,0.22793454716684938,3.772300115722041e-21,1.686251814546877e-15,False,False,False,0.0,False
312,design_000312,23,5.75,False,rank_sensitivity;log_action_outlier,322686226.43624485,5621868.157940417,6.27246161313863,0.20559549540207686,2.4826887569471806e-22,1.0136837522175762e-15,False,False,False,0.0,False
312,design_000312,24,6.0,False,rank_sensitivity,162570426.2695063,4964873.028005388,4.689525086978269,0.35326649303108054,1.6556371128879742e-20,8.568788957684271e-16,False,False,False,0.0,False
312,design_000312,25,6.25,False,rank_sensitivity,84958831.97559558,4465342.164244767,4.326541636821715,0.32677336404095936,2.2074363040088007e-20,7.740482675676041e-16,False,False,False,0.0,False
312,design_000312,26,6.499999999999999,False,rank_sensitivity,45948454.53196399,4074648.8391576465,2.5671793962391836,0.28906891162134,9.874395020254214e-21,8.555203937720369e-16,False,False,False,0.0,False
312,design_000312,27,6.75,False,rank_sensitivity,29790825.740697816,3774578.073291355,1.2297140271311577,0.2811264700213112,1.0730768970550453e-20,9.580345115693795e-16,False,False,False,0.0,False
312,design_000312,28,7.0,False,rank_sensitivity,18192232.52239298,3538252.8934012447,0.7700390981251208,0.2349292286475002,5.7919790844268065e-21,3.600167000698884e-17,False,False,False,0.0,False
312,design_000312,29,7.250000000000001,False,rank_sensitivity,12277747.936836895,3335625.2442529537,0.5262850244523511,0.12018352288856905,5.1001447781033984e-20,7.395379783122391e-16,False,False,False,0.0,False
312,design_000312,30,7.5,False,rank_sensitivity,9272979.727439448,3140810.432349703,0.19792264279640623,0.07279251864496325,5.850782784983725e-20,3.159023157632825e-16,False,False,False,0.0,False
318,design_000318,9,2.25,False,rank_sensitivity,3079631.3684832966,2188584.5791864474,1.0531409222305066,0.10518510709689285,5.756908879244902e-22,3.787109406890713e-15,True,True,False,0.0,False
318,design_000318,10,2.5,False,rank_sensitivity,5807594.10311945,2424770.3020926034,0.6470683791789512,0.2162144133656706,1.8859712422432512e-20,1.0360705028405036e-14,False,False,False,0.0,False
318,design_000318,11,2.75,False,rank_sensitivity,9344446.497479552,2894728.7063051276,0.04074549793562541,0.2078195281988024,5.919281261871775e-22,1.205647660470023e-14,False,False,False,0.0,False
318,design_000318,12,3.0,False,rank_sensitivity,14166772.578985203,3389519.2990440726,0.4890316014104769,0.16547621868447088,0.0,3.098677906921346e-16,False,False,False,0.0,False
318,design_000318,13,3.2499999999999996,False,rank_sensitivity,16103831.186830686,3772737.8468845924,0.83046548573836,0.1142411536896164,4.5460765243317465e-24,4.022834915495156e-16,False,False,False,0.0,False
318,design_000318,14,3.5,False,rank_sensitivity,21998976.959004384,4025365.0121364035,1.1289645441055205,0.051259125242054934,6.3970007765313e-24,1.0894693282833038e-15,False,False,False,0.0,False
318,design_000318,15,3.75,False,rank_sensitivity,35463561.128525056,4175163.220876836,1.712338205252432,0.0791271386728321,4.2303439801155135e-21,3.22288421070737e-15,False,False,False,0.0,False
318,design_000318,28,7.0,False,rank_sensitivity,2449661.28414247,1588940.4510915205,1.064013776774695,0.05107366368316281,3.56244402026077e-20,6.267462766288436e-16,False,False,False,0.0,False
318,design_000318,29,7.250000000000001,False,rank_sensitivity,2072361.9936633043,1485676.4888240523,1.1615242959370402,0.05072582271593945,3.88057881704509e-20,1.163767405787213e-16,False,False,False,0.0,False
318,design_000318,32,8.0,False,rank_sensitivity,87804866.77325653,8624528.51733454,2.300851899515194,0.1316705141582598,1.5062340552882814e-21,5.748084085952071e-16,False,False,False,0.0,False
318,design_000318,33,8.25,False,rank_sensitivity,50799790.395669006,3232474.979344404,2.302355167792157,0.07656782059482495,6.782351377531119e-21,6.234944539159935e-16,False,False,False,0.0,False
322,design_000322,24,6.0,False,rank_sensitivity;log_action_outlier,1243829180.2394726,43170502.026570626,7.696524050511102,0.09558840604020029,2.4376682527796763e-22,9.950267067413066e-16,False,False,False,0.0,False
322,design_000322,25,6.25,False,rank_sensitivity;log_action_outlier,418574052.2548326,7537509.2557475455,6.929486138751432,0.2606564577702149,3.262828525597224e-20,1.9754079693484539e-16,False,False,False,0.0,False
322,design_000322,26,6.499999999999999,False,rank_sensitivity,280490941.65148765,4072824.9309946066,4.828333582996976,0.36199324843449543,6.078585415537374e-21,2.332382890062367e-16,False,False,False,0.0,False
322,design_000322,27,6.75,False,rank_sensitivity,206387435.42031062,2814777.729733525,2.9891746628290283,0.41752698254193166,3.9989306536511204e-20,9.343295700479255e-16,False,False,False,0.0,False
322,design_000322,28,7.0,False,rank_sensitivity,152030515.25894204,2146069.328095355,2.712066863520413,0.19349534967740942,4.272596963859545e-20,1.518826649924949e-15,False,False,False,0.0,False
322,design_000322,29,7.250000000000001,False,rank_sensitivity,108485078.68506734,1729490.380545734,2.593308074922611,0.19652285994334992,1.6023420209828234e-22,2.8286066773248993e-16,False,False,False,0.0,False
322,design_000322,30,7.5,False,rank_sensitivity,74935717.13832895,1463699.3116214874,2.0520355156864905,0.19815048343275987,2.466083338415306e-20,7.182847936454338e-16,False,False,False,0.0,False
322,design_000322,33,8.25,False,rank_sensitivity,21728196.16091406,1227730.8859215411,1.4205422203488844,0.07039506578455343,4.432982664708743e-22,4.277156046311099e-16,False,False,False,0.0,False
322,design_000322,34,8.5,False,rank_sensitivity,14768167.965283494,1255888.7646588238,1.3816131208970737,0.05675500191765639,6.680701859144181e-20,1.2290730166488413e-15,False,False,False,0.0,False
324,design_000324,10,2.5,False,rank_sensitivity,5021050.020652664,538113.4574057981,0.7871850588572583,0.07768991301071812,2.3030275410259174e-23,2.6731603776218228e-14,False,False,False,0.0,False
324,design_000324,11,2.75,False,rank_sensitivity,6236426.209159357,811061.1718940779,0.4329649910804105,0.09507564239332794,2.8144481588222587e-22,2.792079602889863e-15,False,False,False,0.0,False
324,design_000324,12,3.0,False,rank_sensitivity,7490116.442846926,1358596.2349900831,0.2197070899630997,0.10160206917632056,2.210142795697847e-21,2.0939887429850624e-15,False,False,False,0.0,False
324,design_000324,13,3.2499999999999996,False,rank_sensitivity,8756448.305487135,2070446.5076713928,0.06520138601119022,0.12010323024154632,6.79488538275308e-21,6.425288518446448e-16,False,False,False,0.0,False
324,design_000324,14,3.5,False,rank_sensitivity,10048972.278177297,2863673.8097033794,0.19930520561494194,0.09171620225309775,1.3915803259915076e-21,9.558401871379107e-15,False,False,False,0.0,False
324,design_000324,15,3.75,False,rank_sensitivity,11294888.640046539,3665583.5413193824,0.32750350408431483,0.0983338088284452,6.076241197974922e-22,1.4923375076679654e-15,False,False,False,0.0,False
324,design_000324,16,4.0,False,rank_sensitivity,12317191.21159914,4412714.013876353,0.4222720851816008,0.10199093139609555,3.53514101803254e-20,3.88467079543053e-15,False,False,False,0.0,False
324,design_000324,17,4.25,False,rank_sensitivity,12966438.599742975,5027778.352229309,0.4942973717918033,0.10197216318461341,5.195642939040859e-22,7.52363608755806e-16,False,False,False,0.0,False
324,design_000324,26,6.499999999999999,False,rank_sensitivity,132355312.96246508,10884102.537051404,3.8895701726037313,0.10668991511290693,6.724467939477818e-21,1.5776901395245531e-15,False,False,False,0.0,False
324,design_000324,27,6.75,False,rank_sensitivity,68831853.93989405,5351551.064425223,1.9909886835199992,0.0700126876115938,3.0030049772958754e-20,1.379259429995928e-15,False,False,False,0.0,False
325,design_000325,14,3.5,False,rank_sensitivity,85083876.53119135,32590799.30512885,2.733884569722008,0.5061623224414361,5.442347503715616e-24,1.7030905720379154e-15,False,False,False,0.0,False
325,design_000325,15,3.75,False,rank_sensitivity,18501630.347587343,14779818.611198034,0.9248242583325342,0.07932726864569319,3.6402118764190495e-21,9.607754147829862e-16,False,False,False,0.0,False
325,design_000325,25,6.25,False,rank_sensitivity,6063464.168755222,4023670.688181362,0.01756095921418387,0.051282050437007655,1.5438956431745053e-22,2.6219493259891472e-15,False,False,False,0.0,False
325,design_000325,26,6.499999999999999,False,rank_sensitivity,6480467.037361976,4223687.08581125,0.11890231226610448,0.06334240446776292,1.876509757935246e-20,1.8801241088675599e-16,False,False,False,0.0,False
325,design_000325,27,6.75,False,rank_sensitivity,6645110.201455355,4307639.62663057,0.13410825469028162,0.0697280341171777,1.425877816814074e-25,1.905336555942964e-15,False,False,False,0.0,False
325,design_000325,29,7.250000000000001,False,tangent_full_inequality,7292531.147643899,7947963.506901195,0.032077866141927626,0.018666577455241803,1.9174087037932428e-20,4.564358152348961e-15,False,False,False,0.0,False
325,design_000325,30,7.5,False,rank_sensitivity,60947406.91922102,9400309.664635815,1.8686946128240183,0.1127304259475946,5.5837285314335415e-21,3.3910749715045897e-15,False,False,False,0.0,False
325,design_000325,31,7.75,False,rank_sensitivity,38469809.87911431,5299648.687914629,1.9730237504225479,0.08468264008181606,2.031274037691858e-21,7.710503874495256e-16,False,False,False,0.0,False
326,design_000326,27,6.75,False,rank_sensitivity,399636886.9174295,14177051.617850894,3.5898570966732604,0.17067997792026837,2.2391165935047757e-20,7.61826705754531e-17,False,False,False,0.0,False
326,design_000326,28,7.0,False,rank_sensitivity,182248182.14785647,5709535.382070312,2.8778945816004247,0.15655836667447115,2.4046488977299243e-20,7.994148727554405e-16,False,False,False,0.0,False
326,design_000326,29,7.250000000000001,False,rank_sensitivity,115580791.4798066,3638045.5616853777,2.653414195864832,0.15610898460791275,2.4220362242988364e-20,8.96382423588369e-16,False,False,False,0.0,False
326,design_000326,30,7.5,False,rank_sensitivity,80263275.1725425,2698593.028825334,2.1129791537215867,0.15645802045158844,2.799177559170958e-20,6.081454267880389e-16,False,False,False,0.0,False
326,design_000326,31,7.75,False,rank_sensitivity,57611792.092848204,2171573.6941167847,2.4001244792259873,0.15752334579583105,2.5768486630596517e-20,1.5300618541014253e-16,False,False,False,0.0,False
329,design_000329,10,2.5,False,rank_sensitivity,81022256.66086249,21667540.633733436,1.8905004542942723,0.23881166958472477,4.632430543136869e-22,5.781003649243841e-16,False,False,False,0.0,False
329,design_000329,11,2.75,False,rank_sensitivity,35117627.910844,4703176.081124442,1.2433787429075804,0.3318024939304016,0.0,4.795655929087935e-15,False,False,False,0.0,False
329,design_000329,12,3.0,False,rank_sensitivity,20512517.470236123,1480701.4833166783,0.9006487280588255,0.34316747010407767,1.1899045140668617e-22,3.1795328541425903e-15,False,False,False,0.0,False
329,design_000329,13,3.2499999999999996,False,rank_sensitivity,13666401.7632074,3686228.8993894244,0.6243280465928722,0.31238346945660334,2.0635038958612542e-23,1.8018901925849948e-15,False,False,False,0.0,False
329,design_000329,14,3.5,False,rank_sensitivity,10246545.449447205,2291390.0439324374,0.2224068134414423,0.24942501049406315,5.483258735324061e-20,2.469291742670981e-15,False,False,False,0.0,False
329,design_000329,15,3.75,False,rank_sensitivity,8785212.145390473,1683371.0883523456,0.02336489082639204,0.1757945168392666,5.389173551194464e-21,4.609673801802254e-15,False,False,False,0.0,False
329,design_000329,16,4.0,False,rank_sensitivity,8728001.4773926,1583710.022102651,0.05425623756258048,0.1200848207327304,9.943024371670304e-22,2.3731160075734486e-15,False,False,False,0.0,False
329,design_000329,17,4.25,False,rank_sensitivity,10735450.923358282,1803910.632520099,0.23657828468522338,0.08352157460038319,0.0,4.1053981392802983e-16,False,False,False,0.0,False
329,design_000329,18,4.5,False,rank_sensitivity,12442921.104895113,2174390.9243377387,0.4214183724963079,0.06957019478517353,5.911051991888843e-22,3.3910866235902968e-15,False,False,False,0.0,False
329,design_000329,19,4.75,False,rank_sensitivity,13642162.562486565,2579043.9889795585,0.6458976199852822,0.05786377319204829,6.578808518005759e-20,1.7083555450138165e-15,False,False,False,0.0,False
329,design_000329,29,7.250000000000001,False,rank_sensitivity,607814218.0374132,27310221.359007705,4.228139972759305,0.5042622329940804,3.9044754970977234e-21,9.719125232094336e-17,False,False,False,0.0,False
329,design_000329,30,7.5,False,rank_sensitivity,242364424.83678594,5907633.387331097,3.093601771631658,0.5534246322263385,1.482002443291728e-20,3.824276896316084e-16,False,False,False,0.0,False
329,design_000329,31,7.75,False,rank_sensitivity,138802398.82498246,3558504.349375503,3.330065536268595,0.5501010506109199,3.104550489833758e-20,4.3581008956905767e-16,False,False,False,0.0,False
329,design_000329,32,8.0,False,rank_sensitivity,86855468.3257282,2727237.7682706257,2.2910840583687073,0.4643553045069955,3.220325641529651e-20,2.024688261070494e-16,False,False,False,0.0,False
329,design_000329,33,8.25,False,rank_sensitivity,57887095.37966525,2330090.137411798,2.4379601056160776,0.41378399374240316,5.007672791003727e-21,8.640027813937654e-17,False,False,False,0.0,False
329,design_000329,34,8.5,False,rank_sensitivity,40838507.93034047,2111158.7847404457,2.5806315583896113,0.3610297025269583,2.588640660238457e-22,2.3874312840604293e-16,False,False,False,0.0,False
329,design_000329,35,8.75,False,rank_sensitivity,30141747.977512527,1972581.018663113,2.604806332546055,0.30825899536681395,1.0767217004408717e-21,2.7817542209198576e-16,False,False,False,0.0,False
329,design_000329,36,9.0,False,rank_sensitivity,22789931.390526757,1865177.7959568053,2.482612391169148,0.25621379230509483,1.6890884354206753e-20,9.625113632500072e-17,False,False,False,0.0,False
329,design_000329,37,9.25,False,rank_sensitivity,17538194.016019586,1767323.8074204335,2.3557762766887587,0.10747454779756388,1.7150290574862378e-20,3.4595778601805104e-16,False,False,False,0.0,False
329,design_000329,38,9.5,False,rank_sensitivity,13521127.764872074,1665827.6648061858,2.190854065360875,0.07283762085625699,1.7587337822969535e-20,4.436968542228672e-16,False,False,False,0.0,False
331,design_000331,20,5.0,False,rank_sensitivity,582512401.4903065,20870192.51273604,5.497826681182154,0.1051451120482113,2.498244024764984e-20,3.206786446051372e-17,False,False,False,0.0,False
331,design_000331,21,5.25,False,rank_sensitivity,263638617.9065536,7225303.338324479,4.4056666627203445,0.2111316500995502,2.745154288255081e-20,5.4700449506949114e-17,False,False,False,0.0,False
331,design_000331,22,5.5,False,rank_sensitivity,162513208.05032936,4111676.974934161,5.188807998965762,0.2601155387554624,4.677583023086695e-22,1.4398208045248042e-15,False,False,False,0.0,False
331,design_000331,23,5.75,False,rank_sensitivity,113656762.59203842,2717456.685769123,4.552089183851593,0.32247970361469214,4.587205894222864e-21,7.97324533843888e-17,False,False,False,0.0,False
331,design_000331,24,6.0,False,rank_sensitivity,75524798.60575734,1928841.1682874826,3.5566016104637135,0.31796974443607445,2.4464678519997437e-21,5.598629466604788e-16,False,False,False,0.0,False
331,design_000331,25,6.25,False,rank_sensitivity,50105301.50727733,1438980.4541480017,3.4646428599910557,0.29049543784746434,2.7109088735637826e-22,4.2743139017046877e-16,False,False,False,0.0,False
331,design_000331,26,6.499999999999999,False,rank_sensitivity,33442386.318448894,1126235.3644953142,2.1700807955881434,0.23362359121709164,4.788607198313655e-22,2.2851526287086512e-17,False,False,False,0.0,False
331,design_000331,27,6.75,False,rank_sensitivity,24461014.256561097,955181.0637123996,1.0505278271448368,0.16016833135944283,6.110308101755178e-21,4.16726327051103e-17,False,False,False,0.0,False
331,design_000331,28,7.0,False,rank_sensitivity,20721166.305736892,923446.387259787,0.8890998355655149,0.09374854697218474,9.777897140488856e-21,5.998974242590243e-16,False,False,False,0.0,False
340,design_000340,12,3.0,False,rank_sensitivity,20695194.241668127,16448831.581089104,0.910508564855326,0.06275257930055478,3.5842464825360974e-20,6.947505620002533e-16,False,False,False,0.0,False
340,design_000340,13,3.2499999999999996,False,rank_sensitivity,7805537.151144703,4689569.9378449535,0.07918932276087891,0.07607707005112421,4.412762041888909e-23,1.4510996314959356e-14,False,False,False,0.0,False
340,design_000340,14,3.5,False,rank_sensitivity,3252559.547747274,1562228.2423308247,1.1391091463172833,0.08340614174881449,6.389805305889027e-26,1.1574061939719958e-14,False,False,False,0.0,False
340,design_000340,15,3.75,False,rank_sensitivity,1738934.1358063025,801913.4251582308,1.9371657668311297,0.06181282960410014,5.635231085775077e-22,5.9231141914337225e-15,False,False,False,0.0,False
340,design_000340,22,5.5,False,rank_sensitivity,3329707.4076063186,2195367.3388657495,1.2577695892492295,0.06359181839124119,3.261008886653316e-20,1.1009764395178534e-15,False,False,False,0.0,False
340,design_000340,23,5.75,False,rank_sensitivity,3641970.2734805276,2213504.868828075,1.1203866351711296,0.09114128197950472,9.912585304506707e-22,8.711936452349358e-16,False,False,False,0.0,False
340,design_000340,24,6.0,False,rank_sensitivity,3714171.429546281,2179774.710836812,0.8948566638557138,0.08447823284482711,3.148503678903925e-20,6.485474885019523e-16,False,False,False,0.0,False
340,design_000340,25,6.25,False,rank_sensitivity,114373574.4298873,9474114.820300752,4.811817966577986,0.15523187349033096,7.968503359533197e-21,2.3504767024443054e-16,False,False,False,0.0,False
340,design_000340,26,6.499999999999999,False,rank_sensitivity,58572685.75591711,3899858.04139167,2.8705983055682935,0.10796367600356008,1.3068451016679232e-20,1.3657700999943313e-15,False,False,False,0.0,False
340,design_000340,27,6.75,False,rank_sensitivity,36655534.15825696,2418955.0614562836,1.4182122809417046,0.06664317482562974,1.9109642120339975e-22,1.3780046091336255e-15,False,False,False,0.0,False
342,design_000342,8,2.0,False,rank_sensitivity,1524693.1063877132,109293.5211990547,1.3159508373429238,0.07163431015870206,1.3686800757375318e-22,1.1112585376570297e-14,True,True,False,0.0,False
342,design_000342,9,2.25,False,rank_sensitivity,4591129.192929576,311870.45089990005,0.7362109073629257,0.0703216772611811,2.2496056272383935e-20,5.677008487132482e-15,True,True,False,0.0,False
342,design_000342,10,2.5,False,rank_sensitivity,7821612.243309467,749235.6473346626,0.36041330222848,0.07203808556203598,1.6176539284120408e-20,4.6526866083022515e-15,False,False,False,0.0,False
342,design_000342,11,2.75,False,rank_sensitivity,9199746.26098962,1403536.0859647752,0.05588268181878516,0.06068202323406892,1.3457487797933243e-20,4.6176718295253286e-15,False,False,False,0.0,False
342,design_000342,28,7.0,False,rank_sensitivity,1324038034.0564234,12769629.10702761,4.691848436163511,0.3789362220435313,1.5533037987329835e-20,1.8173220858163837e-16,False,False,False,0.0,False
342,design_000342,29,7.250000000000001,False,rank_sensitivity,714368701.5874493,4294208.692122647,4.381381400352621,0.29571668118989525,1.6438737525809704e-20,4.10926401378792e-16,False,False,False,0.0,False
342,design_000342,30,7.5,False,rank_sensitivity,418022060.57511264,2516310.215314844,3.5772816335052786,0.28382287980224347,2.4586588975000298e-21,1.5597686302609515e-16,False,False,False,0.0,False
342,design_000342,31,7.75,False,rank_sensitivity,252795312.52077237,1768179.8678706181,3.9641053191866655,0.13013367010808022,1.8773784459757394e-20,2.9335650255074667e-16,False,False,False,0.0,False
342,design_000342,32,8.0,False,rank_sensitivity,159056556.22167143,1364635.6695292224,2.834679476538453,0.12509681044603907,5.2159657753464286e-21,2.924150893303988e-16,False,False,False,0.0,False
342,design_000342,33,8.25,False,rank_sensitivity,101562913.43720187,1105915.7359203445,3.021678372853724,0.1199733772051044,3.5748035478305524e-22,1.563432672525611e-16,False,False,False,0.0,False
342,design_000342,34,8.5,False,rank_sensitivity,66040475.89875916,921403.671801893,3.1472129504707183,0.11634333289166329,3.0418755158538048e-21,8.838931626191856e-16,False,False,False,0.0,False
342,design_000342,35,8.75,False,rank_sensitivity,43386064.27894001,783370.3359523326,3.10205657405554,0.11122106221105149,4.4349402489841895e-21,3.90935611349873e-16,False,False,False,0.0,False
343,design_000343,1,0.25,False,rank_sensitivity,20067015.797067814,4506067.326519538,1.265043959931413,0.06966126674352101,2.8298434715745984e-20,4.027610273242196e-15,True,True,False,0.0,False
343,design_000343,2,0.5,False,rank_sensitivity,24632688.43906878,4609874.364437182,1.473164037001182,0.11787011540856719,2.369759998840555e-21,1.9967736599609234e-15,True,True,False,0.0,False
343,design_000343,3,0.75,False,rank_sensitivity,34879452.8124719,4991291.706625959,1.634006738557651,0.2052953848309753,0.0,4.293962439264121e-15,True,True,False,0.0,False
343,design_000343,4,1.0,False,rank_sensitivity,54592692.81659801,5656459.247638949,1.8647347583814937,0.29993713440612296,3.732380190233333e-20,1.1960431571683166e-15,True,True,False,0.0,False
343,design_000343,5,1.25,False,rank_sensitivity,84850314.7709176,6567774.070127841,2.0851825101021846,0.2359080524886177,0.0,4.377591622018104e-15,True,True,False,0.0,False
343,design_000343,6,1.5,False,rank_sensitivity,119834756.64499824,7611636.290211938,2.8119715291403002,0.174670774667442,7.243935204667926e-21,5.0915222960502286e-15,True,True,False,0.0,False
343,design_000343,7,1.75,False,rank_sensitivity,149690447.5422838,8638039.31516673,2.1964728714831003,0.20541544764740222,5.104352641503204e-20,4.706885465440381e-16,True,True,False,0.0,False
343,design_000343,8,2.0,False,rank_sensitivity,161330618.70691004,9341455.456388516,1.8471934978340703,0.25279220537975844,0.0,5.875006942050741e-15,True,True,False,0.0,False
343,design_000343,9,2.25,False,rank_sensitivity,160293870.68137616,9518930.423965301,2.083648349394943,0.22054543485831818,4.973564470534623e-21,6.9488239311838365e-15,True,True,False,0.0,False
343,design_000343,10,2.5,False,rank_sensitivity,134072402.4252539,9186987.67319,2.3754308612707344,0.22683164494675748,0.0,6.5395403824447546e-15,False,False,False,0.0,False
343,design_000343,11,2.75,False,rank_sensitivity,119172496.2563435,8470008.380040713,2.428518404883723,0.1855553893713697,0.0,3.953809355321917e-15,False,False,False,0.0,False
343,design_000343,12,3.0,False,rank_sensitivity,79545018.74503134,7586932.255381814,2.4078234251251183,0.11791066334671164,0.0,2.9426524280478925e-16,False,False,False,0.0,False
343,design_000343,13,3.2499999999999996,False,rank_sensitivity,51333536.680116884,6661054.371819813,2.2865775462710953,0.058133061427453864,1.1693688816152016e-21,3.442763461177567e-15,False,False,False,0.0,False
343,design_000343,33,8.25,False,rank_sensitivity,146608892.5987488,25335384.598021522,3.402829660304251,0.13351641483316548,5.298592326045152e-21,7.352138271837281e-16,False,False,False,0.0,False
347,design_000347,6,1.5,False,rank_sensitivity,3996067.7380317855,1165377.1844246231,0.22801411151976358,0.11142452931084501,3.13245202178194e-21,4.132106292641029e-15,True,True,False,0.0,False
347,design_000347,7,1.75,False,rank_sensitivity,7545489.715372667,1195074.5914095938,0.030797487400251358,0.17802548456648812,2.8921889853246506e-26,3.617403541221188e-15,True,True,False,0.0,False
347,design_000347,8,2.0,False,rank_sensitivity,10477771.159854867,1226112.491773628,0.008082034667613551,0.21168144459864732,1.100066592176864e-20,1.0847909805655888e-14,True,True,False,0.0,False
347,design_000347,9,2.25,False,rank_sensitivity,11386789.86233937,1244538.918830998,0.015287377825645331,0.21407247483870284,4.093114575876181e-21,2.021269793989895e-14,True,True,False,0.0,False
347,design_000347,10,2.5,False,rank_sensitivity,11370578.51743575,1389488.111142803,0.00018509304180158902,0.22608718601114544,9.490932312362037e-22,1.1950287315770045e-14,False,False,False,0.0,False
347,design_000347,11,2.75,False,rank_sensitivity,11910551.818062214,1658406.848974146,0.19460322711346184,0.1729795394692286,2.872116898138739e-20,1.7121450541467535e-14,False,False,False,0.0,False
347,design_000347,12,3.0,False,rank_sensitivity,11368891.081928272,1977096.2143119578,0.24435567699965868,0.14085002149732437,6.62469362720118e-24,2.385818417317729e-16,False,False,False,0.0,False
347,design_000347,13,3.2499999999999996,False,rank_sensitivity,11377300.736598449,2279600.6177159646,0.39407037933975314,0.13269297765594162,6.412661284319033e-21,2.1947637653517987e-15,False,False,False,0.0,False
347,design_000347,14,3.5,False,rank_sensitivity,10051201.248427792,2526826.1852667583,0.1995683566716307,0.10793207863704156,6.097187266126311e-21,4.921866898710659e-15,False,False,False,0.0,False
347,design_000347,18,4.5,False,rank_sensitivity;log_action_outlier,1251622885.599993,25600360.52078928,6.284511540747287,0.5394045579104565,3.2555619055202816e-21,3.835926481018614e-15,False,False,False,0.0,False
347,design_000347,19,4.75,False,rank_sensitivity,820188029.6802658,7375466.833645502,5.875893374247712,0.6245855059438544,1.3847699126052464e-21,8.14090867816912e-16,False,False,False,0.0,False
347,design_000347,20,5.0,False,rank_sensitivity,448730859.1106818,4244682.281127637,5.158910896937616,0.4685128156064789,5.16651614014329e-23,8.450557092606767e-16,False,False,False,0.0,False
347,design_000347,21,5.25,False,rank_sensitivity,313871569.2222136,2979632.658547785,4.6251217926751815,0.5203142962109557,9.010120795615504e-22,7.120886849160762e-16,False,False,False,0.0,False
347,design_000347,22,5.5,False,rank_sensitivity,172899908.97493705,2297131.0565146054,5.291534713270862,0.45295299834668556,3.1863650444305855e-20,6.372150360429685e-16,False,False,False,0.0,False
347,design_000347,23,5.75,False,rank_sensitivity,92114584.36823207,1882080.8329814428,4.205623654356707,0.37446372979807907,0.0,9.913834559362678e-16,False,False,False,0.0,False
347,design_000347,24,6.0,False,rank_sensitivity,48304281.15553164,1643701.0325135281,2.896131196609538,0.289724957985388,8.861279365136378e-21,1.5752417116794913e-16,False,False,False,0.0,False
347,design_000347,25,6.25,False,rank_sensitivity,26294413.078887805,1545485.3910064315,2.4122097581827076,0.2063000885250454,4.793642789348868e-21,1.563695553908678e-16,False,False,False,0.0,False
347,design_000347,26,6.499999999999999,False,rank_sensitivity,15706287.309908388,1566104.020419934,1.2254280921213345,0.1326430779028301,5.716792986514891e-21,2.0655807690131076e-15,False,False,False,0.0,False
347,design_000347,27,6.75,False,rank_sensitivity,10749561.70511989,1686684.9524902357,0.30311623161331225,0.07972202154762584,2.1817771397404492e-20,1.5204276019002125e-15,False,False,False,0.0,False
430,design_000430,4,1.0,False,rank_sensitivity,20508886.18268625,5727846.46538513,1.1697400717516528,0.08605344027376868,6.49385205740664e-22,1.3631819471356335e-15,True,True,False,0.0,False
430,design_000430,5,1.25,False,rank_sensitivity,23145185.357509263,5766593.822594892,1.1025598294286958,0.171800833979311,4.26123433977242e-23,3.093344194003395e-15,True,True,False,0.0,False
430,design_000430,6,1.5,False,rank_sensitivity,22607604.443345897,5134232.699108611,1.3210967190933978,0.2453224680668611,0.0,4.33710440086522e-15,True,True,False,0.0,False
430,design_000430,7,1.75,False,rank_sensitivity,21358414.46614377,4228844.44521526,0.7850354766811743,0.27661823413960496,5.328704336201525e-23,5.718313162654998e-15,True,True,False,0.0,False
430,design_000430,8,2.0,False,rank_sensitivity,19842537.857197776,3423136.9323378005,0.425217337491427,0.31130223973020754,3.055755276949063e-20,5.578315401582318e-14,True,True,False,0.0,False
430,design_000430,9,2.25,False,rank_sensitivity,19501803.206621215,2828497.559540837,0.4117556479493721,0.21648519227814916,8.27097050749062e-21,5.98054735107357e-14,True,True,False,0.0,False
430,design_000430,10,2.5,False,rank_sensitivity,13568238.228251593,2424176.9872175474,0.1699476505581516,0.18128271134991106,1.3325469219737887e-22,2.3374016173782407e-15,False,False,False,0.0,False
430,design_000430,11,2.75,False,rank_sensitivity,8646853.689193387,2178557.445780134,0.11599994906414501,0.10879428860874084,6.438686539694831e-23,9.151631397181894e-15,False,False,False,0.0,False
430,design_000430,12,3.0,False,rank_sensitivity,6703764.153843962,2089051.0744617234,0.34305249392987286,0.05457817034181451,1.6233175307227122e-25,3.1410938559446685e-15,False,False,False,0.0,False
430,design_000430,13,3.2499999999999996,False,rank_sensitivity,8165782.567182495,2137334.220356496,0.022517767702485085,0.06328949049558565,2.6150687933485528e-20,9.657431625748092e-15,False,False,False,0.0,False
430,design_000430,15,3.75,False,rank_sensitivity,1065117663.5404134,14343579.557778893,5.830372530168538,0.6201741870987545,2.448113394963326e-21,2.5145593317619844e-15,False,False,False,0.0,False
430,design_000430,16,4.0,False,rank_sensitivity,474418207.11493194,4844136.465571932,5.473226447989547,0.5957856974219545,1.4148686389092628e-22,1.7414036277773741e-15,False,False,False,0.0,False
430,design_000430,17,4.25,False,rank_sensitivity,245198923.2929892,2951721.328274392,4.506830684641648,0.5407664472028053,8.942487804115379e-21,2.4567617343800226e-15,False,False,False,0.0,False
430,design_000430,18,4.5,False,rank_sensitivity,133967533.59678853,2316747.3665406927,3.4431463672588656,0.46366788713024104,1.283275032950066e-21,1.0012302063267868e-15,False,False,False,0.0,False
430,design_000430,19,4.75,False,rank_sensitivity,75636187.53428122,2051091.3072348502,2.832658446407215,0.37550144662023577,4.878055084555642e-21,3.1307542401108085e-16,False,False,False,0.0,False
430,design_000430,20,5.0,False,rank_sensitivity,43483152.30027048,1917259.9624354327,2.1272364574461853,0.2810497560451669,3.3180421595972573e-22,6.643194536538561e-16,False,False,False,0.0,False
430,design_000430,21,5.25,False,rank_sensitivity,29404054.48150882,1846149.209091513,1.6456296335127338,0.21093539689518281,7.443905275175968e-22,1.8422791907290406e-16,False,False,False,0.0,False
430,design_000430,22,5.5,False,rank_sensitivity,17199206.615840655,1830815.5783908502,1.464834479377875,0.139334034689282,2.9341635413829874e-22,2.579185382739018e-16,False,False,False,0.0,False
430,design_000430,23,5.75,False,rank_sensitivity,11175730.215430735,1884214.128823419,0.7281234448103017,0.08691248185328632,4.651839308649761e-22,2.996846224507291e-17,False,False,False,0.0,False
430,design_000430,24,6.0,False,rank_sensitivity,8177302.088567112,2014332.9925507759,0.27139973991542493,0.05301998931328538,1.8451528491009663e-20,3.460499905624278e-16,False,False,False,0.0,False
435,design_000435,8,2.0,False,rank_sensitivity,5233911.374236857,974642.7244397339,0.4790576301986903,0.08003426224248804,3.546490656243728e-21,1.5132680913736297e-14,True,True,False,0.0,False
435,design_000435,9,2.25,False,rank_sensitivity,6319933.4097525645,1499422.3095406613,0.48256388708324216,0.12031705636039587,1.790481631504389e-23,5.754016834592932e-15,True,True,False,0.0,False
435,design_000435,10,2.5,False,rank_sensitivity,10084630.112417068,2788775.8809995833,0.11573962808204619,0.06129903404088415,5.450678809238563e-20,8.788400119453964e-15,False,False,False,0.0,False
435,design_000435,13,3.2499999999999996,False,rank_sensitivity,47139337.918256424,28726577.40098226,2.1795171069092913,0.07021208925586232,7.385521340857034e-22,5.722097897162286e-15,False,False,False,0.0,False
435,design_000435,14,3.5,False,rank_sensitivity,30118674.065368153,10018701.579748198,1.5017053426353197,0.06205916919832814,5.867545077559945e-20,5.279149808331133e-16,False,False,False,0.0,False
435,design_000435,15,3.75,False,rank_sensitivity,20594280.16310739,6090164.616942321,1.0545193100739394,0.05123786414375065,8.544460271667784e-21,1.3576643991715592e-15,False,False,False,0.0,False
435,design_000435,24,6.0,False,rank_sensitivity,4508483.201960907,3395505.9129504487,0.60845955255338,0.051428954000694575,3.22706946281137e-20,2.5981670465224565e-15,False,False,False,0.0,False
435,design_000435,25,6.25,False,rank_sensitivity,4136199.6172063155,3147629.842132772,0.6067849910040969,0.06210946635197094,3.348955080613063e-20,2.7374072495539447e-15,False,False,False,0.0,False
435,design_000435,26,6.499999999999999,False,rank_sensitivity,3844915.8206170085,2915036.1081814207,0.5336134750344592,0.07375606581348898,3.556839889776644e-20,5.519777335229464e-15,False,False,False,0.0,False
435,design_000435,27,6.75,False,rank_sensitivity,3629007.3352850634,2711603.6840974903,0.6839954187991378,0.08518684597354322,8.81758000783628e-21,3.663700814372587e-15,False,False,False,0.0,False
435,design_000435,28,7.0,False,rank_sensitivity,3467089.121753409,2537145.402686111,0.7462718272447054,0.09489712210064874,0.0,1.2455195728223249e-15,False,False,False,0.0,False
449,design_000449,8,2.0,False,rank_sensitivity,1511592.9903242164,966921.2070308414,1.3218060586039677,0.053480261724739464,1.97572137030598e-21,6.87327979877796e-15,True,True,False,0.0,False
500,design_000500,16,4.0,False,rank_sensitivity,302042972.1446685,79856958.78904927,4.848589833543834,0.1383353083580989,2.6373429322728883e-20,5.727595356810488e-16,False,False,False,0.0,False
500,design_000500,17,4.25,False,rank_sensitivity,132097375.81006452,35891213.77572714,3.662571232905054,0.16959209556799798,9.564034442208977e-21,8.328650177730667e-16,False,False,False,0.0,False
500,design_000500,18,4.5,False,rank_sensitivity,80572534.99084347,20996798.291604772,2.7966487925272574,0.1406795177756215,3.8626575263872197e-20,2.256672126367961e-15,False,False,False,0.0,False
500,design_000500,19,4.75,False,rank_sensitivity,58811857.21404708,13190467.978533793,2.5114418069302715,0.07325707242368064,8.736399587267171e-26,1.8450114397233896e-15,False,False,False,0.0,False
500,design_000500,37,9.25,False,tangent_full_inequality,6015661.917077808,8198357.935274924,0.6462513781026492,0.032851394660140136,2.4823931376956985e-20,9.830384482788836e-16,False,False,False,0.0,False
500,design_000500,38,9.5,False,rank_sensitivity,35758052.56460012,6548375.231656325,3.839545106010988,0.0652360648888314,1.3854953671759463e-20,9.08123107747365e-16,False,False,False,0.0,False
