design_index,design_id,day,source_time_index,fully_grid_usable,validation_mmd2
0,design_000000,0.0,0,True,0.0024936617821738807
0,design_000000,2.5,10,True,0.0030052117426676373
0,design_000000,5.0,20,True,0.01811168025164486
0,design_000000,7.5,30,True,0.02192079382690593
0,design_000000,10.0,40,True,0.022019575729503155
0,design_000000,12.5,50,True,0.025640049304315266
0,design_000000,15.0,60,True,0.018333970379615646
0,design_000000,17.5,70,True,0.014560860631104795
0,design_000000,20.0,80,True,0.007520619711643757
0,design_000000,22.5,90,True,0.0058145094032367945
0,design_000000,25.0,100,True,0.003435782227213504
0,design_000000,27.5,110,True,0.0036631517553132095
0,design_000000,30.0,120,True,0.0035890526068801097
0,design_000000,32.5,130,True,0.002050234920197353
0,design_000000,35.0,140,True,0.0021210055463701948
0,design_000000,37.5,150,True,0.0026658767910713453
0,design_000000,40.0,160,True,0.004424122477841484
0,design_000000,42.5,170,True,0.0036710940811165334
0,design_000000,45.0,180,True,0.004922635593657304
1,design_000001,0.0,0,True,0.002054542453087933
1,design_000001,2.5,10,True,0.00335751109167014
1,design_000001,5.0,20,True,0.043580219812724655
1,design_000001,7.5,30,True,0.10171374311538008
1,design_000001,10.0,40,True,0.14028013136277462
1,design_000001,12.5,50,True,0.132918816512499
1,design_000001,15.0,60,True,0.11496399200931776
1,design_000001,17.5,70,True,0.08974983605588222
1,design_000001,20.0,80,True,0.06729639990506223
1,design_000001,22.5,90,True,0.05144375534453294
1,design_000001,25.0,100,True,0.038309082736227656
1,design_000001,27.5,110,True,0.030233672599786363
1,design_000001,30.0,120,True,0.01858975633601961
1,design_000001,32.5,130,True,0.02011200738486675
1,design_000001,35.0,140,True,0.022581373130564252
1,design_000001,37.5,150,True,0.021325236225306528
1,design_000001,40.0,160,True,0.01977258795799011
1,design_000001,42.5,170,True,0.01897419801370916
1,design_000001,45.0,180,True,0.02131701492198275
2,design_000002,0.0,0,True,0.0021874763467141438
2,design_000002,2.5,10,True,0.06803320304364596
2,design_000002,5.0,20,True,0.08560912276789007
2,design_000002,7.5,30,True,0.019315047192623003
2,design_000002,10.0,40,True,0.03065727339391243
2,design_000002,12.5,50,True,0.02911303583076092
2,design_000002,15.0,60,True,0.02290143166777558
2,design_000002,17.5,70,True,0.027041268755210825
2,design_000002,20.0,80,True,0.03240406022059071
2,design_000002,22.5,90,True,0.03771581320260735
2,design_000002,25.0,100,True,0.03542691977261319
2,design_000002,27.5,110,True,0.025690612755011832
2,design_000002,30.0,120,True,0.01484196180840405
2,design_000002,32.5,130,True,0.013870321645789014
2,design_000002,35.0,140,True,0.015083529749275584
2,design_000002,37.5,150,True,0.012557837116959026
2,design_000002,40.0,160,True,0.01050770667780374
2,design_000002,42.5,170,True,0.008213077442164478
2,design_000002,45.0,180,True,0.010484564575336888
3,design_000003,0.0,0,True,0.002096721488374676
3,design_000003,2.5,10,True,0.08466767190606472
3,design_000003,5.0,20,True,0.019011112199367873
3,design_000003,7.5,30,True,0.03507067826018744
3,design_000003,10.0,40,True,0.05202932328158949
3,design_000003,12.5,50,True,0.056472838848282164
3,design_000003,15.0,60,True,0.06076319698420489
3,design_000003,17.5,70,True,0.04523003642040378
3,design_000003,20.0,80,True,0.025610375021237277
3,design_000003,22.5,90,True,0.01688246319901764
3,design_000003,25.0,100,True,0.010128337864556008
3,design_000003,27.5,110,True,0.004239649610266653
3,design_000003,30.0,120,True,0.0014874839688265023
3,design_000003,32.5,130,True,0.003700053113607858
3,design_000003,35.0,140,True,0.006818827094591537
3,design_000003,37.5,150,True,0.008235216078636528
3,design_000003,40.0,160,True,0.011833099177075809
3,design_000003,42.5,170,True,0.01158119005795645
3,design_000003,45.0,180,True,0.014009792231768205
4,design_000004,0.0,0,True,0.002418392057761908
4,design_000004,2.5,10,True,0.001958198230701775
4,design_000004,5.0,20,True,0.006541836246972225
4,design_000004,7.5,30,True,0.014522986080337277
4,design_000004,10.0,40,True,0.017075629297962705
4,design_000004,12.5,50,True,0.01975467747260476
4,design_000004,15.0,60,True,0.01769901071605124
4,design_000004,17.5,70,True,0.00424690688064884
4,design_000004,20.0,80,True,0.0025212152550495998
4,design_000004,22.5,90,True,0.0034498841505321634
4,design_000004,25.0,100,True,0.0032536624555040182
4,design_000004,27.5,110,True,0.0028995557805135677
4,design_000004,30.0,120,True,0.0010322216072140866
4,design_000004,32.5,130,True,0.0023912514847222034
4,design_000004,35.0,140,True,0.004339274828069171
4,design_000004,37.5,150,True,0.005274073040701708
4,design_000004,40.0,160,True,0.007806311524927853
4,design_000004,42.5,170,True,0.0070326755819758915
4,design_000004,45.0,180,True,0.007287102853240681
5,design_000005,0.0,0,True,0.002068183197734057
5,design_000005,2.5,10,True,0.008873092683544357
5,design_000005,5.0,20,True,0.03741914510169371
5,design_000005,7.5,30,True,0.06313371770076787
5,design_000005,10.0,40,True,0.07353446431581298
5,design_000005,12.5,50,True,0.06465252671765806
5,design_000005,15.0,60,True,0.06067100032938668
5,design_000005,17.5,70,True,0.04980133900573776
5,design_000005,20.0,80,True,0.033927830127578815
5,design_000005,22.5,90,True,0.029767138744143412
5,design_000005,25.0,100,True,0.02138134871601762
5,design_000005,27.5,110,True,0.010482165649008385
5,design_000005,30.0,120,True,0.004171252930228901
5,design_000005,32.5,130,True,0.0035231923719646827
5,design_000005,35.0,140,True,0.004146550246344584
5,design_000005,37.5,150,True,0.004700368968538769
5,design_000005,40.0,160,True,0.007203519729434883
5,design_000005,42.5,170,True,0.006517057090020963
5,design_000005,45.0,180,True,0.009424795779752315
6,design_000006,0.0,0,True,0.0018858297361853348
6,design_000006,2.5,10,True,0.08503445712241733
6,design_000006,5.0,20,True,0.057458449168442706
6,design_000006,7.5,30,True,0.054382293351530976
6,design_000006,10.0,40,True,0.06668367559777338
6,design_000006,12.5,50,True,0.0709964348035369
6,design_000006,15.0,60,True,0.07671234728437154
6,design_000006,17.5,70,True,0.07026098994186207
6,design_000006,20.0,80,True,0.05118923954863686
6,design_000006,22.5,90,True,0.04503621929328945
6,design_000006,25.0,100,True,0.03178620224140631
6,design_000006,27.5,110,True,0.021543044301495787
6,design_000006,30.0,120,True,0.010263222593749828
6,design_000006,32.5,130,True,0.012722636393982564
6,design_000006,35.0,140,True,0.01584756252237948
6,design_000006,37.5,150,True,0.01571351276072453
6,design_000006,40.0,160,True,0.01853335787052692
6,design_000006,42.5,170,True,0.01860843162571189
6,design_000006,45.0,180,True,0.018842488784578705
7,design_000007,0.0,0,True,0.0019661493336548545
7,design_000007,2.5,10,True,0.004293900187410205
7,design_000007,5.0,20,True,0.0036370206291833056
7,design_000007,7.5,30,True,0.00944684821679287
7,design_000007,10.0,40,True,0.023621266776137458
7,design_000007,12.5,50,True,0.03690485881686126
7,design_000007,15.0,60,True,0.0439115088754691
7,design_000007,17.5,70,True,0.04408388074175815
7,design_000007,20.0,80,True,0.039441946863752665
7,design_000007,22.5,90,True,0.03594427943172447
7,design_000007,25.0,100,True,0.025559768879585783
7,design_000007,27.5,110,True,0.014338795890854822
7,design_000007,30.0,120,True,0.006271445717634652
7,design_000007,32.5,130,True,0.005432181615128263
7,design_000007,35.0,140,True,0.005869234616820785
7,design_000007,37.5,150,True,0.005982658780686456
7,design_000007,40.0,160,True,0.0070586123528438025
7,design_000007,42.5,170,True,0.005533070686647408
7,design_000007,45.0,180,True,0.007797327461802203
8,design_000008,0.0,0,True,0.0014210927000922423
8,design_000008,2.5,10,True,0.08315961248269976
8,design_000008,5.0,20,True,0.11902499015089091
8,design_000008,7.5,30,True,0.08906521862491881
8,design_000008,10.0,40,True,0.06894977029800792
8,design_000008,12.5,50,True,0.05784728045289004
8,design_000008,15.0,60,True,0.03933268369733609
8,design_000008,17.5,70,True,0.02293135561315323
8,design_000008,20.0,80,True,0.011915302409675792
8,design_000008,22.5,90,True,0.008825046340834086
8,design_000008,25.0,100,True,0.009286534346268131
8,design_000008,27.5,110,True,0.010750428731776028
8,design_000008,30.0,120,True,0.00850064881387485
8,design_000008,32.5,130,True,0.011230502703925052
8,design_000008,35.0,140,True,0.013993783441503798
8,design_000008,37.5,150,True,0.014234783650587775
8,design_000008,40.0,160,True,0.014219871949503936
8,design_000008,42.5,170,True,0.010576351390416525
8,design_000008,45.0,180,True,0.010852451409529607
9,design_000009,0.0,0,True,0.0019705980450780585
9,design_000009,2.5,10,True,0.0627208125945262
9,design_000009,5.0,20,True,0.07064576160327828
9,design_000009,7.5,30,True,0.08062104336726825
9,design_000009,10.0,40,True,0.08677358167418679
9,design_000009,12.5,50,True,0.08365528371588732
9,design_000009,15.0,60,True,0.07847254628260794
9,design_000009,17.5,70,True,0.06373467203577685
9,design_000009,20.0,80,True,0.04368053323454389
9,design_000009,22.5,90,True,0.02894522577871605
9,design_000009,25.0,100,True,0.021680365064817228
9,design_000009,27.5,110,True,0.015514190049245764
9,design_000009,30.0,120,True,0.009841529120451255
9,design_000009,32.5,130,True,0.012550383198360824
9,design_000009,35.0,140,True,0.014977357150249598
9,design_000009,37.5,150,True,0.01209282721564559
9,design_000009,40.0,160,True,0.014768623390049584
9,design_000009,42.5,170,True,0.012648323093139452
9,design_000009,45.0,180,True,0.015200706459422949
10,design_000010,0.0,0,True,0.00234265380286283
10,design_000010,2.5,10,True,0.012842984432789258
10,design_000010,5.0,20,True,0.035522422505132205
10,design_000010,7.5,30,True,0.053004956385574425
10,design_000010,10.0,40,True,0.06210601470451381
10,design_000010,12.5,50,True,0.053886573395862725
10,design_000010,15.0,60,True,0.045520036535426675
10,design_000010,17.5,70,True,0.039839894343833795
10,design_000010,20.0,80,True,0.02873612840073235
10,design_000010,22.5,90,True,0.023567018165404387
10,design_000010,25.0,100,True,0.015756802401924324
10,design_000010,27.5,110,True,0.008916651323921667
10,design_000010,30.0,120,True,0.003913951021615487
10,design_000010,32.5,130,True,0.005343195276411562
10,design_000010,35.0,140,True,0.007088802597293444
10,design_000010,37.5,150,True,0.007589531525288195
10,design_000010,40.0,160,True,0.007947162908297578
10,design_000010,42.5,170,True,0.006984085281645502
10,design_000010,45.0,180,True,0.009582127776455136
11,design_000011,0.0,0,True,0.0025088944276630263
11,design_000011,2.5,10,True,0.038581403009394194
11,design_000011,5.0,20,True,0.06527749657796189
11,design_000011,7.5,30,True,0.036676327515716006
11,design_000011,10.0,40,True,0.025889585100996766
11,design_000011,12.5,50,True,0.021983544944827016
11,design_000011,15.0,60,True,0.020063490792801286
11,design_000011,17.5,70,True,0.016676061804846543
11,design_000011,20.0,80,True,0.006874462989895091
11,design_000011,22.5,90,True,0.007894094258610103
11,design_000011,25.0,100,True,0.005690198560333286
11,design_000011,27.5,110,True,0.005608713063250968
11,design_000011,30.0,120,True,0.0024895351225501464
11,design_000011,32.5,130,True,0.004846180391993162
11,design_000011,35.0,140,True,0.008025976674636667
11,design_000011,37.5,150,True,0.008812879489996704
11,design_000011,40.0,160,True,0.010851208491299693
11,design_000011,42.5,170,True,0.011605309349883488
11,design_000011,45.0,180,True,0.011377233344683348
12,design_000012,0.0,0,True,0.002286970312268338
12,design_000012,2.5,10,True,0.0012555774712769462
12,design_000012,5.0,20,True,0.009412805254642408
12,design_000012,7.5,30,True,0.014721279341455937
12,design_000012,10.0,40,True,0.013388125738770872
12,design_000012,12.5,50,True,0.016424056326460212
12,design_000012,15.0,60,True,0.015345741090154564
12,design_000012,17.5,70,True,0.008344046968620416
12,design_000012,20.0,80,True,0.009710446118815962
12,design_000012,22.5,90,True,0.013719716064773103
12,design_000012,25.0,100,True,0.013824227792096825
12,design_000012,27.5,110,True,0.01337658088192185
12,design_000012,30.0,120,True,0.008027955400330234
12,design_000012,32.5,130,True,0.007940515199867241
12,design_000012,35.0,140,True,0.008814510933766055
12,design_000012,37.5,150,True,0.008932266382736209
12,design_000012,40.0,160,True,0.008100888848673535
12,design_000012,42.5,170,True,0.00873368334103144
12,design_000012,45.0,180,True,0.009320809398638316
13,design_000013,0.0,0,True,0.0020644519829135424
13,design_000013,2.5,10,True,0.01563090775798941
13,design_000013,5.0,20,True,0.004372006284322645
13,design_000013,7.5,30,True,0.01450068256709644
13,design_000013,10.0,40,True,0.02773813851545801
13,design_000013,12.5,50,True,0.026671799336920134
13,design_000013,15.0,60,True,0.024954275700476036
13,design_000013,17.5,70,True,0.014247634049332308
13,design_000013,20.0,80,True,0.0058607989139021
13,design_000013,22.5,90,True,0.0038138970083215554
13,design_000013,25.0,100,True,0.0036248653967643285
13,design_000013,27.5,110,True,0.004493598576043161
13,design_000013,30.0,120,True,0.003070133766178762
13,design_000013,32.5,130,True,0.004212072828044892
13,design_000013,35.0,140,True,0.005980107278599592
13,design_000013,37.5,150,True,0.0056407496996084385
13,design_000013,40.0,160,True,0.006675338282246467
13,design_000013,42.5,170,True,0.006914320453300635
13,design_000013,45.0,180,True,0.00793963954380784
14,design_000014,0.0,0,True,0.002009280489552636
14,design_000014,2.5,10,True,0.004164785132031791
14,design_000014,5.0,20,True,0.01564380955838593
14,design_000014,7.5,30,True,0.021610332283076614
14,design_000014,10.0,40,True,0.006965821834411667
14,design_000014,12.5,50,True,0.011171843100127973
14,design_000014,15.0,60,True,0.012265897279526324
14,design_000014,17.5,70,True,0.007469511083776956
14,design_000014,20.0,80,True,0.005899979971977222
14,design_000014,22.5,90,True,0.008139355184658564
14,design_000014,25.0,100,True,0.007466363769171958
14,design_000014,27.5,110,True,0.005800054156874821
14,design_000014,30.0,120,True,0.003953602487835543
14,design_000014,32.5,130,True,0.0024746846286338997
14,design_000014,35.0,140,True,0.0022226900074840145
14,design_000014,37.5,150,True,0.002760097519890625
14,design_000014,40.0,160,True,0.005236926768934225
14,design_000014,42.5,170,True,0.005728692944589636
14,design_000014,45.0,180,True,0.006391356176542296
15,design_000015,0.0,0,True,0.002204669188356155
15,design_000015,2.5,10,True,0.049512424026681656
15,design_000015,5.0,20,True,0.0693227812956417
15,design_000015,7.5,30,True,0.01617390405770433
15,design_000015,10.0,40,True,0.022660215993519882
15,design_000015,12.5,50,True,0.03107619438791131
15,design_000015,15.0,60,True,0.038345395264456905
15,design_000015,17.5,70,True,0.037571640463446264
15,design_000015,20.0,80,True,0.03058662526702801
15,design_000015,22.5,90,True,0.02576945228425313
15,design_000015,25.0,100,True,0.018273567816426674
15,design_000015,27.5,110,True,0.013158397910757463
15,design_000015,30.0,120,True,0.008492439618727168
15,design_000015,32.5,130,True,0.008431412095119273
15,design_000015,35.0,140,True,0.008005911345203955
15,design_000015,37.5,150,True,0.00790415993177427
15,design_000015,40.0,160,True,0.008509090193525467
15,design_000015,42.5,170,True,0.008094206116343794
15,design_000015,45.0,180,True,0.009427470231454568
16,design_000016,0.0,0,True,0.002042749138605097
16,design_000016,2.5,10,True,0.04772899103000218
16,design_000016,5.0,20,True,0.06804462853862397
16,design_000016,7.5,30,True,0.06449459415299856
16,design_000016,10.0,40,True,0.06801167440398849
16,design_000016,12.5,50,True,0.058846910283446074
16,design_000016,15.0,60,True,0.05852334218821399
16,design_000016,17.5,70,True,0.04781136710585253
16,design_000016,20.0,80,True,0.03787254558154188
16,design_000016,22.5,90,True,0.034509381094017126
16,design_000016,25.0,100,True,0.027804992428704628
16,design_000016,27.5,110,True,0.01836977605807948
16,design_000016,30.0,120,True,0.011105241423789814
16,design_000016,32.5,130,True,0.011075189066278508
16,design_000016,35.0,140,True,0.009599047260935602
16,design_000016,37.5,150,True,0.00930708336380087
16,design_000016,40.0,160,True,0.012148141526864385
16,design_000016,42.5,170,True,0.010882955806045612
16,design_000016,45.0,180,True,0.012375566489240847
17,design_000017,0.0,0,True,0.0023977281423108532
17,design_000017,2.5,10,True,0.009387021740129644
17,design_000017,5.0,20,True,0.05926077111691562
17,design_000017,7.5,30,True,0.10719430045408376
17,design_000017,10.0,40,True,0.032652535682192764
17,design_000017,12.5,50,True,0.008157679890592462
17,design_000017,15.0,60,True,0.011801813740896177
17,design_000017,17.5,70,True,0.011170846387997493
17,design_000017,20.0,80,True,0.008205218200854096
17,design_000017,22.5,90,True,0.010589798245726393
17,design_000017,25.0,100,True,0.009065743961168883
17,design_000017,27.5,110,True,0.006236853023918689
17,design_000017,30.0,120,True,0.003309926987054174
17,design_000017,32.5,130,True,0.001045877918862168
17,design_000017,35.0,140,True,0.002300478409968837
17,design_000017,37.5,150,True,0.0037895475458082292
17,design_000017,40.0,160,True,0.007586948635905701
17,design_000017,42.5,170,True,0.008148406258814252
17,design_000017,45.0,180,True,0.010300035412217837
18,design_000018,0.0,0,True,0.0020378958799727475
18,design_000018,2.5,10,True,0.020490422577308102
18,design_000018,5.0,20,True,0.0388255984414356
18,design_000018,7.5,30,True,0.04379388604691929
18,design_000018,10.0,40,True,0.03621066567705689
18,design_000018,12.5,50,True,0.01831564799809946
18,design_000018,15.0,60,True,0.01318625022823831
18,design_000018,17.5,70,True,0.006903415525895237
18,design_000018,20.0,80,True,0.0032021225098287226
18,design_000018,22.5,90,True,0.004792210847020598
18,design_000018,25.0,100,True,0.003971596933228929
18,design_000018,27.5,110,True,0.0038197620014545496
18,design_000018,30.0,120,True,0.0027031078188523234
18,design_000018,32.5,130,True,0.0026356488349261694
18,design_000018,35.0,140,True,0.0036193110846994975
18,design_000018,37.5,150,True,0.004606531518817252
18,design_000018,40.0,160,True,0.007750504936939519
18,design_000018,42.5,170,True,0.006975690657453437
18,design_000018,45.0,180,True,0.008213487884136682
19,design_000019,0.0,0,True,0.002225158921143071
19,design_000019,2.5,10,True,0.08963453795173419
19,design_000019,5.0,20,True,0.023575849834698497
19,design_000019,7.5,30,True,0.02317661218774391
19,design_000019,10.0,40,True,0.03316100580374221
19,design_000019,12.5,50,True,0.03562742959275862
19,design_000019,15.0,60,True,0.03773233403020501
19,design_000019,17.5,70,True,0.03117193962212022
19,design_000019,20.0,80,True,0.02587832185401371
19,design_000019,22.5,90,True,0.02638627405726602
19,design_000019,25.0,100,True,0.022834110100939213
19,design_000019,27.5,110,True,0.016007466242840433
19,design_000019,30.0,120,True,0.009349208104172859
19,design_000019,32.5,130,True,0.008734468960973917
19,design_000019,35.0,140,True,0.009050821487564278
19,design_000019,37.5,150,True,0.007639765090116915
19,design_000019,40.0,160,True,0.011279584893721207
19,design_000019,42.5,170,True,0.010364034996129118
19,design_000019,45.0,180,True,0.011466087847185582
20,design_000020,0.0,0,True,0.002370546840571291
20,design_000020,2.5,10,True,0.03406855814672815
20,design_000020,5.0,20,True,0.02189599459594477
20,design_000020,7.5,30,True,0.02577781901077563
20,design_000020,10.0,40,True,0.028473187925003026
20,design_000020,12.5,50,True,0.023334159566492756
20,design_000020,15.0,60,True,0.017416319083488487
20,design_000020,17.5,70,True,0.0089935659300961
20,design_000020,20.0,80,True,0.007765358978032152
20,design_000020,22.5,90,True,0.007306420223727737
20,design_000020,25.0,100,True,0.006209383629192858
20,design_000020,27.5,110,True,0.006205694168512197
20,design_000020,30.0,120,True,0.00432198040824309
20,design_000020,32.5,130,True,0.0071037048153752835
20,design_000020,35.0,140,True,0.008370319367697499
20,design_000020,37.5,150,True,0.00765519349724984
20,design_000020,40.0,160,True,0.009720580416564373
20,design_000020,42.5,170,True,0.009595139108427062
20,design_000020,45.0,180,True,0.010802063899379516
21,design_000021,0.0,0,True,0.002108312933625303
21,design_000021,2.5,10,True,0.006992237657774287
21,design_000021,5.0,20,True,0.017624662381512293
21,design_000021,7.5,30,True,0.04243453466901617
21,design_000021,10.0,40,True,0.07772382279983679
21,design_000021,12.5,50,True,0.09067059469484286
21,design_000021,15.0,60,True,0.08520067865720221
21,design_000021,17.5,70,True,0.06004674897535258
21,design_000021,20.0,80,True,0.0424064763877271
21,design_000021,22.5,90,True,0.030708608134590275
21,design_000021,25.0,100,True,0.02207866127526378
21,design_000021,27.5,110,True,0.01712219786633266
21,design_000021,30.0,120,True,0.010061282411398623
21,design_000021,32.5,130,True,0.011204128481199841
21,design_000021,35.0,140,True,0.010840378930795851
21,design_000021,37.5,150,True,0.010789317274148525
21,design_000021,40.0,160,True,0.011737946359023126
21,design_000021,42.5,170,True,0.010897911021832088
21,design_000021,45.0,180,True,0.01167688865564774
22,design_000022,0.0,0,True,0.0020689517670678093
22,design_000022,2.5,10,True,0.010147748294295766
22,design_000022,5.0,20,True,0.004557548772088638
22,design_000022,7.5,30,True,0.006308798255806538
22,design_000022,10.0,40,True,0.01819632808184545
22,design_000022,12.5,50,True,0.027007592544553212
22,design_000022,15.0,60,True,0.03468422371762336
22,design_000022,17.5,70,True,0.03932683183889737
22,design_000022,20.0,80,True,0.036441427930457716
22,design_000022,22.5,90,True,0.03514334380231779
22,design_000022,25.0,100,True,0.023194196734026413
22,design_000022,27.5,110,True,0.010510587812778204
22,design_000022,30.0,120,True,0.0031836056931190725
22,design_000022,32.5,130,True,0.0014358780779327289
22,design_000022,35.0,140,True,0.0021758428261305154
22,design_000022,37.5,150,True,0.002622069804153197
22,design_000022,40.0,160,True,0.0038618322365018927
22,design_000022,42.5,170,True,0.004558266056084377
22,design_000022,45.0,180,True,0.006479408493510553
23,design_000023,0.0,0,True,0.002127194924316075
23,design_000023,2.5,10,True,0.04182490880524231
23,design_000023,5.0,20,True,0.01050282344221544
23,design_000023,7.5,30,True,0.013497507695049461
23,design_000023,10.0,40,True,0.025515929390582247
23,design_000023,12.5,50,True,0.03689833469218881
23,design_000023,15.0,60,True,0.03714615598682407
23,design_000023,17.5,70,True,0.02426201074450659
23,design_000023,20.0,80,True,0.013787132533548295
23,design_000023,22.5,90,True,0.012597388854029178
23,design_000023,25.0,100,True,0.00935928950610642
23,design_000023,27.5,110,True,0.004933043916578736
23,design_000023,30.0,120,True,0.0025970749269434786
23,design_000023,32.5,130,True,0.0017500278119779028
23,design_000023,35.0,140,True,0.003113187537423244
23,design_000023,37.5,150,True,0.004236095812172803
23,design_000023,40.0,160,True,0.006684755213524768
23,design_000023,42.5,170,True,0.008700618478865291
23,design_000023,45.0,180,True,0.010946075515930222
24,design_000024,0.0,0,True,0.0022153941929072647
24,design_000024,2.5,10,True,0.007035212100918337
24,design_000024,5.0,20,True,0.022028272886110638
24,design_000024,7.5,30,True,0.02276597569378838
24,design_000024,10.0,40,True,0.022359193741037287
24,design_000024,12.5,50,True,0.029401119093402043
24,design_000024,15.0,60,True,0.028852059994624327
24,design_000024,17.5,70,True,0.02294782382069783
24,design_000024,20.0,80,True,0.016664490803638132
24,design_000024,22.5,90,True,0.01569952660132004
24,design_000024,25.0,100,True,0.010303284572291406
24,design_000024,27.5,110,True,0.00670116846813814
24,design_000024,30.0,120,True,0.004227626944540015
24,design_000024,32.5,130,True,0.001460486716822805
24,design_000024,35.0,140,True,0.0012692088874642648
24,design_000024,37.5,150,True,0.0014989798041342708
24,design_000024,40.0,160,True,0.0033453261623685804
24,design_000024,42.5,170,True,0.0034118989207276994
24,design_000024,45.0,180,True,0.005892762621302552
25,design_000025,0.0,0,True,0.002315712251887052
25,design_000025,2.5,10,True,0.005807726444454308
25,design_000025,5.0,20,True,0.01291908140547846
25,design_000025,7.5,30,True,0.02271716048339987
25,design_000025,10.0,40,True,0.02724388631993901
25,design_000025,12.5,50,True,0.03206073370496918
25,design_000025,15.0,60,True,0.027875065432176365
25,design_000025,17.5,70,True,0.019465756471318256
25,design_000025,20.0,80,True,0.011785802423895523
25,design_000025,22.5,90,True,0.01008906250870306
25,design_000025,25.0,100,True,0.007093941023032944
25,design_000025,27.5,110,True,0.004159183038799367
25,design_000025,30.0,120,True,0.0020607929789185167
25,design_000025,32.5,130,True,0.002717816508204308
25,design_000025,35.0,140,True,0.00464215262074618
25,design_000025,37.5,150,True,0.005452744015486226
25,design_000025,40.0,160,True,0.007345938026574077
25,design_000025,42.5,170,True,0.00898634746865077
25,design_000025,45.0,180,True,0.010656565987643814
26,design_000026,0.0,0,True,0.002059954747725343
26,design_000026,2.5,10,True,0.0011607223859144496
26,design_000026,5.0,20,True,0.006210817987365015
26,design_000026,7.5,30,True,0.012600475393392976
26,design_000026,10.0,40,True,0.021636092027902978
26,design_000026,12.5,50,True,0.029338488416699775
26,design_000026,15.0,60,True,0.029321195609327284
26,design_000026,17.5,70,True,0.029259403109333566
26,design_000026,20.0,80,True,0.0300509593030836
26,design_000026,22.5,90,True,0.03377284286012283
26,design_000026,25.0,100,True,0.027614231809567468
26,design_000026,27.5,110,True,0.01827271281022388
26,design_000026,30.0,120,True,0.007416282080034468
26,design_000026,32.5,130,True,0.0077509609740082416
26,design_000026,35.0,140,True,0.011025977251029483
26,design_000026,37.5,150,True,0.011133740749425351
26,design_000026,40.0,160,True,0.010115317872662552
26,design_000026,42.5,170,True,0.011312048872439867
26,design_000026,45.0,180,True,0.012948093144137373
27,design_000027,0.0,0,True,0.002240435720728082
27,design_000027,2.5,10,True,0.0047450362578418896
27,design_000027,5.0,20,True,0.011846555134774825
27,design_000027,7.5,30,True,0.02821387511550441
27,design_000027,10.0,40,True,0.04952454112086459
27,design_000027,12.5,50,True,0.06078221858380835
27,design_000027,15.0,60,True,0.0681799320644034
27,design_000027,17.5,70,True,0.057216039470839836
27,design_000027,20.0,80,True,0.04051526010968711
27,design_000027,22.5,90,True,0.02919168716380425
27,design_000027,25.0,100,True,0.01937515351713618
27,design_000027,27.5,110,True,0.013529349653463835
27,design_000027,30.0,120,True,0.007585247163029567
27,design_000027,32.5,130,True,0.008833339917290926
27,design_000027,35.0,140,True,0.009141424656558941
27,design_000027,37.5,150,True,0.008189904505147543
27,design_000027,40.0,160,True,0.010043558196343828
27,design_000027,42.5,170,True,0.01053545560722332
27,design_000027,45.0,180,True,0.0111612638566276
28,design_000028,0.0,0,True,0.0017490886634201122
28,design_000028,2.5,10,True,0.04222943805781809
28,design_000028,5.0,20,True,0.013941738780705653
28,design_000028,7.5,30,True,0.009523591306632908
28,design_000028,10.0,40,True,0.019213363916650746
28,design_000028,12.5,50,True,0.0203694855327632
28,design_000028,15.0,60,True,0.02137889794979107
28,design_000028,17.5,70,True,0.017018849492556845
28,design_000028,20.0,80,True,0.011526142899732264
28,design_000028,22.5,90,True,0.008957417019978653
28,design_000028,25.0,100,True,0.004813780591419667
28,design_000028,27.5,110,True,0.002551409913981892
28,design_000028,30.0,120,True,0.0018251062644303602
28,design_000028,32.5,130,True,0.0015465492882354517
28,design_000028,35.0,140,True,0.0028016656966935623
28,design_000028,37.5,150,True,0.003922300851611523
28,design_000028,40.0,160,True,0.004851988699273589
28,design_000028,42.5,170,True,0.005782991642306444
28,design_000028,45.0,180,True,0.007646909435995571
29,design_000029,0.0,0,False,nan
29,design_000029,2.5,10,False,nan
29,design_000029,5.0,20,False,nan
29,design_000029,7.5,30,False,nan
29,design_000029,10.0,40,False,nan
29,design_000029,12.5,50,False,nan
29,design_000029,15.0,60,False,nan
29,design_000029,17.5,70,False,nan
29,design_000029,20.0,80,False,nan
29,design_000029,22.5,90,False,nan
29,design_000029,25.0,100,False,nan
29,design_000029,27.5,110,False,nan
29,design_000029,30.0,120,False,nan
29,design_000029,32.5,130,False,nan
29,design_000029,35.0,140,False,nan
29,design_000029,37.5,150,False,nan
29,design_000029,40.0,160,False,nan
29,design_000029,42.5,170,False,nan
29,design_000029,45.0,180,False,nan
30,design_000030,0.0,0,True,0.0020371385620486654
30,design_000030,2.5,10,True,0.02428052074059782
30,design_000030,5.0,20,True,0.07804956958867401
30,design_000030,7.5,30,True,0.08468624412747239
30,design_000030,10.0,40,True,0.042479676502003225
30,design_000030,12.5,50,True,0.028927678036278312
30,design_000030,15.0,60,True,0.026830077765073776
30,design_000030,17.5,70,True,0.01995802596047801
30,design_000030,20.0,80,True,0.014387347524061216
30,design_000030,22.5,90,True,0.015093046478653921
30,design_000030,25.0,100,True,0.010156571263210862
30,design_000030,27.5,110,True,0.0051507589107612235
30,design_000030,30.0,120,True,0.0024615907721593283
30,design_000030,32.5,130,True,0.002327281724320721
30,design_000030,35.0,140,True,0.004506483297293187
30,design_000030,37.5,150,True,0.0052924335425164745
30,design_000030,40.0,160,True,0.007908235887543056
30,design_000030,42.5,170,True,0.009420318044890907
30,design_000030,45.0,180,True,0.01252957115743867
31,design_000031,0.0,0,False,nan
31,design_000031,2.5,10,False,nan
31,design_000031,5.0,20,False,nan
31,design_000031,7.5,30,False,nan
31,design_000031,10.0,40,False,nan
31,design_000031,12.5,50,False,nan
31,design_000031,15.0,60,False,nan
31,design_000031,17.5,70,False,nan
31,design_000031,20.0,80,False,nan
31,design_000031,22.5,90,False,nan
31,design_000031,25.0,100,False,nan
31,design_000031,27.5,110,False,nan
31,design_000031,30.0,120,False,nan
31,design_000031,32.5,130,False,nan
31,design_000031,35.0,140,False,nan
31,design_000031,37.5,150,False,nan
31,design_000031,40.0,160,False,nan
31,design_000031,42.5,170,False,nan
31,design_000031,45.0,180,False,nan
32,design_000032,0.0,0,True,0.0021465248702161373
32,design_000032,2.5,10,True,0.006071594238906216
32,design_000032,5.0,20,True,0.03389027392766224
32,design_000032,7.5,30,True,0.03143640211889243
32,design_000032,10.0,40,True,0.020088645287282006
32,design_000032,12.5,50,True,0.016534479901599744
32,design_000032,15.0,60,True,0.012221860711054924
32,design_000032,17.5,70,True,0.011237982754832038
32,design_000032,20.0,80,True,0.00557754120184272
32,design_000032,22.5,90,True,0.0039836540058173974
32,design_000032,25.0,100,True,0.0037653739858866967
32,design_000032,27.5,110,True,0.0038621652730580214
32,design_000032,30.0,120,True,0.002321233455076395
32,design_000032,32.5,130,True,0.003879787867004954
32,design_000032,35.0,140,True,0.006161835504029059
32,design_000032,37.5,150,True,0.006813534295896123
32,design_000032,40.0,160,True,0.008743980601682569
32,design_000032,42.5,170,True,0.009834557688055749
32,design_000032,45.0,180,True,0.011901990144022025
33,design_000033,0.0,0,True,0.002018115122163003
33,design_000033,2.5,10,True,0.01028295150044433
33,design_000033,5.0,20,True,0.010918051538121025
33,design_000033,7.5,30,True,0.023015390718768583
33,design_000033,10.0,40,True,0.03954039386689556
33,design_000033,12.5,50,True,0.03421197135560272
33,design_000033,15.0,60,True,0.03535714338611582
33,design_000033,17.5,70,True,0.03298984392947195
33,design_000033,20.0,80,True,0.02757603914688224
33,design_000033,22.5,90,True,0.023795691531650807
33,design_000033,25.0,100,True,0.017286123322939377
33,design_000033,27.5,110,True,0.011663441005195625
33,design_000033,30.0,120,True,0.00490566598354442
33,design_000033,32.5,130,True,0.003154063045075088
33,design_000033,35.0,140,True,0.0038049132741968758
33,design_000033,37.5,150,True,0.0037254840561622956
33,design_000033,40.0,160,True,0.004717197351567507
33,design_000033,42.5,170,True,0.005026192517180133
33,design_000033,45.0,180,True,0.007015977461929402
34,design_000034,0.0,0,True,0.001893699778129879
34,design_000034,2.5,10,True,0.004219125761533764
34,design_000034,5.0,20,True,0.022300653735838595
34,design_000034,7.5,30,True,0.0568680180786232
34,design_000034,10.0,40,True,0.05748659505493023
34,design_000034,12.5,50,True,0.03283863988530792
34,design_000034,15.0,60,True,0.0202633304511057
34,design_000034,17.5,70,True,0.013376996494392088
34,design_000034,20.0,80,True,0.0073604241972395614
34,design_000034,22.5,90,True,0.004173215047662916
34,design_000034,25.0,100,True,0.0034590750062497583
34,design_000034,27.5,110,True,0.0042357934777174314
34,design_000034,30.0,120,True,0.003467927421865978
34,design_000034,32.5,130,True,0.004115166797677285
34,design_000034,35.0,140,True,0.004009575420107898
34,design_000034,37.5,150,True,0.005062329207619954
34,design_000034,40.0,160,True,0.006089687942107579
34,design_000034,42.5,170,True,0.004819277811103421
34,design_000034,45.0,180,True,0.005950266174906892
35,design_000035,0.0,0,True,0.0021545008422663436
35,design_000035,2.5,10,True,0.0036931687651469017
35,design_000035,5.0,20,True,0.03909407894823815
35,design_000035,7.5,30,True,0.06024336245911824
35,design_000035,10.0,40,True,0.022400449699303118
35,design_000035,12.5,50,True,0.019117084680859802
35,design_000035,15.0,60,True,0.02043281605139055
35,design_000035,17.5,70,True,0.01773053228694976
35,design_000035,20.0,80,True,0.013855291989972606
35,design_000035,22.5,90,True,0.014540894034289733
35,design_000035,25.0,100,True,0.01074681860404497
35,design_000035,27.5,110,True,0.005789101033215151
35,design_000035,30.0,120,True,0.0033947248159428975
35,design_000035,32.5,130,True,0.0012454021687100763
35,design_000035,35.0,140,True,0.002279129796286875
35,design_000035,37.5,150,True,0.0035362238264719076
35,design_000035,40.0,160,True,0.007521487213230628
35,design_000035,42.5,170,True,0.007562508174338114
35,design_000035,45.0,180,True,0.010837313900665255
36,design_000036,0.0,0,True,0.0022319855360888067
36,design_000036,2.5,10,True,0.02144150600974953
36,design_000036,5.0,20,True,0.036258301349573877
36,design_000036,7.5,30,True,0.018980207190712556
36,design_000036,10.0,40,True,0.02494824658638832
36,design_000036,12.5,50,True,0.0332196784711595
36,design_000036,15.0,60,True,0.03221996770803277
36,design_000036,17.5,70,True,0.023499956489044346
36,design_000036,20.0,80,True,0.01102842683357951
36,design_000036,22.5,90,True,0.006959193986026969
36,design_000036,25.0,100,True,0.0041038056716494135
36,design_000036,27.5,110,True,0.0035568159807664542
36,design_000036,30.0,120,True,0.0030746903810030036
36,design_000036,32.5,130,True,0.001558144506883684
36,design_000036,35.0,140,True,0.003082095314830307
36,design_000036,37.5,150,True,0.004708872018946304
36,design_000036,40.0,160,True,0.008516925759728556
36,design_000036,42.5,170,True,0.009003956258500716
36,design_000036,45.0,180,True,0.01168333450795844
37,design_000037,0.0,0,True,0.0019737589180265965
37,design_000037,2.5,10,True,0.0033924633060424723
37,design_000037,5.0,20,True,0.014566076184524126
37,design_000037,7.5,30,True,0.024664242298986512
37,design_000037,10.0,40,True,0.028066752853720928
37,design_000037,12.5,50,True,0.025557546016791957
37,design_000037,15.0,60,True,0.026235880188579128
37,design_000037,17.5,70,True,0.0269931345295807
37,design_000037,20.0,80,True,0.029082565431154735
37,design_000037,22.5,90,True,0.030391172057353637
37,design_000037,25.0,100,True,0.02541186458667258
37,design_000037,27.5,110,True,0.017855172490761864
37,design_000037,30.0,120,True,0.008985262164402489
37,design_000037,32.5,130,True,0.00893455443571551
37,design_000037,35.0,140,True,0.01019068361790209
37,design_000037,37.5,150,True,0.00963900167469716
37,design_000037,40.0,160,True,0.009048483726102258
37,design_000037,42.5,170,True,0.009414994385682936
37,design_000037,45.0,180,True,0.01072084337873877
38,design_000038,0.0,0,True,0.002082483144293518
38,design_000038,2.5,10,True,0.004010281798345635
38,design_000038,5.0,20,True,0.0145577426747172
38,design_000038,7.5,30,True,0.014885696574504857
38,design_000038,10.0,40,True,0.020765892822083607
38,design_000038,12.5,50,True,0.028186179374699923
38,design_000038,15.0,60,True,0.027258721126328676
38,design_000038,17.5,70,True,0.015495330892132418
38,design_000038,20.0,80,True,0.008501408579644737
38,design_000038,22.5,90,True,0.007787278055200058
38,design_000038,25.0,100,True,0.005067345472703739
38,design_000038,27.5,110,True,0.005321544677104282
38,design_000038,30.0,120,True,0.003306219305711136
38,design_000038,32.5,130,True,0.0022652295345693733
38,design_000038,35.0,140,True,0.004091453974627875
38,design_000038,37.5,150,True,0.004514983603935093
38,design_000038,40.0,160,True,0.005731124053965724
38,design_000038,42.5,170,True,0.005633628060483018
38,design_000038,45.0,180,True,0.008074861175156805
39,design_000039,0.0,0,True,0.002126724602970512
39,design_000039,2.5,10,True,0.010795717691403877
39,design_000039,5.0,20,True,0.05416483988848282
39,design_000039,7.5,30,True,0.09380918018475921
39,design_000039,10.0,40,True,0.12046355382959252
39,design_000039,12.5,50,True,0.10409066433221538
39,design_000039,15.0,60,True,0.07707656043609092
39,design_000039,17.5,70,True,0.045913221107059206
39,design_000039,20.0,80,True,0.030161660151023548
39,design_000039,22.5,90,True,0.022747640164786836
39,design_000039,25.0,100,True,0.017060372932800577
39,design_000039,27.5,110,True,0.01297333665266422
39,design_000039,30.0,120,True,0.00819770930104561
39,design_000039,32.5,130,True,0.008302961092656904
39,design_000039,35.0,140,True,0.009273044651553056
39,design_000039,37.5,150,True,0.010334881134131942
39,design_000039,40.0,160,True,0.0131230322556224
39,design_000039,42.5,170,True,0.012071924259873657
39,design_000039,45.0,180,True,0.013817716656790132
40,design_000040,0.0,0,True,0.001997516620865602
40,design_000040,2.5,10,True,0.004396118989720132
40,design_000040,5.0,20,True,0.012762661222476162
40,design_000040,7.5,30,True,0.013935363493632492
40,design_000040,10.0,40,True,0.02820724443587934
40,design_000040,12.5,50,True,0.03344220445900756
40,design_000040,15.0,60,True,0.04007641869731129
40,design_000040,17.5,70,True,0.0468664679611969
40,design_000040,20.0,80,True,0.041111837829131165
40,design_000040,22.5,90,True,0.03599100551701705
40,design_000040,25.0,100,True,0.026167704941428872
40,design_000040,27.5,110,True,0.015616284785945947
40,design_000040,30.0,120,True,0.007368735217666775
40,design_000040,32.5,130,True,0.0063903934840654295
40,design_000040,35.0,140,True,0.00827586029208555
40,design_000040,37.5,150,True,0.006021083552394314
40,design_000040,40.0,160,True,0.006312174799730911
40,design_000040,42.5,170,True,0.006693429741586614
40,design_000040,45.0,180,True,0.007815945159131026
41,design_000041,0.0,0,True,0.00214070907259649
41,design_000041,2.5,10,True,0.008418009192280786
41,design_000041,5.0,20,True,0.04134924199028257
41,design_000041,7.5,30,True,0.07831226883450192
41,design_000041,10.0,40,True,0.10581892821159614
41,design_000041,12.5,50,True,0.10655659893182533
41,design_000041,15.0,60,True,0.09732947303731304
41,design_000041,17.5,70,True,0.07123757849422872
41,design_000041,20.0,80,True,0.04593895518277283
41,design_000041,22.5,90,True,0.034984978358847604
41,design_000041,25.0,100,True,0.024173213031382222
41,design_000041,27.5,110,True,0.013803545401036406
41,design_000041,30.0,120,True,0.005187363964792175
41,design_000041,32.5,130,True,0.004499472167963813
41,design_000041,35.0,140,True,0.006042740609897308
41,design_000041,37.5,150,True,0.005990386462790945
41,design_000041,40.0,160,True,0.007707001401012608
41,design_000041,42.5,170,True,0.006971705440981876
41,design_000041,45.0,180,True,0.009199227310986966
42,design_000042,0.0,0,True,0.00224735518413115
42,design_000042,2.5,10,True,0.007987526303104482
42,design_000042,5.0,20,True,0.011975916646900626
42,design_000042,7.5,30,True,0.0235304604864652
42,design_000042,10.0,40,True,0.032409881239611214
42,design_000042,12.5,50,True,0.03717307368266083
42,design_000042,15.0,60,True,0.03297206018727239
42,design_000042,17.5,70,True,0.02343702978397917
42,design_000042,20.0,80,True,0.014634941203615224
42,design_000042,22.5,90,True,0.013561416428463806
42,design_000042,25.0,100,True,0.008882839113039007
42,design_000042,27.5,110,True,0.005521658047112547
42,design_000042,30.0,120,True,0.003375494840626736
42,design_000042,32.5,130,True,0.0019182000431585992
42,design_000042,35.0,140,True,0.0019380804265394895
42,design_000042,37.5,150,True,0.0024464008317261763
42,design_000042,40.0,160,True,0.003901019450989365
42,design_000042,42.5,170,True,0.0036392477854511624
42,design_000042,45.0,180,True,0.005962496415837348
43,design_000043,0.0,0,True,0.0022173015916839983
43,design_000043,2.5,10,True,0.013202238297673714
43,design_000043,5.0,20,True,0.039156240065344225
43,design_000043,7.5,30,True,0.020420914623213198
43,design_000043,10.0,40,True,0.019327778939065607
43,design_000043,12.5,50,True,0.01792960702383882
43,design_000043,15.0,60,True,0.015434789996440792
43,design_000043,17.5,70,True,0.00976684759915932
43,design_000043,20.0,80,True,0.012804776424818719
43,design_000043,22.5,90,True,0.017657677218395017
43,design_000043,25.0,100,True,0.018265998669714265
43,design_000043,27.5,110,True,0.015155544249927712
43,design_000043,30.0,120,True,0.008295111956652813
43,design_000043,32.5,130,True,0.005851838535653782
43,design_000043,35.0,140,True,0.006098141305593944
43,design_000043,37.5,150,True,0.0059441318295123695
43,design_000043,40.0,160,True,0.007061564308942248
43,design_000043,42.5,170,True,0.005645197045645496
43,design_000043,45.0,180,True,0.007270941429353283
44,design_000044,0.0,0,True,0.0020860895038795233
44,design_000044,2.5,10,True,0.007595601163070533
44,design_000044,5.0,20,True,0.056975418375229334
44,design_000044,7.5,30,True,0.1217849522464943
44,design_000044,10.0,40,True,0.15738138658028195
44,design_000044,12.5,50,True,0.1383504864323455
44,design_000044,15.0,60,True,0.10386628818037137
44,design_000044,17.5,70,True,0.07270558406466035
44,design_000044,20.0,80,True,0.04488086819094535
44,design_000044,22.5,90,True,0.026275536100864187
44,design_000044,25.0,100,True,0.016818620943077355
44,design_000044,27.5,110,True,0.010891193521249369
44,design_000044,30.0,120,True,0.007278030626567738
44,design_000044,32.5,130,True,0.008121291969277064
44,design_000044,35.0,140,True,0.010757023210372583
44,design_000044,37.5,150,True,0.012537834907301544
44,design_000044,40.0,160,True,0.0148936010650127
44,design_000044,42.5,170,True,0.011699816235116746
44,design_000044,45.0,180,True,0.014457861704856738
45,design_000045,0.0,0,True,0.002024070955889192
45,design_000045,2.5,10,True,0.0019249786730766243
45,design_000045,5.0,20,True,0.018690702135556417
45,design_000045,7.5,30,True,0.03256804948781297
45,design_000045,10.0,40,True,0.040271886118561494
45,design_000045,12.5,50,True,0.036573378155167965
45,design_000045,15.0,60,True,0.03313244031151964
45,design_000045,17.5,70,True,0.022562282477436642
45,design_000045,20.0,80,True,0.01433172539144591
45,design_000045,22.5,90,True,0.01094588756703779
45,design_000045,25.0,100,True,0.006326099443295485
45,design_000045,27.5,110,True,0.004050977455093204
45,design_000045,30.0,120,True,0.002026147678637424
45,design_000045,32.5,130,True,0.003479210963494025
45,design_000045,35.0,140,True,0.0048154608543361475
45,design_000045,37.5,150,True,0.00491360214942186
45,design_000045,40.0,160,True,0.005836766229629117
45,design_000045,42.5,170,True,0.0067400878840688195
45,design_000045,45.0,180,True,0.009131076875015387
46,design_000046,0.0,0,True,0.0023991635778237335
46,design_000046,2.5,10,True,0.029610649726928916
46,design_000046,5.0,20,True,0.06330593005391412
46,design_000046,7.5,30,True,0.054425121831607484
46,design_000046,10.0,40,True,0.025821353066481416
46,design_000046,12.5,50,True,0.018914991258756404
46,design_000046,15.0,60,True,0.014563848624158247
46,design_000046,17.5,70,True,0.009828161316666022
46,design_000046,20.0,80,True,0.005562290011094698
46,design_000046,22.5,90,True,0.003652796530905209
46,design_000046,25.0,100,True,0.0027883565141222973
46,design_000046,27.5,110,True,0.0046219180571094726
46,design_000046,30.0,120,True,0.004912671868536322
46,design_000046,32.5,130,True,0.0028688660679560985
46,design_000046,35.0,140,True,0.0033358234260352864
46,design_000046,37.5,150,True,0.0046323154274332985
46,design_000046,40.0,160,True,0.008981046644084209
46,design_000046,42.5,170,True,0.009394099065694604
46,design_000046,45.0,180,True,0.010592435829506093
47,design_000047,0.0,0,True,0.0022025038865649557
47,design_000047,2.5,10,True,0.044097419739482786
47,design_000047,5.0,20,True,0.15326987864729516
47,design_000047,7.5,30,True,0.11147404112649531
47,design_000047,10.0,40,True,0.04759944524418473
47,design_000047,12.5,50,True,0.020090953079454164
47,design_000047,15.0,60,True,0.009949212826161246
47,design_000047,17.5,70,True,0.005053632271798824
47,design_000047,20.0,80,True,0.006419133739378363
47,design_000047,22.5,90,True,0.008628652049870771
47,design_000047,25.0,100,True,0.008606921742700346
47,design_000047,27.5,110,True,0.008166090990548346
47,design_000047,30.0,120,True,0.005362926015255796
47,design_000047,32.5,130,True,0.005164154882769449
47,design_000047,35.0,140,True,0.006063187542780611
47,design_000047,37.5,150,True,0.006406217537805689
47,design_000047,40.0,160,True,0.007950351309874497
47,design_000047,42.5,170,True,0.0075087347431988215
47,design_000047,45.0,180,True,0.008640793943432725
48,design_000048,0.0,0,True,0.0020270961607712435
48,design_000048,2.5,10,True,0.010269469638519841
48,design_000048,5.0,20,True,0.026039626363762773
48,design_000048,7.5,30,True,0.05133170023375401
48,design_000048,10.0,40,True,0.08858507399309667
48,design_000048,12.5,50,True,0.1079857410673027
48,design_000048,15.0,60,True,0.11918747858647147
48,design_000048,17.5,70,True,0.10230956002768082
48,design_000048,20.0,80,True,0.07858573559173943
48,design_000048,22.5,90,True,0.05923380134429221
48,design_000048,25.0,100,True,0.038550322094617076
48,design_000048,27.5,110,True,0.026186948375591906
48,design_000048,30.0,120,True,0.01333145917056882
48,design_000048,32.5,130,True,0.01038415923219202
48,design_000048,35.0,140,True,0.011207731321873565
48,design_000048,37.5,150,True,0.009240750299934986
48,design_000048,40.0,160,True,0.010457652365787265
48,design_000048,42.5,170,True,0.011565037074341885
48,design_000048,45.0,180,True,0.012644060698829823
49,design_000049,0.0,0,True,0.002110076072773904
49,design_000049,2.5,10,True,0.004687614099233348
49,design_000049,5.0,20,True,0.0066987473606603684
49,design_000049,7.5,30,True,0.018228290535013437
49,design_000049,10.0,40,True,0.04078250540034381
49,design_000049,12.5,50,True,0.04826533863558945
49,design_000049,15.0,60,True,0.058025066597885006
49,design_000049,17.5,70,True,0.05060813985557658
49,design_000049,20.0,80,True,0.042972137029846466
49,design_000049,22.5,90,True,0.034579146189240795
49,design_000049,25.0,100,True,0.022755926649890474
49,design_000049,27.5,110,True,0.01623929558643302
49,design_000049,30.0,120,True,0.008700368688331704
49,design_000049,32.5,130,True,0.010220269081089021
49,design_000049,35.0,140,True,0.010232288095824155
49,design_000049,37.5,150,True,0.009111994215580555
49,design_000049,40.0,160,True,0.009137498452785588
49,design_000049,42.5,170,True,0.008457578942765135
49,design_000049,45.0,180,True,0.009599623142064811
50,design_000050,0.0,0,False,nan
50,design_000050,2.5,10,False,nan
50,design_000050,5.0,20,False,nan
50,design_000050,7.5,30,False,nan
50,design_000050,10.0,40,False,nan
50,design_000050,12.5,50,False,nan
50,design_000050,15.0,60,False,nan
50,design_000050,17.5,70,False,nan
50,design_000050,20.0,80,False,nan
50,design_000050,22.5,90,False,nan
50,design_000050,25.0,100,False,nan
50,design_000050,27.5,110,False,nan
50,design_000050,30.0,120,False,nan
50,design_000050,32.5,130,False,nan
50,design_000050,35.0,140,False,nan
50,design_000050,37.5,150,False,nan
50,design_000050,40.0,160,False,nan
50,design_000050,42.5,170,False,nan
50,design_000050,45.0,180,False,nan
51,design_000051,0.0,0,True,0.00234330691723514
51,design_000051,2.5,10,True,0.012733216320479464
51,design_000051,5.0,20,True,0.020512431776276527
51,design_000051,7.5,30,True,0.0324070122692456
51,design_000051,10.0,40,True,0.03647918773900123
51,design_000051,12.5,50,True,0.02447158925013335
51,design_000051,15.0,60,True,0.015882699903596663
51,design_000051,17.5,70,True,0.010186617834002605
51,design_000051,20.0,80,True,0.017561062410511852
51,design_000051,22.5,90,True,0.020959109160555045
51,design_000051,25.0,100,True,0.020034103148618244
51,design_000051,27.5,110,True,0.017094411181200746
51,design_000051,30.0,120,True,0.009933783783177294
51,design_000051,32.5,130,True,0.009184703918861326
51,design_000051,35.0,140,True,0.009272680740995208
51,design_000051,37.5,150,True,0.009543018405519611
51,design_000051,40.0,160,True,0.008751279335906428
51,design_000051,42.5,170,True,0.006969511084466782
51,design_000051,45.0,180,True,0.0077836552850971095
52,design_000052,0.0,0,True,0.002219634307099195
52,design_000052,2.5,10,True,0.0034039808545320866
52,design_000052,5.0,20,True,0.037104832513379205
52,design_000052,7.5,30,True,0.08577209793127691
52,design_000052,10.0,40,True,0.09828882643595022
52,design_000052,12.5,50,True,0.06519443239095173
52,design_000052,15.0,60,True,0.04306650315549775
52,design_000052,17.5,70,True,0.020693200159140168
52,design_000052,20.0,80,True,0.012511746346169254
52,design_000052,22.5,90,True,0.009321776716166144
52,design_000052,25.0,100,True,0.006544735143071476
52,design_000052,27.5,110,True,0.004046108709559008
52,design_000052,30.0,120,True,0.0021176288719272065
52,design_000052,32.5,130,True,0.0038300338469870582
52,design_000052,35.0,140,True,0.005961499378580719
52,design_000052,37.5,150,True,0.006626539488878731
52,design_000052,40.0,160,True,0.010289165667604733
52,design_000052,42.5,170,True,0.009638128577294267
52,design_000052,45.0,180,True,0.012297255391847065
53,design_000053,0.0,0,True,0.002104471346884901
53,design_000053,2.5,10,True,0.0023796374759456783
53,design_000053,5.0,20,True,0.022115878396265408
53,design_000053,7.5,30,True,0.05898730292628177
53,design_000053,10.0,40,True,0.04457943567153319
53,design_000053,12.5,50,True,0.01786386552677876
53,design_000053,15.0,60,True,0.01751178210662823
53,design_000053,17.5,70,True,0.015946087693713026
53,design_000053,20.0,80,True,0.013867123728699552
53,design_000053,22.5,90,True,0.01357449364490448
53,design_000053,25.0,100,True,0.009678175533518803
53,design_000053,27.5,110,True,0.006284663862062895
53,design_000053,30.0,120,True,0.004146419480001302
53,design_000053,32.5,130,True,0.0015677505423821719
53,design_000053,35.0,140,True,0.0016442571910915463
53,design_000053,37.5,150,True,0.0022079268944612223
53,design_000053,40.0,160,True,0.005220630588669081
53,design_000053,42.5,170,True,0.006315221777723318
53,design_000053,45.0,180,True,0.009938893683355873
54,design_000054,0.0,0,True,0.0022829769214471347
54,design_000054,2.5,10,True,0.0030396729133374987
54,design_000054,5.0,20,True,0.010002071542799203
54,design_000054,7.5,30,True,0.016858930906277145
54,design_000054,10.0,40,True,0.028409764173604475
54,design_000054,12.5,50,True,0.024610545545163558
54,design_000054,15.0,60,True,0.020068939109223402
54,design_000054,17.5,70,True,0.018049379950935925
54,design_000054,20.0,80,True,0.01627545039174671
54,design_000054,22.5,90,True,0.01941694156945469
54,design_000054,25.0,100,True,0.018648643473589195
54,design_000054,27.5,110,True,0.018400217591322352
54,design_000054,30.0,120,True,0.010299402338159121
54,design_000054,32.5,130,True,0.011260711149415903
54,design_000054,35.0,140,True,0.011859105446596059
54,design_000054,37.5,150,True,0.010682255369482533
54,design_000054,40.0,160,True,0.00981047967344617
54,design_000054,42.5,170,True,0.008018507600631112
54,design_000054,45.0,180,True,0.0082010371500012
55,design_000055,0.0,0,True,0.0023232896565278352
55,design_000055,2.5,10,True,0.009874193489317059
55,design_000055,5.0,20,True,0.004245529107523833
55,design_000055,7.5,30,True,0.013049529220449906
55,design_000055,10.0,40,True,0.017355920712994376
55,design_000055,12.5,50,True,0.019687626955273624
55,design_000055,15.0,60,True,0.023304005886021977
55,design_000055,17.5,70,True,0.012503780749335128
55,design_000055,20.0,80,True,0.007649126120017063
55,design_000055,22.5,90,True,0.008365182284417481
55,design_000055,25.0,100,True,0.007381968591549624
55,design_000055,27.5,110,True,0.005998092324406165
55,design_000055,30.0,120,True,0.004280742612698833
55,design_000055,32.5,130,True,0.0018226959909682918
55,design_000055,35.0,140,True,0.002127901155507278
55,design_000055,37.5,150,True,0.002469986901343037
55,design_000055,40.0,160,True,0.004352611382398294
55,design_000055,42.5,170,True,0.0050541220515429135
55,design_000055,45.0,180,True,0.006014080529735485
56,design_000056,0.0,0,True,0.0023242309142440733
56,design_000056,2.5,10,True,0.0029879467957121472
56,design_000056,5.0,20,True,0.007666123990136797
56,design_000056,7.5,30,True,0.02036618701594508
56,design_000056,10.0,40,True,0.0240900906767587
56,design_000056,12.5,50,True,0.02444587366815423
56,design_000056,15.0,60,True,0.019014521584264532
56,design_000056,17.5,70,True,0.012013049519296526
56,design_000056,20.0,80,True,0.006447968716316155
56,design_000056,22.5,90,True,0.005923004480101995
56,design_000056,25.0,100,True,0.003749758639645266
56,design_000056,27.5,110,True,0.0027466505845582037
56,design_000056,30.0,120,True,0.0022096344045028225
56,design_000056,32.5,130,True,0.0012202084765720155
56,design_000056,35.0,140,True,0.002513631765840933
56,design_000056,37.5,150,True,0.0030769663174234838
56,design_000056,40.0,160,True,0.0047194353806587815
56,design_000056,42.5,170,True,0.005731988015086691
56,design_000056,45.0,180,True,0.0086228285932819
57,design_000057,0.0,0,True,0.0021548999688272216
57,design_000057,2.5,10,True,0.0033293562357007505
57,design_000057,5.0,20,True,0.02320688608900547
57,design_000057,7.5,30,True,0.03893067017631684
57,design_000057,10.0,40,True,0.0346447974391037
57,design_000057,12.5,50,True,0.03568490697325678
57,design_000057,15.0,60,True,0.018335316800447032
57,design_000057,17.5,70,True,0.007698546646909835
57,design_000057,20.0,80,True,0.005409432318362247
57,design_000057,22.5,90,True,0.005319619329934406
57,design_000057,25.0,100,True,0.006357597256319184
57,design_000057,27.5,110,True,0.006652033042233543
57,design_000057,30.0,120,True,0.004375763867143173
57,design_000057,32.5,130,True,0.0036794860430703928
57,design_000057,35.0,140,True,0.0041484951830886825
57,design_000057,37.5,150,True,0.0053632163747771725
57,design_000057,40.0,160,True,0.006409802420834202
57,design_000057,42.5,170,True,0.0050402435300872465
57,design_000057,45.0,180,True,0.005387999800443861
58,design_000058,0.0,0,True,0.0022116663303568375
58,design_000058,2.5,10,True,0.0007703712877716715
58,design_000058,5.0,20,True,0.007972118731457973
58,design_000058,7.5,30,True,0.021677705383866305
58,design_000058,10.0,40,True,0.03127830448370321
58,design_000058,12.5,50,True,0.03658014595757472
58,design_000058,15.0,60,True,0.03040632030583556
58,design_000058,17.5,70,True,0.023491692995671054
58,design_000058,20.0,80,True,0.011084421985378706
58,design_000058,22.5,90,True,0.007914249456745771
58,design_000058,25.0,100,True,0.006311323459281155
58,design_000058,27.5,110,True,0.004323111402164987
58,design_000058,30.0,120,True,0.0028868220533296435
58,design_000058,32.5,130,True,0.0022017226089894445
58,design_000058,35.0,140,True,0.0029591989068516854
58,design_000058,37.5,150,True,0.0034096577735239987
58,design_000058,40.0,160,True,0.004797708285071895
58,design_000058,42.5,170,True,0.005538817718818791
58,design_000058,45.0,180,True,0.0071193600106272716
59,design_000059,0.0,0,True,0.002159349233244698
59,design_000059,2.5,10,True,0.004127745166126269
59,design_000059,5.0,20,True,0.008618665211011543
59,design_000059,7.5,30,True,0.015107491985886843
59,design_000059,10.0,40,True,0.023262095995183217
59,design_000059,12.5,50,True,0.02792658475476412
59,design_000059,15.0,60,True,0.02231309486471739
59,design_000059,17.5,70,True,0.012788564916595845
59,design_000059,20.0,80,True,0.00638431501131293
59,design_000059,22.5,90,True,0.00504692224980678
59,design_000059,25.0,100,True,0.004445253641980733
59,design_000059,27.5,110,True,0.005853046191959414
59,design_000059,30.0,120,True,0.005320296969672492
59,design_000059,32.5,130,True,0.004310591761749489
59,design_000059,35.0,140,True,0.004277602067111947
59,design_000059,37.5,150,True,0.004177146833349892
59,design_000059,40.0,160,True,0.004283007354867679
59,design_000059,42.5,170,True,0.0031920071778937997
59,design_000059,45.0,180,True,0.0037571285216372492
60,design_000060,0.0,0,True,0.0020971963927568765
60,design_000060,2.5,10,True,0.015549620705648316
60,design_000060,5.0,20,True,0.08826513492232285
60,design_000060,7.5,30,True,0.12843280118350495
60,design_000060,10.0,40,True,0.11799476506375013
60,design_000060,12.5,50,True,0.08406952587246937
60,design_000060,15.0,60,True,0.056781811625996575
60,design_000060,17.5,70,True,0.03339086619167719
60,design_000060,20.0,80,True,0.01983504741381631
60,design_000060,22.5,90,True,0.014056244217161852
60,design_000060,25.0,100,True,0.012031241385361085
60,design_000060,27.5,110,True,0.01333221064642495
60,design_000060,30.0,120,True,0.009013250631354879
60,design_000060,32.5,130,True,0.0101247839028517
60,design_000060,35.0,140,True,0.013086499478060386
60,design_000060,37.5,150,True,0.014184066907973547
60,design_000060,40.0,160,True,0.01695461016385369
60,design_000060,42.5,170,True,0.013765573094545843
60,design_000060,45.0,180,True,0.013885942781847755
61,design_000061,0.0,0,True,0.0019538000362300193
61,design_000061,2.5,10,True,0.002678752146876963
61,design_000061,5.0,20,True,0.018933996619074266
61,design_000061,7.5,30,True,0.05711025945967854
61,design_000061,10.0,40,True,0.0910398724745835
61,design_000061,12.5,50,True,0.0931971063355165
61,design_000061,15.0,60,True,0.07665925202235893
61,design_000061,17.5,70,True,0.054489394377506675
61,design_000061,20.0,80,True,0.02556089983631585
61,design_000061,22.5,90,True,0.01380563361425351
61,design_000061,25.0,100,True,0.008804464363862827
61,design_000061,27.5,110,True,0.007590442980491274
61,design_000061,30.0,120,True,0.003737272949142552
61,design_000061,32.5,130,True,0.003978386508413916
61,design_000061,35.0,140,True,0.005433616892261947
61,design_000061,37.5,150,True,0.005584243651007136
61,design_000061,40.0,160,True,0.008411316312545478
61,design_000061,42.5,170,True,0.007744441582516456
61,design_000061,45.0,180,True,0.00884144717551404
62,design_000062,0.0,0,True,0.002189099853267363
62,design_000062,2.5,10,True,0.04738656344735746
62,design_000062,5.0,20,True,0.10528257926617446
62,design_000062,7.5,30,True,0.12666370714205907
62,design_000062,10.0,40,True,0.07487087743306313
62,design_000062,12.5,50,True,0.054479334825369735
62,design_000062,15.0,60,True,0.033905772948554666
62,design_000062,17.5,70,True,0.012664150712162729
62,design_000062,20.0,80,True,0.008136924970701379
62,design_000062,22.5,90,True,0.009084917530000796
62,design_000062,25.0,100,True,0.010761864138341199
62,design_000062,27.5,110,True,0.01187878595267508
62,design_000062,30.0,120,True,0.007509572763761678
62,design_000062,32.5,130,True,0.00988676547078246
62,design_000062,35.0,140,True,0.013081113862611758
62,design_000062,37.5,150,True,0.015335158721342251
62,design_000062,40.0,160,True,0.018285824419822686
62,design_000062,42.5,170,True,0.014543599915730048
62,design_000062,45.0,180,True,0.013154740644000096
63,design_000063,0.0,0,True,0.0022205624415248407
63,design_000063,2.5,10,True,0.0058548381859502875
63,design_000063,5.0,20,True,0.00439681610144798
63,design_000063,7.5,30,True,0.013064637305428521
63,design_000063,10.0,40,True,0.02677219722116401
63,design_000063,12.5,50,True,0.0310401178751193
63,design_000063,15.0,60,True,0.04022979763343064
63,design_000063,17.5,70,True,0.04525918305944926
63,design_000063,20.0,80,True,0.037661818830243665
63,design_000063,22.5,90,True,0.03547806650934307
63,design_000063,25.0,100,True,0.023654947237519895
63,design_000063,27.5,110,True,0.014916867791359544
63,design_000063,30.0,120,True,0.007961084434791339
63,design_000063,32.5,130,True,0.009780485277173925
63,design_000063,35.0,140,True,0.01266788674447766
63,design_000063,37.5,150,True,0.010427849340218245
63,design_000063,40.0,160,True,0.007860125945322531
63,design_000063,42.5,170,True,0.007244701775319455
63,design_000063,45.0,180,True,0.009618921067889677
64,design_000064,0.0,0,True,0.0017655831548099364
64,design_000064,2.5,10,True,0.07048243398115596
64,design_000064,5.0,20,True,0.07205638224171751
64,design_000064,7.5,30,True,0.05970484306718386
64,design_000064,10.0,40,True,0.0543079903004432
64,design_000064,12.5,50,True,0.037141634995584316
64,design_000064,15.0,60,True,0.025005745207351784
64,design_000064,17.5,70,True,0.009954661573852951
64,design_000064,20.0,80,True,0.008803965007368205
64,design_000064,22.5,90,True,0.012064443326795642
64,design_000064,25.0,100,True,0.01202336865984727
64,design_000064,27.5,110,True,0.010999996617150651
64,design_000064,30.0,120,True,0.00705729769585503
64,design_000064,32.5,130,True,0.00715020579723294
64,design_000064,35.0,140,True,0.007363977624278707
64,design_000064,37.5,150,True,0.007689120022640352
64,design_000064,40.0,160,True,0.010338739214944648
64,design_000064,42.5,170,True,0.007592899059273449
64,design_000064,45.0,180,True,0.006723382400287222
65,design_000065,0.0,0,True,0.0022850619450774223
65,design_000065,2.5,10,True,0.004968047845373478
65,design_000065,5.0,20,True,0.027688245912864687
65,design_000065,7.5,30,True,0.02796662374336184
65,design_000065,10.0,40,True,0.007058458732577645
65,design_000065,12.5,50,True,0.016864087007523773
65,design_000065,15.0,60,True,0.01860478603679272
65,design_000065,17.5,70,True,0.016033075131659073
65,design_000065,20.0,80,True,0.016125905021151306
65,design_000065,22.5,90,True,0.017869001198131982
65,design_000065,25.0,100,True,0.013698223233028536
65,design_000065,27.5,110,True,0.008231052526272585
65,design_000065,30.0,120,True,0.0037353545598091827
65,design_000065,32.5,130,True,0.001834992159735817
65,design_000065,35.0,140,True,0.0015317836307818143
65,design_000065,37.5,150,True,0.001901265572989014
65,design_000065,40.0,160,True,0.004430343296548052
65,design_000065,42.5,170,True,0.00469133132670364
65,design_000065,45.0,180,True,0.0059133768525500615
66,design_000066,0.0,0,True,0.002089879840900803
66,design_000066,2.5,10,True,0.026796232738072565
66,design_000066,5.0,20,True,0.0774268675461501
66,design_000066,7.5,30,True,0.07561393797622336
66,design_000066,10.0,40,True,0.04975749708586106
66,design_000066,12.5,50,True,0.0317772562336752
66,design_000066,15.0,60,True,0.023705025584711062
66,design_000066,17.5,70,True,0.014307310904722046
66,design_000066,20.0,80,True,0.008172404991158264
66,design_000066,22.5,90,True,0.004780047136267132
66,design_000066,25.0,100,True,0.0018673003638682408
66,design_000066,27.5,110,True,0.0017436033335192942
66,design_000066,30.0,120,True,0.001965074446636561
66,design_000066,32.5,130,True,0.0019067191436038956
66,design_000066,35.0,140,True,0.0034280908963047734
66,design_000066,37.5,150,True,0.004556726583701053
66,design_000066,40.0,160,True,0.008573149893187434
66,design_000066,42.5,170,True,0.00807441104456759
66,design_000066,45.0,180,True,0.011236136182899075
67,design_000067,0.0,0,True,0.002159057600356863
67,design_000067,2.5,10,True,0.021876960701119143
67,design_000067,5.0,20,True,0.08691284132260266
67,design_000067,7.5,30,True,0.13113574431119923
67,design_000067,10.0,40,True,0.10368995491050871
67,design_000067,12.5,50,True,0.03806168019802984
67,design_000067,15.0,60,True,0.019955482086330315
67,design_000067,17.5,70,True,0.01020160266228349
67,design_000067,20.0,80,True,0.006259437263524951
67,design_000067,22.5,90,True,0.004388077607084756
67,design_000067,25.0,100,True,0.004553412873288179
67,design_000067,27.5,110,True,0.0055170519704322
67,design_000067,30.0,120,True,0.004703637464132021
67,design_000067,32.5,130,True,0.004656450391621785
67,design_000067,35.0,140,True,0.005195997837621886
67,design_000067,37.5,150,True,0.006412402027628326
67,design_000067,40.0,160,True,0.00647524823944248
67,design_000067,42.5,170,True,0.005742231319965208
67,design_000067,45.0,180,True,0.0068359113995070594
68,design_000068,0.0,0,True,0.0022832416229468947
68,design_000068,2.5,10,True,0.014640898099459558
68,design_000068,5.0,20,True,0.055415393752937706
68,design_000068,7.5,30,True,0.06843455038892612
68,design_000068,10.0,40,True,0.0784814142597256
68,design_000068,12.5,50,True,0.06047738275033589
68,design_000068,15.0,60,True,0.04339919333047075
68,design_000068,17.5,70,True,0.025485135584585587
68,design_000068,20.0,80,True,0.015631892236737263
68,design_000068,22.5,90,True,0.011675239726953484
68,design_000068,25.0,100,True,0.008722180327770758
68,design_000068,27.5,110,True,0.007898627935458221
68,design_000068,30.0,120,True,0.00496880416856878
68,design_000068,32.5,130,True,0.00406363897300348
68,design_000068,35.0,140,True,0.004236146353750966
68,design_000068,37.5,150,True,0.004037383361295289
68,design_000068,40.0,160,True,0.006559093111341528
68,design_000068,42.5,170,True,0.005241131621451854
68,design_000068,45.0,180,True,0.0065955445104374545
69,design_000069,0.0,0,True,0.002373811473415742
69,design_000069,2.5,10,True,0.0020834414632383315
69,design_000069,5.0,20,True,0.006074230959109208
69,design_000069,7.5,30,True,0.014950021598479961
69,design_000069,10.0,40,True,0.03078948597362181
69,design_000069,12.5,50,True,0.025019315586526397
69,design_000069,15.0,60,True,0.02269196077410765
69,design_000069,17.5,70,True,0.02221641631508891
69,design_000069,20.0,80,True,0.011515759209031222
69,design_000069,22.5,90,True,0.005884064262206563
69,design_000069,25.0,100,True,0.0034428680563318723
69,design_000069,27.5,110,True,0.004023952441979584
69,design_000069,30.0,120,True,0.0022637723283992273
69,design_000069,32.5,130,True,0.0028237624012648257
69,design_000069,35.0,140,True,0.0052910271765828935
69,design_000069,37.5,150,True,0.005485530637552823
69,design_000069,40.0,160,True,0.005288522521431667
69,design_000069,42.5,170,True,0.004794514536783034
69,design_000069,45.0,180,True,0.006724932033517322
70,design_000070,0.0,0,True,0.0019637791068729165
70,design_000070,2.5,10,True,0.0748394113334776
70,design_000070,5.0,20,True,0.114784775373617
70,design_000070,7.5,30,True,0.11201267098774634
70,design_000070,10.0,40,True,0.06941877141446033
70,design_000070,12.5,50,True,0.05703727236234343
70,design_000070,15.0,60,True,0.03944052468417465
70,design_000070,17.5,70,True,0.019069460055383423
70,design_000070,20.0,80,True,0.0123773836162528
70,design_000070,22.5,90,True,0.013146145433854152
70,design_000070,25.0,100,True,0.014532895348789127
70,design_000070,27.5,110,True,0.01671891573185014
70,design_000070,30.0,120,True,0.011884142385656892
70,design_000070,32.5,130,True,0.01181199136368179
70,design_000070,35.0,140,True,0.01259292987004767
70,design_000070,37.5,150,True,0.013330424468507789
70,design_000070,40.0,160,True,0.013706031962319445
70,design_000070,42.5,170,True,0.010227401568268929
70,design_000070,45.0,180,True,0.009693292712182404
71,design_000071,0.0,0,True,0.002155964653131074
71,design_000071,2.5,10,True,0.0058117467447283905
71,design_000071,5.0,20,True,0.036646126853911117
71,design_000071,7.5,30,True,0.020849610077631107
71,design_000071,10.0,40,True,0.02506313747821567
71,design_000071,12.5,50,True,0.031284838573401655
71,design_000071,15.0,60,True,0.03496370731595262
71,design_000071,17.5,70,True,0.028533657187894967
71,design_000071,20.0,80,True,0.0210065471642754
71,design_000071,22.5,90,True,0.018930095172108446
71,design_000071,25.0,100,True,0.011454028672658639
71,design_000071,27.5,110,True,0.005883076418135351
71,design_000071,30.0,120,True,0.0034752644357338037
71,design_000071,32.5,130,True,0.0015753564040391316
71,design_000071,35.0,140,True,0.002394626490561335
71,design_000071,37.5,150,True,0.003317204830741873
71,design_000071,40.0,160,True,0.006715471411853467
71,design_000071,42.5,170,True,0.0073571197152030865
71,design_000071,45.0,180,True,0.010259796955885525
72,design_000072,0.0,0,True,0.0021870178543497067
72,design_000072,2.5,10,True,0.0016001507974638118
72,design_000072,5.0,20,True,0.008931043988550312
72,design_000072,7.5,30,True,0.03152090192434751
72,design_000072,10.0,40,True,0.05332564678583181
72,design_000072,12.5,50,True,0.052925061865948156
72,design_000072,15.0,60,True,0.029049855509136836
72,design_000072,17.5,70,True,0.015435281073957804
72,design_000072,20.0,80,True,0.00937153262218356
72,design_000072,22.5,90,True,0.009765624239414357
72,design_000072,25.0,100,True,0.009044504862655319
72,design_000072,27.5,110,True,0.00586628833617042
72,design_000072,30.0,120,True,0.0036377745336183534
72,design_000072,32.5,130,True,0.002758811907830966
72,design_000072,35.0,140,True,0.0028906867810101857
72,design_000072,37.5,150,True,0.0036230373995049508
72,design_000072,40.0,160,True,0.005158502188117645
72,design_000072,42.5,170,True,0.004791532268310989
72,design_000072,45.0,180,True,0.007407224811667147
73,design_000073,0.0,0,True,0.0020001207265619323
73,design_000073,2.5,10,True,0.005103695648259479
73,design_000073,5.0,20,True,0.012805509860017376
73,design_000073,7.5,30,True,0.007115998312283076
73,design_000073,10.0,40,True,0.013799613628459583
73,design_000073,12.5,50,True,0.02016669136293736
73,design_000073,15.0,60,True,0.021801787939622515
73,design_000073,17.5,70,True,0.025754329356682412
73,design_000073,20.0,80,True,0.02933905160662465
73,design_000073,22.5,90,True,0.03153041382239201
73,design_000073,25.0,100,True,0.026660268708937646
73,design_000073,27.5,110,True,0.018966633052465855
73,design_000073,30.0,120,True,0.010021089869422385
73,design_000073,32.5,130,True,0.010853025644573432
73,design_000073,35.0,140,True,0.01359197521275136
73,design_000073,37.5,150,True,0.012328922082427545
73,design_000073,40.0,160,True,0.011265691021801368
73,design_000073,42.5,170,True,0.011404688590025027
73,design_000073,45.0,180,True,0.013880312349351987
74,design_000074,0.0,0,True,0.002004175046765581
74,design_000074,2.5,10,True,0.00730939708757774
74,design_000074,5.0,20,True,0.03738603662301784
74,design_000074,7.5,30,True,0.03581192779955402
74,design_000074,10.0,40,True,0.007056400341578324
74,design_000074,12.5,50,True,0.012671891514128415
74,design_000074,15.0,60,True,0.015776608466649446
74,design_000074,17.5,70,True,0.012323749375041704
74,design_000074,20.0,80,True,0.010663965291229316
74,design_000074,22.5,90,True,0.012451073671782532
74,design_000074,25.0,100,True,0.009655519603081938
74,design_000074,27.5,110,True,0.006033744672097786
74,design_000074,30.0,120,True,0.0038491272360435718
74,design_000074,32.5,130,True,0.0015050975624671466
74,design_000074,35.0,140,True,0.0019910748706629053
74,design_000074,37.5,150,True,0.002939784801076588
74,design_000074,40.0,160,True,0.006603424739572678
74,design_000074,42.5,170,True,0.007215182798457903
74,design_000074,45.0,180,True,0.009032415453665996
75,design_000075,0.0,0,True,0.0020460115293387707
75,design_000075,2.5,10,True,0.07859199501991856
75,design_000075,5.0,20,True,0.05468930306267232
75,design_000075,7.5,30,True,0.011774284742634556
75,design_000075,10.0,40,True,0.007327982514657127
75,design_000075,12.5,50,True,0.016202245064957
75,design_000075,15.0,60,True,0.018543245321181276
75,design_000075,17.5,70,True,0.011503728516718204
75,design_000075,20.0,80,True,0.013066900173812093
75,design_000075,22.5,90,True,0.01631533122834
75,design_000075,25.0,100,True,0.013969369670617751
75,design_000075,27.5,110,True,0.007815305148513295
75,design_000075,30.0,120,True,0.0034147831504166425
75,design_000075,32.5,130,True,0.0009999446231206196
75,design_000075,35.0,140,True,0.0018005394145791012
75,design_000075,37.5,150,True,0.003088735099251537
75,design_000075,40.0,160,True,0.005399456415704143
75,design_000075,42.5,170,True,0.006393135809431466
75,design_000075,45.0,180,True,0.0078052954257803705
76,design_000076,0.0,0,True,0.001911683391176019
76,design_000076,2.5,10,True,0.003808058005779369
76,design_000076,5.0,20,True,0.02118093274810498
76,design_000076,7.5,30,True,0.01789171038009342
76,design_000076,10.0,40,True,0.018742158507093522
76,design_000076,12.5,50,True,0.02509081882815823
76,design_000076,15.0,60,True,0.01969180084557269
76,design_000076,17.5,70,True,0.018410466375530107
76,design_000076,20.0,80,True,0.025423044791790403
76,design_000076,22.5,90,True,0.030804698051811664
76,design_000076,25.0,100,True,0.030290144563581017
76,design_000076,27.5,110,True,0.025130796733156338
76,design_000076,30.0,120,True,0.014874705859842609
76,design_000076,32.5,130,True,0.01257849688435746
76,design_000076,35.0,140,True,0.013374626035910078
76,design_000076,37.5,150,True,0.012427251542696112
76,design_000076,40.0,160,True,0.011229891686882557
76,design_000076,42.5,170,True,0.010095803274177513
76,design_000076,45.0,180,True,0.011596469210149504
77,design_000077,0.0,0,True,0.0021196576565626684
77,design_000077,2.5,10,True,0.0027869491400403473
77,design_000077,5.0,20,True,0.027172773584536677
77,design_000077,7.5,30,True,0.0589260903717685
77,design_000077,10.0,40,True,0.05814143254431002
77,design_000077,12.5,50,True,0.03509569079243034
77,design_000077,15.0,60,True,0.01696390426776612
77,design_000077,17.5,70,True,0.008677981019361278
77,design_000077,20.0,80,True,0.002644739822977805
77,design_000077,22.5,90,True,0.0012667115944860704
77,design_000077,25.0,100,True,0.0015460796312324935
77,design_000077,27.5,110,True,0.0022859883746871564
77,design_000077,30.0,120,True,0.001845261666323935
77,design_000077,32.5,130,True,0.0026516631657999587
77,design_000077,35.0,140,True,0.004853518990624089
77,design_000077,37.5,150,True,0.00588607415434769
77,design_000077,40.0,160,True,0.00847946362729348
77,design_000077,42.5,170,True,0.009074760161767694
77,design_000077,45.0,180,True,0.011090383237877314
78,design_000078,0.0,0,True,0.0020842728726892202
78,design_000078,2.5,10,True,0.015669467870131355
78,design_000078,5.0,20,True,0.02556209444335423
78,design_000078,7.5,30,True,0.012650004300367538
78,design_000078,10.0,40,True,0.02713397751903181
78,design_000078,12.5,50,True,0.03829208602155726
78,design_000078,15.0,60,True,0.0326351038799504
78,design_000078,17.5,70,True,0.031039631980289167
78,design_000078,20.0,80,True,0.03511012015696957
78,design_000078,22.5,90,True,0.037773237990036124
78,design_000078,25.0,100,True,0.03005090460334337
78,design_000078,27.5,110,True,0.02026200394651562
78,design_000078,30.0,120,True,0.009331445574181849
78,design_000078,32.5,130,True,0.008551657193447996
78,design_000078,35.0,140,True,0.011936891555761477
78,design_000078,37.5,150,True,0.011335010392006512
78,design_000078,40.0,160,True,0.00931912682211531
78,design_000078,42.5,170,True,0.009731250066743542
78,design_000078,45.0,180,True,0.011266692128903997
79,design_000079,0.0,0,True,0.001905482138075048
79,design_000079,2.5,10,True,0.007267613869243215
79,design_000079,5.0,20,True,0.013217844668446112
79,design_000079,7.5,30,True,0.0245495247394225
79,design_000079,10.0,40,True,0.04360812004494313
79,design_000079,12.5,50,True,0.04758357587460175
79,design_000079,15.0,60,True,0.052546192858494545
79,design_000079,17.5,70,True,0.04943971075277788
79,design_000079,20.0,80,True,0.04260684143109828
79,design_000079,22.5,90,True,0.034161433496942666
79,design_000079,25.0,100,True,0.024628901295995285
79,design_000079,27.5,110,True,0.017523388931236106
79,design_000079,30.0,120,True,0.009510268211391525
79,design_000079,32.5,130,True,0.007864150714736557
79,design_000079,35.0,140,True,0.008411371689704085
79,design_000079,37.5,150,True,0.0088294956879303
79,design_000079,40.0,160,True,0.008876669473568792
79,design_000079,42.5,170,True,0.009551420296212598
79,design_000079,45.0,180,True,0.01124254892995315
80,design_000080,0.0,0,True,0.0020469900075108923
80,design_000080,2.5,10,True,0.024061844347617677
80,design_000080,5.0,20,True,0.04774649967595254
80,design_000080,7.5,30,True,0.009672878420062305
80,design_000080,10.0,40,True,0.018609187312237006
80,design_000080,12.5,50,True,0.03172157543813628
80,design_000080,15.0,60,True,0.037777926387221966
80,design_000080,17.5,70,True,0.027968954219218595
80,design_000080,20.0,80,True,0.01715234029250388
80,design_000080,22.5,90,True,0.01423897799729599
80,design_000080,25.0,100,True,0.00953708704710345
80,design_000080,27.5,110,True,0.005667124435494989
80,design_000080,30.0,120,True,0.003238774878606154
80,design_000080,32.5,130,True,0.0017824401413851993
80,design_000080,35.0,140,True,0.00308892719746459
80,design_000080,37.5,150,True,0.004323538660463489
80,design_000080,40.0,160,True,0.0072755001089633365
80,design_000080,42.5,170,True,0.009578713823380361
80,design_000080,45.0,180,True,0.011380781209472514
81,design_000081,0.0,0,True,0.0020539288572075706
81,design_000081,2.5,10,True,0.012195705754103201
81,design_000081,5.0,20,True,0.0222784608566822
81,design_000081,7.5,30,True,0.026242215288201788
81,design_000081,10.0,40,True,0.035099670066664757
81,design_000081,12.5,50,True,0.03239157683826685
81,design_000081,15.0,60,True,0.021801569208447554
81,design_000081,17.5,70,True,0.011157306948491541
81,design_000081,20.0,80,True,0.01242131680193182
81,design_000081,22.5,90,True,0.017472627293526413
81,design_000081,25.0,100,True,0.019483294125263957
81,design_000081,27.5,110,True,0.019628145333647713
81,design_000081,30.0,120,True,0.011558701098014577
81,design_000081,32.5,130,True,0.010795689615785673
81,design_000081,35.0,140,True,0.012109117698476519
81,design_000081,37.5,150,True,0.010993948178505929
81,design_000081,40.0,160,True,0.009676401954511697
81,design_000081,42.5,170,True,0.007894521145541693
81,design_000081,45.0,180,True,0.008574268934424138
82,design_000082,0.0,0,True,0.0017256300240929682
82,design_000082,2.5,10,True,0.0027760786856220426
82,design_000082,5.0,20,True,0.050919395988933726
82,design_000082,7.5,30,True,0.06028825299678391
82,design_000082,10.0,40,True,0.05121831975135716
82,design_000082,12.5,50,True,0.029227832937615633
82,design_000082,15.0,60,True,0.01754487801107829
82,design_000082,17.5,70,True,0.006622985516611962
82,design_000082,20.0,80,True,0.004645852306474834
82,design_000082,22.5,90,True,0.0035013956181063383
82,design_000082,25.0,100,True,0.0030579077849957584
82,design_000082,27.5,110,True,0.0037926531137862252
82,design_000082,30.0,120,True,0.003034351331405705
82,design_000082,32.5,130,True,0.0033157388932248603
82,design_000082,35.0,140,True,0.003184348757613358
82,design_000082,37.5,150,True,0.004188599367258391
82,design_000082,40.0,160,True,0.007753580095940973
82,design_000082,42.5,170,True,0.006058752442557224
82,design_000082,45.0,180,True,0.006261364510285335
83,design_000083,0.0,0,True,0.0021464780345455525
83,design_000083,2.5,10,True,0.0032538869037058568
83,design_000083,5.0,20,True,0.017861971479516944
83,design_000083,7.5,30,True,0.028881365188799264
83,design_000083,10.0,40,True,0.023615727753520138
83,design_000083,12.5,50,True,0.021747334968175148
83,design_000083,15.0,60,True,0.020224567918771048
83,design_000083,17.5,70,True,0.013943543631964553
83,design_000083,20.0,80,True,0.010625854245313572
83,design_000083,22.5,90,True,0.011665913641429897
83,design_000083,25.0,100,True,0.009537801311811875
83,design_000083,27.5,110,True,0.006681137068373968
83,design_000083,30.0,120,True,0.004207010415153471
83,design_000083,32.5,130,True,0.003240910643777449
83,design_000083,35.0,140,True,0.002639186647936648
83,design_000083,37.5,150,True,0.003346067273261857
83,design_000083,40.0,160,True,0.005442423892960406
83,design_000083,42.5,170,True,0.005692732296270612
83,design_000083,45.0,180,True,0.007888422061784682
84,design_000084,0.0,0,True,0.0018972227685630626
84,design_000084,2.5,10,True,0.004675203162031519
84,design_000084,5.0,20,True,0.0167617608318325
84,design_000084,7.5,30,True,0.04149075971835045
84,design_000084,10.0,40,True,0.05262073513036128
84,design_000084,12.5,50,True,0.034235287554374896
84,design_000084,15.0,60,True,0.02350774510117521
84,design_000084,17.5,70,True,0.015248464843092339
84,design_000084,20.0,80,True,0.007394639852207474
84,design_000084,22.5,90,True,0.0032455064532968497
84,design_000084,25.0,100,True,0.0024028518232411394
84,design_000084,27.5,110,True,0.004336597532809927
84,design_000084,30.0,120,True,0.0031886585396537154
84,design_000084,32.5,130,True,0.003270268997631575
84,design_000084,35.0,140,True,0.0045159132107817305
84,design_000084,37.5,150,True,0.005032620907724088
84,design_000084,40.0,160,True,0.005946187661909855
84,design_000084,42.5,170,True,0.005534594604174618
84,design_000084,45.0,180,True,0.00681294866083498
85,design_000085,0.0,0,True,0.002230990125763512
85,design_000085,2.5,10,True,0.004174470924360879
85,design_000085,5.0,20,True,0.0037293081626150995
85,design_000085,7.5,30,True,0.0050049441001042035
85,design_000085,10.0,40,True,0.011963752979877056
85,design_000085,12.5,50,True,0.02146503938717701
85,design_000085,15.0,60,True,0.02176907227582983
85,design_000085,17.5,70,True,0.016090387353754714
85,design_000085,20.0,80,True,0.010375577794335126
85,design_000085,22.5,90,True,0.008696540835828274
85,design_000085,25.0,100,True,0.004468180573036724
85,design_000085,27.5,110,True,0.002896959969320801
85,design_000085,30.0,120,True,0.0024282565128220445
85,design_000085,32.5,130,True,0.0021096550292355075
85,design_000085,35.0,140,True,0.004312092138384963
85,design_000085,37.5,150,True,0.00475871104805573
85,design_000085,40.0,160,True,0.005130118485589788
85,design_000085,42.5,170,True,0.005601845725169745
85,design_000085,45.0,180,True,0.007303828046821653
86,design_000086,0.0,0,True,0.0021616495898967346
86,design_000086,2.5,10,True,0.0502865978488073
86,design_000086,5.0,20,True,0.034093782368658454
86,design_000086,7.5,30,True,0.030968932640453726
86,design_000086,10.0,40,True,0.028052635585570813
86,design_000086,12.5,50,True,0.02301491700392754
86,design_000086,15.0,60,True,0.01543230351940775
86,design_000086,17.5,70,True,0.01014446438348115
86,design_000086,20.0,80,True,0.0036705948778335004
86,design_000086,22.5,90,True,0.0038332287971233037
86,design_000086,25.0,100,True,0.0035426763677004116
86,design_000086,27.5,110,True,0.0026945307779293083
86,design_000086,30.0,120,True,0.0013593811169292976
86,design_000086,32.5,130,True,0.0011586191077950603
86,design_000086,35.0,140,True,0.0017133224254026395
86,design_000086,37.5,150,True,0.0022307981402841085
86,design_000086,40.0,160,True,0.004087955314129274
86,design_000086,42.5,170,True,0.0031232224799048807
86,design_000086,45.0,180,True,0.00435165929604295
87,design_000087,0.0,0,True,0.001899800755822119
87,design_000087,2.5,10,True,0.0016775672643123117
87,design_000087,5.0,20,True,0.010052391893397725
87,design_000087,7.5,30,True,0.022163460844768123
87,design_000087,10.0,40,True,0.029979298096842414
87,design_000087,12.5,50,True,0.03487942256651985
87,design_000087,15.0,60,True,0.03609375536137589
87,design_000087,17.5,70,True,0.02674470466242095
87,design_000087,20.0,80,True,0.017120659668492032
87,design_000087,22.5,90,True,0.009330790731783981
87,design_000087,25.0,100,True,0.004621837862759505
87,design_000087,27.5,110,True,0.002571854574304587
87,design_000087,30.0,120,True,0.0018434910123090761
87,design_000087,32.5,130,True,0.002459823781441128
87,design_000087,35.0,140,True,0.004308335137475987
87,design_000087,37.5,150,True,0.004660915642444467
87,design_000087,40.0,160,True,0.006130750480029876
87,design_000087,42.5,170,True,0.0061831225538980135
87,design_000087,45.0,180,True,0.007697145383105605
88,design_000088,0.0,0,True,0.0019177502069454414
88,design_000088,2.5,10,True,0.0039144388030805674
88,design_000088,5.0,20,True,0.014387716136926163
88,design_000088,7.5,30,True,0.009624328251528456
88,design_000088,10.0,40,True,0.009093800472058931
88,design_000088,12.5,50,True,0.01667088459960647
88,design_000088,15.0,60,True,0.0205575057605779
88,design_000088,17.5,70,True,0.016879428960982497
88,design_000088,20.0,80,True,0.01311604826095241
88,design_000088,22.5,90,True,0.011492546550907768
88,design_000088,25.0,100,True,0.008827209616201075
88,design_000088,27.5,110,True,0.006322102597140874
88,design_000088,30.0,120,True,0.004492983515280366
88,design_000088,32.5,130,True,0.0030161037337310594
88,design_000088,35.0,140,True,0.002561032245119993
88,design_000088,37.5,150,True,0.0027478662269106143
88,design_000088,40.0,160,True,0.004569446174900082
88,design_000088,42.5,170,True,0.005436664886252525
88,design_000088,45.0,180,True,0.007839680280096174
89,design_000089,0.0,0,True,0.0017882409309398738
89,design_000089,2.5,10,True,0.04125870222567251
89,design_000089,5.0,20,True,0.03538330634270492
89,design_000089,7.5,30,True,0.04898053901374036
89,design_000089,10.0,40,True,0.03485009097505178
89,design_000089,12.5,50,True,0.031929045329182115
89,design_000089,15.0,60,True,0.028622118442381217
89,design_000089,17.5,70,True,0.013766061099803214
89,design_000089,20.0,80,True,0.009424462268139405
89,design_000089,22.5,90,True,0.01332624785061343
89,design_000089,25.0,100,True,0.012293312216768902
89,design_000089,27.5,110,True,0.008558106738500715
89,design_000089,30.0,120,True,0.0037289211493787768
89,design_000089,32.5,130,True,0.0015487544112322994
89,design_000089,35.0,140,True,0.0020329518845477743
89,design_000089,37.5,150,True,0.003154526949208635
89,design_000089,40.0,160,True,0.0064289015720460875
89,design_000089,42.5,170,True,0.006911984626351822
89,design_000089,45.0,180,True,0.008906644940399543
90,design_000090,0.0,0,True,0.002087563364553278
90,design_000090,2.5,10,True,0.003906569418060781
90,design_000090,5.0,20,True,0.00976601598100942
90,design_000090,7.5,30,True,0.030194988989809442
90,design_000090,10.0,40,True,0.0377900447084997
90,design_000090,12.5,50,True,0.03467843200252854
90,design_000090,15.0,60,True,0.030637097967435294
90,design_000090,17.5,70,True,0.019639159159037838
90,design_000090,20.0,80,True,0.012774381861036927
90,design_000090,22.5,90,True,0.011746280175708761
90,design_000090,25.0,100,True,0.008753777956380706
90,design_000090,27.5,110,True,0.00457338514206798
90,design_000090,30.0,120,True,0.0024384371248112433
90,design_000090,32.5,130,True,0.0023984680679776135
90,design_000090,35.0,140,True,0.004679637209920675
90,design_000090,37.5,150,True,0.004561294490701555
90,design_000090,40.0,160,True,0.006233580785738621
90,design_000090,42.5,170,True,0.008316799705805959
90,design_000090,45.0,180,True,0.010598422729507456
91,design_000091,0.0,0,True,0.002125088371089154
91,design_000091,2.5,10,True,0.0026877584473995507
91,design_000091,5.0,20,True,0.014525069154322837
91,design_000091,7.5,30,True,0.04773437663827932
91,design_000091,10.0,40,True,0.07216507523056623
91,design_000091,12.5,50,True,0.07109451277442576
91,design_000091,15.0,60,True,0.05583751484799941
91,design_000091,17.5,70,True,0.03796685621434086
91,design_000091,20.0,80,True,0.021350166576969976
91,design_000091,22.5,90,True,0.017245310240559003
91,design_000091,25.0,100,True,0.01234092767013111
91,design_000091,27.5,110,True,0.007049457037706706
91,design_000091,30.0,120,True,0.002966094572689828
91,design_000091,32.5,130,True,0.004229530346276984
91,design_000091,35.0,140,True,0.006500569615348848
91,design_000091,37.5,150,True,0.006959482315599203
91,design_000091,40.0,160,True,0.008930886984743647
91,design_000091,42.5,170,True,0.009808299117342545
91,design_000091,45.0,180,True,0.012742619223279154
92,design_000092,0.0,0,True,0.0018830636122805374
92,design_000092,2.5,10,True,0.030386688413607987
92,design_000092,5.0,20,True,0.06258486094433052
92,design_000092,7.5,30,True,0.029729885307006182
92,design_000092,10.0,40,True,0.022170580361184536
92,design_000092,12.5,50,True,0.025471378166034918
92,design_000092,15.0,60,True,0.018486714712357053
92,design_000092,17.5,70,True,0.013124348452308535
92,design_000092,20.0,80,True,0.01640859367259566
92,design_000092,22.5,90,True,0.019860872443645428
92,design_000092,25.0,100,True,0.017595322117361794
92,design_000092,27.5,110,True,0.014548253155157693
92,design_000092,30.0,120,True,0.00787985569549654
92,design_000092,32.5,130,True,0.0073909827931161794
92,design_000092,35.0,140,True,0.009660026445285996
92,design_000092,37.5,150,True,0.011479830443046074
92,design_000092,40.0,160,True,0.010069616488209986
92,design_000092,42.5,170,True,0.008165085836816416
92,design_000092,45.0,180,True,0.00964684614588859
93,design_000093,0.0,0,True,0.0018383730370182601
93,design_000093,2.5,10,True,0.06573007722143613
93,design_000093,5.0,20,True,0.017578225592984234
93,design_000093,7.5,30,True,0.008147827299092896
93,design_000093,10.0,40,True,0.01533625997430023
93,design_000093,12.5,50,True,0.02200859488355019
93,design_000093,15.0,60,True,0.0262523118518391
93,design_000093,17.5,70,True,0.02804641791427402
93,design_000093,20.0,80,True,0.032011383036816284
93,design_000093,22.5,90,True,0.037204743535124256
93,design_000093,25.0,100,True,0.03470742000097536
93,design_000093,27.5,110,True,0.026687730064983855
93,design_000093,30.0,120,True,0.015366862617517409
93,design_000093,32.5,130,True,0.013056542305772627
93,design_000093,35.0,140,True,0.013634763860702306
93,design_000093,37.5,150,True,0.012392363183518789
93,design_000093,40.0,160,True,0.011268756486153027
93,design_000093,42.5,170,True,0.009831141402637456
93,design_000093,45.0,180,True,0.011679170158077736
94,design_000094,0.0,0,True,0.002120120954856227
94,design_000094,2.5,10,True,0.0306398838406379
94,design_000094,5.0,20,True,0.09805512234309148
94,design_000094,7.5,30,True,0.09534908232734166
94,design_000094,10.0,40,True,0.09957257053745441
94,design_000094,12.5,50,True,0.07989294834074556
94,design_000094,15.0,60,True,0.05880528266575326
94,design_000094,17.5,70,True,0.04719351205341733
94,design_000094,20.0,80,True,0.039454028691845555
94,design_000094,22.5,90,True,0.03350560898111143
94,design_000094,25.0,100,True,0.026816566331368547
94,design_000094,27.5,110,True,0.018839706934372223
94,design_000094,30.0,120,True,0.009587916779821508
94,design_000094,32.5,130,True,0.011152528228055087
94,design_000094,35.0,140,True,0.012875581874144816
94,design_000094,37.5,150,True,0.010881669661194877
94,design_000094,40.0,160,True,0.010634300327747198
94,design_000094,42.5,170,True,0.0095548766252084
94,design_000094,45.0,180,True,0.012408621697126792
95,design_000095,0.0,0,True,0.0022197241759827936
95,design_000095,2.5,10,True,0.006235045001127369
95,design_000095,5.0,20,True,0.006474950693019804
95,design_000095,7.5,30,True,0.020308229321786924
95,design_000095,10.0,40,True,0.037622533199905744
95,design_000095,12.5,50,True,0.04798604887012463
95,design_000095,15.0,60,True,0.05285008716261813
95,design_000095,17.5,70,True,0.041150394203992316
95,design_000095,20.0,80,True,0.03065352297722318
95,design_000095,22.5,90,True,0.02442463215557687
95,design_000095,25.0,100,True,0.0175152513316053
95,design_000095,27.5,110,True,0.014848345347206342
95,design_000095,30.0,120,True,0.008317024627345964
95,design_000095,32.5,130,True,0.008673243622842407
95,design_000095,35.0,140,True,0.007697067797476073
95,design_000095,37.5,150,True,0.004852630397125826
95,design_000095,40.0,160,True,0.006561274022919849
95,design_000095,42.5,170,True,0.005087409763464383
95,design_000095,45.0,180,True,0.006063602485295021
96,design_000096,0.0,0,False,nan
96,design_000096,2.5,10,False,nan
96,design_000096,5.0,20,False,nan
96,design_000096,7.5,30,False,nan
96,design_000096,10.0,40,False,nan
96,design_000096,12.5,50,False,nan
96,design_000096,15.0,60,False,nan
96,design_000096,17.5,70,False,nan
96,design_000096,20.0,80,False,nan
96,design_000096,22.5,90,False,nan
96,design_000096,25.0,100,False,nan
96,design_000096,27.5,110,False,nan
96,design_000096,30.0,120,False,nan
96,design_000096,32.5,130,False,nan
96,design_000096,35.0,140,False,nan
96,design_000096,37.5,150,False,nan
96,design_000096,40.0,160,False,nan
96,design_000096,42.5,170,False,nan
96,design_000096,45.0,180,False,nan
97,design_000097,0.0,0,True,0.002086292224088767
97,design_000097,2.5,10,True,0.002156199739188084
97,design_000097,5.0,20,True,0.005111075678767434
97,design_000097,7.5,30,True,0.011260677929800404
97,design_000097,10.0,40,True,0.025003635438844114
97,design_000097,12.5,50,True,0.03778281504946619
97,design_000097,15.0,60,True,0.050608468176453286
97,design_000097,17.5,70,True,0.05534302027921076
97,design_000097,20.0,80,True,0.047474765747793926
97,design_000097,22.5,90,True,0.040867039410229025
97,design_000097,25.0,100,True,0.028338002649294397
97,design_000097,27.5,110,True,0.019886307601200803
97,design_000097,30.0,120,True,0.009379914769056044
97,design_000097,32.5,130,True,0.008539760243519432
97,design_000097,35.0,140,True,0.00995812364075279
97,design_000097,37.5,150,True,0.00899768036281339
97,design_000097,40.0,160,True,0.0076942241523146665
97,design_000097,42.5,170,True,0.008771609323743356
97,design_000097,45.0,180,True,0.010425439275523756
98,design_000098,0.0,0,True,0.002053308542308063
98,design_000098,2.5,10,True,0.010944859572195537
98,design_000098,5.0,20,True,0.04193759053264813
98,design_000098,7.5,30,True,0.030682076663377158
98,design_000098,10.0,40,True,0.01961416842704427
98,design_000098,12.5,50,True,0.022108256682366816
98,design_000098,15.0,60,True,0.025451975782512425
98,design_000098,17.5,70,True,0.022679938207964274
98,design_000098,20.0,80,True,0.017726758847934548
98,design_000098,22.5,90,True,0.01689794642070022
98,design_000098,25.0,100,True,0.010672387343719718
98,design_000098,27.5,110,True,0.005979849638708987
98,design_000098,30.0,120,True,0.0035370239210810043
98,design_000098,32.5,130,True,0.00156500977863712
98,design_000098,35.0,140,True,0.001980611854347581
98,design_000098,37.5,150,True,0.0027228144746457234
98,design_000098,40.0,160,True,0.00614736987693223
98,design_000098,42.5,170,True,0.005988798691254285
98,design_000098,45.0,180,True,0.008613161059190643
99,design_000099,0.0,0,True,0.0020089771228668143
99,design_000099,2.5,10,True,0.09613206138123664
99,design_000099,5.0,20,True,0.0061153157233584995
99,design_000099,7.5,30,True,0.006336941297682655
99,design_000099,10.0,40,True,0.009669590915365572
99,design_000099,12.5,50,True,0.019060875173353833
99,design_000099,15.0,60,True,0.025662229871673006
99,design_000099,17.5,70,True,0.02744075894682356
99,design_000099,20.0,80,True,0.02095446330068993
99,design_000099,22.5,90,True,0.019255789469450273
99,design_000099,25.0,100,True,0.011438439928184684
99,design_000099,27.5,110,True,0.005189892526245474
99,design_000099,30.0,120,True,0.002151685747287829
99,design_000099,32.5,130,True,0.002156899247904482
99,design_000099,35.0,140,True,0.0028360147756590413
99,design_000099,37.5,150,True,0.0027696191288735647
99,design_000099,40.0,160,True,0.0032811838498883437
99,design_000099,42.5,170,True,0.0035379474256274717
99,design_000099,45.0,180,True,0.004997817355682346
100,design_000100,0.0,0,True,0.0020296023044355134
100,design_000100,2.5,10,True,0.0024448440921152523
100,design_000100,5.0,20,True,0.016542549551607166
100,design_000100,7.5,30,True,0.043002887575282735
100,design_000100,10.0,40,True,0.06506515634618465
100,design_000100,12.5,50,True,0.061109676267825236
100,design_000100,15.0,60,True,0.050365353110702914
100,design_000100,17.5,70,True,0.033759854999407604
100,design_000100,20.0,80,True,0.028058254444093846
100,design_000100,22.5,90,True,0.027448074920429548
100,design_000100,25.0,100,True,0.023243930969101073
100,design_000100,27.5,110,True,0.017592862568125117
100,design_000100,30.0,120,True,0.010207450061171953
100,design_000100,32.5,130,True,0.010524464704349614
100,design_000100,35.0,140,True,0.011829908771281665
100,design_000100,37.5,150,True,0.010322065740137921
100,design_000100,40.0,160,True,0.012814707466188038
100,design_000100,42.5,170,True,0.012157611424875687
100,design_000100,45.0,180,True,0.012336193923045663
101,design_000101,0.0,0,True,0.0021103411476452423
101,design_000101,2.5,10,True,0.07771898369855088
101,design_000101,5.0,20,True,0.1637179349473882
101,design_000101,7.5,30,True,0.10698503252127578
101,design_000101,10.0,40,True,0.055897011970004386
101,design_000101,12.5,50,True,0.02338609142769288
101,design_000101,15.0,60,True,0.012694636762263433
101,design_000101,17.5,70,True,0.006584152457648181
101,design_000101,20.0,80,True,0.002461327608009291
101,design_000101,22.5,90,True,0.0013257791484546301
101,design_000101,25.0,100,True,0.0015682857144036948
101,design_000101,27.5,110,True,0.003652946529707979
101,design_000101,30.0,120,True,0.003623876410665617
101,design_000101,32.5,130,True,0.003541315252144834
101,design_000101,35.0,140,True,0.005850071494560173
101,design_000101,37.5,150,True,0.00682305023733283
101,design_000101,40.0,160,True,0.009753229293479809
101,design_000101,42.5,170,True,0.009166777667833359
101,design_000101,45.0,180,True,0.011963651756628798
102,design_000102,0.0,0,True,0.0020673773521351422
102,design_000102,2.5,10,True,0.02249913153873243
102,design_000102,5.0,20,True,0.08848240845770519
102,design_000102,7.5,30,True,0.03495527033272015
102,design_000102,10.0,40,True,0.021255570049349463
102,design_000102,12.5,50,True,0.02520520296222546
102,design_000102,15.0,60,True,0.028227270409289185
102,design_000102,17.5,70,True,0.019488100067384266
102,design_000102,20.0,80,True,0.011810561323956519
102,design_000102,22.5,90,True,0.008921636525887967
102,design_000102,25.0,100,True,0.004251653403885978
102,design_000102,27.5,110,True,0.003513652713471052
102,design_000102,30.0,120,True,0.0028607486620702677
102,design_000102,32.5,130,True,0.0013780777265470889
102,design_000102,35.0,140,True,0.002687600522759441
102,design_000102,37.5,150,True,0.0034212986127677616
102,design_000102,40.0,160,True,0.005921084431306475
102,design_000102,42.5,170,True,0.007734004927702075
102,design_000102,45.0,180,True,0.0108364915502778
103,design_000103,0.0,0,True,0.0021318567614380356
103,design_000103,2.5,10,True,0.0028329777291232145
103,design_000103,5.0,20,True,0.01004820585827478
103,design_000103,7.5,30,True,0.02898461386312544
103,design_000103,10.0,40,True,0.054712366136281027
103,design_000103,12.5,50,True,0.0639175489516654
103,design_000103,15.0,60,True,0.05332491747284447
103,design_000103,17.5,70,True,0.026397101567324388
103,design_000103,20.0,80,True,0.01221801140858623
103,design_000103,22.5,90,True,0.006913628919479109
103,design_000103,25.0,100,True,0.003822647761913103
103,design_000103,27.5,110,True,0.0022427300944217834
103,design_000103,30.0,120,True,0.0017510230532135928
103,design_000103,32.5,130,True,0.0008253693081124102
103,design_000103,35.0,140,True,0.001891339761818807
103,design_000103,37.5,150,True,0.0029493923928796805
103,design_000103,40.0,160,True,0.006492738068554597
103,design_000103,42.5,170,True,0.00674978227966856
103,design_000103,45.0,180,True,0.008676950160815744
104,design_000104,0.0,0,True,0.001965820733321744
104,design_000104,2.5,10,True,0.006114271753961746
104,design_000104,5.0,20,True,0.014658301728370926
104,design_000104,7.5,30,True,0.026908768187996958
104,design_000104,10.0,40,True,0.05013594290536595
104,design_000104,12.5,50,True,0.06313958955339699
104,design_000104,15.0,60,True,0.07298415784546947
104,design_000104,17.5,70,True,0.061927354269939866
104,design_000104,20.0,80,True,0.04388823113271332
104,design_000104,22.5,90,True,0.026155345170766186
104,design_000104,25.0,100,True,0.015201061075633033
104,design_000104,27.5,110,True,0.01112231461514589
104,design_000104,30.0,120,True,0.005619162042580758
104,design_000104,32.5,130,True,0.0060936425668425605
104,design_000104,35.0,140,True,0.008113301759858095
104,design_000104,37.5,150,True,0.007253658237674734
104,design_000104,40.0,160,True,0.008288171042192755
104,design_000104,42.5,170,True,0.008526584878039586
104,design_000104,45.0,180,True,0.01061050307948571
105,design_000105,0.0,0,True,0.002150307721321118
105,design_000105,2.5,10,True,0.010796812665471292
105,design_000105,5.0,20,True,0.02460031477935347
105,design_000105,7.5,30,True,0.025585702767053114
105,design_000105,10.0,40,True,0.014628394121974675
105,design_000105,12.5,50,True,0.01172879291433197
105,design_000105,15.0,60,True,0.014424895117381145
105,design_000105,17.5,70,True,0.011003830248872566
105,design_000105,20.0,80,True,0.007131518940106285
105,design_000105,22.5,90,True,0.007428256037709871
105,design_000105,25.0,100,True,0.006274097790691222
105,design_000105,27.5,110,True,0.0054604215486884575
105,design_000105,30.0,120,True,0.004332527445806061
105,design_000105,32.5,130,True,0.001994238843258578
105,design_000105,35.0,140,True,0.002775836678785205
105,design_000105,37.5,150,True,0.0030937010397837357
105,design_000105,40.0,160,True,0.0059710370050691025
105,design_000105,42.5,170,True,0.006023678250867219
105,design_000105,45.0,180,True,0.007833047255705595
106,design_000106,0.0,0,True,0.0022553161719462
106,design_000106,2.5,10,True,0.0025893773289560156
106,design_000106,5.0,20,True,0.009245815772335405
106,design_000106,7.5,30,True,0.03408095226558362
106,design_000106,10.0,40,True,0.053461029778679815
106,design_000106,12.5,50,True,0.05380160257692439
106,design_000106,15.0,60,True,0.03918510988352686
106,design_000106,17.5,70,True,0.02726532777539561
106,design_000106,20.0,80,True,0.016975616744573034
106,design_000106,22.5,90,True,0.009942012742537129
106,design_000106,25.0,100,True,0.004640270568441829
106,design_000106,27.5,110,True,0.003829982277250756
106,design_000106,30.0,120,True,0.0025561768919143066
106,design_000106,32.5,130,True,0.0031417589030902065
106,design_000106,35.0,140,True,0.004415428292789752
106,design_000106,37.5,150,True,0.004784057168817234
106,design_000106,40.0,160,True,0.005433922679836015
106,design_000106,42.5,170,True,0.005665521562744517
106,design_000106,45.0,180,True,0.007071536668822103
107,design_000107,0.0,0,True,0.001998852185895958
107,design_000107,2.5,10,True,0.004229541615229988
107,design_000107,5.0,20,True,0.015426026842820312
107,design_000107,7.5,30,True,0.023452172641990232
107,design_000107,10.0,40,True,0.042776317219304
107,design_000107,12.5,50,True,0.05410998572134196
107,design_000107,15.0,60,True,0.05921420513482728
107,design_000107,17.5,70,True,0.04692015418611126
107,design_000107,20.0,80,True,0.03290247918911383
107,design_000107,22.5,90,True,0.023403843049930866
107,design_000107,25.0,100,True,0.013610899786329086
107,design_000107,27.5,110,True,0.0062146211177937245
107,design_000107,30.0,120,True,0.002097230978013316
107,design_000107,32.5,130,True,0.0028133117897518253
107,design_000107,35.0,140,True,0.005381367384565367
107,design_000107,37.5,150,True,0.005614266537699622
107,design_000107,40.0,160,True,0.005992396822504541
107,design_000107,42.5,170,True,0.0059589023716405155
107,design_000107,45.0,180,True,0.008782602447464673
108,design_000108,0.0,0,True,0.002087773199054302
108,design_000108,2.5,10,True,0.007293621548549591
108,design_000108,5.0,20,True,0.010387144603216294
108,design_000108,7.5,30,True,0.020208190115904627
108,design_000108,10.0,40,True,0.03763306844745544
108,design_000108,12.5,50,True,0.038899156889296446
108,design_000108,15.0,60,True,0.03351335473618869
108,design_000108,17.5,70,True,0.02833358685963579
108,design_000108,20.0,80,True,0.020368668693047536
108,design_000108,22.5,90,True,0.016866320862080626
108,design_000108,25.0,100,True,0.010320897473804175
108,design_000108,27.5,110,True,0.005368553597241574
108,design_000108,30.0,120,True,0.0026536747859118737
108,design_000108,32.5,130,True,0.0033472837578779457
108,design_000108,35.0,140,True,0.006273327093801851
108,design_000108,37.5,150,True,0.006039980151859487
108,design_000108,40.0,160,True,0.005696731843539941
108,design_000108,42.5,170,True,0.0059947482176760224
108,design_000108,45.0,180,True,0.009212201037351927
109,design_000109,0.0,0,True,0.001995116083813382
109,design_000109,2.5,10,True,0.040831226693737406
109,design_000109,5.0,20,True,0.08597564999117353
109,design_000109,7.5,30,True,0.12640067777545283
109,design_000109,10.0,40,True,0.15529703802518582
109,design_000109,12.5,50,True,0.1440445609207389
109,design_000109,15.0,60,True,0.12027251282044116
109,design_000109,17.5,70,True,0.08701651320758433
109,design_000109,20.0,80,True,0.05279530378078644
109,design_000109,22.5,90,True,0.029064694499098
109,design_000109,25.0,100,True,0.016695965617886284
109,design_000109,27.5,110,True,0.012945834946731778
109,design_000109,30.0,120,True,0.007690311369245041
109,design_000109,32.5,130,True,0.00906792579047095
109,design_000109,35.0,140,True,0.012596310292622075
109,design_000109,37.5,150,True,0.013687215442286987
109,design_000109,40.0,160,True,0.015365190454859732
109,design_000109,42.5,170,True,0.014755138988494641
109,design_000109,45.0,180,True,0.01726483819272856
110,design_000110,0.0,0,True,0.0022324506996255497
110,design_000110,2.5,10,True,0.023639697247817677
110,design_000110,5.0,20,True,0.09344616683571538
110,design_000110,7.5,30,True,0.05800718187312127
110,design_000110,10.0,40,True,0.02809732666432917
110,design_000110,12.5,50,True,0.026703168634041763
110,design_000110,15.0,60,True,0.020562333094628172
110,design_000110,17.5,70,True,0.009837180307213748
110,design_000110,20.0,80,True,0.0077262403560577515
110,design_000110,22.5,90,True,0.00957923277026997
110,design_000110,25.0,100,True,0.009395766235852827
110,design_000110,27.5,110,True,0.0083967818649712
110,design_000110,30.0,120,True,0.005086121573130241
110,design_000110,32.5,130,True,0.0036791130431157084
110,design_000110,35.0,140,True,0.003673303655564908
110,design_000110,37.5,150,True,0.004225827213356192
110,design_000110,40.0,160,True,0.0055423547250123585
110,design_000110,42.5,170,True,0.004186123367718576
110,design_000110,45.0,180,True,0.0051446461023155815
111,design_000111,0.0,0,True,0.0022002834268915784
111,design_000111,2.5,10,True,0.0013641213881801495
111,design_000111,5.0,20,True,0.0051498672677529715
111,design_000111,7.5,30,True,0.014807637937907424
111,design_000111,10.0,40,True,0.023901878089481046
111,design_000111,12.5,50,True,0.03153759259411555
111,design_000111,15.0,60,True,0.03643974130494207
111,design_000111,17.5,70,True,0.031790935681747595
111,design_000111,20.0,80,True,0.024112987915220867
111,design_000111,22.5,90,True,0.019182927035294083
111,design_000111,25.0,100,True,0.015367106319474366
111,design_000111,27.5,110,True,0.011077284309554184
111,design_000111,30.0,120,True,0.006915777220320056
111,design_000111,32.5,130,True,0.006547622464605281
111,design_000111,35.0,140,True,0.007154141615665818
111,design_000111,37.5,150,True,0.0073185441785176275
111,design_000111,40.0,160,True,0.008112823579837673
111,design_000111,42.5,170,True,0.008797171849340021
111,design_000111,45.0,180,True,0.010998077769222512
112,design_000112,0.0,0,True,0.002184770433708207
112,design_000112,2.5,10,True,0.0035815891286653523
112,design_000112,5.0,20,True,0.047511360498211516
112,design_000112,7.5,30,True,0.10290923145907169
112,design_000112,10.0,40,True,0.12267147837463327
112,design_000112,12.5,50,True,0.09302324725941072
112,design_000112,15.0,60,True,0.05966550873814096
112,design_000112,17.5,70,True,0.03544264557754408
112,design_000112,20.0,80,True,0.01684094977715384
112,design_000112,22.5,90,True,0.011025360736477042
112,design_000112,25.0,100,True,0.009394600664761044
112,design_000112,27.5,110,True,0.009527430850474722
112,design_000112,30.0,120,True,0.007138219642274916
112,design_000112,32.5,130,True,0.009356794936365927
112,design_000112,35.0,140,True,0.011112044023274523
112,design_000112,37.5,150,True,0.011519875152956622
112,design_000112,40.0,160,True,0.01324345700805081
112,design_000112,42.5,170,True,0.011256252416295551
112,design_000112,45.0,180,True,0.01090616210849709
113,design_000113,0.0,0,True,0.0020966949141124503
113,design_000113,2.5,10,True,0.0033506761479729333
113,design_000113,5.0,20,True,0.020438704089080797
113,design_000113,7.5,30,True,0.03901623380324387
113,design_000113,10.0,40,True,0.025501600465660346
113,design_000113,12.5,50,True,0.024081244145358182
113,design_000113,15.0,60,True,0.020318140767510463
113,design_000113,17.5,70,True,0.007817017580927635
113,design_000113,20.0,80,True,0.006274812827386089
113,design_000113,22.5,90,True,0.008947978094250363
113,design_000113,25.0,100,True,0.008815352887368724
113,design_000113,27.5,110,True,0.007835827426576951
113,design_000113,30.0,120,True,0.005154880370327113
113,design_000113,32.5,130,True,0.0038901963233533027
113,design_000113,35.0,140,True,0.0030147678516120775
113,design_000113,37.5,150,True,0.003620173789058184
113,design_000113,40.0,160,True,0.005683793060567527
113,design_000113,42.5,170,True,0.004606453992933384
113,design_000113,45.0,180,True,0.005068142626709427
114,design_000114,0.0,0,True,0.002069709488478589
114,design_000114,2.5,10,True,0.003609168029677078
114,design_000114,5.0,20,True,0.0033166054408101065
114,design_000114,7.5,30,True,0.012695402033474891
114,design_000114,10.0,40,True,0.02757792591442969
114,design_000114,12.5,50,True,0.024582197245678256
114,design_000114,15.0,60,True,0.02644093667264057
114,design_000114,17.5,70,True,0.02239360421518394
114,design_000114,20.0,80,True,0.021588848877491636
114,design_000114,22.5,90,True,0.02533030219648783
114,design_000114,25.0,100,True,0.022284468752048613
114,design_000114,27.5,110,True,0.01943728886857511
114,design_000114,30.0,120,True,0.011875415122326406
114,design_000114,32.5,130,True,0.01345944941555265
114,design_000114,35.0,140,True,0.014223056055172954
114,design_000114,37.5,150,True,0.011615112928117592
114,design_000114,40.0,160,True,0.012265690037516347
114,design_000114,42.5,170,True,0.010066513951939325
114,design_000114,45.0,180,True,0.009329891454700806
115,design_000115,0.0,0,True,0.002082912726678163
115,design_000115,2.5,10,True,0.04745974764367132
115,design_000115,5.0,20,True,0.09511072157150818
115,design_000115,7.5,30,True,0.01025884505372935
115,design_000115,10.0,40,True,0.01129846242920504
115,design_000115,12.5,50,True,0.014333227980984688
115,design_000115,15.0,60,True,0.018833105376360668
115,design_000115,17.5,70,True,0.020620716786697184
115,design_000115,20.0,80,True,0.01915579197854744
115,design_000115,22.5,90,True,0.019575286569603022
115,design_000115,25.0,100,True,0.013754623780729973
115,design_000115,27.5,110,True,0.007910889567246258
115,design_000115,30.0,120,True,0.003989399569902002
115,design_000115,32.5,130,True,0.004239385983774911
115,design_000115,35.0,140,True,0.005376592619921112
115,design_000115,37.5,150,True,0.00569226557468311
115,design_000115,40.0,160,True,0.0064307485909456796
115,design_000115,42.5,170,True,0.006363926571815049
115,design_000115,45.0,180,True,0.008747692799302022
116,design_000116,0.0,0,True,0.0022466555057311446
116,design_000116,2.5,10,True,0.029349733251445066
116,design_000116,5.0,20,True,0.026663438239906634
116,design_000116,7.5,30,True,0.0084684053658035
116,design_000116,10.0,40,True,0.01346687394583314
116,design_000116,12.5,50,True,0.017575874711589397
116,design_000116,15.0,60,True,0.020283777691246327
116,design_000116,17.5,70,True,0.016896153614086227
116,design_000116,20.0,80,True,0.014968163137053882
116,design_000116,22.5,90,True,0.01719383259945665
116,design_000116,25.0,100,True,0.014257214406939337
116,design_000116,27.5,110,True,0.010192322856457879
116,design_000116,30.0,120,True,0.006037613937118124
116,design_000116,32.5,130,True,0.005629711767556357
116,design_000116,35.0,140,True,0.0054550092874585615
116,design_000116,37.5,150,True,0.005515170848225209
116,design_000116,40.0,160,True,0.008360884866698382
116,design_000116,42.5,170,True,0.00967665148381543
116,design_000116,45.0,180,True,0.010033483548673044
117,design_000117,0.0,0,True,0.002088291948216683
117,design_000117,2.5,10,True,0.0026736969970663615
117,design_000117,5.0,20,True,0.0069375815121495415
117,design_000117,7.5,30,True,0.025087095316204948
117,design_000117,10.0,40,True,0.04916281800776491
117,design_000117,12.5,50,True,0.06260337422623785
117,design_000117,15.0,60,True,0.0731077000175969
117,design_000117,17.5,70,True,0.0665712039823903
117,design_000117,20.0,80,True,0.05559670139590946
117,design_000117,22.5,90,True,0.046343220451563104
117,design_000117,25.0,100,True,0.03432187034946746
117,design_000117,27.5,110,True,0.02714883201220045
117,design_000117,30.0,120,True,0.017408912743831342
117,design_000117,32.5,130,True,0.021578752747791138
117,design_000117,35.0,140,True,0.025120892031461887
117,design_000117,37.5,150,True,0.021977664508387833
117,design_000117,40.0,160,True,0.01960903591059846
117,design_000117,42.5,170,True,0.018389603050589842
117,design_000117,45.0,180,True,0.019081688845249137
118,design_000118,0.0,0,True,0.0021510366390315554
118,design_000118,2.5,10,True,0.005274908534171424
118,design_000118,5.0,20,True,0.024090573212127694
118,design_000118,7.5,30,True,0.059611442718552385
118,design_000118,10.0,40,True,0.08147772071190269
118,design_000118,12.5,50,True,0.08446210000652193
118,design_000118,15.0,60,True,0.08645777287631314
118,design_000118,17.5,70,True,0.07150202833200783
118,design_000118,20.0,80,True,0.05943220525547574
118,design_000118,22.5,90,True,0.044874592758089374
118,design_000118,25.0,100,True,0.03173514450172096
118,design_000118,27.5,110,True,0.02604363393950598
118,design_000118,30.0,120,True,0.015710912507946134
118,design_000118,32.5,130,True,0.016102665020472907
118,design_000118,35.0,140,True,0.016196938385530064
118,design_000118,37.5,150,True,0.014437461237628308
118,design_000118,40.0,160,True,0.013015951462570544
118,design_000118,42.5,170,True,0.010944823337572209
118,design_000118,45.0,180,True,0.011071765138385443
119,design_000119,0.0,0,True,0.0022669015329391863
119,design_000119,2.5,10,True,0.0027704065566633218
119,design_000119,5.0,20,True,0.008737958961989407
119,design_000119,7.5,30,True,0.0367857075376202
119,design_000119,10.0,40,True,0.07019973359301968
119,design_000119,12.5,50,True,0.07254395116043043
119,design_000119,15.0,60,True,0.06294766585472072
119,design_000119,17.5,70,True,0.03612934677303884
119,design_000119,20.0,80,True,0.02019322707578189
119,design_000119,22.5,90,True,0.010556304157795404
119,design_000119,25.0,100,True,0.006435056905648558
119,design_000119,27.5,110,True,0.005622214242202137
119,design_000119,30.0,120,True,0.0038042493725310603
119,design_000119,32.5,130,True,0.005605033075609335
119,design_000119,35.0,140,True,0.00595182896112925
119,design_000119,37.5,150,True,0.00507961518699045
119,design_000119,40.0,160,True,0.00770319489763638
119,design_000119,42.5,170,True,0.006985611338919983
119,design_000119,45.0,180,True,0.008487349009681957
120,design_000120,0.0,0,False,nan
120,design_000120,2.5,10,False,nan
120,design_000120,5.0,20,False,nan
120,design_000120,7.5,30,False,nan
120,design_000120,10.0,40,False,nan
120,design_000120,12.5,50,False,nan
120,design_000120,15.0,60,False,nan
120,design_000120,17.5,70,False,nan
120,design_000120,20.0,80,False,nan
120,design_000120,22.5,90,False,nan
120,design_000120,25.0,100,False,nan
120,design_000120,27.5,110,False,nan
120,design_000120,30.0,120,False,nan
120,design_000120,32.5,130,False,nan
120,design_000120,35.0,140,False,nan
120,design_000120,37.5,150,False,nan
120,design_000120,40.0,160,False,nan
120,design_000120,42.5,170,False,nan
120,design_000120,45.0,180,False,nan
121,design_000121,0.0,0,True,0.002249346911193742
121,design_000121,2.5,10,True,0.016678496016586754
121,design_000121,5.0,20,True,0.007893486938818323
121,design_000121,7.5,30,True,0.011260623228881658
121,design_000121,10.0,40,True,0.012876068080263349
121,design_000121,12.5,50,True,0.01631398305462107
121,design_000121,15.0,60,True,0.013428092909080796
121,design_000121,17.5,70,True,0.010115425436479506
121,design_000121,20.0,80,True,0.006539306459207112
121,design_000121,22.5,90,True,0.006461826830447222
121,design_000121,25.0,100,True,0.004740342732342631
121,design_000121,27.5,110,True,0.0037299375296171557
121,design_000121,30.0,120,True,0.0020789879835380444
121,design_000121,32.5,130,True,0.0025168041396866295
121,design_000121,35.0,140,True,0.004302098164265718
121,design_000121,37.5,150,True,0.004988341842209288
121,design_000121,40.0,160,True,0.00503157855417801
121,design_000121,42.5,170,True,0.006684017906168175
121,design_000121,45.0,180,True,0.008143713233561797
122,design_000122,0.0,0,True,0.0021980244532686173
122,design_000122,2.5,10,True,0.02195941725891748
122,design_000122,5.0,20,True,0.024761789752589324
122,design_000122,7.5,30,True,0.015074416645371652
122,design_000122,10.0,40,True,0.009341848341278625
122,design_000122,12.5,50,True,0.01799092460974154
122,design_000122,15.0,60,True,0.020885311497023832
122,design_000122,17.5,70,True,0.022195348516780365
122,design_000122,20.0,80,True,0.020820772702856805
122,design_000122,22.5,90,True,0.02381864416910595
122,design_000122,25.0,100,True,0.017351482861480364
122,design_000122,27.5,110,True,0.008210063037268067
122,design_000122,30.0,120,True,0.002849889008139323
122,design_000122,32.5,130,True,0.0017094008227248752
122,design_000122,35.0,140,True,0.0013268739261017254
122,design_000122,37.5,150,True,0.0017722081507408523
122,design_000122,40.0,160,True,0.002754077277816199
122,design_000122,42.5,170,True,0.0024225338672282633
122,design_000122,45.0,180,True,0.0038557312725850806
123,design_000123,0.0,0,True,0.0016078658192689647
123,design_000123,2.5,10,True,0.028368362606646335
123,design_000123,5.0,20,True,0.028463779162499377
123,design_000123,7.5,30,True,0.027623727091800016
123,design_000123,10.0,40,True,0.035767427355821224
123,design_000123,12.5,50,True,0.02216288236419038
123,design_000123,15.0,60,True,0.013958891634949847
123,design_000123,17.5,70,True,0.007774150129886507
123,design_000123,20.0,80,True,0.007417530777608634
123,design_000123,22.5,90,True,0.008224935497632677
123,design_000123,25.0,100,True,0.0075142917254291805
123,design_000123,27.5,110,True,0.007956787144741512
123,design_000123,30.0,120,True,0.005517232307057361
123,design_000123,32.5,130,True,0.005548160341076419
123,design_000123,35.0,140,True,0.004732984455204913
123,design_000123,37.5,150,True,0.004788912285482408
123,design_000123,40.0,160,True,0.008363959921731107
123,design_000123,42.5,170,True,0.006605967340364775
123,design_000123,45.0,180,True,0.00626439630282697
124,design_000124,0.0,0,True,0.0013670632237517098
124,design_000124,2.5,10,True,0.03328088324900291
124,design_000124,5.0,20,True,0.16570276361485106
124,design_000124,7.5,30,True,0.2424945970874069
124,design_000124,10.0,40,True,0.20820276094178555
124,design_000124,12.5,50,True,0.11346292979737962
124,design_000124,15.0,60,True,0.06049909979839449
124,design_000124,17.5,70,True,0.03150814403926863
124,design_000124,20.0,80,True,0.017573330712147797
124,design_000124,22.5,90,True,0.010958274599181417
124,design_000124,25.0,100,True,0.008268893015678049
124,design_000124,27.5,110,True,0.009573910198317052
124,design_000124,30.0,120,True,0.007654839307485009
124,design_000124,32.5,130,True,0.009484085934501098
124,design_000124,35.0,140,True,0.011336084197339533
124,design_000124,37.5,150,True,0.013191753142602387
124,design_000124,40.0,160,True,0.015345654348623165
124,design_000124,42.5,170,True,0.014379339388457937
124,design_000124,45.0,180,True,0.01537951114335452
125,design_000125,0.0,0,True,0.0020988733857641344
125,design_000125,2.5,10,True,0.0010191052817086071
125,design_000125,5.0,20,True,0.005317398214164925
125,design_000125,7.5,30,True,0.025581139948326993
125,design_000125,10.0,40,True,0.03291306031775369
125,design_000125,12.5,50,True,0.04138443293360121
125,design_000125,15.0,60,True,0.04335175141600861
125,design_000125,17.5,70,True,0.03856177245733357
125,design_000125,20.0,80,True,0.024793347049302868
125,design_000125,22.5,90,True,0.019186374333751182
125,design_000125,25.0,100,True,0.013092153251294675
125,design_000125,27.5,110,True,0.008177766822102337
125,design_000125,30.0,120,True,0.003708620185098642
125,design_000125,32.5,130,True,0.004564291957979302
125,design_000125,35.0,140,True,0.005783947032181415
125,design_000125,37.5,150,True,0.005751158125321738
125,design_000125,40.0,160,True,0.007465388303493416
125,design_000125,42.5,170,True,0.008168929764646081
125,design_000125,45.0,180,True,0.00994417548559123
126,design_000126,0.0,0,True,0.00214890485783113
126,design_000126,2.5,10,True,0.010971896466575703
126,design_000126,5.0,20,True,0.003743332191047157
126,design_000126,7.5,30,True,0.01787694120508586
126,design_000126,10.0,40,True,0.02356933209096225
126,design_000126,12.5,50,True,0.029218437746580353
126,design_000126,15.0,60,True,0.031151216211191192
126,design_000126,17.5,70,True,0.028643116481620816
126,design_000126,20.0,80,True,0.017669355676645588
126,design_000126,22.5,90,True,0.014293350738468585
126,design_000126,25.0,100,True,0.008473242266191684
126,design_000126,27.5,110,True,0.00409201298378668
126,design_000126,30.0,120,True,0.0022980541038639976
126,design_000126,32.5,130,True,0.001540775985732119
126,design_000126,35.0,140,True,0.0019798305849575383
126,design_000126,37.5,150,True,0.0018282355357371102
126,design_000126,40.0,160,True,0.0025641513221019083
126,design_000126,42.5,170,True,0.0028852640118742744
126,design_000126,45.0,180,True,0.004690683166375756
127,design_000127,0.0,0,True,0.0020690280076265106
127,design_000127,2.5,10,True,0.05802323138574044
127,design_000127,5.0,20,True,0.022317958933704835
127,design_000127,7.5,30,True,0.004779981035090707
127,design_000127,10.0,40,True,0.010845499430404602
127,design_000127,12.5,50,True,0.02245626847760034
127,design_000127,15.0,60,True,0.028971581584431617
127,design_000127,17.5,70,True,0.030407902317238014
127,design_000127,20.0,80,True,0.029304658304005065
127,design_000127,22.5,90,True,0.030620792699432117
127,design_000127,25.0,100,True,0.02327592472156095
127,design_000127,27.5,110,True,0.013608163310102015
127,design_000127,30.0,120,True,0.005548123452696316
127,design_000127,32.5,130,True,0.003745513132866904
127,design_000127,35.0,140,True,0.004556529757755705
127,design_000127,37.5,150,True,0.0048580926356769655
127,design_000127,40.0,160,True,0.0074301226793663175
127,design_000127,42.5,170,True,0.007060779825825009
127,design_000127,45.0,180,True,0.008621033299044473
128,design_000128,0.0,0,True,0.0018096228686710603
128,design_000128,2.5,10,True,0.0017293276380515982
128,design_000128,5.0,20,True,0.01036816385029725
128,design_000128,7.5,30,True,0.04502852910290518
128,design_000128,10.0,40,True,0.058063550642334705
128,design_000128,12.5,50,True,0.04370151446452024
128,design_000128,15.0,60,True,0.03282323573437841
128,design_000128,17.5,70,True,0.023145677112118568
128,design_000128,20.0,80,True,0.01739882542386971
128,design_000128,22.5,90,True,0.013803149297860563
128,design_000128,25.0,100,True,0.010176696853392252
128,design_000128,27.5,110,True,0.008058268485110789
128,design_000128,30.0,120,True,0.005483174258888184
128,design_000128,32.5,130,True,0.00876398111359288
128,design_000128,35.0,140,True,0.00870088095437755
128,design_000128,37.5,150,True,0.00866175067515361
128,design_000128,40.0,160,True,0.009129190999249508
128,design_000128,42.5,170,True,0.00946166413589129
128,design_000128,45.0,180,True,0.01210925363137455
129,design_000129,0.0,0,True,0.002325473675412029
129,design_000129,2.5,10,True,0.003454069620035448
129,design_000129,5.0,20,True,0.02598085042288362
129,design_000129,7.5,30,True,0.05840359362919067
129,design_000129,10.0,40,True,0.07309424998270163
129,design_000129,12.5,50,True,0.05379232582712426
129,design_000129,15.0,60,True,0.038299928609427505
129,design_000129,17.5,70,True,0.01840855762542616
129,design_000129,20.0,80,True,0.006156453657796869
129,design_000129,22.5,90,True,0.005439996595323236
129,design_000129,25.0,100,True,0.005572295438261726
129,design_000129,27.5,110,True,0.006479095450091185
129,design_000129,30.0,120,True,0.0040019683514603156
129,design_000129,32.5,130,True,0.004659723240464753
129,design_000129,35.0,140,True,0.0055436816692680515
129,design_000129,37.5,150,True,0.005977140374929677
129,design_000129,40.0,160,True,0.009373774831531189
129,design_000129,42.5,170,True,0.008029739585407338
129,design_000129,45.0,180,True,0.008672216199726543
130,design_000130,0.0,0,True,0.002197952893573416
130,design_000130,2.5,10,True,0.05160396738965999
130,design_000130,5.0,20,True,0.08000975034772766
130,design_000130,7.5,30,True,0.019313763730364412
130,design_000130,10.0,40,True,0.02727950964731097
130,design_000130,12.5,50,True,0.030131416245969635
130,design_000130,15.0,60,True,0.03532227546100596
130,design_000130,17.5,70,True,0.03597233143017217
130,design_000130,20.0,80,True,0.031426304815476314
130,design_000130,22.5,90,True,0.026947935701518447
130,design_000130,25.0,100,True,0.01898360547387472
130,design_000130,27.5,110,True,0.013728675296981973
130,design_000130,30.0,120,True,0.009010050984908815
130,design_000130,32.5,130,True,0.009328828772502129
130,design_000130,35.0,140,True,0.009094474226573827
130,design_000130,37.5,150,True,0.008964716214596942
130,design_000130,40.0,160,True,0.008409486472517465
130,design_000130,42.5,170,True,0.00830789478777014
130,design_000130,45.0,180,True,0.009289051745714962
131,design_000131,0.0,0,False,nan
131,design_000131,2.5,10,False,nan
131,design_000131,5.0,20,False,nan
131,design_000131,7.5,30,False,nan
131,design_000131,10.0,40,False,nan
131,design_000131,12.5,50,False,nan
131,design_000131,15.0,60,False,nan
131,design_000131,17.5,70,False,nan
131,design_000131,20.0,80,False,nan
131,design_000131,22.5,90,False,nan
131,design_000131,25.0,100,False,nan
131,design_000131,27.5,110,False,nan
131,design_000131,30.0,120,False,nan
131,design_000131,32.5,130,False,nan
131,design_000131,35.0,140,False,nan
131,design_000131,37.5,150,False,nan
131,design_000131,40.0,160,False,nan
131,design_000131,42.5,170,False,nan
131,design_000131,45.0,180,False,nan
132,design_000132,0.0,0,True,0.0022997744541051134
132,design_000132,2.5,10,True,0.004245351561729206
132,design_000132,5.0,20,True,0.012715217600553285
132,design_000132,7.5,30,True,0.017396452385925527
132,design_000132,10.0,40,True,0.022271962708964775
132,design_000132,12.5,50,True,0.021369152714297953
132,design_000132,15.0,60,True,0.016351507422725724
132,design_000132,17.5,70,True,0.007733935133507906
132,design_000132,20.0,80,True,0.007597778705681582
132,design_000132,22.5,90,True,0.011371276078719659
132,design_000132,25.0,100,True,0.012075025706508265
132,design_000132,27.5,110,True,0.013816777166498269
132,design_000132,30.0,120,True,0.00840637106499122
132,design_000132,32.5,130,True,0.007961624483772292
132,design_000132,35.0,140,True,0.009206310064149046
132,design_000132,37.5,150,True,0.00929960781567914
132,design_000132,40.0,160,True,0.008135267276973796
132,design_000132,42.5,170,True,0.007411889671332984
132,design_000132,45.0,180,True,0.007381595832837548
133,design_000133,0.0,0,True,0.0015209739661586749
133,design_000133,2.5,10,True,0.03597626538463887
133,design_000133,5.0,20,True,0.06993653901227839
133,design_000133,7.5,30,True,0.05965702238751912
133,design_000133,10.0,40,True,0.044143010456743126
133,design_000133,12.5,50,True,0.042587545687289036
133,design_000133,15.0,60,True,0.025282767793125188
133,design_000133,17.5,70,True,0.011898521482509559
133,design_000133,20.0,80,True,0.008610551786254587
133,design_000133,22.5,90,True,0.009155619357215719
133,design_000133,25.0,100,True,0.008244815492322585
133,design_000133,27.5,110,True,0.0058330694061377066
133,design_000133,30.0,120,True,0.002473792092691069
133,design_000133,32.5,130,True,0.0038544602015260256
133,design_000133,35.0,140,True,0.005899253594046026
133,design_000133,37.5,150,True,0.006366862353891043
133,design_000133,40.0,160,True,0.006487445314982474
133,design_000133,42.5,170,True,0.00636026045270249
133,design_000133,45.0,180,True,0.008393964377491708
134,design_000134,0.0,0,True,0.00206677402151125
134,design_000134,2.5,10,True,0.007789232663810559
134,design_000134,5.0,20,True,0.006040047525449543
134,design_000134,7.5,30,True,0.016195663315503393
134,design_000134,10.0,40,True,0.029992467068646802
134,design_000134,12.5,50,True,0.03544138891408176
134,design_000134,15.0,60,True,0.03929542761905585
134,design_000134,17.5,70,True,0.0413091850235239
134,design_000134,20.0,80,True,0.04128332916902554
134,design_000134,22.5,90,True,0.03671584268446164
134,design_000134,25.0,100,True,0.028750317123521857
134,design_000134,27.5,110,True,0.022303398223939154
134,design_000134,30.0,120,True,0.01096688894720145
134,design_000134,32.5,130,True,0.013577366395184816
134,design_000134,35.0,140,True,0.01385865732100029
134,design_000134,37.5,150,True,0.012709082987152315
134,design_000134,40.0,160,True,0.010946599243413634
134,design_000134,42.5,170,True,0.01001969262735435
134,design_000134,45.0,180,True,0.012764783160233802
135,design_000135,0.0,0,True,0.0021801466674696793
135,design_000135,2.5,10,True,0.031535591639071464
135,design_000135,5.0,20,True,0.08330848728390752
135,design_000135,7.5,30,True,0.0652673925949977
135,design_000135,10.0,40,True,0.010507479356002738
135,design_000135,12.5,50,True,0.014260052871853439
135,design_000135,15.0,60,True,0.01379377435395837
135,design_000135,17.5,70,True,0.011709948391945123
135,design_000135,20.0,80,True,0.011840874962611228
135,design_000135,22.5,90,True,0.014879405040973816
135,design_000135,25.0,100,True,0.0108471514838463
135,design_000135,27.5,110,True,0.00573581135065411
135,design_000135,30.0,120,True,0.0018834452821421095
135,design_000135,32.5,130,True,0.0020403344397734685
135,design_000135,35.0,140,True,0.003736307687112213
135,design_000135,37.5,150,True,0.005481170037298342
135,design_000135,40.0,160,True,0.010873386250756702
135,design_000135,42.5,170,True,0.011411190990927092
135,design_000135,45.0,180,True,0.012790133320847292
136,design_000136,0.0,0,True,0.0020583964774387904
136,design_000136,2.5,10,True,0.04148646961686642
136,design_000136,5.0,20,True,0.10313887263473004
136,design_000136,7.5,30,True,0.08878534780636668
136,design_000136,10.0,40,True,0.061114921214650446
136,design_000136,12.5,50,True,0.043973618923886335
136,design_000136,15.0,60,True,0.034922479117235714
136,design_000136,17.5,70,True,0.028843617558679008
136,design_000136,20.0,80,True,0.022998836618901723
136,design_000136,22.5,90,True,0.022793351016456735
136,design_000136,25.0,100,True,0.017931368892765465
136,design_000136,27.5,110,True,0.014110410469200023
136,design_000136,30.0,120,True,0.007066054777104085
136,design_000136,32.5,130,True,0.006083809768888993
136,design_000136,35.0,140,True,0.007138306564265029
136,design_000136,37.5,150,True,0.006930194275093638
136,design_000136,40.0,160,True,0.008885475199193346
136,design_000136,42.5,170,True,0.009429329144271635
136,design_000136,45.0,180,True,0.011583110986028584
137,design_000137,0.0,0,True,0.002234011181920217
137,design_000137,2.5,10,True,0.005271438403275801
137,design_000137,5.0,20,True,0.017582156695862317
137,design_000137,7.5,30,True,0.054032787765479054
137,design_000137,10.0,40,True,0.06974064416938658
137,design_000137,12.5,50,True,0.06509355925635929
137,design_000137,15.0,60,True,0.06045869829058102
137,design_000137,17.5,70,True,0.045735484417156844
137,design_000137,20.0,80,True,0.03615598526660563
137,design_000137,22.5,90,True,0.026161758086788375
137,design_000137,25.0,100,True,0.017247646610869975
137,design_000137,27.5,110,True,0.012989653742641024
137,design_000137,30.0,120,True,0.00772188881161638
137,design_000137,32.5,130,True,0.008462295141442637
137,design_000137,35.0,140,True,0.00835496989688786
137,design_000137,37.5,150,True,0.008326334977970005
137,design_000137,40.0,160,True,0.00931195062974468
137,design_000137,42.5,170,True,0.00932052105829529
137,design_000137,45.0,180,True,0.010068513420299133
138,design_000138,0.0,0,True,0.0022541323610515596
138,design_000138,2.5,10,True,0.002644784974378083
138,design_000138,5.0,20,True,0.004852198801634761
138,design_000138,7.5,30,True,0.007948855709502413
138,design_000138,10.0,40,True,0.015244980250940409
138,design_000138,12.5,50,True,0.020072113674918818
138,design_000138,15.0,60,True,0.020623070893797713
138,design_000138,17.5,70,True,0.015927560719663142
138,design_000138,20.0,80,True,0.00929773166462815
138,design_000138,22.5,90,True,0.0077941555967502435
138,design_000138,25.0,100,True,0.004286422488629879
138,design_000138,27.5,110,True,0.002413221752608122
138,design_000138,30.0,120,True,0.0019034969750665752
138,design_000138,32.5,130,True,0.0017391600850724374
138,design_000138,35.0,140,True,0.0022987832262648025
138,design_000138,37.5,150,True,0.003000163703738225
138,design_000138,40.0,160,True,0.003136131928342177
138,design_000138,42.5,170,True,0.004256769611693625
138,design_000138,45.0,180,True,0.006109726355683101
139,design_000139,0.0,0,True,0.0020229088466082916
139,design_000139,2.5,10,True,0.009466980082944672
139,design_000139,5.0,20,True,0.010246161865693031
139,design_000139,7.5,30,True,0.011389547754411498
139,design_000139,10.0,40,True,0.012977652299501093
139,design_000139,12.5,50,True,0.014404216666874244
139,design_000139,15.0,60,True,0.014087612339562645
139,design_000139,17.5,70,True,0.008506925737218448
139,design_000139,20.0,80,True,0.011851915629026922
139,design_000139,22.5,90,True,0.01614317513966875
139,design_000139,25.0,100,True,0.015357634757172028
139,design_000139,27.5,110,True,0.013544524826494129
139,design_000139,30.0,120,True,0.00800620208972746
139,design_000139,32.5,130,True,0.007858991687641084
139,design_000139,35.0,140,True,0.008140727526859357
139,design_000139,37.5,150,True,0.008271170978083487
139,design_000139,40.0,160,True,0.007948825322441521
139,design_000139,42.5,170,True,0.008615028321926774
139,design_000139,45.0,180,True,0.009239891708047258
140,design_000140,0.0,0,True,0.001314787191480993
140,design_000140,2.5,10,True,0.027692893797211425
140,design_000140,5.0,20,True,0.1482742315985584
140,design_000140,7.5,30,True,0.21950710096638604
140,design_000140,10.0,40,True,0.17107152399664977
140,design_000140,12.5,50,True,0.09346146935091193
140,design_000140,15.0,60,True,0.05946347104685019
140,design_000140,17.5,70,True,0.029713932199041462
140,design_000140,20.0,80,True,0.01669279337883546
140,design_000140,22.5,90,True,0.012193977904801192
140,design_000140,25.0,100,True,0.010040300232686119
140,design_000140,27.5,110,True,0.010295538748068739
140,design_000140,30.0,120,True,0.006965680475908254
140,design_000140,32.5,130,True,0.008098532178686463
140,design_000140,35.0,140,True,0.009878926346555168
140,design_000140,37.5,150,True,0.011802324011050112
140,design_000140,40.0,160,True,0.013481213065094928
140,design_000140,42.5,170,True,0.013231942695858681
140,design_000140,45.0,180,True,0.014882240355035768
141,design_000141,0.0,0,True,0.0020923077886429754
141,design_000141,2.5,10,True,0.02797003371186403
141,design_000141,5.0,20,True,0.04785976701161383
141,design_000141,7.5,30,True,0.054350017691573535
141,design_000141,10.0,40,True,0.05915676418952785
141,design_000141,12.5,50,True,0.05937777100078702
141,design_000141,15.0,60,True,0.05777756417499102
141,design_000141,17.5,70,True,0.0429725969536722
141,design_000141,20.0,80,True,0.028657256129530184
141,design_000141,22.5,90,True,0.023630946162305405
141,design_000141,25.0,100,True,0.01394026522728464
141,design_000141,27.5,110,True,0.006709284485276806
141,design_000141,30.0,120,True,0.0028008228497906247
141,design_000141,32.5,130,True,0.0010166566278903201
141,design_000141,35.0,140,True,0.0019648665107169557
141,design_000141,37.5,150,True,0.0037675042767299485
141,design_000141,40.0,160,True,0.00780627302586532
141,design_000141,42.5,170,True,0.008303264788680292
141,design_000141,45.0,180,True,0.01163644473529514
142,design_000142,0.0,0,True,0.0021287598518633212
142,design_000142,2.5,10,True,0.04380183883831612
142,design_000142,5.0,20,True,0.1596813899059658
142,design_000142,7.5,30,True,0.11731595329081282
142,design_000142,10.0,40,True,0.029456551207530136
142,design_000142,12.5,50,True,0.01499976640665057
142,design_000142,15.0,60,True,0.011561311291822168
142,design_000142,17.5,70,True,0.007331376919478122
142,design_000142,20.0,80,True,0.0061423829202283
142,design_000142,22.5,90,True,0.008937128018145373
142,design_000142,25.0,100,True,0.008002785243047268
142,design_000142,27.5,110,True,0.006639404118252127
142,design_000142,30.0,120,True,0.004334917175113034
142,design_000142,32.5,130,True,0.006286628216616084
142,design_000142,35.0,140,True,0.007605941362710506
142,design_000142,37.5,150,True,0.009155660183634371
142,design_000142,40.0,160,True,0.010005739531230969
142,design_000142,42.5,170,True,0.009299195885827723
142,design_000142,45.0,180,True,0.010565499853622375
143,design_000143,0.0,0,True,0.0020264474225718276
143,design_000143,2.5,10,True,0.017121222500268495
143,design_000143,5.0,20,True,0.025215136978243423
143,design_000143,7.5,30,True,0.013166003671091567
143,design_000143,10.0,40,True,0.018170119102312945
143,design_000143,12.5,50,True,0.017280399260910607
143,design_000143,15.0,60,True,0.017207148972405002
143,design_000143,17.5,70,True,0.01379581964906812
143,design_000143,20.0,80,True,0.009399659524750865
143,design_000143,22.5,90,True,0.006653186029064211
143,design_000143,25.0,100,True,0.004115474345776596
143,design_000143,27.5,110,True,0.0038655441915687646
143,design_000143,30.0,120,True,0.002726345564281328
143,design_000143,32.5,130,True,0.0028449883092118485
143,design_000143,35.0,140,True,0.004234588627924594
143,design_000143,37.5,150,True,0.004998445607974674
143,design_000143,40.0,160,True,0.004902775641881863
143,design_000143,42.5,170,True,0.00608119621705793
143,design_000143,45.0,180,True,0.007905528938619379
144,design_000144,0.0,0,True,0.0020419495701264724
144,design_000144,2.5,10,True,0.004973229185368328
144,design_000144,5.0,20,True,0.011130061355729162
144,design_000144,7.5,30,True,0.0228526638595749
144,design_000144,10.0,40,True,0.044603665215386466
144,design_000144,12.5,50,True,0.05556154311696654
144,design_000144,15.0,60,True,0.06218125360366494
144,design_000144,17.5,70,True,0.05051214043859413
144,design_000144,20.0,80,True,0.03496678285523766
144,design_000144,22.5,90,True,0.027229944249038393
144,design_000144,25.0,100,True,0.01893849346835436
144,design_000144,27.5,110,True,0.013129498259508262
144,design_000144,30.0,120,True,0.007730705827004915
144,design_000144,32.5,130,True,0.008550150975371502
144,design_000144,35.0,140,True,0.011699406374840335
144,design_000144,37.5,150,True,0.009607324221091042
144,design_000144,40.0,160,True,0.010071768415186153
144,design_000144,42.5,170,True,0.01344774478098853
144,design_000144,45.0,180,True,0.014966433744025915
145,design_000145,0.0,0,True,0.002163154822875048
145,design_000145,2.5,10,True,0.04620197386956345
145,design_000145,5.0,20,True,0.0554680706599869
145,design_000145,7.5,30,True,0.01895156837230337
145,design_000145,10.0,40,True,0.029568842445227925
145,design_000145,12.5,50,True,0.04309146515928242
145,design_000145,15.0,60,True,0.04609824526924764
145,design_000145,17.5,70,True,0.03402920251771363
145,design_000145,20.0,80,True,0.020068458236251186
145,design_000145,22.5,90,True,0.0162540115193373
145,design_000145,25.0,100,True,0.008796138181724065
145,design_000145,27.5,110,True,0.004767329097926933
145,design_000145,30.0,120,True,0.0019424155496811659
145,design_000145,32.5,130,True,0.0017856336645018741
145,design_000145,35.0,140,True,0.0029432999952261553
145,design_000145,37.5,150,True,0.003913949739589432
145,design_000145,40.0,160,True,0.0063699350090051605
145,design_000145,42.5,170,True,0.0069925617183023755
145,design_000145,45.0,180,True,0.010331854337160343
146,design_000146,0.0,0,True,0.002049403749075153
146,design_000146,2.5,10,True,0.0030768491471973424
146,design_000146,5.0,20,True,0.03698326746540681
146,design_000146,7.5,30,True,0.07153138968304552
146,design_000146,10.0,40,True,0.0745498274310144
146,design_000146,12.5,50,True,0.06142229918009655
146,design_000146,15.0,60,True,0.04956253394970418
146,design_000146,17.5,70,True,0.0381069637486747
146,design_000146,20.0,80,True,0.025246436418940504
146,design_000146,22.5,90,True,0.020019110408789217
146,design_000146,25.0,100,True,0.01355709834365512
146,design_000146,27.5,110,True,0.009595370474734941
146,design_000146,30.0,120,True,0.003942632243539964
146,design_000146,32.5,130,True,0.0037752013726234323
146,design_000146,35.0,140,True,0.005446328725480119
146,design_000146,37.5,150,True,0.004620030453548804
146,design_000146,40.0,160,True,0.006670151199147279
146,design_000146,42.5,170,True,0.006595614745625416
146,design_000146,45.0,180,True,0.0083172706905674
147,design_000147,0.0,0,True,0.0022925127169487313
147,design_000147,2.5,10,True,0.08568398520232501
147,design_000147,5.0,20,True,0.09072835446806683
147,design_000147,7.5,30,True,0.057293086132391265
147,design_000147,10.0,40,True,0.039523681627070734
147,design_000147,12.5,50,True,0.029076090282507305
147,design_000147,15.0,60,True,0.02334064116716048
147,design_000147,17.5,70,True,0.014789679266790375
147,design_000147,20.0,80,True,0.00905083118514629
147,design_000147,22.5,90,True,0.006462423067574176
147,design_000147,25.0,100,True,0.003921214270293761
147,design_000147,27.5,110,True,0.004293248884489405
147,design_000147,30.0,120,True,0.003444501612952736
147,design_000147,32.5,130,True,0.003433345407929043
147,design_000147,35.0,140,True,0.004290183023769058
147,design_000147,37.5,150,True,0.004884931875092306
147,design_000147,40.0,160,True,0.006729950858336688
147,design_000147,42.5,170,True,0.005834214155551931
147,design_000147,45.0,180,True,0.008350979973479541
148,design_000148,0.0,0,True,0.00215039232110477
148,design_000148,2.5,10,True,0.020962256934298817
148,design_000148,5.0,20,True,0.031520591085672275
148,design_000148,7.5,30,True,0.04418469029699538
148,design_000148,10.0,40,True,0.04707201003064865
148,design_000148,12.5,50,True,0.05413821541425866
148,design_000148,15.0,60,True,0.054912080853449084
148,design_000148,17.5,70,True,0.04499814032825148
148,design_000148,20.0,80,True,0.02982309505466419
148,design_000148,22.5,90,True,0.024978709785981313
148,design_000148,25.0,100,True,0.015426384711938631
148,design_000148,27.5,110,True,0.007579200048581921
148,design_000148,30.0,120,True,0.003689392536376254
148,design_000148,32.5,130,True,0.002676055684288979
148,design_000148,35.0,140,True,0.002863907638974598
148,design_000148,37.5,150,True,0.004107346153122837
148,design_000148,40.0,160,True,0.006159848230278088
148,design_000148,42.5,170,True,0.0057669860778664485
148,design_000148,45.0,180,True,0.00880906608844606
149,design_000149,0.0,0,False,nan
149,design_000149,2.5,10,False,nan
149,design_000149,5.0,20,False,nan
149,design_000149,7.5,30,False,nan
149,design_000149,10.0,40,False,nan
149,design_000149,12.5,50,False,nan
149,design_000149,15.0,60,False,nan
149,design_000149,17.5,70,False,nan
149,design_000149,20.0,80,False,nan
149,design_000149,22.5,90,False,nan
149,design_000149,25.0,100,False,nan
149,design_000149,27.5,110,False,nan
149,design_000149,30.0,120,False,nan
149,design_000149,32.5,130,False,nan
149,design_000149,35.0,140,False,nan
149,design_000149,37.5,150,False,nan
149,design_000149,40.0,160,False,nan
149,design_000149,42.5,170,False,nan
149,design_000149,45.0,180,False,nan
150,design_000150,0.0,0,True,0.0021731114688584843
150,design_000150,2.5,10,True,0.006319137536257421
150,design_000150,5.0,20,True,0.006746235033890605
150,design_000150,7.5,30,True,0.024463583217938994
150,design_000150,10.0,40,True,0.01866454906593963
150,design_000150,12.5,50,True,0.01195767264703782
150,design_000150,15.0,60,True,0.008058032737928732
150,design_000150,17.5,70,True,0.004214954210337488
150,design_000150,20.0,80,True,0.002331409175109233
150,design_000150,22.5,90,True,0.00197581208486103
150,design_000150,25.0,100,True,0.002228285312185623
150,design_000150,27.5,110,True,0.0031785466477190455
150,design_000150,30.0,120,True,0.002144598039034728
150,design_000150,32.5,130,True,0.00291537401512287
150,design_000150,35.0,140,True,0.0044012755980258516
150,design_000150,37.5,150,True,0.0048338122738018135
150,design_000150,40.0,160,True,0.00543046533662234
150,design_000150,42.5,170,True,0.0058733560133705665
150,design_000150,45.0,180,True,0.0070922815703314684
151,design_000151,0.0,0,True,0.0020614773686667177
151,design_000151,2.5,10,True,0.059292735388984844
151,design_000151,5.0,20,True,0.01816947962405711
151,design_000151,7.5,30,True,0.030017708137445715
151,design_000151,10.0,40,True,0.03399773716139805
151,design_000151,12.5,50,True,0.03426884897056889
151,design_000151,15.0,60,True,0.02787634404735661
151,design_000151,17.5,70,True,0.01716153345167433
151,design_000151,20.0,80,True,0.020188598843104262
151,design_000151,22.5,90,True,0.024757956606619884
151,design_000151,25.0,100,True,0.024226066839303444
151,design_000151,27.5,110,True,0.020079176968447396
151,design_000151,30.0,120,True,0.012174527160166012
151,design_000151,32.5,130,True,0.00980742967476664
151,design_000151,35.0,140,True,0.01023058686886084
151,design_000151,37.5,150,True,0.010381859010105
151,design_000151,40.0,160,True,0.009902842494295296
151,design_000151,42.5,170,True,0.009617485388242685
151,design_000151,45.0,180,True,0.010328248831454993
152,design_000152,0.0,0,True,0.001992627835477813
152,design_000152,2.5,10,True,0.0037490931508906726
152,design_000152,5.0,20,True,0.019014024726611498
152,design_000152,7.5,30,True,0.03299173704399566
152,design_000152,10.0,40,True,0.045956365050796213
152,design_000152,12.5,50,True,0.04464354299027136
152,design_000152,15.0,60,True,0.040436693831972216
152,design_000152,17.5,70,True,0.027811023583718612
152,design_000152,20.0,80,True,0.021338659569706833
152,design_000152,22.5,90,True,0.018490487958736587
152,design_000152,25.0,100,True,0.014167545660304261
152,design_000152,27.5,110,True,0.009766686731623168
152,design_000152,30.0,120,True,0.0063625740036958
152,design_000152,32.5,130,True,0.00669543421734508
152,design_000152,35.0,140,True,0.005579651607654304
152,design_000152,37.5,150,True,0.006797747351666978
152,design_000152,40.0,160,True,0.008658934882177196
152,design_000152,42.5,170,True,0.008331358256043407
152,design_000152,45.0,180,True,0.010316061811997183
153,design_000153,0.0,0,False,nan
153,design_000153,2.5,10,False,nan
153,design_000153,5.0,20,False,nan
153,design_000153,7.5,30,False,nan
153,design_000153,10.0,40,False,nan
153,design_000153,12.5,50,False,nan
153,design_000153,15.0,60,False,nan
153,design_000153,17.5,70,False,nan
153,design_000153,20.0,80,False,nan
153,design_000153,22.5,90,False,nan
153,design_000153,25.0,100,False,nan
153,design_000153,27.5,110,False,nan
153,design_000153,30.0,120,False,nan
153,design_000153,32.5,130,False,nan
153,design_000153,35.0,140,False,nan
153,design_000153,37.5,150,False,nan
153,design_000153,40.0,160,False,nan
153,design_000153,42.5,170,False,nan
153,design_000153,45.0,180,False,nan
154,design_000154,0.0,0,True,0.0020995758231651144
154,design_000154,2.5,10,True,0.005329991525450207
154,design_000154,5.0,20,True,0.007618928425445442
154,design_000154,7.5,30,True,0.017063569631517846
154,design_000154,10.0,40,True,0.03546112872770243
154,design_000154,12.5,50,True,0.03973490529718946
154,design_000154,15.0,60,True,0.03746608441017628
154,design_000154,17.5,70,True,0.02292868104146087
154,design_000154,20.0,80,True,0.015303848693937992
154,design_000154,22.5,90,True,0.013035597782952203
154,design_000154,25.0,100,True,0.011156407129987184
154,design_000154,27.5,110,True,0.008405673867668948
154,design_000154,30.0,120,True,0.005820917494993522
154,design_000154,32.5,130,True,0.0047412511103376714
154,design_000154,35.0,140,True,0.005163200668398594
154,design_000154,37.5,150,True,0.005875596549791599
154,design_000154,40.0,160,True,0.00786688893924147
154,design_000154,42.5,170,True,0.007914761424731657
154,design_000154,45.0,180,True,0.010163446781878333
155,design_000155,0.0,0,True,0.0022603634287090522
155,design_000155,2.5,10,True,0.01071903392503434
155,design_000155,5.0,20,True,0.006856238896931389
155,design_000155,7.5,30,True,0.03299974598226737
155,design_000155,10.0,40,True,0.05007152433186965
155,design_000155,12.5,50,True,0.0384396088469343
155,design_000155,15.0,60,True,0.02803564827423349
155,design_000155,17.5,70,True,0.01864518611368706
155,design_000155,20.0,80,True,0.024046202631208363
155,design_000155,22.5,90,True,0.02493580980887051
155,design_000155,25.0,100,True,0.022173726150032297
155,design_000155,27.5,110,True,0.01962429898117495
155,design_000155,30.0,120,True,0.012309330194425296
155,design_000155,32.5,130,True,0.011133164970541747
155,design_000155,35.0,140,True,0.01072909411607913
155,design_000155,37.5,150,True,0.011509711733288318
155,design_000155,40.0,160,True,0.009302896525899162
155,design_000155,42.5,170,True,0.007988611711832096
155,design_000155,45.0,180,True,0.007866323415727322
156,design_000156,0.0,0,True,0.0020022146020827235
156,design_000156,2.5,10,True,0.01671883551172327
156,design_000156,5.0,20,True,0.018899856466923402
156,design_000156,7.5,30,True,0.055593074836247876
156,design_000156,10.0,40,True,0.0945064486128707
156,design_000156,12.5,50,True,0.10793414573959001
156,design_000156,15.0,60,True,0.11587333798370128
156,design_000156,17.5,70,True,0.10334414632810228
156,design_000156,20.0,80,True,0.08044421409060058
156,design_000156,22.5,90,True,0.06555745906657118
156,design_000156,25.0,100,True,0.05175819174057949
156,design_000156,27.5,110,True,0.040611414995995146
156,design_000156,30.0,120,True,0.022851301436561833
156,design_000156,32.5,130,True,0.018649675105643134
156,design_000156,35.0,140,True,0.020986159113806798
156,design_000156,37.5,150,True,0.021238697172755366
156,design_000156,40.0,160,True,0.022080427232947418
156,design_000156,42.5,170,True,0.02138115871927324
156,design_000156,45.0,180,True,0.02212120931247679
157,design_000157,0.0,0,True,0.0020688419542739733
157,design_000157,2.5,10,True,0.014117690723189958
157,design_000157,5.0,20,True,0.047338355694968054
157,design_000157,7.5,30,True,0.009923404402905204
157,design_000157,10.0,40,True,0.014854611615159163
157,design_000157,12.5,50,True,0.026676971383296687
157,design_000157,15.0,60,True,0.03312875859944832
157,design_000157,17.5,70,True,0.029849961741908307
157,design_000157,20.0,80,True,0.02212443974646472
157,design_000157,22.5,90,True,0.018928992535304744
157,design_000157,25.0,100,True,0.013456875068655057
157,design_000157,27.5,110,True,0.009189800281246949
157,design_000157,30.0,120,True,0.005339774921513542
157,design_000157,32.5,130,True,0.004583529982434748
157,design_000157,35.0,140,True,0.004750018784016821
157,design_000157,37.5,150,True,0.005469868722003606
157,design_000157,40.0,160,True,0.007367586273262324
157,design_000157,42.5,170,True,0.008395762254878756
157,design_000157,45.0,180,True,0.011382584837615584
158,design_000158,0.0,0,True,0.00226526102784307
158,design_000158,2.5,10,True,0.1485569794488009
158,design_000158,5.0,20,True,0.042800057550423536
158,design_000158,7.5,30,True,0.033544477986620254
158,design_000158,10.0,40,True,0.027572249201187872
158,design_000158,12.5,50,True,0.01746266368997439
158,design_000158,15.0,60,True,0.01515831541317834
158,design_000158,17.5,70,True,0.0065715796485817345
158,design_000158,20.0,80,True,0.0028271843496589007
158,design_000158,22.5,90,True,0.004359255861575126
158,design_000158,25.0,100,True,0.004685205467425334
158,design_000158,27.5,110,True,0.004474745050908373
158,design_000158,30.0,120,True,0.003318707838565575
158,design_000158,32.5,130,True,0.004111747538985576
158,design_000158,35.0,140,True,0.0040834760943537236
158,design_000158,37.5,150,True,0.004991065953434375
158,design_000158,40.0,160,True,0.0072447364379576214
158,design_000158,42.5,170,True,0.0074802528302487315
158,design_000158,45.0,180,True,0.007964431952982819
159,design_000159,0.0,0,True,0.002010317193628806
159,design_000159,2.5,10,True,0.020725926659567212
159,design_000159,5.0,20,True,0.018683099186804903
159,design_000159,7.5,30,True,0.036392670264543334
159,design_000159,10.0,40,True,0.05816920766488207
159,design_000159,12.5,50,True,0.06452728516285648
159,design_000159,15.0,60,True,0.0528757147048793
159,design_000159,17.5,70,True,0.030591455141312496
159,design_000159,20.0,80,True,0.015366901683189636
159,design_000159,22.5,90,True,0.008479048679243841
159,design_000159,25.0,100,True,0.005509929147223291
159,design_000159,27.5,110,True,0.002573057658975713
159,design_000159,30.0,120,True,0.0008651004775146599
159,design_000159,32.5,130,True,0.0010279207567929298
159,design_000159,35.0,140,True,0.00324022434661399
159,design_000159,37.5,150,True,0.00400594620361297
159,design_000159,40.0,160,True,0.007523441804923852
159,design_000159,42.5,170,True,0.005510333686541894
159,design_000159,45.0,180,True,0.008193429360560153
160,design_000160,0.0,0,True,0.0020064549289368766
160,design_000160,2.5,10,True,0.07198766234387435
160,design_000160,5.0,20,True,0.050194829964146065
160,design_000160,7.5,30,True,0.00972404023556526
160,design_000160,10.0,40,True,0.010625719667852158
160,design_000160,12.5,50,True,0.017810451789426966
160,design_000160,15.0,60,True,0.021234204070934855
160,design_000160,17.5,70,True,0.016290954486199775
160,design_000160,20.0,80,True,0.015420586786981806
160,design_000160,22.5,90,True,0.01823119767444229
160,design_000160,25.0,100,True,0.014799342553083034
160,design_000160,27.5,110,True,0.008928231544484553
160,design_000160,30.0,120,True,0.004631144789062334
160,design_000160,32.5,130,True,0.0019146596475471869
160,design_000160,35.0,140,True,0.0024545915603219675
160,design_000160,37.5,150,True,0.0035754088635023646
160,design_000160,40.0,160,True,0.006846930305440083
160,design_000160,42.5,170,True,0.007412983748947744
160,design_000160,45.0,180,True,0.009338210532543835
161,design_000161,0.0,0,True,0.0023069488747902334
161,design_000161,2.5,10,True,0.00640691079489113
161,design_000161,5.0,20,True,0.004691312229327685
161,design_000161,7.5,30,True,0.010225437083223491
161,design_000161,10.0,40,True,0.017048351419393353
161,design_000161,12.5,50,True,0.02447064829082194
161,design_000161,15.0,60,True,0.025500809367777273
161,design_000161,17.5,70,True,0.017002313286762192
161,design_000161,20.0,80,True,0.013908281373700059
161,design_000161,22.5,90,True,0.01297815210116667
161,design_000161,25.0,100,True,0.008675146556698004
161,design_000161,27.5,110,True,0.004507187307180961
161,design_000161,30.0,120,True,0.002921806683466939
161,design_000161,32.5,130,True,0.0013687000850025597
161,design_000161,35.0,140,True,0.002545311387616275
161,design_000161,37.5,150,True,0.0029860871506809557
161,design_000161,40.0,160,True,0.004233170377219377
161,design_000161,42.5,170,True,0.004737628919262646
161,design_000161,45.0,180,True,0.006385484914560905
162,design_000162,0.0,0,True,0.0023292374110788164
162,design_000162,2.5,10,True,0.0034285113008787147
162,design_000162,5.0,20,True,0.0197259987656849
162,design_000162,7.5,30,True,0.005443387509036109
162,design_000162,10.0,40,True,0.008706261904954242
162,design_000162,12.5,50,True,0.01575263243108825
162,design_000162,15.0,60,True,0.020440856973718134
162,design_000162,17.5,70,True,0.019651501118799986
162,design_000162,20.0,80,True,0.016772798546825743
162,design_000162,22.5,90,True,0.016186213732994
162,design_000162,25.0,100,True,0.01069267900389985
162,design_000162,27.5,110,True,0.005992035701509548
162,design_000162,30.0,120,True,0.0033531307922146088
162,design_000162,32.5,130,True,0.0033336713893566145
162,design_000162,35.0,140,True,0.0030384191059469813
162,design_000162,37.5,150,True,0.0028968848159814293
162,design_000162,40.0,160,True,0.002956677448716169
162,design_000162,42.5,170,True,0.004825666080810224
162,design_000162,45.0,180,True,0.005656088644706263
163,design_000163,0.0,0,True,0.0020812836956546473
163,design_000163,2.5,10,True,0.10336054917105866
163,design_000163,5.0,20,True,0.013284208227845998
163,design_000163,7.5,30,True,0.005513318837669595
163,design_000163,10.0,40,True,0.00880718991662369
163,design_000163,12.5,50,True,0.01601088043229565
163,design_000163,15.0,60,True,0.016647619195289603
163,design_000163,17.5,70,True,0.01398728871863696
163,design_000163,20.0,80,True,0.017528830565164646
163,design_000163,22.5,90,True,0.022639789718325157
163,design_000163,25.0,100,True,0.021542255153825192
163,design_000163,27.5,110,True,0.017256645194754318
163,design_000163,30.0,120,True,0.011068834429456442
163,design_000163,32.5,130,True,0.009717765606131391
163,design_000163,35.0,140,True,0.010260887304372957
163,design_000163,37.5,150,True,0.010658261362347026
163,design_000163,40.0,160,True,0.009827307806683231
163,design_000163,42.5,170,True,0.01090595940418782
163,design_000163,45.0,180,True,0.010904810719151262
164,design_000164,0.0,0,True,0.002829586823859894
164,design_000164,2.5,10,True,0.03776017015226608
164,design_000164,5.0,20,True,0.04609819397649617
164,design_000164,7.5,30,True,0.01714180478509386
164,design_000164,10.0,40,True,0.00900739521357507
164,design_000164,12.5,50,True,0.019216573958921464
164,design_000164,15.0,60,True,0.02067184200474334
164,design_000164,17.5,70,True,0.014251314862247115
164,design_000164,20.0,80,True,0.008457708589018776
164,design_000164,22.5,90,True,0.008699333355726103
164,design_000164,25.0,100,True,0.007111209618928993
164,design_000164,27.5,110,True,0.005514860658677168
164,design_000164,30.0,120,True,0.0034713682731108463
164,design_000164,32.5,130,True,0.0023567858487407826
164,design_000164,35.0,140,True,0.003281813119811619
164,design_000164,37.5,150,True,0.004253393553055406
164,design_000164,40.0,160,True,0.006425981609562004
164,design_000164,42.5,170,True,0.007718427624011857
164,design_000164,45.0,180,True,0.008556061691032613
165,design_000165,0.0,0,False,nan
165,design_000165,2.5,10,False,nan
165,design_000165,5.0,20,False,nan
165,design_000165,7.5,30,False,nan
165,design_000165,10.0,40,False,nan
165,design_000165,12.5,50,False,nan
165,design_000165,15.0,60,False,nan
165,design_000165,17.5,70,False,nan
165,design_000165,20.0,80,False,nan
165,design_000165,22.5,90,False,nan
165,design_000165,25.0,100,False,nan
165,design_000165,27.5,110,False,nan
165,design_000165,30.0,120,False,nan
165,design_000165,32.5,130,False,nan
165,design_000165,35.0,140,False,nan
165,design_000165,37.5,150,False,nan
165,design_000165,40.0,160,False,nan
165,design_000165,42.5,170,False,nan
165,design_000165,45.0,180,False,nan
166,design_000166,0.0,0,True,0.0011646322564826596
166,design_000166,2.5,10,True,0.004231130816608272
166,design_000166,5.0,20,True,0.01541527359220055
166,design_000166,7.5,30,True,0.03010514069758791
166,design_000166,10.0,40,True,0.05431482152082398
166,design_000166,12.5,50,True,0.05270838280379435
166,design_000166,15.0,60,True,0.056798286055206995
166,design_000166,17.5,70,True,0.047562765126304106
166,design_000166,20.0,80,True,0.03578305772742254
166,design_000166,22.5,90,True,0.022184089675158645
166,design_000166,25.0,100,True,0.012682465395003888
166,design_000166,27.5,110,True,0.007933895026288674
166,design_000166,30.0,120,True,0.0035028319866085697
166,design_000166,32.5,130,True,0.00422863610018551
166,design_000166,35.0,140,True,0.006822944408094195
166,design_000166,37.5,150,True,0.006792251062143281
166,design_000166,40.0,160,True,0.0068090329079287595
166,design_000166,42.5,170,True,0.005570443105667458
166,design_000166,45.0,180,True,0.008089696538480882
167,design_000167,0.0,0,True,0.002096454709683281
167,design_000167,2.5,10,True,0.01140560576757231
167,design_000167,5.0,20,True,0.030814297651167447
167,design_000167,7.5,30,True,0.01859029229051603
167,design_000167,10.0,40,True,0.030724166085711373
167,design_000167,12.5,50,True,0.02878171855600753
167,design_000167,15.0,60,True,0.016721634946801102
167,design_000167,17.5,70,True,0.008669397626477187
167,design_000167,20.0,80,True,0.00460329091717151
167,design_000167,22.5,90,True,0.00491847192941168
167,design_000167,25.0,100,True,0.005687073776327286
167,design_000167,27.5,110,True,0.005736068783611631
167,design_000167,30.0,120,True,0.0035404231711467977
167,design_000167,32.5,130,True,0.003481645037613091
167,design_000167,35.0,140,True,0.004618841548799663
167,design_000167,37.5,150,True,0.0048108084358446405
167,design_000167,40.0,160,True,0.004441796117328072
167,design_000167,42.5,170,True,0.00399470708620629
167,design_000167,45.0,180,True,0.005446068732871462
168,design_000168,0.0,0,True,0.002264464863411145
168,design_000168,2.5,10,True,0.010756840013147995
168,design_000168,5.0,20,True,0.00786190464274451
168,design_000168,7.5,30,True,0.01628656564335556
168,design_000168,10.0,40,True,0.024600692567565658
168,design_000168,12.5,50,True,0.0235213681430658
168,design_000168,15.0,60,True,0.017402936009826467
168,design_000168,17.5,70,True,0.014793373836313375
168,design_000168,20.0,80,True,0.012261696731641316
168,design_000168,22.5,90,True,0.011097535175249904
168,design_000168,25.0,100,True,0.007497685174124082
168,design_000168,27.5,110,True,0.005869039484961315
168,design_000168,30.0,120,True,0.003472084336065079
168,design_000168,32.5,130,True,0.0029834724949191847
168,design_000168,35.0,140,True,0.004034554697437208
168,design_000168,37.5,150,True,0.004661399388422392
168,design_000168,40.0,160,True,0.0038891961996457398
168,design_000168,42.5,170,True,0.005066491515944842
168,design_000168,45.0,180,True,0.006371594353135137
169,design_000169,0.0,0,True,0.0021921170658086406
169,design_000169,2.5,10,True,0.0035425429019061367
169,design_000169,5.0,20,True,0.00734936530724027
169,design_000169,7.5,30,True,0.03195902974677288
169,design_000169,10.0,40,True,0.041346035443409854
169,design_000169,12.5,50,True,0.03617170740156964
169,design_000169,15.0,60,True,0.02533752337898883
169,design_000169,17.5,70,True,0.014846228107110719
169,design_000169,20.0,80,True,0.013047549534445185
169,design_000169,22.5,90,True,0.010796231820162514
169,design_000169,25.0,100,True,0.009290471429051128
169,design_000169,27.5,110,True,0.007068153296488588
169,design_000169,30.0,120,True,0.004319419054283564
169,design_000169,32.5,130,True,0.004230620295055949
169,design_000169,35.0,140,True,0.00557552623462149
169,design_000169,37.5,150,True,0.006381134136706212
169,design_000169,40.0,160,True,0.004964624078118325
169,design_000169,42.5,170,True,0.002919712178343658
169,design_000169,45.0,180,True,0.0049386500415253476
170,design_000170,0.0,0,True,0.0019461305114196335
170,design_000170,2.5,10,True,0.0032221819249288477
170,design_000170,5.0,20,True,0.03864953049771856
170,design_000170,7.5,30,True,0.06735725036247808
170,design_000170,10.0,40,True,0.04576651876897492
170,design_000170,12.5,50,True,0.039462084053029346
170,design_000170,15.0,60,True,0.03309339892174715
170,design_000170,17.5,70,True,0.0226517485696209
170,design_000170,20.0,80,True,0.016980223682058277
170,design_000170,22.5,90,True,0.01483109105903773
170,design_000170,25.0,100,True,0.01036700007764126
170,design_000170,27.5,110,True,0.007345285105185124
170,design_000170,30.0,120,True,0.004867557952042999
170,design_000170,32.5,130,True,0.003888567647097378
170,design_000170,35.0,140,True,0.0039623058850878495
170,design_000170,37.5,150,True,0.004639773506833314
170,design_000170,40.0,160,True,0.007516074408577469
170,design_000170,42.5,170,True,0.006417392251994482
170,design_000170,45.0,180,True,0.009113769177237427
171,design_000171,0.0,0,True,0.001991945592568529
171,design_000171,2.5,10,True,0.06672931025872167
171,design_000171,5.0,20,True,0.016157564452416298
171,design_000171,7.5,30,True,0.016729512048557316
171,design_000171,10.0,40,True,0.01645866516356331
171,design_000171,12.5,50,True,0.019759262763923063
171,design_000171,15.0,60,True,0.019624063850328125
171,design_000171,17.5,70,True,0.017708098922731334
171,design_000171,20.0,80,True,0.01693431165140592
171,design_000171,22.5,90,True,0.01802172234846001
171,design_000171,25.0,100,True,0.012762978595903004
171,design_000171,27.5,110,True,0.006038681162994887
171,design_000171,30.0,120,True,0.003351474299326764
171,design_000171,32.5,130,True,0.001073340477335834
171,design_000171,35.0,140,True,0.0022508440594236397
171,design_000171,37.5,150,True,0.0038647433382110186
171,design_000171,40.0,160,True,0.006256160711327136
171,design_000171,42.5,170,True,0.007716065253469465
171,design_000171,45.0,180,True,0.009839480997877598
172,design_000172,0.0,0,True,0.002162482925252398
172,design_000172,2.5,10,True,0.010846149073478254
172,design_000172,5.0,20,True,0.09428328284962004
172,design_000172,7.5,30,True,0.053568979023391805
172,design_000172,10.0,40,True,0.025710679118824777
172,design_000172,12.5,50,True,0.024118504616065413
172,design_000172,15.0,60,True,0.024780960952622628
172,design_000172,17.5,70,True,0.016293178219506575
172,design_000172,20.0,80,True,0.010116906409353884
172,design_000172,22.5,90,True,0.008682585597496824
172,design_000172,25.0,100,True,0.005982644016791123
172,design_000172,27.5,110,True,0.003012544561911727
172,design_000172,30.0,120,True,0.0015356591970407567
172,design_000172,32.5,130,True,0.004088483438002566
172,design_000172,35.0,140,True,0.007311449524636443
172,design_000172,37.5,150,True,0.008351041417898252
172,design_000172,40.0,160,True,0.011045948469964637
172,design_000172,42.5,170,True,0.011531452277687662
172,design_000172,45.0,180,True,0.01397578549530671
173,design_000173,0.0,0,True,0.0023442808505350463
173,design_000173,2.5,10,True,0.008452464296297136
173,design_000173,5.0,20,True,0.027670291739433802
173,design_000173,7.5,30,True,0.053516245879100026
173,design_000173,10.0,40,True,0.0725739849766846
173,design_000173,12.5,50,True,0.06632072947163031
173,design_000173,15.0,60,True,0.05139986321029631
173,design_000173,17.5,70,True,0.03108341935466955
173,design_000173,20.0,80,True,0.012605934625031248
173,design_000173,22.5,90,True,0.007559344232572704
173,design_000173,25.0,100,True,0.006832332764287276
173,design_000173,27.5,110,True,0.007273361560908714
173,design_000173,30.0,120,True,0.0037377461576967182
173,design_000173,32.5,130,True,0.005098757988019908
173,design_000173,35.0,140,True,0.007847465571232467
173,design_000173,37.5,150,True,0.007458455943366214
173,design_000173,40.0,160,True,0.0110244582484291
173,design_000173,42.5,170,True,0.009815358482447311
173,design_000173,45.0,180,True,0.010487456632459733
174,design_000174,0.0,0,False,nan
174,design_000174,2.5,10,False,nan
174,design_000174,5.0,20,False,nan
174,design_000174,7.5,30,False,nan
174,design_000174,10.0,40,False,nan
174,design_000174,12.5,50,False,nan
174,design_000174,15.0,60,False,nan
174,design_000174,17.5,70,False,nan
174,design_000174,20.0,80,False,nan
174,design_000174,22.5,90,False,nan
174,design_000174,25.0,100,False,nan
174,design_000174,27.5,110,False,nan
174,design_000174,30.0,120,False,nan
174,design_000174,32.5,130,False,nan
174,design_000174,35.0,140,False,nan
174,design_000174,37.5,150,False,nan
174,design_000174,40.0,160,False,nan
174,design_000174,42.5,170,False,nan
174,design_000174,45.0,180,False,nan
175,design_000175,0.0,0,True,0.0021567013930058714
175,design_000175,2.5,10,True,0.01102259457574137
175,design_000175,5.0,20,True,0.058156971727760284
175,design_000175,7.5,30,True,0.13718901508357642
175,design_000175,10.0,40,True,0.1717567887797174
175,design_000175,12.5,50,True,0.10928515043649237
175,design_000175,15.0,60,True,0.06719041104634553
175,design_000175,17.5,70,True,0.03760517689820486
175,design_000175,20.0,80,True,0.020097830248215702
175,design_000175,22.5,90,True,0.009409094053477894
175,design_000175,25.0,100,True,0.007358844174091274
175,design_000175,27.5,110,True,0.008521039796704898
175,design_000175,30.0,120,True,0.006190622916118839
175,design_000175,32.5,130,True,0.007506822595457317
175,design_000175,35.0,140,True,0.010615017348897813
175,design_000175,37.5,150,True,0.012849010791108144
175,design_000175,40.0,160,True,0.013242377037815304
175,design_000175,42.5,170,True,0.012437526216767275
175,design_000175,45.0,180,True,0.013634774673004633
176,design_000176,0.0,0,True,0.002117343250388401
176,design_000176,2.5,10,True,0.0013665965514179906
176,design_000176,5.0,20,True,0.010926870018409019
176,design_000176,7.5,30,True,0.02600580804953851
176,design_000176,10.0,40,True,0.03654573026933123
176,design_000176,12.5,50,True,0.028509706466098725
176,design_000176,15.0,60,True,0.018548284069606763
176,design_000176,17.5,70,True,0.0076553607439524985
176,design_000176,20.0,80,True,0.004682664440267936
176,design_000176,22.5,90,True,0.0029935692888599695
176,design_000176,25.0,100,True,0.001781843932872842
176,design_000176,27.5,110,True,0.00165263802368089
176,design_000176,30.0,120,True,0.0028051833888047247
176,design_000176,32.5,130,True,0.003006313156940943
176,design_000176,35.0,140,True,0.003930411124895259
176,design_000176,37.5,150,True,0.004019631323999739
176,design_000176,40.0,160,True,0.006631071634270763
176,design_000176,42.5,170,True,0.006670311878540225
176,design_000176,45.0,180,True,0.00803410109982975
177,design_000177,0.0,0,True,0.002090277073757433
177,design_000177,2.5,10,True,0.007334030478824956
177,design_000177,5.0,20,True,0.06589181045965584
177,design_000177,7.5,30,True,0.11846522054872582
177,design_000177,10.0,40,True,0.09574583345689741
177,design_000177,12.5,50,True,0.03989108431446264
177,design_000177,15.0,60,True,0.017447675620797257
177,design_000177,17.5,70,True,0.008640070549086307
177,design_000177,20.0,80,True,0.0036518781871654276
177,design_000177,22.5,90,True,0.004069031032457081
177,design_000177,25.0,100,True,0.004182880832798763
177,design_000177,27.5,110,True,0.004757538305847147
177,design_000177,30.0,120,True,0.0030671798365015388
177,design_000177,32.5,130,True,0.006086397088816016
177,design_000177,35.0,140,True,0.00892397015219117
177,design_000177,37.5,150,True,0.009587451731687536
177,design_000177,40.0,160,True,0.012394518204734986
177,design_000177,42.5,170,True,0.012574399619408563
177,design_000177,45.0,180,True,0.013714976308485113
178,design_000178,0.0,0,True,0.0020530330759807474
178,design_000178,2.5,10,True,0.004239670696498998
178,design_000178,5.0,20,True,0.015120299600274681
178,design_000178,7.5,30,True,0.015078933582982583
178,design_000178,10.0,40,True,0.021208186425696118
178,design_000178,12.5,50,True,0.02782906778509529
178,design_000178,15.0,60,True,0.03489617806785719
178,design_000178,17.5,70,True,0.04050580362024761
178,design_000178,20.0,80,True,0.03890388371893104
178,design_000178,22.5,90,True,0.03809310260157145
178,design_000178,25.0,100,True,0.029104063027826997
178,design_000178,27.5,110,True,0.019699303620736408
178,design_000178,30.0,120,True,0.009991316212797505
178,design_000178,32.5,130,True,0.008910739980532842
178,design_000178,35.0,140,True,0.009869520293119697
178,design_000178,37.5,150,True,0.00863492504755715
178,design_000178,40.0,160,True,0.00860381849613463
178,design_000178,42.5,170,True,0.008270778871355815
178,design_000178,45.0,180,True,0.009402711829306899
179,design_000179,0.0,0,True,0.0017702579177411948
179,design_000179,2.5,10,True,0.026010556405795235
179,design_000179,5.0,20,True,0.05621027302447074
179,design_000179,7.5,30,True,0.07546534596304574
179,design_000179,10.0,40,True,0.06447418317530618
179,design_000179,12.5,50,True,0.047192675106861495
179,design_000179,15.0,60,True,0.034719187743793505
179,design_000179,17.5,70,True,0.030047147678105617
179,design_000179,20.0,80,True,0.015831406853359462
179,design_000179,22.5,90,True,0.00866397679060318
179,design_000179,25.0,100,True,0.006294562688911435
179,design_000179,27.5,110,True,0.005074797668890229
179,design_000179,30.0,120,True,0.0033470368227184214
179,design_000179,32.5,130,True,0.004412612859230388
179,design_000179,35.0,140,True,0.006286251087763819
179,design_000179,37.5,150,True,0.005638935083616316
179,design_000179,40.0,160,True,0.007658460612280958
179,design_000179,42.5,170,True,0.0062763372355695915
179,design_000179,45.0,180,True,0.008730600303540195
180,design_000180,0.0,0,True,0.0020750879946487455
180,design_000180,2.5,10,True,0.03490299398827703
180,design_000180,5.0,20,True,0.07536264138632355
180,design_000180,7.5,30,True,0.040511202721229225
180,design_000180,10.0,40,True,0.031669250134000335
180,design_000180,12.5,50,True,0.03261789252809654
180,design_000180,15.0,60,True,0.032967680236295795
180,design_000180,17.5,70,True,0.027329301509350166
180,design_000180,20.0,80,True,0.02049035839031799
180,design_000180,22.5,90,True,0.017975340844683805
180,design_000180,25.0,100,True,0.012289042497526988
180,design_000180,27.5,110,True,0.008295973645964839
180,design_000180,30.0,120,True,0.004493367025971475
180,design_000180,32.5,130,True,0.0040810346584997555
180,design_000180,35.0,140,True,0.006013054291816438
180,design_000180,37.5,150,True,0.007259746206123909
180,design_000180,40.0,160,True,0.010031360090555818
180,design_000180,42.5,170,True,0.00928165773008166
180,design_000180,45.0,180,True,0.012690630602829166
181,design_000181,0.0,0,True,0.00206701087255717
181,design_000181,2.5,10,True,0.010593747208424036
181,design_000181,5.0,20,True,0.059356022416690364
181,design_000181,7.5,30,True,0.0766664444624942
181,design_000181,10.0,40,True,0.057807306030039016
181,design_000181,12.5,50,True,0.035551030061338994
181,design_000181,15.0,60,True,0.023944721907201663
181,design_000181,17.5,70,True,0.013654681076918293
181,design_000181,20.0,80,True,0.006695005595467191
181,design_000181,22.5,90,True,0.005417806309894687
181,design_000181,25.0,100,True,0.0032390863230521904
181,design_000181,27.5,110,True,0.0023504992229275703
181,design_000181,30.0,120,True,0.001354363988866372
181,design_000181,32.5,130,True,0.0011560936637207368
181,design_000181,35.0,140,True,0.002432313911555669
181,design_000181,37.5,150,True,0.003100686451629071
181,design_000181,40.0,160,True,0.006851939514225652
181,design_000181,42.5,170,True,0.006990249651885902
181,design_000181,45.0,180,True,0.008833333543123045
182,design_000182,0.0,0,True,0.0022673432764548076
182,design_000182,2.5,10,True,0.0018894036477437985
182,design_000182,5.0,20,True,0.006846180632299631
182,design_000182,7.5,30,True,0.015264333831719473
182,design_000182,10.0,40,True,0.024986595815010844
182,design_000182,12.5,50,True,0.02632920068055543
182,design_000182,15.0,60,True,0.022645423893633963
182,design_000182,17.5,70,True,0.013277082228392342
182,design_000182,20.0,80,True,0.004345046713769244
182,design_000182,22.5,90,True,0.002745872649679678
182,design_000182,25.0,100,True,0.002214821351165502
182,design_000182,27.5,110,True,0.0021390117912440977
182,design_000182,30.0,120,True,0.0023281871478132796
182,design_000182,32.5,130,True,0.0024140141279353567
182,design_000182,35.0,140,True,0.002974685680804994
182,design_000182,37.5,150,True,0.0032869398336033435
182,design_000182,40.0,160,True,0.0038809356882107144
182,design_000182,42.5,170,True,0.0047346515760535125
182,design_000182,45.0,180,True,0.00656019367357401
183,design_000183,0.0,0,True,0.0026771649856872693
183,design_000183,2.5,10,True,0.04711741036205589
183,design_000183,5.0,20,True,0.11017707628587417
183,design_000183,7.5,30,True,0.17741370580067128
183,design_000183,10.0,40,True,0.18112004153854425
183,design_000183,12.5,50,True,0.1000332523775873
183,design_000183,15.0,60,True,0.04735582850938955
183,design_000183,17.5,70,True,0.025215350785744557
183,design_000183,20.0,80,True,0.011192035190630618
183,design_000183,22.5,90,True,0.005123269095824786
183,design_000183,25.0,100,True,0.004044787637635779
183,design_000183,27.5,110,True,0.005264707016631065
183,design_000183,30.0,120,True,0.0048327472811403776
183,design_000183,32.5,130,True,0.007505077488386126
183,design_000183,35.0,140,True,0.01076766379238894
183,design_000183,37.5,150,True,0.012252145043723829
183,design_000183,40.0,160,True,0.013848161264605184
183,design_000183,42.5,170,True,0.013136618105599013
183,design_000183,45.0,180,True,0.014972569895979664
184,design_000184,0.0,0,True,0.0022701381226110304
184,design_000184,2.5,10,True,0.004344854309410111
184,design_000184,5.0,20,True,0.005679576543052369
184,design_000184,7.5,30,True,0.023644951328506664
184,design_000184,10.0,40,True,0.028040027267263738
184,design_000184,12.5,50,True,0.02260710724606147
184,design_000184,15.0,60,True,0.01937780351713192
184,design_000184,17.5,70,True,0.015177477877748723
184,design_000184,20.0,80,True,0.02035862739321477
184,design_000184,22.5,90,True,0.025416498731558594
184,design_000184,25.0,100,True,0.024104394849918043
184,design_000184,27.5,110,True,0.021442615585418663
184,design_000184,30.0,120,True,0.011995439439023948
184,design_000184,32.5,130,True,0.010277381530732387
184,design_000184,35.0,140,True,0.009222514552531985
184,design_000184,37.5,150,True,0.007712615976292553
184,design_000184,40.0,160,True,0.008718725801925155
184,design_000184,42.5,170,True,0.006658707430757435
184,design_000184,45.0,180,True,0.006481753009059853
185,design_000185,0.0,0,True,0.002108091234504093
185,design_000185,2.5,10,True,0.008633274120312267
185,design_000185,5.0,20,True,0.02173833627628878
185,design_000185,7.5,30,True,0.04401822123921242
185,design_000185,10.0,40,True,0.03269307768952135
185,design_000185,12.5,50,True,0.031367608654323725
185,design_000185,15.0,60,True,0.027889242102528116
185,design_000185,17.5,70,True,0.016078864553112814
185,design_000185,20.0,80,True,0.01080611262848076
185,design_000185,22.5,90,True,0.011196280958789427
185,design_000185,25.0,100,True,0.010277408755544407
185,design_000185,27.5,110,True,0.009308226827972912
185,design_000185,30.0,120,True,0.006345946605597383
185,design_000185,32.5,130,True,0.005898306801978179
185,design_000185,35.0,140,True,0.005103056947044106
185,design_000185,37.5,150,True,0.005846043725030529
185,design_000185,40.0,160,True,0.006843552750074482
185,design_000185,42.5,170,True,0.006230380101919491
185,design_000185,45.0,180,True,0.0065818314572676125
186,design_000186,0.0,0,True,0.0021930750182024995
186,design_000186,2.5,10,True,0.0025452803712135105
186,design_000186,5.0,20,True,0.019376238797457594
186,design_000186,7.5,30,True,0.018715086227248517
186,design_000186,10.0,40,True,0.006247961675782405
186,design_000186,12.5,50,True,0.007716095090544894
186,design_000186,15.0,60,True,0.009279704209291815
186,design_000186,17.5,70,True,0.009481640311323014
186,design_000186,20.0,80,True,0.008451524124345616
186,design_000186,22.5,90,True,0.010196622020989062
186,design_000186,25.0,100,True,0.008231941720484907
186,design_000186,27.5,110,True,0.005239918180484491
186,design_000186,30.0,120,True,0.0028391655037377592
186,design_000186,32.5,130,True,0.0023985992445432805
186,design_000186,35.0,140,True,0.0024813543207941793
186,design_000186,37.5,150,True,0.002960047183885678
186,design_000186,40.0,160,True,0.005463401129103231
186,design_000186,42.5,170,True,0.005056402386389343
186,design_000186,45.0,180,True,0.005409339885160085
187,design_000187,0.0,0,True,0.0020736278597250526
187,design_000187,2.5,10,True,0.01928291904999334
187,design_000187,5.0,20,True,0.039203192685356485
187,design_000187,7.5,30,True,0.05056721825506242
187,design_000187,10.0,40,True,0.05224125467974457
187,design_000187,12.5,50,True,0.03710410625302686
187,design_000187,15.0,60,True,0.027060013711149057
187,design_000187,17.5,70,True,0.013836646092424534
187,design_000187,20.0,80,True,0.012573703324587744
187,design_000187,22.5,90,True,0.01696316909853321
187,design_000187,25.0,100,True,0.015576615860089163
187,design_000187,27.5,110,True,0.010974780913633887
187,design_000187,30.0,120,True,0.005640231916868929
187,design_000187,32.5,130,True,0.0037179783302258595
187,design_000187,35.0,140,True,0.004254282703080719
187,design_000187,37.5,150,True,0.004013059813221343
187,design_000187,40.0,160,True,0.007966569723161515
187,design_000187,42.5,170,True,0.007232270254987927
187,design_000187,45.0,180,True,0.009168572287764232
188,design_000188,0.0,0,False,nan
188,design_000188,2.5,10,False,nan
188,design_000188,5.0,20,False,nan
188,design_000188,7.5,30,False,nan
188,design_000188,10.0,40,False,nan
188,design_000188,12.5,50,False,nan
188,design_000188,15.0,60,False,nan
188,design_000188,17.5,70,False,nan
188,design_000188,20.0,80,False,nan
188,design_000188,22.5,90,False,nan
188,design_000188,25.0,100,False,nan
188,design_000188,27.5,110,False,nan
188,design_000188,30.0,120,False,nan
188,design_000188,32.5,130,False,nan
188,design_000188,35.0,140,False,nan
188,design_000188,37.5,150,False,nan
188,design_000188,40.0,160,False,nan
188,design_000188,42.5,170,False,nan
188,design_000188,45.0,180,False,nan
189,design_000189,0.0,0,True,0.0020370742227362737
189,design_000189,2.5,10,True,0.0023079550491263926
189,design_000189,5.0,20,True,0.007950436145008306
189,design_000189,7.5,30,True,0.03295488782885919
189,design_000189,10.0,40,True,0.06346473904498799
189,design_000189,12.5,50,True,0.08472000231055499
189,design_000189,15.0,60,True,0.10005386451140777
189,design_000189,17.5,70,True,0.08877255809731566
189,design_000189,20.0,80,True,0.06710918660588368
189,design_000189,22.5,90,True,0.05286155788666948
189,design_000189,25.0,100,True,0.0421166250461887
189,design_000189,27.5,110,True,0.03084999701042589
189,design_000189,30.0,120,True,0.01533453974914182
189,design_000189,32.5,130,True,0.014478136562038148
189,design_000189,35.0,140,True,0.017848823342141155
189,design_000189,37.5,150,True,0.012269101645266432
189,design_000189,40.0,160,True,0.014132331204853715
189,design_000189,42.5,170,True,0.012730619189790125
189,design_000189,45.0,180,True,0.013776466243995492
190,design_000190,0.0,0,True,0.0018765146544128936
190,design_000190,2.5,10,True,0.0007374720402307632
190,design_000190,5.0,20,True,0.005880402230938481
190,design_000190,7.5,30,True,0.025585871520477345
190,design_000190,10.0,40,True,0.040880427516180845
190,design_000190,12.5,50,True,0.03899343997668492
190,design_000190,15.0,60,True,0.03336522242747406
190,design_000190,17.5,70,True,0.019541110320914976
190,design_000190,20.0,80,True,0.011493988091701931
190,design_000190,22.5,90,True,0.008314592714978752
190,design_000190,25.0,100,True,0.004994982399159282
190,design_000190,27.5,110,True,0.00344190880033587
190,design_000190,30.0,120,True,0.002322286594563042
190,design_000190,32.5,130,True,0.002849168338166492
190,design_000190,35.0,140,True,0.004241711369353908
190,design_000190,37.5,150,True,0.004211852218872267
190,design_000190,40.0,160,True,0.005788512863909617
190,design_000190,42.5,170,True,0.007451021130634474
190,design_000190,45.0,180,True,0.009440077798004893
191,design_000191,0.0,0,True,0.0023923412973788204
191,design_000191,2.5,10,True,0.053247753464588196
191,design_000191,5.0,20,True,0.11473316373608541
191,design_000191,7.5,30,True,0.034998538759304226
191,design_000191,10.0,40,True,0.016297596022414103
191,design_000191,12.5,50,True,0.018596519690023038
191,design_000191,15.0,60,True,0.02004267630723199
191,design_000191,17.5,70,True,0.015068888876279534
191,design_000191,20.0,80,True,0.008745269488297
191,design_000191,22.5,90,True,0.00828338205323715
191,design_000191,25.0,100,True,0.006537771137621429
191,design_000191,27.5,110,True,0.005338005509175038
191,design_000191,30.0,120,True,0.00467638020948731
191,design_000191,32.5,130,True,0.0017188165891646326
191,design_000191,35.0,140,True,0.0026514181430045414
191,design_000191,37.5,150,True,0.003673366914744032
191,design_000191,40.0,160,True,0.00696030873768546
191,design_000191,42.5,170,True,0.007487304657705297
191,design_000191,45.0,180,True,0.010646376091908515
192,design_000192,0.0,0,True,0.0020396384516077376
192,design_000192,2.5,10,True,0.004598085062487229
192,design_000192,5.0,20,True,0.0020201976311864066
192,design_000192,7.5,30,True,0.016341307606560353
192,design_000192,10.0,40,True,0.028393327606609054
192,design_000192,12.5,50,True,0.02872740095245968
192,design_000192,15.0,60,True,0.025701977921978217
192,design_000192,17.5,70,True,0.013432541852745691
192,design_000192,20.0,80,True,0.005883113931911018
192,design_000192,22.5,90,True,0.004628995437987275
192,design_000192,25.0,100,True,0.0028337614782126663
192,design_000192,27.5,110,True,0.0020935874054747432
192,design_000192,30.0,120,True,0.0015918553171316834
192,design_000192,32.5,130,True,0.0010570116106049384
192,design_000192,35.0,140,True,0.0027662897492617645
192,design_000192,37.5,150,True,0.0038833540463855897
192,design_000192,40.0,160,True,0.00590159563043517
192,design_000192,42.5,170,True,0.0069611750127740015
192,design_000192,45.0,180,True,0.00890499001659422
193,design_000193,0.0,0,True,0.002262241522458402
193,design_000193,2.5,10,True,0.004966178190620274
193,design_000193,5.0,20,True,0.002355792067847511
193,design_000193,7.5,30,True,0.008015628314261825
193,design_000193,10.0,40,True,0.012341106792127967
193,design_000193,12.5,50,True,0.016600529901870047
193,design_000193,15.0,60,True,0.017166371414989785
193,design_000193,17.5,70,True,0.012293845001223054
193,design_000193,20.0,80,True,0.007907523011050263
193,design_000193,22.5,90,True,0.008108171517784526
193,design_000193,25.0,100,True,0.008260461854015771
193,design_000193,27.5,110,True,0.007933865467743457
193,design_000193,30.0,120,True,0.004308381499500868
193,design_000193,32.5,130,True,0.004163271915119831
193,design_000193,35.0,140,True,0.005443437668328124
193,design_000193,37.5,150,True,0.006170506209468082
193,design_000193,40.0,160,True,0.005472416570168344
193,design_000193,42.5,170,True,0.005351072012801921
193,design_000193,45.0,180,True,0.0062875303051960155
194,design_000194,0.0,0,True,0.002141181468961434
194,design_000194,2.5,10,True,0.012347181741751806
194,design_000194,5.0,20,True,0.0710589023355984
194,design_000194,7.5,30,True,0.10446181426894795
194,design_000194,10.0,40,True,0.12233256275780427
194,design_000194,12.5,50,True,0.10796227255613401
194,design_000194,15.0,60,True,0.09192755615049707
194,design_000194,17.5,70,True,0.06393399133733116
194,design_000194,20.0,80,True,0.042155089151003064
194,design_000194,22.5,90,True,0.03280335054032742
194,design_000194,25.0,100,True,0.020283997547786772
194,design_000194,27.5,110,True,0.011880185337793468
194,design_000194,30.0,120,True,0.004678655219846689
194,design_000194,32.5,130,True,0.0028562362826639654
194,design_000194,35.0,140,True,0.0035660381226907244
194,design_000194,37.5,150,True,0.0033682362140374095
194,design_000194,40.0,160,True,0.006761611537291537
194,design_000194,42.5,170,True,0.007552944749697187
194,design_000194,45.0,180,True,0.010493633490392312
195,design_000195,0.0,0,False,nan
195,design_000195,2.5,10,False,nan
195,design_000195,5.0,20,False,nan
195,design_000195,7.5,30,False,nan
195,design_000195,10.0,40,False,nan
195,design_000195,12.5,50,False,nan
195,design_000195,15.0,60,False,nan
195,design_000195,17.5,70,False,nan
195,design_000195,20.0,80,False,nan
195,design_000195,22.5,90,False,nan
195,design_000195,25.0,100,False,nan
195,design_000195,27.5,110,False,nan
195,design_000195,30.0,120,False,nan
195,design_000195,32.5,130,False,nan
195,design_000195,35.0,140,False,nan
195,design_000195,37.5,150,False,nan
195,design_000195,40.0,160,False,nan
195,design_000195,42.5,170,False,nan
195,design_000195,45.0,180,False,nan
196,design_000196,0.0,0,False,nan
196,design_000196,2.5,10,False,nan
196,design_000196,5.0,20,False,nan
196,design_000196,7.5,30,False,nan
196,design_000196,10.0,40,False,nan
196,design_000196,12.5,50,False,nan
196,design_000196,15.0,60,False,nan
196,design_000196,17.5,70,False,nan
196,design_000196,20.0,80,False,nan
196,design_000196,22.5,90,False,nan
196,design_000196,25.0,100,False,nan
196,design_000196,27.5,110,False,nan
196,design_000196,30.0,120,False,nan
196,design_000196,32.5,130,False,nan
196,design_000196,35.0,140,False,nan
196,design_000196,37.5,150,False,nan
196,design_000196,40.0,160,False,nan
196,design_000196,42.5,170,False,nan
196,design_000196,45.0,180,False,nan
197,design_000197,0.0,0,True,0.0023759640488993775
197,design_000197,2.5,10,True,0.027749515781494073
197,design_000197,5.0,20,True,0.011930924079140086
197,design_000197,7.5,30,True,0.028478230901031985
197,design_000197,10.0,40,True,0.05118397725509613
197,design_000197,12.5,50,True,0.054309328663962084
197,design_000197,15.0,60,True,0.0450352162370674
197,design_000197,17.5,70,True,0.03010350194887033
197,design_000197,20.0,80,True,0.014223738508776514
197,design_000197,22.5,90,True,0.006236494406378381
197,design_000197,25.0,100,True,0.002556942180034556
197,design_000197,27.5,110,True,0.0031208706243185877
197,design_000197,30.0,120,True,0.0014022094210274162
197,design_000197,32.5,130,True,0.002603977120724065
197,design_000197,35.0,140,True,0.004625510685307639
197,design_000197,37.5,150,True,0.004926530897349107
197,design_000197,40.0,160,True,0.00664377808430353
197,design_000197,42.5,170,True,0.007004764746115844
197,design_000197,45.0,180,True,0.008435439315175257
198,design_000198,0.0,0,True,0.0018235328977448228
198,design_000198,2.5,10,True,0.026494953206280234
198,design_000198,5.0,20,True,0.11381725978366976
198,design_000198,7.5,30,True,0.19266306109217585
198,design_000198,10.0,40,True,0.20186916820185288
198,design_000198,12.5,50,True,0.11073713611773048
198,design_000198,15.0,60,True,0.04690672229343941
198,design_000198,17.5,70,True,0.018290216280114336
198,design_000198,20.0,80,True,0.009803993764087518
198,design_000198,22.5,90,True,0.00630689609101754
198,design_000198,25.0,100,True,0.005977239277891798
198,design_000198,27.5,110,True,0.007587222211111046
198,design_000198,30.0,120,True,0.0063493635263398365
198,design_000198,32.5,130,True,0.00891824203879541
198,design_000198,35.0,140,True,0.012016940392633388
198,design_000198,37.5,150,True,0.013820583359627762
198,design_000198,40.0,160,True,0.017283961448097823
198,design_000198,42.5,170,True,0.015403278954829505
198,design_000198,45.0,180,True,0.015639284353301856
199,design_000199,0.0,0,True,0.002302391781986803
199,design_000199,2.5,10,True,0.018413123509856855
199,design_000199,5.0,20,True,0.03539212318451448
199,design_000199,7.5,30,True,0.03594017139760508
199,design_000199,10.0,40,True,0.03429749410675714
199,design_000199,12.5,50,True,0.039874032618604394
199,design_000199,15.0,60,True,0.04165035372430339
199,design_000199,17.5,70,True,0.028370901682330668
199,design_000199,20.0,80,True,0.016625543451733574
199,design_000199,22.5,90,True,0.013278260427067125
199,design_000199,25.0,100,True,0.007734172807182447
199,design_000199,27.5,110,True,0.003890736521136021
199,design_000199,30.0,120,True,0.002846183873999062
199,design_000199,32.5,130,True,0.002970088307063039
199,design_000199,35.0,140,True,0.003932596764638295
199,design_000199,37.5,150,True,0.0036188221565868427
199,design_000199,40.0,160,True,0.005990462137441334
199,design_000199,42.5,170,True,0.006949050682161065
199,design_000199,45.0,180,True,0.0102981077041512
200,design_000200,0.0,0,True,0.002428273715170357
200,design_000200,2.5,10,True,0.02159981106982746
200,design_000200,5.0,20,True,0.025715343550571444
200,design_000200,7.5,30,True,0.01862651511283308
200,design_000200,10.0,40,True,0.01742435587632811
200,design_000200,12.5,50,True,0.015701741592446104
200,design_000200,15.0,60,True,0.01342299793472694
200,design_000200,17.5,70,True,0.0059037493763050754
200,design_000200,20.0,80,True,0.0061704779434035755
200,design_000200,22.5,90,True,0.008761713414595425
200,design_000200,25.0,100,True,0.008594450056319446
200,design_000200,27.5,110,True,0.006839955576179137
200,design_000200,30.0,120,True,0.0015079345590207165
200,design_000200,32.5,130,True,0.002469666198578779
200,design_000200,35.0,140,True,0.0051407028180044355
200,design_000200,37.5,150,True,0.007399977975820609
200,design_000200,40.0,160,True,0.00799304394039949
200,design_000200,42.5,170,True,0.007305526074410949
200,design_000200,45.0,180,True,0.00852226863293286
201,design_000201,0.0,0,True,0.001918787220593183
201,design_000201,2.5,10,True,0.009435299187704199
201,design_000201,5.0,20,True,0.020931480112310896
201,design_000201,7.5,30,True,0.03289748584796198
201,design_000201,10.0,40,True,0.032563810396181996
201,design_000201,12.5,50,True,0.02368560271668565
201,design_000201,15.0,60,True,0.021794803934589813
201,design_000201,17.5,70,True,0.014897330866892378
201,design_000201,20.0,80,True,0.009743417444884522
201,design_000201,22.5,90,True,0.009789257409065145
201,design_000201,25.0,100,True,0.006428470924235404
201,design_000201,27.5,110,True,0.004556145213513243
201,design_000201,30.0,120,True,0.0021159624759255332
201,design_000201,32.5,130,True,0.0020276694951470295
201,design_000201,35.0,140,True,0.003894428751802833
201,design_000201,37.5,150,True,0.0035510967756208923
201,design_000201,40.0,160,True,0.005374364064106761
201,design_000201,42.5,170,True,0.00498336818099919
201,design_000201,45.0,180,True,0.007182703833435958
202,design_000202,0.0,0,True,0.002252206039665655
202,design_000202,2.5,10,True,0.005707722153252148
202,design_000202,5.0,20,True,0.009230654041445172
202,design_000202,7.5,30,True,0.01364802843041131
202,design_000202,10.0,40,True,0.01653773000057538
202,design_000202,12.5,50,True,0.016098877795443722
202,design_000202,15.0,60,True,0.01534265613332249
202,design_000202,17.5,70,True,0.008971659698549177
202,design_000202,20.0,80,True,0.004997610046794169
202,design_000202,22.5,90,True,0.008275498001538786
202,design_000202,25.0,100,True,0.008613636390957446
202,design_000202,27.5,110,True,0.00669969713464638
202,design_000202,30.0,120,True,0.0026735289672400403
202,design_000202,32.5,130,True,0.003138086534597094
202,design_000202,35.0,140,True,0.004944753173298523
202,design_000202,37.5,150,True,0.005848669004907843
202,design_000202,40.0,160,True,0.0069076734488315444
202,design_000202,42.5,170,True,0.006448924758358159
202,design_000202,45.0,180,True,0.007641055404114194
203,design_000203,0.0,0,True,0.0022212995831643
203,design_000203,2.5,10,True,0.007346517048370498
203,design_000203,5.0,20,True,0.007452891872858919
203,design_000203,7.5,30,True,0.0067986975555790665
203,design_000203,10.0,40,True,0.01680117891301114
203,design_000203,12.5,50,True,0.024876577978792346
203,design_000203,15.0,60,True,0.025844508690561024
203,design_000203,17.5,70,True,0.021928629785615755
203,design_000203,20.0,80,True,0.018929495923467224
203,design_000203,22.5,90,True,0.017492594775245555
203,design_000203,25.0,100,True,0.01315776299200169
203,design_000203,27.5,110,True,0.006818032772414648
203,design_000203,30.0,120,True,0.004092125823531015
203,design_000203,32.5,130,True,0.0023690877009587726
203,design_000203,35.0,140,True,0.002686029921391873
203,design_000203,37.5,150,True,0.003107065684535931
203,design_000203,40.0,160,True,0.00492011842107579
203,design_000203,42.5,170,True,0.0067921413138395245
203,design_000203,45.0,180,True,0.008388971929351096
204,design_000204,0.0,0,True,0.0023472498829474565
204,design_000204,2.5,10,True,0.011142773709740698
204,design_000204,5.0,20,True,0.02856549564057445
204,design_000204,7.5,30,True,0.014285901491432062
204,design_000204,10.0,40,True,0.014580183592145718
204,design_000204,12.5,50,True,0.02153624673219296
204,design_000204,15.0,60,True,0.02091477132185144
204,design_000204,17.5,70,True,0.021825345783507782
204,design_000204,20.0,80,True,0.02321157576065402
204,design_000204,22.5,90,True,0.02780303764328068
204,design_000204,25.0,100,True,0.022388939538529155
204,design_000204,27.5,110,True,0.012328014956274908
204,design_000204,30.0,120,True,0.004826826313815997
204,design_000204,32.5,130,True,0.002058709460248038
204,design_000204,35.0,140,True,0.002521483857114363
204,design_000204,37.5,150,True,0.003255831164276677
204,design_000204,40.0,160,True,0.005394784870859555
204,design_000204,42.5,170,True,0.004530081756739587
204,design_000204,45.0,180,True,0.006548206131864589
205,design_000205,0.0,0,True,0.0023363644472967787
205,design_000205,2.5,10,True,0.010969948475870218
205,design_000205,5.0,20,True,0.022219303151243104
205,design_000205,7.5,30,True,0.01299761914256889
205,design_000205,10.0,40,True,0.020177211233855477
205,design_000205,12.5,50,True,0.01256847577698585
205,design_000205,15.0,60,True,0.009296945687303913
205,design_000205,17.5,70,True,0.006345134156406879
205,design_000205,20.0,80,True,0.003094704290770204
205,design_000205,22.5,90,True,0.004761245031564838
205,design_000205,25.0,100,True,0.005605586384294597
205,design_000205,27.5,110,True,0.006565058906292815
205,design_000205,30.0,120,True,0.0036465232151211497
205,design_000205,32.5,130,True,0.004858846121794087
205,design_000205,35.0,140,True,0.006074591358139661
205,design_000205,37.5,150,True,0.006461654409829338
205,design_000205,40.0,160,True,0.005362965547114837
205,design_000205,42.5,170,True,0.0036134061000082625
205,design_000205,45.0,180,True,0.004632138888337597
206,design_000206,0.0,0,True,0.0019971330033815436
206,design_000206,2.5,10,True,0.002254846086792648
206,design_000206,5.0,20,True,0.007135206686062712
206,design_000206,7.5,30,True,0.026926144242670848
206,design_000206,10.0,40,True,0.030865653213280043
206,design_000206,12.5,50,True,0.03184377399448224
206,design_000206,15.0,60,True,0.03082970318076761
206,design_000206,17.5,70,True,0.02418939747968741
206,design_000206,20.0,80,True,0.01761226827059368
206,design_000206,22.5,90,True,0.0172466225843202
206,design_000206,25.0,100,True,0.014954680377140966
206,design_000206,27.5,110,True,0.01047587846163084
206,design_000206,30.0,120,True,0.004881149156868133
206,design_000206,32.5,130,True,0.0044100760226901525
206,design_000206,35.0,140,True,0.004984190336022322
206,design_000206,37.5,150,True,0.005266565701042735
206,design_000206,40.0,160,True,0.0064662183618893745
206,design_000206,42.5,170,True,0.0059608018353317855
206,design_000206,45.0,180,True,0.00735526068194973
207,design_000207,0.0,0,True,0.002406094407957495
207,design_000207,2.5,10,True,0.0055172243044299615
207,design_000207,5.0,20,True,0.03368407768112824
207,design_000207,7.5,30,True,0.06012539525947176
207,design_000207,10.0,40,True,0.06293050393819077
207,design_000207,12.5,50,True,0.055272610936721804
207,design_000207,15.0,60,True,0.04626263502567249
207,design_000207,17.5,70,True,0.03223280774586346
207,design_000207,20.0,80,True,0.017830103841353754
207,design_000207,22.5,90,True,0.011451221961078695
207,design_000207,25.0,100,True,0.005798186251689161
207,design_000207,27.5,110,True,0.0028392719963425666
207,design_000207,30.0,120,True,0.0006104327717768813
207,design_000207,32.5,130,True,0.0014694886629855234
207,design_000207,35.0,140,True,0.0024296874592625787
207,design_000207,37.5,150,True,0.003278953922221179
207,design_000207,40.0,160,True,0.004992050574765526
207,design_000207,42.5,170,True,0.004898910648348791
207,design_000207,45.0,180,True,0.007261264319561978
208,design_000208,0.0,0,True,0.002247235048874009
208,design_000208,2.5,10,True,0.010185083441349779
208,design_000208,5.0,20,True,0.07461262861927526
208,design_000208,7.5,30,True,0.14179271483939757
208,design_000208,10.0,40,True,0.16137133908086337
208,design_000208,12.5,50,True,0.11736277107910707
208,design_000208,15.0,60,True,0.06623134764275977
208,design_000208,17.5,70,True,0.035036307771293476
208,design_000208,20.0,80,True,0.017286917268914653
208,design_000208,22.5,90,True,0.008825942261084053
208,design_000208,25.0,100,True,0.00559323749866846
208,design_000208,27.5,110,True,0.005523698999024086
208,design_000208,30.0,120,True,0.003912528005188372
208,design_000208,32.5,130,True,0.003979849108901288
208,design_000208,35.0,140,True,0.00628270730094254
208,design_000208,37.5,150,True,0.006905802290391991
208,design_000208,40.0,160,True,0.009863455335411803
208,design_000208,42.5,170,True,0.007932910162425488
208,design_000208,45.0,180,True,0.009872981801301344
209,design_000209,0.0,0,True,0.0020246592266820575
209,design_000209,2.5,10,True,0.006149482152737595
209,design_000209,5.0,20,True,0.046313012730530095
209,design_000209,7.5,30,True,0.10074430606532639
209,design_000209,10.0,40,True,0.09799596998915941
209,design_000209,12.5,50,True,0.04835493767987646
209,design_000209,15.0,60,True,0.03043278468352427
209,design_000209,17.5,70,True,0.01873375057452653
209,design_000209,20.0,80,True,0.010209438324425918
209,design_000209,22.5,90,True,0.010185068280762318
209,design_000209,25.0,100,True,0.006397104248122759
209,design_000209,27.5,110,True,0.0032481738179858484
209,design_000209,30.0,120,True,0.0009007631276571181
209,design_000209,32.5,130,True,0.0009116316404036133
209,design_000209,35.0,140,True,0.0034282409212408717
209,design_000209,37.5,150,True,0.004645440798445477
209,design_000209,40.0,160,True,0.006597307126144845
209,design_000209,42.5,170,True,0.00910405544593703
209,design_000209,45.0,180,True,0.012695360770430918
210,design_000210,0.0,0,False,nan
210,design_000210,2.5,10,False,nan
210,design_000210,5.0,20,False,nan
210,design_000210,7.5,30,False,nan
210,design_000210,10.0,40,False,nan
210,design_000210,12.5,50,False,nan
210,design_000210,15.0,60,False,nan
210,design_000210,17.5,70,False,nan
210,design_000210,20.0,80,False,nan
210,design_000210,22.5,90,False,nan
210,design_000210,25.0,100,False,nan
210,design_000210,27.5,110,False,nan
210,design_000210,30.0,120,False,nan
210,design_000210,32.5,130,False,nan
210,design_000210,35.0,140,False,nan
210,design_000210,37.5,150,False,nan
210,design_000210,40.0,160,False,nan
210,design_000210,42.5,170,False,nan
210,design_000210,45.0,180,False,nan
211,design_000211,0.0,0,True,0.0018834790906728078
211,design_000211,2.5,10,True,0.014649768351437486
211,design_000211,5.0,20,True,0.08715092819303911
211,design_000211,7.5,30,True,0.07827566042544651
211,design_000211,10.0,40,True,0.02185315090805629
211,design_000211,12.5,50,True,0.01079546708027087
211,design_000211,15.0,60,True,0.010432646741013782
211,design_000211,17.5,70,True,0.006143100837380959
211,design_000211,20.0,80,True,0.004280171829260141
211,design_000211,22.5,90,True,0.007150240071854974
211,design_000211,25.0,100,True,0.006448486669280154
211,design_000211,27.5,110,True,0.004483945950845537
211,design_000211,30.0,120,True,0.0023295550870501757
211,design_000211,32.5,130,True,0.0020282442144363044
211,design_000211,35.0,140,True,0.0037257169190307565
211,design_000211,37.5,150,True,0.005346813497859242
211,design_000211,40.0,160,True,0.00866027200726813
211,design_000211,42.5,170,True,0.010028140917479784
211,design_000211,45.0,180,True,0.012065117556658737
212,design_000212,0.0,0,True,0.0020278524511708387
212,design_000212,2.5,10,True,0.0026578008391445703
212,design_000212,5.0,20,True,0.01647411317061743
212,design_000212,7.5,30,True,0.048296360699690746
212,design_000212,10.0,40,True,0.07989127246763089
212,design_000212,12.5,50,True,0.030687954794256345
212,design_000212,15.0,60,True,0.016600428648578705
212,design_000212,17.5,70,True,0.011028172810009063
212,design_000212,20.0,80,True,0.008596111252476524
212,design_000212,22.5,90,True,0.00912384308045658
212,design_000212,25.0,100,True,0.0066794702742549745
212,design_000212,27.5,110,True,0.005709241783904116
212,design_000212,30.0,120,True,0.004569620351656624
212,design_000212,32.5,130,True,0.002233502036423289
212,design_000212,35.0,140,True,0.0021384363179661136
212,design_000212,37.5,150,True,0.002743689721581335
212,design_000212,40.0,160,True,0.005696133162857739
212,design_000212,42.5,170,True,0.005095109952421007
212,design_000212,45.0,180,True,0.007190918391238582
213,design_000213,0.0,0,True,0.002183992396244795
213,design_000213,2.5,10,True,0.014596151574330134
213,design_000213,5.0,20,True,0.051357194215394475
213,design_000213,7.5,30,True,0.03414155396847907
213,design_000213,10.0,40,True,0.029598965803780762
213,design_000213,12.5,50,True,0.018954527578162964
213,design_000213,15.0,60,True,0.015518440227951614
213,design_000213,17.5,70,True,0.01295465448032847
213,design_000213,20.0,80,True,0.015741687191435528
213,design_000213,22.5,90,True,0.017021989149271013
213,design_000213,25.0,100,True,0.015170285563835212
213,design_000213,27.5,110,True,0.01187184533070959
213,design_000213,30.0,120,True,0.008312275383534488
213,design_000213,32.5,130,True,0.00835638825883364
213,design_000213,35.0,140,True,0.007995480564422777
213,design_000213,37.5,150,True,0.007977627920021184
213,design_000213,40.0,160,True,0.006634139753999608
213,design_000213,42.5,170,True,0.006350317527091447
213,design_000213,45.0,180,True,0.007254541633035863
214,design_000214,0.0,0,True,0.002197307699564268
214,design_000214,2.5,10,True,0.034683059133040636
214,design_000214,5.0,20,True,0.017537126596477413
214,design_000214,7.5,30,True,0.009043682641727495
214,design_000214,10.0,40,True,0.01878890332742924
214,design_000214,12.5,50,True,0.026332537106684983
214,design_000214,15.0,60,True,0.031245795664021622
214,design_000214,17.5,70,True,0.03595298441619808
214,design_000214,20.0,80,True,0.03402186056609619
214,design_000214,22.5,90,True,0.03739349050328548
214,design_000214,25.0,100,True,0.03013565270918488
214,design_000214,27.5,110,True,0.017719985046024532
214,design_000214,30.0,120,True,0.006350828265226876
214,design_000214,32.5,130,True,0.0037666672170177896
214,design_000214,35.0,140,True,0.004624532868209797
214,design_000214,37.5,150,True,0.004383147227242411
214,design_000214,40.0,160,True,0.005133285852645523
214,design_000214,42.5,170,True,0.004816487852067468
214,design_000214,45.0,180,True,0.007104827234075226
215,design_000215,0.0,0,True,0.0021029568872629966
215,design_000215,2.5,10,True,0.0019784391060397076
215,design_000215,5.0,20,True,0.008412189985196609
215,design_000215,7.5,30,True,0.034436412316001384
215,design_000215,10.0,40,True,0.06665222755655147
215,design_000215,12.5,50,True,0.07929046245696778
215,design_000215,15.0,60,True,0.07627908838258987
215,design_000215,17.5,70,True,0.05798144739921269
215,design_000215,20.0,80,True,0.04536711107050606
215,design_000215,22.5,90,True,0.03288983748967819
215,design_000215,25.0,100,True,0.026844257566756187
215,design_000215,27.5,110,True,0.023770748167311506
215,design_000215,30.0,120,True,0.013614516158356293
215,design_000215,32.5,130,True,0.017413296404065495
215,design_000215,35.0,140,True,0.016578427812217026
215,design_000215,37.5,150,True,0.012804808839371708
215,design_000215,40.0,160,True,0.014067590569100941
215,design_000215,42.5,170,True,0.012488087528255106
215,design_000215,45.0,180,True,0.012483691070336825
216,design_000216,0.0,0,True,0.0023475396694883893
216,design_000216,2.5,10,True,0.002733148046363307
216,design_000216,5.0,20,True,0.007687457941035987
216,design_000216,7.5,30,True,0.016341487655890368
216,design_000216,10.0,40,True,0.015022644298086746
216,design_000216,12.5,50,True,0.007177029453840929
216,design_000216,15.0,60,True,0.00626580057772849
216,design_000216,17.5,70,True,0.002653614438743584
216,design_000216,20.0,80,True,0.0012693835424086928
216,design_000216,22.5,90,True,0.0031668109726976377
216,design_000216,25.0,100,True,0.003928459266680073
216,design_000216,27.5,110,True,0.003335197014135206
216,design_000216,30.0,120,True,0.0023959299667367295
216,design_000216,32.5,130,True,0.0020586118406796614
216,design_000216,35.0,140,True,0.003566502061072027
216,design_000216,37.5,150,True,0.004025942565104816
216,design_000216,40.0,160,True,0.005861707767579115
216,design_000216,42.5,170,True,0.007391166825701277
216,design_000216,45.0,180,True,0.007740629923473736
217,design_000217,0.0,0,True,0.002171574089714306
217,design_000217,2.5,10,True,0.0027637214106947883
217,design_000217,5.0,20,True,0.0227407336818871
217,design_000217,7.5,30,True,0.041360739758666915
217,design_000217,10.0,40,True,0.023820709650381716
217,design_000217,12.5,50,True,0.02121309800130843
217,design_000217,15.0,60,True,0.022889591992766904
217,design_000217,17.5,70,True,0.019859227262586845
217,design_000217,20.0,80,True,0.014957112043297298
217,design_000217,22.5,90,True,0.013710656630849673
217,design_000217,25.0,100,True,0.008430240880625392
217,design_000217,27.5,110,True,0.00556720728696901
217,design_000217,30.0,120,True,0.0033847615522427975
217,design_000217,32.5,130,True,0.0016171884521877459
217,design_000217,35.0,140,True,0.002423180023409582
217,design_000217,37.5,150,True,0.0033629586276536214
217,design_000217,40.0,160,True,0.007967991541579036
217,design_000217,42.5,170,True,0.007786478259496185
217,design_000217,45.0,180,True,0.009792078063379155
218,design_000218,0.0,0,True,0.0021137500355446585
218,design_000218,2.5,10,True,0.002419410196718516
218,design_000218,5.0,20,True,0.0025702512482332885
218,design_000218,7.5,30,True,0.008985799101927747
218,design_000218,10.0,40,True,0.015450602033416142
218,design_000218,12.5,50,True,0.024447878766633208
218,design_000218,15.0,60,True,0.020270349569105985
218,design_000218,17.5,70,True,0.014237442472920508
218,design_000218,20.0,80,True,0.0098071669913502
218,design_000218,22.5,90,True,0.009453474780522709
218,design_000218,25.0,100,True,0.008123483090004015
218,design_000218,27.5,110,True,0.005231325728005202
218,design_000218,30.0,120,True,0.003997251335783705
218,design_000218,32.5,130,True,0.0032260865698617797
218,design_000218,35.0,140,True,0.0030890705837694583
218,design_000218,37.5,150,True,0.003811247690346812
218,design_000218,40.0,160,True,0.004099288666064947
218,design_000218,42.5,170,True,0.004239168892135838
218,design_000218,45.0,180,True,0.006477914268039035
219,design_000219,0.0,0,True,0.00212769714241785
219,design_000219,2.5,10,True,0.005030549632011582
219,design_000219,5.0,20,True,0.031163697056824317
219,design_000219,7.5,30,True,0.06993245561319261
219,design_000219,10.0,40,True,0.08204682770572479
219,design_000219,12.5,50,True,0.048269270511022255
219,design_000219,15.0,60,True,0.03257865473332546
219,design_000219,17.5,70,True,0.0178312122961186
219,design_000219,20.0,80,True,0.012478305311515416
219,design_000219,22.5,90,True,0.01364891153262231
219,design_000219,25.0,100,True,0.009313490261195937
219,design_000219,27.5,110,True,0.005550111844983642
219,design_000219,30.0,120,True,0.0027633812547897493
219,design_000219,32.5,130,True,0.003077731125854668
219,design_000219,35.0,140,True,0.0053248054075316
219,design_000219,37.5,150,True,0.0052714409811652485
219,design_000219,40.0,160,True,0.0083180019103156
219,design_000219,42.5,170,True,0.009452179150782114
219,design_000219,45.0,180,True,0.00988899517923416
220,design_000220,0.0,0,True,0.0020190668587426906
220,design_000220,2.5,10,True,0.02166464395118549
220,design_000220,5.0,20,True,0.12278526723560967
220,design_000220,7.5,30,True,0.2082719216206006
220,design_000220,10.0,40,True,0.23149525382938385
220,design_000220,12.5,50,True,0.1663446659694478
220,design_000220,15.0,60,True,0.10204589801797559
220,design_000220,17.5,70,True,0.06806175095713107
220,design_000220,20.0,80,True,0.04835942554759019
220,design_000220,22.5,90,True,0.03645960710714059
220,design_000220,25.0,100,True,0.027006130451947354
220,design_000220,27.5,110,True,0.02045827045110614
220,design_000220,30.0,120,True,0.012536404014046364
220,design_000220,32.5,130,True,0.015486084062939899
220,design_000220,35.0,140,True,0.01682645210085635
220,design_000220,37.5,150,True,0.014850170824378256
220,design_000220,40.0,160,True,0.014502369328677028
220,design_000220,42.5,170,True,0.014601318678575137
220,design_000220,45.0,180,True,0.016980651206823405
221,design_000221,0.0,0,True,0.0021477641628994443
221,design_000221,2.5,10,True,0.00711012458068874
221,design_000221,5.0,20,True,0.013903173292735575
221,design_000221,7.5,30,True,0.026420692202108166
221,design_000221,10.0,40,True,0.02377892032082096
221,design_000221,12.5,50,True,0.02110580342840341
221,design_000221,15.0,60,True,0.019707096071553847
221,design_000221,17.5,70,True,0.010741040204202695
221,design_000221,20.0,80,True,0.007347603255832342
221,design_000221,22.5,90,True,0.010766975062191222
221,design_000221,25.0,100,True,0.010057913905046626
221,design_000221,27.5,110,True,0.0057435772805138055
221,design_000221,30.0,120,True,0.003010895437389401
221,design_000221,32.5,130,True,0.0014427696441571063
221,design_000221,35.0,140,True,0.0025432286794601234
221,design_000221,37.5,150,True,0.0035872123027191395
221,design_000221,40.0,160,True,0.006921790776309361
221,design_000221,42.5,170,True,0.007621452545272273
221,design_000221,45.0,180,True,0.008899220257079767
222,design_000222,0.0,0,True,0.0019873021759792006
222,design_000222,2.5,10,True,0.05550397899058747
222,design_000222,5.0,20,True,0.005948483484424944
222,design_000222,7.5,30,True,0.005652701143055433
222,design_000222,10.0,40,True,0.013350051040739348
222,design_000222,12.5,50,True,0.021198603868161782
222,design_000222,15.0,60,True,0.0237819277222177
222,design_000222,17.5,70,True,0.01956283933159022
222,design_000222,20.0,80,True,0.017780873398255
222,design_000222,22.5,90,True,0.016727895146674512
222,design_000222,25.0,100,True,0.011917479309026627
222,design_000222,27.5,110,True,0.005173045812066306
222,design_000222,30.0,120,True,0.0023757693793850943
222,design_000222,32.5,130,True,0.001667313235533263
222,design_000222,35.0,140,True,0.002399588048652296
222,design_000222,37.5,150,True,0.003162665932373817
222,design_000222,40.0,160,True,0.0050570160562276294
222,design_000222,42.5,170,True,0.006572909346538104
222,design_000222,45.0,180,True,0.00835332310645871
223,design_000223,0.0,0,True,0.0022121647769646037
223,design_000223,2.5,10,True,0.011426205034393785
223,design_000223,5.0,20,True,0.007029733996691249
223,design_000223,7.5,30,True,0.015777096290256646
223,design_000223,10.0,40,True,0.024160962012586072
223,design_000223,12.5,50,True,0.02229546921904528
223,design_000223,15.0,60,True,0.023176600173896073
223,design_000223,17.5,70,True,0.011713041552985838
223,design_000223,20.0,80,True,0.007456421822243253
223,design_000223,22.5,90,True,0.008230454452523702
223,design_000223,25.0,100,True,0.007041235664239165
223,design_000223,27.5,110,True,0.006049701680912566
223,design_000223,30.0,120,True,0.00455760470788736
223,design_000223,32.5,130,True,0.002752248278201839
223,design_000223,35.0,140,True,0.0033360614795117332
223,design_000223,37.5,150,True,0.003843846206053253
223,design_000223,40.0,160,True,0.006213145386560049
223,design_000223,42.5,170,True,0.006107540022531463
223,design_000223,45.0,180,True,0.006952085177567896
224,design_000224,0.0,0,True,0.0022076727136795893
224,design_000224,2.5,10,True,0.005135450385703733
224,design_000224,5.0,20,True,0.01620955388645573
224,design_000224,7.5,30,True,0.01005168287485671
224,design_000224,10.0,40,True,0.008094757258930104
224,design_000224,12.5,50,True,0.013628454048267005
224,design_000224,15.0,60,True,0.014899460375601305
224,design_000224,17.5,70,True,0.015370155407385785
224,design_000224,20.0,80,True,0.013976700673481453
224,design_000224,22.5,90,True,0.015421447928584006
224,design_000224,25.0,100,True,0.01202150009741967
224,design_000224,27.5,110,True,0.006825627710819701
224,design_000224,30.0,120,True,0.0026279125106647974
224,design_000224,32.5,130,True,0.0027255159192244435
224,design_000224,35.0,140,True,0.00321307879223988
224,design_000224,37.5,150,True,0.0026665036288222137
224,design_000224,40.0,160,True,0.0037554554162132284
224,design_000224,42.5,170,True,0.004173034874777138
224,design_000224,45.0,180,True,0.005251246565994728
225,design_000225,0.0,0,True,0.0020432727616090047
225,design_000225,2.5,10,True,0.009424925785481438
225,design_000225,5.0,20,True,0.0037259867599553445
225,design_000225,7.5,30,True,0.010590860207132449
225,design_000225,10.0,40,True,0.02041329778595328
225,design_000225,12.5,50,True,0.029009474827972163
225,design_000225,15.0,60,True,0.0311341990993797
225,design_000225,17.5,70,True,0.021288247662081462
225,design_000225,20.0,80,True,0.016923048980641033
225,design_000225,22.5,90,True,0.016916719724221728
225,design_000225,25.0,100,True,0.013524216433054216
225,design_000225,27.5,110,True,0.008177939344447108
225,design_000225,30.0,120,True,0.004783836897197783
225,design_000225,32.5,130,True,0.0029555188521015177
225,design_000225,35.0,140,True,0.0029771566379363837
225,design_000225,37.5,150,True,0.0037098043439168053
225,design_000225,40.0,160,True,0.006292984243148938
225,design_000225,42.5,170,True,0.006536307529089553
225,design_000225,45.0,180,True,0.008103578603084164
226,design_000226,0.0,0,True,0.0021565317987756005
226,design_000226,2.5,10,True,0.011838048766231086
226,design_000226,5.0,20,True,0.04279998934265464
226,design_000226,7.5,30,True,0.003783092497380041
226,design_000226,10.0,40,True,0.009077144606438381
226,design_000226,12.5,50,True,0.017307805697614184
226,design_000226,15.0,60,True,0.02298482966050592
226,design_000226,17.5,70,True,0.023152801720110618
226,design_000226,20.0,80,True,0.018816229972658964
226,design_000226,22.5,90,True,0.01727237492419766
226,design_000226,25.0,100,True,0.010492381568588584
226,design_000226,27.5,110,True,0.005450118524893169
226,design_000226,30.0,120,True,0.0027036134126811545
226,design_000226,32.5,130,True,0.002418410715788417
226,design_000226,35.0,140,True,0.003388194130775114
226,design_000226,37.5,150,True,0.004255935908187031
226,design_000226,40.0,160,True,0.006244280296719147
226,design_000226,42.5,170,True,0.008076258387469877
226,design_000226,45.0,180,True,0.009667007591824844
227,design_000227,0.0,0,True,0.0021131030191602522
227,design_000227,2.5,10,True,0.009782876453878944
227,design_000227,5.0,20,True,0.004159550535620856
227,design_000227,7.5,30,True,0.008009180738844416
227,design_000227,10.0,40,True,0.01756787212130567
227,design_000227,12.5,50,True,0.027241082974037857
227,design_000227,15.0,60,True,0.03258591618708304
227,design_000227,17.5,70,True,0.03632460581757434
227,design_000227,20.0,80,True,0.03178189371370291
227,design_000227,22.5,90,True,0.03107413552052798
227,design_000227,25.0,100,True,0.024037337741471862
227,design_000227,27.5,110,True,0.012975956986466902
227,design_000227,30.0,120,True,0.005699381163225993
227,design_000227,32.5,130,True,0.0036245722017681525
227,design_000227,35.0,140,True,0.005811940007089194
227,design_000227,37.5,150,True,0.00669040519410113
227,design_000227,40.0,160,True,0.007803682658816405
227,design_000227,42.5,170,True,0.008905250913953461
227,design_000227,45.0,180,True,0.011963337682892972
228,design_000228,0.0,0,True,0.002103924224437044
228,design_000228,2.5,10,True,0.004966807781592777
228,design_000228,5.0,20,True,0.025399369929421704
228,design_000228,7.5,30,True,0.050930968274779206
228,design_000228,10.0,40,True,0.07246034824143704
228,design_000228,12.5,50,True,0.06840264559963702
228,design_000228,15.0,60,True,0.05769473429681586
228,design_000228,17.5,70,True,0.03188447760765749
228,design_000228,20.0,80,True,0.020583094489417027
228,design_000228,22.5,90,True,0.012890374470105251
228,design_000228,25.0,100,True,0.007507107465770255
228,design_000228,27.5,110,True,0.004885316354011093
228,design_000228,30.0,120,True,0.0020791328676067772
228,design_000228,32.5,130,True,0.004686111278763762
228,design_000228,35.0,140,True,0.007387748833854546
228,design_000228,37.5,150,True,0.007933500320814607
228,design_000228,40.0,160,True,0.010595782239767417
228,design_000228,42.5,170,True,0.009946217417448697
228,design_000228,45.0,180,True,0.010972680204263091
229,design_000229,0.0,0,True,0.0021276864815269023
229,design_000229,2.5,10,True,0.003477131433859383
229,design_000229,5.0,20,True,0.005721339185108643
229,design_000229,7.5,30,True,0.025517728589939746
229,design_000229,10.0,40,True,0.03166037213715797
229,design_000229,12.5,50,True,0.034298184859747415
229,design_000229,15.0,60,True,0.045251628703711966
229,design_000229,17.5,70,True,0.04480401164153622
229,design_000229,20.0,80,True,0.04106079435216757
229,design_000229,22.5,90,True,0.04087692756615212
229,design_000229,25.0,100,True,0.034569064767454576
229,design_000229,27.5,110,True,0.026037941709001138
229,design_000229,30.0,120,True,0.01379518923433586
229,design_000229,32.5,130,True,0.012081997811184911
229,design_000229,35.0,140,True,0.012844784257911388
229,design_000229,37.5,150,True,0.010466618985250795
229,design_000229,40.0,160,True,0.011722319173899601
229,design_000229,42.5,170,True,0.011559473823744247
229,design_000229,45.0,180,True,0.01223396304380411
230,design_000230,0.0,0,True,0.0020079016311825367
230,design_000230,2.5,10,True,0.001659256423300446
230,design_000230,5.0,20,True,0.014283845436858917
230,design_000230,7.5,30,True,0.027853144041193684
230,design_000230,10.0,40,True,0.03860553565804613
230,design_000230,12.5,50,True,0.03786082569869241
230,design_000230,15.0,60,True,0.035374080667204655
230,design_000230,17.5,70,True,0.018760253537116578
230,design_000230,20.0,80,True,0.007155788783799698
230,design_000230,22.5,90,True,0.006988711942781792
230,design_000230,25.0,100,True,0.0068950669390726756
230,design_000230,27.5,110,True,0.00674165166274656
230,design_000230,30.0,120,True,0.003932264405154828
230,design_000230,32.5,130,True,0.003631141639584695
230,design_000230,35.0,140,True,0.0049708300501501955
230,design_000230,37.5,150,True,0.005513894967617481
230,design_000230,40.0,160,True,0.00819444341273402
230,design_000230,42.5,170,True,0.007270540232647664
230,design_000230,45.0,180,True,0.007591728680841319
231,design_000231,0.0,0,True,0.002332821447010171
231,design_000231,2.5,10,True,0.005046370530429393
231,design_000231,5.0,20,True,0.04957383005774907
231,design_000231,7.5,30,True,0.020583729154532215
231,design_000231,10.0,40,True,0.016410009942364794
231,design_000231,12.5,50,True,0.011503439041921519
231,design_000231,15.0,60,True,0.00952242933732504
231,design_000231,17.5,70,True,0.006651406712437367
231,design_000231,20.0,80,True,0.00993279091640126
231,design_000231,22.5,90,True,0.011574239094781497
231,design_000231,25.0,100,True,0.009836612019311141
231,design_000231,27.5,110,True,0.008126040702549086
231,design_000231,30.0,120,True,0.005126653542129465
231,design_000231,32.5,130,True,0.005171590947208154
231,design_000231,35.0,140,True,0.0061352094655070175
231,design_000231,37.5,150,True,0.006675281302637006
231,design_000231,40.0,160,True,0.006364922886114569
231,design_000231,42.5,170,True,0.005911167201486073
231,design_000231,45.0,180,True,0.00799346551449673
232,design_000232,0.0,0,True,0.0021384734566101122
232,design_000232,2.5,10,True,0.0013430579765743903
232,design_000232,5.0,20,True,0.014519629286453322
232,design_000232,7.5,30,True,0.051032206513327724
232,design_000232,10.0,40,True,0.08326864279624258
232,design_000232,12.5,50,True,0.09110809423074219
232,design_000232,15.0,60,True,0.08589053456256307
232,design_000232,17.5,70,True,0.06442780870115564
232,design_000232,20.0,80,True,0.037353233240052006
232,design_000232,22.5,90,True,0.02834095866498365
232,design_000232,25.0,100,True,0.0188934029899872
232,design_000232,27.5,110,True,0.011020136123628555
232,design_000232,30.0,120,True,0.004897061390460978
232,design_000232,32.5,130,True,0.006930032375944605
232,design_000232,35.0,140,True,0.010745575857573991
232,design_000232,37.5,150,True,0.01129421458723553
232,design_000232,40.0,160,True,0.012422913357066166
232,design_000232,42.5,170,True,0.013566584022473576
232,design_000232,45.0,180,True,0.016311280210379704
233,design_000233,0.0,0,True,0.002198283137414921
233,design_000233,2.5,10,True,0.002636654292575806
233,design_000233,5.0,20,True,0.011401657374571581
233,design_000233,7.5,30,True,0.03540668923916857
233,design_000233,10.0,40,True,0.0425142236932604
233,design_000233,12.5,50,True,0.032702910048068606
233,design_000233,15.0,60,True,0.023505807025333017
233,design_000233,17.5,70,True,0.014468915863743933
233,design_000233,20.0,80,True,0.0094476941875334
233,design_000233,22.5,90,True,0.008063238078585055
233,design_000233,25.0,100,True,0.006040154739972062
233,design_000233,27.5,110,True,0.004385798272733778
233,design_000233,30.0,120,True,0.0024136420392448137
233,design_000233,32.5,130,True,0.002822728121160448
233,design_000233,35.0,140,True,0.0038692909348613017
233,design_000233,37.5,150,True,0.004751860325341993
233,design_000233,40.0,160,True,0.007092935215388678
233,design_000233,42.5,170,True,0.006972761230327478
233,design_000233,45.0,180,True,0.008195554394583717
234,design_000234,0.0,0,True,0.002183606769817729
234,design_000234,2.5,10,True,0.04779722775249453
234,design_000234,5.0,20,True,0.04836926979135317
234,design_000234,7.5,30,True,0.007814520669646892
234,design_000234,10.0,40,True,0.00634340431612045
234,design_000234,12.5,50,True,0.012232685100399704
234,design_000234,15.0,60,True,0.01364112347303848
234,design_000234,17.5,70,True,0.00920473828547719
234,design_000234,20.0,80,True,0.010168124951884986
234,design_000234,22.5,90,True,0.013439681907306163
234,design_000234,25.0,100,True,0.011312571432292116
234,design_000234,27.5,110,True,0.007338731476611043
234,design_000234,30.0,120,True,0.0032652127047437963
234,design_000234,32.5,130,True,0.0030052352327172406
234,design_000234,35.0,140,True,0.003993224435503666
234,design_000234,37.5,150,True,0.005339468979220975
234,design_000234,40.0,160,True,0.00773226418742956
234,design_000234,42.5,170,True,0.008532450753605468
234,design_000234,45.0,180,True,0.009767582920397554
235,design_000235,0.0,0,True,0.0022211250888338066
235,design_000235,2.5,10,True,0.0009382433154803982
235,design_000235,5.0,20,True,0.010008603076989385
235,design_000235,7.5,30,True,0.021763737609940034
235,design_000235,10.0,40,True,0.01155334718975735
235,design_000235,12.5,50,True,0.01289893806806306
235,design_000235,15.0,60,True,0.011364753094869166
235,design_000235,17.5,70,True,0.005344389050567121
235,design_000235,20.0,80,True,0.0033985663273050854
235,design_000235,22.5,90,True,0.005600769867325903
235,design_000235,25.0,100,True,0.005215663311039532
235,design_000235,27.5,110,True,0.0035511718089945464
235,design_000235,30.0,120,True,0.0016665494304773363
235,design_000235,32.5,130,True,0.0019894224230941927
235,design_000235,35.0,140,True,0.003309814754309721
235,design_000235,37.5,150,True,0.003803480411133821
235,design_000235,40.0,160,True,0.004972718991147556
235,design_000235,42.5,170,True,0.005748800333491549
235,design_000235,45.0,180,True,0.006447922419887558
236,design_000236,0.0,0,True,0.0023366128774459155
236,design_000236,2.5,10,True,0.002210333227391917
236,design_000236,5.0,20,True,0.011897255581095938
236,design_000236,7.5,30,True,0.02319316229707389
236,design_000236,10.0,40,True,0.013722527315659545
236,design_000236,12.5,50,True,0.02106036776961915
236,design_000236,15.0,60,True,0.02074080134522097
236,design_000236,17.5,70,True,0.012351132936579252
236,design_000236,20.0,80,True,0.013970416426061154
236,design_000236,22.5,90,True,0.01574552183364073
236,design_000236,25.0,100,True,0.013348435889825526
236,design_000236,27.5,110,True,0.010882392059197655
236,design_000236,30.0,120,True,0.006526791395183327
236,design_000236,32.5,130,True,0.0056898365262609656
236,design_000236,35.0,140,True,0.004527825869575288
236,design_000236,37.5,150,True,0.004728772334568615
236,design_000236,40.0,160,True,0.006257074149083692
236,design_000236,42.5,170,True,0.005686668382303162
236,design_000236,45.0,180,True,0.006491370440856721
237,design_000237,0.0,0,True,0.0022613956392503695
237,design_000237,2.5,10,True,0.023850478175606607
237,design_000237,5.0,20,True,0.009676132359816899
237,design_000237,7.5,30,True,0.020474220995360014
237,design_000237,10.0,40,True,0.036830914586339476
237,design_000237,12.5,50,True,0.04719819463210846
237,design_000237,15.0,60,True,0.049308714920236724
237,design_000237,17.5,70,True,0.03152901129324939
237,design_000237,20.0,80,True,0.018780392210851544
237,design_000237,22.5,90,True,0.01075994063486757
237,design_000237,25.0,100,True,0.0050836126402365525
237,design_000237,27.5,110,True,0.002868997354146095
237,design_000237,30.0,120,True,0.0012177764725459117
237,design_000237,32.5,130,True,0.0016429462453825272
237,design_000237,35.0,140,True,0.004922363055764333
237,design_000237,37.5,150,True,0.006436771202592692
237,design_000237,40.0,160,True,0.009295232296275713
237,design_000237,42.5,170,True,0.010028188809934615
237,design_000237,45.0,180,True,0.012239474386737153
238,design_000238,0.0,0,True,0.0021641836235133907
238,design_000238,2.5,10,True,0.002228781251705205
238,design_000238,5.0,20,True,0.007890184620175694
238,design_000238,7.5,30,True,0.011601339027566587
238,design_000238,10.0,40,True,0.01550351514206361
238,design_000238,12.5,50,True,0.023320763891743562
238,design_000238,15.0,60,True,0.021482714504772207
238,design_000238,17.5,70,True,0.02242022259051214
238,design_000238,20.0,80,True,0.027680118609697272
238,design_000238,22.5,90,True,0.033216408974109254
238,design_000238,25.0,100,True,0.030972296219976797
238,design_000238,27.5,110,True,0.022654933706242966
238,design_000238,30.0,120,True,0.01114271393431088
238,design_000238,32.5,130,True,0.007823093818799183
238,design_000238,35.0,140,True,0.009222951990993655
238,design_000238,37.5,150,True,0.008930678852357515
238,design_000238,40.0,160,True,0.009332705960324003
238,design_000238,42.5,170,True,0.0090969256347142
238,design_000238,45.0,180,True,0.011291057813273171
239,design_000239,0.0,0,True,0.0022597308598600835
239,design_000239,2.5,10,True,0.009700652791442489
239,design_000239,5.0,20,True,0.008688293585599922
239,design_000239,7.5,30,True,0.024377212094696975
239,design_000239,10.0,40,True,0.032940015888119026
239,design_000239,12.5,50,True,0.03590151406094711
239,design_000239,15.0,60,True,0.03395408755479127
239,design_000239,17.5,70,True,0.028757962214799763
239,design_000239,20.0,80,True,0.014766687401634029
239,design_000239,22.5,90,True,0.008047109910649723
239,design_000239,25.0,100,True,0.0053105406716640186
239,design_000239,27.5,110,True,0.005077866359674163
239,design_000239,30.0,120,True,0.003225348971052242
239,design_000239,32.5,130,True,0.0040327456811643046
239,design_000239,35.0,140,True,0.004636371609359855
239,design_000239,37.5,150,True,0.004355914209344634
239,design_000239,40.0,160,True,0.0070873531963035665
239,design_000239,42.5,170,True,0.007404012413552681
239,design_000239,45.0,180,True,0.007176170221834413
240,design_000240,0.0,0,True,0.002174816047359621
240,design_000240,2.5,10,True,0.0012253855580286876
240,design_000240,5.0,20,True,0.008250578906717893
240,design_000240,7.5,30,True,0.024436448671519118
240,design_000240,10.0,40,True,0.01657197504300053
240,design_000240,12.5,50,True,0.00985629124501845
240,design_000240,15.0,60,True,0.008274130220258311
240,design_000240,17.5,70,True,0.0027050471615328786
240,design_000240,20.0,80,True,0.001613247237830023
240,design_000240,22.5,90,True,0.0038477781148429143
240,design_000240,25.0,100,True,0.003917169998016553
240,design_000240,27.5,110,True,0.0034164992259890807
240,design_000240,30.0,120,True,0.0018436040633650016
240,design_000240,32.5,130,True,0.0025535637045926785
240,design_000240,35.0,140,True,0.0038007798040146073
240,design_000240,37.5,150,True,0.004284271988219986
240,design_000240,40.0,160,True,0.005414507866638257
240,design_000240,42.5,170,True,0.005922268206092844
240,design_000240,45.0,180,True,0.006330824707989249
241,design_000241,0.0,0,True,0.001917964709222426
241,design_000241,2.5,10,True,0.006380226272028784
241,design_000241,5.0,20,True,0.011928454742786712
241,design_000241,7.5,30,True,0.017584284374816326
241,design_000241,10.0,40,True,0.015565695376733371
241,design_000241,12.5,50,True,0.012961452161197547
241,design_000241,15.0,60,True,0.01444414806588477
241,design_000241,17.5,70,True,0.00815068666618272
241,design_000241,20.0,80,True,0.004867104822602754
241,design_000241,22.5,90,True,0.006132662287110345
241,design_000241,25.0,100,True,0.006398142851286735
241,design_000241,27.5,110,True,0.004549136434175092
241,design_000241,30.0,120,True,0.002701778703621585
241,design_000241,32.5,130,True,0.0029471023200009867
241,design_000241,35.0,140,True,0.003820900905614635
241,design_000241,37.5,150,True,0.004553509274843175
241,design_000241,40.0,160,True,0.00608934600422276
241,design_000241,42.5,170,True,0.007549079136037477
241,design_000241,45.0,180,True,0.0086394239426032
242,design_000242,0.0,0,True,0.002017980590575722
242,design_000242,2.5,10,True,0.007049126093674405
242,design_000242,5.0,20,True,0.008910352079719162
242,design_000242,7.5,30,True,0.025121640279800798
242,design_000242,10.0,40,True,0.02047811189298552
242,design_000242,12.5,50,True,0.023211414197834436
242,design_000242,15.0,60,True,0.024069208733461633
242,design_000242,17.5,70,True,0.015964463425170286
242,design_000242,20.0,80,True,0.016245044268863112
242,design_000242,22.5,90,True,0.018403851640377982
242,design_000242,25.0,100,True,0.01705221508650582
242,design_000242,27.5,110,True,0.015357217331969299
242,design_000242,30.0,120,True,0.008957559013608583
242,design_000242,32.5,130,True,0.008516354444849883
242,design_000242,35.0,140,True,0.009247953346135023
242,design_000242,37.5,150,True,0.007998279603264038
242,design_000242,40.0,160,True,0.007337249331885709
242,design_000242,42.5,170,True,0.006374211060175249
242,design_000242,45.0,180,True,0.006612674462442241
243,design_000243,0.0,0,True,0.0018939409450946995
243,design_000243,2.5,10,True,0.03765235876366811
243,design_000243,5.0,20,True,0.0992124912672944
243,design_000243,7.5,30,True,0.09008223214769798
243,design_000243,10.0,40,True,0.07776468011751259
243,design_000243,12.5,50,True,0.049475219917446335
243,design_000243,15.0,60,True,0.02990148312842171
243,design_000243,17.5,70,True,0.015747194165231966
243,design_000243,20.0,80,True,0.008957679976596659
243,design_000243,22.5,90,True,0.004622462115772285
243,design_000243,25.0,100,True,0.0032918703985717317
243,design_000243,27.5,110,True,0.004503152971776301
243,design_000243,30.0,120,True,0.003894348146602461
243,design_000243,32.5,130,True,0.0025519256809978788
243,design_000243,35.0,140,True,0.0033545006692516457
243,design_000243,37.5,150,True,0.004037615016059705
243,design_000243,40.0,160,True,0.006333399977989956
243,design_000243,42.5,170,True,0.004620639633468027
243,design_000243,45.0,180,True,0.0069149636173296974
244,design_000244,0.0,0,True,0.0020372659034345974
244,design_000244,2.5,10,True,0.0779994062503476
244,design_000244,5.0,20,True,0.020348532932667383
244,design_000244,7.5,30,True,0.009897706144278241
244,design_000244,10.0,40,True,0.015292362970236013
244,design_000244,12.5,50,True,0.02047964218839919
244,design_000244,15.0,60,True,0.02309960513966708
244,design_000244,17.5,70,True,0.024108760332406144
244,design_000244,20.0,80,True,0.02320268169140237
244,design_000244,22.5,90,True,0.02422601103515193
244,design_000244,25.0,100,True,0.016962143927645914
244,design_000244,27.5,110,True,0.009847339471428521
244,design_000244,30.0,120,True,0.004002615050961906
244,design_000244,32.5,130,True,0.0036744520489401574
244,design_000244,35.0,140,True,0.004866659577119998
244,design_000244,37.5,150,True,0.005251070574201086
244,design_000244,40.0,160,True,0.006829296130211344
244,design_000244,42.5,170,True,0.009017395642008048
244,design_000244,45.0,180,True,0.010459994956659417
245,design_000245,0.0,0,True,0.002222728350496566
245,design_000245,2.5,10,True,0.0030565630701348814
245,design_000245,5.0,20,True,0.002273905145243671
245,design_000245,7.5,30,True,0.01388305438807838
245,design_000245,10.0,40,True,0.020500938912058772
245,design_000245,12.5,50,True,0.022992941974736957
245,design_000245,15.0,60,True,0.022341164793508873
245,design_000245,17.5,70,True,0.016557854243238142
245,design_000245,20.0,80,True,0.008926613318348302
245,design_000245,22.5,90,True,0.007793943314004294
245,design_000245,25.0,100,True,0.005236046162736839
245,design_000245,27.5,110,True,0.0036329129463518067
245,design_000245,30.0,120,True,0.0028415262306317646
245,design_000245,32.5,130,True,0.0015815960212281432
245,design_000245,35.0,140,True,0.001952819718294137
245,design_000245,37.5,150,True,0.002290725964721598
245,design_000245,40.0,160,True,0.004218502287012833
245,design_000245,42.5,170,True,0.005162886657011754
245,design_000245,45.0,180,True,0.007620501334994161
246,design_000246,0.0,0,True,0.002473667724713314
246,design_000246,2.5,10,True,0.0008173753430415181
246,design_000246,5.0,20,True,0.0053941687984818895
246,design_000246,7.5,30,True,0.02542751573318463
246,design_000246,10.0,40,True,0.04087285050558588
246,design_000246,12.5,50,True,0.05718071328426247
246,design_000246,15.0,60,True,0.0522156153420307
246,design_000246,17.5,70,True,0.0325921564081277
246,design_000246,20.0,80,True,0.016601805385647234
246,design_000246,22.5,90,True,0.013832874160007665
246,design_000246,25.0,100,True,0.01063550097667001
246,design_000246,27.5,110,True,0.007081178494679785
246,design_000246,30.0,120,True,0.003360937164495059
246,design_000246,32.5,130,True,0.0025138990757968198
246,design_000246,35.0,140,True,0.003179872909297979
246,design_000246,37.5,150,True,0.003957817674853614
246,design_000246,40.0,160,True,0.007218315703044783
246,design_000246,42.5,170,True,0.006993597450928361
246,design_000246,45.0,180,True,0.008475225188561945
247,design_000247,0.0,0,True,0.0023910420455719715
247,design_000247,2.5,10,True,0.0025586280663915436
247,design_000247,5.0,20,True,0.016137176879377636
247,design_000247,7.5,30,True,0.048991054308534135
247,design_000247,10.0,40,True,0.055287406692427404
247,design_000247,12.5,50,True,0.04106584740728772
247,design_000247,15.0,60,True,0.025483904125359946
247,design_000247,17.5,70,True,0.01649907378451736
247,design_000247,20.0,80,True,0.009835927297350628
247,design_000247,22.5,90,True,0.0051055771141800994
247,design_000247,25.0,100,True,0.0032224551817806213
247,design_000247,27.5,110,True,0.004012891924588709
247,design_000247,30.0,120,True,0.002527625676963994
247,design_000247,32.5,130,True,0.0037392279361754027
247,design_000247,35.0,140,True,0.004333581143609011
247,design_000247,37.5,150,True,0.004946974551402578
247,design_000247,40.0,160,True,0.0069249289600697905
247,design_000247,42.5,170,True,0.006162590883465667
247,design_000247,45.0,180,True,0.0072244333856974225
248,design_000248,0.0,0,True,0.0022137964491114803
248,design_000248,2.5,10,True,0.003880399410160417
248,design_000248,5.0,20,True,0.004024115090799382
248,design_000248,7.5,30,True,0.010281439487881702
248,design_000248,10.0,40,True,0.01986201123437192
248,design_000248,12.5,50,True,0.02562810672093744
248,design_000248,15.0,60,True,0.031662610844217495
248,design_000248,17.5,70,True,0.03443445928975908
248,design_000248,20.0,80,True,0.035088376084659145
248,design_000248,22.5,90,True,0.034439848306876526
248,design_000248,25.0,100,True,0.026965259156809362
248,design_000248,27.5,110,True,0.017652759535333823
248,design_000248,30.0,120,True,0.009545808432710513
248,design_000248,32.5,130,True,0.008261965701225681
248,design_000248,35.0,140,True,0.00854121920486914
248,design_000248,37.5,150,True,0.007500159472111682
248,design_000248,40.0,160,True,0.008316198028241711
248,design_000248,42.5,170,True,0.008750789584630436
248,design_000248,45.0,180,True,0.009683392435165842
249,design_000249,0.0,0,True,0.0019789025008217056
249,design_000249,2.5,10,True,0.033083851987446934
249,design_000249,5.0,20,True,0.06344749172057745
249,design_000249,7.5,30,True,0.003941414091489754
249,design_000249,10.0,40,True,0.006638418830096258
249,design_000249,12.5,50,True,0.017839226024672798
249,design_000249,15.0,60,True,0.02270841093168533
249,design_000249,17.5,70,True,0.021705633082362612
249,design_000249,20.0,80,True,0.017180727705126755
249,design_000249,22.5,90,True,0.01642693267934002
249,design_000249,25.0,100,True,0.011164572117378927
249,design_000249,27.5,110,True,0.006766215219374567
249,design_000249,30.0,120,True,0.003836935352138508
249,design_000249,32.5,130,True,0.0037360282121893253
249,design_000249,35.0,140,True,0.0030737913996099074
249,design_000249,37.5,150,True,0.003977469675616016
249,design_000249,40.0,160,True,0.0038210348708505957
249,design_000249,42.5,170,True,0.0038986712809688704
249,design_000249,45.0,180,True,0.005099195510854674
250,design_000250,0.0,0,True,0.0021279523688466136
250,design_000250,2.5,10,True,0.02211270167031847
250,design_000250,5.0,20,True,0.013097395651235686
250,design_000250,7.5,30,True,0.03828213034433524
250,design_000250,10.0,40,True,0.06282379191837355
250,design_000250,12.5,50,True,0.06723345866738488
250,design_000250,15.0,60,True,0.051559244034094676
250,design_000250,17.5,70,True,0.027866171078071447
250,design_000250,20.0,80,True,0.014136157659308077
250,design_000250,22.5,90,True,0.009368732257372937
250,design_000250,25.0,100,True,0.005062636781701603
250,design_000250,27.5,110,True,0.0009273302688919869
250,design_000250,30.0,120,True,0.000915230665538105
250,design_000250,32.5,130,True,0.002197515613902977
250,design_000250,35.0,140,True,0.0035233716466406893
250,design_000250,37.5,150,True,0.0041299415948972355
250,design_000250,40.0,160,True,0.0072286737717182905
250,design_000250,42.5,170,True,0.0077480837712984585
250,design_000250,45.0,180,True,0.00918374806650109
251,design_000251,0.0,0,True,0.002038939129787115
251,design_000251,2.5,10,True,0.011565745948137966
251,design_000251,5.0,20,True,0.01620190105031733
251,design_000251,7.5,30,True,0.02335535587216077
251,design_000251,10.0,40,True,0.027844838049655853
251,design_000251,12.5,50,True,0.025084515968670573
251,design_000251,15.0,60,True,0.02093272768956024
251,design_000251,17.5,70,True,0.011991195299782023
251,design_000251,20.0,80,True,0.006244932614605232
251,design_000251,22.5,90,True,0.006906139237553854
251,design_000251,25.0,100,True,0.005569227878327933
251,design_000251,27.5,110,True,0.0055290346164514085
251,design_000251,30.0,120,True,0.004178918841365635
251,design_000251,32.5,130,True,0.0026863206524918946
251,design_000251,35.0,140,True,0.0025595912570476427
251,design_000251,37.5,150,True,0.002999418003317759
251,design_000251,40.0,160,True,0.003930131255562526
251,design_000251,42.5,170,True,0.0036059370710939264
251,design_000251,45.0,180,True,0.004813945792033959
252,design_000252,0.0,0,True,0.002133666412949194
252,design_000252,2.5,10,True,0.003815968240882839
252,design_000252,5.0,20,True,0.013014853260514147
252,design_000252,7.5,30,True,0.0036943454168238726
252,design_000252,10.0,40,True,0.00890475978778248
252,design_000252,12.5,50,True,0.015847106780884676
252,design_000252,15.0,60,True,0.016838458667530094
252,design_000252,17.5,70,True,0.01448402918544828
252,design_000252,20.0,80,True,0.015494066647587233
252,design_000252,22.5,90,True,0.015304959329899042
252,design_000252,25.0,100,True,0.011288740059838454
252,design_000252,27.5,110,True,0.007746750343701961
252,design_000252,30.0,120,True,0.004405965512986946
252,design_000252,32.5,130,True,0.003667544392076031
252,design_000252,35.0,140,True,0.0033845027153755064
252,design_000252,37.5,150,True,0.003766827230920535
252,design_000252,40.0,160,True,0.005339799813726358
252,design_000252,42.5,170,True,0.0057203482785352835
252,design_000252,45.0,180,True,0.007342771793605726
253,design_000253,0.0,0,True,0.0020673363780693
253,design_000253,2.5,10,True,0.0068916295614422736
253,design_000253,5.0,20,True,0.04041276164678759
253,design_000253,7.5,30,True,0.028910400302163256
253,design_000253,10.0,40,True,0.03366249041089994
253,design_000253,12.5,50,True,0.04468945919037101
253,design_000253,15.0,60,True,0.03325741200246233
253,design_000253,17.5,70,True,0.026708846981830653
253,design_000253,20.0,80,True,0.03134470055433545
253,design_000253,22.5,90,True,0.033536486140500185
253,design_000253,25.0,100,True,0.028975625741947716
253,design_000253,27.5,110,True,0.021940256832879167
253,design_000253,30.0,120,True,0.010998513433011142
253,design_000253,32.5,130,True,0.010338975308869142
253,design_000253,35.0,140,True,0.012001390307359295
253,design_000253,37.5,150,True,0.010996394894258884
253,design_000253,40.0,160,True,0.009403899813022136
253,design_000253,42.5,170,True,0.00914656065988121
253,design_000253,45.0,180,True,0.011080232629685497
254,design_000254,0.0,0,True,0.0017698042700337547
254,design_000254,2.5,10,True,0.0026588369312715394
254,design_000254,5.0,20,True,0.02249390199434785
254,design_000254,7.5,30,True,0.04601820733695399
254,design_000254,10.0,40,True,0.05154813738978688
254,design_000254,12.5,50,True,0.041992391108745884
254,design_000254,15.0,60,True,0.03376628335920553
254,design_000254,17.5,70,True,0.022564808947919984
254,design_000254,20.0,80,True,0.01417586984773371
254,design_000254,22.5,90,True,0.011742618343944751
254,design_000254,25.0,100,True,0.007631261228477387
254,design_000254,27.5,110,True,0.006392454315554142
254,design_000254,30.0,120,True,0.00338657889032799
254,design_000254,32.5,130,True,0.0031483046023503434
254,design_000254,35.0,140,True,0.0032347605905067214
254,design_000254,37.5,150,True,0.004034352498811724
254,design_000254,40.0,160,True,0.005846840678842969
254,design_000254,42.5,170,True,0.006362417110260196
254,design_000254,45.0,180,True,0.007995952996131676
255,design_000255,0.0,0,True,0.0024402587156751895
255,design_000255,2.5,10,True,0.005058822305270572
255,design_000255,5.0,20,True,0.003293751183852049
255,design_000255,7.5,30,True,0.013966356433415567
255,design_000255,10.0,40,True,0.020045859223983897
255,design_000255,12.5,50,True,0.023885711898517927
255,design_000255,15.0,60,True,0.021501116300274216
255,design_000255,17.5,70,True,0.01683401339043512
255,design_000255,20.0,80,True,0.014948103281951387
255,design_000255,22.5,90,True,0.014201972757167886
255,design_000255,25.0,100,True,0.010838129979211356
255,design_000255,27.5,110,True,0.007800369884179047
255,design_000255,30.0,120,True,0.003337735435325156
255,design_000255,32.5,130,True,0.004485531197205383
255,design_000255,35.0,140,True,0.006160126506853797
255,design_000255,37.5,150,True,0.006637416004100327
255,design_000255,40.0,160,True,0.007469723599840498
255,design_000255,42.5,170,True,0.007839241277489216
255,design_000255,45.0,180,True,0.008907659087060038
256,design_000256,0.0,0,True,0.0021881541982860945
256,design_000256,2.5,10,True,0.011185159904212798
256,design_000256,5.0,20,True,0.04959458513488514
256,design_000256,7.5,30,True,0.0814544101774474
256,design_000256,10.0,40,True,0.08441269226591994
256,design_000256,12.5,50,True,0.0652852568643007
256,design_000256,15.0,60,True,0.04465555507627911
256,design_000256,17.5,70,True,0.023621024065337136
256,design_000256,20.0,80,True,0.014878195116779788
256,design_000256,22.5,90,True,0.0082793672788001
256,design_000256,25.0,100,True,0.00409020457628676
256,design_000256,27.5,110,True,0.0033582030103433964
256,design_000256,30.0,120,True,0.0024925204614146684
256,design_000256,32.5,130,True,0.003648558372325405
256,design_000256,35.0,140,True,0.004710047109407209
256,design_000256,37.5,150,True,0.006378166453233117
256,design_000256,40.0,160,True,0.009728379119830696
256,design_000256,42.5,170,True,0.008363211118312865
256,design_000256,45.0,180,True,0.009905034943646765
257,design_000257,0.0,0,True,0.001871420702980403
257,design_000257,2.5,10,True,0.017722156568324512
257,design_000257,5.0,20,True,0.05642400582772748
257,design_000257,7.5,30,True,0.0855281726406637
257,design_000257,10.0,40,True,0.06418332350895245
257,design_000257,12.5,50,True,0.03205278230317507
257,design_000257,15.0,60,True,0.021680319192783723
257,design_000257,17.5,70,True,0.011524449118135481
257,design_000257,20.0,80,True,0.007255254497397669
257,design_000257,22.5,90,True,0.006897272371463693
257,design_000257,25.0,100,True,0.004467818317027869
257,design_000257,27.5,110,True,0.0015374070562018793
257,design_000257,30.0,120,True,0.001287940184006097
257,design_000257,32.5,130,True,0.0015478951286880661
257,design_000257,35.0,140,True,0.003217389644728005
257,design_000257,37.5,150,True,0.0041367780015884575
257,design_000257,40.0,160,True,0.00595755249158337
257,design_000257,42.5,170,True,0.006077306165745965
257,design_000257,45.0,180,True,0.008584312990899174
258,design_000258,0.0,0,True,0.001946553334769388
258,design_000258,2.5,10,True,0.01000135894756217
258,design_000258,5.0,20,True,0.009071429001682414
258,design_000258,7.5,30,True,0.014422588012426584
258,design_000258,10.0,40,True,0.02808627357611708
258,design_000258,12.5,50,True,0.03734145182701898
258,design_000258,15.0,60,True,0.04425138150942616
258,design_000258,17.5,70,True,0.034599730020110304
258,design_000258,20.0,80,True,0.02527371609377997
258,design_000258,22.5,90,True,0.017972684457700935
258,design_000258,25.0,100,True,0.010341467899894763
258,design_000258,27.5,110,True,0.007495732766668233
258,design_000258,30.0,120,True,0.004465047483304077
258,design_000258,32.5,130,True,0.003476958711635644
258,design_000258,35.0,140,True,0.004403566123538267
258,design_000258,37.5,150,True,0.005269694966672563
258,design_000258,40.0,160,True,0.00682802923341423
258,design_000258,42.5,170,True,0.0072264763517503935
258,design_000258,45.0,180,True,0.009520658032890986
259,design_000259,0.0,0,True,0.002243411970107783
259,design_000259,2.5,10,True,0.005606134096142496
259,design_000259,5.0,20,True,0.039684234160057286
259,design_000259,7.5,30,True,0.07570530183618508
259,design_000259,10.0,40,True,0.03659115318452692
259,design_000259,12.5,50,True,0.02846210352356623
259,design_000259,15.0,60,True,0.02208547689052264
259,design_000259,17.5,70,True,0.013030399963841878
259,design_000259,20.0,80,True,0.007946779661096671
259,design_000259,22.5,90,True,0.00477339323906212
259,design_000259,25.0,100,True,0.002830920329766432
259,design_000259,27.5,110,True,0.0020350871024961107
259,design_000259,30.0,120,True,0.0023916963941325066
259,design_000259,32.5,130,True,0.0027527521908481023
259,design_000259,35.0,140,True,0.004317152919605817
259,design_000259,37.5,150,True,0.00572894870727177
259,design_000259,40.0,160,True,0.009048482123635807
259,design_000259,42.5,170,True,0.007583001019846585
259,design_000259,45.0,180,True,0.010916734890316294
260,design_000260,0.0,0,True,0.002265478141279458
260,design_000260,2.5,10,True,0.007607193051230565
260,design_000260,5.0,20,True,0.040182735615700876
260,design_000260,7.5,30,True,0.056482675673606264
260,design_000260,10.0,40,True,0.07500787038787468
260,design_000260,12.5,50,True,0.06675880332019277
260,design_000260,15.0,60,True,0.0517632230410958
260,design_000260,17.5,70,True,0.02930215671555663
260,design_000260,20.0,80,True,0.01798206270041351
260,design_000260,22.5,90,True,0.013858487591226584
260,design_000260,25.0,100,True,0.010132619462720012
260,design_000260,27.5,110,True,0.0064889095550897434
260,design_000260,30.0,120,True,0.004315381524084998
260,design_000260,32.5,130,True,0.0020753096315762522
260,design_000260,35.0,140,True,0.0028762371614563264
260,design_000260,37.5,150,True,0.003444289476602874
260,design_000260,40.0,160,True,0.006240943851090518
260,design_000260,42.5,170,True,0.005983523127299808
260,design_000260,45.0,180,True,0.008194806698753858
261,design_000261,0.0,0,True,0.0020531993073802327
261,design_000261,2.5,10,True,0.013382012063705226
261,design_000261,5.0,20,True,0.0059445589393378314
261,design_000261,7.5,30,True,0.021234917909945403
261,design_000261,10.0,40,True,0.03431336179901053
261,design_000261,12.5,50,True,0.04367040716402747
261,design_000261,15.0,60,True,0.055824494772114416
261,design_000261,17.5,70,True,0.060085463653829066
261,design_000261,20.0,80,True,0.05234782702372569
261,design_000261,22.5,90,True,0.04485164994816636
261,design_000261,25.0,100,True,0.0323433766051561
261,design_000261,27.5,110,True,0.02392681182831211
261,design_000261,30.0,120,True,0.013222452072936269
261,design_000261,32.5,130,True,0.013675155345504661
261,design_000261,35.0,140,True,0.014646574119854656
261,design_000261,37.5,150,True,0.01174773376405208
261,design_000261,40.0,160,True,0.012001087333473283
261,design_000261,42.5,170,True,0.013397085676013179
261,design_000261,45.0,180,True,0.013644707539774956
262,design_000262,0.0,0,True,0.0020401211916657555
262,design_000262,2.5,10,True,0.005598947241212819
262,design_000262,5.0,20,True,0.014856302936238944
262,design_000262,7.5,30,True,0.0246693363226776
262,design_000262,10.0,40,True,0.028941770150214888
262,design_000262,12.5,50,True,0.035842694640830466
262,design_000262,15.0,60,True,0.04507360780725713
262,design_000262,17.5,70,True,0.05012276849650685
262,design_000262,20.0,80,True,0.04535252372399557
262,design_000262,22.5,90,True,0.04303453301172272
262,design_000262,25.0,100,True,0.034368334571808615
262,design_000262,27.5,110,True,0.024445595637404727
262,design_000262,30.0,120,True,0.013444942944177876
262,design_000262,32.5,130,True,0.012335271247762684
262,design_000262,35.0,140,True,0.0132640607221974
262,design_000262,37.5,150,True,0.01061181972336233
262,design_000262,40.0,160,True,0.011994623941381084
262,design_000262,42.5,170,True,0.012989429813993477
262,design_000262,45.0,180,True,0.013738790605844344
263,design_000263,0.0,0,True,0.0020462176983081044
263,design_000263,2.5,10,True,0.02866991001290714
263,design_000263,5.0,20,True,0.05467943867453971
263,design_000263,7.5,30,True,0.01639873840275147
263,design_000263,10.0,40,True,0.011392267847734377
263,design_000263,12.5,50,True,0.015327149763475415
263,design_000263,15.0,60,True,0.018296863831688576
263,design_000263,17.5,70,True,0.019722413396484374
263,design_000263,20.0,80,True,0.017608867621158403
263,design_000263,22.5,90,True,0.018913596060587484
263,design_000263,25.0,100,True,0.014022577485717155
263,design_000263,27.5,110,True,0.006857129519888141
263,design_000263,30.0,120,True,0.0026661135945586474
263,design_000263,32.5,130,True,0.003177999266476164
263,design_000263,35.0,140,True,0.0044639718833239805
263,design_000263,37.5,150,True,0.0054912091277544775
263,design_000263,40.0,160,True,0.006941495355402505
263,design_000263,42.5,170,True,0.00782279496068887
263,design_000263,45.0,180,True,0.010066172137227818
264,design_000264,0.0,0,True,0.0021104305806874356
264,design_000264,2.5,10,True,0.00972275316747924
264,design_000264,5.0,20,True,0.025960535395698207
264,design_000264,7.5,30,True,0.0485963867125378
264,design_000264,10.0,40,True,0.029833037674265067
264,design_000264,12.5,50,True,0.020128092316560986
264,design_000264,15.0,60,True,0.018363695652327962
264,design_000264,17.5,70,True,0.013248368793690136
264,design_000264,20.0,80,True,0.011553887318541404
264,design_000264,22.5,90,True,0.014106746178130824
264,design_000264,25.0,100,True,0.01139079827455634
264,design_000264,27.5,110,True,0.006412567254515742
264,design_000264,30.0,120,True,0.00332479951111605
264,design_000264,32.5,130,True,0.00200031501105947
264,design_000264,35.0,140,True,0.0026283144826147156
264,design_000264,37.5,150,True,0.0038699267072755898
264,design_000264,40.0,160,True,0.007756850903675706
264,design_000264,42.5,170,True,0.007989615688544494
264,design_000264,45.0,180,True,0.010176040043751049
265,design_000265,0.0,0,True,0.0020117429765159267
265,design_000265,2.5,10,True,0.018334657213041047
265,design_000265,5.0,20,True,0.021247090193744343
265,design_000265,7.5,30,True,0.02507337765794114
265,design_000265,10.0,40,True,0.031083321977285663
265,design_000265,12.5,50,True,0.0262871661238522
265,design_000265,15.0,60,True,0.021669907277264297
265,design_000265,17.5,70,True,0.013469544472301975
265,design_000265,20.0,80,True,0.008464403133211496
265,design_000265,22.5,90,True,0.009077998943610105
265,design_000265,25.0,100,True,0.0067644992934224445
265,design_000265,27.5,110,True,0.0033899009828328623
265,design_000265,30.0,120,True,0.0016871213446892283
265,design_000265,32.5,130,True,0.0016479494064198983
265,design_000265,35.0,140,True,0.003255507756188351
265,design_000265,37.5,150,True,0.004362417907285409
265,design_000265,40.0,160,True,0.008208386518141438
265,design_000265,42.5,170,True,0.009393794101024425
265,design_000265,45.0,180,True,0.0113677646739739
266,design_000266,0.0,0,True,0.0021428624699284054
266,design_000266,2.5,10,True,0.002069616945559895
266,design_000266,5.0,20,True,0.005941860514231356
266,design_000266,7.5,30,True,0.008978742261314131
266,design_000266,10.0,40,True,0.006443501800451831
266,design_000266,12.5,50,True,0.013661507587022496
266,design_000266,15.0,60,True,0.015498859750088714
266,design_000266,17.5,70,True,0.012450671538475852
266,design_000266,20.0,80,True,0.009673818004877311
266,design_000266,22.5,90,True,0.009869162835845678
266,design_000266,25.0,100,True,0.007357135490562188
266,design_000266,27.5,110,True,0.003190884099871434
266,design_000266,30.0,120,True,0.0019894171698828745
266,design_000266,32.5,130,True,0.0016226675042857585
266,design_000266,35.0,140,True,0.003063051400831761
266,design_000266,37.5,150,True,0.0039471635063336894
266,design_000266,40.0,160,True,0.005969817407104795
266,design_000266,42.5,170,True,0.00746779332730833
266,design_000266,45.0,180,True,0.009402494162532919
267,design_000267,0.0,0,True,0.002408203070601782
267,design_000267,2.5,10,True,0.007568988528535475
267,design_000267,5.0,20,True,0.00898350953625569
267,design_000267,7.5,30,True,0.013071819255989287
267,design_000267,10.0,40,True,0.00886594171045062
267,design_000267,12.5,50,True,0.00858330834500279
267,design_000267,15.0,60,True,0.011110643310387382
267,design_000267,17.5,70,True,0.006967320150747205
267,design_000267,20.0,80,True,0.006844137529550301
267,design_000267,22.5,90,True,0.00805493483188354
267,design_000267,25.0,100,True,0.0067725943271403685
267,design_000267,27.5,110,True,0.0053656896844387165
267,design_000267,30.0,120,True,0.003647700381777457
267,design_000267,32.5,130,True,0.0021327926975051436
267,design_000267,35.0,140,True,0.002431545455292558
267,design_000267,37.5,150,True,0.002840230882824738
267,design_000267,40.0,160,True,0.004977568532600174
267,design_000267,42.5,170,True,0.005185175651774857
267,design_000267,45.0,180,True,0.006133055189431821
268,design_000268,0.0,0,True,0.0015659948859401618
268,design_000268,2.5,10,True,0.04808473351642986
268,design_000268,5.0,20,True,0.0393743533341851
268,design_000268,7.5,30,True,0.05471632401604805
268,design_000268,10.0,40,True,0.05036936483024987
268,design_000268,12.5,50,True,0.02500556952403625
268,design_000268,15.0,60,True,0.01505382685760922
268,design_000268,17.5,70,True,0.007812192505962963
268,design_000268,20.0,80,True,0.005628252955796263
268,design_000268,22.5,90,True,0.007349544171472247
268,design_000268,25.0,100,True,0.006184469930172002
268,design_000268,27.5,110,True,0.004767900921318411
268,design_000268,30.0,120,True,0.0029386929003420697
268,design_000268,32.5,130,True,0.003767376837703524
268,design_000268,35.0,140,True,0.0037381587779720805
268,design_000268,37.5,150,True,0.0036066464890316097
268,design_000268,40.0,160,True,0.006564951153296195
268,design_000268,42.5,170,True,0.00684145059767712
268,design_000268,45.0,180,True,0.007129672651220895
269,design_000269,0.0,0,True,0.001941934611290512
269,design_000269,2.5,10,True,0.11899883281505806
269,design_000269,5.0,20,True,0.033318882568086794
269,design_000269,7.5,30,True,0.02778168188447503
269,design_000269,10.0,40,True,0.008916492637997304
269,design_000269,12.5,50,True,0.011367533594485932
269,design_000269,15.0,60,True,0.014535334993870972
269,design_000269,17.5,70,True,0.010524780320529083
269,design_000269,20.0,80,True,0.00811787260415972
269,design_000269,22.5,90,True,0.009592850305043896
269,design_000269,25.0,100,True,0.00758216838045591
269,design_000269,27.5,110,True,0.0060957558085965
269,design_000269,30.0,120,True,0.004786571185756702
269,design_000269,32.5,130,True,0.0029276502463525616
269,design_000269,35.0,140,True,0.002578560979035991
269,design_000269,37.5,150,True,0.003443604660838027
269,design_000269,40.0,160,True,0.004907344184926613
269,design_000269,42.5,170,True,0.004323091799984494
269,design_000269,45.0,180,True,0.005473746098758647
270,design_000270,0.0,0,True,0.0021547660140604835
270,design_000270,2.5,10,True,0.0020888119834302638
270,design_000270,5.0,20,True,0.02437257039092071
270,design_000270,7.5,30,True,0.0540706686184847
270,design_000270,10.0,40,True,0.02888073163107966
270,design_000270,12.5,50,True,0.011207403388656601
270,design_000270,15.0,60,True,0.011306962725799712
270,design_000270,17.5,70,True,0.009847286640374544
270,design_000270,20.0,80,True,0.006545671224818632
270,design_000270,22.5,90,True,0.00545541894623458
270,design_000270,25.0,100,True,0.004200928420664253
270,design_000270,27.5,110,True,0.005182644096861212
270,design_000270,30.0,120,True,0.0048146623890732345
270,design_000270,32.5,130,True,0.0020633625446172216
270,design_000270,35.0,140,True,0.0014758387065932322
270,design_000270,37.5,150,True,0.001967091249295138
270,design_000270,40.0,160,True,0.004732497514843448
270,design_000270,42.5,170,True,0.004490360202519306
270,design_000270,45.0,180,True,0.006505567734380198
271,design_000271,0.0,0,True,0.002238704747222371
271,design_000271,2.5,10,True,0.008767584011074926
271,design_000271,5.0,20,True,0.016701451567081842
271,design_000271,7.5,30,True,0.02902417889268642
271,design_000271,10.0,40,True,0.03380675949957064
271,design_000271,12.5,50,True,0.02436910849173937
271,design_000271,15.0,60,True,0.01968438434379998
271,design_000271,17.5,70,True,0.006223181765537423
271,design_000271,20.0,80,True,0.004116634459817731
271,design_000271,22.5,90,True,0.007416884680334961
271,design_000271,25.0,100,True,0.007928160135362669
271,design_000271,27.5,110,True,0.008282519883209834
271,design_000271,30.0,120,True,0.005710447986405508
271,design_000271,32.5,130,True,0.005910759492921686
271,design_000271,35.0,140,True,0.005991019055059926
271,design_000271,37.5,150,True,0.006102253673741271
271,design_000271,40.0,160,True,0.008373496916417745
271,design_000271,42.5,170,True,0.007645679177588214
271,design_000271,45.0,180,True,0.007604386930664425
272,design_000272,0.0,0,True,0.0022943583797288437
272,design_000272,2.5,10,True,0.006733613963747886
272,design_000272,5.0,20,True,0.026152923864972807
272,design_000272,7.5,30,True,0.038395848016379436
272,design_000272,10.0,40,True,0.01528713165425153
272,design_000272,12.5,50,True,0.014377090352660594
272,design_000272,15.0,60,True,0.015452649714118642
272,design_000272,17.5,70,True,0.015100267036160114
272,design_000272,20.0,80,True,0.013039552540111025
272,design_000272,22.5,90,True,0.012628967512817195
272,design_000272,25.0,100,True,0.007563308269184091
272,design_000272,27.5,110,True,0.0034952245365616154
272,design_000272,30.0,120,True,0.0016338481660753846
272,design_000272,32.5,130,True,0.0009144386596365053
272,design_000272,35.0,140,True,0.0017202998715698083
272,design_000272,37.5,150,True,0.0026404740023638004
272,design_000272,40.0,160,True,0.004117821630949642
272,design_000272,42.5,170,True,0.004917339156906029
272,design_000272,45.0,180,True,0.006833939599405628
273,design_000273,0.0,0,True,0.002314189060316616
273,design_000273,2.5,10,True,0.034331875635855574
273,design_000273,5.0,20,True,0.008060028596868418
273,design_000273,7.5,30,True,0.02337728144672975
273,design_000273,10.0,40,True,0.043123746885539195
273,design_000273,12.5,50,True,0.04733772819804159
273,design_000273,15.0,60,True,0.04624610884228622
273,design_000273,17.5,70,True,0.031104644597637544
273,design_000273,20.0,80,True,0.0221052574382797
273,design_000273,22.5,90,True,0.01508337968720311
273,design_000273,25.0,100,True,0.00891213483738797
273,design_000273,27.5,110,True,0.006363527153800437
273,design_000273,30.0,120,True,0.004260510642779347
273,design_000273,32.5,130,True,0.004061610944659339
273,design_000273,35.0,140,True,0.004539638140777392
273,design_000273,37.5,150,True,0.004179199467060102
273,design_000273,40.0,160,True,0.0071455763396026245
273,design_000273,42.5,170,True,0.006912413379629495
273,design_000273,45.0,180,True,0.008762538700858358
274,design_000274,0.0,0,True,0.002217982800491634
274,design_000274,2.5,10,True,0.00589637843747957
274,design_000274,5.0,20,True,0.01881688289500326
274,design_000274,7.5,30,True,0.04021156790058615
274,design_000274,10.0,40,True,0.05130074855148477
274,design_000274,12.5,50,True,0.040532112023863726
274,design_000274,15.0,60,True,0.038089786288300995
274,design_000274,17.5,70,True,0.022059282235606048
274,design_000274,20.0,80,True,0.012106166499229831
274,design_000274,22.5,90,True,0.009377979895946797
274,design_000274,25.0,100,True,0.008683514536380652
274,design_000274,27.5,110,True,0.0069590652494396065
274,design_000274,30.0,120,True,0.004402447672272986
274,design_000274,32.5,130,True,0.0027296852692309348
274,design_000274,35.0,140,True,0.0031114283573630786
274,design_000274,37.5,150,True,0.003999982671703563
274,design_000274,40.0,160,True,0.006166160045917232
274,design_000274,42.5,170,True,0.005961821749514101
274,design_000274,45.0,180,True,0.006816006540358156
275,design_000275,0.0,0,True,0.0022289733440062263
275,design_000275,2.5,10,True,0.008527398741646512
275,design_000275,5.0,20,True,0.026673953270789558
275,design_000275,7.5,30,True,0.006474197399753261
275,design_000275,10.0,40,True,0.015481362365046337
275,design_000275,12.5,50,True,0.023777148786109543
275,design_000275,15.0,60,True,0.027597421549458587
275,design_000275,17.5,70,True,0.023738320049332358
275,design_000275,20.0,80,True,0.017077390598743754
275,design_000275,22.5,90,True,0.014439697792423347
275,design_000275,25.0,100,True,0.008340079030300169
275,design_000275,27.5,110,True,0.005130645568481266
275,design_000275,30.0,120,True,0.002954522792933629
275,design_000275,32.5,130,True,0.0017232566613879527
275,design_000275,35.0,140,True,0.002138157358220041
275,design_000275,37.5,150,True,0.0034577721323371096
275,design_000275,40.0,160,True,0.004668782844621983
275,design_000275,42.5,170,True,0.004913010540514739
275,design_000275,45.0,180,True,0.006380648254162138
276,design_000276,0.0,0,True,0.002089229627621583
276,design_000276,2.5,10,True,0.008445765385464214
276,design_000276,5.0,20,True,0.014583506117026133
276,design_000276,7.5,30,True,0.017098576317451458
276,design_000276,10.0,40,True,0.022745432190276086
276,design_000276,12.5,50,True,0.028595108470576357
276,design_000276,15.0,60,True,0.024735543368880935
276,design_000276,17.5,70,True,0.02018839551704689
276,design_000276,20.0,80,True,0.008415276598070995
276,design_000276,22.5,90,True,0.004430225689465362
276,design_000276,25.0,100,True,0.0022376605380999984
276,design_000276,27.5,110,True,0.002113610938446633
276,design_000276,30.0,120,True,0.0021716167875991755
276,design_000276,32.5,130,True,0.001427922802765088
276,design_000276,35.0,140,True,0.0015902150936519927
276,design_000276,37.5,150,True,0.0019673141497243657
276,design_000276,40.0,160,True,0.003833091562992644
276,design_000276,42.5,170,True,0.004248964346944943
276,design_000276,45.0,180,True,0.005430816786484459
277,design_000277,0.0,0,True,0.0022051617066242007
277,design_000277,2.5,10,True,0.00782261807630481
277,design_000277,5.0,20,True,0.010266520877753482
277,design_000277,7.5,30,True,0.017772532112948315
277,design_000277,10.0,40,True,0.025919790758278986
277,design_000277,12.5,50,True,0.03539847162165091
277,design_000277,15.0,60,True,0.04258545184066865
277,design_000277,17.5,70,True,0.04287893024309511
277,design_000277,20.0,80,True,0.0343227818766306
277,design_000277,22.5,90,True,0.03025000161535353
277,design_000277,25.0,100,True,0.022090425210687995
277,design_000277,27.5,110,True,0.013321831246797164
277,design_000277,30.0,120,True,0.006580736308041518
277,design_000277,32.5,130,True,0.004653859330192679
277,design_000277,35.0,140,True,0.006095461479399964
277,design_000277,37.5,150,True,0.005862352288491108
277,design_000277,40.0,160,True,0.00839734988411732
277,design_000277,42.5,170,True,0.009425523114631199
277,design_000277,45.0,180,True,0.010711055983626948
278,design_000278,0.0,0,True,0.002187441844365778
278,design_000278,2.5,10,True,0.0022133608636810955
278,design_000278,5.0,20,True,0.012195670356898267
278,design_000278,7.5,30,True,0.015079951912126304
278,design_000278,10.0,40,True,0.004975776543499219
278,design_000278,12.5,50,True,0.008581875351070196
278,design_000278,15.0,60,True,0.011508686028479879
278,design_000278,17.5,70,True,0.010727891282951586
278,design_000278,20.0,80,True,0.00887787610823876
278,design_000278,22.5,90,True,0.009355874952999157
278,design_000278,25.0,100,True,0.006956214849364498
278,design_000278,27.5,110,True,0.004661441181480817
278,design_000278,30.0,120,True,0.003082531635064072
278,design_000278,32.5,130,True,0.0020991882218520737
278,design_000278,35.0,140,True,0.0019592058945733406
278,design_000278,37.5,150,True,0.0024533689097229337
278,design_000278,40.0,160,True,0.0038934890675470586
278,design_000278,42.5,170,True,0.0047069498395102705
278,design_000278,45.0,180,True,0.006226063642235402
279,design_000279,0.0,0,True,0.0022644344601953944
279,design_000279,2.5,10,True,0.045966283344275875
279,design_000279,5.0,20,True,0.05818724043384701
279,design_000279,7.5,30,True,0.007768398709353412
279,design_000279,10.0,40,True,0.012528580099337362
279,design_000279,12.5,50,True,0.0209616170622083
279,design_000279,15.0,60,True,0.023420378270621312
279,design_000279,17.5,70,True,0.01627618582265649
279,design_000279,20.0,80,True,0.011629342202351914
279,design_000279,22.5,90,True,0.013087687368123872
279,design_000279,25.0,100,True,0.010028662873373138
279,design_000279,27.5,110,True,0.007020336070817378
279,design_000279,30.0,120,True,0.003911683501940981
279,design_000279,32.5,130,True,0.0019004855963878097
279,design_000279,35.0,140,True,0.002766564351076382
279,design_000279,37.5,150,True,0.004254335463679524
279,design_000279,40.0,160,True,0.007440631340614891
279,design_000279,42.5,170,True,0.009207662870389113
279,design_000279,45.0,180,True,0.011016208206974501
280,design_000280,0.0,0,True,0.0022581709996796926
280,design_000280,2.5,10,True,0.03740218135598293
280,design_000280,5.0,20,True,0.024130652826019738
280,design_000280,7.5,30,True,0.00845774428452195
280,design_000280,10.0,40,True,0.009935393133829873
280,design_000280,12.5,50,True,0.020234059857718797
280,design_000280,15.0,60,True,0.02075142405402886
280,design_000280,17.5,70,True,0.01535282554904477
280,design_000280,20.0,80,True,0.015327522471506868
280,design_000280,22.5,90,True,0.017170554876744973
280,design_000280,25.0,100,True,0.01336146091593569
280,design_000280,27.5,110,True,0.008039486736186839
280,design_000280,30.0,120,True,0.004156671491507483
280,design_000280,32.5,130,True,0.0028476835076085053
280,design_000280,35.0,140,True,0.0025727047384419294
280,design_000280,37.5,150,True,0.003722977216585252
280,design_000280,40.0,160,True,0.00465882977641719
280,design_000280,42.5,170,True,0.004679150743967258
280,design_000280,45.0,180,True,0.006306483512820878
281,design_000281,0.0,0,True,0.001975414470663243
281,design_000281,2.5,10,True,0.008880345168446975
281,design_000281,5.0,20,True,0.016041093784500634
281,design_000281,7.5,30,True,0.005210206364944345
281,design_000281,10.0,40,True,0.00418438512860657
281,design_000281,12.5,50,True,0.010673289007610413
281,design_000281,15.0,60,True,0.012213703010842021
281,design_000281,17.5,70,True,0.011733645907997603
281,design_000281,20.0,80,True,0.0105982773799861
281,design_000281,22.5,90,True,0.012665555194293777
281,design_000281,25.0,100,True,0.009928605432141895
281,design_000281,27.5,110,True,0.005375537996827494
281,design_000281,30.0,120,True,0.0028544564311919272
281,design_000281,32.5,130,True,0.0027619848562305963
281,design_000281,35.0,140,True,0.003380556077171119
281,design_000281,37.5,150,True,0.00408830126250212
281,design_000281,40.0,160,True,0.0060186626850869795
281,design_000281,42.5,170,True,0.006418424672426169
281,design_000281,45.0,180,True,0.007151553673526671
282,design_000282,0.0,0,True,0.0020706439821151197
282,design_000282,2.5,10,True,0.012980059166289273
282,design_000282,5.0,20,True,0.009501577964226657
282,design_000282,7.5,30,True,0.00643534723507529
282,design_000282,10.0,40,True,0.013673703717894581
282,design_000282,12.5,50,True,0.02579587205067352
282,design_000282,15.0,60,True,0.02732896418784439
282,design_000282,17.5,70,True,0.023841485806142867
282,design_000282,20.0,80,True,0.020089944229863505
282,design_000282,22.5,90,True,0.01924257897256909
282,design_000282,25.0,100,True,0.013431969690503904
282,design_000282,27.5,110,True,0.005888676511970633
282,design_000282,30.0,120,True,0.002417602930078526
282,design_000282,32.5,130,True,0.0015293002359856047
282,design_000282,35.0,140,True,0.00263467063201909
282,design_000282,37.5,150,True,0.0037668771805275197
282,design_000282,40.0,160,True,0.0051515450584346135
282,design_000282,42.5,170,True,0.00667972229003603
282,design_000282,45.0,180,True,0.009292863053472412
283,design_000283,0.0,0,True,0.0022645156519173716
283,design_000283,2.5,10,True,0.00658241226394849
283,design_000283,5.0,20,True,0.04583898127588082
283,design_000283,7.5,30,True,0.0493206924732547
283,design_000283,10.0,40,True,0.018905953974045046
283,design_000283,12.5,50,True,0.012662586308008292
283,design_000283,15.0,60,True,0.011966584923575257
283,design_000283,17.5,70,True,0.00890330875309902
283,design_000283,20.0,80,True,0.003970072982861915
283,design_000283,22.5,90,True,0.004248275721893132
283,design_000283,25.0,100,True,0.0032229778235075843
283,design_000283,27.5,110,True,0.0030705130705996637
283,design_000283,30.0,120,True,0.002599921571294908
283,design_000283,32.5,130,True,0.00228237511904576
283,design_000283,35.0,140,True,0.0035307556310543295
283,design_000283,37.5,150,True,0.004634545811587593
283,design_000283,40.0,160,True,0.008390029809693944
283,design_000283,42.5,170,True,0.008823695790051798
283,design_000283,45.0,180,True,0.011237168839835113
284,design_000284,0.0,0,True,0.002012663366499872
284,design_000284,2.5,10,True,0.005318165387039862
284,design_000284,5.0,20,True,0.01209622398092633
284,design_000284,7.5,30,True,0.01962299851735295
284,design_000284,10.0,40,True,0.01915969210961538
284,design_000284,12.5,50,True,0.02624486671367538
284,design_000284,15.0,60,True,0.02416884792691384
284,design_000284,17.5,70,True,0.010728913565804778
284,design_000284,20.0,80,True,0.011874758136397445
284,design_000284,22.5,90,True,0.017434217750118802
284,design_000284,25.0,100,True,0.017463163936460562
284,design_000284,27.5,110,True,0.014575258629365768
284,design_000284,30.0,120,True,0.007417469748575021
284,design_000284,32.5,130,True,0.004809356711435805
284,design_000284,35.0,140,True,0.005584504605889875
284,design_000284,37.5,150,True,0.0058306036812634
284,design_000284,40.0,160,True,0.006695217822945751
284,design_000284,42.5,170,True,0.0074234807983911315
284,design_000284,45.0,180,True,0.008201727396393424
285,design_000285,0.0,0,True,0.002147216809214963
285,design_000285,2.5,10,True,0.00661477880223275
285,design_000285,5.0,20,True,0.04426302216461092
285,design_000285,7.5,30,True,0.08943030363834745
285,design_000285,10.0,40,True,0.05068680916844132
285,design_000285,12.5,50,True,0.03057531042371285
285,design_000285,15.0,60,True,0.02053018196106201
285,design_000285,17.5,70,True,0.011511749482198675
285,design_000285,20.0,80,True,0.004654508185532202
285,design_000285,22.5,90,True,0.0024055102148245453
285,design_000285,25.0,100,True,0.0011902200441304693
285,design_000285,27.5,110,True,0.0007836253316684306
285,design_000285,30.0,120,True,0.0009820532606927587
285,design_000285,32.5,130,True,0.0007158539426636114
285,design_000285,35.0,140,True,0.0024248903937661164
285,design_000285,37.5,150,True,0.003795590054072714
285,design_000285,40.0,160,True,0.0065953860016337434
285,design_000285,42.5,170,True,0.006252498250665102
285,design_000285,45.0,180,True,0.0091037818389594
286,design_000286,0.0,0,True,0.002087382025298162
286,design_000286,2.5,10,True,0.004603369329175797
286,design_000286,5.0,20,True,0.012539521742046474
286,design_000286,7.5,30,True,0.013950531014023524
286,design_000286,10.0,40,True,0.02171235352851235
286,design_000286,12.5,50,True,0.0243194722578573
286,design_000286,15.0,60,True,0.021464428777151455
286,design_000286,17.5,70,True,0.015574958898729398
286,design_000286,20.0,80,True,0.010975647888001799
286,design_000286,22.5,90,True,0.010552479898581227
286,design_000286,25.0,100,True,0.007645128180930576
286,design_000286,27.5,110,True,0.00450510595443406
286,design_000286,30.0,120,True,0.001869187887437466
286,design_000286,32.5,130,True,0.0028201641517023477
286,design_000286,35.0,140,True,0.005329730128440286
286,design_000286,37.5,150,True,0.00625444049164656
286,design_000286,40.0,160,True,0.007300697641203379
286,design_000286,42.5,170,True,0.008071641538746965
286,design_000286,45.0,180,True,0.010496004513303984
287,design_000287,0.0,0,True,0.0022126591189010354
287,design_000287,2.5,10,True,0.010621836362806884
287,design_000287,5.0,20,True,0.019264028525839885
287,design_000287,7.5,30,True,0.04239827090945482
287,design_000287,10.0,40,True,0.07158998754417542
287,design_000287,12.5,50,True,0.07869306429929063
287,design_000287,15.0,60,True,0.07331316154163312
287,design_000287,17.5,70,True,0.04341817875913827
287,design_000287,20.0,80,True,0.024991855610587907
287,design_000287,22.5,90,True,0.01658584952360576
287,design_000287,25.0,100,True,0.009123372388801471
287,design_000287,27.5,110,True,0.005948691710037547
287,design_000287,30.0,120,True,0.003074842378241448
287,design_000287,32.5,130,True,0.004075288148382506
287,design_000287,35.0,140,True,0.005027390966178333
287,design_000287,37.5,150,True,0.005936917909155423
287,design_000287,40.0,160,True,0.008286489794489805
287,design_000287,42.5,170,True,0.008897304100122136
287,design_000287,45.0,180,True,0.01027928479153116
288,design_000288,0.0,0,True,0.002137185312673165
288,design_000288,2.5,10,True,0.0033590025197760085
288,design_000288,5.0,20,True,0.03230943867080369
288,design_000288,7.5,30,True,0.0843066055819536
288,design_000288,10.0,40,True,0.11140073838544834
288,design_000288,12.5,50,True,0.07585046964173325
288,design_000288,15.0,60,True,0.03952751681693231
288,design_000288,17.5,70,True,0.020365792944697682
288,design_000288,20.0,80,True,0.010579877812205384
288,design_000288,22.5,90,True,0.010349565173863968
288,design_000288,25.0,100,True,0.006927364331007284
288,design_000288,27.5,110,True,0.0028533848248219382
288,design_000288,30.0,120,True,0.0012355060386305004
288,design_000288,32.5,130,True,0.0012200807917648058
288,design_000288,35.0,140,True,0.003890287534381454
288,design_000288,37.5,150,True,0.005009361397364765
288,design_000288,40.0,160,True,0.009078224465386336
288,design_000288,42.5,170,True,0.009332022915609767
288,design_000288,45.0,180,True,0.013105747891240235
289,design_000289,0.0,0,True,0.0019492094461800995
289,design_000289,2.5,10,True,0.03024513344734768
289,design_000289,5.0,20,True,0.020823018915028885
289,design_000289,7.5,30,True,0.046333474362117016
289,design_000289,10.0,40,True,0.0698261942176105
289,design_000289,12.5,50,True,0.06974283836817002
289,design_000289,15.0,60,True,0.05543220295169139
289,design_000289,17.5,70,True,0.03234525159351826
289,design_000289,20.0,80,True,0.018672097807504437
289,design_000289,22.5,90,True,0.012810421895983306
289,design_000289,25.0,100,True,0.006765239580307796
289,design_000289,27.5,110,True,0.0032280314273424636
289,design_000289,30.0,120,True,0.0021472423632680985
289,design_000289,32.5,130,True,0.002829487974922114
289,design_000289,35.0,140,True,0.0036403787468510113
289,design_000289,37.5,150,True,0.0042100717043755745
289,design_000289,40.0,160,True,0.006592251691604984
289,design_000289,42.5,170,True,0.007025331583012867
289,design_000289,45.0,180,True,0.008560080032973271
290,design_000290,0.0,0,True,0.0021098888020760647
290,design_000290,2.5,10,True,0.0038559069680859323
290,design_000290,5.0,20,True,0.026416743253707478
290,design_000290,7.5,30,True,0.06962776677348784
290,design_000290,10.0,40,True,0.0921019119625828
290,design_000290,12.5,50,True,0.07858473403626812
290,design_000290,15.0,60,True,0.053805246147362595
290,design_000290,17.5,70,True,0.03421060440990977
290,design_000290,20.0,80,True,0.0168573049279918
290,design_000290,22.5,90,True,0.01147691741354801
290,design_000290,25.0,100,True,0.007715439107443788
290,design_000290,27.5,110,True,0.006083011948763724
290,design_000290,30.0,120,True,0.0030675160926410677
290,design_000290,32.5,130,True,0.00484879690362061
290,design_000290,35.0,140,True,0.006912297936265207
290,design_000290,37.5,150,True,0.0068590358987482445
290,design_000290,40.0,160,True,0.009482438961277508
290,design_000290,42.5,170,True,0.009629202496548932
290,design_000290,45.0,180,True,0.011527278080929414
291,design_000291,0.0,0,True,0.0021646827463700498
291,design_000291,2.5,10,True,0.014229170966311615
291,design_000291,5.0,20,True,0.008005133267143881
291,design_000291,7.5,30,True,0.015189477163785606
291,design_000291,10.0,40,True,0.030295231861037372
291,design_000291,12.5,50,True,0.03026873003050178
291,design_000291,15.0,60,True,0.03407110708686057
291,design_000291,17.5,70,True,0.03981104554373234
291,design_000291,20.0,80,True,0.03889240555353671
291,design_000291,22.5,90,True,0.04029708634709675
291,design_000291,25.0,100,True,0.031079604723855514
291,design_000291,27.5,110,True,0.020428367126072197
291,design_000291,30.0,120,True,0.009150009693083626
291,design_000291,32.5,130,True,0.007976969296034416
291,design_000291,35.0,140,True,0.008949680225936795
291,design_000291,37.5,150,True,0.007048082988427989
291,design_000291,40.0,160,True,0.006478403735732822
291,design_000291,42.5,170,True,0.006537478902627921
291,design_000291,45.0,180,True,0.008639411241431194
292,design_000292,0.0,0,True,0.0020224080442717103
292,design_000292,2.5,10,True,0.0011837097929223678
292,design_000292,5.0,20,True,0.0156772412984083
292,design_000292,7.5,30,True,0.025548462175070407
292,design_000292,10.0,40,True,0.01176744971897767
292,design_000292,12.5,50,True,0.01748179083505601
292,design_000292,15.0,60,True,0.016196479860332763
292,design_000292,17.5,70,True,0.008145237860067335
292,design_000292,20.0,80,True,0.008273502543769452
292,design_000292,22.5,90,True,0.011769999664685865
292,design_000292,25.0,100,True,0.011746779969220762
292,design_000292,27.5,110,True,0.010562493555288797
292,design_000292,30.0,120,True,0.006188137255842388
292,design_000292,32.5,130,True,0.00658356719548483
292,design_000292,35.0,140,True,0.006913965346982816
292,design_000292,37.5,150,True,0.006750218091524351
292,design_000292,40.0,160,True,0.007155696707151155
292,design_000292,42.5,170,True,0.00638901450066133
292,design_000292,45.0,180,True,0.006650525339058034
293,design_000293,0.0,0,True,0.002190285722484556
293,design_000293,2.5,10,True,0.034893531631233134
293,design_000293,5.0,20,True,0.046254720735425935
293,design_000293,7.5,30,True,0.05933181692637565
293,design_000293,10.0,40,True,0.05348475361788693
293,design_000293,12.5,50,True,0.04432628870648028
293,design_000293,15.0,60,True,0.0430971696982618
293,design_000293,17.5,70,True,0.03421814779394536
293,design_000293,20.0,80,True,0.022394899520972532
293,design_000293,22.5,90,True,0.018936934726654135
293,design_000293,25.0,100,True,0.013076482822084023
293,design_000293,27.5,110,True,0.007979340874998384
293,design_000293,30.0,120,True,0.0038462165908702472
293,design_000293,32.5,130,True,0.002476852166143019
293,design_000293,35.0,140,True,0.0028074613833564033
293,design_000293,37.5,150,True,0.0038777107206101925
293,design_000293,40.0,160,True,0.0049096053803377206
293,design_000293,42.5,170,True,0.00539936121267723
293,design_000293,45.0,180,True,0.007734586494633357
294,design_000294,0.0,0,True,0.0024530086299158317
294,design_000294,2.5,10,True,0.0019854214315498117
294,design_000294,5.0,20,True,0.00808845639800414
294,design_000294,7.5,30,True,0.02784064436277861
294,design_000294,10.0,40,True,0.033508387405584705
294,design_000294,12.5,50,True,0.027490122324952647
294,design_000294,15.0,60,True,0.030686348867766087
294,design_000294,17.5,70,True,0.02757625243671956
294,design_000294,20.0,80,True,0.02244315935774569
294,design_000294,22.5,90,True,0.016584706485847565
294,design_000294,25.0,100,True,0.012233421757934498
294,design_000294,27.5,110,True,0.010183517423511458
294,design_000294,30.0,120,True,0.006297180375477591
294,design_000294,32.5,130,True,0.007264867010491994
294,design_000294,35.0,140,True,0.008598819026100808
294,design_000294,37.5,150,True,0.008010854648808217
294,design_000294,40.0,160,True,0.006920157907865184
294,design_000294,42.5,170,True,0.006720912788399101
294,design_000294,45.0,180,True,0.007617496799281313
295,design_000295,0.0,0,True,0.0020736770252912096
295,design_000295,2.5,10,True,0.027702185009928958
295,design_000295,5.0,20,True,0.012203743329252285
295,design_000295,7.5,30,True,0.012926489984871904
295,design_000295,10.0,40,True,0.028800544734529428
295,design_000295,12.5,50,True,0.03999280845353124
295,design_000295,15.0,60,True,0.04500352276883345
295,design_000295,17.5,70,True,0.045176058522012875
295,design_000295,20.0,80,True,0.03804116730273657
295,design_000295,22.5,90,True,0.032361696832702236
295,design_000295,25.0,100,True,0.019168234867422123
295,design_000295,27.5,110,True,0.008660366143640639
295,design_000295,30.0,120,True,0.0036955244406142317
295,design_000295,32.5,130,True,0.0020778809441071465
295,design_000295,35.0,140,True,0.002457997975843746
295,design_000295,37.5,150,True,0.003402264971745602
295,design_000295,40.0,160,True,0.004339621908218136
295,design_000295,42.5,170,True,0.003639652818799336
295,design_000295,45.0,180,True,0.006049880122367008
296,design_000296,0.0,0,True,0.002267667014205466
296,design_000296,2.5,10,True,0.0036753212404662884
296,design_000296,5.0,20,True,0.027687697328903107
296,design_000296,7.5,30,True,0.059191428617719706
296,design_000296,10.0,40,True,0.06138590883828146
296,design_000296,12.5,50,True,0.038280261307341454
296,design_000296,15.0,60,True,0.024178058003844517
296,design_000296,17.5,70,True,0.015041373153000406
296,design_000296,20.0,80,True,0.009946005709355088
296,design_000296,22.5,90,True,0.009126849329458776
296,design_000296,25.0,100,True,0.00822957750300974
296,design_000296,27.5,110,True,0.00739013801129674
296,design_000296,30.0,120,True,0.004061997561211425
296,design_000296,32.5,130,True,0.005504737563771215
296,design_000296,35.0,140,True,0.006869805748602067
296,design_000296,37.5,150,True,0.006475830175263785
296,design_000296,40.0,160,True,0.009609158011532705
296,design_000296,42.5,170,True,0.008930802730873554
296,design_000296,45.0,180,True,0.011018319331656402
297,design_000297,0.0,0,True,0.002067128502178422
297,design_000297,2.5,10,True,0.020186658349726987
297,design_000297,5.0,20,True,0.046450118640593854
297,design_000297,7.5,30,True,0.055201518503971675
297,design_000297,10.0,40,True,0.03882064060305658
297,design_000297,12.5,50,True,0.03055228387577735
297,design_000297,15.0,60,True,0.02567885543687245
297,design_000297,17.5,70,True,0.018048142684265456
297,design_000297,20.0,80,True,0.007629234377164983
297,design_000297,22.5,90,True,0.006914104047373734
297,design_000297,25.0,100,True,0.005520029214950154
297,design_000297,27.5,110,True,0.004331707564682218
297,design_000297,30.0,120,True,0.0035337485266399996
297,design_000297,32.5,130,True,0.0018355027911203183
297,design_000297,35.0,140,True,0.0018568875965598755
297,design_000297,37.5,150,True,0.0032048711000139955
297,design_000297,40.0,160,True,0.0056253933207161995
297,design_000297,42.5,170,True,0.005247449028949155
297,design_000297,45.0,180,True,0.007582357796661382
298,design_000298,0.0,0,True,0.00188953620035026
298,design_000298,2.5,10,True,0.0028511766169475967
298,design_000298,5.0,20,True,0.015536137036452043
298,design_000298,7.5,30,True,0.033227795650625856
298,design_000298,10.0,40,True,0.04269435008684224
298,design_000298,12.5,50,True,0.03892509836665661
298,design_000298,15.0,60,True,0.028395795212268475
298,design_000298,17.5,70,True,0.01771266282056755
298,design_000298,20.0,80,True,0.012028185654887887
298,design_000298,22.5,90,True,0.008168829664780285
298,design_000298,25.0,100,True,0.00592657022770439
298,design_000298,27.5,110,True,0.006960871218199639
298,design_000298,30.0,120,True,0.005954291160687787
298,design_000298,32.5,130,True,0.0058348385313038795
298,design_000298,35.0,140,True,0.005389078620067938
298,design_000298,37.5,150,True,0.006922029070493815
298,design_000298,40.0,160,True,0.008712416324694026
298,design_000298,42.5,170,True,0.007163362299916583
298,design_000298,45.0,180,True,0.00881294398423789
299,design_000299,0.0,0,True,0.0020908440600625935
299,design_000299,2.5,10,True,0.00432287093645477
299,design_000299,5.0,20,True,0.03445893064496425
299,design_000299,7.5,30,True,0.07379758892341506
299,design_000299,10.0,40,True,0.08374282735442545
299,design_000299,12.5,50,True,0.07629797921866623
299,design_000299,15.0,60,True,0.07570330490160587
299,design_000299,17.5,70,True,0.060782475585802194
299,design_000299,20.0,80,True,0.04599751687069042
299,design_000299,22.5,90,True,0.03996432252427607
299,design_000299,25.0,100,True,0.03460559957090898
299,design_000299,27.5,110,True,0.026827146663326248
299,design_000299,30.0,120,True,0.01754908368379674
299,design_000299,32.5,130,True,0.01695279609055042
299,design_000299,35.0,140,True,0.01719135415652851
299,design_000299,37.5,150,True,0.01678155156916883
299,design_000299,40.0,160,True,0.017735038990515345
299,design_000299,42.5,170,True,0.01531443251926591
299,design_000299,45.0,180,True,0.015108810742225285
300,design_000300,0.0,0,True,0.0018904354072386102
300,design_000300,2.5,10,True,0.008608943868556953
300,design_000300,5.0,20,True,0.0704763729636031
300,design_000300,7.5,30,True,0.14468424941713956
300,design_000300,10.0,40,True,0.13529485698045202
300,design_000300,12.5,50,True,0.058362386490630885
300,design_000300,15.0,60,True,0.0268001353546786
300,design_000300,17.5,70,True,0.015160316829242813
300,design_000300,20.0,80,True,0.009664971016891526
300,design_000300,22.5,90,True,0.008268120270371918
300,design_000300,25.0,100,True,0.005666323557320852
300,design_000300,27.5,110,True,0.004331540796056452
300,design_000300,30.0,120,True,0.0026595783462327154
300,design_000300,32.5,130,True,0.005200431944050803
300,design_000300,35.0,140,True,0.00829244317506129
300,design_000300,37.5,150,True,0.008550860957943583
300,design_000300,40.0,160,True,0.011917663613356971
300,design_000300,42.5,170,True,0.012193534794434937
300,design_000300,45.0,180,True,0.015430820537048067
301,design_000301,0.0,0,True,0.0020909201146860515
301,design_000301,2.5,10,True,0.0018300421574510871
301,design_000301,5.0,20,True,0.007957162440744132
301,design_000301,7.5,30,True,0.027317467946757785
301,design_000301,10.0,40,True,0.05902883282895395
301,design_000301,12.5,50,True,0.08056651028490852
301,design_000301,15.0,60,True,0.09756488119519317
301,design_000301,17.5,70,True,0.08420740524767023
301,design_000301,20.0,80,True,0.06415636360725553
301,design_000301,22.5,90,True,0.04826384447151182
301,design_000301,25.0,100,True,0.03235507143910206
301,design_000301,27.5,110,True,0.02345368379350288
301,design_000301,30.0,120,True,0.011671521540880633
301,design_000301,32.5,130,True,0.010130546073528117
301,design_000301,35.0,140,True,0.010009837759321741
301,design_000301,37.5,150,True,0.008689705727185628
301,design_000301,40.0,160,True,0.009670087999613669
301,design_000301,42.5,170,True,0.009515499156326556
301,design_000301,45.0,180,True,0.01001291806924668
302,design_000302,0.0,0,True,0.0020319839079275207
302,design_000302,2.5,10,True,0.03787631616577975
302,design_000302,5.0,20,True,0.018817841842285174
302,design_000302,7.5,30,True,0.01994146509768123
302,design_000302,10.0,40,True,0.027499510766139698
302,design_000302,12.5,50,True,0.03247400222478178
302,design_000302,15.0,60,True,0.04005081101859977
302,design_000302,17.5,70,True,0.04002338948700952
302,design_000302,20.0,80,True,0.031927830702314954
302,design_000302,22.5,90,True,0.027395323114284317
302,design_000302,25.0,100,True,0.016712305062653057
302,design_000302,27.5,110,True,0.0096045730015436
302,design_000302,30.0,120,True,0.003938355864161497
302,design_000302,32.5,130,True,0.003919032867969992
302,design_000302,35.0,140,True,0.005130291022017993
302,design_000302,37.5,150,True,0.0055324944698128915
302,design_000302,40.0,160,True,0.006571306127189119
302,design_000302,42.5,170,True,0.008699682431413386
302,design_000302,45.0,180,True,0.010351432462503389
303,design_000303,0.0,0,True,0.0019655229345400867
303,design_000303,2.5,10,True,0.016833355063019733
303,design_000303,5.0,20,True,0.03834783135701492
303,design_000303,7.5,30,True,0.04350978340437887
303,design_000303,10.0,40,True,0.048374045973423346
303,design_000303,12.5,50,True,0.041392148417321944
303,design_000303,15.0,60,True,0.023457768609764278
303,design_000303,17.5,70,True,0.013423879705457078
303,design_000303,20.0,80,True,0.006169066218997531
303,design_000303,22.5,90,True,0.004649097666719993
303,design_000303,25.0,100,True,0.0032063030395518737
303,design_000303,27.5,110,True,0.0023597552583289475
303,design_000303,30.0,120,True,0.0020837125531530803
303,design_000303,32.5,130,True,0.002449527237981779
303,design_000303,35.0,140,True,0.004888169544844995
303,design_000303,37.5,150,True,0.005528310243460425
303,design_000303,40.0,160,True,0.007785363787175155
303,design_000303,42.5,170,True,0.008550595921202758
303,design_000303,45.0,180,True,0.011045423157196227
304,design_000304,0.0,0,True,0.002180563523945349
304,design_000304,2.5,10,True,0.0020318071772730617
304,design_000304,5.0,20,True,0.024377735249853857
304,design_000304,7.5,30,True,0.04633266688697432
304,design_000304,10.0,40,True,0.031749452375053576
304,design_000304,12.5,50,True,0.030985840221072994
304,design_000304,15.0,60,True,0.0281870449151732
304,design_000304,17.5,70,True,0.01875616410582951
304,design_000304,20.0,80,True,0.013420785625941305
304,design_000304,22.5,90,True,0.011034631401730515
304,design_000304,25.0,100,True,0.007423236570146402
304,design_000304,27.5,110,True,0.004168226578542669
304,design_000304,30.0,120,True,0.0030365783843032024
304,design_000304,32.5,130,True,0.0027062828062376946
304,design_000304,35.0,140,True,0.0034127365998510807
304,design_000304,37.5,150,True,0.00441981346786955
304,design_000304,40.0,160,True,0.0071292145595976564
304,design_000304,42.5,170,True,0.006850650122606208
304,design_000304,45.0,180,True,0.009291107254996298
305,design_000305,0.0,0,True,0.00208032239486977
305,design_000305,2.5,10,True,0.06354133578226358
305,design_000305,5.0,20,True,0.1617740308020238
305,design_000305,7.5,30,True,0.11910005734521921
305,design_000305,10.0,40,True,0.07532982832433255
305,design_000305,12.5,50,True,0.043495038320612925
305,design_000305,15.0,60,True,0.032385859684935105
305,design_000305,17.5,70,True,0.02182933791910791
305,design_000305,20.0,80,True,0.0160362216996699
305,design_000305,22.5,90,True,0.013553321453937624
305,design_000305,25.0,100,True,0.009220762206797949
305,design_000305,27.5,110,True,0.007221288931482032
305,design_000305,30.0,120,True,0.00516302000390074
305,design_000305,32.5,130,True,0.005807906450394946
305,design_000305,35.0,140,True,0.0074811195701591105
305,design_000305,37.5,150,True,0.0074361348872095945
305,design_000305,40.0,160,True,0.010061052572940292
305,design_000305,42.5,170,True,0.008958130807555403
305,design_000305,45.0,180,True,0.011534659028433331
306,design_000306,0.0,0,True,0.002151291811246108
306,design_000306,2.5,10,True,0.017647565603251505
306,design_000306,5.0,20,True,0.042368889410054886
306,design_000306,7.5,30,True,0.04213223631073113
306,design_000306,10.0,40,True,0.026598882128936786
306,design_000306,12.5,50,True,0.02430776553882076
306,design_000306,15.0,60,True,0.024081404896518423
306,design_000306,17.5,70,True,0.02627413940606461
306,design_000306,20.0,80,True,0.025737838779255947
306,design_000306,22.5,90,True,0.028598921810657096
306,design_000306,25.0,100,True,0.0237963896253866
306,design_000306,27.5,110,True,0.01570453127679252
306,design_000306,30.0,120,True,0.007763875922098963
306,design_000306,32.5,130,True,0.008105977616559588
306,design_000306,35.0,140,True,0.00985907897666324
306,design_000306,37.5,150,True,0.010941704567442812
306,design_000306,40.0,160,True,0.011099732207603899
306,design_000306,42.5,170,True,0.010187787021467522
306,design_000306,45.0,180,True,0.012212272859082458
307,design_000307,0.0,0,True,0.002247420727614324
307,design_000307,2.5,10,True,0.0023096171122705595
307,design_000307,5.0,20,True,0.015872499595840157
307,design_000307,7.5,30,True,0.012053669551852397
307,design_000307,10.0,40,True,0.010388447121269103
307,design_000307,12.5,50,True,0.014651783422288057
307,design_000307,15.0,60,True,0.01752632354934329
307,design_000307,17.5,70,True,0.015869139893985376
307,design_000307,20.0,80,True,0.011586834353990962
307,design_000307,22.5,90,True,0.010798891958258562
307,design_000307,25.0,100,True,0.006788728968837247
307,design_000307,27.5,110,True,0.004755347687614406
307,design_000307,30.0,120,True,0.0026422164963440893
307,design_000307,32.5,130,True,0.0019382378347380705
307,design_000307,35.0,140,True,0.0023963682987251404
307,design_000307,37.5,150,True,0.003423402168844637
307,design_000307,40.0,160,True,0.004536153272183901
307,design_000307,42.5,170,True,0.004174540253996686
307,design_000307,45.0,180,True,0.006216137908332437
308,design_000308,0.0,0,True,0.002094135149758425
308,design_000308,2.5,10,True,0.012545491814198081
308,design_000308,5.0,20,True,0.022600752579472264
308,design_000308,7.5,30,True,0.03811588782536357
308,design_000308,10.0,40,True,0.02914242815826727
308,design_000308,12.5,50,True,0.018787345085400545
308,design_000308,15.0,60,True,0.019716433318247826
308,design_000308,17.5,70,True,0.014107791904274245
308,design_000308,20.0,80,True,0.008704963139068597
308,design_000308,22.5,90,True,0.009251416024134004
308,design_000308,25.0,100,True,0.005999689451190884
308,design_000308,27.5,110,True,0.004746659449387052
308,design_000308,30.0,120,True,0.002882469176279519
308,design_000308,32.5,130,True,0.0032229833536572936
308,design_000308,35.0,140,True,0.004843735286837152
308,design_000308,37.5,150,True,0.005440139302341026
308,design_000308,40.0,160,True,0.007831508114013456
308,design_000308,42.5,170,True,0.007155561055262457
308,design_000308,45.0,180,True,0.009240142491548132
309,design_000309,0.0,0,True,0.0018920089885877123
309,design_000309,2.5,10,True,0.003114112788355674
309,design_000309,5.0,20,True,0.015367874608079594
309,design_000309,7.5,30,True,0.04214801710983124
309,design_000309,10.0,40,True,0.06063392204701616
309,design_000309,12.5,50,True,0.06065263751789351
309,design_000309,15.0,60,True,0.0479252469582675
309,design_000309,17.5,70,True,0.02997021614829456
309,design_000309,20.0,80,True,0.020718875467692795
309,design_000309,22.5,90,True,0.01372990733361748
309,design_000309,25.0,100,True,0.009105365531389896
309,design_000309,27.5,110,True,0.009329986552341202
309,design_000309,30.0,120,True,0.006854945595570986
309,design_000309,32.5,130,True,0.00703885866204394
309,design_000309,35.0,140,True,0.005943867775181039
309,design_000309,37.5,150,True,0.005535168299227947
309,design_000309,40.0,160,True,0.006740652053044638
309,design_000309,42.5,170,True,0.005443733758397396
309,design_000309,45.0,180,True,0.006720320167512889
310,design_000310,0.0,0,True,0.001975264284361825
310,design_000310,2.5,10,True,0.026525793109694055
310,design_000310,5.0,20,True,0.050922357950318894
310,design_000310,7.5,30,True,0.025768277150102863
310,design_000310,10.0,40,True,0.028066312145740062
310,design_000310,12.5,50,True,0.026261976498781436
310,design_000310,15.0,60,True,0.02295084622427621
310,design_000310,17.5,70,True,0.019255711128373865
310,design_000310,20.0,80,True,0.012087332512311859
310,design_000310,22.5,90,True,0.008951096213450593
310,design_000310,25.0,100,True,0.004987744470584821
310,design_000310,27.5,110,True,0.0033205597920792002
310,design_000310,30.0,120,True,0.0026961482374213324
310,design_000310,32.5,130,True,0.002526615021025377
310,design_000310,35.0,140,True,0.003851885012705856
310,design_000310,37.5,150,True,0.004148031853848655
310,design_000310,40.0,160,True,0.005862041139264935
310,design_000310,42.5,170,True,0.008145167036792116
310,design_000310,45.0,180,True,0.00987111883267634
311,design_000311,0.0,0,True,0.002140680702145602
311,design_000311,2.5,10,True,0.00113789041199697
311,design_000311,5.0,20,True,0.024944076513249522
311,design_000311,7.5,30,True,0.03403534098418788
311,design_000311,10.0,40,True,0.03858776896097839
311,design_000311,12.5,50,True,0.030979240802262543
311,design_000311,15.0,60,True,0.026505927369600883
311,design_000311,17.5,70,True,0.020200188809943957
311,design_000311,20.0,80,True,0.02137853446623562
311,design_000311,22.5,90,True,0.021471005256771508
311,design_000311,25.0,100,True,0.017669243504958253
311,design_000311,27.5,110,True,0.014083145789237417
311,design_000311,30.0,120,True,0.007044257268003084
311,design_000311,32.5,130,True,0.005810298894480068
311,design_000311,35.0,140,True,0.00566680683130881
311,design_000311,37.5,150,True,0.005498775584756813
311,design_000311,40.0,160,True,0.005853736879608622
311,design_000311,42.5,170,True,0.005866821756521047
311,design_000311,45.0,180,True,0.007198253085099254
312,design_000312,0.0,0,True,0.002144424265959862
312,design_000312,2.5,10,True,0.007168583642748246
312,design_000312,5.0,20,True,0.013108907084083143
312,design_000312,7.5,30,True,0.026245706370014377
312,design_000312,10.0,40,True,0.022747523197906558
312,design_000312,12.5,50,True,0.021040457847846
312,design_000312,15.0,60,True,0.014047640960428813
312,design_000312,17.5,70,True,0.006991331371901039
312,design_000312,20.0,80,True,0.0026636590010175017
312,design_000312,22.5,90,True,0.0025824057567222173
312,design_000312,25.0,100,True,0.0019588668284805325
312,design_000312,27.5,110,True,0.00222475284319129
312,design_000312,30.0,120,True,0.001990847076693342
312,design_000312,32.5,130,True,0.0015054118903154114
312,design_000312,35.0,140,True,0.0023209414724008398
312,design_000312,37.5,150,True,0.0030036929667917513
312,design_000312,40.0,160,True,0.005264303292921207
312,design_000312,42.5,170,True,0.005914364042391107
312,design_000312,45.0,180,True,0.00746051009969023
313,design_000313,0.0,0,True,0.0022827556208923107
313,design_000313,2.5,10,True,0.0023640683051103333
313,design_000313,5.0,20,True,0.024168573602513455
313,design_000313,7.5,30,True,0.06783859119316916
313,design_000313,10.0,40,True,0.08942482175579788
313,design_000313,12.5,50,True,0.06266024806803511
313,design_000313,15.0,60,True,0.028128687996369743
313,design_000313,17.5,70,True,0.01388009280320577
313,design_000313,20.0,80,True,0.007259411962162484
313,design_000313,22.5,90,True,0.009084437783976973
313,design_000313,25.0,100,True,0.006626429165641356
313,design_000313,27.5,110,True,0.004328497046395784
313,design_000313,30.0,120,True,0.0028476270296570756
313,design_000313,32.5,130,True,0.002239354765834379
313,design_000313,35.0,140,True,0.0033951424820741374
313,design_000313,37.5,150,True,0.0038644362812648597
313,design_000313,40.0,160,True,0.006271641602713552
313,design_000313,42.5,170,True,0.007355545003199099
313,design_000313,45.0,180,True,0.010602074466159631
314,design_000314,0.0,0,True,0.0022277016906385697
314,design_000314,2.5,10,True,0.016388768335949943
314,design_000314,5.0,20,True,0.018521480911598914
314,design_000314,7.5,30,True,0.024415602380153875
314,design_000314,10.0,40,True,0.03530120604689193
314,design_000314,12.5,50,True,0.04081410692046709
314,design_000314,15.0,60,True,0.04731368607707194
314,design_000314,17.5,70,True,0.04439443340523977
314,design_000314,20.0,80,True,0.031001804852654167
314,design_000314,22.5,90,True,0.02326178438853742
314,design_000314,25.0,100,True,0.013699731361231062
314,design_000314,27.5,110,True,0.00874271470403487
314,design_000314,30.0,120,True,0.004848227686379323
314,design_000314,32.5,130,True,0.006649205722501613
314,design_000314,35.0,140,True,0.009157909731464315
314,design_000314,37.5,150,True,0.007562151856861164
314,design_000314,40.0,160,True,0.007657495172575758
314,design_000314,42.5,170,True,0.00780685590787597
314,design_000314,45.0,180,True,0.009258189612900737
315,design_000315,0.0,0,True,0.002124807481996176
315,design_000315,2.5,10,True,0.04082288849801566
315,design_000315,5.0,20,True,0.060033617882861136
315,design_000315,7.5,30,True,0.029097390506790156
315,design_000315,10.0,40,True,0.027004839542681243
315,design_000315,12.5,50,True,0.030811306847422164
315,design_000315,15.0,60,True,0.03517248261772798
315,design_000315,17.5,70,True,0.03014943729127988
315,design_000315,20.0,80,True,0.02504480835579225
315,design_000315,22.5,90,True,0.023927319928349487
315,design_000315,25.0,100,True,0.01615640139978126
315,design_000315,27.5,110,True,0.008038122471199092
315,design_000315,30.0,120,True,0.00380708197697284
315,design_000315,32.5,130,True,0.001540609127481919
315,design_000315,35.0,140,True,0.0021348402998305153
315,design_000315,37.5,150,True,0.0031984232535696307
315,design_000315,40.0,160,True,0.0061041797996863045
315,design_000315,42.5,170,True,0.007527869565448666
315,design_000315,45.0,180,True,0.010780838919195432
316,design_000316,0.0,0,True,0.002251442135774992
316,design_000316,2.5,10,True,0.0024881876968170643
316,design_000316,5.0,20,True,0.017439109608063982
316,design_000316,7.5,30,True,0.045280657290185586
316,design_000316,10.0,40,True,0.0570193543699047
316,design_000316,12.5,50,True,0.04059150690728417
316,design_000316,15.0,60,True,0.0281858422019369
316,design_000316,17.5,70,True,0.017032309065819484
316,design_000316,20.0,80,True,0.0112375638479419
316,design_000316,22.5,90,True,0.010345698381192044
316,design_000316,25.0,100,True,0.007981708147475843
316,design_000316,27.5,110,True,0.005106731298507555
316,design_000316,30.0,120,True,0.002684959647373711
316,design_000316,32.5,130,True,0.0025618077465737756
316,design_000316,35.0,140,True,0.0032388771445465026
316,design_000316,37.5,150,True,0.004335234722522424
316,design_000316,40.0,160,True,0.006930206495529329
316,design_000316,42.5,170,True,0.006997862932272417
316,design_000316,45.0,180,True,0.00857852534165083
317,design_000317,0.0,0,True,0.0021998056682372854
317,design_000317,2.5,10,True,0.026564070560924406
317,design_000317,5.0,20,True,0.11139417616372152
317,design_000317,7.5,30,True,0.13696916943330278
317,design_000317,10.0,40,True,0.09961197481963141
317,design_000317,12.5,50,True,0.05188534098756373
317,design_000317,15.0,60,True,0.0264012161141165
317,design_000317,17.5,70,True,0.014152671195789234
317,design_000317,20.0,80,True,0.008778546646265883
317,design_000317,22.5,90,True,0.005288837959806947
317,design_000317,25.0,100,True,0.0029397947043091903
317,design_000317,27.5,110,True,0.0027030018653252594
317,design_000317,30.0,120,True,0.003578111200916911
317,design_000317,32.5,130,True,0.0033871096318889254
317,design_000317,35.0,140,True,0.004577638795925933
317,design_000317,37.5,150,True,0.006034336930654241
317,design_000317,40.0,160,True,0.007849773134137272
317,design_000317,42.5,170,True,0.006987237774785864
317,design_000317,45.0,180,True,0.009231890500351687
318,design_000318,0.0,0,True,0.002173538055717915
318,design_000318,2.5,10,True,0.014914797473881957
318,design_000318,5.0,20,True,0.021970204514061106
318,design_000318,7.5,30,True,0.029586684923454745
318,design_000318,10.0,40,True,0.019981878163072234
318,design_000318,12.5,50,True,0.010971231966489591
318,design_000318,15.0,60,True,0.011043247373629174
318,design_000318,17.5,70,True,0.009688784391431613
318,design_000318,20.0,80,True,0.007108879755769802
318,design_000318,22.5,90,True,0.007861878521513039
318,design_000318,25.0,100,True,0.0076662957267946965
318,design_000318,27.5,110,True,0.006965162140131378
318,design_000318,30.0,120,True,0.004853377751375228
318,design_000318,32.5,130,True,0.001644622802936442
318,design_000318,35.0,140,True,0.0012799637886355343
318,design_000318,37.5,150,True,0.0017129743562922905
318,design_000318,40.0,160,True,0.003274617765578055
318,design_000318,42.5,170,True,0.0031975216698362516
318,design_000318,45.0,180,True,0.004847460165058713
319,design_000319,0.0,0,True,0.002113260002699009
319,design_000319,2.5,10,True,0.0019624219096720857
319,design_000319,5.0,20,True,0.0033229067173639374
319,design_000319,7.5,30,True,0.023591931475913666
319,design_000319,10.0,40,True,0.0360206728515203
319,design_000319,12.5,50,True,0.039749697339626244
319,design_000319,15.0,60,True,0.043591561154794796
319,design_000319,17.5,70,True,0.03689829132794227
319,design_000319,20.0,80,True,0.0266031017261413
319,design_000319,22.5,90,True,0.020017492298573067
319,design_000319,25.0,100,True,0.01383155796713071
319,design_000319,27.5,110,True,0.01047475083791722
319,design_000319,30.0,120,True,0.0046816813687431715
319,design_000319,32.5,130,True,0.005219328618506172
319,design_000319,35.0,140,True,0.005658151090152065
319,design_000319,37.5,150,True,0.004909116061934808
319,design_000319,40.0,160,True,0.005623426274889471
319,design_000319,42.5,170,True,0.005568877698979974
319,design_000319,45.0,180,True,0.006546056644902734
320,design_000320,0.0,0,True,0.0021438671977975217
320,design_000320,2.5,10,True,0.004669204739295149
320,design_000320,5.0,20,True,0.007291045030711452
320,design_000320,7.5,30,True,0.009157051764154565
320,design_000320,10.0,40,True,0.01668569760273246
320,design_000320,12.5,50,True,0.022282556399866017
320,design_000320,15.0,60,True,0.02547909581915417
320,design_000320,17.5,70,True,0.028501289345759427
320,design_000320,20.0,80,True,0.032685954573136555
320,design_000320,22.5,90,True,0.03332753659399841
320,design_000320,25.0,100,True,0.02558121687900297
320,design_000320,27.5,110,True,0.017869425484348424
320,design_000320,30.0,120,True,0.008724867233949026
320,design_000320,32.5,130,True,0.00836775537850418
320,design_000320,35.0,140,True,0.008780106208185803
320,design_000320,37.5,150,True,0.00796315639213448
320,design_000320,40.0,160,True,0.007647357703957594
320,design_000320,42.5,170,True,0.007498348822989391
320,design_000320,45.0,180,True,0.008648595126351695
321,design_000321,0.0,0,True,0.002077079858631439
321,design_000321,2.5,10,True,0.09103984261381337
321,design_000321,5.0,20,True,0.038831043833385176
321,design_000321,7.5,30,True,0.029981014169352872
321,design_000321,10.0,40,True,0.05328672140215143
321,design_000321,12.5,50,True,0.060951951931568826
321,design_000321,15.0,60,True,0.05653756647539341
321,design_000321,17.5,70,True,0.03083303104877956
321,design_000321,20.0,80,True,0.01654092873319243
321,design_000321,22.5,90,True,0.011578116791720522
321,design_000321,25.0,100,True,0.00811814833004471
321,design_000321,27.5,110,True,0.0023266822093376003
321,design_000321,30.0,120,True,0.0015777497056695296
321,design_000321,32.5,130,True,0.002752655478140986
321,design_000321,35.0,140,True,0.00414367021256591
321,design_000321,37.5,150,True,0.004617367030258842
321,design_000321,40.0,160,True,0.00681327492207146
321,design_000321,42.5,170,True,0.008118244735783396
321,design_000321,45.0,180,True,0.009981496862774013
322,design_000322,0.0,0,True,0.0021664391349445478
322,design_000322,2.5,10,True,0.003695033026692106
322,design_000322,5.0,20,True,0.02799682814025297
322,design_000322,7.5,30,True,0.020316638450761162
322,design_000322,10.0,40,True,0.011801656478989597
322,design_000322,12.5,50,True,0.011178541060103686
322,design_000322,15.0,60,True,0.013255569169314278
322,design_000322,17.5,70,True,0.008959415204632908
322,design_000322,20.0,80,True,0.009525868058465057
322,design_000322,22.5,90,True,0.011518380869488153
322,design_000322,25.0,100,True,0.010301074867006958
322,design_000322,27.5,110,True,0.007693799142030094
322,design_000322,30.0,120,True,0.005119094331412104
322,design_000322,32.5,130,True,0.004227417550365299
322,design_000322,35.0,140,True,0.003584669887677339
322,design_000322,37.5,150,True,0.003980025740927377
322,design_000322,40.0,160,True,0.006477307754811645
322,design_000322,42.5,170,True,0.0062675563413953994
322,design_000322,45.0,180,True,0.007313268006139396
323,design_000323,0.0,0,True,0.0018060434725853916
323,design_000323,2.5,10,True,0.016674674234935082
323,design_000323,5.0,20,True,0.09463859357137108
323,design_000323,7.5,30,True,0.134187846180836
323,design_000323,10.0,40,True,0.08502680019850146
323,design_000323,12.5,50,True,0.04228347478802501
323,design_000323,15.0,60,True,0.030035922292290566
323,design_000323,17.5,70,True,0.017716389899963686
323,design_000323,20.0,80,True,0.009589635207999613
323,design_000323,22.5,90,True,0.005797494665529919
323,design_000323,25.0,100,True,0.0021831312669460473
323,design_000323,27.5,110,True,0.002067422901921132
323,design_000323,30.0,120,True,0.0018614232101419035
323,design_000323,32.5,130,True,0.0030336646974257215
323,design_000323,35.0,140,True,0.004726025343451902
323,design_000323,37.5,150,True,0.005797303227853506
323,design_000323,40.0,160,True,0.006875122701614981
323,design_000323,42.5,170,True,0.007976244072350612
323,design_000323,45.0,180,True,0.010847856228878088
324,design_000324,0.0,0,True,0.0021186534349903596
324,design_000324,2.5,10,True,0.0014851395169423508
324,design_000324,5.0,20,True,0.009110835240062584
324,design_000324,7.5,30,True,0.02380115109616109
324,design_000324,10.0,40,True,0.012919347564315838
324,design_000324,12.5,50,True,0.01091730717329058
324,design_000324,15.0,60,True,0.009884943924940331
324,design_000324,17.5,70,True,0.003867693439976467
324,design_000324,20.0,80,True,0.0029454874151600323
324,design_000324,22.5,90,True,0.005443433775469433
324,design_000324,25.0,100,True,0.005447567155439075
324,design_000324,27.5,110,True,0.004274121835583933
324,design_000324,30.0,120,True,0.0023146980014038445
324,design_000324,32.5,130,True,0.0029283845945981147
324,design_000324,35.0,140,True,0.0036924020956690604
324,design_000324,37.5,150,True,0.004439122996023917
324,design_000324,40.0,160,True,0.005895636485530776
324,design_000324,42.5,170,True,0.006258988733188923
324,design_000324,45.0,180,True,0.006767680499229284
325,design_000325,0.0,0,True,0.0019447751790000916
325,design_000325,2.5,10,True,0.0017539130561652582
325,design_000325,5.0,20,True,0.0032264677770303223
325,design_000325,7.5,30,True,0.009418996312924482
325,design_000325,10.0,40,True,0.016067576566162884
325,design_000325,12.5,50,True,0.019961821116569974
325,design_000325,15.0,60,True,0.02263168972116275
325,design_000325,17.5,70,True,0.014087372993208083
325,design_000325,20.0,80,True,0.006123414997187123
325,design_000325,22.5,90,True,0.005006654873501951
325,design_000325,25.0,100,True,0.004465829037819969
325,design_000325,27.5,110,True,0.005052277833380844
325,design_000325,30.0,120,True,0.003936498623887068
325,design_000325,32.5,130,True,0.003984676482232314
325,design_000325,35.0,140,True,0.00479043563445123
325,design_000325,37.5,150,True,0.005166419349545825
325,design_000325,40.0,160,True,0.00434796731209635
325,design_000325,42.5,170,True,0.003995073181956598
325,design_000325,45.0,180,True,0.0055965114312972655
326,design_000326,0.0,0,True,0.002324620688599589
326,design_000326,2.5,10,True,0.0132076998917134
326,design_000326,5.0,20,True,0.022002282871813626
326,design_000326,7.5,30,True,0.024062904332014072
326,design_000326,10.0,40,True,0.013714447118817327
326,design_000326,12.5,50,True,0.009813034414927474
326,design_000326,15.0,60,True,0.013032801033837929
326,design_000326,17.5,70,True,0.007779283073980669
326,design_000326,20.0,80,True,0.007482364021544634
326,design_000326,22.5,90,True,0.008251034178180013
326,design_000326,25.0,100,True,0.006977297542036801
326,design_000326,27.5,110,True,0.0063191702359361055
326,design_000326,30.0,120,True,0.004882794102035271
326,design_000326,32.5,130,True,0.003284704499731516
326,design_000326,35.0,140,True,0.0028142088461401192
326,design_000326,37.5,150,True,0.002989809082884112
326,design_000326,40.0,160,True,0.00553064269613074
326,design_000326,42.5,170,True,0.005553006614021864
326,design_000326,45.0,180,True,0.006635526664820975
327,design_000327,0.0,0,True,0.002213241325806652
327,design_000327,2.5,10,True,0.007985840621234874
327,design_000327,5.0,20,True,0.05915637824576854
327,design_000327,7.5,30,True,0.08067213559931066
327,design_000327,10.0,40,True,0.036139637964385074
327,design_000327,12.5,50,True,0.025476626292453647
327,design_000327,15.0,60,True,0.023848196564956937
327,design_000327,17.5,70,True,0.018176589606983047
327,design_000327,20.0,80,True,0.010960584675898007
327,design_000327,22.5,90,True,0.0073910772578005286
327,design_000327,25.0,100,True,0.0046719327437631745
327,design_000327,27.5,110,True,0.0035852037354649367
327,design_000327,30.0,120,True,0.002517705791958806
327,design_000327,32.5,130,True,0.0012699848077060128
327,design_000327,35.0,140,True,0.0019432047916632064
327,design_000327,37.5,150,True,0.003093237423594709
327,design_000327,40.0,160,True,0.0063597912464733765
327,design_000327,42.5,170,True,0.00632705452998124
327,design_000327,45.0,180,True,0.00997373571513125
328,design_000328,0.0,0,True,0.0020867498557127625
328,design_000328,2.5,10,True,0.08352378821279496
328,design_000328,5.0,20,True,0.04468031543423816
328,design_000328,7.5,30,True,0.028408907942739384
328,design_000328,10.0,40,True,0.041329543978194716
328,design_000328,12.5,50,True,0.0320040063910752
328,design_000328,15.0,60,True,0.023078343408177073
328,design_000328,17.5,70,True,0.012704600936822102
328,design_000328,20.0,80,True,0.004955712419801538
328,design_000328,22.5,90,True,0.0030169535258902703
328,design_000328,25.0,100,True,0.0027142663707414773
328,design_000328,27.5,110,True,0.0036259107833066266
328,design_000328,30.0,120,True,0.003303974977304057
328,design_000328,32.5,130,True,0.0037173511103545435
328,design_000328,35.0,140,True,0.00437459933406629
328,design_000328,37.5,150,True,0.004674229331581076
328,design_000328,40.0,160,True,0.007842389686376077
328,design_000328,42.5,170,True,0.008085155172524807
328,design_000328,45.0,180,True,0.010005799983645007
329,design_000329,0.0,0,True,0.0019494553094223915
329,design_000329,2.5,10,True,0.018367459880054254
329,design_000329,5.0,20,True,0.010305520367745985
329,design_000329,7.5,30,True,0.014853283711965743
329,design_000329,10.0,40,True,0.022283711975149462
329,design_000329,12.5,50,True,0.018902409912614944
329,design_000329,15.0,60,True,0.017691176169277723
329,design_000329,17.5,70,True,0.009264416329891872
329,design_000329,20.0,80,True,0.004428498174872706
329,design_000329,22.5,90,True,0.005965740733235999
329,design_000329,25.0,100,True,0.0054806989718242
329,design_000329,27.5,110,True,0.004034447599727761
329,design_000329,30.0,120,True,0.0023076908780972935
329,design_000329,32.5,130,True,0.0020204683647011864
329,design_000329,35.0,140,True,0.0030570135480113146
329,design_000329,37.5,150,True,0.003835610301389826
329,design_000329,40.0,160,True,0.006524181378624259
329,design_000329,42.5,170,True,0.00821428248853868
329,design_000329,45.0,180,True,0.00903960890756909
330,design_000330,0.0,0,True,0.0022972670096879895
330,design_000330,2.5,10,True,0.0018246555765361874
330,design_000330,5.0,20,True,0.009521267905234611
330,design_000330,7.5,30,True,0.025965421441360888
330,design_000330,10.0,40,True,0.036808253379877344
330,design_000330,12.5,50,True,0.03278589767280067
330,design_000330,15.0,60,True,0.023187949487069974
330,design_000330,17.5,70,True,0.014642245807339412
330,design_000330,20.0,80,True,0.00961371248536582
330,design_000330,22.5,90,True,0.009347558737023084
330,design_000330,25.0,100,True,0.0069101312463260125
330,design_000330,27.5,110,True,0.0039023751113581844
330,design_000330,30.0,120,True,0.0036087155851397858
330,design_000330,32.5,130,True,0.0020572000038157857
330,design_000330,35.0,140,True,0.0030952741627834476
330,design_000330,37.5,150,True,0.0036885660148020063
330,design_000330,40.0,160,True,0.006047155044641505
330,design_000330,42.5,170,True,0.007222738880829576
330,design_000330,45.0,180,True,0.008881969827980278
331,design_000331,0.0,0,True,0.0020776093967954613
331,design_000331,2.5,10,True,0.003554155357768581
331,design_000331,5.0,20,True,0.025979131748629994
331,design_000331,7.5,30,True,0.011229475516078346
331,design_000331,10.0,40,True,0.008766327942255495
331,design_000331,12.5,50,True,0.017035108972465955
331,design_000331,15.0,60,True,0.01953649177918975
331,design_000331,17.5,70,True,0.018314489567100765
331,design_000331,20.0,80,True,0.015008026219610546
331,design_000331,22.5,90,True,0.01376386443328817
331,design_000331,25.0,100,True,0.008864755438266307
331,design_000331,27.5,110,True,0.004497100819999499
331,design_000331,30.0,120,True,0.002450847019932023
331,design_000331,32.5,130,True,0.0015228714313462834
331,design_000331,35.0,140,True,0.0013906592932630528
331,design_000331,37.5,150,True,0.0020328477948593753
331,design_000331,40.0,160,True,0.0034039822603081616
331,design_000331,42.5,170,True,0.004437321246759734
331,design_000331,45.0,180,True,0.0062454250351748255
332,design_000332,0.0,0,True,0.0020228081270490124
332,design_000332,2.5,10,True,0.0027534293021111733
332,design_000332,5.0,20,True,0.012802870762317528
332,design_000332,7.5,30,True,0.027998248005088357
332,design_000332,10.0,40,True,0.029100590776335523
332,design_000332,12.5,50,True,0.021955029164379393
332,design_000332,15.0,60,True,0.013133377008842073
332,design_000332,17.5,70,True,0.007911839639825308
332,design_000332,20.0,80,True,0.004406907025473946
332,design_000332,22.5,90,True,0.005268610372982301
332,design_000332,25.0,100,True,0.005738539022241173
332,design_000332,27.5,110,True,0.005699061601885518
332,design_000332,30.0,120,True,0.005023485741324883
332,design_000332,32.5,130,True,0.0021054431632202223
332,design_000332,35.0,140,True,0.0017904088517055963
332,design_000332,37.5,150,True,0.0021068439978708673
332,design_000332,40.0,160,True,0.00480077073124037
332,design_000332,42.5,170,True,0.005232151599049632
332,design_000332,45.0,180,True,0.0066244423849631685
333,design_000333,0.0,0,True,0.002161348936216878
333,design_000333,2.5,10,True,0.001965682444392771
333,design_000333,5.0,20,True,0.004971858712505652
333,design_000333,7.5,30,True,0.011460709747697084
333,design_000333,10.0,40,True,0.027072046831865502
333,design_000333,12.5,50,True,0.03576298572475874
333,design_000333,15.0,60,True,0.03770241985494174
333,design_000333,17.5,70,True,0.02959587919745197
333,design_000333,20.0,80,True,0.022350679856276763
333,design_000333,22.5,90,True,0.017384400341690337
333,design_000333,25.0,100,True,0.012351182709197644
333,design_000333,27.5,110,True,0.009745907027390519
333,design_000333,30.0,120,True,0.0057207100397165716
333,design_000333,32.5,130,True,0.006368467136869096
333,design_000333,35.0,140,True,0.006412705191710276
333,design_000333,37.5,150,True,0.006485976104374711
333,design_000333,40.0,160,True,0.006489917123251204
333,design_000333,42.5,170,True,0.006228402556099738
333,design_000333,45.0,180,True,0.008125162992466621
334,design_000334,0.0,0,True,0.0020419568511131723
334,design_000334,2.5,10,True,0.05261739189383992
334,design_000334,5.0,20,True,0.13614122613609803
334,design_000334,7.5,30,True,0.056587784361816135
334,design_000334,10.0,40,True,0.02930365147487838
334,design_000334,12.5,50,True,0.02945622772066859
334,design_000334,15.0,60,True,0.030896405453037696
334,design_000334,17.5,70,True,0.030223227421512934
334,design_000334,20.0,80,True,0.028756300838591785
334,design_000334,22.5,90,True,0.02790132820560414
334,design_000334,25.0,100,True,0.02141067923238242
334,design_000334,27.5,110,True,0.015570110240798903
334,design_000334,30.0,120,True,0.008718667288352305
334,design_000334,32.5,130,True,0.00871219847498986
334,design_000334,35.0,140,True,0.008147331374939218
334,design_000334,37.5,150,True,0.008371392233684001
334,design_000334,40.0,160,True,0.00795462985370883
334,design_000334,42.5,170,True,0.007545717361197907
334,design_000334,45.0,180,True,0.009181224082437427
335,design_000335,0.0,0,True,0.00221328646160392
335,design_000335,2.5,10,True,0.0018121066024674914
335,design_000335,5.0,20,True,0.020686290535922816
335,design_000335,7.5,30,True,0.05655841912467943
335,design_000335,10.0,40,True,0.07063795231341458
335,design_000335,12.5,50,True,0.04036309509635408
335,design_000335,15.0,60,True,0.019483532782518208
335,design_000335,17.5,70,True,0.00940943255366732
335,design_000335,20.0,80,True,0.003627412665543626
335,design_000335,22.5,90,True,0.0026225865805025875
335,design_000335,25.0,100,True,0.0024223511745073596
335,design_000335,27.5,110,True,0.003310583853745495
335,design_000335,30.0,120,True,0.002768437435564968
335,design_000335,32.5,130,True,0.0024067466167605987
335,design_000335,35.0,140,True,0.002528329739494814
335,design_000335,37.5,150,True,0.0033549643846846923
335,design_000335,40.0,160,True,0.006867912488579538
335,design_000335,42.5,170,True,0.005993325761183794
335,design_000335,45.0,180,True,0.007141576417526604
336,design_000336,0.0,0,True,0.0016579047971386836
336,design_000336,2.5,10,True,0.0016287283274173915
336,design_000336,5.0,20,True,0.010473355607891798
336,design_000336,7.5,30,True,0.03320713024809598
336,design_000336,10.0,40,True,0.04711102500199181
336,design_000336,12.5,50,True,0.04135614070034975
336,design_000336,15.0,60,True,0.033897875380225595
336,design_000336,17.5,70,True,0.02483735869184904
336,design_000336,20.0,80,True,0.014866124771765868
336,design_000336,22.5,90,True,0.006529048822679425
336,design_000336,25.0,100,True,0.00378251051428712
336,design_000336,27.5,110,True,0.004191582623217446
336,design_000336,30.0,120,True,0.0027035372941675555
336,design_000336,32.5,130,True,0.004238202534020606
336,design_000336,35.0,140,True,0.0067416663918761915
336,design_000336,37.5,150,True,0.0059879150180594705
336,design_000336,40.0,160,True,0.006843648432541488
336,design_000336,42.5,170,True,0.006380953215895397
336,design_000336,45.0,180,True,0.0084134258365188
337,design_000337,0.0,0,True,0.0021542061222641854
337,design_000337,2.5,10,True,0.03341418425879014
337,design_000337,5.0,20,True,0.0035910160116417776
337,design_000337,7.5,30,True,0.013822258125809669
337,design_000337,10.0,40,True,0.023879852905845364
337,design_000337,12.5,50,True,0.025391140183229882
337,design_000337,15.0,60,True,0.027284165833625605
337,design_000337,17.5,70,True,0.024344160124162444
337,design_000337,20.0,80,True,0.016863502123111187
337,design_000337,22.5,90,True,0.012950468645786788
337,design_000337,25.0,100,True,0.006945832034109194
337,design_000337,27.5,110,True,0.003332446096005461
337,design_000337,30.0,120,True,0.0015666737466897554
337,design_000337,32.5,130,True,0.002348906825430515
337,design_000337,35.0,140,True,0.003831365201628541
337,design_000337,37.5,150,True,0.0038347631977636767
337,design_000337,40.0,160,True,0.004278672350044952
337,design_000337,42.5,170,True,0.0047355767474617306
337,design_000337,45.0,180,True,0.006702139022770583
338,design_000338,0.0,0,True,0.002320083479897285
338,design_000338,2.5,10,True,0.0018252322433910022
338,design_000338,5.0,20,True,0.004080571484467993
338,design_000338,7.5,30,True,0.013792044917565046
338,design_000338,10.0,40,True,0.02477841981156853
338,design_000338,12.5,50,True,0.03421978507860748
338,design_000338,15.0,60,True,0.037494758567617206
338,design_000338,17.5,70,True,0.029397215446804636
338,design_000338,20.0,80,True,0.0220126044918469
338,design_000338,22.5,90,True,0.017487442692894768
338,design_000338,25.0,100,True,0.01288992981148506
338,design_000338,27.5,110,True,0.008734660444177055
338,design_000338,30.0,120,True,0.003948202927143979
338,design_000338,32.5,130,True,0.004443460298480594
338,design_000338,35.0,140,True,0.006008778109375574
338,design_000338,37.5,150,True,0.005323628865291063
338,design_000338,40.0,160,True,0.006526517918761483
338,design_000338,42.5,170,True,0.006402204926067015
338,design_000338,45.0,180,True,0.008780372414342895
339,design_000339,0.0,0,True,0.0022785551923769146
339,design_000339,2.5,10,True,0.01192986238586471
339,design_000339,5.0,20,True,0.039840596421153014
339,design_000339,7.5,30,True,0.0191800217052583
339,design_000339,10.0,40,True,0.036572918342617576
339,design_000339,12.5,50,True,0.04301571201714045
339,design_000339,15.0,60,True,0.0327586337743187
339,design_000339,17.5,70,True,0.02836229234790994
339,design_000339,20.0,80,True,0.031951797647565366
339,design_000339,22.5,90,True,0.032928141069309004
339,design_000339,25.0,100,True,0.02854525938256944
339,design_000339,27.5,110,True,0.021965698908236124
339,design_000339,30.0,120,True,0.01137494930489693
339,design_000339,32.5,130,True,0.010179957249415917
339,design_000339,35.0,140,True,0.010208063155351967
339,design_000339,37.5,150,True,0.009107890937359364
339,design_000339,40.0,160,True,0.008595584741463073
339,design_000339,42.5,170,True,0.006652336713998393
339,design_000339,45.0,180,True,0.007582299791851257
340,design_000340,0.0,0,True,0.002259737313381755
340,design_000340,2.5,10,True,0.004175885683155064
340,design_000340,5.0,20,True,0.01192737752756793
340,design_000340,7.5,30,True,0.020940766001989013
340,design_000340,10.0,40,True,0.012138226390768003
340,design_000340,12.5,50,True,0.01807090216580071
340,design_000340,15.0,60,True,0.017191107773212706
340,design_000340,17.5,70,True,0.011969769374878082
340,design_000340,20.0,80,True,0.009735519427180615
340,design_000340,22.5,90,True,0.011336843850332332
340,design_000340,25.0,100,True,0.008206119277731369
340,design_000340,27.5,110,True,0.005922928929193013
340,design_000340,30.0,120,True,0.002622822505968307
340,design_000340,32.5,130,True,0.0017723507238691927
340,design_000340,35.0,140,True,0.0025241468174326516
340,design_000340,37.5,150,True,0.0029580121870150873
340,design_000340,40.0,160,True,0.0046442511864268465
340,design_000340,42.5,170,True,0.0039690340818541855
340,design_000340,45.0,180,True,0.004914862127677919
341,design_000341,0.0,0,True,0.0020536037212280298
341,design_000341,2.5,10,True,0.048109966766623324
341,design_000341,5.0,20,True,0.032230128410018766
341,design_000341,7.5,30,True,0.027897244146414788
341,design_000341,10.0,40,True,0.04122384978809547
341,design_000341,12.5,50,True,0.04732549248589442
341,design_000341,15.0,60,True,0.044481293620534705
341,design_000341,17.5,70,True,0.03139340578597913
341,design_000341,20.0,80,True,0.017726043675542424
341,design_000341,22.5,90,True,0.01135066256319162
341,design_000341,25.0,100,True,0.006346803683455396
341,design_000341,27.5,110,True,0.004853357050287846
341,design_000341,30.0,120,True,0.00330405955856926
341,design_000341,32.5,130,True,0.003082997343201865
341,design_000341,35.0,140,True,0.0036452340409446147
341,design_000341,37.5,150,True,0.0049727757138206576
341,design_000341,40.0,160,True,0.007870059332424998
341,design_000341,42.5,170,True,0.00871278761024958
341,design_000341,45.0,180,True,0.011574846043381735
342,design_000342,0.0,0,True,0.002164421376715625
342,design_000342,2.5,10,True,0.003343569764484019
342,design_000342,5.0,20,True,0.01659977753735777
342,design_000342,7.5,30,True,0.038876716914880496
342,design_000342,10.0,40,True,0.03015229089697535
342,design_000342,12.5,50,True,0.009768119845898572
342,design_000342,15.0,60,True,0.01149790999143208
342,design_000342,17.5,70,True,0.01004159587840837
342,design_000342,20.0,80,True,0.010297901097811049
342,design_000342,22.5,90,True,0.01114742482116869
342,design_000342,25.0,100,True,0.008448163592462789
342,design_000342,27.5,110,True,0.006243672356777559
342,design_000342,30.0,120,True,0.0042296324555056615
342,design_000342,32.5,130,True,0.0017193246392678808
342,design_000342,35.0,140,True,0.0022436592364710123
342,design_000342,37.5,150,True,0.002844879616779562
342,design_000342,40.0,160,True,0.006196272858817147
342,design_000342,42.5,170,True,0.0061488711534060155
342,design_000342,45.0,180,True,0.00710868378247409
343,design_000343,0.0,0,True,0.001664200789792992
343,design_000343,2.5,10,True,0.010781364069126397
343,design_000343,5.0,20,True,0.023897093811710478
343,design_000343,7.5,30,True,0.034669484971390566
343,design_000343,10.0,40,True,0.024340000194540884
343,design_000343,12.5,50,True,0.01318399930877678
343,design_000343,15.0,60,True,0.010847348318601287
343,design_000343,17.5,70,True,0.0071018142539499545
343,design_000343,20.0,80,True,0.003955671444096642
343,design_000343,22.5,90,True,0.0037178256804447194
343,design_000343,25.0,100,True,0.0038798307006626784
343,design_000343,27.5,110,True,0.004880789848325627
343,design_000343,30.0,120,True,0.004821404199271152
343,design_000343,32.5,130,True,0.001451009009667304
343,design_000343,35.0,140,True,0.001091322347838965
343,design_000343,37.5,150,True,0.0014392409409774382
343,design_000343,40.0,160,True,0.003948466906332231
343,design_000343,42.5,170,True,0.004210909867072095
343,design_000343,45.0,180,True,0.0058557878605034796
344,design_000344,0.0,0,True,0.002169564619062807
344,design_000344,2.5,10,True,0.05068101954903784
344,design_000344,5.0,20,True,0.10245921208731902
344,design_000344,7.5,30,True,0.10941783957865098
344,design_000344,10.0,40,True,0.07399432879961353
344,design_000344,12.5,50,True,0.06676200204032497
344,design_000344,15.0,60,True,0.042637239084510684
344,design_000344,17.5,70,True,0.0245350988762192
344,design_000344,20.0,80,True,0.026364644997927074
344,design_000344,22.5,90,True,0.027556457534900654
344,design_000344,25.0,100,True,0.028168443403103562
344,design_000344,27.5,110,True,0.02731839154491125
344,design_000344,30.0,120,True,0.017414117925723727
344,design_000344,32.5,130,True,0.01723022149026804
344,design_000344,35.0,140,True,0.016973462444702655
344,design_000344,37.5,150,True,0.015251345767906174
344,design_000344,40.0,160,True,0.013759011154072947
344,design_000344,42.5,170,True,0.01113574747091218
344,design_000344,45.0,180,True,0.011998177510694872
345,design_000345,0.0,0,True,0.002045083196810186
345,design_000345,2.5,10,True,0.007874546026317944
345,design_000345,5.0,20,True,0.0038623658011923134
345,design_000345,7.5,30,True,0.008628387969227207
345,design_000345,10.0,40,True,0.019564355151463195
345,design_000345,12.5,50,True,0.026227789515961206
345,design_000345,15.0,60,True,0.03271718580724648
345,design_000345,17.5,70,True,0.040170114503060586
345,design_000345,20.0,80,True,0.03760132490944494
345,design_000345,22.5,90,True,0.03544333685810055
345,design_000345,25.0,100,True,0.024844960041967405
345,design_000345,27.5,110,True,0.014293901649655284
345,design_000345,30.0,120,True,0.006332022087151965
345,design_000345,32.5,130,True,0.004823075284445672
345,design_000345,35.0,140,True,0.007177244468753768
345,design_000345,37.5,150,True,0.006659707927507559
345,design_000345,40.0,160,True,0.007341614811997705
345,design_000345,42.5,170,True,0.010017268172822346
345,design_000345,45.0,180,True,0.011832442159527449
346,design_000346,0.0,0,False,nan
346,design_000346,2.5,10,False,nan
346,design_000346,5.0,20,False,nan
346,design_000346,7.5,30,False,nan
346,design_000346,10.0,40,False,nan
346,design_000346,12.5,50,False,nan
346,design_000346,15.0,60,False,nan
346,design_000346,17.5,70,False,nan
346,design_000346,20.0,80,False,nan
346,design_000346,22.5,90,False,nan
346,design_000346,25.0,100,False,nan
346,design_000346,27.5,110,False,nan
346,design_000346,30.0,120,False,nan
346,design_000346,32.5,130,False,nan
346,design_000346,35.0,140,False,nan
346,design_000346,37.5,150,False,nan
346,design_000346,40.0,160,False,nan
346,design_000346,42.5,170,False,nan
346,design_000346,45.0,180,False,nan
347,design_000347,0.0,0,True,0.0023708941036774877
347,design_000347,2.5,10,True,0.0025043003481671224
347,design_000347,5.0,20,True,0.010676785385073537
347,design_000347,7.5,30,True,0.01276865204100575
347,design_000347,10.0,40,True,0.011590456032580583
347,design_000347,12.5,50,True,0.016426652051750465
347,design_000347,15.0,60,True,0.01743370149561581
347,design_000347,17.5,70,True,0.014999322695884318
347,design_000347,20.0,80,True,0.010515362169904978
347,design_000347,22.5,90,True,0.010003579203755343
347,design_000347,25.0,100,True,0.006477453347359347
347,design_000347,27.5,110,True,0.003980848675777229
347,design_000347,30.0,120,True,0.003016126023867166
347,design_000347,32.5,130,True,0.0020402534747895633
347,design_000347,35.0,140,True,0.0019247587045432646
347,design_000347,37.5,150,True,0.0021672499911754885
347,design_000347,40.0,160,True,0.003637214333957868
347,design_000347,42.5,170,True,0.0039924135964365046
347,design_000347,45.0,180,True,0.005353109772226503
348,design_000348,0.0,0,True,0.002015646817833917
348,design_000348,2.5,10,True,0.03924208753862844
348,design_000348,5.0,20,True,0.04499953303075241
348,design_000348,7.5,30,True,0.03867731077839363
348,design_000348,10.0,40,True,0.028517425374644537
348,design_000348,12.5,50,True,0.026101535544094098
348,design_000348,15.0,60,True,0.021485619180143134
348,design_000348,17.5,70,True,0.01638849670972107
348,design_000348,20.0,80,True,0.018468055958912134
348,design_000348,22.5,90,True,0.023412910253209674
348,design_000348,25.0,100,True,0.021049352708551662
348,design_000348,27.5,110,True,0.01291724844138288
348,design_000348,30.0,120,True,0.006116745546090941
348,design_000348,32.5,130,True,0.0029888365273320863
348,design_000348,35.0,140,True,0.004025843769210662
348,design_000348,37.5,150,True,0.005122474417098446
348,design_000348,40.0,160,True,0.008201706130635415
348,design_000348,42.5,170,True,0.0078002826531267805
348,design_000348,45.0,180,True,0.01030324165863486
349,design_000349,0.0,0,True,0.001955819862713323
349,design_000349,2.5,10,True,0.05387658863766892
349,design_000349,5.0,20,True,0.07634534116500548
349,design_000349,7.5,30,True,0.011938264942413374
349,design_000349,10.0,40,True,0.018978331687965814
349,design_000349,12.5,50,True,0.022799184974733593
349,design_000349,15.0,60,True,0.022739603242498928
349,design_000349,17.5,70,True,0.02782962045889032
349,design_000349,20.0,80,True,0.03213578530755151
349,design_000349,22.5,90,True,0.0377104541138396
349,design_000349,25.0,100,True,0.03534087786976866
349,design_000349,27.5,110,True,0.025255513134018644
349,design_000349,30.0,120,True,0.014125403180867647
349,design_000349,32.5,130,True,0.012899174891337472
349,design_000349,35.0,140,True,0.01367462072566622
349,design_000349,37.5,150,True,0.011741152313461527
349,design_000349,40.0,160,True,0.00968278134694736
349,design_000349,42.5,170,True,0.0077064235522471556
349,design_000349,45.0,180,True,0.009901552998404704
350,design_000350,0.0,0,True,0.0020688041891315854
350,design_000350,2.5,10,True,0.06884822796556113
350,design_000350,5.0,20,True,0.11959523557620663
350,design_000350,7.5,30,True,0.14104857484155242
350,design_000350,10.0,40,True,0.13605805894729694
350,design_000350,12.5,50,True,0.09070624266810848
350,design_000350,15.0,60,True,0.051449796014401375
350,design_000350,17.5,70,True,0.027256903617006407
350,design_000350,20.0,80,True,0.011780443428487698
350,design_000350,22.5,90,True,0.008008947382320145
350,design_000350,25.0,100,True,0.008381547888128005
350,design_000350,27.5,110,True,0.008591241619602535
350,design_000350,30.0,120,True,0.00623220653903058
350,design_000350,32.5,130,True,0.008453343865962363
350,design_000350,35.0,140,True,0.010910129549477062
350,design_000350,37.5,150,True,0.012834478845233773
350,design_000350,40.0,160,True,0.016056418499996263
350,design_000350,42.5,170,True,0.014231864367170605
350,design_000350,45.0,180,True,0.015297922037257723
351,design_000351,0.0,0,True,0.0020688041891315854
351,design_000351,2.5,10,True,0.07294763442547206
351,design_000351,5.0,20,True,0.13512970827929208
351,design_000351,7.5,30,True,0.14384739860280388
351,design_000351,10.0,40,True,0.14372275435796383
351,design_000351,12.5,50,True,0.10863908407589484
351,design_000351,15.0,60,True,0.06762746929687904
351,design_000351,17.5,70,True,0.04541966813071883
351,design_000351,20.0,80,True,0.02167156212748304
351,design_000351,22.5,90,True,0.01162992467507314
351,design_000351,25.0,100,True,0.00834601395051338
351,design_000351,27.5,110,True,0.007732235625314891
351,design_000351,30.0,120,True,0.005560112617865485
351,design_000351,32.5,130,True,0.007515675138746836
351,design_000351,35.0,140,True,0.010317424169428168
351,design_000351,37.5,150,True,0.011780348010801373
351,design_000351,40.0,160,True,0.014397576191887671
351,design_000351,42.5,170,True,0.012976018830755328
351,design_000351,45.0,180,True,0.01573330159546421
352,design_000352,0.0,0,True,0.0020552352545676385
352,design_000352,2.5,10,True,0.004206408273548236
352,design_000352,5.0,20,True,0.004518548634662804
352,design_000352,7.5,30,True,0.016713175574261337
352,design_000352,10.0,40,True,0.03684192925281501
352,design_000352,12.5,50,True,0.05385136820157263
352,design_000352,15.0,60,True,0.06721617056678686
352,design_000352,17.5,70,True,0.06848529806673892
352,design_000352,20.0,80,True,0.05941286920474742
352,design_000352,22.5,90,True,0.05291989643834805
352,design_000352,25.0,100,True,0.04119279204616565
352,design_000352,27.5,110,True,0.03145206634778561
352,design_000352,30.0,120,True,0.019763922569212847
352,design_000352,32.5,130,True,0.01935640882989356
352,design_000352,35.0,140,True,0.020556511156593776
352,design_000352,37.5,150,True,0.01767473587653834
352,design_000352,40.0,160,True,0.017655568950284174
352,design_000352,42.5,170,True,0.01653490442476772
352,design_000352,45.0,180,True,0.01795093874151933
353,design_000353,0.0,0,True,0.0020232363553282337
353,design_000353,2.5,10,True,0.026561724774174775
353,design_000353,5.0,20,True,0.12713591243441408
353,design_000353,7.5,30,True,0.07460636988781086
353,design_000353,10.0,40,True,0.03869651292299438
353,design_000353,12.5,50,True,0.03459154915348776
353,design_000353,15.0,60,True,0.03503950841499856
353,design_000353,17.5,70,True,0.027685507811604046
353,design_000353,20.0,80,True,0.020398968882299008
353,design_000353,22.5,90,True,0.017977082342519556
353,design_000353,25.0,100,True,0.011288533259108646
353,design_000353,27.5,110,True,0.00666553469376118
353,design_000353,30.0,120,True,0.0033399532615905683
353,design_000353,32.5,130,True,0.004487252261503392
353,design_000353,35.0,140,True,0.006450635784409422
353,design_000353,37.5,150,True,0.008383950261366922
353,design_000353,40.0,160,True,0.011080119997808176
353,design_000353,42.5,170,True,0.012599963870576136
353,design_000353,45.0,180,True,0.015565869690962422
354,design_000354,0.0,0,True,0.002061393458406944
354,design_000354,2.5,10,True,0.004153823106660938
354,design_000354,5.0,20,True,0.00717838945097074
354,design_000354,7.5,30,True,0.021842400917539063
354,design_000354,10.0,40,True,0.046897804229961405
354,design_000354,12.5,50,True,0.06514756270349116
354,design_000354,15.0,60,True,0.07933688520743276
354,design_000354,17.5,70,True,0.07822400114956213
354,design_000354,20.0,80,True,0.06855018730154502
354,design_000354,22.5,90,True,0.06052662171907014
354,design_000354,25.0,100,True,0.047460602830145034
354,design_000354,27.5,110,True,0.03596844097824454
354,design_000354,30.0,120,True,0.022585444668961844
354,design_000354,32.5,130,True,0.021480277863506553
354,design_000354,35.0,140,True,0.022399405138034033
354,design_000354,37.5,150,True,0.019852183492536132
354,design_000354,40.0,160,True,0.02017521313503968
354,design_000354,42.5,170,True,0.01879577677173397
354,design_000354,45.0,180,True,0.020232500381776517
355,design_000355,0.0,0,True,0.002077562262115683
355,design_000355,2.5,10,True,0.06963944776624467
355,design_000355,5.0,20,True,0.11586975109819828
355,design_000355,7.5,30,True,0.06839081168366787
355,design_000355,10.0,40,True,0.04233153686920396
355,design_000355,12.5,50,True,0.033027183981504296
355,design_000355,15.0,60,True,0.019549059661750894
355,design_000355,17.5,70,True,0.016336538668237914
355,design_000355,20.0,80,True,0.020357699340307636
355,design_000355,22.5,90,True,0.02607527347596303
355,design_000355,25.0,100,True,0.02642000442751188
355,design_000355,27.5,110,True,0.019473018442073033
355,design_000355,30.0,120,True,0.012535393282468603
355,design_000355,32.5,130,True,0.01194197008776409
355,design_000355,35.0,140,True,0.012119535743037077
355,design_000355,37.5,150,True,0.011422626456776015
355,design_000355,40.0,160,True,0.010228108218611988
355,design_000355,42.5,170,True,0.007987572651249402
355,design_000355,45.0,180,True,0.009346486796642932
356,design_000356,0.0,0,True,0.0019024384650692273
356,design_000356,2.5,10,True,0.03787071410877349
356,design_000356,5.0,20,True,0.10129573361492869
356,design_000356,7.5,30,True,0.06106340318128407
356,design_000356,10.0,40,True,0.039806038343164124
356,design_000356,12.5,50,True,0.03631764466841935
356,design_000356,15.0,60,True,0.020629947701846764
356,design_000356,17.5,70,True,0.013857743994951658
356,design_000356,20.0,80,True,0.019687300726835152
356,design_000356,22.5,90,True,0.02734860182728374
356,design_000356,25.0,100,True,0.029109914904918693
356,design_000356,27.5,110,True,0.024616138331621486
356,design_000356,30.0,120,True,0.0162151669053469
356,design_000356,32.5,130,True,0.01656543754943683
356,design_000356,35.0,140,True,0.01722093456656193
356,design_000356,37.5,150,True,0.01571943673384477
356,design_000356,40.0,160,True,0.015340739827010754
356,design_000356,42.5,170,True,0.01222854157180308
356,design_000356,45.0,180,True,0.012064613941450189
357,design_000357,0.0,0,True,0.0020688041891315854
357,design_000357,2.5,10,True,0.07225773937715856
357,design_000357,5.0,20,True,0.11706795122228868
357,design_000357,7.5,30,True,0.1393462914057132
357,design_000357,10.0,40,True,0.13708260739655728
357,design_000357,12.5,50,True,0.0868266373735152
357,design_000357,15.0,60,True,0.052123588738154175
357,design_000357,17.5,70,True,0.02463957114354359
357,design_000357,20.0,80,True,0.01219750260258681
357,design_000357,22.5,90,True,0.007139779828757803
357,design_000357,25.0,100,True,0.006490908408051336
357,design_000357,27.5,110,True,0.009037712962843522
357,design_000357,30.0,120,True,0.006903896957108237
357,design_000357,32.5,130,True,0.008351428742868438
357,design_000357,35.0,140,True,0.010664589114832743
357,design_000357,37.5,150,True,0.012019849444399456
357,design_000357,40.0,160,True,0.01384147906127345
357,design_000357,42.5,170,True,0.012722425265742366
357,design_000357,45.0,180,True,0.013386529428915987
358,design_000358,0.0,0,True,0.0013838144605253337
358,design_000358,2.5,10,True,0.06710498597869258
358,design_000358,5.0,20,True,0.12444762055239984
358,design_000358,7.5,30,True,0.14095468269028893
358,design_000358,10.0,40,True,0.1335255739665097
358,design_000358,12.5,50,True,0.09096842927144526
358,design_000358,15.0,60,True,0.054156760492988475
358,design_000358,17.5,70,True,0.026057803541428226
358,design_000358,20.0,80,True,0.013424886351546213
358,design_000358,22.5,90,True,0.01290432039054155
358,design_000358,25.0,100,True,0.012736836204925413
358,design_000358,27.5,110,True,0.012855730534284685
358,design_000358,30.0,120,True,0.009050930269075119
358,design_000358,32.5,130,True,0.01093079154608873
358,design_000358,35.0,140,True,0.012675384798006704
358,design_000358,37.5,150,True,0.013304338841241957
358,design_000358,40.0,160,True,0.015917523920788823
358,design_000358,42.5,170,True,0.013165834996356839
358,design_000358,45.0,180,True,0.012629313639173623
359,design_000359,0.0,0,True,0.002071608044308872
359,design_000359,2.5,10,True,0.009644626744433202
359,design_000359,5.0,20,True,0.01468653545670344
359,design_000359,7.5,30,True,0.0305811023349786
359,design_000359,10.0,40,True,0.05847873469944484
359,design_000359,12.5,50,True,0.07656231852702623
359,design_000359,15.0,60,True,0.08951599741285207
359,design_000359,17.5,70,True,0.08795792991868283
359,design_000359,20.0,80,True,0.07782944353474705
359,design_000359,22.5,90,True,0.0679424262795727
359,design_000359,25.0,100,True,0.055797959562060406
359,design_000359,27.5,110,True,0.042018944878083705
359,design_000359,30.0,120,True,0.024935619555633823
359,design_000359,32.5,130,True,0.02287415308569687
359,design_000359,35.0,140,True,0.025305180681042455
359,design_000359,37.5,150,True,0.02351895913812283
359,design_000359,40.0,160,True,0.02119931797747643
359,design_000359,42.5,170,True,0.019612944128609595
359,design_000359,45.0,180,True,0.021433877853126424
360,design_000360,0.0,0,True,0.0020688041891315854
360,design_000360,2.5,10,True,0.07292074104052954
360,design_000360,5.0,20,True,0.12281185014707341
360,design_000360,7.5,30,True,0.14809842056974892
360,design_000360,10.0,40,True,0.14396098962377674
360,design_000360,12.5,50,True,0.09253801983334926
360,design_000360,15.0,60,True,0.05721369021445669
360,design_000360,17.5,70,True,0.028995889740377638
360,design_000360,20.0,80,True,0.014069208429668478
360,design_000360,22.5,90,True,0.0110912848408572
360,design_000360,25.0,100,True,0.011282814861866042
360,design_000360,27.5,110,True,0.011298792280155026
360,design_000360,30.0,120,True,0.007816822151005792
360,design_000360,32.5,130,True,0.010085428746448716
360,design_000360,35.0,140,True,0.013084190960392154
360,design_000360,37.5,150,True,0.014331572268729765
360,design_000360,40.0,160,True,0.01742916879557694
360,design_000360,42.5,170,True,0.014926210851958971
360,design_000360,45.0,180,True,0.014453996447549699
361,design_000361,0.0,0,True,0.002040064872855109
361,design_000361,2.5,10,True,0.002211103041403018
361,design_000361,5.0,20,True,0.029370461318255638
361,design_000361,7.5,30,True,0.062356144071820795
361,design_000361,10.0,40,True,0.07357426274854861
361,design_000361,12.5,50,True,0.06403363265516947
361,design_000361,15.0,60,True,0.055264895340415426
361,design_000361,17.5,70,True,0.043634188123879813
361,design_000361,20.0,80,True,0.03557216404139267
361,design_000361,22.5,90,True,0.028535302224136784
361,design_000361,25.0,100,True,0.020179821916722282
361,design_000361,27.5,110,True,0.015003358135301681
361,design_000361,30.0,120,True,0.008230078870241343
361,design_000361,32.5,130,True,0.009562317420135746
361,design_000361,35.0,140,True,0.010437024809777349
361,design_000361,37.5,150,True,0.01009683794467182
361,design_000361,40.0,160,True,0.009986312503449106
361,design_000361,42.5,170,True,0.00919535573231034
361,design_000361,45.0,180,True,0.01120358542216305
362,design_000362,0.0,0,True,0.0020349267224832606
362,design_000362,2.5,10,True,0.0015005061642253022
362,design_000362,5.0,20,True,0.007038945078325245
362,design_000362,7.5,30,True,0.026836627634814977
362,design_000362,10.0,40,True,0.05169463997013356
362,design_000362,12.5,50,True,0.06417563062515971
362,design_000362,15.0,60,True,0.0755062186812971
362,design_000362,17.5,70,True,0.06935049524297068
362,design_000362,20.0,80,True,0.06090685172548414
362,design_000362,22.5,90,True,0.05040187422628191
362,design_000362,25.0,100,True,0.03690730623642351
362,design_000362,27.5,110,True,0.02996567665482714
362,design_000362,30.0,120,True,0.018773879313411942
362,design_000362,32.5,130,True,0.01896018144017643
362,design_000362,35.0,140,True,0.02010000656204746
362,design_000362,37.5,150,True,0.016510436026819834
362,design_000362,40.0,160,True,0.014524906945447374
362,design_000362,42.5,170,True,0.013199500839698872
362,design_000362,45.0,180,True,0.01455688702012789
363,design_000363,0.0,0,True,0.0020334551729282186
363,design_000363,2.5,10,True,0.002409235291015504
363,design_000363,5.0,20,True,0.01840457346121943
363,design_000363,7.5,30,True,0.0579053905982897
363,design_000363,10.0,40,True,0.10176238397690686
363,design_000363,12.5,50,True,0.11629975097597633
363,design_000363,15.0,60,True,0.12483928191516422
363,design_000363,17.5,70,True,0.11183913153618678
363,design_000363,20.0,80,True,0.08751169733385311
363,design_000363,22.5,90,True,0.06926281162944938
363,design_000363,25.0,100,True,0.050428797438688756
363,design_000363,27.5,110,True,0.035743051711110876
363,design_000363,30.0,120,True,0.019776957102593373
363,design_000363,32.5,130,True,0.017138717314591004
363,design_000363,35.0,140,True,0.018672951986149884
363,design_000363,37.5,150,True,0.016478297483095095
363,design_000363,40.0,160,True,0.015626644403988966
363,design_000363,42.5,170,True,0.014908459522736988
363,design_000363,45.0,180,True,0.017026997790382595
364,design_000364,0.0,0,True,0.0022049070232440047
364,design_000364,2.5,10,True,0.00479722238454856
364,design_000364,5.0,20,True,0.01528468216649865
364,design_000364,7.5,30,True,0.023151705233373572
364,design_000364,10.0,40,True,0.032053790903373805
364,design_000364,12.5,50,True,0.03567326556894443
364,design_000364,15.0,60,True,0.04232892370990816
364,design_000364,17.5,70,True,0.05143222727394094
364,design_000364,20.0,80,True,0.051787137308999774
364,design_000364,22.5,90,True,0.05025176354427358
364,design_000364,25.0,100,True,0.04349945510048714
364,design_000364,27.5,110,True,0.031347279939653167
364,design_000364,30.0,120,True,0.018585165244114958
364,design_000364,32.5,130,True,0.018381078634340433
364,design_000364,35.0,140,True,0.020019455466005844
364,design_000364,37.5,150,True,0.015474557334967602
364,design_000364,40.0,160,True,0.014776477174086809
364,design_000364,42.5,170,True,0.012098029183942644
364,design_000364,45.0,180,True,0.014198143476631609
365,design_000365,0.0,0,True,0.0021514316178962442
365,design_000365,2.5,10,True,0.00902848012687539
365,design_000365,5.0,20,True,0.01237489596813552
365,design_000365,7.5,30,True,0.01930173688986557
365,design_000365,10.0,40,True,0.03455575489206404
365,design_000365,12.5,50,True,0.02975604784773577
365,design_000365,15.0,60,True,0.033159158923931134
365,design_000365,17.5,70,True,0.039994888891560484
365,design_000365,20.0,80,True,0.04003028261792277
365,design_000365,22.5,90,True,0.04006651937401438
365,design_000365,25.0,100,True,0.03126067449169495
365,design_000365,27.5,110,True,0.0217748533399325
365,design_000365,30.0,120,True,0.012716476003705542
365,design_000365,32.5,130,True,0.014147034512077439
365,design_000365,35.0,140,True,0.016290984299104777
365,design_000365,37.5,150,True,0.013102543050821099
365,design_000365,40.0,160,True,0.00989627681404053
365,design_000365,42.5,170,True,0.009021929630695546
365,design_000365,45.0,180,True,0.011543021028543635
366,design_000366,0.0,0,True,0.0020688041891315854
366,design_000366,2.5,10,True,0.06844313400528354
366,design_000366,5.0,20,True,0.12596463577682504
366,design_000366,7.5,30,True,0.1446326625336407
366,design_000366,10.0,40,True,0.14664750530510187
366,design_000366,12.5,50,True,0.0967325653013161
366,design_000366,15.0,60,True,0.05853023481876593
366,design_000366,17.5,70,True,0.032861322791409076
366,design_000366,20.0,80,True,0.015159616244227216
366,design_000366,22.5,90,True,0.009601335425749197
366,design_000366,25.0,100,True,0.008724789448989898
366,design_000366,27.5,110,True,0.010342973656814653
366,design_000366,30.0,120,True,0.007979334319929475
366,design_000366,32.5,130,True,0.010152483049844133
366,design_000366,35.0,140,True,0.012078533804650217
366,design_000366,37.5,150,True,0.01313906271800061
366,design_000366,40.0,160,True,0.015762875391934245
366,design_000366,42.5,170,True,0.01387008221967623
366,design_000366,45.0,180,True,0.014337657561631419
367,design_000367,0.0,0,True,0.0020688041891315854
367,design_000367,2.5,10,True,0.07294613436052429
367,design_000367,5.0,20,True,0.14404467875273147
367,design_000367,7.5,30,True,0.16414610034848645
367,design_000367,10.0,40,True,0.14886795021022625
367,design_000367,12.5,50,True,0.08592028808045132
367,design_000367,15.0,60,True,0.05326569705960413
367,design_000367,17.5,70,True,0.03359085843979635
367,design_000367,20.0,80,True,0.01830116941267685
367,design_000367,22.5,90,True,0.013411850461363353
367,design_000367,25.0,100,True,0.01217321816465473
367,design_000367,27.5,110,True,0.01152878634801624
367,design_000367,30.0,120,True,0.008908640611555212
367,design_000367,32.5,130,True,0.012297694918727238
367,design_000367,35.0,140,True,0.014391896001115782
367,design_000367,37.5,150,True,0.015707788334340878
367,design_000367,40.0,160,True,0.019617353171096655
367,design_000367,42.5,170,True,0.016960495420231887
367,design_000367,45.0,180,True,0.01628678556503811
368,design_000368,0.0,0,True,0.0020688041891315854
368,design_000368,2.5,10,True,0.06813036779303275
368,design_000368,5.0,20,True,0.11205354706490268
368,design_000368,7.5,30,True,0.1372824377006045
368,design_000368,10.0,40,True,0.12670453460578787
368,design_000368,12.5,50,True,0.07666563380656413
368,design_000368,15.0,60,True,0.04626838982482441
368,design_000368,17.5,70,True,0.021559808196183226
368,design_000368,20.0,80,True,0.009317281509380701
368,design_000368,22.5,90,True,0.00767299814940572
368,design_000368,25.0,100,True,0.008703283080022748
368,design_000368,27.5,110,True,0.010520028033148901
368,design_000368,30.0,120,True,0.0073724025732141325
368,design_000368,32.5,130,True,0.008801166974355464
368,design_000368,35.0,140,True,0.011162896765341384
368,design_000368,37.5,150,True,0.012802030440593005
368,design_000368,40.0,160,True,0.015045621143914407
368,design_000368,42.5,170,True,0.013329858568290328
368,design_000368,45.0,180,True,0.01337977941344247
369,design_000369,0.0,0,True,0.0020688041891315854
369,design_000369,2.5,10,True,0.04294152829246481
369,design_000369,5.0,20,True,0.10635813685212582
369,design_000369,7.5,30,True,0.1248698723764119
369,design_000369,10.0,40,True,0.08685874976225
369,design_000369,12.5,50,True,0.058968320801512986
369,design_000369,15.0,60,True,0.032341840440922434
369,design_000369,17.5,70,True,0.010490237211285374
369,design_000369,20.0,80,True,0.006862926238803962
369,design_000369,22.5,90,True,0.008581553747323042
369,design_000369,25.0,100,True,0.010494203979400785
369,design_000369,27.5,110,True,0.011772914893787338
369,design_000369,30.0,120,True,0.007709001886054981
369,design_000369,32.5,130,True,0.008437229912975422
369,design_000369,35.0,140,True,0.010081450782211537
369,design_000369,37.5,150,True,0.011276517577671723
369,design_000369,40.0,160,True,0.012741232066226774
369,design_000369,42.5,170,True,0.010705502616729017
369,design_000369,45.0,180,True,0.010964723866432878
370,design_000370,0.0,0,True,0.002075360212197114
370,design_000370,2.5,10,True,0.0032891846448570876
370,design_000370,5.0,20,True,0.020415124997274388
370,design_000370,7.5,30,True,0.013147292469116776
370,design_000370,10.0,40,True,0.023943048626726235
370,design_000370,12.5,50,True,0.03158340077153569
370,design_000370,15.0,60,True,0.040724558881991
370,design_000370,17.5,70,True,0.048180057930067494
370,design_000370,20.0,80,True,0.04899465234109547
370,design_000370,22.5,90,True,0.050029240013715524
370,design_000370,25.0,100,True,0.044478578313856876
370,design_000370,27.5,110,True,0.03339323767001011
370,design_000370,30.0,120,True,0.0202223098256206
370,design_000370,32.5,130,True,0.018995912067052236
370,design_000370,35.0,140,True,0.02046652372178835
370,design_000370,37.5,150,True,0.016328008964501126
370,design_000370,40.0,160,True,0.015492795799004998
370,design_000370,42.5,170,True,0.013143830785472575
370,design_000370,45.0,180,True,0.015409419411214147
371,design_000371,0.0,0,True,0.001814879509378439
371,design_000371,2.5,10,True,0.04350026637351934
371,design_000371,5.0,20,True,0.11039674241827417
371,design_000371,7.5,30,True,0.08392198047809117
371,design_000371,10.0,40,True,0.047022303378639795
371,design_000371,12.5,50,True,0.03708783685815519
371,design_000371,15.0,60,True,0.02134755879502936
371,design_000371,17.5,70,True,0.011011152714652937
371,design_000371,20.0,80,True,0.015512207067374039
371,design_000371,22.5,90,True,0.021173793646814425
371,design_000371,25.0,100,True,0.02337083594586141
371,design_000371,27.5,110,True,0.020753629510540147
371,design_000371,30.0,120,True,0.014161552050641962
371,design_000371,32.5,130,True,0.013925835478921324
371,design_000371,35.0,140,True,0.01522923912913329
371,design_000371,37.5,150,True,0.01468004579748664
371,design_000371,40.0,160,True,0.014643295123276015
371,design_000371,42.5,170,True,0.011610367292848459
371,design_000371,45.0,180,True,0.01200110373134121
372,design_000372,0.0,0,True,0.0021135253247467345
372,design_000372,2.5,10,True,0.0040195298605794835
372,design_000372,5.0,20,True,0.02890477805741038
372,design_000372,7.5,30,True,0.07113064035027089
372,design_000372,10.0,40,True,0.1007582245884863
372,design_000372,12.5,50,True,0.10025743495804416
372,design_000372,15.0,60,True,0.09202921759216064
372,design_000372,17.5,70,True,0.07721574394834804
372,design_000372,20.0,80,True,0.05608520791116525
372,design_000372,22.5,90,True,0.043695198128908985
372,design_000372,25.0,100,True,0.03406277938587395
372,design_000372,27.5,110,True,0.026043051157762013
372,design_000372,30.0,120,True,0.01612048951704053
372,design_000372,32.5,130,True,0.018137414161833735
372,design_000372,35.0,140,True,0.021465144408650588
372,design_000372,37.5,150,True,0.019723928578515924
372,design_000372,40.0,160,True,0.01773166267576278
372,design_000372,42.5,170,True,0.01760623335805915
372,design_000372,45.0,180,True,0.019743790786131456
373,design_000373,0.0,0,False,nan
373,design_000373,2.5,10,False,nan
373,design_000373,5.0,20,False,nan
373,design_000373,7.5,30,False,nan
373,design_000373,10.0,40,False,nan
373,design_000373,12.5,50,False,nan
373,design_000373,15.0,60,False,nan
373,design_000373,17.5,70,False,nan
373,design_000373,20.0,80,False,nan
373,design_000373,22.5,90,False,nan
373,design_000373,25.0,100,False,nan
373,design_000373,27.5,110,False,nan
373,design_000373,30.0,120,False,nan
373,design_000373,32.5,130,False,nan
373,design_000373,35.0,140,False,nan
373,design_000373,37.5,150,False,nan
373,design_000373,40.0,160,False,nan
373,design_000373,42.5,170,False,nan
373,design_000373,45.0,180,False,nan
374,design_000374,0.0,0,True,0.0020600925466966024
374,design_000374,2.5,10,True,0.0030652441459738658
374,design_000374,5.0,20,True,0.02373845253401163
374,design_000374,7.5,30,True,0.06492094715750416
374,design_000374,10.0,40,True,0.09996667384909987
374,design_000374,12.5,50,True,0.10352155263423354
374,design_000374,15.0,60,True,0.09813108287971545
374,design_000374,17.5,70,True,0.08409438954270002
374,design_000374,20.0,80,True,0.06222905329989883
374,design_000374,22.5,90,True,0.04995056838550249
374,design_000374,25.0,100,True,0.039504678135622986
374,design_000374,27.5,110,True,0.03057723352888852
374,design_000374,30.0,120,True,0.019624534953702776
374,design_000374,32.5,130,True,0.020905367445277247
374,design_000374,35.0,140,True,0.024932455490819617
374,design_000374,37.5,150,True,0.02334431528253938
374,design_000374,40.0,160,True,0.022032049289434676
374,design_000374,42.5,170,True,0.022452264358813045
374,design_000374,45.0,180,True,0.02436722594641609
375,design_000375,0.0,0,True,0.0020688041891315854
375,design_000375,2.5,10,True,0.07271083172367795
375,design_000375,5.0,20,True,0.13218810356312038
375,design_000375,7.5,30,True,0.10521508284945738
375,design_000375,10.0,40,True,0.05173793370115347
375,design_000375,12.5,50,True,0.04056232026794039
375,design_000375,15.0,60,True,0.023626907360266618
375,design_000375,17.5,70,True,0.012354551132389797
375,design_000375,20.0,80,True,0.016267311772926486
375,design_000375,22.5,90,True,0.022550637840540053
375,design_000375,25.0,100,True,0.024141123784141648
375,design_000375,27.5,110,True,0.020373592951188013
375,design_000375,30.0,120,True,0.014297490521780545
375,design_000375,32.5,130,True,0.01424848759477633
375,design_000375,35.0,140,True,0.015167998095846458
375,design_000375,37.5,150,True,0.015158066902673763
375,design_000375,40.0,160,True,0.015329229988152566
375,design_000375,42.5,170,True,0.012723351384093182
375,design_000375,45.0,180,True,0.013035760904770615
376,design_000376,0.0,0,True,0.002055758938414993
376,design_000376,2.5,10,True,0.005854085598795662
376,design_000376,5.0,20,True,0.01252821403943811
376,design_000376,7.5,30,True,0.02459877950357623
376,design_000376,10.0,40,True,0.04776997103219291
376,design_000376,12.5,50,True,0.063916141861573
376,design_000376,15.0,60,True,0.07274717825882951
376,design_000376,17.5,70,True,0.07488650156843768
376,design_000376,20.0,80,True,0.06372111793312685
376,design_000376,22.5,90,True,0.05641194454178393
376,design_000376,25.0,100,True,0.046695389746493954
376,design_000376,27.5,110,True,0.033622664388638826
376,design_000376,30.0,120,True,0.020740552428345826
376,design_000376,32.5,130,True,0.018703175335747897
376,design_000376,35.0,140,True,0.021110200043737197
376,design_000376,37.5,150,True,0.019556435568905437
376,design_000376,40.0,160,True,0.01881132169378557
376,design_000376,42.5,170,True,0.01888215972493177
376,design_000376,45.0,180,True,0.021502688263850475
377,design_000377,0.0,0,True,0.0020688041891315854
377,design_000377,2.5,10,True,0.07290184826913541
377,design_000377,5.0,20,True,0.14323544287946943
377,design_000377,7.5,30,True,0.1603712733783335
377,design_000377,10.0,40,True,0.14492133063125992
377,design_000377,12.5,50,True,0.0900057758140395
377,design_000377,15.0,60,True,0.050523022095972994
377,design_000377,17.5,70,True,0.028999767049930007
377,design_000377,20.0,80,True,0.015227562748737527
377,design_000377,22.5,90,True,0.00950390074542156
377,design_000377,25.0,100,True,0.007727097407273171
377,design_000377,27.5,110,True,0.0077348165773859865
377,design_000377,30.0,120,True,0.006751323275902346
377,design_000377,32.5,130,True,0.010965983888949041
377,design_000377,35.0,140,True,0.015222648988827884
377,design_000377,37.5,150,True,0.015501459756629614
377,design_000377,40.0,160,True,0.01874865104975433
377,design_000377,42.5,170,True,0.01618832078306087
377,design_000377,45.0,180,True,0.017262351112673976
378,design_000378,0.0,0,True,0.0021528693346708153
378,design_000378,2.5,10,True,0.006270592350399421
378,design_000378,5.0,20,True,0.05170586281498399
378,design_000378,7.5,30,True,0.06338736417738135
378,design_000378,10.0,40,True,0.020778078748760306
378,design_000378,12.5,50,True,0.01968868201248107
378,design_000378,15.0,60,True,0.023889079772984642
378,design_000378,17.5,70,True,0.02286216044949694
378,design_000378,20.0,80,True,0.019209681020384735
378,design_000378,22.5,90,True,0.018413036965430497
378,design_000378,25.0,100,True,0.013197512014483596
378,design_000378,27.5,110,True,0.008784231225288514
378,design_000378,30.0,120,True,0.005295417496710954
378,design_000378,32.5,130,True,0.007193563874927178
378,design_000378,35.0,140,True,0.008409620694164222
378,design_000378,37.5,150,True,0.009494666213660987
378,design_000378,40.0,160,True,0.009537847826707484
378,design_000378,42.5,170,True,0.01054108725803709
378,design_000378,45.0,180,True,0.013237699404635674
379,design_000379,0.0,0,True,0.00216426842739445
379,design_000379,2.5,10,True,0.018086318162470034
379,design_000379,5.0,20,True,0.053475495545440566
379,design_000379,7.5,30,True,0.013139975967905322
379,design_000379,10.0,40,True,0.030340268316440627
379,design_000379,12.5,50,True,0.027190798530435076
379,design_000379,15.0,60,True,0.02633430420320082
379,design_000379,17.5,70,True,0.03265915633782858
379,design_000379,20.0,80,True,0.037056716903541696
379,design_000379,22.5,90,True,0.041340920119375256
379,design_000379,25.0,100,True,0.03758669606618299
379,design_000379,27.5,110,True,0.02696583595411342
379,design_000379,30.0,120,True,0.015528112658598874
379,design_000379,32.5,130,True,0.01472901094124427
379,design_000379,35.0,140,True,0.016180182802231116
379,design_000379,37.5,150,True,0.012751591701152969
379,design_000379,40.0,160,True,0.010916514505672041
379,design_000379,42.5,170,True,0.008639069121038352
379,design_000379,45.0,180,True,0.011171056846860733
380,design_000380,0.0,0,False,nan
380,design_000380,2.5,10,False,nan
380,design_000380,5.0,20,False,nan
380,design_000380,7.5,30,False,nan
380,design_000380,10.0,40,False,nan
380,design_000380,12.5,50,False,nan
380,design_000380,15.0,60,False,nan
380,design_000380,17.5,70,False,nan
380,design_000380,20.0,80,False,nan
380,design_000380,22.5,90,False,nan
380,design_000380,25.0,100,False,nan
380,design_000380,27.5,110,False,nan
380,design_000380,30.0,120,False,nan
380,design_000380,32.5,130,False,nan
380,design_000380,35.0,140,False,nan
380,design_000380,37.5,150,False,nan
380,design_000380,40.0,160,False,nan
380,design_000380,42.5,170,False,nan
380,design_000380,45.0,180,False,nan
381,design_000381,0.0,0,True,0.0020688041891315854
381,design_000381,2.5,10,True,0.07293302731594853
381,design_000381,5.0,20,True,0.11816965392492107
381,design_000381,7.5,30,True,0.14345350596737078
381,design_000381,10.0,40,True,0.14573696197516314
381,design_000381,12.5,50,True,0.11041735700704117
381,design_000381,15.0,60,True,0.06633603527883533
381,design_000381,17.5,70,True,0.041616902145186874
381,design_000381,20.0,80,True,0.018760844206890302
381,design_000381,22.5,90,True,0.009061871045101736
381,design_000381,25.0,100,True,0.0061550090786625
381,design_000381,27.5,110,True,0.006745616117037281
381,design_000381,30.0,120,True,0.005139896732647896
381,design_000381,32.5,130,True,0.006877193658806626
381,design_000381,35.0,140,True,0.009644479334130675
381,design_000381,37.5,150,True,0.011329997097842982
381,design_000381,40.0,160,True,0.013321141940607214
381,design_000381,42.5,170,True,0.0125066634897444
381,design_000381,45.0,180,True,0.015002275102735961
382,design_000382,0.0,0,True,0.0020688041891315854
382,design_000382,2.5,10,True,0.0729537833113228
382,design_000382,5.0,20,True,0.1442455952450845
382,design_000382,7.5,30,True,0.15731114261848317
382,design_000382,10.0,40,True,0.16970002892109665
382,design_000382,12.5,50,True,0.14574895347456496
382,design_000382,15.0,60,True,0.1074252592217823
382,design_000382,17.5,70,True,0.07260392349298479
382,design_000382,20.0,80,True,0.04242906168464767
382,design_000382,22.5,90,True,0.027117716392044362
382,design_000382,25.0,100,True,0.018047012312318235
382,design_000382,27.5,110,True,0.012787327967131633
382,design_000382,30.0,120,True,0.0074081715181784046
382,design_000382,32.5,130,True,0.009159314244197138
382,design_000382,35.0,140,True,0.012506545241953779
382,design_000382,37.5,150,True,0.012558880764359442
382,design_000382,40.0,160,True,0.014409612304300917
382,design_000382,42.5,170,True,0.01327170789222569
382,design_000382,45.0,180,True,0.016334651623747365
383,design_000383,0.0,0,True,0.001903283940010373
383,design_000383,2.5,10,True,0.06820683603054509
383,design_000383,5.0,20,True,0.12446472748512037
383,design_000383,7.5,30,True,0.1117335850751629
383,design_000383,10.0,40,True,0.0674949137633854
383,design_000383,12.5,50,True,0.02686749138073317
383,design_000383,15.0,60,True,0.014505472263504958
383,design_000383,17.5,70,True,0.009411501185703768
383,design_000383,20.0,80,True,0.007483043810863437
383,design_000383,22.5,90,True,0.00928502812770552
383,design_000383,25.0,100,True,0.010268420414390626
383,design_000383,27.5,110,True,0.009345135854447262
383,design_000383,30.0,120,True,0.006719773799160338
383,design_000383,32.5,130,True,0.008353901529067159
383,design_000383,35.0,140,True,0.010428143964117748
383,design_000383,37.5,150,True,0.011192597180803806
383,design_000383,40.0,160,True,0.01269396710594869
383,design_000383,42.5,170,True,0.01151003416046235
383,design_000383,45.0,180,True,0.011903626731298632
384,design_000384,0.0,0,True,0.0020688041891315854
384,design_000384,2.5,10,True,0.07237887474761977
384,design_000384,5.0,20,True,0.12897088729189182
384,design_000384,7.5,30,True,0.13882292750977693
384,design_000384,10.0,40,True,0.11033824606585753
384,design_000384,12.5,50,True,0.059869412061045395
384,design_000384,15.0,60,True,0.03402959171586979
384,design_000384,17.5,70,True,0.015215619918787216
384,design_000384,20.0,80,True,0.009233841796315395
384,design_000384,22.5,90,True,0.01075988498524718
384,design_000384,25.0,100,True,0.01189310918850434
384,design_000384,27.5,110,True,0.012044026028443098
384,design_000384,30.0,120,True,0.00958553885910466
384,design_000384,32.5,130,True,0.01118240632001146
384,design_000384,35.0,140,True,0.013073506283198559
384,design_000384,37.5,150,True,0.014472781676525208
384,design_000384,40.0,160,True,0.017002925529825803
384,design_000384,42.5,170,True,0.015298392642168611
384,design_000384,45.0,180,True,0.01515072621630898
385,design_000385,0.0,0,True,0.002086166411782369
385,design_000385,2.5,10,True,0.004644126707508543
385,design_000385,5.0,20,True,0.0036477029826286764
385,design_000385,7.5,30,True,0.012472380937954101
385,design_000385,10.0,40,True,0.025068531710045014
385,design_000385,12.5,50,True,0.025985984745973266
385,design_000385,15.0,60,True,0.034121510295977014
385,design_000385,17.5,70,True,0.0372985496155543
385,design_000385,20.0,80,True,0.037621958685639674
385,design_000385,22.5,90,True,0.03982813534210537
385,design_000385,25.0,100,True,0.03272288118676976
385,design_000385,27.5,110,True,0.023237653154342848
385,design_000385,30.0,120,True,0.014255079681880597
385,design_000385,32.5,130,True,0.013283067424746449
385,design_000385,35.0,140,True,0.013947724884252732
385,design_000385,37.5,150,True,0.010651469009653023
385,design_000385,40.0,160,True,0.010681138746350408
385,design_000385,42.5,170,True,0.009558450110743152
385,design_000385,45.0,180,True,0.010803339888250326
386,design_000386,0.0,0,True,0.0020340354958493343
386,design_000386,2.5,10,True,0.007660629029002074
386,design_000386,5.0,20,True,0.0503944138736551
386,design_000386,7.5,30,True,0.0948766529080467
386,design_000386,10.0,40,True,0.13428356518337675
386,design_000386,12.5,50,True,0.12396254360594888
386,design_000386,15.0,60,True,0.10707829969039379
386,design_000386,17.5,70,True,0.0769335059574278
386,design_000386,20.0,80,True,0.05263019436987881
386,design_000386,22.5,90,True,0.039746549103776424
386,design_000386,25.0,100,True,0.026362799016442548
386,design_000386,27.5,110,True,0.020092662147836136
386,design_000386,30.0,120,True,0.010377542566987835
386,design_000386,32.5,130,True,0.01001107678142913
386,design_000386,35.0,140,True,0.010149450276225207
386,design_000386,37.5,150,True,0.008712256931522595
386,design_000386,40.0,160,True,0.009478301693808209
386,design_000386,42.5,170,True,0.009383922497165072
386,design_000386,45.0,180,True,0.010130241511134572
387,design_000387,0.0,0,True,0.002035470229436794
387,design_000387,2.5,10,True,0.00882289862409343
387,design_000387,5.0,20,True,0.003019133781112543
387,design_000387,7.5,30,True,0.008912047237636972
387,design_000387,10.0,40,True,0.022123171916856484
387,design_000387,12.5,50,True,0.029933877697909922
387,design_000387,15.0,60,True,0.038706338666973775
387,design_000387,17.5,70,True,0.04691360795992293
387,design_000387,20.0,80,True,0.04828004521313798
387,design_000387,22.5,90,True,0.04969206408810335
387,design_000387,25.0,100,True,0.043338494102878315
387,design_000387,27.5,110,True,0.03189852080256554
387,design_000387,30.0,120,True,0.01796328546465806
387,design_000387,32.5,130,True,0.01621943959451861
387,design_000387,35.0,140,True,0.017153785055344834
387,design_000387,37.5,150,True,0.013210379679502098
387,design_000387,40.0,160,True,0.011398025572949156
387,design_000387,42.5,170,True,0.009040200713525338
387,design_000387,45.0,180,True,0.011103019505121619
388,design_000388,0.0,0,True,0.0020690649775751717
388,design_000388,2.5,10,True,0.0076255305972724036
388,design_000388,5.0,20,True,0.013309225471714412
388,design_000388,7.5,30,True,0.019328523403809937
388,design_000388,10.0,40,True,0.04073477207137512
388,design_000388,12.5,50,True,0.05846302881280932
388,design_000388,15.0,60,True,0.0766015188787823
388,design_000388,17.5,70,True,0.0786107759358485
388,design_000388,20.0,80,True,0.0734206738472227
388,design_000388,22.5,90,True,0.06807547248353785
388,design_000388,25.0,100,True,0.05250389704013571
388,design_000388,27.5,110,True,0.038842093118620497
388,design_000388,30.0,120,True,0.022095772345624404
388,design_000388,32.5,130,True,0.01864813515052056
388,design_000388,35.0,140,True,0.01769607646233532
388,design_000388,37.5,150,True,0.01467452958073204
388,design_000388,40.0,160,True,0.014395124344421598
388,design_000388,42.5,170,True,0.011989213563452008
388,design_000388,45.0,180,True,0.013551768046200674
389,design_000389,0.0,0,True,0.0020688041891315854
389,design_000389,2.5,10,True,0.0729537833113228
389,design_000389,5.0,20,True,0.14097784138256686
389,design_000389,7.5,30,True,0.15240056004341598
389,design_000389,10.0,40,True,0.15716471684569225
389,design_000389,12.5,50,True,0.12792201733977082
389,design_000389,15.0,60,True,0.08731672298353063
389,design_000389,17.5,70,True,0.0628845377569314
389,design_000389,20.0,80,True,0.03190281540470163
389,design_000389,22.5,90,True,0.019858615087661784
389,design_000389,25.0,100,True,0.011361496252562175
389,design_000389,27.5,110,True,0.008310295582957115
389,design_000389,30.0,120,True,0.005592840236813032
389,design_000389,32.5,130,True,0.007494254024143043
389,design_000389,35.0,140,True,0.011145576281015392
389,design_000389,37.5,150,True,0.012658643762627413
389,design_000389,40.0,160,True,0.015610304737465499
389,design_000389,42.5,170,True,0.013844269950442557
389,design_000389,45.0,180,True,0.016673217599750517
390,design_000390,0.0,0,True,0.0013834111279788972
390,design_000390,2.5,10,True,0.06966200999003566
390,design_000390,5.0,20,True,0.140499096384472
390,design_000390,7.5,30,True,0.14716771853293045
390,design_000390,10.0,40,True,0.09773133656248342
390,design_000390,12.5,50,True,0.059074555506410956
390,design_000390,15.0,60,True,0.04023885471522937
390,design_000390,17.5,70,True,0.022116354090151648
390,design_000390,20.0,80,True,0.010680904845890366
390,design_000390,22.5,90,True,0.00983955977257292
390,design_000390,25.0,100,True,0.012126272477772752
390,design_000390,27.5,110,True,0.013836947732037372
390,design_000390,30.0,120,True,0.010088807178906749
390,design_000390,32.5,130,True,0.01209461332806846
390,design_000390,35.0,140,True,0.013601205985797945
390,design_000390,37.5,150,True,0.013991599940382338
390,design_000390,40.0,160,True,0.01603201010887678
390,design_000390,42.5,170,True,0.013360614373682425
390,design_000390,45.0,180,True,0.013279058810685015
391,design_000391,0.0,0,True,0.001672077261527808
391,design_000391,2.5,10,True,0.01272212171057484
391,design_000391,5.0,20,True,0.0674802804137866
391,design_000391,7.5,30,True,0.01923667880698872
391,design_000391,10.0,40,True,0.037464859541129034
391,design_000391,12.5,50,True,0.028813407640697918
391,design_000391,15.0,60,True,0.01924379719567357
391,design_000391,17.5,70,True,0.016980880970895344
391,design_000391,20.0,80,True,0.01867047344068632
391,design_000391,22.5,90,True,0.023168603518705387
391,design_000391,25.0,100,True,0.022480142595858305
391,design_000391,27.5,110,True,0.019905446943945464
391,design_000391,30.0,120,True,0.01113031976717998
391,design_000391,32.5,130,True,0.011440570896698558
391,design_000391,35.0,140,True,0.011201567566218214
391,design_000391,37.5,150,True,0.009157359018361464
391,design_000391,40.0,160,True,0.008930825238883108
391,design_000391,42.5,170,True,0.006245891991549596
391,design_000391,45.0,180,True,0.006736913367416502
392,design_000392,0.0,0,True,0.0020688041891315854
392,design_000392,2.5,10,True,0.04290531147502941
392,design_000392,5.0,20,True,0.0949447693194603
392,design_000392,7.5,30,True,0.09304197811555681
392,design_000392,10.0,40,True,0.05133348592296644
392,design_000392,12.5,50,True,0.042050280759231326
392,design_000392,15.0,60,True,0.024771408790060397
392,design_000392,17.5,70,True,0.011743473405596262
392,design_000392,20.0,80,True,0.01562378189786423
392,design_000392,22.5,90,True,0.02201365979545313
392,design_000392,25.0,100,True,0.024184902315301644
392,design_000392,27.5,110,True,0.020848391451742117
392,design_000392,30.0,120,True,0.014964878635186888
392,design_000392,32.5,130,True,0.01509217071230588
392,design_000392,35.0,140,True,0.015815606078569508
392,design_000392,37.5,150,True,0.01568558845347818
392,design_000392,40.0,160,True,0.01647716882165827
392,design_000392,42.5,170,True,0.01356879189081417
392,design_000392,45.0,180,True,0.013545098579143783
393,design_000393,0.0,0,True,0.0021753887693639917
393,design_000393,2.5,10,True,0.028818830138657194
393,design_000393,5.0,20,True,0.0895128546890756
393,design_000393,7.5,30,True,0.0316057854183561
393,design_000393,10.0,40,True,0.03161342069365576
393,design_000393,12.5,50,True,0.029086381853011635
393,design_000393,15.0,60,True,0.0198281950462212
393,design_000393,17.5,70,True,0.019269906204819574
393,design_000393,20.0,80,True,0.026036978544482718
393,design_000393,22.5,90,True,0.031073892422155455
393,design_000393,25.0,100,True,0.030175973787172565
393,design_000393,27.5,110,True,0.023457583601269406
393,design_000393,30.0,120,True,0.013729183903313558
393,design_000393,32.5,130,True,0.012154597348707247
393,design_000393,35.0,140,True,0.013265922152424246
393,design_000393,37.5,150,True,0.011803383036124156
393,design_000393,40.0,160,True,0.010201129385441692
393,design_000393,42.5,170,True,0.0077678042524645195
393,design_000393,45.0,180,True,0.00961222018574492
394,design_000394,0.0,0,True,0.0025240694372604838
394,design_000394,2.5,10,True,0.003977626138628529
394,design_000394,5.0,20,True,0.05955118027902178
394,design_000394,7.5,30,True,0.01897252392824541
394,design_000394,10.0,40,True,0.03248976774986735
394,design_000394,12.5,50,True,0.027046646933790885
394,design_000394,15.0,60,True,0.022868725847608577
394,design_000394,17.5,70,True,0.025290989988306624
394,design_000394,20.0,80,True,0.031211931168345336
394,design_000394,22.5,90,True,0.036818179650732585
394,design_000394,25.0,100,True,0.03519766053920549
394,design_000394,27.5,110,True,0.027394463800484124
394,design_000394,30.0,120,True,0.01695202138878821
394,design_000394,32.5,130,True,0.01683867843241942
394,design_000394,35.0,140,True,0.018662520279172062
394,design_000394,37.5,150,True,0.015577918952127024
394,design_000394,40.0,160,True,0.015250787794150584
394,design_000394,42.5,170,True,0.012534188893512153
394,design_000394,45.0,180,True,0.013582206361769773
395,design_000395,0.0,0,True,0.002157667833713799
395,design_000395,2.5,10,True,0.0496660754306969
395,design_000395,5.0,20,True,0.0995338641967378
395,design_000395,7.5,30,True,0.07054871562758883
395,design_000395,10.0,40,True,0.04023688333994719
395,design_000395,12.5,50,True,0.036924650543710594
395,design_000395,15.0,60,True,0.021619079104494288
395,design_000395,17.5,70,True,0.016102073415117935
395,design_000395,20.0,80,True,0.02239780587474967
395,design_000395,22.5,90,True,0.02960308179806312
395,design_000395,25.0,100,True,0.030178165016305346
395,design_000395,27.5,110,True,0.024187122762282715
395,design_000395,30.0,120,True,0.016093126167047923
395,design_000395,32.5,130,True,0.016009370225764766
395,design_000395,35.0,140,True,0.016883428467664174
395,design_000395,37.5,150,True,0.01553296345060673
395,design_000395,40.0,160,True,0.014544767803953015
395,design_000395,42.5,170,True,0.011654674714145507
395,design_000395,45.0,180,True,0.012619999127897477
396,design_000396,0.0,0,True,0.002103791228765035
396,design_000396,2.5,10,True,0.005336135252246193
396,design_000396,5.0,20,True,0.011716690376335166
396,design_000396,7.5,30,True,0.03787510187104456
396,design_000396,10.0,40,True,0.07128654905838318
396,design_000396,12.5,50,True,0.0872274193028889
396,design_000396,15.0,60,True,0.09500475889115559
396,design_000396,17.5,70,True,0.08684531754838634
396,design_000396,20.0,80,True,0.06823275536168574
396,design_000396,22.5,90,True,0.05604396321311883
396,design_000396,25.0,100,True,0.04339142026490274
396,design_000396,27.5,110,True,0.031063367654369012
396,design_000396,30.0,120,True,0.01833649369009261
396,design_000396,32.5,130,True,0.017294701255447836
396,design_000396,35.0,140,True,0.019857563157674916
396,design_000396,37.5,150,True,0.01822270917302874
396,design_000396,40.0,160,True,0.01781441279299105
396,design_000396,42.5,170,True,0.017412693671424045
396,design_000396,45.0,180,True,0.019509086562820147
397,design_000397,0.0,0,True,0.002141971897018778
397,design_000397,2.5,10,True,0.005690858073408288
397,design_000397,5.0,20,True,0.005380698169632115
397,design_000397,7.5,30,True,0.016364679558885382
397,design_000397,10.0,40,True,0.029036476541281775
397,design_000397,12.5,50,True,0.03668844726809635
397,design_000397,15.0,60,True,0.04617693293595918
397,design_000397,17.5,70,True,0.04475971758988759
397,design_000397,20.0,80,True,0.04393511293477665
397,design_000397,22.5,90,True,0.043992108570457295
397,design_000397,25.0,100,True,0.03553631714794259
397,design_000397,27.5,110,True,0.02661521291779689
397,design_000397,30.0,120,True,0.018088216554932222
397,design_000397,32.5,130,True,0.01769911044540408
397,design_000397,35.0,140,True,0.01822228799994789
397,design_000397,37.5,150,True,0.015254952710490747
397,design_000397,40.0,160,True,0.016086203979181465
397,design_000397,42.5,170,True,0.014866464535241465
397,design_000397,45.0,180,True,0.016244575647007674
398,design_000398,0.0,0,True,0.0020648650649033114
398,design_000398,2.5,10,True,0.003310117948990384
398,design_000398,5.0,20,True,0.0053319521066960696
398,design_000398,7.5,30,True,0.018899043219065135
398,design_000398,10.0,40,True,0.03510000243575874
398,design_000398,12.5,50,True,0.048841362734558
398,design_000398,15.0,60,True,0.05890405422133069
398,design_000398,17.5,70,True,0.059962105495011145
398,design_000398,20.0,80,True,0.05157475998046949
398,design_000398,22.5,90,True,0.04626650747033209
398,design_000398,25.0,100,True,0.03688169396397044
398,design_000398,27.5,110,True,0.027883480500913917
398,design_000398,30.0,120,True,0.018244816482781312
398,design_000398,32.5,130,True,0.018838446992680745
398,design_000398,35.0,140,True,0.021038064434570593
398,design_000398,37.5,150,True,0.018289059865453407
398,design_000398,40.0,160,True,0.018374734338847704
398,design_000398,42.5,170,True,0.017550364224971884
398,design_000398,45.0,180,True,0.019727390045688194
399,design_000399,0.0,0,True,0.0018376193050627658
399,design_000399,2.5,10,True,0.06970490643082014
399,design_000399,5.0,20,True,0.051524257013176256
399,design_000399,7.5,30,True,0.008519333434991653
399,design_000399,10.0,40,True,0.022616809548724425
399,design_000399,12.5,50,True,0.027116112308722407
399,design_000399,15.0,60,True,0.030489347098933847
399,design_000399,17.5,70,True,0.03693744068346791
399,design_000399,20.0,80,True,0.04032196762858054
399,design_000399,22.5,90,True,0.04479854495975382
399,design_000399,25.0,100,True,0.04121008446849764
399,design_000399,27.5,110,True,0.031249311782282376
399,design_000399,30.0,120,True,0.01785487760489421
399,design_000399,32.5,130,True,0.016187727741289595
399,design_000399,35.0,140,True,0.017272020532457764
399,design_000399,37.5,150,True,0.014375693064796306
399,design_000399,40.0,160,True,0.011946899629422478
399,design_000399,42.5,170,True,0.009518393939960306
399,design_000399,45.0,180,True,0.011978951159740632
400,design_000400,0.0,0,True,0.0020140566561067026
400,design_000400,2.5,10,True,0.0034005664486321426
400,design_000400,5.0,20,True,0.01893613213179472
400,design_000400,7.5,30,True,0.05687264849983048
400,design_000400,10.0,40,True,0.1005369240808657
400,design_000400,12.5,50,True,0.11549942511612785
400,design_000400,15.0,60,True,0.12458478226818118
400,design_000400,17.5,70,True,0.11226802069393874
400,design_000400,20.0,80,True,0.08670419017743394
400,design_000400,22.5,90,True,0.06827426612660767
400,design_000400,25.0,100,True,0.04876352613356405
400,design_000400,27.5,110,True,0.034773338654313604
400,design_000400,30.0,120,True,0.018596425222782615
400,design_000400,32.5,130,True,0.014749044448788752
400,design_000400,35.0,140,True,0.0160814143283882
400,design_000400,37.5,150,True,0.01373711500210847
400,design_000400,40.0,160,True,0.01301322650566673
400,design_000400,42.5,170,True,0.012713202027521641
400,design_000400,45.0,180,True,0.01435328273718782
401,design_000401,0.0,0,True,0.0020688041891315854
401,design_000401,2.5,10,True,0.0729537833113228
401,design_000401,5.0,20,True,0.1424411359971025
401,design_000401,7.5,30,True,0.15680573771027081
401,design_000401,10.0,40,True,0.17002423037348785
401,design_000401,12.5,50,True,0.1474273976422107
401,design_000401,15.0,60,True,0.11037588059677958
401,design_000401,17.5,70,True,0.07191202869661331
401,design_000401,20.0,80,True,0.042527509960958935
401,design_000401,22.5,90,True,0.028097214186628347
401,design_000401,25.0,100,True,0.017938052811977988
401,design_000401,27.5,110,True,0.011835703765018057
401,design_000401,30.0,120,True,0.006576098469004343
401,design_000401,32.5,130,True,0.008157366031813754
401,design_000401,35.0,140,True,0.011866506654919154
401,design_000401,37.5,150,True,0.01276545926901061
401,design_000401,40.0,160,True,0.01500325077328567
401,design_000401,42.5,170,True,0.013785911702604832
401,design_000401,45.0,180,True,0.016716039237695664
402,design_000402,0.0,0,True,0.0020688041891315854
402,design_000402,2.5,10,True,0.07269108763992155
402,design_000402,5.0,20,True,0.12477385350351636
402,design_000402,7.5,30,True,0.15022229110706214
402,design_000402,10.0,40,True,0.14682892215212917
402,design_000402,12.5,50,True,0.10089803319870642
402,design_000402,15.0,60,True,0.05653961545088865
402,design_000402,17.5,70,True,0.028170359609244716
402,design_000402,20.0,80,True,0.01212731669598274
402,design_000402,22.5,90,True,0.007072135859819769
402,design_000402,25.0,100,True,0.007193215897961128
402,design_000402,27.5,110,True,0.0068616520085735735
402,design_000402,30.0,120,True,0.004911202477534458
402,design_000402,32.5,130,True,0.0070975243284974975
402,design_000402,35.0,140,True,0.010314971301037673
402,design_000402,37.5,150,True,0.01252346197204818
402,design_000402,40.0,160,True,0.016023345893027164
402,design_000402,42.5,170,True,0.014706091174137417
402,design_000402,45.0,180,True,0.016099806659134352
403,design_000403,0.0,0,True,0.002095058738253402
403,design_000403,2.5,10,True,0.011752550769259386
403,design_000403,5.0,20,True,0.05912326670268423
403,design_000403,7.5,30,True,0.10647847574419432
403,design_000403,10.0,40,True,0.13817666956550523
403,design_000403,12.5,50,True,0.1164552021480186
403,design_000403,15.0,60,True,0.09344305522475163
403,design_000403,17.5,70,True,0.06473103194962437
403,design_000403,20.0,80,True,0.048336711836128046
403,design_000403,22.5,90,True,0.03669639577139641
403,design_000403,25.0,100,True,0.024680778074677535
403,design_000403,27.5,110,True,0.018570489476540296
403,design_000403,30.0,120,True,0.011996113269573071
403,design_000403,32.5,130,True,0.013641357576153647
403,design_000403,35.0,140,True,0.012641932989670274
403,design_000403,37.5,150,True,0.012737365485201789
403,design_000403,40.0,160,True,0.012172091009388729
403,design_000403,42.5,170,True,0.011743753974724576
403,design_000403,45.0,180,True,0.012696806424468495
404,design_000404,0.0,0,True,0.0020688041891315854
404,design_000404,2.5,10,True,0.0656588874902848
404,design_000404,5.0,20,True,0.12437013669898245
404,design_000404,7.5,30,True,0.1417357050362255
404,design_000404,10.0,40,True,0.11309165175720748
404,design_000404,12.5,50,True,0.06745457293349112
404,design_000404,15.0,60,True,0.03845094367406145
404,design_000404,17.5,70,True,0.015186100367644723
404,design_000404,20.0,80,True,0.009547674780538619
404,design_000404,22.5,90,True,0.010016290999173005
404,design_000404,25.0,100,True,0.011559699404195236
404,design_000404,27.5,110,True,0.012476710242943886
404,design_000404,30.0,120,True,0.009250081921681846
404,design_000404,32.5,130,True,0.010441538443390248
404,design_000404,35.0,140,True,0.012464904173032278
404,design_000404,37.5,150,True,0.013562942155128394
404,design_000404,40.0,160,True,0.015726688191285705
404,design_000404,42.5,170,True,0.013876609586572563
404,design_000404,45.0,180,True,0.013499881518280497
405,design_000405,0.0,0,True,0.0024103412234715627
405,design_000405,2.5,10,True,0.020302737867929715
405,design_000405,5.0,20,True,0.02951987332257506
405,design_000405,7.5,30,True,0.012977777630403932
405,design_000405,10.0,40,True,0.03023804734353415
405,design_000405,12.5,50,True,0.02761033864856237
405,design_000405,15.0,60,True,0.024096253981442613
405,design_000405,17.5,70,True,0.028672472348637144
405,design_000405,20.0,80,True,0.033944415676685574
405,design_000405,22.5,90,True,0.039851177789420475
405,design_000405,25.0,100,True,0.03663587245772752
405,design_000405,27.5,110,True,0.026589646305512745
405,design_000405,30.0,120,True,0.016377427526216785
405,design_000405,32.5,130,True,0.01646060316674803
405,design_000405,35.0,140,True,0.017535411627234813
405,design_000405,37.5,150,True,0.014157888630099598
405,design_000405,40.0,160,True,0.012621030148422255
405,design_000405,42.5,170,True,0.009774843564067506
405,design_000405,45.0,180,True,0.011394687566373601
406,design_000406,0.0,0,True,0.0020600888222115834
406,design_000406,2.5,10,True,0.002874747041031022
406,design_000406,5.0,20,True,0.01553458858205935
406,design_000406,7.5,30,True,0.05148712156178499
406,design_000406,10.0,40,True,0.09265983573318279
406,design_000406,12.5,50,True,0.10624330830744937
406,design_000406,15.0,60,True,0.11039741426629174
406,design_000406,17.5,70,True,0.09663631007794732
406,design_000406,20.0,80,True,0.07814566995193784
406,design_000406,22.5,90,True,0.06316939071254905
406,design_000406,25.0,100,True,0.047391853407359685
406,design_000406,27.5,110,True,0.036114860355032946
406,design_000406,30.0,120,True,0.02257410741831153
406,design_000406,32.5,130,True,0.021912569981758098
406,design_000406,35.0,140,True,0.02439980731953739
406,design_000406,37.5,150,True,0.02315835171068508
406,design_000406,40.0,160,True,0.021146266962204043
406,design_000406,42.5,170,True,0.02160193728787578
406,design_000406,45.0,180,True,0.022122958644196264
407,design_000407,0.0,0,True,0.0020688041891315854
407,design_000407,2.5,10,True,0.07295287761796398
407,design_000407,5.0,20,True,0.14424443561907
407,design_000407,7.5,30,True,0.16311749288870525
407,design_000407,10.0,40,True,0.14804659766523365
407,design_000407,12.5,50,True,0.09634684813795547
407,design_000407,15.0,60,True,0.05878370544751761
407,design_000407,17.5,70,True,0.033967061756628815
407,design_000407,20.0,80,True,0.016038370008080956
407,design_000407,22.5,90,True,0.010829016291011028
407,design_000407,25.0,100,True,0.009960178289445992
407,design_000407,27.5,110,True,0.010842902290066583
407,design_000407,30.0,120,True,0.008208430160107952
407,design_000407,32.5,130,True,0.010563453529500803
407,design_000407,35.0,140,True,0.012733008091859812
407,design_000407,37.5,150,True,0.013709960531668251
407,design_000407,40.0,160,True,0.016728845924164577
407,design_000407,42.5,170,True,0.014496584544357583
407,design_000407,45.0,180,True,0.01461462395663488
408,design_000408,0.0,0,True,0.0020406030919557965
408,design_000408,2.5,10,True,0.007078148547633075
408,design_000408,5.0,20,True,0.008378026211754038
408,design_000408,7.5,30,True,0.013786370146116597
408,design_000408,10.0,40,True,0.028711143074882706
408,design_000408,12.5,50,True,0.044837905062335856
408,design_000408,15.0,60,True,0.05362058050443159
408,design_000408,17.5,70,True,0.0546341539975474
408,design_000408,20.0,80,True,0.05537123102400755
408,design_000408,22.5,90,True,0.05433913946741982
408,design_000408,25.0,100,True,0.05010309391394162
408,design_000408,27.5,110,True,0.03915590626482779
408,design_000408,30.0,120,True,0.024039821684188334
408,design_000408,32.5,130,True,0.023124777121389037
408,design_000408,35.0,140,True,0.0244629840919754
408,design_000408,37.5,150,True,0.02132134722560229
408,design_000408,40.0,160,True,0.01998851381165985
408,design_000408,42.5,170,True,0.017526618048391476
408,design_000408,45.0,180,True,0.018906653330112877
409,design_000409,0.0,0,True,0.0021008380306607915
409,design_000409,2.5,10,True,0.004398809776522277
409,design_000409,5.0,20,True,0.004054137094035971
409,design_000409,7.5,30,True,0.014196552198205975
409,design_000409,10.0,40,True,0.02630698303556242
409,design_000409,12.5,50,True,0.037525374493601785
409,design_000409,15.0,60,True,0.04923898405365415
409,design_000409,17.5,70,True,0.056480797076644634
409,design_000409,20.0,80,True,0.05078262819019805
409,design_000409,22.5,90,True,0.04786879037806829
409,design_000409,25.0,100,True,0.03703079723820683
409,design_000409,27.5,110,True,0.02594279141117899
409,design_000409,30.0,120,True,0.015034279599114434
409,design_000409,32.5,130,True,0.014290437186648259
409,design_000409,35.0,140,True,0.01504696290590729
409,design_000409,37.5,150,True,0.011189568337796659
409,design_000409,40.0,160,True,0.010395624959166084
409,design_000409,42.5,170,True,0.009292127878330435
409,design_000409,45.0,180,True,0.010595970325129909
410,design_000410,0.0,0,True,0.0020688041891315854
410,design_000410,2.5,10,True,0.07295259359767928
410,design_000410,5.0,20,True,0.14076772975111715
410,design_000410,7.5,30,True,0.1562455460589221
410,design_000410,10.0,40,True,0.1654741256662208
410,design_000410,12.5,50,True,0.1269332654585421
410,design_000410,15.0,60,True,0.08101196841637101
410,design_000410,17.5,70,True,0.05459729107790771
410,design_000410,20.0,80,True,0.029732527205047904
410,design_000410,22.5,90,True,0.01434892933940369
410,design_000410,25.0,100,True,0.008723335639401699
410,design_000410,27.5,110,True,0.007803168874451968
410,design_000410,30.0,120,True,0.0058606450297998425
410,design_000410,32.5,130,True,0.008340869810089718
410,design_000410,35.0,140,True,0.011344945554868409
410,design_000410,37.5,150,True,0.012513059760985976
410,design_000410,40.0,160,True,0.01579875484596791
410,design_000410,42.5,170,True,0.013862563793650324
410,design_000410,45.0,180,True,0.015839866003047383
411,design_000411,0.0,0,True,0.0020688041891315854
411,design_000411,2.5,10,True,0.032828411704593954
411,design_000411,5.0,20,True,0.09878282328647674
411,design_000411,7.5,30,True,0.11001309807820434
411,design_000411,10.0,40,True,0.07495590185206272
411,design_000411,12.5,50,True,0.05068278456227969
411,design_000411,15.0,60,True,0.024550896482889273
411,design_000411,17.5,70,True,0.008378084151073287
411,design_000411,20.0,80,True,0.006703576071340768
411,design_000411,22.5,90,True,0.00879151323795399
411,design_000411,25.0,100,True,0.011107493691902918
411,design_000411,27.5,110,True,0.011903493003251229
411,design_000411,30.0,120,True,0.008038403700270338
411,design_000411,32.5,130,True,0.008961881192295126
411,design_000411,35.0,140,True,0.010015934985521523
411,design_000411,37.5,150,True,0.011382566462071987
411,design_000411,40.0,160,True,0.012279489751233674
411,design_000411,42.5,170,True,0.010036961148054989
411,design_000411,45.0,180,True,0.010247010364653013
412,design_000412,0.0,0,True,0.002032360989322712
412,design_000412,2.5,10,True,0.004127785325619703
412,design_000412,5.0,20,True,0.011391931274724607
412,design_000412,7.5,30,True,0.012321357042494718
412,design_000412,10.0,40,True,0.025098166130943823
412,design_000412,12.5,50,True,0.03318665611922448
412,design_000412,15.0,60,True,0.043873645676113765
412,design_000412,17.5,70,True,0.05180443225816281
412,design_000412,20.0,80,True,0.04974477166315558
412,design_000412,22.5,90,True,0.049434930557676705
412,design_000412,25.0,100,True,0.04152397336998759
412,design_000412,27.5,110,True,0.030074376631774837
412,design_000412,30.0,120,True,0.017987506073229024
412,design_000412,32.5,130,True,0.016451773586599567
412,design_000412,35.0,140,True,0.0175363302726523
412,design_000412,37.5,150,True,0.01404927252935772
412,design_000412,40.0,160,True,0.013313413143423308
412,design_000412,42.5,170,True,0.011731986675917957
412,design_000412,45.0,180,True,0.013964261198308608
413,design_000413,0.0,0,True,0.0020389434667243047
413,design_000413,2.5,10,True,0.04450262786665935
413,design_000413,5.0,20,True,0.08083298085083121
413,design_000413,7.5,30,True,0.06334678688253575
413,design_000413,10.0,40,True,0.05799069200394351
413,design_000413,12.5,50,True,0.05039276679251909
413,design_000413,15.0,60,True,0.0448036824812216
413,design_000413,17.5,70,True,0.03525045210269702
413,design_000413,20.0,80,True,0.02480072399849264
413,design_000413,22.5,90,True,0.021267460768243103
413,design_000413,25.0,100,True,0.013982772193382217
413,design_000413,27.5,110,True,0.00812886464900425
413,design_000413,30.0,120,True,0.0028898242386179453
413,design_000413,32.5,130,True,0.002362806305378857
413,design_000413,35.0,140,True,0.0033801232143244155
413,design_000413,37.5,150,True,0.004313361012296364
413,design_000413,40.0,160,True,0.008058155395696837
413,design_000413,42.5,170,True,0.009579721228955056
413,design_000413,45.0,180,True,0.012077020375169343
414,design_000414,0.0,0,True,0.0020536605431220045
414,design_000414,2.5,10,True,0.0040309937912336065
414,design_000414,5.0,20,True,0.027964134365256292
414,design_000414,7.5,30,True,0.07206873154795944
414,design_000414,10.0,40,True,0.12087548515440796
414,design_000414,12.5,50,True,0.13415219738391404
414,design_000414,15.0,60,True,0.13517315087628057
414,design_000414,17.5,70,True,0.11489944060188001
414,design_000414,20.0,80,True,0.09008893872244281
414,design_000414,22.5,90,True,0.07153726582862861
414,design_000414,25.0,100,True,0.05296263765971633
414,design_000414,27.5,110,True,0.04030167527029148
414,design_000414,30.0,120,True,0.025381185642387838
414,design_000414,32.5,130,True,0.024117078909313788
414,design_000414,35.0,140,True,0.026211880732347707
414,design_000414,37.5,150,True,0.02516524243142812
414,design_000414,40.0,160,True,0.023760898806086107
414,design_000414,42.5,170,True,0.02338650344033326
414,design_000414,45.0,180,True,0.023535021096962105
415,design_000415,0.0,0,True,0.00209057969716822
415,design_000415,2.5,10,True,0.006715348556432183
415,design_000415,5.0,20,True,0.004221924296124398
415,design_000415,7.5,30,True,0.016703329882740515
415,design_000415,10.0,40,True,0.030473089246372955
415,design_000415,12.5,50,True,0.04473098554923191
415,design_000415,15.0,60,True,0.05689620040593945
415,design_000415,17.5,70,True,0.06160662949129399
415,design_000415,20.0,80,True,0.05333927687326691
415,design_000415,22.5,90,True,0.048105689483510544
415,design_000415,25.0,100,True,0.03660464256836932
415,design_000415,27.5,110,True,0.026561438271775928
415,design_000415,30.0,120,True,0.01572443415340833
415,design_000415,32.5,130,True,0.01542055063061985
415,design_000415,35.0,140,True,0.016701394471761912
415,design_000415,37.5,150,True,0.013050449382500658
415,design_000415,40.0,160,True,0.012645398513376895
415,design_000415,42.5,170,True,0.011673670783553618
415,design_000415,45.0,180,True,0.012994055464091131
416,design_000416,0.0,0,True,0.002035731104123468
416,design_000416,2.5,10,True,0.006833038292320929
416,design_000416,5.0,20,True,0.00921842140489228
416,design_000416,7.5,30,True,0.013219218210652563
416,design_000416,10.0,40,True,0.02664454188783095
416,design_000416,12.5,50,True,0.038434624299806625
416,design_000416,15.0,60,True,0.04834548448398939
416,design_000416,17.5,70,True,0.051163574383425635
416,design_000416,20.0,80,True,0.04796659981268454
416,design_000416,22.5,90,True,0.046763653655299164
416,design_000416,25.0,100,True,0.03941855658143722
416,design_000416,27.5,110,True,0.028301650465448705
416,design_000416,30.0,120,True,0.018279093411209067
416,design_000416,32.5,130,True,0.016940579737689206
416,design_000416,35.0,140,True,0.017766176273200648
416,design_000416,37.5,150,True,0.015153631959632295
416,design_000416,40.0,160,True,0.015728949236860676
416,design_000416,42.5,170,True,0.014552382947035775
416,design_000416,45.0,180,True,0.01655649113563328
417,design_000417,0.0,0,True,0.0020688041891315854
417,design_000417,2.5,10,True,0.06740926631666701
417,design_000417,5.0,20,True,0.10147697906145971
417,design_000417,7.5,30,True,0.11946331352389725
417,design_000417,10.0,40,True,0.11086287823531214
417,design_000417,12.5,50,True,0.0665380563673628
417,design_000417,15.0,60,True,0.041843005747673995
417,design_000417,17.5,70,True,0.01979534605421427
417,design_000417,20.0,80,True,0.008714810169463802
417,design_000417,22.5,90,True,0.00872009391899543
417,design_000417,25.0,100,True,0.009934494114344217
417,design_000417,27.5,110,True,0.011550733425232822
417,design_000417,30.0,120,True,0.008846262573185767
417,design_000417,32.5,130,True,0.01071231688716165
417,design_000417,35.0,140,True,0.011864540545684244
417,design_000417,37.5,150,True,0.013337354090313214
417,design_000417,40.0,160,True,0.01584736774227241
417,design_000417,42.5,170,True,0.01354865737514857
417,design_000417,45.0,180,True,0.013503657153770943
418,design_000418,0.0,0,True,0.002079555631846391
418,design_000418,2.5,10,True,0.0024502713267016613
418,design_000418,5.0,20,True,0.00401445587180174
418,design_000418,7.5,30,True,0.011299551535955799
418,design_000418,10.0,40,True,0.022720394884486544
418,design_000418,12.5,50,True,0.029393554669262623
418,design_000418,15.0,60,True,0.03633762275042285
418,design_000418,17.5,70,True,0.04661473260837947
418,design_000418,20.0,80,True,0.046898410708421365
418,design_000418,22.5,90,True,0.0474633968498297
418,design_000418,25.0,100,True,0.04147689474475705
418,design_000418,27.5,110,True,0.02996138346723155
418,design_000418,30.0,120,True,0.016557532665399294
418,design_000418,32.5,130,True,0.01535458433224968
418,design_000418,35.0,140,True,0.01700084125274186
418,design_000418,37.5,150,True,0.013008869196670658
418,design_000418,40.0,160,True,0.011655213864070734
418,design_000418,42.5,170,True,0.009613503405815342
418,design_000418,45.0,180,True,0.01162911822027048
419,design_000419,0.0,0,True,0.0020688041891315854
419,design_000419,2.5,10,True,0.0729537833113228
419,design_000419,5.0,20,True,0.14163444024511776
419,design_000419,7.5,30,True,0.15866160825687337
419,design_000419,10.0,40,True,0.1700852052901151
419,design_000419,12.5,50,True,0.14662920320790512
419,design_000419,15.0,60,True,0.11051017269425009
419,design_000419,17.5,70,True,0.0730796568613291
419,design_000419,20.0,80,True,0.04353696137495401
419,design_000419,22.5,90,True,0.027785122227339372
419,design_000419,25.0,100,True,0.016249859608474446
419,design_000419,27.5,110,True,0.010356139488513499
419,design_000419,30.0,120,True,0.006044339651507656
419,design_000419,32.5,130,True,0.007840513179335788
419,design_000419,35.0,140,True,0.011835276609861514
419,design_000419,37.5,150,True,0.013356280244222564
419,design_000419,40.0,160,True,0.016058468352884357
419,design_000419,42.5,170,True,0.014366121845556051
419,design_000419,45.0,180,True,0.017190125565462407
420,design_000420,0.0,0,True,0.0022674792594559834
420,design_000420,2.5,10,True,0.0023570160957290314
420,design_000420,5.0,20,True,0.01078115497207021
420,design_000420,7.5,30,True,0.036207808351503855
420,design_000420,10.0,40,True,0.05369434664314168
420,design_000420,12.5,50,True,0.04065149684680704
420,design_000420,15.0,60,True,0.028740702890943548
420,design_000420,17.5,70,True,0.019794560544026115
420,design_000420,20.0,80,True,0.013242568885591506
420,design_000420,22.5,90,True,0.01495747065357819
420,design_000420,25.0,100,True,0.012958932196884015
420,design_000420,27.5,110,True,0.008002140441960237
420,design_000420,30.0,120,True,0.0035178986535181586
420,design_000420,32.5,130,True,0.0014892439032246488
420,design_000420,35.0,140,True,0.0021678890369256527
420,design_000420,37.5,150,True,0.0025692555734782435
420,design_000420,40.0,160,True,0.004804672357405587
420,design_000420,42.5,170,True,0.004549611236099609
420,design_000420,45.0,180,True,0.006569916798657492
421,design_000421,0.0,0,True,0.002064537331096239
421,design_000421,2.5,10,True,0.005495287758865286
421,design_000421,5.0,20,True,0.019629858407946885
421,design_000421,7.5,30,True,0.05978996951632956
421,design_000421,10.0,40,True,0.08867253549269327
421,design_000421,12.5,50,True,0.06124854225533058
421,design_000421,15.0,60,True,0.04169004834280053
421,design_000421,17.5,70,True,0.026664046492712937
421,design_000421,20.0,80,True,0.018752757829437805
421,design_000421,22.5,90,True,0.01713473980962219
421,design_000421,25.0,100,True,0.014680436264681159
421,design_000421,27.5,110,True,0.009549421457857447
421,design_000421,30.0,120,True,0.0049243330283773624
421,design_000421,32.5,130,True,0.004516247363582295
421,design_000421,35.0,140,True,0.008521789007748321
421,design_000421,37.5,150,True,0.009033392338440565
421,design_000421,40.0,160,True,0.012841887368120232
421,design_000421,42.5,170,True,0.012072057119598485
421,design_000421,45.0,180,True,0.015771267790566666
422,design_000422,0.0,0,True,0.0020923284759568413
422,design_000422,2.5,10,True,0.042058124542712766
422,design_000422,5.0,20,True,0.029683959358170673
422,design_000422,7.5,30,True,0.0365906201438739
422,design_000422,10.0,40,True,0.03490111500726536
422,design_000422,12.5,50,True,0.04036967502857862
422,design_000422,15.0,60,True,0.044588733688048915
422,design_000422,17.5,70,True,0.042610281469356526
422,design_000422,20.0,80,True,0.032190046758440144
422,design_000422,22.5,90,True,0.03015222744930833
422,design_000422,25.0,100,True,0.02006260670301828
422,design_000422,27.5,110,True,0.009789764458543746
422,design_000422,30.0,120,True,0.004176002978717088
422,design_000422,32.5,130,True,0.001546633694194546
422,design_000422,35.0,140,True,0.0015291613831360925
422,design_000422,37.5,150,True,0.0027333356007425303
422,design_000422,40.0,160,True,0.005978173187957015
422,design_000422,42.5,170,True,0.006808394233114332
422,design_000422,45.0,180,True,0.010184042080428026
423,design_000423,0.0,0,True,0.0021218090305929853
423,design_000423,2.5,10,True,0.01185131897784896
423,design_000423,5.0,20,True,0.005567195405397932
423,design_000423,7.5,30,True,0.01868635495934156
423,design_000423,10.0,40,True,0.0373482254178194
423,design_000423,12.5,50,True,0.05066735924771596
423,design_000423,15.0,60,True,0.059940851988171395
423,design_000423,17.5,70,True,0.057778387368816395
423,design_000423,20.0,80,True,0.04538086764969171
423,design_000423,22.5,90,True,0.03681784620045286
423,design_000423,25.0,100,True,0.02468161179601939
423,design_000423,27.5,110,True,0.014729084322571659
423,design_000423,30.0,120,True,0.0068219563293112845
423,design_000423,32.5,130,True,0.005502032509156104
423,design_000423,35.0,140,True,0.0065417018251275475
423,design_000423,37.5,150,True,0.0077063672122155025
423,design_000423,40.0,160,True,0.009714407856836861
423,design_000423,42.5,170,True,0.00673046265433418
423,design_000423,45.0,180,True,0.009018510205282635
424,design_000424,0.0,0,True,0.0020075545022352863
424,design_000424,2.5,10,True,0.009475241336728245
424,design_000424,5.0,20,True,0.010270880109238413
424,design_000424,7.5,30,True,0.021724978278631832
424,design_000424,10.0,40,True,0.04423670188912776
424,design_000424,12.5,50,True,0.05168488946474431
424,design_000424,15.0,60,True,0.052699700057022215
424,design_000424,17.5,70,True,0.03960610119665649
424,design_000424,20.0,80,True,0.031416212229369196
424,design_000424,22.5,90,True,0.025034044764793355
424,design_000424,25.0,100,True,0.018566942122346993
424,design_000424,27.5,110,True,0.013851889832750637
424,design_000424,30.0,120,True,0.008798417763977976
424,design_000424,32.5,130,True,0.010836043175975179
424,design_000424,35.0,140,True,0.010029839192744269
424,design_000424,37.5,150,True,0.011022601580573173
424,design_000424,40.0,160,True,0.010367152063786494
424,design_000424,42.5,170,True,0.01019080467260178
424,design_000424,45.0,180,True,0.011121013939771884
425,design_000425,0.0,0,True,0.0020542538299712053
425,design_000425,2.5,10,True,0.030316949329520025
425,design_000425,5.0,20,True,0.06969177422387243
425,design_000425,7.5,30,True,0.06257361640502694
425,design_000425,10.0,40,True,0.060337515805969154
425,design_000425,12.5,50,True,0.05486361206884824
425,design_000425,15.0,60,True,0.04953446891274399
425,design_000425,17.5,70,True,0.03594417913857029
425,design_000425,20.0,80,True,0.025227916179055457
425,design_000425,22.5,90,True,0.020870155214935487
425,design_000425,25.0,100,True,0.012972062296429014
425,design_000425,27.5,110,True,0.007922116022140505
425,design_000425,30.0,120,True,0.004245873193400577
425,design_000425,32.5,130,True,0.00432152234874586
425,design_000425,35.0,140,True,0.0051817919302883896
425,design_000425,37.5,150,True,0.00502226584056327
425,design_000425,40.0,160,True,0.006910280667840252
425,design_000425,42.5,170,True,0.007808795839386539
425,design_000425,45.0,180,True,0.009982381500341428
426,design_000426,0.0,0,True,0.0020838565093854243
426,design_000426,2.5,10,True,0.01377392330304449
426,design_000426,5.0,20,True,0.023324037615727378
426,design_000426,7.5,30,True,0.03462269674590525
426,design_000426,10.0,40,True,0.05037245450262259
426,design_000426,12.5,50,True,0.06057100252044538
426,design_000426,15.0,60,True,0.05966056530302139
426,design_000426,17.5,70,True,0.04589539505328988
426,design_000426,20.0,80,True,0.03238392111167142
426,design_000426,22.5,90,True,0.0275323853629957
426,design_000426,25.0,100,True,0.017681462968526664
426,design_000426,27.5,110,True,0.00956633354532187
426,design_000426,30.0,120,True,0.0044077960890583755
426,design_000426,32.5,130,True,0.0023629071771002035
426,design_000426,35.0,140,True,0.002422955477574357
426,design_000426,37.5,150,True,0.0032013390004960378
426,design_000426,40.0,160,True,0.005863899826432064
426,design_000426,42.5,170,True,0.006002282744893317
426,design_000426,45.0,180,True,0.009431396258749563
427,design_000427,0.0,0,True,0.0021261774353822753
427,design_000427,2.5,10,True,0.033484604345305466
427,design_000427,5.0,20,True,0.01540160669884613
427,design_000427,7.5,30,True,0.02189585814825091
427,design_000427,10.0,40,True,0.033098815331765154
427,design_000427,12.5,50,True,0.04443570749155132
427,design_000427,15.0,60,True,0.047771817609019836
427,design_000427,17.5,70,True,0.036003771452293915
427,design_000427,20.0,80,True,0.023670368210576803
427,design_000427,22.5,90,True,0.021195704583109334
427,design_000427,25.0,100,True,0.014159584148051522
427,design_000427,27.5,110,True,0.007022800057970825
427,design_000427,30.0,120,True,0.0038321262299744955
427,design_000427,32.5,130,True,0.001642398897692762
427,design_000427,35.0,140,True,0.0019031212238350978
427,design_000427,37.5,150,True,0.003238959083834591
427,design_000427,40.0,160,True,0.006486193391648508
427,design_000427,42.5,170,True,0.007576405994232127
427,design_000427,45.0,180,True,0.010433103007433539
428,design_000428,0.0,0,True,0.0020261510962752585
428,design_000428,2.5,10,True,0.0549369329695769
428,design_000428,5.0,20,True,0.06787039347124499
428,design_000428,7.5,30,True,0.07275297176805727
428,design_000428,10.0,40,True,0.08312553939362166
428,design_000428,12.5,50,True,0.07833957874543933
428,design_000428,15.0,60,True,0.07549996570920928
428,design_000428,17.5,70,True,0.06710968604026352
428,design_000428,20.0,80,True,0.05281002307528238
428,design_000428,22.5,90,True,0.04637601699049353
428,design_000428,25.0,100,True,0.037770355168109435
428,design_000428,27.5,110,True,0.027461344220493282
428,design_000428,30.0,120,True,0.015330688771530139
428,design_000428,32.5,130,True,0.013795881035680465
428,design_000428,35.0,140,True,0.01508610446639061
428,design_000428,37.5,150,True,0.013362331875833418
428,design_000428,40.0,160,True,0.015147151065026536
428,design_000428,42.5,170,True,0.013700522989563018
428,design_000428,45.0,180,True,0.015504284786179583
429,design_000429,0.0,0,True,0.0020227104117348533
429,design_000429,2.5,10,True,0.005149595327152638
429,design_000429,5.0,20,True,0.0138065025810522
429,design_000429,7.5,30,True,0.033662462016237155
429,design_000429,10.0,40,True,0.04453028452059885
429,design_000429,12.5,50,True,0.028868601108735667
429,design_000429,15.0,60,True,0.01787609989849221
429,design_000429,17.5,70,True,0.011731982677119349
429,design_000429,20.0,80,True,0.008224884016007083
429,design_000429,22.5,90,True,0.007628317421402847
429,design_000429,25.0,100,True,0.005308843014993932
429,design_000429,27.5,110,True,0.003963762297120327
429,design_000429,30.0,120,True,0.0019256273641795733
429,design_000429,32.5,130,True,0.0021666696534503246
429,design_000429,35.0,140,True,0.004563386612412823
429,design_000429,37.5,150,True,0.0060177879351451715
429,design_000429,40.0,160,True,0.008062243807747536
429,design_000429,42.5,170,True,0.005965832784868836
429,design_000429,45.0,180,True,0.009213498582702468
430,design_000430,0.0,0,True,0.002073463628592163
430,design_000430,2.5,10,True,0.0028060590148630328
430,design_000430,5.0,20,True,0.008562963627373991
430,design_000430,7.5,30,True,0.00959104951401027
430,design_000430,10.0,40,True,0.013866726958361256
430,design_000430,12.5,50,True,0.02114327297735879
430,design_000430,15.0,60,True,0.026947347231413704
430,design_000430,17.5,70,True,0.027080670285149763
430,design_000430,20.0,80,True,0.020659940625203266
430,design_000430,22.5,90,True,0.01800742466050475
430,design_000430,25.0,100,True,0.012114129485368302
430,design_000430,27.5,110,True,0.0074995164917674734
430,design_000430,30.0,120,True,0.003801914053446157
430,design_000430,32.5,130,True,0.003998445657194959
430,design_000430,35.0,140,True,0.0034795924854928778
430,design_000430,37.5,150,True,0.0033834009637298823
430,design_000430,40.0,160,True,0.0048218756757040515
430,design_000430,42.5,170,True,0.005590678422665954
430,design_000430,45.0,180,True,0.006807937339584541
431,design_000431,0.0,0,True,0.0020808878166491316
431,design_000431,2.5,10,True,0.00237552069008918
431,design_000431,5.0,20,True,0.018139085772917618
431,design_000431,7.5,30,True,0.026188288308903563
431,design_000431,10.0,40,True,0.02959154013846381
431,design_000431,12.5,50,True,0.028700036049594597
431,design_000431,15.0,60,True,0.025986072646305473
431,design_000431,17.5,70,True,0.01926748926754055
431,design_000431,20.0,80,True,0.013789967971031044
431,design_000431,22.5,90,True,0.013330746107221444
431,design_000431,25.0,100,True,0.010936830288760956
431,design_000431,27.5,110,True,0.0058519254064477826
431,design_000431,30.0,120,True,0.0031543749780187976
431,design_000431,32.5,130,True,0.0027645172910293996
431,design_000431,35.0,140,True,0.0035659836741202596
431,design_000431,37.5,150,True,0.004229730285002418
431,design_000431,40.0,160,True,0.006954813669534788
431,design_000431,42.5,170,True,0.007552600417442382
431,design_000431,45.0,180,True,0.009639894071370714
432,design_000432,0.0,0,True,0.0020962132177316313
432,design_000432,2.5,10,True,0.011800454697504717
432,design_000432,5.0,20,True,0.0036545959097325233
432,design_000432,7.5,30,True,0.013753635943084715
432,design_000432,10.0,40,True,0.03272482095142067
432,design_000432,12.5,50,True,0.04149067203623803
432,design_000432,15.0,60,True,0.0483673755051783
432,design_000432,17.5,70,True,0.03513805009839622
432,design_000432,20.0,80,True,0.020307776786208792
432,design_000432,22.5,90,True,0.013168733061972342
432,design_000432,25.0,100,True,0.005946507606479281
432,design_000432,27.5,110,True,0.00301318607198611
432,design_000432,30.0,120,True,0.001551926171875892
432,design_000432,32.5,130,True,0.0017804049057750285
432,design_000432,35.0,140,True,0.003901225007939712
432,design_000432,37.5,150,True,0.004744064026250716
432,design_000432,40.0,160,True,0.006671978326988953
432,design_000432,42.5,170,True,0.006358034809032969
432,design_000432,45.0,180,True,0.00870223013577855
433,design_000433,0.0,0,True,0.0020164336791986433
433,design_000433,2.5,10,True,0.002778833526607215
433,design_000433,5.0,20,True,0.005399217226226409
433,design_000433,7.5,30,True,0.02644580164862647
433,design_000433,10.0,40,True,0.05345322394388977
433,design_000433,12.5,50,True,0.07103798179394794
433,design_000433,15.0,60,True,0.08524690944001477
433,design_000433,17.5,70,True,0.0819325986714837
433,design_000433,20.0,80,True,0.06483564964671226
433,design_000433,22.5,90,True,0.05541158815782943
433,design_000433,25.0,100,True,0.04424649223038249
433,design_000433,27.5,110,True,0.03489356872278806
433,design_000433,30.0,120,True,0.016259703611800114
433,design_000433,32.5,130,True,0.013126243341527954
433,design_000433,35.0,140,True,0.015311047029415482
433,design_000433,37.5,150,True,0.011579130773409267
433,design_000433,40.0,160,True,0.011013595031539439
433,design_000433,42.5,170,True,0.009622619590260529
433,design_000433,45.0,180,True,0.01023694345507775
434,design_000434,0.0,0,True,0.0021739099931095953
434,design_000434,2.5,10,True,0.01630349339270704
434,design_000434,5.0,20,True,0.08439349069689585
434,design_000434,7.5,30,True,0.1344087256214598
434,design_000434,10.0,40,True,0.1665428863702259
434,design_000434,12.5,50,True,0.13918123354240647
434,design_000434,15.0,60,True,0.10370913729895292
434,design_000434,17.5,70,True,0.07046366482654953
434,design_000434,20.0,80,True,0.050261195613797834
434,design_000434,22.5,90,True,0.037641293941321055
434,design_000434,25.0,100,True,0.030758139837558977
434,design_000434,27.5,110,True,0.02455377474568212
434,design_000434,30.0,120,True,0.01498495475513939
434,design_000434,32.5,130,True,0.016103095674372254
434,design_000434,35.0,140,True,0.018011522528114443
434,design_000434,37.5,150,True,0.015778787043080014
434,design_000434,40.0,160,True,0.016331584052645894
434,design_000434,42.5,170,True,0.013420669603511874
434,design_000434,45.0,180,True,0.014390066946903226
435,design_000435,0.0,0,True,0.002120737184270499
435,design_000435,2.5,10,True,0.001723675285905037
435,design_000435,5.0,20,True,0.014508904503779459
435,design_000435,7.5,30,True,0.032848288059868315
435,design_000435,10.0,40,True,0.03519722705519676
435,design_000435,12.5,50,True,0.027635246460239866
435,design_000435,15.0,60,True,0.018503792300430606
435,design_000435,17.5,70,True,0.012453787497769563
435,design_000435,20.0,80,True,0.00841818367308967
435,design_000435,22.5,90,True,0.008309639989559648
435,design_000435,25.0,100,True,0.006034697177216693
435,design_000435,27.5,110,True,0.004898710176824111
435,design_000435,30.0,120,True,0.0035652031632954955
435,design_000435,32.5,130,True,0.00336454984781809
435,design_000435,35.0,140,True,0.004200857179001732
435,design_000435,37.5,150,True,0.005554453216541593
435,design_000435,40.0,160,True,0.006709911405774434
435,design_000435,42.5,170,True,0.0057501902683136825
435,design_000435,45.0,180,True,0.00856602133924439
436,design_000436,0.0,0,True,0.001985831973861845
436,design_000436,2.5,10,True,0.0016908552771042014
436,design_000436,5.0,20,True,0.025746864047021856
436,design_000436,7.5,30,True,0.05720205215861217
436,design_000436,10.0,40,True,0.06230834943498113
436,design_000436,12.5,50,True,0.04835496679334289
436,design_000436,15.0,60,True,0.037465234913665255
436,design_000436,17.5,70,True,0.02501238038639353
436,design_000436,20.0,80,True,0.01730121084706352
436,design_000436,22.5,90,True,0.013715757929918047
436,design_000436,25.0,100,True,0.009041957476269116
436,design_000436,27.5,110,True,0.0075078803153483895
436,design_000436,30.0,120,True,0.00492236408435436
436,design_000436,32.5,130,True,0.004811262314974992
436,design_000436,35.0,140,True,0.004074486453193891
436,design_000436,37.5,150,True,0.004947586937773803
436,design_000436,40.0,160,True,0.0056874081819633954
436,design_000436,42.5,170,True,0.005605380498195181
436,design_000436,45.0,180,True,0.0071491346538980274
437,design_000437,0.0,0,True,0.0020991436925817076
437,design_000437,2.5,10,True,0.07308097277656973
437,design_000437,5.0,20,True,0.09021921189764688
437,design_000437,7.5,30,True,0.09941515837381985
437,design_000437,10.0,40,True,0.11718837805970062
437,design_000437,12.5,50,True,0.11336767656147381
437,design_000437,15.0,60,True,0.11074540970934313
437,design_000437,17.5,70,True,0.09974431484605915
437,design_000437,20.0,80,True,0.08294893110341608
437,design_000437,22.5,90,True,0.0701172055931539
437,design_000437,25.0,100,True,0.05398226962207596
437,design_000437,27.5,110,True,0.042926143780052994
437,design_000437,30.0,120,True,0.024772107402231052
437,design_000437,32.5,130,True,0.020536321490000377
437,design_000437,35.0,140,True,0.02154768618209215
437,design_000437,37.5,150,True,0.017969752849691514
437,design_000437,40.0,160,True,0.01615179785834337
437,design_000437,42.5,170,True,0.012838835609495473
437,design_000437,45.0,180,True,0.013546050747743385
438,design_000438,0.0,0,True,0.0022933483364722075
438,design_000438,2.5,10,True,0.012677163586026337
438,design_000438,5.0,20,True,0.043820030295232196
438,design_000438,7.5,30,True,0.04706176794806457
438,design_000438,10.0,40,True,0.03364292830168354
438,design_000438,12.5,50,True,0.038796855733486596
438,design_000438,15.0,60,True,0.043536817319272274
438,design_000438,17.5,70,True,0.04527106223493137
438,design_000438,20.0,80,True,0.034863866499550686
438,design_000438,22.5,90,True,0.03342160424319432
438,design_000438,25.0,100,True,0.025343099145048
438,design_000438,27.5,110,True,0.01589463407957037
438,design_000438,30.0,120,True,0.0061114144580237655
438,design_000438,32.5,130,True,0.0040192456872841726
438,design_000438,35.0,140,True,0.005166617654123637
438,design_000438,37.5,150,True,0.004698900592618456
438,design_000438,40.0,160,True,0.007203721365706036
438,design_000438,42.5,170,True,0.007179351425636743
438,design_000438,45.0,180,True,0.009853832508394583
439,design_000439,0.0,0,True,0.0020321866580685966
439,design_000439,2.5,10,True,0.04282829542660212
439,design_000439,5.0,20,True,0.005581103169946759
439,design_000439,7.5,30,True,0.012865004936788837
439,design_000439,10.0,40,True,0.02304219162375985
439,design_000439,12.5,50,True,0.03285861762738406
439,design_000439,15.0,60,True,0.04050245663294508
439,design_000439,17.5,70,True,0.043881184096193813
439,design_000439,20.0,80,True,0.040355606921799056
439,design_000439,22.5,90,True,0.0414744355147222
439,design_000439,25.0,100,True,0.03662802906790845
439,design_000439,27.5,110,True,0.026786399066894194
439,design_000439,30.0,120,True,0.017395548538619264
439,design_000439,32.5,130,True,0.016532285792079795
439,design_000439,35.0,140,True,0.019248004147586033
439,design_000439,37.5,150,True,0.017445549557937205
439,design_000439,40.0,160,True,0.017329427551695684
439,design_000439,42.5,170,True,0.017826014378200555
439,design_000439,45.0,180,True,0.020820454942510204
440,design_000440,0.0,0,True,0.0020658816157192953
440,design_000440,2.5,10,True,0.023073431261296802
440,design_000440,5.0,20,True,0.039899938565742914
440,design_000440,7.5,30,True,0.07952405237473996
440,design_000440,10.0,40,True,0.11859606134914252
440,design_000440,12.5,50,True,0.08992063579364151
440,design_000440,15.0,60,True,0.056243833878315073
440,design_000440,17.5,70,True,0.03486411773977895
440,design_000440,20.0,80,True,0.023694574279221035
440,design_000440,22.5,90,True,0.017537803501205814
440,design_000440,25.0,100,True,0.012210406373800144
440,design_000440,27.5,110,True,0.008211722175785505
440,design_000440,30.0,120,True,0.004743077428831342
440,design_000440,32.5,130,True,0.003934191464275412
440,design_000440,35.0,140,True,0.007878402571770344
440,design_000440,37.5,150,True,0.009347986905395232
440,design_000440,40.0,160,True,0.013221168975514948
440,design_000440,42.5,170,True,0.010814908660973248
440,design_000440,45.0,180,True,0.013546954338417988
441,design_000441,0.0,0,True,0.002016269613379625
441,design_000441,2.5,10,True,0.008795794908899757
441,design_000441,5.0,20,True,0.03319996131027746
441,design_000441,7.5,30,True,0.05094485109932062
441,design_000441,10.0,40,True,0.0604670303017962
441,design_000441,12.5,50,True,0.06147235911247126
441,design_000441,15.0,60,True,0.060292347168641736
441,design_000441,17.5,70,True,0.049368218958469025
441,design_000441,20.0,80,True,0.034440259569746876
441,design_000441,22.5,90,True,0.02921582053853358
441,design_000441,25.0,100,True,0.018688649987047987
441,design_000441,27.5,110,True,0.010891308848621656
441,design_000441,30.0,120,True,0.003217155677856875
441,design_000441,32.5,130,True,0.002006461384699521
441,design_000441,35.0,140,True,0.0033745603958812926
441,design_000441,37.5,150,True,0.003701104153406246
441,design_000441,40.0,160,True,0.0075317169632401065
441,design_000441,42.5,170,True,0.008926632417066423
441,design_000441,45.0,180,True,0.012009402580695636
442,design_000442,0.0,0,True,0.002022881652182929
442,design_000442,2.5,10,True,0.014043987858587473
442,design_000442,5.0,20,True,0.042241728756444025
442,design_000442,7.5,30,True,0.06337521679488764
442,design_000442,10.0,40,True,0.07316984895577627
442,design_000442,12.5,50,True,0.06934809316233427
442,design_000442,15.0,60,True,0.06231108419560845
442,design_000442,17.5,70,True,0.0469850583885931
442,design_000442,20.0,80,True,0.03201757066016824
442,design_000442,22.5,90,True,0.02644788525655401
442,design_000442,25.0,100,True,0.01665427777955797
442,design_000442,27.5,110,True,0.0080846525268982
442,design_000442,30.0,120,True,0.0034584194273450455
442,design_000442,32.5,130,True,0.0015331885675655146
442,design_000442,35.0,140,True,0.0022666119732137197
442,design_000442,37.5,150,True,0.0027631363942114367
442,design_000442,40.0,160,True,0.006369148951001202
442,design_000442,42.5,170,True,0.00637644255988892
442,design_000442,45.0,180,True,0.009146620185327027
443,design_000443,0.0,0,True,0.002007741303513996
443,design_000443,2.5,10,True,0.02389416666261578
443,design_000443,5.0,20,True,0.015816965417058515
443,design_000443,7.5,30,True,0.018441444407437155
443,design_000443,10.0,40,True,0.023342166596892297
443,design_000443,12.5,50,True,0.03382912780746053
443,design_000443,15.0,60,True,0.0360613178792662
443,design_000443,17.5,70,True,0.029040524385087904
443,design_000443,20.0,80,True,0.020737678957343287
443,design_000443,22.5,90,True,0.01803823987496942
443,design_000443,25.0,100,True,0.011040941468709282
443,design_000443,27.5,110,True,0.005945171981723913
443,design_000443,30.0,120,True,0.003425281191742211
443,design_000443,32.5,130,True,0.0027347423291407963
443,design_000443,35.0,140,True,0.003168571176389471
443,design_000443,37.5,150,True,0.004795942850088217
443,design_000443,40.0,160,True,0.006603350409008869
443,design_000443,42.5,170,True,0.006551192746018685
443,design_000443,45.0,180,True,0.008982727654690471
444,design_000444,0.0,0,True,0.0021174101110916716
444,design_000444,2.5,10,True,0.007248882949843291
444,design_000444,5.0,20,True,0.021099610998962088
444,design_000444,7.5,30,True,0.03967415534843503
444,design_000444,10.0,40,True,0.05696662231890118
444,design_000444,12.5,50,True,0.04382833685882093
444,design_000444,15.0,60,True,0.02691109305119413
444,design_000444,17.5,70,True,0.017952257679467308
444,design_000444,20.0,80,True,0.011951448263561943
444,design_000444,22.5,90,True,0.011807542639768076
444,design_000444,25.0,100,True,0.008098106341987356
444,design_000444,27.5,110,True,0.006029691010313943
444,design_000444,30.0,120,True,0.003779953691168706
444,design_000444,32.5,130,True,0.0018152129514419197
444,design_000444,35.0,140,True,0.0015582195128674104
444,design_000444,37.5,150,True,0.002081275486919166
444,design_000444,40.0,160,True,0.004252016967234045
444,design_000444,42.5,170,True,0.00406632897284517
444,design_000444,45.0,180,True,0.005939955608948205
445,design_000445,0.0,0,True,0.0019111690447182134
445,design_000445,2.5,10,True,0.002908831950799842
445,design_000445,5.0,20,True,0.017441271427058168
445,design_000445,7.5,30,True,0.03439320941757215
445,design_000445,10.0,40,True,0.045890862580937
445,design_000445,12.5,50,True,0.05327097668899512
445,design_000445,15.0,60,True,0.05384711187040032
445,design_000445,17.5,70,True,0.04459265920423988
445,design_000445,20.0,80,True,0.03272895070018607
445,design_000445,22.5,90,True,0.028065629433250364
445,design_000445,25.0,100,True,0.01816578097379444
445,design_000445,27.5,110,True,0.009999859246351826
445,design_000445,30.0,120,True,0.004261640108604977
445,design_000445,32.5,130,True,0.001559689809143689
445,design_000445,35.0,140,True,0.001484245592123539
445,design_000445,37.5,150,True,0.002110991824379252
445,design_000445,40.0,160,True,0.005168663611572609
445,design_000445,42.5,170,True,0.007004580066385886
445,design_000445,45.0,180,True,0.009840066822135233
446,design_000446,0.0,0,True,0.002094772439132363
446,design_000446,2.5,10,True,0.02859354970445097
446,design_000446,5.0,20,True,0.015723172697903333
446,design_000446,7.5,30,True,0.015514315828770475
446,design_000446,10.0,40,True,0.02783582088498971
446,design_000446,12.5,50,True,0.03671490534651357
446,design_000446,15.0,60,True,0.04672916125477128
446,design_000446,17.5,70,True,0.04947429364162162
446,design_000446,20.0,80,True,0.041004864277072985
446,design_000446,22.5,90,True,0.03469414269798697
446,design_000446,25.0,100,True,0.02348974343322787
446,design_000446,27.5,110,True,0.015633352757940002
446,design_000446,30.0,120,True,0.008764692886320195
446,design_000446,32.5,130,True,0.009060941136252873
446,design_000446,35.0,140,True,0.009364458711448712
446,design_000446,37.5,150,True,0.008250491376702418
446,design_000446,40.0,160,True,0.0069909026277867915
446,design_000446,42.5,170,True,0.007355011571549163
446,design_000446,45.0,180,True,0.00876407851144791
447,design_000447,0.0,0,True,0.0020000201692282078
447,design_000447,2.5,10,True,0.004126026084022122
447,design_000447,5.0,20,True,0.001973220949968749
447,design_000447,7.5,30,True,0.010908401905140582
447,design_000447,10.0,40,True,0.022178112757035698
447,design_000447,12.5,50,True,0.030274475691907915
447,design_000447,15.0,60,True,0.041987762842598836
447,design_000447,17.5,70,True,0.050062118375099024
447,design_000447,20.0,80,True,0.048445821285454
447,design_000447,22.5,90,True,0.049638944018056505
447,design_000447,25.0,100,True,0.04010962076372397
447,design_000447,27.5,110,True,0.029948370233591082
447,design_000447,30.0,120,True,0.017967097169899984
447,design_000447,32.5,130,True,0.016468934239290633
447,design_000447,35.0,140,True,0.018569367894370407
447,design_000447,37.5,150,True,0.01651120567479802
447,design_000447,40.0,160,True,0.013695867136962765
447,design_000447,42.5,170,True,0.013634392222900377
447,design_000447,45.0,180,True,0.015149159419973657
448,design_000448,0.0,0,True,0.0023249292582230687
448,design_000448,2.5,10,True,0.0032054958594213852
448,design_000448,5.0,20,True,0.005251823562154772
448,design_000448,7.5,30,True,0.021605979626733773
448,design_000448,10.0,40,True,0.03931799960827455
448,design_000448,12.5,50,True,0.0563504208326043
448,design_000448,15.0,60,True,0.06920588285507685
448,design_000448,17.5,70,True,0.06379002469832745
448,design_000448,20.0,80,True,0.051088079652638764
448,design_000448,22.5,90,True,0.043186879922478896
448,design_000448,25.0,100,True,0.031726612600583584
448,design_000448,27.5,110,True,0.020738484902377625
448,design_000448,30.0,120,True,0.01011467280905616
448,design_000448,32.5,130,True,0.00848187774817424
448,design_000448,35.0,140,True,0.009566345574436513
448,design_000448,37.5,150,True,0.007551297623532367
448,design_000448,40.0,160,True,0.009534453781101238
448,design_000448,42.5,170,True,0.008737835093558927
448,design_000448,45.0,180,True,0.010445168264817001
449,design_000449,0.0,0,True,0.0022280050666373024
449,design_000449,2.5,10,True,0.00364837224044539
449,design_000449,5.0,20,True,0.010060684619942214
449,design_000449,7.5,30,True,0.021212078021250982
449,design_000449,10.0,40,True,0.025466539436488814
449,design_000449,12.5,50,True,0.02943932892499969
449,design_000449,15.0,60,True,0.02767992549304249
449,design_000449,17.5,70,True,0.02034299717302966
449,design_000449,20.0,80,True,0.011540508890147887
449,design_000449,22.5,90,True,0.011555255098985565
449,design_000449,25.0,100,True,0.009650737566132956
449,design_000449,27.5,110,True,0.005851846722798355
449,design_000449,30.0,120,True,0.003923859471853464
449,design_000449,32.5,130,True,0.002226996736134388
449,design_000449,35.0,140,True,0.0023022279336923526
449,design_000449,37.5,150,True,0.003012129647215145
449,design_000449,40.0,160,True,0.006360731754559737
449,design_000449,42.5,170,True,0.007261252373516028
449,design_000449,45.0,180,True,0.009331770349694495
450,design_000450,0.0,0,True,0.002105500137328982
450,design_000450,2.5,10,True,0.001419594984353849
450,design_000450,5.0,20,True,0.012951375532353239
450,design_000450,7.5,30,True,0.03967538424768485
450,design_000450,10.0,40,True,0.07070252149886998
450,design_000450,12.5,50,True,0.08376653260953626
450,design_000450,15.0,60,True,0.07570583969716385
450,design_000450,17.5,70,True,0.04674020442596271
450,design_000450,20.0,80,True,0.025454693036221547
450,design_000450,22.5,90,True,0.020341612900008264
450,design_000450,25.0,100,True,0.01451163632812361
450,design_000450,27.5,110,True,0.006441619572850963
450,design_000450,30.0,120,True,0.0030093020666631977
450,design_000450,32.5,130,True,0.0009840317283864608
450,design_000450,35.0,140,True,0.001683671210420723
450,design_000450,37.5,150,True,0.002589431612298826
450,design_000450,40.0,160,True,0.005632522593001654
450,design_000450,42.5,170,True,0.006625394723208011
450,design_000450,45.0,180,True,0.008901814143557923
451,design_000451,0.0,0,True,0.0021820779514761103
451,design_000451,2.5,10,True,0.009880884544383402
451,design_000451,5.0,20,True,0.06895745281093743
451,design_000451,7.5,30,True,0.11775797532938775
451,design_000451,10.0,40,True,0.14980571254467398
451,design_000451,12.5,50,True,0.14283054567632272
451,design_000451,15.0,60,True,0.13138657045488772
451,design_000451,17.5,70,True,0.10960392780956307
451,design_000451,20.0,80,True,0.08255293582138284
451,design_000451,22.5,90,True,0.06543237556546164
451,design_000451,25.0,100,True,0.04808895416148418
451,design_000451,27.5,110,True,0.03461604851259973
451,design_000451,30.0,120,True,0.01980986931777748
451,design_000451,32.5,130,True,0.01749809108210234
451,design_000451,35.0,140,True,0.016953923948965416
451,design_000451,37.5,150,True,0.012665352609366614
451,design_000451,40.0,160,True,0.012364007226306525
451,design_000451,42.5,170,True,0.010875532301165941
451,design_000451,45.0,180,True,0.01280332958831722
452,design_000452,0.0,0,True,0.0020452874041411856
452,design_000452,2.5,10,True,0.013901932591802155
452,design_000452,5.0,20,True,0.0024495873600006175
452,design_000452,7.5,30,True,0.007861510838463268
452,design_000452,10.0,40,True,0.01945647594701686
452,design_000452,12.5,50,True,0.032938436118265184
452,design_000452,15.0,60,True,0.04733374642652128
452,design_000452,17.5,70,True,0.04771981741559441
452,design_000452,20.0,80,True,0.037751328967268266
452,design_000452,22.5,90,True,0.03083939197771899
452,design_000452,25.0,100,True,0.01950617639310837
452,design_000452,27.5,110,True,0.010170383826824475
452,design_000452,30.0,120,True,0.0048453391103039254
452,design_000452,32.5,130,True,0.003039350055620773
452,design_000452,35.0,140,True,0.002792083115660238
452,design_000452,37.5,150,True,0.0025054096445827935
452,design_000452,40.0,160,True,0.004533590777352097
452,design_000452,42.5,170,True,0.00585595909823299
452,design_000452,45.0,180,True,0.008140246680549527
453,design_000453,0.0,0,True,0.0020527593280446604
453,design_000453,2.5,10,True,0.010012944463938338
453,design_000453,5.0,20,True,0.04136005113495092
453,design_000453,7.5,30,True,0.06551319713809903
453,design_000453,10.0,40,True,0.08029268446607277
453,design_000453,12.5,50,True,0.07879341731154008
453,design_000453,15.0,60,True,0.07572383625211289
453,design_000453,17.5,70,True,0.05959380069185362
453,design_000453,20.0,80,True,0.04020239652819697
453,design_000453,22.5,90,True,0.03305789062792742
453,design_000453,25.0,100,True,0.020657458754692985
453,design_000453,27.5,110,True,0.011286482689310007
453,design_000453,30.0,120,True,0.0035033769690949223
453,design_000453,32.5,130,True,0.0012160866609276578
453,design_000453,35.0,140,True,0.0021052740806330674
453,design_000453,37.5,150,True,0.0023666925449930465
453,design_000453,40.0,160,True,0.004785416491298343
453,design_000453,42.5,170,True,0.005431515390099959
453,design_000453,45.0,180,True,0.00807660433773223
454,design_000454,0.0,0,True,0.002350933558836459
454,design_000454,2.5,10,True,0.004062122970062381
454,design_000454,5.0,20,True,0.01408513138887702
454,design_000454,7.5,30,True,0.022291324383700933
454,design_000454,10.0,40,True,0.04350906167824864
454,design_000454,12.5,50,True,0.05767600469850892
454,design_000454,15.0,60,True,0.06841570931114568
454,design_000454,17.5,70,True,0.07402094455228764
454,design_000454,20.0,80,True,0.07405727031972185
454,design_000454,22.5,90,True,0.07180616195975198
454,design_000454,25.0,100,True,0.06271559244658642
454,design_000454,27.5,110,True,0.04780189546361987
454,design_000454,30.0,120,True,0.025806395083737922
454,design_000454,32.5,130,True,0.02113848744669873
454,design_000454,35.0,140,True,0.022012895227305
454,design_000454,37.5,150,True,0.017710680032505213
454,design_000454,40.0,160,True,0.015266651132377873
454,design_000454,42.5,170,True,0.011330610844353998
454,design_000454,45.0,180,True,0.01281567291419635
455,design_000455,0.0,0,True,0.002121098589867687
455,design_000455,2.5,10,True,0.006564186767543997
455,design_000455,5.0,20,True,0.01302907968847691
455,design_000455,7.5,30,True,0.014939880967079483
455,design_000455,10.0,40,True,0.018599424631322352
455,design_000455,12.5,50,True,0.033993861969432014
455,design_000455,15.0,60,True,0.04516110265783192
455,design_000455,17.5,70,True,0.04656243934754327
455,design_000455,20.0,80,True,0.034822430903433746
455,design_000455,22.5,90,True,0.028701536856251843
455,design_000455,25.0,100,True,0.016550242653583878
455,design_000455,27.5,110,True,0.00860996106454007
455,design_000455,30.0,120,True,0.004198064250839675
455,design_000455,32.5,130,True,0.0019751249777986515
455,design_000455,35.0,140,True,0.0014279361392033215
455,design_000455,37.5,150,True,0.0018767470222895368
455,design_000455,40.0,160,True,0.003881392186761214
455,design_000455,42.5,170,True,0.0045364183491962504
455,design_000455,45.0,180,True,0.006321388669548679
456,design_000456,0.0,0,True,0.0021508114019634277
456,design_000456,2.5,10,True,0.0146890928074134
456,design_000456,5.0,20,True,0.017237749352298
456,design_000456,7.5,30,True,0.02271023254142083
456,design_000456,10.0,40,True,0.02978401406424114
456,design_000456,12.5,50,True,0.039866653083449985
456,design_000456,15.0,60,True,0.0426867011916021
456,design_000456,17.5,70,True,0.03721918894896965
456,design_000456,20.0,80,True,0.026926741577111946
456,design_000456,22.5,90,True,0.024817391507233177
456,design_000456,25.0,100,True,0.016249092339111045
456,design_000456,27.5,110,True,0.008291530711678815
456,design_000456,30.0,120,True,0.0035517543992217267
456,design_000456,32.5,130,True,0.001588169651797272
456,design_000456,35.0,140,True,0.002315465571702762
456,design_000456,37.5,150,True,0.003282715358867492
456,design_000456,40.0,160,True,0.007249731948513023
456,design_000456,42.5,170,True,0.008179194517568256
456,design_000456,45.0,180,True,0.01085777734191095
457,design_000457,0.0,0,True,0.0019972187533174595
457,design_000457,2.5,10,True,0.006288556784290454
457,design_000457,5.0,20,True,0.004056388145533191
457,design_000457,7.5,30,True,0.013934695629226399
457,design_000457,10.0,40,True,0.029143435509283354
457,design_000457,12.5,50,True,0.04380356266376402
457,design_000457,15.0,60,True,0.055435337674147725
457,design_000457,17.5,70,True,0.061023282266559994
457,design_000457,20.0,80,True,0.05755731601952206
457,design_000457,22.5,90,True,0.053594309068029325
457,design_000457,25.0,100,True,0.04465396818013889
457,design_000457,27.5,110,True,0.034055541656478366
457,design_000457,30.0,120,True,0.021069494096823255
457,design_000457,32.5,130,True,0.020272560418027444
457,design_000457,35.0,140,True,0.021189521668699432
457,design_000457,37.5,150,True,0.017316426036961114
457,design_000457,40.0,160,True,0.016337685135855505
457,design_000457,42.5,170,True,0.014402869268697875
457,design_000457,45.0,180,True,0.015518575829759785
458,design_000458,0.0,0,True,0.0021693226540611694
458,design_000458,2.5,10,True,0.01036490912347839
458,design_000458,5.0,20,True,0.04210617510081248
458,design_000458,7.5,30,True,0.09095203247265513
458,design_000458,10.0,40,True,0.13245654495086767
458,design_000458,12.5,50,True,0.11239262011167687
458,design_000458,15.0,60,True,0.08665299152205744
458,design_000458,17.5,70,True,0.06284064339310036
458,design_000458,20.0,80,True,0.047797593419916615
458,design_000458,22.5,90,True,0.03903031259560687
458,design_000458,25.0,100,True,0.029031127094118928
458,design_000458,27.5,110,True,0.021126162406097923
458,design_000458,30.0,120,True,0.01239988423764767
458,design_000458,32.5,130,True,0.013376744843542811
458,design_000458,35.0,140,True,0.01454018477942123
458,design_000458,37.5,150,True,0.013088811934448993
458,design_000458,40.0,160,True,0.012989757364302287
458,design_000458,42.5,170,True,0.011478849480854616
458,design_000458,45.0,180,True,0.012211164600578917
459,design_000459,0.0,0,True,0.002166409318962882
459,design_000459,2.5,10,True,0.006773669339703381
459,design_000459,5.0,20,True,0.048192389334290875
459,design_000459,7.5,30,True,0.08613254988790717
459,design_000459,10.0,40,True,0.10640265267432242
459,design_000459,12.5,50,True,0.09314199408575671
459,design_000459,15.0,60,True,0.07563596330444813
459,design_000459,17.5,70,True,0.06235998644844737
459,design_000459,20.0,80,True,0.045969255660725454
459,design_000459,22.5,90,True,0.03789224013548673
459,design_000459,25.0,100,True,0.028371997713256273
459,design_000459,27.5,110,True,0.02034644016494988
459,design_000459,30.0,120,True,0.012029052358857862
459,design_000459,32.5,130,True,0.013286049828887703
459,design_000459,35.0,140,True,0.016025945493886685
459,design_000459,37.5,150,True,0.014585907675925061
459,design_000459,40.0,160,True,0.015367287287194772
459,design_000459,42.5,170,True,0.014961894365148467
459,design_000459,45.0,180,True,0.016748364101482664
460,design_000460,0.0,0,True,0.002079076064409587
460,design_000460,2.5,10,True,0.019476185767417418
460,design_000460,5.0,20,True,0.04027808336700115
460,design_000460,7.5,30,True,0.049526392415569095
460,design_000460,10.0,40,True,0.05937640047873517
460,design_000460,12.5,50,True,0.061152669517347095
460,design_000460,15.0,60,True,0.0577810378485339
460,design_000460,17.5,70,True,0.04492522180559636
460,design_000460,20.0,80,True,0.032035629089072364
460,design_000460,22.5,90,True,0.02840178064400786
460,design_000460,25.0,100,True,0.018886324535420683
460,design_000460,27.5,110,True,0.009778800925364282
460,design_000460,30.0,120,True,0.004434026637557943
460,design_000460,32.5,130,True,0.00242273679876859
460,design_000460,35.0,140,True,0.0028285464791694918
460,design_000460,37.5,150,True,0.003414355541908597
460,design_000460,40.0,160,True,0.007087647292680608
460,design_000460,42.5,170,True,0.006587494843535616
460,design_000460,45.0,180,True,0.00972022659483142
461,design_000461,0.0,0,True,0.0020321333962381055
461,design_000461,2.5,10,True,0.0029699057767836844
461,design_000461,5.0,20,True,0.007564888277409249
461,design_000461,7.5,30,True,0.020119774098060636
461,design_000461,10.0,40,True,0.042804404431387805
461,design_000461,12.5,50,True,0.06499231725963203
461,design_000461,15.0,60,True,0.08011629087214762
461,design_000461,17.5,70,True,0.06865649421484638
461,design_000461,20.0,80,True,0.04999017297793894
461,design_000461,22.5,90,True,0.038422087398167395
461,design_000461,25.0,100,True,0.02828486547144689
461,design_000461,27.5,110,True,0.01797006306350358
461,design_000461,30.0,120,True,0.008497935997890794
461,design_000461,32.5,130,True,0.006642447987391133
461,design_000461,35.0,140,True,0.007479598681405294
461,design_000461,37.5,150,True,0.008339716048386712
461,design_000461,40.0,160,True,0.0118242330513021
461,design_000461,42.5,170,True,0.009241442308559434
461,design_000461,45.0,180,True,0.011694957683103697
462,design_000462,0.0,0,True,0.0021454175097544506
462,design_000462,2.5,10,True,0.001658906588847026
462,design_000462,5.0,20,True,0.009248646496809574
462,design_000462,7.5,30,True,0.038124029347111184
462,design_000462,10.0,40,True,0.06849910417291966
462,design_000462,12.5,50,True,0.07672938195363271
462,design_000462,15.0,60,True,0.0770505665936631
462,design_000462,17.5,70,True,0.05708567640540997
462,design_000462,20.0,80,True,0.03955165751520481
462,design_000462,22.5,90,True,0.03190240028505988
462,design_000462,25.0,100,True,0.026193671422533038
462,design_000462,27.5,110,True,0.01997261966317821
462,design_000462,30.0,120,True,0.008376568191723636
462,design_000462,32.5,130,True,0.00826451957462304
462,design_000462,35.0,140,True,0.011178852307661129
462,design_000462,37.5,150,True,0.009079785460134491
462,design_000462,40.0,160,True,0.010298649020273686
462,design_000462,42.5,170,True,0.010185790969121693
462,design_000462,45.0,180,True,0.011914326325882955
463,design_000463,0.0,0,True,0.002156834299617944
463,design_000463,2.5,10,True,0.017968719629093945
463,design_000463,5.0,20,True,0.0036810066275431326
463,design_000463,7.5,30,True,0.016165060500983437
463,design_000463,10.0,40,True,0.035236773200470056
463,design_000463,12.5,50,True,0.034818718243395566
463,design_000463,15.0,60,True,0.04145652790710394
463,design_000463,17.5,70,True,0.04258888288531042
463,design_000463,20.0,80,True,0.037231668321693855
463,design_000463,22.5,90,True,0.03169167862463208
463,design_000463,25.0,100,True,0.022154909850862596
463,design_000463,27.5,110,True,0.014979880147204637
463,design_000463,30.0,120,True,0.007451205147659481
463,design_000463,32.5,130,True,0.00899393791406267
463,design_000463,35.0,140,True,0.010014118468826248
463,design_000463,37.5,150,True,0.007959781405975567
463,design_000463,40.0,160,True,0.00721565064627239
463,design_000463,42.5,170,True,0.007062533028864784
463,design_000463,45.0,180,True,0.010092716409475707
464,design_000464,0.0,0,True,0.0019677816814838364
464,design_000464,2.5,10,True,0.0005485290402494475
464,design_000464,5.0,20,True,0.012492805705883762
464,design_000464,7.5,30,True,0.03115081461583507
464,design_000464,10.0,40,True,0.055868879644841954
464,design_000464,12.5,50,True,0.07642576235354051
464,design_000464,15.0,60,True,0.08770518989939448
464,design_000464,17.5,70,True,0.07094394575691819
464,design_000464,20.0,80,True,0.04776226435147304
464,design_000464,22.5,90,True,0.03310256239434389
464,design_000464,25.0,100,True,0.021427331221309034
464,design_000464,27.5,110,True,0.01124803209069563
464,design_000464,30.0,120,True,0.0058370648564237595
464,design_000464,32.5,130,True,0.003967451055446827
464,design_000464,35.0,140,True,0.005236862348378352
464,design_000464,37.5,150,True,0.005798121334940944
464,design_000464,40.0,160,True,0.009605070099497424
464,design_000464,42.5,170,True,0.008462721787803317
464,design_000464,45.0,180,True,0.011409645808231218
465,design_000465,0.0,0,True,0.0018194296730193633
465,design_000465,2.5,10,True,0.014032696936239573
465,design_000465,5.0,20,True,0.04551866973262165
465,design_000465,7.5,30,True,0.07603142097344734
465,design_000465,10.0,40,True,0.0972537379088013
465,design_000465,12.5,50,True,0.09255508522773243
465,design_000465,15.0,60,True,0.08329767207345784
465,design_000465,17.5,70,True,0.07182455486052969
465,design_000465,20.0,80,True,0.04799189233515273
465,design_000465,22.5,90,True,0.036566614625319696
465,design_000465,25.0,100,True,0.025965198876793445
465,design_000465,27.5,110,True,0.016809428607182285
465,design_000465,30.0,120,True,0.00874069368679869
465,design_000465,32.5,130,True,0.009320373290357946
465,design_000465,35.0,140,True,0.011616896226010785
465,design_000465,37.5,150,True,0.008976902632971443
465,design_000465,40.0,160,True,0.008358952484202552
465,design_000465,42.5,170,True,0.008829008575519682
465,design_000465,45.0,180,True,0.011406767702454475
466,design_000466,0.0,0,True,0.0018270794769217119
466,design_000466,2.5,10,True,0.06862682779552742
466,design_000466,5.0,20,True,0.11487057914542347
466,design_000466,7.5,30,True,0.12087391436790781
466,design_000466,10.0,40,True,0.12030376397803655
466,design_000466,12.5,50,True,0.08490343013364471
466,design_000466,15.0,60,True,0.0523784685779816
466,design_000466,17.5,70,True,0.032094314024184126
466,design_000466,20.0,80,True,0.01479698738723725
466,design_000466,22.5,90,True,0.006217811466225268
466,design_000466,25.0,100,True,0.0050642970157480476
466,design_000466,27.5,110,True,0.006635599074538416
466,design_000466,30.0,120,True,0.005178045877799197
466,design_000466,32.5,130,True,0.006166185407530104
466,design_000466,35.0,140,True,0.008035900556245801
466,design_000466,37.5,150,True,0.007910145025485689
466,design_000466,40.0,160,True,0.008291889275961997
466,design_000466,42.5,170,True,0.006895861828888683
466,design_000466,45.0,180,True,0.008332207803980538
467,design_000467,0.0,0,True,0.0021650298756990326
467,design_000467,2.5,10,True,0.07146491244984127
467,design_000467,5.0,20,True,0.10775552149916845
467,design_000467,7.5,30,True,0.08335957884289413
467,design_000467,10.0,40,True,0.05113716223371967
467,design_000467,12.5,50,True,0.04273475772513746
467,design_000467,15.0,60,True,0.023880064551689763
467,design_000467,17.5,70,True,0.015688828488857068
467,design_000467,20.0,80,True,0.01731231836103266
467,design_000467,22.5,90,True,0.019500652867651208
467,design_000467,25.0,100,True,0.02041315493972337
467,design_000467,27.5,110,True,0.014929819331147304
467,design_000467,30.0,120,True,0.006162911239144099
467,design_000467,32.5,130,True,0.005461206968800653
467,design_000467,35.0,140,True,0.008371816222904819
467,design_000467,37.5,150,True,0.009892543074320345
467,design_000467,40.0,160,True,0.009843594140904379
467,design_000467,42.5,170,True,0.008486265300410181
467,design_000467,45.0,180,True,0.009552715204294081
468,design_000468,0.0,0,False,nan
468,design_000468,2.5,10,False,nan
468,design_000468,5.0,20,False,nan
468,design_000468,7.5,30,False,nan
468,design_000468,10.0,40,False,nan
468,design_000468,12.5,50,False,nan
468,design_000468,15.0,60,False,nan
468,design_000468,17.5,70,False,nan
468,design_000468,20.0,80,False,nan
468,design_000468,22.5,90,False,nan
468,design_000468,25.0,100,False,nan
468,design_000468,27.5,110,False,nan
468,design_000468,30.0,120,False,nan
468,design_000468,32.5,130,False,nan
468,design_000468,35.0,140,False,nan
468,design_000468,37.5,150,False,nan
468,design_000468,40.0,160,False,nan
468,design_000468,42.5,170,False,nan
468,design_000468,45.0,180,False,nan
469,design_000469,0.0,0,True,0.002488179589261133
469,design_000469,2.5,10,True,0.0697889786643733
469,design_000469,5.0,20,True,0.11503341939518683
469,design_000469,7.5,30,True,0.1320453855579471
469,design_000469,10.0,40,True,0.10233354649368219
469,design_000469,12.5,50,True,0.056096103651623416
469,design_000469,15.0,60,True,0.030917225448125207
469,design_000469,17.5,70,True,0.019637552146016403
469,design_000469,20.0,80,True,0.014008858016983636
469,design_000469,22.5,90,True,0.012332372756417473
469,design_000469,25.0,100,True,0.01070736167724005
469,design_000469,27.5,110,True,0.00953091953007467
469,design_000469,30.0,120,True,0.006270095110235022
469,design_000469,32.5,130,True,0.008557487906245238
469,design_000469,35.0,140,True,0.010753401334863993
469,design_000469,37.5,150,True,0.010283864377551081
469,design_000469,40.0,160,True,0.013050370912705918
469,design_000469,42.5,170,True,0.012000238812944692
469,design_000469,45.0,180,True,0.013427268448872874
470,design_000470,0.0,0,True,0.001974178541664414
470,design_000470,2.5,10,True,0.004502925744401977
470,design_000470,5.0,20,True,0.009235986915587843
470,design_000470,7.5,30,True,0.014899324159936243
470,design_000470,10.0,40,True,0.029330721235445032
470,design_000470,12.5,50,True,0.02379270358906104
470,design_000470,15.0,60,True,0.01627072120471301
470,design_000470,17.5,70,True,0.007467876669412248
470,design_000470,20.0,80,True,0.008737707855778761
470,design_000470,22.5,90,True,0.012314731252584215
470,design_000470,25.0,100,True,0.014586865721287366
470,design_000470,27.5,110,True,0.01504095436027474
470,design_000470,30.0,120,True,0.007276602242672441
470,design_000470,32.5,130,True,0.005357438267732981
470,design_000470,35.0,140,True,0.0076132955598492615
470,design_000470,37.5,150,True,0.00837799460882895
470,design_000470,40.0,160,True,0.007506922841109077
470,design_000470,42.5,170,True,0.006110974051181986
470,design_000470,45.0,180,True,0.007265597383516737
471,design_000471,0.0,0,True,0.00256311763003357
471,design_000471,2.5,10,True,0.011090959313720937
471,design_000471,5.0,20,True,0.07300336926550247
471,design_000471,7.5,30,True,0.03623626829541345
471,design_000471,10.0,40,True,0.028864005603010525
471,design_000471,12.5,50,True,0.018900357832245373
471,design_000471,15.0,60,True,0.011069118088675072
471,design_000471,17.5,70,True,0.009054097958721717
471,design_000471,20.0,80,True,0.010344810883819448
471,design_000471,22.5,90,True,0.015183135534726392
471,design_000471,25.0,100,True,0.016114553338660083
471,design_000471,27.5,110,True,0.013469898901205611
471,design_000471,30.0,120,True,0.008516974323504603
471,design_000471,32.5,130,True,0.009474216512634387
471,design_000471,35.0,140,True,0.009808437802241615
471,design_000471,37.5,150,True,0.009772706706739877
471,design_000471,40.0,160,True,0.010955635209115858
471,design_000471,42.5,170,True,0.009600860794411735
471,design_000471,45.0,180,True,0.009812480241844942
472,design_000472,0.0,0,False,nan
472,design_000472,2.5,10,False,nan
472,design_000472,5.0,20,False,nan
472,design_000472,7.5,30,False,nan
472,design_000472,10.0,40,False,nan
472,design_000472,12.5,50,False,nan
472,design_000472,15.0,60,False,nan
472,design_000472,17.5,70,False,nan
472,design_000472,20.0,80,False,nan
472,design_000472,22.5,90,False,nan
472,design_000472,25.0,100,False,nan
472,design_000472,27.5,110,False,nan
472,design_000472,30.0,120,False,nan
472,design_000472,32.5,130,False,nan
472,design_000472,35.0,140,False,nan
472,design_000472,37.5,150,False,nan
472,design_000472,40.0,160,False,nan
472,design_000472,42.5,170,False,nan
472,design_000472,45.0,180,False,nan
473,design_000473,0.0,0,False,nan
473,design_000473,2.5,10,False,nan
473,design_000473,5.0,20,False,nan
473,design_000473,7.5,30,False,nan
473,design_000473,10.0,40,False,nan
473,design_000473,12.5,50,False,nan
473,design_000473,15.0,60,False,nan
473,design_000473,17.5,70,False,nan
473,design_000473,20.0,80,False,nan
473,design_000473,22.5,90,False,nan
473,design_000473,25.0,100,False,nan
473,design_000473,27.5,110,False,nan
473,design_000473,30.0,120,False,nan
473,design_000473,32.5,130,False,nan
473,design_000473,35.0,140,False,nan
473,design_000473,37.5,150,False,nan
473,design_000473,40.0,160,False,nan
473,design_000473,42.5,170,False,nan
473,design_000473,45.0,180,False,nan
474,design_000474,0.0,0,True,0.0022717459802879254
474,design_000474,2.5,10,True,0.039020575735747604
474,design_000474,5.0,20,True,0.027042981735607957
474,design_000474,7.5,30,True,0.04513742057601729
474,design_000474,10.0,40,True,0.07324197568456847
474,design_000474,12.5,50,True,0.060714091410605756
474,design_000474,15.0,60,True,0.041826034175292556
474,design_000474,17.5,70,True,0.03218207318309534
474,design_000474,20.0,80,True,0.01807220357425765
474,design_000474,22.5,90,True,0.010307304651940097
474,design_000474,25.0,100,True,0.008489324068766258
474,design_000474,27.5,110,True,0.007997578074511832
474,design_000474,30.0,120,True,0.0047753173006312
474,design_000474,32.5,130,True,0.006015726221130518
474,design_000474,35.0,140,True,0.009149607945838793
474,design_000474,37.5,150,True,0.010071913286965516
474,design_000474,40.0,160,True,0.009346482053747683
474,design_000474,42.5,170,True,0.007277656034620264
474,design_000474,45.0,180,True,0.009250315349585671
475,design_000475,0.0,0,False,nan
475,design_000475,2.5,10,False,nan
475,design_000475,5.0,20,False,nan
475,design_000475,7.5,30,False,nan
475,design_000475,10.0,40,False,nan
475,design_000475,12.5,50,False,nan
475,design_000475,15.0,60,False,nan
475,design_000475,17.5,70,False,nan
475,design_000475,20.0,80,False,nan
475,design_000475,22.5,90,False,nan
475,design_000475,25.0,100,False,nan
475,design_000475,27.5,110,False,nan
475,design_000475,30.0,120,False,nan
475,design_000475,32.5,130,False,nan
475,design_000475,35.0,140,False,nan
475,design_000475,37.5,150,False,nan
475,design_000475,40.0,160,False,nan
475,design_000475,42.5,170,False,nan
475,design_000475,45.0,180,False,nan
476,design_000476,0.0,0,True,0.0020688041891315854
476,design_000476,2.5,10,True,0.07055727487921205
476,design_000476,5.0,20,True,0.10286483778095167
476,design_000476,7.5,30,True,0.12136756179753969
476,design_000476,10.0,40,True,0.09933473891866156
476,design_000476,12.5,50,True,0.08479197702022358
476,design_000476,15.0,60,True,0.05333140254892427
476,design_000476,17.5,70,True,0.02388862332317193
476,design_000476,20.0,80,True,0.013089688831826594
476,design_000476,22.5,90,True,0.014844941293064871
476,design_000476,25.0,100,True,0.01679954605682671
476,design_000476,27.5,110,True,0.013920391201727065
476,design_000476,30.0,120,True,0.007565219952228304
476,design_000476,32.5,130,True,0.007166120781441093
476,design_000476,35.0,140,True,0.010216967344366596
476,design_000476,37.5,150,True,0.012154412787395635
476,design_000476,40.0,160,True,0.01329386936916702
476,design_000476,42.5,170,True,0.01278318830806259
476,design_000476,45.0,180,True,0.014781591372098661
477,design_000477,0.0,0,False,nan
477,design_000477,2.5,10,False,nan
477,design_000477,5.0,20,False,nan
477,design_000477,7.5,30,False,nan
477,design_000477,10.0,40,False,nan
477,design_000477,12.5,50,False,nan
477,design_000477,15.0,60,False,nan
477,design_000477,17.5,70,False,nan
477,design_000477,20.0,80,False,nan
477,design_000477,22.5,90,False,nan
477,design_000477,25.0,100,False,nan
477,design_000477,27.5,110,False,nan
477,design_000477,30.0,120,False,nan
477,design_000477,32.5,130,False,nan
477,design_000477,35.0,140,False,nan
477,design_000477,37.5,150,False,nan
477,design_000477,40.0,160,False,nan
477,design_000477,42.5,170,False,nan
477,design_000477,45.0,180,False,nan
478,design_000478,0.0,0,True,0.0020688041891315854
478,design_000478,2.5,10,True,0.07218568178594065
478,design_000478,5.0,20,True,0.10729425114542346
478,design_000478,7.5,30,True,0.13152908160599464
478,design_000478,10.0,40,True,0.12687499063735513
478,design_000478,12.5,50,True,0.08851277107453423
478,design_000478,15.0,60,True,0.06197778115751248
478,design_000478,17.5,70,True,0.03820222866315624
478,design_000478,20.0,80,True,0.0219918457857717
478,design_000478,22.5,90,True,0.015963326344818417
478,design_000478,25.0,100,True,0.015322053683363177
478,design_000478,27.5,110,True,0.012907726509391256
478,design_000478,30.0,120,True,0.0071036232530160975
478,design_000478,32.5,130,True,0.006672834105946105
478,design_000478,35.0,140,True,0.009922802821615125
478,design_000478,37.5,150,True,0.012790693538201947
478,design_000478,40.0,160,True,0.014476120862364734
478,design_000478,42.5,170,True,0.013741314427040182
478,design_000478,45.0,180,True,0.015190893645982327
479,design_000479,0.0,0,True,0.001797877772188923
479,design_000479,2.5,10,True,0.07330371347719263
479,design_000479,5.0,20,True,0.13444869004347312
479,design_000479,7.5,30,True,0.14214059867515136
479,design_000479,10.0,40,True,0.12709672621962692
479,design_000479,12.5,50,True,0.0766300272323869
479,design_000479,15.0,60,True,0.04725486174930478
479,design_000479,17.5,70,True,0.03222633585457928
479,design_000479,20.0,80,True,0.02234288503429975
479,design_000479,22.5,90,True,0.018176932667763178
479,design_000479,25.0,100,True,0.013893716341723924
479,design_000479,27.5,110,True,0.008982260190081855
479,design_000479,30.0,120,True,0.00478767010853766
479,design_000479,32.5,130,True,0.005879467657000877
479,design_000479,35.0,140,True,0.009033971795776061
479,design_000479,37.5,150,True,0.010451768873834904
479,design_000479,40.0,160,True,0.013111632032318743
479,design_000479,42.5,170,True,0.012213792484741784
479,design_000479,45.0,180,True,0.01388682127176959
480,design_000480,0.0,0,True,0.00240690303363709
480,design_000480,2.5,10,True,0.01994602811515803
480,design_000480,5.0,20,True,0.08343140051267896
480,design_000480,7.5,30,True,0.0436450147178091
480,design_000480,10.0,40,True,0.03650484701507182
480,design_000480,12.5,50,True,0.02800395320136132
480,design_000480,15.0,60,True,0.014379977798746852
480,design_000480,17.5,70,True,0.010771817350828997
480,design_000480,20.0,80,True,0.01162351522146626
480,design_000480,22.5,90,True,0.015509598641325178
480,design_000480,25.0,100,True,0.016000864411585644
480,design_000480,27.5,110,True,0.013545313694965175
480,design_000480,30.0,120,True,0.007256275640289746
480,design_000480,32.5,130,True,0.007259459438289571
480,design_000480,35.0,140,True,0.007588521309262359
480,design_000480,37.5,150,True,0.007871785154204475
480,design_000480,40.0,160,True,0.008345407818809245
480,design_000480,42.5,170,True,0.007616112316308632
480,design_000480,45.0,180,True,0.008965214636921699
481,design_000481,0.0,0,True,0.0020688041891315854
481,design_000481,2.5,10,True,0.052596977636864994
481,design_000481,5.0,20,True,0.11067006121228604
481,design_000481,7.5,30,True,0.12849240069193352
481,design_000481,10.0,40,True,0.10229630278669102
481,design_000481,12.5,50,True,0.06663921185604835
481,design_000481,15.0,60,True,0.03591127150084597
481,design_000481,17.5,70,True,0.009474111663735017
481,design_000481,20.0,80,True,0.004555597822024951
481,design_000481,22.5,90,True,0.003651294987966679
481,design_000481,25.0,100,True,0.004238689613358832
481,design_000481,27.5,110,True,0.006205900685759064
481,design_000481,30.0,120,True,0.004288475459485351
481,design_000481,32.5,130,True,0.005491546645101861
481,design_000481,35.0,140,True,0.008650269309939531
481,design_000481,37.5,150,True,0.011553062522423215
481,design_000481,40.0,160,True,0.012867636755138188
481,design_000481,42.5,170,True,0.010915064245706981
481,design_000481,45.0,180,True,0.01172764543742614
482,design_000482,0.0,0,True,0.002546534789435442
482,design_000482,2.5,10,True,0.012816809318330954
482,design_000482,5.0,20,True,0.06846116698243668
482,design_000482,7.5,30,True,0.018877876342769155
482,design_000482,10.0,40,True,0.030464338756134617
482,design_000482,12.5,50,True,0.02379361848079129
482,design_000482,15.0,60,True,0.01491423299836895
482,design_000482,17.5,70,True,0.013445456914549092
482,design_000482,20.0,80,True,0.009193817316950027
482,design_000482,22.5,90,True,0.005196951905631216
482,design_000482,25.0,100,True,0.003422587695458771
482,design_000482,27.5,110,True,0.003682367161802177
482,design_000482,30.0,120,True,0.002501978802312359
482,design_000482,32.5,130,True,0.003614411136266347
482,design_000482,35.0,140,True,0.005827117029128859
482,design_000482,37.5,150,True,0.006857920264406399
482,design_000482,40.0,160,True,0.007279012417157692
482,design_000482,42.5,170,True,0.006676138964452141
482,design_000482,45.0,180,True,0.00848301345084248
483,design_000483,0.0,0,True,0.00193038606729876
483,design_000483,2.5,10,True,0.029276619160704027
483,design_000483,5.0,20,True,0.09646211429173493
483,design_000483,7.5,30,True,0.1133537456869901
483,design_000483,10.0,40,True,0.0811477890849973
483,design_000483,12.5,50,True,0.053622551845686
483,design_000483,15.0,60,True,0.0270359844213826
483,design_000483,17.5,70,True,0.008725689973921926
483,design_000483,20.0,80,True,0.0067080027831996685
483,design_000483,22.5,90,True,0.00813769247504
483,design_000483,25.0,100,True,0.010182756573433031
483,design_000483,27.5,110,True,0.010952421389534419
483,design_000483,30.0,120,True,0.007846055944137923
483,design_000483,32.5,130,True,0.009550763749391133
483,design_000483,35.0,140,True,0.011227329601138532
483,design_000483,37.5,150,True,0.011764163571685783
483,design_000483,40.0,160,True,0.012061392192532681
483,design_000483,42.5,170,True,0.00955179560178352
483,design_000483,45.0,180,True,0.009730660975679858
484,design_000484,0.0,0,True,0.0020688041891315854
484,design_000484,2.5,10,True,0.06916513102796021
484,design_000484,5.0,20,True,0.13921160285801057
484,design_000484,7.5,30,True,0.15514248317461427
484,design_000484,10.0,40,True,0.14691074247860186
484,design_000484,12.5,50,True,0.0998932703674574
484,design_000484,15.0,60,True,0.06342291866577329
484,design_000484,17.5,70,True,0.040598886081534356
484,design_000484,20.0,80,True,0.019471496674956713
484,design_000484,22.5,90,True,0.00965785554234151
484,design_000484,25.0,100,True,0.008046794724340712
484,design_000484,27.5,110,True,0.008292675622794895
484,design_000484,30.0,120,True,0.006046074553067005
484,design_000484,32.5,130,True,0.008608169417014717
484,design_000484,35.0,140,True,0.012271642405413575
484,design_000484,37.5,150,True,0.013700325237638866
484,design_000484,40.0,160,True,0.015042257313247064
484,design_000484,42.5,170,True,0.013154325741224864
484,design_000484,45.0,180,True,0.014542127377199971
485,design_000485,0.0,0,True,0.0020552062182775024
485,design_000485,2.5,10,True,0.002605852447623121
485,design_000485,5.0,20,True,0.0030273845188551105
485,design_000485,7.5,30,True,0.01634915728786203
485,design_000485,10.0,40,True,0.03821380543018477
485,design_000485,12.5,50,True,0.03394840854218498
485,design_000485,15.0,60,True,0.03470294346592824
485,design_000485,17.5,70,True,0.03616029375348241
485,design_000485,20.0,80,True,0.03493574430023576
485,design_000485,22.5,90,True,0.0370143896742816
485,design_000485,25.0,100,True,0.03164310322341225
485,design_000485,27.5,110,True,0.02484706615015313
485,design_000485,30.0,120,True,0.012247548333574047
485,design_000485,32.5,130,True,0.012669053584827589
485,design_000485,35.0,140,True,0.012182996803728113
485,design_000485,37.5,150,True,0.009486935220881385
485,design_000485,40.0,160,True,0.009701351166466704
485,design_000485,42.5,170,True,0.007538206735313831
485,design_000485,45.0,180,True,0.008931063818710637
486,design_000486,0.0,0,True,0.0020688041891315854
486,design_000486,2.5,10,True,0.0729537833113228
486,design_000486,5.0,20,True,0.14236305261322602
486,design_000486,7.5,30,True,0.15219489115426654
486,design_000486,10.0,40,True,0.16100818469127345
486,design_000486,12.5,50,True,0.12625583283103015
486,design_000486,15.0,60,True,0.0921814967783473
486,design_000486,17.5,70,True,0.07101886515516757
486,design_000486,20.0,80,True,0.03943750016803482
486,design_000486,22.5,90,True,0.02466271297264466
486,design_000486,25.0,100,True,0.013984583848636822
486,design_000486,27.5,110,True,0.008788280127576927
486,design_000486,30.0,120,True,0.005523744810986412
486,design_000486,32.5,130,True,0.007679080243572105
486,design_000486,35.0,140,True,0.01181037308539558
486,design_000486,37.5,150,True,0.013138468289214562
486,design_000486,40.0,160,True,0.01566146411746174
486,design_000486,42.5,170,True,0.013427416812611245
486,design_000486,45.0,180,True,0.016625624217378537
487,design_000487,0.0,0,True,0.0020688041891315854
487,design_000487,2.5,10,True,0.06160792309806917
487,design_000487,5.0,20,True,0.10196655256833567
487,design_000487,7.5,30,True,0.10806864511000311
487,design_000487,10.0,40,True,0.06400810046034981
487,design_000487,12.5,50,True,0.056820169088002415
487,design_000487,15.0,60,True,0.03354671849218664
487,design_000487,17.5,70,True,0.012324691828754187
487,design_000487,20.0,80,True,0.010783982347381881
487,design_000487,22.5,90,True,0.014974732927292669
487,design_000487,25.0,100,True,0.017023745590225972
487,design_000487,27.5,110,True,0.015158194819884976
487,design_000487,30.0,120,True,0.007660400403172431
487,design_000487,32.5,130,True,0.006678622540951518
487,design_000487,35.0,140,True,0.009061123072426767
487,design_000487,37.5,150,True,0.01080894632788328
487,design_000487,40.0,160,True,0.011278824287700925
487,design_000487,42.5,170,True,0.009879168429583009
487,design_000487,45.0,180,True,0.010995641311322992
488,design_000488,0.0,0,False,nan
488,design_000488,2.5,10,False,nan
488,design_000488,5.0,20,False,nan
488,design_000488,7.5,30,False,nan
488,design_000488,10.0,40,False,nan
488,design_000488,12.5,50,False,nan
488,design_000488,15.0,60,False,nan
488,design_000488,17.5,70,False,nan
488,design_000488,20.0,80,False,nan
488,design_000488,22.5,90,False,nan
488,design_000488,25.0,100,False,nan
488,design_000488,27.5,110,False,nan
488,design_000488,30.0,120,False,nan
488,design_000488,32.5,130,False,nan
488,design_000488,35.0,140,False,nan
488,design_000488,37.5,150,False,nan
488,design_000488,40.0,160,False,nan
488,design_000488,42.5,170,False,nan
488,design_000488,45.0,180,False,nan
489,design_000489,0.0,0,True,0.002511953777231587
489,design_000489,2.5,10,True,0.05560001007615037
489,design_000489,5.0,20,True,0.08902805788193668
489,design_000489,7.5,30,True,0.056783184014347884
489,design_000489,10.0,40,True,0.03546486446423863
489,design_000489,12.5,50,True,0.023623991644401203
489,design_000489,15.0,60,True,0.012892695762795392
489,design_000489,17.5,70,True,0.009900253815897798
489,design_000489,20.0,80,True,0.004856613247424737
489,design_000489,22.5,90,True,0.004580736411274643
489,design_000489,25.0,100,True,0.0040133858263407
489,design_000489,27.5,110,True,0.0036319793517055696
489,design_000489,30.0,120,True,0.0028000481551985353
489,design_000489,32.5,130,True,0.0035410549420200163
489,design_000489,35.0,140,True,0.005364265598935023
489,design_000489,37.5,150,True,0.006696592654475835
489,design_000489,40.0,160,True,0.006673565965644934
489,design_000489,42.5,170,True,0.00737925808675391
489,design_000489,45.0,180,True,0.009234706818500745
490,design_000490,0.0,0,True,0.0019308522201951883
490,design_000490,2.5,10,True,0.07192672987091599
490,design_000490,5.0,20,True,0.10436338039414132
490,design_000490,7.5,30,True,0.1123596526907515
490,design_000490,10.0,40,True,0.07644531148356756
490,design_000490,12.5,50,True,0.05112640016230449
490,design_000490,15.0,60,True,0.027081933653733414
490,design_000490,17.5,70,True,0.014346643388729928
490,design_000490,20.0,80,True,0.014334960322403629
490,design_000490,22.5,90,True,0.013934365545624878
490,design_000490,25.0,100,True,0.012030420525607887
490,design_000490,27.5,110,True,0.010347452635599282
490,design_000490,30.0,120,True,0.007646194252218847
490,design_000490,32.5,130,True,0.009223081521380527
490,design_000490,35.0,140,True,0.010623767415513645
490,design_000490,37.5,150,True,0.010335822516232936
490,design_000490,40.0,160,True,0.010496239488524003
490,design_000490,42.5,170,True,0.008467276755604032
490,design_000490,45.0,180,True,0.009044717870793714
491,design_000491,0.0,0,True,0.001454333610725579
491,design_000491,2.5,10,True,0.051877218813234934
491,design_000491,5.0,20,True,0.06266246642822364
491,design_000491,7.5,30,True,0.050737081828211975
491,design_000491,10.0,40,True,0.05679145204925948
491,design_000491,12.5,50,True,0.05876774302655885
491,design_000491,15.0,60,True,0.04032272204400782
491,design_000491,17.5,70,True,0.030786216185961057
491,design_000491,20.0,80,True,0.03308778943529975
491,design_000491,22.5,90,True,0.03640109023612517
491,design_000491,25.0,100,True,0.03521295696135465
491,design_000491,27.5,110,True,0.024931832625101617
491,design_000491,30.0,120,True,0.0105715894882207
491,design_000491,32.5,130,True,0.008772147111735247
491,design_000491,35.0,140,True,0.011602491398592048
491,design_000491,37.5,150,True,0.011323713434590732
491,design_000491,40.0,160,True,0.01105446700636607
491,design_000491,42.5,170,True,0.008542620001348731
491,design_000491,45.0,180,True,0.010421518091236943
492,design_000492,0.0,0,True,0.0020688041891315854
492,design_000492,2.5,10,True,0.07281939895380221
492,design_000492,5.0,20,True,0.13957864003506473
492,design_000492,7.5,30,True,0.15887246582737583
492,design_000492,10.0,40,True,0.16042701235936901
492,design_000492,12.5,50,True,0.11975651479137336
492,design_000492,15.0,60,True,0.07986860634053504
492,design_000492,17.5,70,True,0.05825012115821157
492,design_000492,20.0,80,True,0.03057344766517237
492,design_000492,22.5,90,True,0.015715691625315057
492,design_000492,25.0,100,True,0.010626828751860959
492,design_000492,27.5,110,True,0.009416007871171654
492,design_000492,30.0,120,True,0.007224535656242803
492,design_000492,32.5,130,True,0.011051727212282737
492,design_000492,35.0,140,True,0.014913753533390695
492,design_000492,37.5,150,True,0.015884236479981394
492,design_000492,40.0,160,True,0.01897262695628634
492,design_000492,42.5,170,True,0.01585985939582671
492,design_000492,45.0,180,True,0.016750495286216215
493,design_000493,0.0,0,True,0.002415930623805489
493,design_000493,2.5,10,True,0.07252511360556604
493,design_000493,5.0,20,True,0.1374286011579833
493,design_000493,7.5,30,True,0.1462188170806505
493,design_000493,10.0,40,True,0.12348042081973465
493,design_000493,12.5,50,True,0.08323040667463281
493,design_000493,15.0,60,True,0.04721160443718385
493,design_000493,17.5,70,True,0.03239879500410979
493,design_000493,20.0,80,True,0.01712034563983257
493,design_000493,22.5,90,True,0.010598206146145931
493,design_000493,25.0,100,True,0.0049577323567981625
493,design_000493,27.5,110,True,0.0037553222424563572
493,design_000493,30.0,120,True,0.0035247151714507133
493,design_000493,32.5,130,True,0.005920434745652334
493,design_000493,35.0,140,True,0.010614890347335478
493,design_000493,37.5,150,True,0.011848367776390674
493,design_000493,40.0,160,True,0.014013671189678781
493,design_000493,42.5,170,True,0.012763470754515095
493,design_000493,45.0,180,True,0.016460275011543173
494,design_000494,0.0,0,False,nan
494,design_000494,2.5,10,False,nan
494,design_000494,5.0,20,False,nan
494,design_000494,7.5,30,False,nan
494,design_000494,10.0,40,False,nan
494,design_000494,12.5,50,False,nan
494,design_000494,15.0,60,False,nan
494,design_000494,17.5,70,False,nan
494,design_000494,20.0,80,False,nan
494,design_000494,22.5,90,False,nan
494,design_000494,25.0,100,False,nan
494,design_000494,27.5,110,False,nan
494,design_000494,30.0,120,False,nan
494,design_000494,32.5,130,False,nan
494,design_000494,35.0,140,False,nan
494,design_000494,37.5,150,False,nan
494,design_000494,40.0,160,False,nan
494,design_000494,42.5,170,False,nan
494,design_000494,45.0,180,False,nan
495,design_000495,0.0,0,False,nan
495,design_000495,2.5,10,False,nan
495,design_000495,5.0,20,False,nan
495,design_000495,7.5,30,False,nan
495,design_000495,10.0,40,False,nan
495,design_000495,12.5,50,False,nan
495,design_000495,15.0,60,False,nan
495,design_000495,17.5,70,False,nan
495,design_000495,20.0,80,False,nan
495,design_000495,22.5,90,False,nan
495,design_000495,25.0,100,False,nan
495,design_000495,27.5,110,False,nan
495,design_000495,30.0,120,False,nan
495,design_000495,32.5,130,False,nan
495,design_000495,35.0,140,False,nan
495,design_000495,37.5,150,False,nan
495,design_000495,40.0,160,False,nan
495,design_000495,42.5,170,False,nan
495,design_000495,45.0,180,False,nan
496,design_000496,0.0,0,True,0.0020688041891315854
496,design_000496,2.5,10,True,0.07250142156767272
496,design_000496,5.0,20,True,0.13570751444393647
496,design_000496,7.5,30,True,0.14665344135907893
496,design_000496,10.0,40,True,0.12907761524631495
496,design_000496,12.5,50,True,0.08891906607130536
496,design_000496,15.0,60,True,0.05637838019168003
496,design_000496,17.5,70,True,0.029304170255564754
496,design_000496,20.0,80,True,0.013263179332402885
496,design_000496,22.5,90,True,0.01119349953834269
496,design_000496,25.0,100,True,0.010866501623077365
496,design_000496,27.5,110,True,0.011738318088187105
496,design_000496,30.0,120,True,0.0074240521973357974
496,design_000496,32.5,130,True,0.009260347786849808
496,design_000496,35.0,140,True,0.01150719232946844
496,design_000496,37.5,150,True,0.012253417609497583
496,design_000496,40.0,160,True,0.014007016600158274
496,design_000496,42.5,170,True,0.013090780669408397
496,design_000496,45.0,180,True,0.014923874646097467
497,design_000497,0.0,0,True,0.0018087897550140466
497,design_000497,2.5,10,True,0.058776984435911686
497,design_000497,5.0,20,True,0.0943487710299722
497,design_000497,7.5,30,True,0.08466675544165295
497,design_000497,10.0,40,True,0.04831830533428383
497,design_000497,12.5,50,True,0.032624696257077944
497,design_000497,15.0,60,True,0.03182732063504223
497,design_000497,17.5,70,True,0.03645492722402668
497,design_000497,20.0,80,True,0.03121782707004285
497,design_000497,22.5,90,True,0.030094576918519043
497,design_000497,25.0,100,True,0.025462359893923002
497,design_000497,27.5,110,True,0.016882280382379593
497,design_000497,30.0,120,True,0.010221653412624175
497,design_000497,32.5,130,True,0.01135682687476338
497,design_000497,35.0,140,True,0.012211942030508113
497,design_000497,37.5,150,True,0.010338834006250013
497,design_000497,40.0,160,True,0.011747479588203042
497,design_000497,42.5,170,True,0.011242240630865569
497,design_000497,45.0,180,True,0.014084979827938018
498,design_000498,0.0,0,True,0.0021839926962561743
498,design_000498,2.5,10,True,0.028547702301368244
498,design_000498,5.0,20,True,0.05359047207848226
498,design_000498,7.5,30,True,0.05262767255573385
498,design_000498,10.0,40,True,0.04172262303317165
498,design_000498,12.5,50,True,0.031121450168338123
498,design_000498,15.0,60,True,0.020083091454586213
498,design_000498,17.5,70,True,0.008959024060566829
498,design_000498,20.0,80,True,0.0058788251725397705
498,design_000498,22.5,90,True,0.008478285696002718
498,design_000498,25.0,100,True,0.0078093470235834645
498,design_000498,27.5,110,True,0.0059637726558930855
498,design_000498,30.0,120,True,0.002129416919811365
498,design_000498,32.5,130,True,0.0016863870015496598
498,design_000498,35.0,140,True,0.0033614994153209326
498,design_000498,37.5,150,True,0.004437877476448522
498,design_000498,40.0,160,True,0.006383795050010513
498,design_000498,42.5,170,True,0.007369748003124526
498,design_000498,45.0,180,True,0.009480552415856902
499,design_000499,0.0,0,True,0.001468219291455521
499,design_000499,2.5,10,True,0.03381678967886969
499,design_000499,5.0,20,True,0.033577730206994894
499,design_000499,7.5,30,True,0.04148723783622822
499,design_000499,10.0,40,True,0.03286057436452246
499,design_000499,12.5,50,True,0.024641387687393268
499,design_000499,15.0,60,True,0.02373208021702444
499,design_000499,17.5,70,True,0.01959673576559181
499,design_000499,20.0,80,True,0.015746585153899706
499,design_000499,22.5,90,True,0.01490886989012808
499,design_000499,25.0,100,True,0.010442413464968825
499,design_000499,27.5,110,True,0.006936664868656092
499,design_000499,30.0,120,True,0.004772068582219225
499,design_000499,32.5,130,True,0.003538037148026074
499,design_000499,35.0,140,True,0.0034775881418787334
499,design_000499,37.5,150,True,0.004345662772958564
499,design_000499,40.0,160,True,0.007148654013411446
499,design_000499,42.5,170,True,0.006637914864274206
499,design_000499,45.0,180,True,0.009563860159358537
500,design_000500,0.0,0,False,nan
500,design_000500,2.5,10,False,nan
500,design_000500,5.0,20,False,nan
500,design_000500,7.5,30,False,nan
500,design_000500,10.0,40,False,nan
500,design_000500,12.5,50,False,nan
500,design_000500,15.0,60,False,nan
500,design_000500,17.5,70,False,nan
500,design_000500,20.0,80,False,nan
500,design_000500,22.5,90,False,nan
500,design_000500,25.0,100,False,nan
500,design_000500,27.5,110,False,nan
500,design_000500,30.0,120,False,nan
500,design_000500,32.5,130,False,nan
500,design_000500,35.0,140,False,nan
500,design_000500,37.5,150,False,nan
500,design_000500,40.0,160,False,nan
500,design_000500,42.5,170,False,nan
500,design_000500,45.0,180,False,nan
501,design_000501,0.0,0,True,0.00254609107133507
501,design_000501,2.5,10,True,0.06072945804664615
501,design_000501,5.0,20,True,0.07712580567289068
501,design_000501,7.5,30,True,0.046290988617757
501,design_000501,10.0,40,True,0.03679954005082127
501,design_000501,12.5,50,True,0.03468906795015872
501,design_000501,15.0,60,True,0.039186030954840335
501,design_000501,17.5,70,True,0.04577326835197024
501,design_000501,20.0,80,True,0.04253629498228148
501,design_000501,22.5,90,True,0.04334352603620632
501,design_000501,25.0,100,True,0.034523109043192356
501,design_000501,27.5,110,True,0.02346692998605963
501,design_000501,30.0,120,True,0.013078364178851783
501,design_000501,32.5,130,True,0.01132340287042096
501,design_000501,35.0,140,True,0.012924658400265934
501,design_000501,37.5,150,True,0.011146356636854154
501,design_000501,40.0,160,True,0.01135045813523233
501,design_000501,42.5,170,True,0.010327866563117119
501,design_000501,45.0,180,True,0.011759403892303361
502,design_000502,0.0,0,True,0.002356536543629373
502,design_000502,2.5,10,True,0.06174267104790255
502,design_000502,5.0,20,True,0.10270189743645494
502,design_000502,7.5,30,True,0.07708354015113436
502,design_000502,10.0,40,True,0.04515135210830168
502,design_000502,12.5,50,True,0.04229339795109033
502,design_000502,15.0,60,True,0.042484624315282445
502,design_000502,17.5,70,True,0.040021333341442096
502,design_000502,20.0,80,True,0.026340263957349782
502,design_000502,22.5,90,True,0.0226779471213082
502,design_000502,25.0,100,True,0.013697755944685901
502,design_000502,27.5,110,True,0.007398083604919734
502,design_000502,30.0,120,True,0.002896315810669248
502,design_000502,32.5,130,True,0.0047548624238491245
502,design_000502,35.0,140,True,0.0071210726742142166
502,design_000502,37.5,150,True,0.007766539901725288
502,design_000502,40.0,160,True,0.010670924511033363
502,design_000502,42.5,170,True,0.011925839248699895
502,design_000502,45.0,180,True,0.015560583184786278
503,design_000503,0.0,0,True,0.0022103770583079196
503,design_000503,2.5,10,True,0.020115693740913133
503,design_000503,5.0,20,True,0.05790008962085945
503,design_000503,7.5,30,True,0.10382777956842792
503,design_000503,10.0,40,True,0.13107635771386056
503,design_000503,12.5,50,True,0.11227638972050857
503,design_000503,15.0,60,True,0.08838297811617654
503,design_000503,17.5,70,True,0.06788006957197004
503,design_000503,20.0,80,True,0.04728166188149514
503,design_000503,22.5,90,True,0.03502376115611527
503,design_000503,25.0,100,True,0.025586555371221203
503,design_000503,27.5,110,True,0.019808041708086845
503,design_000503,30.0,120,True,0.011910347808461185
503,design_000503,32.5,130,True,0.0126130674509146
503,design_000503,35.0,140,True,0.014815289014616647
503,design_000503,37.5,150,True,0.01652454580581514
503,design_000503,40.0,160,True,0.018124022211570355
503,design_000503,42.5,170,True,0.01709900085610648
503,design_000503,45.0,180,True,0.019050842035653243
504,design_000504,0.0,0,True,0.0014293916386837226
504,design_000504,2.5,10,True,0.07364800941490116
504,design_000504,5.0,20,True,0.15253912225882246
504,design_000504,7.5,30,True,0.17934478933108472
504,design_000504,10.0,40,True,0.18414937348833638
504,design_000504,12.5,50,True,0.1521229176829204
504,design_000504,15.0,60,True,0.11055688374885231
504,design_000504,17.5,70,True,0.08116831326891044
504,design_000504,20.0,80,True,0.055186125726613154
504,design_000504,22.5,90,True,0.043597052159549884
504,design_000504,25.0,100,True,0.031106566115432138
504,design_000504,27.5,110,True,0.019133521980550117
504,design_000504,30.0,120,True,0.00974809566790884
504,design_000504,32.5,130,True,0.009826848957027012
504,design_000504,35.0,140,True,0.013263581192096183
504,design_000504,37.5,150,True,0.01354474194681338
504,design_000504,40.0,160,True,0.015233396997889247
504,design_000504,42.5,170,True,0.014610499681783743
504,design_000504,45.0,180,True,0.018373530963285117
505,design_000505,0.0,0,True,0.0019345525073193345
505,design_000505,2.5,10,True,0.010504445028290099
505,design_000505,5.0,20,True,0.09514401274239538
505,design_000505,7.5,30,True,0.12130430950513113
505,design_000505,10.0,40,True,0.0585587543196132
505,design_000505,12.5,50,True,0.029022748634675757
505,design_000505,15.0,60,True,0.011601056857950487
505,design_000505,17.5,70,True,0.007704932160066933
505,design_000505,20.0,80,True,0.010476273764788328
505,design_000505,22.5,90,True,0.013551084324558302
505,design_000505,25.0,100,True,0.01282138292121122
505,design_000505,27.5,110,True,0.010884490908410559
505,design_000505,30.0,120,True,0.0072041333420998725
505,design_000505,32.5,130,True,0.008240627981439003
505,design_000505,35.0,140,True,0.008998018423930186
505,design_000505,37.5,150,True,0.009940139166534329
505,design_000505,40.0,160,True,0.009744966203487939
505,design_000505,42.5,170,True,0.00898799116853245
505,design_000505,45.0,180,True,0.010143880714595339
506,design_000506,0.0,0,True,0.002408112713150242
506,design_000506,2.5,10,True,0.03738702124547349
506,design_000506,5.0,20,True,0.05665847525315014
506,design_000506,7.5,30,True,0.0960931593404673
506,design_000506,10.0,40,True,0.13465615637774864
506,design_000506,12.5,50,True,0.12135616374509861
506,design_000506,15.0,60,True,0.09275684528521724
506,design_000506,17.5,70,True,0.07258022420254796
506,design_000506,20.0,80,True,0.04130953589810889
506,design_000506,22.5,90,True,0.024556740463777222
506,design_000506,25.0,100,True,0.017802728313115072
506,design_000506,27.5,110,True,0.01464247948943048
506,design_000506,30.0,120,True,0.008507311054798652
506,design_000506,32.5,130,True,0.009975382563681053
506,design_000506,35.0,140,True,0.01351912870836305
506,design_000506,37.5,150,True,0.013098436342696071
506,design_000506,40.0,160,True,0.015819089729844686
506,design_000506,42.5,170,True,0.012589401811580178
506,design_000506,45.0,180,True,0.013778172992811036
507,design_000507,0.0,0,False,nan
507,design_000507,2.5,10,False,nan
507,design_000507,5.0,20,False,nan
507,design_000507,7.5,30,False,nan
507,design_000507,10.0,40,False,nan
507,design_000507,12.5,50,False,nan
507,design_000507,15.0,60,False,nan
507,design_000507,17.5,70,False,nan
507,design_000507,20.0,80,False,nan
507,design_000507,22.5,90,False,nan
507,design_000507,25.0,100,False,nan
507,design_000507,27.5,110,False,nan
507,design_000507,30.0,120,False,nan
507,design_000507,32.5,130,False,nan
507,design_000507,35.0,140,False,nan
507,design_000507,37.5,150,False,nan
507,design_000507,40.0,160,False,nan
507,design_000507,42.5,170,False,nan
507,design_000507,45.0,180,False,nan
508,design_000508,0.0,0,True,0.002146206917852819
508,design_000508,2.5,10,True,0.05388886515721966
508,design_000508,5.0,20,True,0.03243030770689209
508,design_000508,7.5,30,True,0.0448686654957037
508,design_000508,10.0,40,True,0.06800309689594518
508,design_000508,12.5,50,True,0.07443337231375308
508,design_000508,15.0,60,True,0.07100815033383279
508,design_000508,17.5,70,True,0.050267455523290205
508,design_000508,20.0,80,True,0.03567947342125898
508,design_000508,22.5,90,True,0.032090385144401636
508,design_000508,25.0,100,True,0.025644139945982674
508,design_000508,27.5,110,True,0.017243574569388166
508,design_000508,30.0,120,True,0.008928940915506303
508,design_000508,32.5,130,True,0.007496982646227161
508,design_000508,35.0,140,True,0.007675007671663686
508,design_000508,37.5,150,True,0.006975027624727133
508,design_000508,40.0,160,True,0.01116274810081851
508,design_000508,42.5,170,True,0.00994073993993834
508,design_000508,45.0,180,True,0.012472016239384796
509,design_000509,0.0,0,True,0.0012847236723067174
509,design_000509,2.5,10,True,0.07303452937603579
509,design_000509,5.0,20,True,0.14430588962737895
509,design_000509,7.5,30,True,0.1715160008382481
509,design_000509,10.0,40,True,0.17751131199319536
509,design_000509,12.5,50,True,0.15194782810112406
509,design_000509,15.0,60,True,0.12700430393913265
509,design_000509,17.5,70,True,0.10370672445339371
509,design_000509,20.0,80,True,0.07849735736625929
509,design_000509,22.5,90,True,0.06598243034729331
509,design_000509,25.0,100,True,0.049109589473840885
509,design_000509,27.5,110,True,0.03584092970972173
509,design_000509,30.0,120,True,0.02076801208160294
509,design_000509,32.5,130,True,0.02219464938167818
509,design_000509,35.0,140,True,0.025258603909670396
509,design_000509,37.5,150,True,0.02349348821325131
509,design_000509,40.0,160,True,0.024965337190864644
509,design_000509,42.5,170,True,0.023268323655306667
509,design_000509,45.0,180,True,0.02358991067198319
510,design_000510,0.0,0,True,0.001793660746428178
510,design_000510,2.5,10,True,0.0015177521452327753
510,design_000510,5.0,20,True,0.016731265157665737
510,design_000510,7.5,30,True,0.042425192417730115
510,design_000510,10.0,40,True,0.06907323601832743
510,design_000510,12.5,50,True,0.08042301062361176
510,design_000510,15.0,60,True,0.06824984576267724
510,design_000510,17.5,70,True,0.04869700300241375
510,design_000510,20.0,80,True,0.024403259368145122
510,design_000510,22.5,90,True,0.009953275597888238
510,design_000510,25.0,100,True,0.005057447413326563
510,design_000510,27.5,110,True,0.0038853303623366366
510,design_000510,30.0,120,True,0.0023599615479400035
510,design_000510,32.5,130,True,0.0034853718925812512
510,design_000510,35.0,140,True,0.0059151994307664255
510,design_000510,37.5,150,True,0.006431213657094304
510,design_000510,40.0,160,True,0.009751589262878897
510,design_000510,42.5,170,True,0.0074945334667218585
510,design_000510,45.0,180,True,0.009683153790837997
511,design_000511,0.0,0,True,0.0013758251519632504
511,design_000511,2.5,10,True,0.007171482422163192
511,design_000511,5.0,20,True,0.015721076346014953
511,design_000511,7.5,30,True,0.03487944564663923
511,design_000511,10.0,40,True,0.05850750370407937
511,design_000511,12.5,50,True,0.07225233252206359
511,design_000511,15.0,60,True,0.08943153279441238
511,design_000511,17.5,70,True,0.08475099339594774
511,design_000511,20.0,80,True,0.07581137325758461
511,design_000511,22.5,90,True,0.06496276010327397
511,design_000511,25.0,100,True,0.045948627894360404
511,design_000511,27.5,110,True,0.032973544539098606
511,design_000511,30.0,120,True,0.017186274595953725
511,design_000511,32.5,130,True,0.013100100392455606
511,design_000511,35.0,140,True,0.01243201954633015
511,design_000511,37.5,150,True,0.009744179182276349
511,design_000511,40.0,160,True,0.010439436044988476
511,design_000511,42.5,170,True,0.009563364723159398
511,design_000511,45.0,180,True,0.011489932876476894
