rank_among_eligible,design_index,design_id,style,sigma_km,fully_grid_usable,validation_mmd_risk,bootstrap_risk_se,minimum_log10_intrinsic_ess,median_log10_intrinsic_ess,worst_covariance_condition_regularized,mean_projection_kl,maximum_projection_kl,maximum_moment_residual,maximum_native_iterations,projection_failure_count,s1_x_km,s1_y_km,s2_x_km,s2_y_km,s3_x_km,s3_y_km,s4_x_km,s4_y_km
1,216,design_000216,support_random,200.0,True,0.00552468756986562,0.007283950398424831,-2462.7344784002316,-0.138660371062231,28259616077925.16,2.174441693098689,24.912031431774295,9.829931339277724e-09,43,0,520.0520758159645,179.78145994183757,1276.6655593952084,193.87601217529402,135.26474410132448,91.66361422942292,26.937949164558333,-171.6351398605406
2,240,design_000240,longitudinal_stratified,200.0,True,0.006128378303738247,0.009225261684961732,-1961.483090338691,-0.10657280353241881,36034151035160.53,2.4365769505311463,28.90486357877756,6.001990304920196e-09,63,0,-19.32096848585911,-325.17864662931544,180.74865552459462,3.163708789660994,550.2046604349783,100.1543748390802,1176.6283291398372,164.720998575862
3,278,design_000278,longitudinal_stratified,200.0,True,0.006407518867666354,0.007729937287367753,-1099.1649065822933,-0.12705783188024328,7837251731210.007,1.8165089124618707,17.45769554007849,7.277987769455872e-09,32,0,-32.694172721081515,-87.82704034236579,286.8709490695334,222.46616735122254,484.208976692644,-118.0150380512115,977.4759643363352,304.3049140221627
4,235,design_000235,longitudinal_stratified,200.0,True,0.006410421924879323,0.008751086046968002,-1792.4287164915704,-0.11252618992624347,40515345683195.516,2.4954696595134056,28.264919483326448,9.84932958793653e-09,42,0,-59.80704604716964,-274.7122330221834,265.20704658176015,-12.045450523247567,568.9753780539237,127.73240211955158,1133.7678351962504,92.43659885522315
5,267,design_000267,longitudinal_stratified,200.0,True,0.006418166266957363,0.007529206935457486,-1754.6415102192216,-0.12288013357360415,12177945929156.957,2.4114301692996594,26.628811429005427,9.092910460836752e-09,47,0,-65.55057455073262,-86.0554298848673,257.61624747507136,13.519153933679522,568.4909092234986,156.65462620399643,1151.7415566508546,327.6571520111981
6,324,design_000324,longitudinal_stratified,200.0,True,0.0065532944725250515,0.009673837434721742,-12833.116468192722,-0.1524780995254994,20022797869714.125,1.9953804110198738,21.52386271697941,7.622460220096488e-09,42,0,6.00780462801869,-402.25827996153345,133.86153752795258,-43.631501536521135,465.40733218181316,122.45582959702753,1126.061433993024,110.3117212963085
7,150,design_000150,support_random,200.0,True,0.006579078525493355,0.009830653757506991,-146.12191691105406,-0.17388400877277913,5200201560431.662,2.5010429222132395,25.223719918409703,2.125374526051569e-09,110,0,583.7526953688964,193.2646369963868,918.8667891690565,207.01561430897343,1341.4125485523878,171.39598427456218,161.45512378926028,-127.29140274988697
8,266,design_000266,longitudinal_stratified,200.0,True,0.006881106725079443,0.00786948804476415,-10959.701571346894,-0.15888421693253582,103460203.91298707,1.9825567170145435,18.099048704716413,1.2690608815181378e-09,39,0,-25.469140101883564,-371.35338958910285,2.4431079128747086,-117.48134637807337,440.8869367422368,230.69349759015176,908.6323145675535,280.590038802191
9,4,design_000004,manual,200.0,True,0.006921308712920615,0.009999479617009456,-542.7918257085241,-0.16366909210390837,35924103428170.34,2.046836378828415,20.093825774644653,9.94318694774965e-09,673,0,-100.0,250.0,500.0,250.0,1100.0,250.0,1700.0,250.0
10,186,design_000186,support_random,200.0,True,0.007067547231630626,0.0082001257951622,-15150.18124862791,-0.14417824508092153,444707870.42696863,1.6825340427779643,16.339420447714087,5.819682144760259e-09,37,0,375.6550363525842,-44.731713281247,9.005676686734091,-78.51381011450043,1053.3543935584169,310.2778572535912,-27.661000606285917,193.94356477369638
11,138,design_000138,support_random,200.0,True,0.007147550567071803,0.009962687890921815,-541.8670774951445,-0.13913802500953937,1179575709.0797012,2.146798918420945,19.90507343415604,7.250783144370039e-09,21,0,297.48528639667154,10.12260677979178,-51.18487653817453,-209.12153076670103,503.9014956011337,-384.90398931163287,773.8076548372371,184.13757568537602
12,14,design_000014,support_random,200.0,True,0.007230267598814878,0.007191855095478463,-1950.8985761088963,-0.12243820175849807,8617239062113.737,1.7572034993524597,14.330659568595033,8.939526309199481e-09,27,0,644.263836956921,361.3499911641745,1161.7222778423975,49.865369125579974,293.99691684209057,-64.20897225389822,-241.10481350036173,-109.67460254291822
13,325,design_000325,longitudinal_stratified,200.0,True,0.0074504406041884415,0.007906617253045829,-336.51863312195354,-0.1520460259774617,15093203050022.955,2.7466331419301575,31.382990315746024,9.906245699009392e-09,41,0,-162.7857492779902,8.381547174060387,284.10378939805236,499.0160048840279,714.3443889520439,48.37272753877144,1245.0691457864314,94.21329021213951
14,347,design_000347,longitudinal_stratified,200.0,True,0.007467322813028859,0.007929728825011457,-9868.615657211021,-0.17934191571126756,636096.2563960955,2.0534785608094355,20.287462574305053,5.202098795578212e-09,42,0,-253.68689882435967,44.69806312137647,13.525896404408101,-114.03940407610824,451.3293733260867,-76.00742358389351,867.0774886716968,284.24790868508893
15,281,design_000281,longitudinal_stratified,200.0,True,0.0074817893949998245,0.008194511619242187,-13093.447725247435,-0.13362388299008077,17859424.35267343,1.8516773944209757,16.244384899386358,7.990686556458633e-09,31,0,9.23049461034558,-73.3225522013582,2.4972664558728894,297.01182716105143,302.2075555523039,217.31819212280445,985.0899764138734,219.91236659876466
16,85,design_000085,support_random,200.0,True,0.007605775340425403,0.006777862247422746,-11104.202826032772,-0.21750199457841915,50218891.67310391,2.7726485872953637,30.871159716723067,5.37608215374696e-09,50,0,-48.36440288715949,-277.79723896361054,683.1910012144103,49.01158934022838,-20.220236375194474,59.17332527622784,912.809949124718,323.7337951836353
17,193,design_000193,support_random,200.0,True,0.007653070065082951,0.012087684314136364,-341.68097489509233,-0.18861091338870606,15795730787.904694,2.8669502909625675,32.44657030668913,8.726987184712902e-09,37,0,1250.1368287167886,36.985389723567536,484.37031341792175,378.7258957544207,782.9244851659654,36.700155384406386,595.9700176411934,-240.0458557400935
18,121,design_000121,support_random,200.0,True,0.007685919892165632,0.01052776827977525,-6369.103320989125,-0.30116340702687944,60233518265118.62,2.351533915818584,22.940914485062954,8.487474894009198e-09,111,0,487.90466760400136,278.23583284255886,1362.8812712641147,45.04178222155025,209.2638023760258,266.63882640929455,845.5434761464949,144.03899281008339
19,241,design_000241,longitudinal_stratified,200.0,True,0.007746373634261653,0.009950560389789847,-18136.56620104602,-0.16925476585508087,4929756.086417902,1.8982189450992848,18.917097852711933,3.1997264043905644e-09,47,0,-135.47353120696079,-583.5819018868308,114.50726643447253,-22.465061161415207,550.7435029118179,282.6962815075983,1146.5461928244474,27.03838938612812
20,307,design_000307,longitudinal_stratified,200.0,True,0.007903987377701548,0.008393953429543678,-11042.135877981766,-0.18089864924670906,1702559.6089980786,1.8530828719263106,16.05998697493174,5.328201503267196e-09,44,0,-46.24243368926736,-130.8326774811826,283.2981775528517,63.50269524555869,594.0034486609981,-393.0104768947821,912.056511337735,-9.012582934143538
21,312,design_000312,longitudinal_stratified,200.0,True,0.007914964737447551,0.008728424907503711,-9022.875563646534,-0.20015379204652964,4841455.905969518,1.911092323829474,24.249999342688188,7.018279390117158e-09,48,0,-23.00300848279163,-317.520858325033,37.429636975991826,180.78666021490736,519.5175141034599,49.211105650136,831.6038074184944,550.0440691636926
22,182,design_000182,support_random,200.0,True,0.007954206538929684,0.00746297348553993,-416.4544139193979,-0.19909200657639806,27081457992644.184,2.756817142425672,31.156409108077888,7.503702331922366e-09,51,0,1325.7260636824508,88.44443653639964,750.7603741753419,28.930197576159372,340.27419049782225,222.30820547749266,-166.23851650547948,-184.48218420037546
23,205,design_000205,support_random,200.0,True,0.007978301174989396,0.011043995452511375,-347.3125769993675,-0.11855083282541812,8863958183546.799,2.6707134338555885,29.083539849702046,8.559446434565374e-09,68,0,1297.963156542859,262.13397847378343,798.02972259143,49.53805907021436,641.1548135214219,-337.1274959934513,135.7734909125428,-167.4696576930724
24,218,design_000218,support_random,200.0,True,0.008002682211599145,0.009258745716012854,-439.87499488067147,-0.12241768589360509,21284217633.802887,2.555746364650035,26.5709241773359,1.996419465516265e-09,28,0,517.5133668729543,190.0646657115374,-68.93096273541235,-102.24729048609731,802.1730976831662,165.79917543029092,346.0203456183288,-337.6529796634454
25,202,design_000202,support_random,200.0,True,0.008104140376734167,0.009127729329052257,-2348.455248062337,-0.1284556138529478,43001758743939.26,2.7441119791198276,30.64078131042826,5.038125037690795e-09,42,0,1247.7277553792178,367.4996353370821,1113.5954446087608,-62.25839160818901,740.7128798364506,-4.896923072602348,-35.600961015422556,-258.40766338606807
26,245,design_000245,longitudinal_stratified,200.0,True,0.008162485517517467,0.008952369698334796,-344.8049074302631,-0.14083198082150652,157554214.9118268,2.3795070887608563,25.271848118017783,7.312454853732623e-09,24,0,-129.62839698127434,-180.73211045656342,169.82666246184382,-332.3880223294057,418.0014908344374,25.074689057087646,704.9489925867658,186.0584316963719
27,340,design_000340,longitudinal_stratified,200.0,True,0.008277929649759725,0.006934756648684528,-216.3909600967731,-0.14849020071986652,24126989495208.79,2.453968344679884,26.615031742705987,6.243866722895832e-09,35,0,-96.61883681939986,-156.32881124399924,198.61521761865035,-93.91376187614073,643.6560948881964,-102.73443555313474,1092.8308601936883,94.80052081310293
28,55,design_000055,support_random,200.0,True,0.008308441353790956,0.007685169664175615,-2018.4439485916323,-0.11811446020253585,17201376941457.504,2.2796766055150877,25.126204928564334,7.3689688568282805e-09,31,0,566.0820302476546,192.3883438337708,1192.9554468823665,199.60160507835394,76.82599870445888,58.3798959092582,-255.78884745201486,-109.0576350295324
29,224,design_000224,longitudinal_stratified,200.0,True,0.008329221635216906,0.010099552109818635,-10921.939936016466,-0.09701904152989803,3584008.3928220263,1.7081092885438882,15.051772290447316,4.508194508988605e-09,28,0,-335.24633210828813,212.04638806366634,91.98709985213287,-184.59232488875682,364.84923155971535,-96.29041254015158,907.387441573033,246.06727851970925
30,56,design_000056,support_random,200.0,True,0.008414215765184228,0.008380107742484428,-429.33017626669636,-0.1556910701366553,196219377.82145056,2.3720268654204006,24.68992094585256,8.874184397017842e-09,22,0,140.0430555381094,-125.53873423766807,345.31811201799474,70.05601277720818,-179.93437670033893,-189.16325128126658,729.9899195510037,132.88144503630093
31,252,design_000252,longitudinal_stratified,200.0,True,0.008536603361635193,0.009576356893315824,-1009.419404554553,-0.08906493665398052,4276852040498.3486,1.8537887871840795,15.668883701514886,3.531155504024991e-09,29,0,-131.15954531877838,56.002702937070744,144.7991075239547,-156.13148697043877,357.004114128309,163.90771123128326,933.0208251844628,120.86421945895759
32,88,design_000088,support_random,200.0,True,0.00860355459364207,0.009019189524659887,-520.8703295081001,-0.10214559280056452,13692307685.575197,1.5091270950026212,12.709172471905735,7.208014709590473e-09,22,0,334.6271315536252,372.67242839355947,786.0425225858475,374.501016185359,-76.3474912570415,-55.531832909148804,358.4932010551553,-179.43338280690756
33,343,design_000343,longitudinal_stratified,200.0,True,0.00872302971174114,0.006887528259388482,-3010.9725636085236,-0.1974152705021473,11123399834220.055,1.127689933614091,9.787304436205828,4.9686246881719335e-09,31,0,-35.04762777520074,-647.8830121496143,1.6028247009756171,-60.91650164678198,364.2134650079346,-133.66801530204907,1354.8653605344198,89.49165392182081
34,332,design_000332,longitudinal_stratified,200.0,True,0.008761834593574002,0.006564646903006832,-3206.2922930674554,-0.21458536571865544,8867364919065.725,1.6724755111630087,16.0983541923568,4.0442024295069855e-09,40,0,-188.0334950211684,-73.67484761977806,277.8686194611074,-129.79885149439966,582.2221883045103,349.5000319510057,1388.9801921976775,119.17065749723946
35,326,design_000326,longitudinal_stratified,200.0,True,0.00877145431100875,0.007511621007280245,-1961.352259309674,-0.10678698028350811,13755817718772.666,1.7440083075057253,17.609170784726025,7.748478125582292e-09,36,0,-77.14640552853008,-21.754980113986846,172.578326866032,-128.33761565226857,463.32576358494606,176.5903323310961,1183.831640520401,232.4779310669274
36,59,design_000059,support_random,200.0,True,0.008807942626782755,0.008760332576385683,-387.46084238595,-0.15097116002066968,11379292008210.998,2.487403727366329,30.29288366429843,3.803926645515194e-09,37,0,-34.764307789612545,-42.72575031244111,1338.7391790949816,277.60014743467553,388.61398767342035,-381.2311203771076,626.5431671043402,119.45349615834203
37,192,design_000192,support_random,200.0,True,0.008829484564337232,0.009371383450645266,-260.9091286676077,-0.1324979065145181,9684139.027013637,2.346380071047315,28.24371142437665,6.224157234058743e-09,20,0,641.2179588404421,141.0264204615432,-345.08453387650457,-268.0953235655889,16.26785093774626,-374.9214347509183,174.07206558205596,84.68499759525552
38,329,design_000329,longitudinal_stratified,200.0,True,0.00886977236856393,0.00995314705122249,-2232.4848129669886,-0.09071106115922745,29499696012360.973,1.7507517261871912,18.396552258367898,8.302739783913069e-09,57,0,-75.68535290002659,-461.70921592383075,72.20194891566564,80.59921246559382,567.6470638379728,284.3098700882197,1255.3286698504442,360.4587625921169
39,0,design_000000,manual,200.0,True,0.00894546782960383,0.006532412665914812,-133.77777769714277,-0.22877274882680299,56827894181770.21,2.410874153152495,25.957860744157617,9.892446840257221e-09,937,0,-150.0,-150.0,350.0,-100.0,850.0,-50.0,1450.0,50.0
40,331,design_000331,longitudinal_stratified,200.0,True,0.008953183751215387,0.00831100526409841,-1042.9624176444004,-0.11203199446585736,3245564517507.466,1.5937792787290406,11.64079780935404,5.896622873952924e-09,26,0,-5.687532927690556,-173.6292300789002,276.34976195473575,194.60320276355068,281.19960812994043,-192.07253400784776,943.0581487664679,133.65607102418807
41,318,design_000318,longitudinal_stratified,200.0,True,0.008986480068718935,0.006101501028071638,-2691.34795723512,-0.1799788623632787,47164851585937.07,1.5055817994929956,15.307333531218543,4.38047963937236e-09,34,0,-129.32217049007556,-304.9170157371253,76.84968685157446,18.50539919348876,516.1516111832213,-124.91843485656443,1293.8014988585624,23.7947183455337
42,162,design_000162,support_random,200.0,True,0.009009613298852663,0.011182086602839774,-8929.194283068919,-0.10674882313880815,1726648.519809142,1.7640404406899086,15.602153577310549,3.877868490844028e-09,31,0,830.0053563094924,271.85922134045614,391.23720416204173,-241.84953464672247,72.1607750805467,-183.20327929518683,185.076392042746,54.258114443028234
43,161,design_000161,support_random,200.0,True,0.00909998358966014,0.00815295835688299,-14292.076963104677,-0.21048280688858118,99522921.73801996,2.707452064539984,31.73783637738785,4.747173315885741e-09,44,0,1024.5263963847108,405.99405016916165,44.17234952604954,83.76048644873197,656.8928381335346,95.7528573169335,-164.32981628880867,-162.6666128195161
44,105,design_000105,support_random,200.0,True,0.009117758482748983,0.006298637904364983,-2623.92686625547,-0.17842724475824162,48882243922634.69,1.2175363185229466,9.974606313300955,5.961762804996253e-09,35,0,147.8042441776338,83.51785295900532,-115.43589902893751,210.88198995441678,1292.2236992475844,95.15121743213342,-77.4785637231395,-101.69515405203973
45,322,design_000322,longitudinal_stratified,200.0,True,0.009230451748179477,0.008754187443499845,-1551.1002316033832,-0.08707923014130091,15098441583114.652,1.5674385697207762,14.703703400753906,1.7717887021966903e-09,28,0,-30.562023743102166,-7.151726769641456,260.6314458110276,-136.10012416089887,417.28561867805035,318.56616422519767,1097.111145879114,287.27094531927
46,276,design_000276,longitudinal_stratified,200.0,True,0.00928148801518891,0.01048583592481392,-560.3591342186822,-0.2217114509920378,30271716283054.336,1.648246822745078,15.94538223546378,9.176309820922e-09,164,0,-54.364036659017124,-368.66483820054975,405.2690040335438,-131.1426717465523,709.2449854028666,338.8586702770793,1451.8663028961032,101.93188788892482
47,176,design_000176,support_random,200.0,True,0.009362286247984535,0.008948258770583485,-5406.8583745915475,-0.17660063329295075,24463689056067.535,1.5260255288280062,17.88150207355924,7.4762389646808e-09,36,0,1664.2484029345344,164.30507409876697,432.250224939445,146.890045285305,-196.27368220252734,241.84181674730502,24.456345763429365,-60.71020664562789
48,223,design_000223,longitudinal_stratified,200.0,True,0.00949113778605536,0.008279763288460215,-2104.5521073159066,-0.10939400214214874,13955084231206.656,1.883544865754653,20.679849005053494,7.981160107427351e-09,42,0,-545.9633210990346,-316.9275643204888,-55.08453803436943,-17.254820283737786,515.7804360224798,195.71429937042984,1218.0893151895941,270.9222839337147
49,143,design_000143,support_random,200.0,True,0.00956368581868337,0.01098868821837444,-419.06746166266686,-0.20210268762272385,12078099739070.756,2.2982986581258955,22.807591535184102,7.649476244932238e-09,43,0,94.4306613319857,36.332272005087916,465.16333226355624,327.9457440623564,768.2552274120294,157.2605754669856,1307.8701455919713,-1.3310304349608657
50,69,design_000069,support_random,200.0,True,0.009670388934140475,0.01211935388584784,-12875.683483646264,-0.18369545015530134,21734076961333.07,2.636223555643155,29.08119488715701,5.435166811952543e-09,603,0,692.2547751452149,139.07266792831172,235.15777775707943,32.79034854189583,1376.0480227704093,216.61219470666938,1637.594261788725,151.88041027828984
51,168,design_000168,support_random,200.0,True,0.009720678698472457,0.012518197925772977,-465.81369030168935,-0.18563350731154415,6861579943651.119,2.683172230996374,30.331491995491117,4.734132257146588e-09,28,0,497.6346447929642,74.27204688665307,812.8809099337667,166.77699039451693,1352.4079255894355,1.4587350520240818,186.68528134892196,125.25160872082229
52,292,design_000292,longitudinal_stratified,200.0,True,0.009842456829198756,0.012871568187532573,-1511.7915852320723,-0.0589922906571996,15021517318996.242,1.772621644414679,17.79188325822227,9.538906474713698e-09,35,0,-165.59940750634996,348.4272754076244,191.5593956364716,-78.34501572968534,416.72058690736503,145.08825265229942,1060.7606520332222,46.61969512585547
53,38,design_000038,support_random,200.0,True,0.009870389731589876,0.0074982539564775585,-397.1935985718216,-0.17997923936946164,8069526.468196149,2.2214244842471276,25.887522157906282,9.981272852148566e-09,38,0,-168.49480366897572,-509.00399017691706,697.6395810325207,-33.01222907842883,140.11499508925172,49.558144300633074,-86.69110312395934,-194.12771707390945
54,251,design_000251,longitudinal_stratified,200.0,True,0.009896779801469666,0.008523045831605234,-2511.12070225177,-0.12235639066651463,14479410412837.764,1.3609553047698075,14.30106431503392,7.570505459950514e-09,55,0,-49.88499779949579,-30.641900873624515,182.66391002069798,-367.3281151496363,579.0660904073804,-289.5000189366087,1301.3561839106458,318.11026425667654
55,13,design_000013,support_random,200.0,True,0.009916074628490859,0.011450147738311506,-727.6260807879435,-0.15377292930798633,2814438922451.3364,2.051115778819843,21.74182944393023,9.293366882215659e-09,446,0,550.2033910443116,224.09279482963632,1244.1747624663246,150.42713006853793,1544.2431273921711,-110.93004558952718,-470.7912472971211,-551.4826141964402
56,342,design_000342,longitudinal_stratified,200.0,True,0.009951204621952302,0.006843501849859274,-2050.310429735642,-0.12358169614121997,32559911211788.94,1.3639928066503233,13.855767739476143,6.4545712290493344e-09,46,0,-106.25805873269756,-82.46979476964688,-6.115239524970576,-336.3706298894859,361.0200171384199,94.18663364266217,1217.1694023198556,357.34595605836427
57,270,design_000270,longitudinal_stratified,200.0,True,0.010071749706458268,0.0065519266423470605,-3545.562067501333,-0.2107124442097976,12210586109536.316,1.202555458615452,11.36692375982472,8.41389836992503e-09,35,0,-111.73995685969773,-81.21814017480146,231.30068792090475,240.18507724823678,397.15539725701734,-122.14969218521244,1446.9208275722465,183.32294728345414
58,200,design_000200,support_random,200.0,True,0.010080447653572317,0.012002846938248709,-6544.167135057099,-0.12536377178003152,91319687556.20671,2.3767838518807554,24.33010006218847,9.822798496448925e-09,75,0,702.737517478364,218.66967116518967,355.77175676865664,464.15301115350655,1765.706468935616,208.72278909973414,1022.0186916288917,166.9935528073005
59,12,design_000012,support_random,200.0,True,0.010088431729805286,0.013726231659499651,-210.2453617180497,-0.045741513263801846,6996383170790.535,2.3559784791684533,25.046077985599947,9.814820943959119e-09,22,0,605.7423186777089,210.11240998728468,1071.9819404305492,118.93213155427242,192.32889854616656,-235.9268352655097,297.77869244629335,39.85045927225555
60,286,design_000286,longitudinal_stratified,200.0,True,0.010109065570906479,0.012071290798264389,-389.86695797339416,-0.14205337569203527,4052954379.7732,2.229183781151123,23.12832719083604,8.379606884726588e-09,33,0,-180.87146371507103,-362.22899296056255,198.15741117863342,2.062847956940427,525.1173570112666,305.175771833273,768.3136863195425,122.74469248443555
61,221,design_000221,longitudinal_stratified,200.0,True,0.010150381758388631,0.007466629329391483,-1952.135434944273,-0.1090793225525472,28064453921382.754,1.606747155412488,15.17762669119243,6.167619290006526e-09,56,0,-286.41762424208576,-89.54540908286987,23.791159220818713,-201.21066988812703,478.25707882138755,306.1883396410537,1177.457965744285,196.55080017737006
62,272,design_000272,longitudinal_stratified,200.0,True,0.01017363668040003,0.009419889021688204,-1203.658043025198,-0.12100106364619208,37817464791480.79,1.5009857533242617,14.697167932755573,9.970405973218653e-09,33,0,-137.94608508239938,-250.08796059769475,236.8588559610447,204.44243280402964,469.0043096011982,-253.67982810778068,1003.9316607089878,297.0587834574065
63,139,design_000139,support_random,200.0,True,0.010425268083152774,0.013500093263772698,-14237.406423870145,-0.10993293840278871,23389180.949812315,2.276079071268597,22.338930116416897,8.966782803318568e-09,54,0,634.0769531155202,230.25371080697875,289.92620033833873,430.38356969165335,128.17618547033445,92.615205178717,1021.1000658247441,91.51945704695359
64,167,design_000167,support_random,200.0,True,0.01047804016685623,0.013006194534246878,-93.63990512897409,-0.1480355293285138,9808074862539.588,2.5113587513768074,26.960048546143625,8.73271597150196e-09,131,0,-169.35182414874316,-464.9844498265787,1298.1452405374143,131.03037327659337,388.22113032634394,-215.9412568944557,855.0272608218378,143.493677574436
65,255,design_000255,longitudinal_stratified,200.0,True,0.010507994655884666,0.012470182573893245,-9981.853382961046,-0.10944394749375559,1780901.4721419238,2.4538066974836674,26.73225600735491,6.997240198914916e-09,44,0,92.60370683064603,-210.43865556544606,61.34670846992092,281.2791822552505,551.3516736044734,220.55541720361427,871.6567314549786,22.47180975451984
66,32,design_000032,support_random,200.0,True,0.010551232517516707,0.010846784782171381,-469.43757867063124,-0.15024054385373184,63883899778568.24,1.5508582547280065,14.113038497000487,9.901478645684347e-09,341,0,180.3226817089893,-116.38195083388626,807.4816827983761,348.260238636861,1432.3546210409954,308.42555651779014,320.22198912626163,292.0876806983081
67,236,design_000236,longitudinal_stratified,200.0,True,0.010598278876665443,0.012148602642923447,-1322.7880878274814,-0.06411469503356682,30963955871200.215,1.9091624857664682,19.125450362592918,8.734433364374514e-09,27,0,-65.4592234441387,106.8934112705307,171.19171383133093,-49.270831914945376,387.3996105079552,102.21882013698627,1012.161397725287,34.83464130890772
68,65,design_000065,support_random,200.0,True,0.010601632406996454,0.007490721392573871,-1401.3268490557075,-0.09349867183091465,34729951713136.418,1.2371928952012037,7.608648591138913,9.614286286993794e-09,25,0,-199.60382938318725,8.368357045622888,260.34571632880164,-165.8656841624362,-25.394676844036574,-211.12591671904372,1043.1029413671613,138.11927813309413
69,28,design_000028,support_random,200.0,True,0.010613195579157767,0.009552830696316185,-17428.055593881287,-0.18669959438874664,384490316.74975497,1.9891161322353117,16.17310287712407,6.1707231082910246e-09,79,0,44.757072070298435,52.98390125844814,-79.4666521218852,-478.5462555386335,765.9588651061922,180.61807698783736,1117.7099218291676,-69.72290530714787
70,203,design_000203,support_random,200.0,True,0.010632827825566639,0.009774869710266523,-9927.637461631695,-0.14665646285011277,1520173.0852387846,2.368171673877732,24.978802567396794,2.7259639045112536e-09,47,0,508.71789437199516,204.00138760694603,-89.55534142285273,-35.55301358946217,208.36913043523597,181.77701557472784,869.0340711711406,289.03465075657493
71,430,design_000430,upstream_focused,200.0,True,0.010644021531462378,0.01264242835241749,-427.917633763637,-0.06770286262498429,170371591.9008804,1.8891069733207815,20.29767116612542,4.174295876102598e-09,52,0,100.74196386408693,-588.1451509220913,735.2295444528547,373.9829616446892,399.6325746563201,-135.63744321813402,101.16391635837715,-155.8124554003146
72,74,design_000074,support_random,200.0,True,0.010646347208129023,0.006707370892492057,-1825.4011271614665,-0.10466809980901719,35176998947500.047,0.9791875130640267,5.4438341873587515,9.945982229494876e-09,66,0,-207.61853663695746,29.495663445096262,1126.1196720431424,-1.0472615412437847,-28.81909854139792,-393.75274962449623,136.5901853384063,-79.85414563233525
73,83,design_000083,support_random,200.0,True,0.010665386072477525,0.010199258018721336,-146.11194502807516,-0.09501778846384568,384782.7397157219,1.4084020516083626,15.266861929508238,6.099506268384869e-09,29,0,390.64047006011737,-186.28020106915076,227.58843709604707,56.50451428231987,551.6698360234528,457.66290235951146,1.451631014936467,-79.07217733028324
74,231,design_000231,longitudinal_stratified,200.0,True,0.010761684727178504,0.010906421543831816,-13415.420342723295,-0.15821989803868716,144947249.23579308,2.8543557355617817,31.743404079642687,9.10538534200359e-09,62,0,-52.4083553069881,99.40460090478487,111.23231114677827,-110.0159663515388,763.3154204269686,118.2653924781925,981.8559948232206,248.0023623918614
75,113,design_000113,support_random,200.0,True,0.010817510061263675,0.01109127299353932,-1667.4400061188594,-0.08825322129646976,26431403578492.582,1.4595331454266287,13.958010756861375,6.511583404805623e-09,30,0,-129.44267258875936,54.25924916987856,402.5793551586444,30.378564198766114,146.42236143294645,404.54633170868385,1100.6063440641346,78.53191093951057
76,275,design_000275,longitudinal_stratified,200.0,True,0.010827512583172027,0.010389393708200235,-830.5282548310522,-0.13547345469964028,50814557549.85122,1.8198136475448565,14.8026337539471,7.90918786921171e-09,37,0,-281.77470107198343,-170.23886343265542,175.46514374443808,136.52413774738966,604.7183752801704,-355.365263735882,878.5401671551873,156.63825376546194
77,132,design_000132,support_random,200.0,True,0.010897204097313332,0.014216312497897158,-2214.2378701535445,-0.08709207071719016,692591037030.8274,2.880494196429834,32.51970161792143,4.502315930104251e-09,109,0,900.9500135702575,134.9051062348979,605.2475676468209,57.64533908206678,313.9530225371418,36.044105176020004,1189.6728008613843,199.1984374316438
78,470,design_000470,downstream_focused,200.0,True,0.01092965906342307,0.01303762926108831,-7977.595763121153,-0.07885359458926701,36070278495547.57,2.7638788573511768,30.652637005172807,9.847300392150237e-09,435,0,1126.5065374567198,229.15513021809295,1813.4397833600156,-80.97808863966623,1641.7505004337524,-546.1287564979095,732.2941953797409,48.073340623140666
79,126,design_000126,support_random,200.0,True,0.011033585980348933,0.009260575160768376,-509.7743316439435,-0.1373568359004249,286499411.8732447,2.5048916338740095,26.729129173003027,2.519762565099147e-09,28,0,506.8940057435277,-53.85307744396495,-128.91942726572978,-182.2253240784641,728.8875675137255,149.5746523597398,722.0221901718744,-424.5410521407205
80,435,design_000435,upstream_focused,200.0,True,0.01107179346232314,0.009927305280790966,-279.3190783407632,-0.15788236597304053,6211176.42510079,2.273824255479183,27.60065324153981,7.787336738109412e-09,24,0,634.4526910497293,-61.357239630968934,409.0592408059043,-381.66473085603775,403.128573831547,37.484611175862256,-59.774043707847795,-120.1721871029236
81,330,design_000330,longitudinal_stratified,200.0,True,0.011126755546314347,0.007634948639298679,-4221.4969903301,-0.11219553823141745,49900783690996.72,1.4139604755634232,16.51974304214562,4.396216017145849e-09,47,0,-74.90743334377768,56.242616267009936,7.354530266933011,-206.5889823005324,419.3361240568445,233.70124304030662,1475.441851954985,-212.11821272667467
82,282,design_000282,longitudinal_stratified,200.0,True,0.011144916047143296,0.01000905039491151,-904.55983575859,-0.1067927624037668,358427564346.8383,1.7582741592834692,13.195855009790092,4.9163514222666536e-09,34,0,-27.21080821448136,-240.67173221641485,234.54568353142326,-485.1738368375191,347.14647252613327,264.05314337395714,908.2695510870825,213.89044542544528
83,283,design_000283,longitudinal_stratified,200.0,True,0.01118186146290288,0.008586757285614184,-2848.2896611112546,-0.12133836676319425,19409625214262.17,0.861324515595886,6.6985356083704035,6.858526532450642e-09,31,0,-295.8395024045571,53.090004315870644,130.5646806262162,-184.00873333090422,233.25730777710265,200.89967318294129,1360.6429787697377,327.25444890471925
84,58,design_000058,support_random,200.0,True,0.011207090480895826,0.010333837603580354,-2810.382696903072,-0.171421180831869,41119300370169.53,1.9870825912821957,23.91205526384746,7.958916479103977e-09,36,0,-25.088879721061875,-279.67955689142445,1304.6199762133735,-36.69541712244188,585.9715762478434,552.9524010302702,553.133064498358,261.713305711583
85,449,design_000449,upstream_focused,200.0,True,0.01121553934318773,0.009510399208988784,-146.15828672596996,-0.10620516181140222,7988367.77682302,1.7811750228910004,19.781414534465192,8.839786504597313e-09,21,0,609.721081719251,335.25895566405336,-238.55234904831673,119.46636855238171,-189.58590238245245,-223.65083648119105,421.26228055043714,149.43782960235228
86,271,design_000271,longitudinal_stratified,200.0,True,0.011363031353170365,0.012759625097180524,-1904.5171401379253,-0.0890011535248442,48343277847188.67,1.6522214399933708,17.299096222603403,7.667469301858293e-09,33,0,-216.1546742335741,236.89285105130583,39.73516120496947,135.31332244654507,398.6026898213642,228.53151881629503,1170.7237568830672,224.1365065896242
87,201,design_000201,support_random,200.0,True,0.01146165709745561,0.01114978174541371,-422.03854851702994,-0.08972859367273049,9816312.006386762,1.351038565640928,15.414011721670954,3.916017435672475e-09,22,0,238.31091929380418,3.680088031495373,-341.9529775888115,140.49597435640058,697.0895955814466,-220.44080173843994,47.331171946794726,-402.7266918259165
88,225,design_000225,longitudinal_stratified,200.0,True,0.011501651393600215,0.009681203491101513,-15969.175494425373,-0.15166043726229025,1619957051.2799127,1.9196458029656829,19.12704491620874,8.978245880095268e-09,49,0,-79.0377005787745,-117.48696891999721,305.42210576252387,-484.26870832419235,571.9752750318379,290.9053166950662,1078.927521607233,434.23821509517404
89,429,design_000429,upstream_focused,200.0,True,0.011615215370060729,0.011250089529172568,-472.66631177306215,-0.12786122012165957,14363012.667661011,1.968808935199451,21.658391384223904,9.974314009624286e-09,21,0,-329.5230967409337,-187.02948648548346,237.37046128724796,418.3539188758141,726.7354650537679,-92.42659205658492,289.8113243008711,-78.12026865694929
90,337,design_000337,longitudinal_stratified,200.0,True,0.011645859450324814,0.012361452599484608,-472.5786496086541,-0.1112304006159939,183439976.78019473,2.352170713784963,25.695922281631933,3.2823059394766384e-09,24,0,-224.40570298812844,-340.52405977387855,238.30924575698737,-43.351295347781665,512.466978253524,-132.19124401869618,760.8998939064733,188.6253274205436
91,122,design_000122,support_random,200.0,True,0.011647303061632577,0.009878674951179937,-1013.4012875762513,-0.08770636481551501,2766876896472.3833,1.5392671822550898,12.533368507940688,5.621359182061418e-09,42,0,-318.7194660934855,-279.9256097945479,947.3033536334351,264.2016289923316,522.4514368588607,-270.7002744693723,13.564088304971165,-202.00915336991773
92,280,design_000280,longitudinal_stratified,200.0,True,0.011650840949923658,0.009373910359197447,-14192.752932203291,-0.12881048078928145,8460530.81166295,1.0892101842569148,7.0256528779817184,8.502973337027206e-09,51,0,59.86869895934531,-248.10167535450177,5.3668013594015065,131.57137227180033,327.7382417358147,-374.05034443551773,1022.2061208957466,258.9606413707515
93,226,design_000226,longitudinal_stratified,200.0,True,0.011678160501236549,0.00946953269069988,-747.0305776250752,-0.08821714340991549,264193581568.53217,1.4331002326650886,9.657069506789101,5.113398516174201e-09,19,0,-2.0937003702553127,34.0926407486893,85.94930070108038,-305.5218356213718,268.58498656461626,259.67376726602464,857.1174614157627,267.61638081800714
94,57,design_000057,support_random,200.0,True,0.011691003657676932,0.013269023025329736,-90.96221077315047,-0.13469214849114597,21248111506617.113,2.2563303227415976,24.7486141607457,9.68969515496866e-09,528,0,1390.4594096366072,262.44767812726536,66.18884678900297,216.5215554599305,932.1701988680031,224.28854038729156,398.33543754755556,-103.7627558578207
95,25,design_000025,support_random,200.0,True,0.011862919427067225,0.011552896966185873,-1603.2333323129387,-0.08699274869164986,40580522074921.984,1.726716884681883,18.621993074447367,5.937101362713391e-09,32,0,629.2577132783737,285.62333231936316,23.944361449357466,-214.19281781938454,1852.7617392747625,-301.2422649777002,231.42167572550855,-26.136998835508997
96,86,design_000086,support_random,200.0,True,0.011890593244277802,0.010921591896833482,-266.56026328394614,-0.15650928167257527,16865867839344.707,1.523599241461657,14.664156842076832,7.218253838685063e-09,132,0,-267.352002573035,-319.25905991121545,1351.2013320693202,199.94058409146402,884.1021161444833,404.5200426005655,532.9226416830146,-140.1479697189866
97,308,design_000308,longitudinal_stratified,200.0,True,0.011917343825194833,0.00843487667945072,-542.9953822953479,-0.12351552046009386,76893189869243.22,1.2478836609065473,12.395627489894244,9.763858627995337e-09,32,0,14.16252412263367,-175.0216476666203,238.96106462258763,254.54259585537415,737.8218882143095,-261.35170995873716,1583.0937548597735,780.1867042935468
98,284,design_000284,longitudinal_stratified,200.0,True,0.011929585830792913,0.014068354323500832,-15408.741498694633,-0.0996733025865878,3338035.5549150566,2.009754420939187,22.800211255315933,6.484671829731238e-09,53,0,-17.333552628001428,-417.79136762497774,276.79154227098115,308.4781657058557,472.32199102870425,108.28261859360292,1062.168652105625,141.93973086219708
99,265,design_000265,longitudinal_stratified,200.0,True,0.011936660629091902,0.010246116254499612,-569.3637298121878,-0.09672503710904815,155225733580263.44,1.4378193403933093,16.723403635191016,8.42215801421086e-09,27,0,-103.45432823289127,-411.98538281803025,113.9622052933933,41.43736622035419,431.494311236586,206.97967951351905,1672.6652078101195,765.5558361593171
100,24,design_000024,support_random,200.0,True,0.012004200632959684,0.007878368196515557,-124.1656326140569,-0.12379482891504916,1220797.180063349,1.2089565599690177,13.229078547671818,7.201133057903372e-09,29,0,-258.11972822138506,91.62502827987011,590.111246055697,-251.91555578213104,-79.5955944611205,-282.6347876451688,42.823368268840056,52.631488123479045
101,222,design_000222,longitudinal_stratified,200.0,True,0.012009145606734075,0.00958442360135473,-10912.19642043875,-0.12020691145132506,1823151.727995755,1.9063702695325495,15.793184921087132,9.014856948757393e-09,42,0,-150.24352263395076,-535.8809781943629,7.711279408873963,37.69573579783611,461.06456220401276,278.8170451375899,907.1060080742924,186.0227177233907
102,233,design_000233,longitudinal_stratified,200.0,True,0.012046884116519451,0.012132627950590058,-1524.2611020898657,-0.10141229630711687,79654624569408.25,1.7663077953149051,23.30331040514277,9.905186143727672e-09,29,0,-3.8073364741243694,189.2175898697454,59.824931135356856,-55.84962644549149,466.2504871176711,0.747784023907073,1902.6157154327334,-26.425403922460546
103,87,design_000087,support_random,200.0,True,0.012127322540710717,0.012750936511722193,-4710.425293144537,-0.18865259804381176,3727025033669.51,2.369825336903728,29.45594545145921,8.370758502424028e-09,40,0,1586.7529963126347,139.53739235448253,768.1088309950137,430.05572482177257,205.75770337996977,37.05527969519568,529.6829018508529,93.65188404728615
104,190,design_000190,support_random,200.0,True,0.012179503316157622,0.012902572519818184,-161.27308483650162,-0.10153646501558508,432020.9563896123,2.336622611825798,30.792358477827957,9.351914817373949e-09,26,0,139.83295151366215,64.39071952934931,-190.14425966704732,-419.49146707248565,590.2669905302453,123.2637166072128,214.20108762308294,-408.3232171925322
105,234,design_000234,longitudinal_stratified,200.0,True,0.012183217112634774,0.009205925271016662,-1290.4171326164892,-0.06839823879459042,47742687196067.13,1.30305002812762,8.460756489534145,9.065297832177092e-09,33,0,-46.652408544693536,123.82353153080815,106.55905186124713,-292.69547191184563,572.7883388354294,433.445735386363,1029.796176235432,203.87324291937387
106,18,design_000018,support_random,200.0,True,0.012213355652751752,0.009542257687928745,-2478.0436014525517,-0.13633047239592094,29530130657188.652,1.1371035713336881,10.020053829064274,8.105037340159295e-09,34,0,-90.97647794406971,368.9042638788177,-29.646403539641184,16.96576204392572,148.5928994335805,203.69485454037567,1288.2958704631728,261.47068016355473
107,164,design_000164,support_random,200.0,True,0.012253885564151537,0.005917431322826905,-14542.42043604984,-0.29233851259270616,130949216728348.34,2.3169066732725363,21.75717647330898,9.292920483250455e-09,376,0,1048.0332290267331,45.099954477185356,1356.2265406569184,208.691201747484,575.3540072897209,418.81858631449666,-81.48264431796599,-152.3951556711333
108,431,design_000431,upstream_focused,200.0,True,0.012321068676339154,0.010510312196692644,-32.03006870517851,-0.14127307127096295,7807.267596428022,1.4303474707167723,16.4231596344383,6.834088320307354e-09,21,0,-116.46788246967304,21.255637994685117,451.9121945510476,264.91395861067826,-313.90951129967857,474.5793832106033,87.37664853186845,-146.83146667731495
109,217,design_000217,support_random,200.0,True,0.012411539432089289,0.007700134851038813,-3589.373046811932,-0.12324804462574075,32304011819700.758,1.0005731238473268,9.269243224820897,3.90324823943157e-09,31,0,-223.4153258119463,212.66059158151455,-99.39363307120914,-112.76282715663308,238.8558444334447,-11.058633922838464,1523.3875821354359,702.854844230822
110,169,design_000169,support_random,200.0,True,0.012435612707979419,0.013168671658902812,-144.9708463868394,-0.20038012159058607,5217849317145.334,2.696769092172033,30.07694598475364,9.973515361946888e-09,950,0,638.4671633307859,41.4378773196498,1490.5373898606585,63.5267918721476,930.8758719014394,76.84434771257456,319.90815804807886,-328.40721630692656
111,42,design_000042,support_random,200.0,True,0.012500794636878133,0.010270183140752627,-110.0116450135542,-0.09113915038411491,781624.1832534521,1.442714661184839,18.43801577182131,5.084609297774702e-09,15,0,-328.95557187347055,-27.155146268828595,133.73458104643115,-252.84322626007835,-79.31182016158085,50.27711299334371,550.6172489948844,-211.59611607471737
112,123,design_000123,support_random,200.0,True,0.012561170750748349,0.010441014890787113,-2080.761044485423,-0.10496053426693909,16253076974908.605,1.547554218946239,17.809977272996733,9.755553014041596e-09,41,0,484.4946821632227,-40.12505265418507,1228.38295129978,394.58573861103935,-37.621107192574414,-1.8149411180630466,-531.0731056403592,-533.9356017120867
113,84,design_000084,support_random,200.0,True,0.012743050913370906,0.011775055947920417,-3005.8003556372946,-0.16573120939625322,30345892227773.13,2.342958344390807,31.38980987273232,5.124136708935329e-09,30,0,107.03736666789662,-330.09411433721084,598.5029043818143,20.256671627360344,1365.2537181419777,168.94375514612005,117.04674316267571,89.24759502004656
114,116,design_000116,support_random,200.0,True,0.01275110374026812,0.011931010414910131,-69.79872907735086,-0.06537464398371433,30605544581932.793,1.680998895768484,15.810628744338608,3.6996106633719516e-09,73,0,722.0838869668909,346.0985033788015,1143.29175785651,474.7912049508358,-17.10697400002885,66.4867019634404,202.94509162566973,228.77103618426008
115,230,design_000230,longitudinal_stratified,200.0,True,0.012910047674248753,0.013252432786484237,-2217.435763754099,-0.10474338369870796,12284400955539.326,1.9672741648639696,23.613636444261456,5.038963413838568e-10,46,0,-296.1794941963314,-353.59081207138934,77.95869370340702,-543.4043905194179,515.0844560297506,111.64523853016752,1230.5097067585918,193.90262493762367
116,90,design_000090,support_random,200.0,True,0.012935491412662726,0.013694491567510497,-72.65897231782026,-0.0812113107953223,26567.169561884664,1.9772181243091287,25.62938626757213,6.248416518272434e-09,14,0,473.7571903101393,188.44135966534157,233.54926937681554,111.20100145219473,-184.38890811258025,-363.9342088942956,343.24506616571273,-163.78056475881922
117,20,design_000020,support_random,200.0,True,0.013020315242710623,0.01280260688161702,-13559.366886216942,-0.20348093145821963,28373884033748.2,1.7373407336438005,16.965490331277987,9.99161904011301e-09,1584,0,250.98245311369914,39.929821441187926,1445.1212666499073,400.66952866600843,434.9118294214649,227.06213297600232,1005.4623314024085,378.7053912943853
118,43,design_000043,support_random,200.0,True,0.01302666532161207,0.013826052367800766,-14419.734138654134,-0.10257303577753024,47982672.565266535,2.303278526607116,25.095182545649603,5.586873554790657e-09,70,0,519.0528185762851,553.6177178591208,-328.984816987096,92.69749317256642,1017.9631037187127,193.9891703649589,750.9143064262234,260.6780407411358
119,239,design_000239,longitudinal_stratified,200.0,True,0.013036820510341593,0.013560672028797703,-434.9621524436932,-0.11558756397205247,20836415663817.207,2.0431767489980666,24.365843014334114,8.98325526149385e-09,111,0,80.8025920502674,116.71714711289712,404.01372759708477,37.936402401350584,655.2206844355501,332.3411598276366,1414.5976296953536,376.7511037633043
120,482,design_000482,downstream_focused,200.0,True,0.013055544775117087,0.011792693237451041,-621.8782958868746,-0.19371106346226835,202400923417.86365,2.472546687258035,27.1598517087694,6.949028403629035e-09,361,0,1545.770889009858,297.695263278064,841.6921743737227,34.00374460214505,1267.0760236782442,-231.92689431075667,786.5425313955508,295.3322165156434
121,242,design_000242,longitudinal_stratified,200.0,True,0.013101310888594678,0.014998583952735789,-1458.888140872063,-0.04220926334995449,9358633052413.338,2.279829663971384,26.000321826298272,7.1133174473777035e-09,39,0,-237.92045811674996,318.3928548608253,249.96487178924625,-43.63602082578667,538.7125052339509,117.16388138082708,1048.4917128420789,10.08694900437498
122,264,design_000264,longitudinal_stratified,200.0,True,0.01311437692984359,0.009287529454840222,-1607.7914950168952,-0.07994283501858929,10673887796984.084,1.1078273879016973,10.761172882821464,8.371343009036671e-09,36,0,-246.24565020248144,-53.74369385142641,157.75101603164183,-277.4620847195684,341.5884265522477,294.26933065557034,1122.5656362001275,394.64744490468223
123,204,design_000204,support_random,200.0,True,0.013161339979371061,0.011321824867140803,-11238.728830999662,-0.08569717373140828,14019656095197.576,1.3383262324339549,9.464503705396547,6.981061149920923e-09,50,0,925.0268981252244,54.06360626766437,-267.0729173975523,-237.26739957627552,940.2259916261837,492.24612892829686,-154.42406616005815,286.51601574192955
124,249,design_000249,longitudinal_stratified,200.0,True,0.013174995957505316,0.009741840534740006,-1008.4915620013977,-0.092991562416052,603185741547.5455,1.2963957770896282,8.851299641829632,8.040509340173168e-09,37,0,25.29454490278691,-89.03389188099386,150.91068609071033,368.24054091824075,480.10431087062307,-325.45564124885016,942.1960185034666,234.30096326414218
125,338,design_000338,longitudinal_stratified,200.0,True,0.013182416522620293,0.013741794630461544,-1538.9859508395434,-0.05938101941545799,20858633184097.3,2.0891078190739645,25.712158438449876,6.8813874765156145e-09,25,0,-306.2093036552819,52.529186036288536,259.37260551451567,-163.16511000919544,633.1650994223601,189.48920708587536,1799.042125578976,-407.0270487995978
126,206,design_000206,support_random,200.0,True,0.013455556298768682,0.014362649565290111,-232.41337264811648,-0.08288892973072506,36095236560194.94,2.4407994849489576,30.62263951229897,7.4327570021495394e-09,35,0,623.8152817989654,-22.33079700813829,-111.0058878600808,-350.3009870021269,246.008386029711,-241.7305884804301,1092.8833809593812,-29.03747976629593
127,53,design_000053,support_random,200.0,True,0.013470211477415853,0.008456820360617172,-12.596742822510905,-0.11588869501052287,2737.6826218495958,1.1660254134786587,12.99406244041301,8.546104605284813e-09,10,0,-92.81822629939217,-436.49814941162555,333.5451947630866,178.29125711394596,301.7874599557006,-167.58595422770642,-96.77407596956637,-149.8694132705062
128,98,design_000098,support_random,200.0,True,0.013542310858819406,0.0078064965064559046,-13.125878981717726,-0.12718486981180968,538.368093675238,1.0879974098852634,9.936674188386844,5.350468890451044e-09,12,0,198.07370246765635,71.26095830342854,-158.184795517378,323.52195814727776,-176.96101621955677,-190.46669404137648,-440.1695080179393,-36.96997879671727
129,304,design_000304,longitudinal_stratified,200.0,True,0.013552344096157815,0.010103741650435722,-5204.029683060913,-0.11544320180779448,19366569078377.176,0.982707464645298,10.289784492691577,7.855485161325065e-09,36,0,-151.91908782700972,10.666758372471921,229.807978024028,-332.2410650138755,272.8778552913492,168.79135519066102,1607.92295029851,-71.67039639363625
130,333,design_000333,longitudinal_stratified,200.0,True,0.013597707501519677,0.012641303352574632,-504.52505377307284,-0.11506784491821814,114149306.17020887,2.165276935345069,23.32976467506768,7.898930736716679e-09,20,0,-67.81594955810579,-0.9804120069072155,234.75069976794367,246.3048608869077,319.41642777320266,-310.1671119528211,747.0546447169774,23.032012357000895
131,72,design_000072,support_random,200.0,True,0.013646867355266835,0.011426664654205986,-128.91835388355517,-0.10276780982884669,350875.7290118021,2.016277377877549,28.007751300319583,6.206693615815228e-09,16,0,554.1333574396923,-215.31516493070586,-173.97143264516643,-74.55125521060931,460.2675529268098,229.53315733051332,289.63328393189283,-284.0317760793666
132,36,design_000036,support_random,200.0,True,0.013688216345295951,0.007548006019114021,-3947.6668122449128,-0.17864151097642436,37084100969491.53,0.7314537352540675,3.6842867553795036,8.182500198783226e-09,29,0,6.537180744978457,176.2768095600939,-379.4622951298225,-173.28156435203243,17.476560263018257,-87.28128275917345,1523.0035840963494,341.45922800949114
133,45,design_000045,support_random,200.0,True,0.013702359516131375,0.013584911832500657,-278.4965539269474,-0.11705078468541752,2606337.4740376715,2.4784307573025264,31.64268325661985,3.4126885051371283e-09,30,0,-149.3631469711213,-576.1155510856229,656.5245412521391,59.898010202762535,109.97545518617953,-12.657249772152653,353.89695627251723,85.11437432840549
134,77,design_000077,support_random,200.0,True,0.013763638094957559,0.010783034958277517,-3415.7258000109373,-0.19414274965182166,25572235322048.297,1.2421092706059529,13.656177784437025,3.4002614995316516e-09,49,0,175.89170353453957,-37.01419360002639,1430.7888058645685,201.17235117987593,-25.90179272134225,-385.1171592259194,365.7659856858188,185.84821500555637
135,34,design_000034,support_random,200.0,True,0.01378893672337474,0.013068874666211422,-2900.581174843989,-0.16414743326237716,5780075789615.215,1.6917603307934683,20.667450952627345,7.316226742832051e-09,48,0,509.64644883997687,-139.52188240603493,1361.068187256716,265.6482502794475,444.38791460957304,-705.4991399329548,150.0029322953539,-123.95980397802114
136,298,design_000298,longitudinal_stratified,200.0,True,0.013847682565667619,0.01140761356740906,-3856.0010671055124,-0.15135225012977363,11937395584352.426,1.377867982980593,16.01772114068478,4.632184152154028e-09,38,0,-15.622356535780858,-35.02364722486555,386.66046474638506,-384.80320080314675,451.2779159403517,-135.32817105190495,1527.2475343065794,464.94323752119783
137,154,design_000154,support_random,200.0,True,0.013850023964527725,0.012741836211108552,-105.4984886664457,-0.09156305722936862,152209.70330006175,1.8385612255014392,21.53941302236837,7.683156041566352e-09,17,0,512.253348433524,307.7116953566095,-187.0569100576042,-20.4761568460809,232.71302717428878,46.49379815427477,453.5991220259799,-288.3871545126223
138,171,design_000171,support_random,200.0,True,0.01385622241834447,0.007529955335933841,-3278.125635164033,-0.10372020803637395,48126900738828.086,0.8941872654638435,5.426618909553126,8.104068979413799e-09,41,0,-53.31720838841308,-374.3798092037546,-88.78968855022119,25.835307013983766,1345.3210677706568,-245.64161063093465,959.5570037686642,385.450266992233
139,335,design_000335,longitudinal_stratified,200.0,True,0.013905702241511678,0.010909542186276726,-3123.274946354626,-0.16883660058487887,25809476163680.3,1.276074486628871,14.205348667007048,6.767423322021636e-09,41,0,-46.07668988856331,43.42574249345558,248.73707654013023,259.12981896810254,368.8571110499987,-31.051619012717634,1394.0568105247514,247.96165204779535
140,263,design_000263,longitudinal_stratified,200.0,True,0.013924469823193307,0.011850882463438421,-522.4903822416933,-0.07887061156952657,1221468637.913813,1.5564644466507505,11.742194689700838,4.96514083445394e-09,44,0,-142.29714567040944,-667.1929731199842,79.16223740859661,-162.59597080519177,500.9501908455619,410.56575216537516,815.294772580286,234.33866541257345
141,336,design_000336,longitudinal_stratified,200.0,True,0.013939375484736286,0.014397888978506511,-484.11994826234724,-0.15563097198747286,72267856937265.39,2.4354250105056114,31.64694280781694,9.701285878697387e-09,69,0,-323.0320963371106,-475.08372528987405,241.39791569914922,54.58497610299871,607.7720334031743,94.05646760302878,1428.3531435505438,256.9539919301635
142,432,design_000432,upstream_focused,200.0,True,0.013956415014188164,0.01210231199190829,-429.4275519614073,-0.1290743275763038,6915953.92452882,2.0783498492747166,23.820936792374976,6.4254654533769e-10,39,0,-240.16156305093187,-345.01811881965284,713.7145869949088,15.6199880140897,105.81291104334349,193.30203313129743,252.9641734155498,516.9492829709657
143,35,design_000035,support_random,200.0,True,0.014009204699496899,0.008368732757788423,-38.83249193378774,-0.10722733312541462,25426.14035076087,1.0872911248365646,11.835907563051705,8.668141933998534e-09,16,0,-277.0507673182781,-312.3731025177944,-258.57338639233336,59.485494496202456,203.18091531055907,-32.729518660962334,399.40712259666867,353.2847790155531
144,54,design_000054,support_random,200.0,True,0.01401026488508597,0.01595459239834395,-305.96217731390976,-0.05029217248572191,8214595286260.838,2.6154621338378616,30.21172379345856,7.647143938819714e-09,66,0,760.4562661700803,90.19163050067682,1277.8606934706143,393.1307648099181,298.9540304598307,71.6203900860096,280.04219785104834,-233.142764727674
145,247,design_000247,longitudinal_stratified,200.0,True,0.014023702492881665,0.013177120906148023,-3626.1450610122683,-0.1366528133565472,39129137213528.055,1.832751358794709,24.815679193879003,9.77924766398837e-09,31,0,12.722852919580042,258.3358203041598,133.88579091609415,-176.449934760344,499.9952821623815,-10.104035689544688,1482.2670263286589,360.64671198828046
146,212,design_000212,support_random,200.0,True,0.014075791168754497,0.00829506987944936,-25.705051787156357,-0.13733908250568255,2836.6957469414897,1.631926060892098,20.29645344735729,5.128283983587139e-09,20,0,481.49116796459634,-18.060866769061853,189.65721626552943,432.04412777767135,-52.3609368411682,-31.05639090961745,-346.73853476185377,-338.77678441532885
147,310,design_000310,longitudinal_stratified,200.0,True,0.014114435716516332,0.012421325214752874,-3107.0234604055427,-0.13757861348150047,20201824272917.594,1.3432477967425738,11.338388321747436,5.980302225409199e-09,51,0,-187.9058918866091,-470.12833191944895,125.98932339701521,107.27407110663478,671.3841595507766,328.8452789169013,1341.153804137063,-108.019071155484
148,185,design_000185,support_random,200.0,True,0.014155992812079098,0.012645706651869185,-17942.837367649772,-0.17931579070276177,414773814.7844976,1.3476722067014204,12.606778959043407,1.186744229186921e-09,63,0,1140.8123631697351,63.301377438374615,-42.325695342692185,73.90288312715776,286.3097016152506,-382.4955704700281,290.0375534170936,190.70529098135293
149,82,design_000082,support_random,200.0,True,0.014164100954407618,0.011694593979940899,-234.85968756917882,-0.17554897645792109,145182652815378.16,1.760730771901437,20.301776345301914,9.988704481694287e-09,1908,0,1527.1485040402308,306.2092439831928,348.7316435578475,22.058282820538594,81.71761999668391,5.720590254464511,1092.6018623144455,411.9556324996866
150,420,design_000420,upstream_focused,200.0,True,0.014174956070578986,0.011085278530830772,-88.73435683036418,-0.08722376103906208,808507.4418453024,1.3075065469883769,15.152825911846891,8.62112204108211e-09,15,0,-120.40696243353489,493.22244215992305,-75.10944658795313,-249.3609069952148,386.52963769177575,-167.69812518900972,484.80678090149434,409.771939907891
151,279,design_000279,longitudinal_stratified,200.0,True,0.014191406213064455,0.007381618821058762,-249.02917770462497,-0.10502934480866574,30980680730829.86,1.1405829561584857,6.497485500191438,7.555694986827998e-09,39,0,-39.6469460061338,-154.34556739415672,171.30173265626007,227.2946141951373,636.6806531327045,439.340053802459,1216.1337599685871,438.51686143706513
152,23,design_000023,support_random,200.0,True,0.014235766094106598,0.009861845714459031,-131.4433001763045,-0.08931880391352341,9685879.982406842,1.434992727263465,14.62895300888486,5.286549390580889e-09,26,0,53.50298039503217,135.78938846991844,271.74353035940015,384.4563717881964,525.3705214323088,341.6809327136274,13.717373605350012,-250.38185502111025
153,108,design_000108,support_random,200.0,True,0.014236751784920744,0.015260501325793792,-525.2538216592088,-0.1142796554157054,667530419.1715404,2.104442992868593,21.471531110531103,7.519421750490813e-09,26,0,-126.53813584883531,-341.2467747754652,311.84129563434925,43.74069298052545,344.55832576979975,-337.1744748374165,758.5966116554355,46.783605707987604
154,99,design_000099,support_random,200.0,True,0.014262973851992317,0.009340088717578568,-691.942600659693,-0.08782447404546477,22619837593.410885,1.63898335969897,13.66851866911395,9.823690842201926e-09,37,0,677.283590431828,-337.96136018518825,-279.0182782551866,226.60017626452122,58.42053160704447,-173.0076134803287,844.3790291828938,331.86350501299586
155,22,design_000022,support_random,200.0,True,0.014310762249431085,0.011835319030027358,-581.1379086664348,-0.0858177424821542,362051501.7761367,1.89987498393542,15.902322899285222,7.507146818586007e-09,23,0,784.8126427557736,126.79706106873621,-65.36443414047895,-601.8732709811113,-110.17729362375351,-304.27389458847426,-283.2073038640264,76.53900465843702
156,294,design_000294,longitudinal_stratified,200.0,True,0.014342301865196569,0.01567015587500461,-2243.677337668636,-0.09140776078779017,7295782537052.411,2.085583862652221,25.650008213934886,4.5383441036466095e-09,43,0,-140.89677158545413,442.1648984774749,253.80848474451682,-60.717038890285934,559.5975849573067,153.07195024055414,1198.4624412341625,-91.80463985311405
157,111,design_000111,support_random,200.0,True,0.014356659049898468,0.014372185264066683,-894.082540597313,-0.10451443150076653,1303267787.4997292,2.055332934691247,22.956432024839117,7.733993937010352e-09,32,0,367.95877086736516,213.94362281936935,377.25687319596943,-301.53483739094975,-176.09303351806795,38.91792056391917,723.9830192660112,293.1048926803736
158,184,design_000184,support_random,200.0,True,0.014396379500643127,0.015114988845114101,-339.48038528619225,-0.03779462359872205,41327144988862.72,2.5292557835695257,27.912925402339756,1.3210026175990683e-09,78,0,-84.66789407047023,185.72791373734321,847.2147696331856,62.511059733857564,495.20395592435443,114.90090735077877,1192.969233225059,489.974825621734
159,443,design_000443,upstream_focused,200.0,True,0.014445120794692477,0.010832928650964604,-8.96219063687498,-0.10738917737744354,10978.222300950598,1.063700768054258,9.541555423808534,3.829820750962444e-09,9,0,-15.74860847319917,-154.04229814694577,138.23045207664848,260.5469822081461,-255.1633447458255,349.7876242624251,455.5182478431735,-433.8806767743606
160,444,design_000444,upstream_focused,200.0,True,0.014588322145461663,0.008227031222933027,-99.31830539803914,-0.1405429245890875,46600.00431352285,1.5686424606010902,21.471222048275443,3.038204711562137e-09,22,0,518.4605720351796,-81.66763607730559,-27.18703914187813,474.22207007176394,-126.78469434901135,-219.9612747627694,-97.30763575187248,217.46729527406353
161,71,design_000071,support_random,200.0,True,0.014614598766108561,0.009178919611800583,-6.793982766951972,-0.12482822793116051,540.1467445189244,0.8914992456565335,7.050431063212673,8.252780332811423e-09,8,0,-283.41606855366103,179.1338036489136,101.36634916474186,80.2801367393371,12.123744165931143,-324.50470217051367,-170.84379178627947,-107.67393741028472
162,46,design_000046,support_random,200.0,True,0.014747991520990206,0.006297140827109468,-3616.2664094358724,-0.21745331518108213,24760761958909.035,1.000495605143411,8.354288071934423,9.560482946205658e-09,65,0,1466.4539270100436,155.79720648785994,1606.4966025596775,689.7977026251697,-16.324404309907713,-89.3395787163705,315.5915367960564,160.68877463118645
163,316,design_000316,longitudinal_stratified,200.0,True,0.014751978156914378,0.012352622471775801,-1359.6548463927113,-0.10054967383435544,56982264234151.98,1.3655656858570895,16.88459752565343,7.826046341961522e-09,54,0,10.911475705516807,-4.196401996529737,234.8028067593773,191.7159646256879,410.5946318536288,-54.568706742424695,1816.5890929902416,-125.87276045245228
164,75,design_000075,support_random,200.0,True,0.014776189049033939,0.007894601452660476,-1420.8335865509214,-0.07934964954333663,21418135427522.13,1.2134076419287056,7.368835938314246,8.972995904814994e-09,23,0,-101.35588145466033,46.18366438685725,481.56612759956533,392.1676756756484,1050.7607962282316,154.59483668434586,-69.86515335935053,-480.31264790112846
165,258,design_000258,longitudinal_stratified,200.0,True,0.014841831492124377,0.012781149963130636,-313.3338021012451,-0.08411644659022426,8237095.4013059065,1.7805182277941036,17.63426108500273,1.5473441765160792e-09,27,0,-458.8895847342839,-69.8328536459108,106.71630883991588,-7.695728654610335,256.3448236570537,-537.9075691507825,671.9477979211302,260.58849218819813
166,320,design_000320,longitudinal_stratified,200.0,True,0.014910743594527855,0.015775489866282185,-688.6902982572338,-0.06414005233661696,26423598064.492874,2.182281846912366,21.77200087878449,7.2123858900448095e-09,33,0,-132.51292660958916,284.925160218203,117.82354662852838,63.7706422967644,414.98663151625476,240.57830969854214,835.5577162736287,124.53692902810658
167,259,design_000259,longitudinal_stratified,200.0,True,0.014933324431738346,0.01108193107415776,-4635.799464537137,-0.18440441169776123,5300254441613.175,0.816887904269802,7.9686177840836345,3.910421091217322e-09,46,0,-309.7551105278745,-39.31135579155049,222.44852443695424,184.26969676554918,304.28857363279405,-256.5165600658491,1574.809038692853,118.58204130774773
168,303,design_000303,longitudinal_stratified,200.0,True,0.015053666320712268,0.011731559150615306,-3811.1689545402405,-0.198697927367982,13143622148682.89,1.1860195258780952,11.00481691064908,7.421721391942708e-09,71,0,-139.90478985532738,-455.50353846973337,177.1655793835906,-80.93561515805078,562.0865619081056,393.2313426144277,1457.054516690364,2.463844377257743
169,80,design_000080,support_random,200.0,True,0.015098424294741642,0.009480039697477627,-182.60698146832644,-0.0967883227498644,1802478.3200329223,1.3277373571301982,11.98099814535033,3.0327535512574574e-09,19,0,593.2798644902313,361.18109716281356,-80.38165133756564,-474.5417988882787,167.55933713567495,175.36139423440102,15.680472526869323,-53.377040925968245
170,269,design_000269,longitudinal_stratified,200.0,True,0.015116562614721198,0.007746883238484822,-2033.554745934454,-0.11864665974439609,11773450816823.162,0.9973224968864408,5.059821170438342,9.420656079082143e-09,39,0,-184.58458774451475,-19.90841455690493,135.77347730454287,-96.18008306990318,441.8176878769702,-250.25763803250223,1184.9994093309858,121.49558758348707
171,238,design_000238,longitudinal_stratified,200.0,True,0.015156610008781648,0.01610007259872038,-869.7920977492083,-0.03823685831915374,163399291595.53174,2.0890670151316684,22.103446216634353,3.5280019444826387e-09,28,0,-467.4208739781034,45.60175040651903,262.75153299380185,339.2437115735757,431.54999757935906,148.8035800728373,905.5171339384586,212.54513967728852
172,227,design_000227,longitudinal_stratified,200.0,True,0.015165899033238018,0.014669666783216026,-597.4900828032443,-0.04777537196294787,4817647828.642846,1.8658531570573131,17.645396326069633,8.111658755852852e-09,45,0,-228.63769912687246,-324.48035104888436,212.29187739655907,-306.55764781328946,372.3218188733915,281.8330690550018,807.642757357101,227.96820694645425
173,157,design_000157,support_random,200.0,True,0.015207780501186657,0.01118389497492145,-275.3973174030178,-0.09035651916726019,119118522.57349369,1.0709283329612866,7.489992212763526,2.113490004733255e-09,25,0,227.425172553072,-256.5081538878206,273.2910416317008,358.18045024827154,28.48544041459407,-69.63799167972626,659.9282962341191,444.3703278992667
174,274,design_000274,longitudinal_stratified,200.0,True,0.015233631558956476,0.013459885580596515,-2112.20163131874,-0.10135331643648543,19654518702059.207,1.8029403090095597,22.830697152845975,3.840198461068761e-09,42,0,-407.1082122371125,-46.84260533630014,87.64729437929695,194.4212177554416,417.63535578826895,159.8731455996754,1184.4254297500697,-5.690253257117371
175,297,design_000297,longitudinal_stratified,200.0,True,0.015278243787435516,0.008670636199664121,-2822.52011487002,-0.17062812387721282,20423088616315.17,0.7343073627781203,3.949343025747141,9.493150995804316e-09,43,0,-192.50756522027083,-145.0420099255737,193.63913261184567,-239.31124250378085,447.36625775596104,-400.6177809029117,1341.9203010115014,217.6743699153934
176,106,design_000106,support_random,200.0,True,0.015281095581798146,0.013854232362197428,-3496.560560981309,-0.18664561214565498,26602623502067.793,2.047644188046851,28.442717458961777,9.372923270138915e-09,38,0,558.464604203528,58.86889231984269,1416.1330313826552,14.744749199623037,105.4546061236862,237.3690113947721,148.2958095679222,-264.9394872526219
177,213,design_000213,support_random,200.0,True,0.015368003080045399,0.014827150884877007,-13522.446105989324,-0.11123783759425208,54560686.0947459,2.244220466041677,23.42775955658492,7.935692104592279e-09,112,0,172.2535759460133,-105.18511204709733,993.8705260835785,327.56729490406235,363.62381527396224,-296.2570201832035,713.6728147517761,267.24505821957786
178,51,design_000051,support_random,200.0,True,0.015373862129730537,0.014653058029284629,-14716.321862306786,-0.10930288914179821,4534175755210.14,2.7372000385917077,31.31738810081065,7.099318257940902e-09,69,0,1011.96488775165,312.6252210812303,639.6712732496602,-29.913029021433502,142.04952330916748,-21.002888933811303,985.84424934403,-27.1277457105811
179,160,design_000160,support_random,200.0,True,0.015443558183857552,0.0077608703794417025,-195.8671251659816,-0.09113835765358695,19022917224197.99,1.2220538212378589,7.213161931709992,9.826200500241185e-09,41,0,602.1621003239677,429.4882958203771,-299.1401198542801,-377.1754531827313,1061.3934148809183,338.17149128835996,-68.93049962524552,-17.211054904099917
180,455,design_000455,upstream_focused,200.0,True,0.01546696408908129,0.010590039660243487,-405.9520645491056,-0.09215248003071433,526206414.0325209,1.4553228608181707,12.763274370035777,7.64336310421774e-09,31,0,58.846573049407084,455.6691072984322,-125.71555520931554,-211.10084390419803,640.2445355803884,-569.2324162375401,724.5691499682871,349.576825764844
181,114,design_000114,support_random,200.0,True,0.015482188773700124,0.016651684703774764,-236.7740396817027,-0.036556356073018104,2030954909237.54,2.4730900729773553,30.05099352091433,2.5173297519262356e-09,42,0,1197.332655573754,454.29298539377265,319.89419394797994,-266.24693041880715,-392.8050020429355,-445.52036837896003,682.4791528926289,162.15579241247798
182,285,design_000285,longitudinal_stratified,200.0,True,0.015508594208864737,0.011733148243648555,-3853.529680832856,-0.20598400605625142,39457572210444.55,0.9300960204686252,10.718443415401602,6.367728849323873e-09,44,0,-149.96633896840422,-330.64745425224805,174.79330299428068,208.12124795288653,460.28583240815783,-295.04566524122816,1487.9706739088083,181.68673705270265
183,311,design_000311,longitudinal_stratified,200.0,True,0.015582736519544537,0.01481341855070848,-12927.281587510957,-0.07865081872583059,939925805.3772346,2.579618466837809,28.60230970135207,1.047685589668364e-10,31,0,-81.31637877463099,188.6153483260639,175.11633083338612,-442.4967781483913,669.0502725476448,168.99981998917502,978.5710419301903,213.0219199978079
184,319,design_000319,longitudinal_stratified,200.0,True,0.015599172808810683,0.015679377522785143,-277.6619670639736,-0.04948569069157507,14857119.676741505,2.1731706010431893,26.631258879864316,3.839788092391422e-09,19,0,-117.07547719450827,238.47368006717193,161.47393748128718,-279.6339136847188,391.8034389798827,-101.66745401092572,656.9200879582099,171.24421327798865
185,254,design_000254,longitudinal_stratified,200.0,True,0.015619146444274052,0.01334618274054642,-1333.5937132600468,-0.09598089607967333,66228882592368.875,1.2365884909223899,15.10377137288067,9.046197513796256e-09,37,0,-3.012392845097068,29.004917049388617,182.33115139395082,-391.4646717456191,366.99929893145486,-36.51585399173192,1903.7910091968372,222.00209324937998
186,103,design_000103,support_random,200.0,True,0.015625431660502127,0.010638215977014117,-4769.692867208962,-0.17279487057876128,43207083677465.625,1.6532465091497919,21.01757157899426,5.4093252773302204e-09,57,0,-299.0889066161456,-304.1190863225244,470.33800007356,216.84466806675607,14.583244081460933,125.30552173008809,1623.2399332585346,352.6018291168342
187,211,design_000211,support_random,200.0,True,0.015670047702544303,0.009366998717596203,-2226.8548854325886,-0.10176224753306266,9437007620096.49,0.7560618010457107,5.006691857116583,7.02220187202197e-09,30,0,74.14516674148159,-58.23895064751612,1253.4355686778329,364.5918349344756,-93.7697777640851,-514.4213027008616,348.54114394732295,385.76179223845907
188,73,design_000073,support_random,200.0,True,0.015704727305031422,0.016457156343574104,-762.373073878109,-0.04779865800679437,24420469039.69936,1.7766140450948238,15.625147981239904,7.837946312418897e-09,41,0,860.8042544855882,194.06595248519466,390.2708733244639,384.39034150932895,-404.37887619328376,-452.4650398497271,306.58630099307493,30.351857380103475
189,499,design_000499,uniform_control,200.0,True,0.015721003900413675,0.010926879943961859,-643.8667041881148,-0.09534688906792153,106526729380314.22,0.7983636741404706,6.529167572884914,9.57296376851754e-09,46,0,288.19578282181817,-95.88148996079053,1931.9104928742117,-673.6694390072594,681.716705357494,-602.1612552212457,-99.73983839719142,-22.536346735131474
190,268,design_000268,longitudinal_stratified,200.0,True,0.015815761939813888,0.013032531143512898,-2067.867605918278,-0.07897789227498322,12913068801858.809,1.2963824454940418,14.784944106765472,9.83226404486231e-09,59,0,-172.37696002556237,-535.9483521182898,106.16706349475662,23.891536912443556,431.3481113296617,-55.026005886855536,1234.8080242768117,465.0499194620871
191,246,design_000246,longitudinal_stratified,200.0,True,0.015832899332811123,0.010437677652215215,-150.65570567838319,-0.14227697315363688,1260775.581307769,2.2506294320700038,29.269613625206794,8.224203415411899e-09,18,0,-190.6073786621812,-185.98120179630732,150.14677701883238,-171.89753632323036,574.1702575817952,322.1117635536685,583.6670197976434,70.82383184467797
192,125,design_000125,support_random,200.0,True,0.01583493085607498,0.014055531800191572,-113.37165004730385,-0.07416245934863842,138613303.68379274,2.1540322956513918,27.184064679529136,3.7227441635300067e-09,23,0,193.14528546271555,-150.93742180272955,688.1889439541947,460.19271497782313,-55.62399109747666,-321.0084169214523,606.37764681063,216.93221222172895
193,33,design_000033,support_random,200.0,True,0.01584235000599509,0.01472286402647458,-331.42219408016575,-0.08131870353926247,6251550342720.781,2.421369476171003,27.099555046578274,1.0452123721701124e-09,51,0,139.99570653331216,-534.9193660718087,1194.8964593130918,-101.27051718096078,699.1083934671836,130.75971058835552,-347.67189721795773,97.72343137174526
194,498,design_000498,uniform_control,200.0,True,0.015885028167297095,0.011208768376087927,-79.79532330703171,-0.12924763321054114,42179518852070.89,1.866560879079294,19.39445804121402,9.102004703553072e-09,619,0,-33.4492171836589,-286.8956291741423,-149.5966106607347,687.1067978327346,1320.2504980039505,300.7745933156384,1067.6568395078023,257.55232584900773
195,452,design_000452,upstream_focused,200.0,True,0.015983476513106706,0.012520064412137998,-366.86446316354915,-0.06804242215247717,11657190.843783135,1.825291360559203,18.337042359311155,2.599021870139681e-09,22,0,218.83101849079628,387.8613659008374,-327.3704184154607,-594.5487847311276,-149.74127004011916,13.534215646567873,698.5196001658803,235.8089234233347
196,81,design_000081,support_random,200.0,True,0.01599097189461556,0.016344588853869194,-7249.624008722964,-0.12931033736287562,664975358296.5724,2.716295163569298,30.164209399350224,6.7021437038648365e-09,59,0,1121.967343950186,179.5148555704742,351.3093970188313,-67.45389520199966,752.1573331758007,24.08525577568748,-250.42898970372158,-604.4524788050167
197,237,design_000237,longitudinal_stratified,200.0,True,0.016021303047963297,0.013661628494474715,-4814.708837309382,-0.1622841487397648,9152750092921.357,1.6332914450943279,18.789434666278265,2.5032766360548915e-09,78,0,-396.4385893669429,-278.7570802550287,201.59861797071304,198.59828058286232,541.9019098739459,279.3603542191776,1630.3696678325648,367.8279506448389
198,102,design_000102,support_random,200.0,True,0.016079849556324934,0.008025708372752377,-5309.10604693728,-0.17562009182294683,20623986512501.6,0.7208883669459358,4.96430993044488,9.41881867355729e-09,47,0,-89.57631346667102,-477.8139744421329,195.00663020671868,115.76634528534207,-31.299386492053923,-104.77928151112023,1680.6096231712065,353.10892165443784
199,248,design_000248,longitudinal_stratified,200.0,True,0.01614382707736172,0.016071435892450244,-9913.849655184275,-0.06245758931358815,2978929.3117110617,2.5048875669729624,30.164378176706514,7.576104319036087e-09,61,0,-24.403384033114015,218.24461654222335,321.6254516756304,211.47965087608463,608.7667501617294,61.72670915043562,869.2735549612502,366.7207412954454
200,345,design_000345,longitudinal_stratified,200.0,True,0.01618193296540283,0.01607295720731439,-504.1336003754391,-0.03823926631006329,13110889277.836626,2.4468156635822496,28.564635480092807,7.086353130741873e-09,38,0,-109.0622845544108,-443.7652772248051,239.7102547698714,249.77979778065077,584.8931265558684,-39.39772656289353,802.1597616226081,242.69220394640882
201,244,design_000244,longitudinal_stratified,200.0,True,0.016400154840377205,0.013136462495815151,-10049.35422147969,-0.057407448021104236,16849765.680564817,1.4105003644613947,10.06053873086312,6.985650338598452e-09,44,0,106.51940437914844,169.46217514851395,53.59359969813504,-424.5305825442281,340.2658716758234,277.9040754363451,874.2681103360459,273.72749054679673
202,11,design_000011,manual,200.0,True,0.016406978732175753,0.014001141633505642,-11595.79590538049,-0.10409287907525357,53037786010175.3,1.3969590449338891,11.53112834023089,9.980665861260645e-09,843,0,100.0,350.0,700.0,350.0,1300.0,350.0,1900.0,350.0
203,327,design_000327,longitudinal_stratified,200.0,True,0.016408534681070248,0.009668717721459453,-3693.029360677861,-0.17050252164845664,39434466130516.91,0.7300131855924509,5.269114826280454,5.854841912407281e-09,35,0,-107.36954668648943,-248.49130779031387,169.61025954846906,-83.24548703154898,319.5960238434334,-372.7358731268432,1497.4260563365826,404.3222567747274
204,17,design_000017,support_random,200.0,True,0.016452712197653582,0.0068784186116538585,-2397.0374626336647,-0.14080031034618706,26196619730129.18,1.0978044512472656,9.524061887293485,8.95214497736955e-09,42,0,183.8552691569037,-46.20808190012461,1270.251410054752,240.79053477895505,324.69799055417207,229.1971029016826,-208.8118589287703,-221.77791781017294
205,89,design_000089,support_random,200.0,True,0.016468048366666495,0.011393964171695569,-16510.935812189844,-0.13655871884273688,61324275.09036187,0.8174778196117272,3.9436018573560303,7.058396721160274e-09,72,0,1097.2251517179227,83.89649565226622,3.576438839544693,-476.0715800746754,-310.00296535805944,-39.98290257389344,-244.84179042912734,-434.8118568579348
206,197,design_000197,support_random,200.0,True,0.016470890258161702,0.01341081290103986,-2560.6294451453964,-0.1972739219608589,28978114994218.047,1.4598959413015853,16.226869776262927,9.99014229414083e-09,852,0,466.62566072198956,213.6451881974331,2006.4405234338672,239.93356383845708,1309.150213414733,41.740414069791534,1498.520192503389,727.5313516641613
207,26,design_000026,support_random,200.0,True,0.016473700916020868,0.01674591592640088,-9924.646965067668,-0.05242266818742889,91659231473119.42,2.16438195479061,22.24483304373078,6.833128385126376e-09,54,0,449.8414478019695,175.32105367104018,869.8022086217841,80.14584770931121,-36.4099261841495,-391.2406677630899,1985.6956569549766,396.1431354328321
208,471,design_000471,downstream_focused,200.0,True,0.01651763180190672,0.01534435486439652,-8460.224353539594,-0.09072076038587289,7760516537.379435,2.5779814489932273,29.07830215210463,7.930437713923401e-09,171,0,1205.244523552528,480.64315255479323,1201.0842972711807,-257.66411347602286,978.1864857779224,-53.396441166817,771.8095944963909,282.3090775506498
209,199,design_000199,support_random,200.0,True,0.016546032465216777,0.00789329632107496,-1074.4779429047005,-0.1477259577238053,143016296829073.8,0.7242114541702895,4.717420104681783,9.152227663333757e-09,29,0,75.66198617805875,159.58248397821586,1769.269798648057,130.73424919255797,-135.00196827381376,-208.6544794946912,-257.9739657919986,64.6899710708525
210,127,design_000127,support_random,200.0,True,0.01676322026264047,0.011298903667541238,-929.4301163776139,-0.11840730333186288,10472186249.768885,1.6482112210318214,12.660334145428632,9.928551837014143e-10,39,0,900.7876234360525,-42.0053590299957,-183.53158245082327,-244.8528032072254,-355.54749835920995,-646.5294991744051,661.094750098626,404.6404888734686
211,296,design_000296,longitudinal_stratified,200.0,True,0.01678268090419968,0.014136222405011249,-2759.8890659429067,-0.06901747859057891,14830453425618.426,0.9998460041880414,12.064028864284662,2.4297772230455796e-09,39,0,-291.99116307190326,96.28025140279979,233.551324665739,-222.0857547209319,343.8886459304683,187.6386701058072,1363.7762234299678,471.6812426000917
212,456,design_000456,upstream_focused,200.0,True,0.016823895174530264,0.009223641780525937,-8.944153242937437,-0.09863235382345265,2402.4532712501,0.9624684555361649,8.727791977953846,6.772924788778771e-09,9,0,-174.64800731456245,585.9008165972691,59.89185978832211,-150.40727833520742,-259.2948070432917,8.026200749891245,-187.13880368548243,-232.36943268216265
213,37,design_000037,support_random,200.0,True,0.016901286960286133,0.017023824446291427,-285.9026470524791,-0.03732426928014204,312970145734.2789,2.1679043296071017,22.758169359204032,2.201876432132607e-09,39,0,570.2291596186928,257.24347604301306,9.141690086297658,-521.0628725130323,268.2768503488426,-93.3872135554503,895.110826781293,212.50158934316326
214,115,design_000115,support_random,200.0,True,0.016907070693437116,0.012290217552786666,-674.9317104719775,-0.08054715304385814,3525167526.923819,1.277165534628254,9.771116998575788,6.327048558221362e-09,27,0,829.0097545568027,244.0421569049752,96.30849261547053,-35.37839063283174,-114.40381359058532,405.9476642622856,-361.9413132299388,154.03800993507966
215,135,design_000135,support_random,200.0,True,0.017056951789797298,0.008878415168793034,-875.3146636403643,-0.09615570350664382,64316441345248.09,0.9840011884345896,7.670956705203261,9.937775833332014e-09,1022,0,76.32465154718689,-178.43846225148633,1658.7243675074862,700.8601590515457,1009.3556229341206,181.6694928026426,-234.45724692514105,-347.5496657806311
216,328,design_000328,longitudinal_stratified,200.0,True,0.017059610466070844,0.00911713931212668,-2935.677558888588,-0.1856503601813736,15877722947904.459,0.7461065419530811,3.348836117912772,6.382940490854019e-09,37,0,-469.5080761516906,-552.2576923947602,-26.508630607130897,8.74508492496581,316.2373610952224,288.50876152772025,1354.872882381226,178.01954517829574
217,76,design_000076,support_random,200.0,True,0.01708176619557177,0.017112943681637367,-12197.067239212094,-0.1144959791649086,77025353.15634786,1.5578067180145794,12.175551566083438,6.708262545467721e-09,66,0,943.7768255442751,105.21052617922354,817.5431624422966,476.92542681117175,-413.95241016690363,-778.3300676433856,339.3240956562953,80.0853039613482
218,7,design_000007,manual,200.0,True,0.01721551346709203,0.012825379491487694,-219.81909841108234,-0.07309138086022991,13852632310347.047,2.2927155489022892,25.121344226701876,9.993257059386145e-09,221,0,-200.0,0.0,300.0,450.0,800.0,0.0,1300.0,-450.0
219,181,design_000181,support_random,200.0,True,0.017266439063790096,0.012670250025774194,-3375.532082625956,-0.1103475953085315,50786352939497.29,0.6429238547525086,5.9452612871903145,7.361621580460059e-10,44,0,-111.00154464536675,-384.419222331888,228.08970551956838,82.01670319063192,1460.383230288386,466.81911886728176,12.460490869221239,258.9812030047637
220,273,design_000273,longitudinal_stratified,200.0,True,0.017274809999753303,0.012619881281126033,-564.1994449974449,-0.08937063090343529,40401073196985.11,1.8147284701854682,22.571015974272246,7.230224328963438e-09,28,0,-253.1773377091538,114.07958108243723,112.15350800914965,-50.59501719892365,535.8060959467693,161.3452425433714,1654.3745466537418,732.9759496467651
221,128,design_000128,support_random,200.0,True,0.017285076696949363,0.015864289482978786,-110.2683272997645,-0.09054008344455229,129437.50322867442,1.9856060762201053,27.195682498496417,6.349141598199661e-09,22,0,-280.33983882675795,-609.6153232798165,119.73702563955055,-55.14499929990069,560.6918181930089,-66.67124655852001,536.0195144254423,-491.95380202310895
222,110,design_000110,support_random,200.0,True,0.017324264013887265,0.012331199663954816,-261.20149875972237,-0.09215198702887226,17452272509967.375,2.1143929986248295,22.25932587121344,9.599176894216071e-09,26,0,623.053426784008,-124.19812472576635,-187.09365101014805,43.74677563649482,1089.4577665727145,42.62871766037462,384.0081098821468,-48.27392518503342
223,214,design_000214,support_random,200.0,True,0.017433271680327364,0.014280607779477726,-1105.8442939197307,-0.04380069806552183,9145917546872.441,1.4752321104056825,11.25244247989926,9.986507529221309e-09,1046,0,-361.23928259209197,-35.08951657063221,821.2991570737393,191.68803320371717,1635.600069259166,-393.3391212511657,-305.7237781857057,270.38219732349455
224,163,design_000163,support_random,200.0,True,0.017473878182077594,0.014409088116099714,-12675.725042784834,-0.0967184114373253,1720489.1473860694,1.62068796395224,11.653063121334617,3.347795680418388e-09,62,0,970.481355846634,235.60904493543714,538.1499710285215,-468.72392003609247,480.1585283530012,354.2916422179801,183.93866355370622,167.89682524790837
225,152,design_000152,support_random,200.0,True,0.01753159211919394,0.01405302541309418,-50.544475015062865,-0.09512904955658089,52081.14024242502,1.283789282611103,14.477187722321881,9.566881974686211e-09,15,0,303.5162758922755,-68.84052306019072,449.70608916598616,406.0979822341826,375.6103895589145,-510.68963728455583,27.169869067752273,-37.02752091442161
226,378,design_000378,lateral_discriminating,200.0,True,0.017581529139767862,0.014397862264077594,-8411.697889089899,-0.11584286345967991,253357.68862856567,0.9853041268970828,8.201281613034158,3.0558102398830733e-09,48,0,424.76247232945485,-461.7542678399592,105.87689278150225,-136.01283992314484,221.81926152987862,165.2632377456173,806.8548124040249,521.4777226475736
227,427,design_000427,upstream_focused,200.0,True,0.017651532807409193,0.009646154764962611,-9.877939665871951,-0.09268717168920591,57021.675703468034,0.7679091547901148,5.626314244526197,4.4936273763165865e-09,13,0,-52.60110117073384,-306.8684719127375,133.83345258719618,227.8331126305054,435.9254473726246,424.0378389266384,-337.1904759513201,-34.547671795047336
228,92,design_000092,support_random,200.0,True,0.017712779221354242,0.015521719687493746,-1070.8443183260079,-0.0656180060200893,327748235920.90845,1.2741627777475688,8.658396879994942,5.516324844684086e-09,43,0,-530.0876927490625,-52.12893809976965,948.4442164152802,99.0169645155458,204.89274514123372,-16.715651266765732,628.0073168981766,-455.8512053455652
229,277,design_000277,longitudinal_stratified,200.0,True,0.01771372924080497,0.01584011754482647,-393.59730222177785,-0.04061418270010099,345954848.48726624,1.852585862395182,21.5713862819559,3.8986701649098286e-09,41,0,-385.6930328869397,29.636202625799292,102.28838568857213,163.77564616895455,355.375765760952,178.11601875219964,735.3293343786295,362.73289478821437
230,172,design_000172,support_random,200.0,True,0.017757827220255394,0.0110414986984735,-6177.804633899239,-0.10694901114211615,20589025518869.13,0.6677956389441819,5.24355640701115,8.469750152385172e-09,35,0,106.19658659129522,-143.19257883437223,158.9839100175834,247.98125129453717,-375.79082528781214,178.47983108723741,1711.5917902616068,-13.411837795817817
231,295,design_000295,longitudinal_stratified,200.0,True,0.01777754306086569,0.011499123101879616,-670.146374766667,-0.10729851668089764,939372318.9236648,1.7597215326303939,13.127374761314186,8.25407301866865e-09,36,0,-215.2335759511091,-216.67146696883515,-77.97531795403009,77.45566040080935,314.4068232663884,-482.5203694389417,815.3736768497349,83.38844211695535
232,348,design_000348,longitudinal_stratified,200.0,True,0.017780755423073516,0.013582853572923709,-1147.9035380065716,-0.05799890777769509,14978267599326.182,0.8326965586672853,5.198392127065385,3.762211129035283e-09,50,0,-198.75632820169406,-334.792637154765,23.94762238052961,-481.05440960042563,293.970460464168,476.28941779617026,989.8618970418142,288.9781157272228
233,187,design_000187,support_random,200.0,True,0.01786580067434931,0.013841023280951301,-1602.2076137235078,-0.061899579511224975,32252371946889.035,0.726452014824735,4.610028943476856,4.259151711977493e-09,40,0,-170.79375429622968,245.23761995442365,-280.6840961247134,-440.6202529408441,1118.443274291884,361.8396527533067,-270.4823268868378,-3.3998735271262035
234,257,design_000257,longitudinal_stratified,200.0,True,0.0179975556164249,0.012652439118411223,-5306.482085966562,-0.11142444119491467,20889401289963.336,0.8153096676532398,8.302297666995399,3.1264754934330247e-09,41,0,-173.75207892293636,-410.40816992279224,183.86074449559618,-5.532567268507554,452.4630514468944,-185.35994224704757,1617.239864169715,-82.02448253316561
235,170,design_000170,support_random,200.0,True,0.01800409917698478,0.012931078809573856,-20.4462195325148,-0.09642079229064192,4136.630126453529,1.0212680871539923,10.814784237880408,3.0844765534872357e-09,15,0,306.0352618587329,-489.8447069753083,327.16835794131293,28.18986933452325,103.88503678446949,418.3607674491365,-207.13930669713977,-30.54894642585448
236,191,design_000191,support_random,200.0,True,0.018005046193965035,0.006112197041081574,-2415.152893295145,-0.2165541933734181,22477236726180.273,0.6925367628250566,3.003228291499239,9.374933004776384e-09,37,0,-200.68425060066542,-188.14332961363854,1405.0558501310638,20.871068000107186,1265.1575278272649,410.87012611771434,66.73233395646575,-19.175522622461443
237,129,design_000129,support_random,200.0,True,0.018087638672971692,0.014264499514408833,-2097.676581177959,-0.11216064474577864,42720771982705.25,1.1503341285260742,12.256767267306243,9.396261662756275e-09,116,0,1246.5461069409805,181.10935153332065,-119.19194426335235,206.6225275656857,290.4982369690283,234.24581109995998,1571.9772146265439,841.0230228948283
238,436,design_000436,upstream_focused,200.0,True,0.01813320866725977,0.014659610176549702,-28.71285946933822,-0.09888762613658435,127494.80889898994,1.4489022840441035,18.672015332827485,8.910355109394132e-09,17,0,167.6691170496124,-408.0925522222633,465.5442640452509,-415.0548832215842,34.30657122352363,29.38861581558001,470.72379520689424,-105.65103872381991
239,489,design_000489,downstream_focused,200.0,True,0.018135643078698645,0.012274299040035026,-9466.34405432762,-0.17743706104969306,9553618598297.588,1.558779138199037,10.114989367154669,9.901997164875948e-09,313,0,1171.3083157386534,-187.01118699712805,806.6696181909539,281.0291892893973,1328.1444263904025,67.50671329031093,1616.0877984608296,-203.68022331583848
240,63,design_000063,support_random,200.0,True,0.01821636340932494,0.017354535832614704,-4929.538971969208,-0.08887717582961456,10660726095253.238,2.410731676754136,29.504541392299767,6.347821358027303e-09,55,0,587.43001365164,-262.59100371376286,1776.0081273297237,494.3432744506227,662.1306859350843,69.84183655818387,771.831480332839,449.1227416416592
241,159,design_000159,support_random,200.0,True,0.018224789988614085,0.014595041492650984,-4463.5242378136645,-0.20574466719267018,5695959933302.735,1.2080346087036578,14.010231205344919,9.588437529411386e-09,45,0,438.7255294357035,-136.1451030537021,-329.2289626742179,51.85620495086222,541.5304693307297,490.755899788534,1558.0610107244133,141.26771656157624
242,302,design_000302,longitudinal_stratified,200.0,True,0.018341997244003615,0.015455802636849137,-399.1814953125049,-0.06692860858089214,419283235.7991824,1.9668354953111666,20.782580373285334,2.3116767909950247e-09,29,0,39.87395153415849,-481.9770879884953,98.05933297916746,127.3545431668158,464.4616090641654,277.7965941869102,758.4129901359307,211.84833731190753
243,40,design_000040,support_random,200.0,True,0.01839202374738279,0.017385116248939965,-545.8172487381762,-0.03959352111465511,2292307322.903631,1.6434538488668053,15.381517778250076,4.7924967525944995e-09,32,0,356.3222413195185,-26.359567016707594,-93.22039723858032,-696.715109184339,779.44607047922,271.1947431575731,-91.67202653140109,261.52371667996124
244,158,design_000158,support_random,200.0,True,0.018393283860142433,0.010018342288903111,-1481.928550565356,-0.11573118437923055,17673620418622.0,1.15104339144893,7.533502599774984,3.12545160661769e-09,129,0,1140.8561013454942,-1.3871024242197691,1324.6499523950135,376.7569061340759,69.84652871514393,60.42714798497962,352.88299332762904,233.80423806244144
245,250,design_000250,longitudinal_stratified,200.0,True,0.018396014096338523,0.012309029051968321,-4264.3441270171425,-0.186759896421835,41400345247734.25,1.024444399775995,11.654024721175228,9.515837071566563e-09,42,0,-229.56294212106204,-404.0096108236571,4.588607381277953,220.12908001810916,326.6874820271262,307.2582790400257,1520.229824279182,42.70066766281728
246,95,design_000095,support_random,200.0,True,0.0183968956398231,0.01618049493482543,-2588.6942345830644,-0.052876964086052386,31702202820863.34,2.169236895887179,28.996135561137322,6.06292808973047e-09,42,0,599.4869061638207,145.6663241175257,-162.21110781785785,116.22286466890226,469.11056092615235,-218.1310953922648,1350.8750042525492,594.9662540495298
247,155,design_000155,support_random,200.0,True,0.018402448423091883,0.015888606450581145,-152.68863552039647,-0.0767446782562365,3558144144685.338,2.801419455822042,31.62211658316532,6.96290085020556e-09,54,0,676.6478440575222,34.759961080110514,462.12924613473507,-373.4510713876299,60.810378512175646,65.13109751317143,976.2180492975422,153.48258738113557
248,178,design_000178,support_random,200.0,True,0.018442912450237037,0.017598485100826868,-487.3512008567619,-0.05026902596496231,4252186219.564937,1.7808253357550585,17.67816100452438,6.247750212869039e-09,32,0,454.1649087768967,413.78353358187064,-20.416004085823637,244.00503076570274,786.8642138807885,235.8472184703229,259.2059829555443,59.039368309968495
249,480,design_000480,downstream_focused,200.0,True,0.018456421580458956,0.015217430976164946,-14294.34759213229,-0.11637099477892478,58668410748.71529,2.4214440827882684,27.51923222984332,9.535236317456044e-09,529,0,834.3098942124909,203.61612565372536,1021.6912660527041,-118.04204283538667,1308.8517522652546,508.7232317843245,1807.5853045526994,-285.1040709285882
250,391,design_000391,lateral_discriminating,200.0,True,0.01856222199404088,0.01679277719284928,-12695.644351604216,-0.08830751482517739,171749182751.34384,2.5351655460187246,29.07328401692111,8.682894542928237e-09,308,0,751.179399783734,-533.3072019595928,954.5191612514658,-142.33942659891437,807.390327239327,124.9635845280558,1308.3827589546822,504.45271080252775
251,313,design_000313,longitudinal_stratified,200.0,True,0.01866433878600911,0.011307971544053701,-1505.314342017407,-0.12171617836528494,68983236561115.43,1.1978382683678286,15.504255159316969,8.37487887514889e-09,25,0,-213.80053608519808,-174.30241225065788,69.79274164001518,-254.88087628638806,393.91872054915467,67.5984209130234,2012.5412548299944,398.8904548603801
252,66,design_000066,support_random,200.0,True,0.0188304037855805,0.011205804675421793,-4654.627530255339,-0.21255589622658996,31427373511161.188,0.7121127868617543,5.114727139786193,4.501058992273579e-09,31,0,167.9162640904167,-16.65764203598303,-116.15051448717173,43.01445045832445,1596.8002178351903,254.10751888420776,-186.58258494191023,338.619682542054
253,341,design_000341,longitudinal_stratified,200.0,True,0.01885024270209782,0.011219959637119333,-3738.579203793672,-0.13246756559832104,19113611205532.93,0.5526351481893454,3.2607985593622746,5.193200415494824e-09,23,0,-84.74183745915272,0.7446891200370231,204.6156644152339,-400.6252593926908,200.65991645921713,338.2007691158616,1509.2571169483322,447.3833956944804
254,309,design_000309,longitudinal_stratified,200.0,True,0.018887669334860323,0.014001770574037713,-3305.9606750204057,-0.10718515029066636,14235407139841.17,1.879574519255754,25.148214899054604,6.8514378220912605e-09,38,0,16.47761945101037,-1.0357730708534056,298.5408255359648,-460.123776553693,513.1154810278331,44.67424966250543,1462.3609285449222,559.7199085479718
255,463,design_000463,upstream_focused,200.0,True,0.01889055806626571,0.017109183261402334,-381.51898148125224,-0.07434254467983056,2027740.6202936892,2.2053401618895876,24.501184790626912,2.3925738099935144e-09,36,0,-231.20371881581352,-527.285540366971,185.75966433949054,-193.55893003937246,275.562139730579,-530.6786726523328,697.4871374518336,107.97210446387282
256,314,design_000314,longitudinal_stratified,200.0,True,0.018895950356054125,0.016534261683301594,-887.0499804955829,-0.07591981016618635,30838589770377.223,1.545950321630738,15.826032752478435,7.428516500284581e-09,40,0,-176.34761696119264,180.43180626703668,253.601995365119,-70.44137770600321,669.3282614056408,295.82252147664894,1804.273453962669,569.2553843907691
257,291,design_000291,longitudinal_stratified,200.0,True,0.01892168834208311,0.017519428743496154,-504.574019262365,-0.05581301858951798,155087313.899935,2.273522932514824,23.771435574399522,3.769967001876572e-09,21,0,23.632192875621868,-447.3020392400804,196.98895828816083,-653.6335570317044,531.9064091317606,-102.56805209360948,773.4332907941789,154.8427422088841
258,145,design_000145,support_random,200.0,True,0.018933584745521388,0.010933453626650767,-1057.259986454306,-0.13231023929003333,210034046028047.7,0.6339538941689401,3.656800065905521,9.470445680847691e-09,39,0,1797.6116461970355,259.93171828889353,-131.5957479454368,-49.80132489298265,232.23682884540796,-295.62399932789873,41.993400794069714,230.47697717211423
259,107,design_000107,support_random,200.0,True,0.018994693527490964,0.01569342427664024,-4056.5187288063544,-0.20006589665122004,5282369726315.392,2.281372677300988,30.658681436703226,8.363025384328635e-09,58,0,289.070011274626,247.35033053223754,-92.69786444594574,-535.7420536308284,1499.1693128198328,73.18287871974717,629.6899083442147,58.61285509415745
260,207,design_000207,support_random,200.0,True,0.019015311668885402,0.014219200559136903,-3760.5762626749024,-0.15054128986803755,106006473170657.34,1.0079559306288217,12.89977480640115,9.458960811391254e-09,50,0,116.82942623940622,-218.99304639101683,1690.1157913013096,240.07909469530466,1526.8795042878126,586.8802138281565,378.47502013107083,-195.33429914981073
261,385,design_000385,lateral_discriminating,200.0,True,0.019048202711692507,0.018170096148831277,-12386.065395573154,-0.0663701575719186,11828048.65785875,2.5665881060000912,31.80501648410357,8.469114491003502e-09,83,0,704.4508191005116,-541.7737963734868,618.1890889149986,-118.50495934490655,686.4019050476386,248.66643707596282,956.4410963533455,554.1614173720379
262,133,design_000133,support_random,200.0,True,0.019088565294711753,0.013771749450995924,-13490.172541588348,-0.16319524321472803,10639053231338.752,1.8976399580923418,17.762638218219603,8.446632044338849e-09,423,0,-99.3496236743038,-484.5985937364582,1846.5495197067146,75.38059524889374,1349.4095630924653,-53.026985434544955,908.431324188658,116.21586643808519
263,315,design_000315,longitudinal_stratified,200.0,True,0.019130382408741146,0.010428071633865619,-11351.154861621793,-0.1412495854102273,3415070.3493440235,0.691786553606053,3.318791239886472,9.089313200963439e-09,48,0,-36.796811035914025,-426.12066689629114,-49.03621494508377,-140.8771500097074,322.9170053872839,-520.3689137516246,921.3007830790433,531.3546028696123
264,485,design_000485,downstream_focused,200.0,True,0.01938213214084122,0.017371326298331095,-8201.86345457078,-0.04898073413912307,16502600616367.242,2.478707516872844,30.208555592802853,9.550083931064678e-09,274,0,1276.9841185823325,603.8911837570083,1732.8924691601082,-282.03592646069075,1155.5203976143,-388.4938097108625,723.9824995507029,92.33589792116652
265,306,design_000306,longitudinal_stratified,200.0,True,0.01945106767203341,0.01586215622094464,-747.8587632936456,-0.03678206987316537,79630202311.20494,1.0082995332813913,6.98221763019571,5.0914203677716734e-09,41,0,-546.3954438481619,-326.66445492886,176.96294422659582,-253.52391062839774,487.7377881911394,485.95194351383844,882.2992055384789,318.655617671832
266,219,design_000219,support_random,200.0,True,0.019687774665822524,0.01597085568429085,-16423.696251669673,-0.09584674643862338,13065320.801560141,1.3586818142770052,17.96808299697169,9.734643097009336e-09,54,0,144.59212128094674,199.04191591980157,-147.28159365616432,-405.6254388005881,614.1196446902383,-245.40743497069667,1092.6843139530297,512.4210990284114
267,445,design_000445,upstream_focused,200.0,True,0.019718220545928873,0.012146455112014197,-9.057457791364813,-0.08138588733407953,362.2224370163807,0.9870279435033634,11.402828974533286,9.172301767880482e-09,12,0,222.51180169427766,-346.36475333464307,-92.24799355130739,-591.930148598793,-149.70815561320313,-27.783225732720098,-93.78759239689498,545.9039087068859
268,119,design_000119,support_random,200.0,True,0.019937124010228856,0.01572362890877131,-4076.9515355006233,-0.1351504330025272,36758312626921.74,1.524971337340366,19.921102286862663,4.75996128216087e-09,36,0,441.55315478717534,245.77398419901704,1550.8738100891658,430.7168728417353,-52.384817871901646,114.29257367842723,422.54581391330214,-121.18654635619146
269,78,design_000078,support_random,200.0,True,0.019986051543020866,0.01780765831813504,-7340.906561477727,-0.02647651442199049,80758757852247.75,1.5055843110074474,11.306936814844201,6.268704472055587e-09,48,0,874.5198755465424,76.59402063665536,-40.39056402065172,-506.05693100765,1899.1150705820676,669.1968497910283,251.86885612354374,171.8240989532071
270,166,design_000166,support_random,200.0,True,0.02014209351589428,0.015377345974543431,-648.8456430811336,-0.18155622912323016,4194419155501.0864,2.3613390929058817,30.598611100891034,9.97129390244163e-09,1449,0,660.3728722078413,43.54721310364484,1528.1065963794192,348.5533910846642,1546.2387663308664,72.5822123893056,124.54754551381535,-742.8577191858737
271,151,design_000151,support_random,200.0,True,0.020238981201869406,0.016754480892766314,-1238.9004614260532,-0.056050412429779324,3113453133231.747,1.248946529746556,9.578419571527876,7.784707770621828e-09,50,0,325.8743568437194,235.67369387912217,1013.8336959253963,274.20596558426655,147.6808838752226,-464.521027293289,590.9961558517261,-661.721512932405
272,97,design_000097,support_random,200.0,True,0.020509739562740034,0.017421185474251744,-310.42552709211816,-0.0357646015888068,14292386.230222257,2.398306544276404,30.840264625134836,8.026517071160304e-10,15,0,671.9745400708147,221.8174566779615,652.3638935048579,-168.59631640265553,151.74447974942984,-295.2299545108055,233.98245361575988,322.3182517735465
273,180,design_000180,support_random,200.0,True,0.02054408507803122,0.013182133625748332,-3.9474076633264517,-0.09224396794274631,536.5040858840665,0.6693046991400761,4.5938392527307235,8.313001726724032e-09,10,0,228.1426978626795,-236.36062049701138,50.58691122362194,18.348562625115253,-404.0177342754328,-30.472994314863964,-142.07340110908413,309.8269335180285
274,134,design_000134,support_random,200.0,True,0.02063295494916168,0.017908218331743973,-511.58596534653196,-0.10950512552310954,271270785.6366208,2.1906202901977516,24.49067820120768,7.877298750025386e-09,31,0,384.84908023235295,222.82787658953197,165.19518815252826,-130.92165470058603,-505.68457472846524,-768.4614584490037,754.1950968600731,10.238926059876555
275,424,design_000424,upstream_focused,200.0,True,0.02068110569331976,0.017361120023323552,-43.75086869693532,-0.08815190376156037,43602.42535358572,1.9272678942763743,24.84833382686502,7.51753559243701e-09,17,0,487.8454702939638,316.17753596101363,387.5812570364127,-485.4587343770498,437.27502920025313,-84.58302697261513,138.04117931728263,-62.1610482709857
276,339,design_000339,longitudinal_stratified,200.0,True,0.02068581953098192,0.017409135193700985,-796.037767830671,-0.04872573426490119,41569777466.41047,1.7038317675879482,14.870250072935224,6.500417371234185e-09,26,0,-86.86976304390465,146.10536348021995,222.44976975069585,76.32502374096217,490.7552453355247,-202.3953207159414,862.7835025397268,49.64912107495912
277,446,design_000446,upstream_focused,200.0,True,0.020844877462415222,0.018049128396051394,-395.4363530109652,-0.05608301891616934,26004244.403060336,1.8627955912440677,19.174171180758968,5.14626109517073e-09,35,0,136.37220043265864,53.50424858343797,561.6807817768691,493.49217116693035,700.0199017165626,258.325836136367,421.0669129943491,-144.27661641967364
278,30,design_000030,support_random,200.0,True,0.02086750367818294,0.01276035481207838,-338.5352583048843,-0.09738419364236633,85602868858344.42,0.6397324929435377,5.793785640257282,9.647085678523266e-09,32,0,408.614958532067,450.2130212802838,2054.761984181498,513.6636815879732,-223.74240672232102,-339.1552326255313,189.0775006991334,108.36550100518026
279,422,design_000422,upstream_focused,200.0,True,0.020949748749555987,0.011819408488885602,-411.58066213033504,-0.0798402601315698,72364468394.84383,0.7001255333972477,3.9143705143156993,2.0693566908223155e-09,45,0,6.391147169971418,-375.96520834903527,498.3035754719243,579.4605452235678,-207.00391866163304,-164.97696679697304,743.714040416867,513.4487843817351
280,365,design_000365,lateral_discriminating,200.0,True,0.02106173633266407,0.01931366912579023,-10219.755186137143,-0.043002557947411695,4806504545.621922,2.2081697948238626,24.85829904094268,8.18180949037767e-09,94,0,866.6499830546395,-582.4190039629793,274.61139027950514,-127.1817358299884,747.7219431413058,202.54055613648046,876.37555262545,611.5369391807114
281,93,design_000093,support_random,200.0,True,0.021198892864567064,0.01639338142148277,-844.3403631726932,-0.04068097967991396,6462906305.881121,1.6682917964718962,13.337647198724765,7.50773469521274e-09,85,0,860.8472838109608,351.1360960646675,873.8070337921561,66.415702985288,272.2332617236045,-559.8535149722389,444.3313530318379,385.3872895388078
282,173,design_000173,support_random,200.0,True,0.021215892209742012,0.015741596224760446,-2008.210547267408,-0.1423675205161257,5283558153592.908,1.0616614822861201,10.987405531407202,8.785494959712517e-09,138,0,1575.5534866880216,648.5873727060831,363.6876078917883,213.75905120700295,-372.0698504420315,203.77603744529668,1297.0238266995561,190.7404312268228
283,289,design_000289,longitudinal_stratified,200.0,True,0.02121989253209525,0.013942894880996209,-4153.10854374471,-0.1630210472212591,28197887605991.47,1.2910164681154035,15.978401121519802,7.510538906597613e-09,45,0,32.68964221787839,107.84483144828296,128.76422422798368,-491.5027887391186,365.56982692036166,204.62949545728355,1498.0015992042297,-16.64798250478058
284,147,design_000147,support_random,200.0,True,0.021232834483046085,0.01203953553085487,-708.2847326100269,-0.1727416062130583,19738681812755.16,1.2151901830185625,11.700391720931714,8.590543726534168e-09,35,0,-15.909578983213414,-7.968449914152998,284.02356200840006,-100.63185398114584,1635.1050314230438,375.1984188580908,710.5086076085216,-253.01892187460592
285,253,design_000253,longitudinal_stratified,200.0,True,0.02138754593630401,0.018476505249884315,-943.6629207496826,-0.025898775862013487,30007211357.514378,1.375047988545143,10.055457477267328,6.648928891661014e-10,31,0,-90.44748213528281,-592.6090057087767,212.97128155283485,-286.9914272732273,272.22066353940255,36.80430681761709,908.5025584171599,97.68413362646162
286,260,design_000260,longitudinal_stratified,200.0,True,0.021629616143518503,0.013054911288438296,-1811.9475662986797,-0.09812888555826514,228060827347178.62,1.7757081382641697,23.851001229684442,4.757593768100564e-09,33,0,-215.85213664073984,-43.50004279304138,143.10369620262364,98.14823362770184,403.001668166765,116.89697743228135,1978.0367417861787,-83.61091422596152
287,426,design_000426,upstream_focused,200.0,True,0.021640032164013754,0.01322030790826921,-7.668143304782776,-0.09891744015655,10911.71280049167,0.9547843636225314,10.515763359614779,1.8518549873680524e-09,11,0,257.54697709322693,-493.7819396661851,-172.8265990014363,-88.55172565153435,-34.27939088086055,135.0361560026763,-153.18584240711215,551.5460437459371
288,405,design_000405,lateral_discriminating,200.0,True,0.02164057088552976,0.0186007874190906,-151.22493224293376,-0.02817591429107585,97829676473.26692,2.470535584417887,27.318203764873072,2.889165547119767e-09,91,0,1198.0445781496833,-517.3383218489806,768.3278716111563,-196.67560511187236,809.5724511907786,176.40760306742877,928.8895822538371,560.0558128891996
289,293,design_000293,longitudinal_stratified,200.0,True,0.02164400877502268,0.015655135804007705,-18269.46050212135,-0.10798252280913764,370908946.41376823,0.7967190452247138,7.623429431647594,6.741532928165267e-09,53,0,26.537128712022714,-302.67087618497214,84.09666516978564,363.6562568206599,480.65223439247063,-369.4722026058842,1150.3795694663936,-163.2322958393982
290,49,design_000049,support_random,200.0,True,0.021653258138469873,0.01765062840826291,-212.92848244465264,-0.08879670151735294,243065.14371061433,2.313705829843798,31.933933019706743,7.384619331611417e-09,28,0,273.7528478745517,407.3389119554449,621.7896495948742,47.05180877981499,-200.24073505319984,538.8089734210873,80.11281139326101,91.1405072658321
291,148,design_000148,support_random,200.0,True,0.02167465101448413,0.012409531473819648,-410.51439892129633,-0.10803445934253321,205218428.28324223,0.7577320956644819,6.330021405318485,5.770665945081072e-09,32,0,672.5900896653723,-430.5257516198664,-47.704719265801685,-156.09609236974347,414.56087373924396,-386.5914393399421,-318.8369789521505,24.496886179393655
292,228,design_000228,longitudinal_stratified,200.0,True,0.021753175889347408,0.016428740830400967,-5599.210889692449,-0.15559696247267238,15053098845114.34,1.4852160105695915,19.26705684140655,8.136169912499212e-09,31,0,41.38391034021787,332.75482737133467,188.00165536134534,-42.20042263654889,402.669119342502,251.0421842597157,1684.8868244504235,176.82057019291437
293,15,design_000015,support_random,200.0,True,0.021764208288859582,0.015532947733452901,-433.16219056053325,-0.0696659766495189,94565091.3722658,1.3423920487273002,10.36667897574058,1.0107399279397306e-09,43,0,-19.566400178328166,51.31855703150478,733.8283032299984,318.65017643170347,405.61454719219194,-391.303950852987,-279.27014995915926,64.55579997547501
294,179,design_000179,support_random,200.0,True,0.021794979211663353,0.016659741964595416,-480.2694057640292,-0.13304066197598932,4957513896860.691,1.0258487095199953,9.319234384970445,9.976157898306763e-09,673,0,679.2540235014296,-585.7644416768795,1454.8818607641442,362.4185331393162,774.1635030422849,455.3276236573294,327.6549103668331,-79.0745841287204
295,91,design_000091,support_random,200.0,True,0.021803136598898425,0.01627811821395414,-1559.5606253630951,-0.06454631627099328,36082624443287.22,1.309069346899795,17.774028925472194,7.3773589086947336e-09,34,0,52.12020129706613,-262.7977786026846,426.0964676586186,120.1406807983781,-220.96695829047042,-599.6422294693081,1780.804866152689,-484.45083692345264
296,418,design_000418,lateral_discriminating,200.0,True,0.02186999410454288,0.01891952873443333,-901.2079988404062,-0.039758879074288864,58140.996853619225,2.433583659253063,28.312038626315818,3.819564810427849e-09,116,0,829.8995301337889,-531.7365204614772,791.1776079594329,-138.71794856730403,663.8076038017349,229.49676438102088,689.3344239813529,525.1407432388506
297,510,design_000510,uniform_control,200.0,True,0.021964805350768647,0.01677471733108499,-3368.573104719873,-0.19248268520229214,5439232889273.958,1.4478059047111516,19.5187901595068,4.733695467047756e-09,76,0,1418.9029797520948,165.29437360217844,464.52685720243176,69.10318835695136,-311.1202979803659,-426.74510427721106,446.5087066438723,730.8341189654861
298,423,design_000423,upstream_focused,200.0,True,0.02197928162930023,0.015894934550164747,-480.0464560266834,-0.08495709104025374,13594305.739004925,1.9836298947405424,21.740722813062984,9.581688348089911e-09,24,0,-273.12286431210674,-124.80258216206653,466.1892367971715,-449.31635082258106,735.0361621699171,-1.021691841998063,-129.54772649103361,225.71510887614716
299,209,design_000209,support_random,200.0,True,0.022056394084416817,0.014937833204083014,-1390.5074203042034,-0.1001211194889675,45800114741569.516,0.702958433499429,8.638692043831828,4.717981384158912e-09,35,0,258.6283609705949,132.52877360853037,330.0243004502664,-239.76373316130721,1921.8888812515625,214.96729331931513,-93.32114027828288,-324.99590169376006
300,229,design_000229,longitudinal_stratified,200.0,True,0.022110903039868134,0.0190069406055122,-14956.593572394699,-0.061877327517330126,1247603.5316042325,2.178493187562339,26.106959639721325,5.161588926498745e-09,42,0,-528.6353837958758,222.38779525266978,82.00739622728744,-467.366752508755,567.070106780199,187.32661035500604,1047.3648297532332,-138.34823959918913
301,438,design_000438,upstream_focused,200.0,True,0.0221503295481221,0.01457735301002609,-456.83859675637814,-0.10035559030226307,3277482780.9742546,0.7945820446018347,5.4362323079920865,9.801977281299619e-09,51,0,-346.529467758626,593.690718693198,184.8928426271574,-242.9630318790958,-297.8145330859191,-252.5514081984141,752.5539019596058,458.7850334590962
302,474,design_000474,downstream_focused,200.0,True,0.02222054352859044,0.01541635216928668,-1225.657277734878,-0.1898298926003265,6473156551439.135,2.1566652531335166,22.844261492818454,9.649636379948279e-09,711,0,722.7274782344958,-151.00373739844838,1328.8668923813261,60.98586896909535,1679.19962516045,-61.92392451825913,1394.5065860101627,-407.39747795870227
303,79,design_000079,support_random,200.0,True,0.0222802397423565,0.018375727713139948,-9980.90451055844,-0.1653207507466499,930397871623.7916,2.0650772750884427,27.393973067218084,7.857430200269396e-09,63,0,286.7679910249304,310.9593470391047,34.9499602654561,-662.9801925251771,559.8035053799348,80.381341702833,1210.3756634402414,-116.46393729312564
304,144,design_000144,support_random,200.0,True,0.02232603997452937,0.019280130896981818,-99.40545404437114,-0.04509378572456219,57992.52910019116,1.6298774742848778,20.344241231394278,7.3976991502297556e-09,26,0,536.6989193767963,310.0262152082389,388.66405847491313,-222.30397502548,201.0594521703444,156.9413556009172,-157.84304721539425,-497.3500916197505
305,64,design_000064,support_random,200.0,True,0.02253824578672493,0.01505361322724233,-1696.72165273759,-0.060822716466328676,19028697331777.76,0.8451924916017386,5.795616604163906,4.7204942654009456e-09,59,0,-214.98870740377373,68.84334381256723,516.5101468245595,-278.206922808332,1131.4754936567945,287.13655457433913,-516.8261612560315,-456.1935841891325
306,68,design_000068,support_random,200.0,True,0.022539310111376692,0.014658330763343306,-2802.117927629176,-0.09278382734681517,7598006543651.759,2.0820412754246442,28.211265111290498,7.76802469510614e-09,42,0,545.1261509617154,-2.5652649403006365,1368.8918333365923,452.11978630035196,-284.1045050174538,9.407174260141218,267.0440813752943,79.90861010344568
307,450,design_000450,upstream_focused,200.0,True,0.02259172016042078,0.013559209678790414,-24.060254914995532,-0.08906640035163059,19129.290490220654,1.2649999025498948,15.388354466777653,8.119241673724453e-09,14,0,402.06460501440756,240.35443652380116,-168.66454412546597,185.07435543415988,-158.56865593946537,-276.303674261649,218.27251113319733,-558.0543227561523
308,387,design_000387,lateral_discriminating,200.0,True,0.022619147679276197,0.01935815585439117,-1955.066565397746,-0.05702445471923826,360685.84891364264,2.246785641432887,24.417599208026406,7.698719917139588e-09,55,0,674.0339821737629,-632.7855762623428,842.5111499408767,-140.419777674001,663.6664347422727,243.5026433082589,592.6775962050305,643.746747582924
309,10,design_000010,manual,200.0,True,0.022657420672893964,0.016248139653186604,-12570.81006879585,-0.07277781096684696,33480589259050.45,1.3290189091181663,16.31220034785988,9.99687150770453e-09,940,0,100.0,-250.0,700.0,-250.0,1300.0,-250.0,1900.0,-250.0
310,394,design_000394,lateral_discriminating,200.0,True,0.022775899345444023,0.019176077855264366,-1859.488617921352,-0.04103052416459616,2190835.2563693724,2.5084427378748035,28.659273487782478,7.56646235453e-09,82,0,1024.673663437361,-688.1938608478689,876.2643306910701,-52.68912896474947,759.0312587396471,213.78201422579605,913.2541428016757,547.2076649208476
311,421,design_000421,upstream_focused,200.0,True,0.022792271314516197,0.0170869561480659,-24.46173646976308,-0.050982067698018,5653.905398025828,1.1761847596795796,16.97484776614787,9.546329388236822e-09,13,0,-317.287937984527,42.36926204441227,296.70570038753783,289.2270073619611,403.2869588244607,-258.2831165997514,-275.6424928589323,-392.4880926759646
312,19,design_000019,support_random,200.0,True,0.02291026376731942,0.015779015293761696,-1840.3426630516624,-0.060765292061756945,29804905010150.824,1.164426358324147,10.82979167848597,9.8733315881541e-09,37,0,-188.21385784601227,139.02263276526662,734.8707195946488,500.25656880907974,450.57975390671095,321.3636949139103,1030.1921578940926,533.1946804539684
313,130,design_000130,support_random,200.0,True,0.022911683770432633,0.016440270177675798,-476.72786583866707,-0.07381892042654799,130773394.92944722,1.4092712392741078,10.568944623332778,4.437634920972253e-09,24,0,749.8366431321274,280.3645563350981,66.8194458215276,25.123579835563703,-209.3783919679214,131.7068408698644,416.5272215937278,-405.85920108085804
314,379,design_000379,lateral_discriminating,200.0,True,0.02296085753216459,0.01900535985344269,-9232.824835501598,-0.04203577435838235,523085.86490659916,2.184330502312644,22.300723405616573,9.586972559935636e-09,94,0,800.7162810101772,-550.4449911097153,847.9066336211079,-164.7782866973834,780.3385600368172,136.5695382887506,823.7009044286261,519.0442467433195
315,256,design_000256,longitudinal_stratified,200.0,True,0.023064669749844686,0.015918897810122692,-4584.436489069013,-0.18990979466278468,34505599760261.594,1.0980420364886312,13.27534093187714,8.43879486700364e-09,32,0,-99.57995182875263,295.4412065615975,81.09169413841057,57.239854872228506,375.4080598027002,-36.878128120411816,1590.3537729344548,266.5802342789192
316,177,design_000177,support_random,200.0,True,0.02307980125275268,0.014506570102143077,-2434.8491187470977,-0.10063628220916179,9079603780652.135,0.7324819891517574,6.671600799662084,1.455731907728625e-09,33,0,1280.5981063055417,266.7503955885036,161.29020408780417,-158.2707936121292,-360.8743652220249,-480.470029318762,250.984354704093,106.86106968059572
317,52,design_000052,support_random,200.0,True,0.023101480309784893,0.014955179396288536,-3600.522232114496,-0.13831313012630553,50871052746266.97,0.745350149527395,8.05800204611468,7.916892698434314e-09,37,0,250.02044023818397,268.17404474017,1717.084873180626,160.35836360439433,249.3038516719556,-25.60560815287037,-242.8036808769764,101.57631127643054
318,321,design_000321,longitudinal_stratified,200.0,True,0.023163504544454497,0.011763610735890096,-4961.660884175555,-0.14796637444445535,28670798751488.79,0.7060716728734415,5.068650284180234,3.117877618162604e-09,40,0,-178.2514267680637,-619.2486172322879,-63.692705271966624,81.17748845773714,426.6149998793222,358.1278155540498,1597.046874687863,21.803878916522123
319,393,design_000393,lateral_discriminating,200.0,True,0.023220496391182188,0.017939867984066833,-8303.496590900884,-0.053165003224963876,185805.5529274574,1.8068964506988219,15.945526999269907,7.32044903956913e-09,55,0,780.6614996033185,-514.2218794574163,804.7371211056478,-139.07398311020378,934.5482893074493,114.76226330916079,834.2361603034162,517.4137186873651
320,409,design_000409,lateral_discriminating,200.0,True,0.02325118179834912,0.019659780417798874,-945.2678503045851,-0.04000107771769553,3319806.718975978,2.3312191539827225,30.06181973576862,3.01283298335895e-09,54,0,851.100921365331,-512.6292820158508,561.1275011248604,-187.30156335498472,649.2017260875112,242.7011657463198,665.2026260853477,494.151325520431
321,262,design_000262,longitudinal_stratified,200.0,True,0.023301340775276593,0.01947082024740251,-2609.538232565619,-0.037163856137199774,598033804.1289421,1.8856891773480167,21.814315424831662,2.96704345591412e-09,64,0,-465.13614395627707,-611.764633150702,102.81438697182706,232.91476658067035,475.7951340575631,236.04606789187133,744.9744248235678,322.9669386544684
322,288,design_000288,longitudinal_stratified,200.0,True,0.02330727226580497,0.014455938062279749,-663.7698895648133,-0.10253529116332312,76831919865619.56,0.9667308593243354,13.156138982286485,7.50601386857188e-09,23,0,-153.8973530852388,-289.9233613774911,313.3117672869473,-220.7187102950846,339.55852413612666,122.36690622515069,1727.9250222181104,730.5016858549234
323,447,design_000447,upstream_focused,200.0,True,0.0233499430965275,0.02003388226057979,-334.1818336280849,-0.052232885074482496,22959631.83964613,2.2780158463057654,26.472110154961342,7.635873506883505e-09,30,0,193.14022533654213,385.4733079063694,357.049545138031,-351.9700331494672,505.65444332713093,52.37024705081717,712.9662793738419,228.20939965734453
324,287,design_000287,longitudinal_stratified,200.0,True,0.023354656546440717,0.015976399953175825,-977.201522467262,-0.13420714590047295,50059878432138.805,1.9990237381050158,28.08978044700615,6.4211574423189404e-09,34,0,-7.029696190424705,61.76334621629568,255.85355708048826,198.91855888995462,494.4480239303699,115.81033125244346,1768.642181316215,297.8341165950834
325,146,design_000146,support_random,200.0,True,0.023424619970045624,0.017295510713518127,-11.716251514995697,-0.04604666195843283,641.3317253172171,0.8572658769384506,10.934371097971015,3.957934430304558e-10,14,0,-129.77919858186573,-574.7903598740772,348.248352629672,-57.926009802628826,-53.82106555623081,370.99945363750743,119.22691666752462,-261.2353376022228
326,349,design_000349,lateral_discriminating,200.0,True,0.023507183916105276,0.017919291874028343,-12152.624336878314,-0.039755369622822764,13940.520607961413,1.3505887154302993,11.52951758943721,7.643633061179788e-09,47,0,794.2781229212753,-580.3814397278807,918.7956195009723,-184.58578510373232,829.0415454496826,240.876148543142,529.5225025266475,585.5344694687924
327,505,design_000505,uniform_control,200.0,True,0.02351409477236999,0.015705943158634283,-736.5067135146425,-0.06897514541159633,4431238064721.448,2.3122760196403918,26.825322048711588,9.53015532351169e-09,236,0,144.01556068498962,-58.06162370748609,906.4458030426808,257.35700681848425,746.2795591531562,-742.6289356002702,1180.443560822093,446.07311618950985
328,104,design_000104,support_random,200.0,True,0.023616114872566117,0.018010351931763122,-3816.705906036553,-0.13799288621706962,2476321972581.3823,2.1669062212419177,29.884645266575134,5.328419854184837e-09,55,0,561.9517814242059,122.87129856861046,1507.9779042230855,357.1843438044782,242.75233617827396,249.3043284262203,65.73683920277898,-685.5926688422969
329,27,design_000027,support_random,200.0,True,0.023728961990267288,0.01876070558185017,-107.35153610021975,-0.06258474411304478,19153773.191058096,1.693384659150005,21.003880801453295,9.140791496866046e-09,18,0,394.49678347223494,-46.870460865207576,27.133858063579083,132.7017477942657,309.7265567623242,270.18570857865484,555.1348107518161,334.16902140295645
330,100,design_000100,support_random,200.0,True,0.023729234170545323,0.01936798289069379,-1487.8682866413408,-0.032811093615111864,18085997886966.305,1.3915326132762238,18.159557503664637,4.028282497269726e-09,64,0,-124.2195091492905,-437.7590026624488,1099.5434241731466,449.9136771684855,432.475556269211,90.82064155250123,243.93364697484566,-279.78378720052126
331,397,design_000397,lateral_discriminating,200.0,True,0.02383054449880781,0.020081466452138895,-10848.251930785866,-0.0761218566140991,606.8502326623633,2.1494694558840526,27.125100276398822,8.83242972166116e-09,57,0,439.01630836799893,-537.7276096737954,537.6338105163811,-182.53897021816513,554.3973460919858,181.4282505900715,902.3481126488516,541.9755936448172
332,243,design_000243,longitudinal_stratified,200.0,True,0.023937482034567588,0.012840191138491698,-3956.176145562855,-0.17573095079852216,15147719382028.992,1.4941901001790483,18.106405145308436,9.610081426957973e-09,33,0,-249.89648902158405,47.48489729250965,169.822368680829,-5.4945486071001906,589.6361753235825,-154.60085071290524,1517.9739283257206,299.0500471948702
333,290,design_000290,longitudinal_stratified,200.0,True,0.02395642326953994,0.016514531004567092,-3280.395668014376,-0.09176616471317268,24969542979598.332,0.9713869606760169,12.177653465775,7.729418506204977e-09,44,0,-67.71430540001347,-767.4141757685383,56.116955749800475,-294.226924290954,372.2637503687222,68.70806129784128,1449.0255361536924,488.70874070263824
334,412,design_000412,lateral_discriminating,200.0,True,0.024192048974667885,0.019747497258547013,-7457.667501472891,-0.08252496615428014,310315.7848644367,2.551834657458052,32.00715758381606,8.485181716595594e-09,97,0,531.5453418672323,-566.8978180652118,695.2125992106527,-140.03415291564409,656.2721576558487,270.5526263132742,763.7642973899976,575.2604676866446
335,460,design_000460,upstream_focused,200.0,True,0.02422066508668038,0.014234922299361031,-4.265980594814622,-0.0780316766640212,204.12102197499087,0.662078483163909,6.692639209393131,5.963376868109261e-09,11,0,-217.38837690195888,-44.00433670806581,-52.082899320346655,193.1982483940136,-73.56318862876441,523.2029918093833,-298.546727317287,-368.3491269582935
336,441,design_000441,upstream_focused,200.0,True,0.024239994999476416,0.015432751443341096,-9.868006725065081,-0.03872067080103968,302.90064433710717,0.588240219400677,6.923308755049993,9.688603737329928e-09,11,0,-243.48440656970922,201.0210011993895,29.11404167004514,526.9665302266756,-273.7102136612541,-527.5827852100455,106.1944912528391,-331.1628969712965
337,141,design_000141,support_random,200.0,True,0.024304758281159897,0.013362882364782279,-5.638660769078587,-0.09947882030040255,12783.051857587552,0.4759248803906353,2.4932604929164057,4.518756032606802e-09,10,0,-284.6110884127404,-242.90564901648997,265.646479204371,-536.6520471122147,139.8986953466813,231.47367358713262,39.58225306536758,-353.7170504371032
338,3,design_000003,manual,200.0,True,0.02472989825294818,0.015350045226710934,-1405.7731010019766,-0.16964479341012967,134073542989220.17,1.1190946701277946,11.622127915308996,9.691495895068857e-09,358,0,-100.0,-350.0,450.0,300.0,1050.0,-300.0,1650.0,300.0
339,448,design_000448,upstream_focused,200.0,True,0.024853908645977446,0.019029908481172888,-176.9299451219923,-0.14299760666317296,144025.33766711867,1.9144449661528526,25.561742871223334,1.3831236213879142e-09,32,0,538.4273846216871,249.62193476359187,-289.01145886830875,592.2867445776651,-265.923388664052,253.1813950208824,319.8271451206789,430.6889163909723
340,47,design_000047,support_random,200.0,True,0.024876539543108023,0.013763474069304185,-167.7632874439264,-0.07514147587622161,21496326030623.22,1.2894967512752302,8.684885418331831,9.414417166593872e-09,115,0,-236.353265779577,185.4100419502384,1124.0006513493609,235.38464733019535,805.3939728720017,336.31121889170754,171.5318400284603,-80.96542012901867
341,142,design_000142,support_random,200.0,True,0.024908012116887746,0.013574263865092764,-1585.1645389595064,-0.08081318560399858,22135771710967.207,0.7651223358803163,3.9862178781252116,4.830062219724601e-09,33,0,52.69726391186396,226.40405902073508,111.74598413307241,-72.43437115079048,770.8079018695582,-431.2280612568067,1078.2095451756832,-17.447026250437297
342,416,design_000416,lateral_discriminating,200.0,True,0.02491170522543013,0.0201892699846732,-8624.086530325707,-0.07443760661164311,41223.39782051815,2.2414631884275185,28.674413235101433,2.9147270036242135e-09,84,0,475.07413370807467,-549.548571447563,622.0935544331263,-211.46943943490686,531.9280041916095,272.6835084393272,815.0733039263037,530.1488716670527
343,137,design_000137,support_random,200.0,True,0.02496159462227274,0.018925694305420168,-2035.1327376436566,-0.05602687581953679,178814593516848.2,1.8267437346743214,26.165428565681204,9.70126166480319e-09,31,0,190.55800126853373,-70.82107232389595,456.6834629117841,6.772380395183724,60.96327302879817,151.89537989391238,2047.9809063867986,-46.663183270294724
344,67,design_000067,support_random,200.0,True,0.02498595695719364,0.014744656941916142,-2316.5839162897305,-0.12798816468340088,32621764437923.246,1.2259532760239182,12.209449417573975,4.939905417674347e-09,60,0,-92.27995079498882,247.2147164595969,124.45653291837365,-15.093775594919094,610.6321290884059,-248.79799935714072,1228.7796158443666,31.747861270196683
345,439,design_000439,upstream_focused,200.0,True,0.025022778718507464,0.019816221300925013,-7801.680593039965,-0.0691276741530875,26306.98936325748,1.5156221972520207,14.493788806632878,5.203167856279711e-09,50,0,-321.9570820199065,-530.80704116668,782.3880688207255,382.3683767872909,381.57077415951176,291.0312762201438,423.87414874863134,-370.1148229226119
346,425,design_000425,upstream_focused,200.0,True,0.02504113319724469,0.01687749089666628,-45.36708025138979,-0.1488631514606931,12849.630142498829,0.5672750095268055,4.186233041574442,8.110305855927944e-09,25,0,381.2438573631847,-483.68672613075876,-318.78416428867945,543.4228365950712,54.32996489838831,131.03451616934308,-82.30714675711647,-468.88890360679375
347,370,design_000370,lateral_discriminating,200.0,True,0.02527960723405778,0.019796226040064594,-7704.608440003145,-0.06462653690524336,203695.75634388597,2.54242935034937,31.250623039522193,4.480643753469282e-09,37,0,521.9550528596473,-589.3341129179129,776.4720485184884,-120.10287198479702,605.2591925778102,202.09018698681498,775.7188573215608,580.4722887519662
348,261,design_000261,longitudinal_stratified,200.0,True,0.02538488825612208,0.020237686610584737,-275.7479814284509,-0.03698038130085435,2469189.083312641,2.1401878938216825,26.787439897178363,8.784157807853258e-09,35,0,-496.73205647998844,-594.3806860836122,184.41139653293348,127.81722577673975,453.6352872597251,2.17217598482668,673.4867738879816,271.7255533591571
349,323,design_000323,longitudinal_stratified,200.0,True,0.02542763516645377,0.015472840937628986,-4952.967663048698,-0.1718618814542217,12109861847331.9,0.629200916318828,5.806315408412762,8.501656589826197e-09,37,0,-43.116372470867894,-478.6549407144577,146.73226631069082,-43.26922187191038,505.2362591771884,-411.8064413762167,1641.003650542283,334.3377992102961
350,353,design_000353,lateral_discriminating,200.0,True,0.02550411505582727,0.014296934749859247,-34.85367201672521,-0.07971849652563053,94207.16590306969,0.5141216640121108,2.2495714377822384,2.919528179813641e-10,21,0,210.26526031061354,-590.5923651894765,86.71702589390969,-138.90471322705991,74.71379181015936,239.7544928016694,447.47071163359686,548.2672667032654
351,415,design_000415,lateral_discriminating,200.0,True,0.02559258356429151,0.020644051281266444,-732.191119587074,-0.0437604900918152,2934674.505512839,2.0922416805771853,27.19523560400166,4.21628260610939e-09,40,0,776.0326982279171,-568.2080737032185,472.97484826357777,-173.4296512070212,595.1044318541217,207.35311345155677,645.9551952048054,482.4106502533136
352,461,design_000461,upstream_focused,200.0,True,0.02566545942082113,0.01816057628281896,-212.68608138414143,-0.08403536441144861,72431.77658201836,2.3860466862652183,33.100953691698656,7.770387207412062e-09,23,0,-276.5458773617682,-46.92380034043765,640.0982943119105,-67.73875838961908,377.8628487650718,-509.69721049903575,520.0256802214006,259.1626620591452
353,442,design_000442,upstream_focused,200.0,True,0.025716623897165548,0.014954984306595706,-9.237106371656642,-0.4981582532187002,1545.9720156092799,0.599719139793554,5.171992500256826,3.2582358482869024e-09,9,0,-338.66149385184366,525.8233412933268,-177.8878795419698,308.4679360970773,-271.38025369118634,-266.5520507179034,-133.5898891500269,-519.3642448116512
354,413,design_000413,lateral_discriminating,200.0,True,0.025789461359299624,0.015388720738518649,-14.062427099492012,-0.04879084938863068,1725.3007618227703,0.44922266221361534,3.072364684325462,8.933275717674553e-09,11,0,1.8889204277419935,-529.824736017374,162.23028716825914,-266.7693123669666,-87.36406332808912,201.44508435481185,265.67571770762345,529.4637215428804
355,5,design_000005,manual,200.0,True,0.026073615231861517,0.017279713955795202,-795.7347014904395,-0.07817630843968675,45045240100885.42,0.7926374597491656,8.402310241939606,9.534457987944906e-09,282,0,-100.0,-300.0,500.0,-300.0,1100.0,-300.0,1700.0,-300.0
356,61,design_000061,support_random,200.0,True,0.026081821017797394,0.017866603424906098,-2991.861664252223,-0.11546685582123081,18682513814724.902,1.1851207423122785,16.0510569126,5.131384073368701e-09,53,0,32.8415727242986,-402.3045398618529,397.91494058777437,73.41115929451246,1380.8776879217482,306.78723429673914,167.81759840453643,470.48446247883436
357,364,design_000364,lateral_discriminating,200.0,True,0.026176066666912405,0.020376986078795966,-1809.8591956487055,-0.021302786429105984,414793463.44070715,2.3681613522841136,29.68772119695548,8.844311541442819e-09,54,0,1059.9807932762362,-588.7547370049332,845.8304686181303,-213.08540712902894,609.2306415540913,67.14043332451855,742.4949449526979,569.8303659493415
358,361,design_000361,lateral_discriminating,200.0,True,0.026341416378560533,0.019048058723386895,-15.08958580913323,-0.06420280987217433,4093.9828455297315,1.0987145874206306,12.594467251808394,1.357487557323619e-09,17,0,280.1496170073577,-591.5898910628932,162.27497746985125,-140.45088904867475,338.6293257772629,203.2480788478793,-42.77358156397321,592.3323788822993
359,464,design_000464,upstream_focused,200.0,True,0.026366359791931086,0.018439177853246,-75.09008178905557,-0.0762881642404194,494114.62986206723,1.9533885040339602,27.187154172190223,5.159068311864855e-09,18,0,476.95823124378194,-567.6877971121687,-134.98615266422965,-428.690994587507,-312.4136301477059,-149.64053320117074,536.2157452765981,115.416855247395
360,2,design_000002,manual,200.0,True,0.02640285599816257,0.01879104173832627,-9490.168962389223,-0.0320416134760268,69949.78629421184,1.3521698785633403,11.738237859307183,6.7003300445912585e-09,60,0,850.0,-550.0,850.0,-200.0,850.0,150.0,850.0,500.0
361,399,design_000399,lateral_discriminating,200.0,True,0.026603173596609214,0.019288058859013208,-10687.093012009522,-0.06780164339803352,9664.186467913956,1.6847586713356348,13.308764552041309,9.261567390280699e-09,107,0,476.8354721383042,-611.9573036835864,889.3029441251143,-180.00284996685252,801.2123591867131,105.8362440191858,637.1970026341546,552.8028101994444
362,101,design_000101,support_random,200.0,True,0.026780236633983684,0.01222700697145121,-2265.680337267094,-0.18317683823814337,57712320132165.555,0.6509186540868624,2.8599284554398627,9.995584634928923e-09,1257,0,153.3569006243752,-73.22521927710072,1365.1871851047931,169.5737688345409,1789.9883364932793,517.7865219316254,-370.98021236761576,112.34006922308356
363,411,design_000411,lateral_discriminating,200.0,True,0.02693311199554006,0.01707083620720887,-2776.28834766664,-0.14856625629362982,566231066.49583,2.1524180466497467,23.88830992506451,5.840451278408717e-09,319,0,1208.4171028308122,-514.7794532339489,1304.6550265684104,-167.5005318477543,973.6093553449691,172.96732350417895,1263.026831410744,435.1886007418283
364,462,design_000462,upstream_focused,200.0,True,0.027234766831765483,0.02019087604197453,-42.69067609854347,-0.03002553004210103,4456.023748262013,1.6093404955281077,21.837910076772054,2.44985506758571e-09,15,0,-316.7967560502474,178.76003019847883,324.3698625868843,-149.9920098996849,167.74628081119818,-468.2147590297514,461.7628193380177,211.1566838548148
365,356,design_000356,lateral_discriminating,200.0,True,0.0273084468928711,0.019306526851285016,-12362.667993634588,-0.04537856154757966,188326224.99044257,1.9475063181036987,20.328824201212747,8.750600580841726e-09,206,0,981.721444541733,-523.9764466378293,983.1738382780522,-235.26628083531722,906.2557362947405,131.53331295859283,1097.2864654051436,554.0150747969412
366,483,design_000483,downstream_focused,200.0,True,0.027329890283698536,0.016978222077773882,-318.24756066547315,-0.10800693906864976,605320999766.1979,2.128149289152024,23.636173305135838,9.97117244566214e-09,774,0,997.8966617481119,197.5418749978695,1331.9729514079454,265.98780213411703,1534.6142559226323,-461.8479254336819,932.3253564121471,-460.233527300417
367,334,design_000334,longitudinal_stratified,200.0,True,0.027344076342086927,0.016363736343806088,-509.9772155198043,-0.06183991723306528,81804331827.66013,1.2629946970398331,8.935656754084135,7.600273527921543e-09,32,0,15.529189699217511,76.67411504461947,273.3846014538045,-414.4835770976506,589.1328004700922,446.2677176275811,860.4015198952414,244.1987417296348
368,398,design_000398,lateral_discriminating,200.0,True,0.02774120113299965,0.02177525084226674,-6671.9392284717915,-0.07813777721466364,4618706.598303704,1.8680587483315858,23.327481243535225,9.78095270796519e-09,45,0,479.1795657250576,-551.5797868028845,422.80095811872076,-191.47078763228689,510.95286410634867,222.37940431478285,737.4632447131866,557.5184080055317
369,467,design_000467,downstream_focused,200.0,True,0.02779541333249158,0.016713741037157365,-617.2458983435863,-0.10038431118728942,8551923575183.888,0.8831754080586353,7.34186982681956,9.923745157508481e-09,584,0,1419.4105854559427,-381.6839074060598,995.1810819906077,-585.9276951090061,1790.5640741350792,20.937320123683662,931.0645097897072,219.905204835326
370,317,design_000317,longitudinal_stratified,200.0,True,0.027922879162508154,0.014800736283403773,-3700.462679828654,-0.21370666281589826,37023147761502.69,0.7274970098195045,5.936096286385078,9.21657253212898e-09,50,0,-108.25494428156233,214.12824843009847,113.4737135744057,-13.605254793459387,365.3381148207813,-163.55523955280054,1449.5434603703723,52.03152268203192
371,457,design_000457,upstream_focused,200.0,True,0.027981618147637666,0.021385805005469383,-395.34353393614646,-0.07619427160394893,12254.468380479206,2.4860355922939856,31.86434759464058,6.239559422291818e-09,67,0,578.2432927758215,345.4145888897651,613.074524529162,33.03509318908618,743.1370880531736,-223.14897283826195,499.13072923772756,-486.5913958177397
372,371,design_000371,lateral_discriminating,200.0,True,0.028061296068419964,0.018485542300850796,-648.1226688835053,-0.04496478838104876,1125490.4135140835,1.6318787587288137,15.027367195848184,7.494989931705694e-09,182,0,927.9751718615479,-531.7000910218029,904.8299384977538,-119.93879635275076,1067.5900790342998,168.48198155835595,948.3873651584631,501.2779557645235
373,383,design_000383,lateral_discriminating,200.0,True,0.028093235989601666,0.016551054396042455,-2648.8812004365645,-0.09403955022525068,7410962.43978096,0.718321280744623,3.73176864149402,8.551396381518144e-09,112,0,985.7280757596725,-573.6961364533242,1259.8023625297733,-177.22415012644927,1133.8034039327515,313.2190223275686,735.9818176926641,474.2404680978802
374,355,design_000355,lateral_discriminating,200.0,True,0.028164714784912063,0.0187094862979265,-16424.944015202927,-0.0520841439377635,11770174.04692323,1.1719096741926947,7.897743768630277,8.691098330833304e-09,111,0,772.2329737027885,-424.9750568751331,1065.818039415442,-202.44350805790322,931.2497636032829,213.12840100641188,852.6586987642526,525.0199806942601
375,136,design_000136,support_random,200.0,True,0.02838284058221172,0.017992014387239914,-14823.10816349125,-0.05400058302515483,30477070656738.723,1.1485062325077553,11.747582541346734,6.8643086303641445e-09,243,0,109.94236314352965,-373.57537485174805,814.8287467891441,398.9531980182343,-32.043984676002985,312.90855250341724,1074.4084255468654,455.4136606763983
376,502,design_000502,uniform_control,200.0,True,0.02866555480413046,0.01500757260388283,-5348.045097868745,-0.0788237016483951,39413164519284.47,0.48433336311227376,2.900381358944188,7.533529984583965e-09,79,0,1534.6269072187556,-560.3816933944032,1756.6913341133823,649.9538144128439,77.28564384902143,-241.50445950517837,690.898378557988,511.7514566819991
377,453,design_000453,upstream_focused,200.0,True,0.028738520308501003,0.016981285435464448,-581.5733713488208,-0.04105901548742548,741785169.5175277,0.5164041514104794,5.932652807656829,2.56979996020021e-09,66,0,733.5678353469598,-517.86178293937,-25.692761041729057,394.4181274747325,-319.45853878846594,149.81794646747937,-10.5365505424179,-390.99389881160016
378,395,design_000395,lateral_discriminating,200.0,True,0.02876281657370988,0.019424626360931577,-914.6607499839616,-0.02571255408037499,14567663390.350203,1.5148164639806858,12.462720268174293,9.609125912036428e-09,244,0,1135.2648037423783,-608.9722900033107,981.4462485532748,-309.4758501911341,935.26124717843,145.1042476896079,953.7512526302678,585.0539159582654
379,392,design_000392,lateral_discriminating,200.0,True,0.028983134242555282,0.019079227957548465,-824.216360904321,-0.026784598318444843,2428925972.7128177,1.7636192234869417,16.722527038874624,9.012338992793717e-09,465,0,1226.0491055934033,-551.4217621209367,992.8880543337713,-174.11004398882486,1029.251316825575,224.89754036649862,971.9917150599722,574.3970932882866
380,300,design_000300,longitudinal_stratified,200.0,True,0.02912915717475325,0.016091507583645227,-3155.334642982678,-0.09249999569790951,10166790052035.742,0.5137720896119,5.60134460719651,7.539709311488341e-09,31,0,-254.85925310326786,-435.0531248357861,207.7703799181399,-13.616095661044135,289.369606448411,485.1791885171437,1434.0553932157645,518.044902764048
381,491,design_000491,downstream_focused,200.0,True,0.029227444725060787,0.019345627201855054,-4441.275063707669,-0.08546048487443982,244350487527.1379,1.7729930808379695,16.50856853611904,8.41232556584021e-09,288,0,897.9387728464751,-508.13061797502576,873.3376178363885,-15.537732192591761,1642.3640428335311,-123.60388738872939,1135.486945250398,-360.85198891448454
382,215,design_000215,support_random,200.0,True,0.02923450509293568,0.020908530809229324,-46.912596953810024,-0.03960813061189403,72665.14821871881,1.5674809259989646,21.88394135400829,8.687459299456851e-09,23,0,-491.20336787414516,-614.3814313647158,480.72800755788535,191.16485913891202,-48.00659724587334,164.45068403805573,340.5518472003284,-242.86490651498042
383,408,design_000408,lateral_discriminating,200.0,True,0.029548790348430165,0.021805709674199873,-9720.285657981176,-0.07005691913669768,1279.735214457365,1.987947089147606,22.76512027235598,6.562357729359964e-09,52,0,512.4418458705987,-525.337506226456,861.6108259840539,-144.03618613013492,465.3029015628187,187.94468940334505,534.6755101001752,602.7231009364968
384,487,design_000487,downstream_focused,200.0,True,0.029721841415403103,0.017329456995009037,-5739.088837808866,-0.12162281846198655,5938258274.250923,1.401326898536521,10.31693483928016,9.42010379720783e-09,791,0,991.9676540485514,83.07076124297669,1742.0499384922725,-192.8821351813222,1395.1165637717868,-176.2076154348087,1232.0301933557748,-380.590077584221
385,232,design_000232,longitudinal_stratified,200.0,True,0.02976336001807658,0.01979040993313667,-968.416505784453,-0.059999645617146685,101559536718803.88,1.135645143963594,15.85226263683131,9.896057049562394e-09,41,0,-417.9817937077812,-431.29783805922466,72.90861715754173,-309.11588517092366,400.98635744753585,215.4874585862411,1839.0962290445711,550.5062306299437
386,352,design_000352,lateral_discriminating,200.0,True,0.029913618337411043,0.022381158381034424,-86.88415963570469,-0.05927836901107206,20132.53259837825,1.966720170883675,25.585903654308844,9.890748991395034e-09,44,0,470.83373112936795,-588.680948154892,469.5056274872936,-221.68392615665778,546.1137347920851,221.13599656517,621.6178606232788,567.0626020965643
387,501,design_000501,uniform_control,200.0,True,0.02994319060216868,0.01998006653540198,-607.0903822743014,-0.03279295222028872,37454184124101.664,0.9669234598655582,7.434954108721632,9.966727658082209e-09,214,0,5.139597710594558,377.7619469101469,1109.3602464291955,-704.2431044098397,759.9252960966926,320.0858850421587,1451.338682783379,-769.8500834623256
388,440,design_000440,upstream_focused,200.0,True,0.02996469206597727,0.019100903453895823,-53.246760490458676,-0.06507186780990176,44423038.07080564,0.668127485098195,8.433346303072653,3.443176729687483e-09,21,0,412.3084423706098,-164.37260339120712,-322.7365416249046,-296.2185709068486,142.2231851303605,396.8642937105161,691.6848264613673,-529.5812948742168
389,21,design_000021,support_random,200.0,True,0.03012238892458538,0.01961629255598824,-37.76978573311312,-0.07443529235599709,19483.61422735352,1.5016913187907068,21.035591869840093,8.409950978342603e-09,14,0,-67.15531089150022,99.68734148064632,534.2266435457154,-0.387930798845435,333.14866678240134,-441.7824745037475,322.81118541481453,238.78994413636786
390,508,design_000508,uniform_control,200.0,True,0.030123955608620363,0.01782541955875005,-1562.2764704853644,-0.045258434133806535,13951950943452.848,0.5536617853349245,4.754581090333644,8.237869532342236e-09,70,0,359.815128028457,332.8683200972123,1160.2075219922572,747.4627069834553,974.5496731978685,-601.8249225547463,-227.2641543148506,48.69404288230908
391,497,design_000497,uniform_control,200.0,True,0.03019408161836833,0.018795064969233336,-1728.6291890934353,-0.06616495167502245,22147564908609.27,0.8289513183365173,5.523259368671409,9.96151738320865e-09,514,0,724.2533230773395,414.42684310895834,1075.7740126093906,-226.3071550939345,1658.1825159102582,847.4231709781188,-468.00607207460496,-671.3413469172758
392,369,design_000369,lateral_discriminating,200.0,True,0.03023814460493275,0.017370069018623088,-2115.2444020445982,-0.12592002180742104,133434174.55492975,1.8301056650140353,19.52512066454377,9.979008136013605e-09,996,0,1240.059388980626,-609.2603220242974,1417.6808156370853,-142.73720838306775,1044.8878530269578,165.13799390551802,1275.728824578544,565.9039604698343
393,490,design_000490,downstream_focused,200.0,True,0.030319221195465408,0.017882438241978153,-373.5064127460526,-0.1055355153198442,391747531370.4528,0.8328531652404392,6.831440472564431,9.94920527145996e-09,1153,0,1318.7391215648959,-505.73178032180675,769.0830348708566,-585.4829653711555,1622.1138290936558,496.7732972471845,983.8006969097216,287.4116592135092
394,112,design_000112,support_random,200.0,True,0.030963735725577254,0.020188356122953593,-2660.7530456266127,-0.11138572468716663,6867782850718.945,0.8848250336075731,9.899909170849131,8.118982210095687e-09,46,0,183.46340283007635,207.9079495636465,293.12074009949134,-125.60909196830777,469.9461088863062,-321.4460844210403,1326.0359395614162,308.00472460708056
395,62,design_000062,support_random,200.0,True,0.03100533442198832,0.017579005997380173,-6832.152121363428,-0.20055487325951793,48716043273492.305,0.8256324619839013,6.095983196343852,9.629106000510022e-09,267,0,1770.0199975233618,239.14838705627773,116.0939697217948,150.65164437046354,1179.350133564557,378.5960531473625,930.3537413079114,-158.655359799125
396,481,design_000481,downstream_focused,200.0,True,0.031173385527466693,0.016489140521337146,-13127.436675044934,-0.15454019534921434,432528365881.9698,1.7814743303186087,18.88419113666372,8.467730949666153e-09,492,0,1308.1664848086516,281.8244947549333,1772.6269544977856,620.9284209340203,1066.617867115849,148.6386231605013,1693.4614124281647,224.9589083774746
397,362,design_000362,lateral_discriminating,200.0,True,0.03120765774263981,0.02264662290824738,-109.87333590653141,-0.05193180215277193,1474.984277292307,1.8515092452710709,24.897977221706988,6.185224053850275e-09,21,0,388.5051507031561,-584.3823426857551,311.75232597975565,-153.0319751337844,502.89813544794936,207.3349563069226,116.92673941625173,508.97049478618936
398,117,design_000117,support_random,200.0,True,0.03130573347656199,0.022861432005144063,-1315.7988652086642,-0.06286415955317468,16670136154567.977,1.6919205216131252,21.719283307163995,5.164342025970875e-09,45,0,1991.4971705938037,554.4184616235806,418.66276331503855,-584.7409933843023,513.6445486215891,233.74174869255125,297.4996742186861,-189.303573850744
399,301,design_000301,longitudinal_stratified,200.0,True,0.03149959483441264,0.020653790811801073,-1301.0556390373213,-0.03491218836114253,44592792000325.84,1.6897444803035342,23.143170519146214,9.94897392899981e-09,42,0,-20.81689813718822,215.58925515829645,220.4985525591207,-501.69185469499433,499.10734881182395,188.33379176756898,1720.491289380367,-379.3379860298755
400,8,design_000008,manual,200.0,True,0.031900932063572876,0.017997136934725225,-10494.285622355708,-0.24764181704591146,10120054782022.154,1.034952711582425,5.784588835864549,9.051921813582802e-09,221,0,500.0,-550.0,900.0,-150.0,1300.0,250.0,1750.0,600.0
401,16,design_000016,support_random,200.0,True,0.03213443036531735,0.019283551621525886,-15942.18764739104,-0.11629378963951345,20978963.109588552,0.5764427597045994,3.2206423569156297,8.784037851649449e-09,67,0,-75.68066917090515,154.43560322382152,1078.909021161489,-207.12831140927096,431.81133561245207,-705.2086917550665,183.81431092785988,303.9366880636362
402,433,design_000433,upstream_focused,200.0,True,0.03236039902740725,0.02183401986817639,-59.90575331947103,-0.04172946194560258,69488.51418548732,1.7034911490720597,23.020913340443162,7.76095783529159e-09,28,0,-330.61221234070047,452.80384415794106,138.07170531201808,-381.3632608469784,497.02740613062485,339.31280097825174,473.6937778006984,19.150999826744396
403,305,design_000305,longitudinal_stratified,200.0,True,0.03273733832557083,0.015887327571648742,-663.2251318589019,-0.10106740845932013,19891482635123.598,0.5840688190217338,4.456961281447011,5.052238131141982e-09,26,0,-378.5406449883804,64.71632984476955,121.45655329277403,-18.15657197220108,376.1081636659031,-184.2822447139415,1680.3065982862672,612.6760919368483
404,375,design_000375,lateral_discriminating,200.0,True,0.03282934665936985,0.019371628160181224,-1513.041037539654,-0.02672793458570706,53832.281640295114,0.6994473239368272,5.14953145177681,8.825994660455624e-09,90,0,963.0009540675135,-605.3275701585965,1036.0431385197624,-242.28125255641856,1006.5399758121742,166.5461434110419,934.6278809322845,574.1053302262517
405,70,design_000070,support_random,200.0,True,0.03308359051470983,0.018920103451445396,-520.0435959172532,-0.08266734609481541,15272990158368.082,1.142227720511002,6.905998658060069,2.9724819493689516e-09,227,0,-127.79670695255234,350.4098442707173,992.6637798945826,28.030599976917856,1282.7811701582646,334.1388069825764,329.64147478307535,-476.18424559409044
406,388,design_000388,lateral_discriminating,200.0,True,0.03382290505957845,0.022470624922879583,-257.78377298061247,-0.062883889858477,14114.692130275054,2.0662276614609962,29.2634296737608,7.518307497263765e-09,37,0,600.6996664665662,-537.7569659504006,655.1091315369363,-151.009914078088,567.6584457865717,128.33980783341866,243.05084584784916,555.1174954105763
407,376,design_000376,lateral_discriminating,200.0,True,0.0339007516037161,0.02351175409449053,-288.83456892988085,-0.05387629781377968,649694.0873243662,1.6215305309069377,21.255962618117017,7.592133537185063e-09,43,0,466.5135231001179,-550.5221999222357,581.2575191323743,-215.5775888364859,354.1437490502507,215.4396251285793,660.6237826225902,538.7096626591382
408,469,design_000469,downstream_focused,200.0,True,0.034171717359492114,0.018385783254988283,-5984.814151002513,-0.09765334725949912,27184943663.09499,0.6758908509501826,5.214515542310781,9.500617400285246e-09,268,0,1510.9062568417785,452.1191210592292,1511.1719334887903,-468.97077224736336,833.1393454592828,463.3012460973914,1195.6417356485902,348.04523583175444
409,417,design_000417,lateral_discriminating,200.0,True,0.03452831249954167,0.01905194254936975,-343.349967198319,-0.07324453338218569,14145107366.550533,1.1189646068243495,8.292955541654495,9.979282895076853e-09,1193,0,1358.755610613949,-553.051069550786,1134.0466156996415,-285.94429660073314,1155.3606396161358,148.89439896597725,1355.5056566011615,483.62310539632324
410,354,design_000354,lateral_discriminating,200.0,True,0.03488783760550623,0.023877202612212295,-246.3758468630535,-0.06413465905761649,66497.48101050704,1.7856007421229898,23.964279589802857,7.514529565628917e-09,40,0,458.43184283802293,-558.9627022848354,503.0040147217681,-227.00185716498322,498.61338611042794,225.11496544105233,619.7964761260183,666.2677547077842
411,39,design_000039,support_random,200.0,True,0.03507919691186965,0.019697550007084567,-35.099984972726745,-0.07831267926576996,207972.25928869372,1.1723378838275376,15.908310508464027,1.1100042087621348e-09,10,0,464.18896726645363,-65.84232151425792,-222.30978479705593,45.728626879150404,515.784948670729,-467.3251916276884,147.05098798432718,130.03373462622125
412,511,design_000511,uniform_control,200.0,True,0.03514430553364431,0.02200909093100263,-4135.492927657481,-0.02670180711214728,18400035514913.86,1.975020437937782,27.31368174272183,9.713116706010036e-09,111,0,218.11940270157186,-623.8896910632166,1448.8211558662465,-318.2119138988138,579.3324464561113,83.49719903652522,2037.8573984459263,-16.77134221001586
413,454,design_000454,upstream_focused,200.0,True,0.03520387081118542,0.02325158202525188,-464.97913553605554,-0.020058421562532857,220157.53968075302,1.97296874336306,25.9001760797633,6.5379654436113625e-09,47,0,432.8341133703775,171.74078587099973,136.23497975939108,568.5828278343968,-163.5923553962317,590.1632283950364,731.8934414756468,-99.40566905111956
414,118,design_000118,support_random,200.0,True,0.035504930346080335,0.023018179683659042,-69.04251767203267,-0.036050300730145916,151862.3355944336,1.8832211963133945,27.9134103486842,6.607440387544676e-09,15,0,475.4704074002207,-0.039873058822053054,314.7883647242132,-254.89664502215834,192.99286452545084,41.81379013920969,-59.29938088553316,323.4438826433517
415,299,design_000299,longitudinal_stratified,200.0,True,0.03553813026350785,0.02297204724466128,-15416.615353315914,-0.06211313387864406,3908806.9217099412,0.9711247022694584,10.933051943854682,7.0059605423777125e-09,62,0,-142.41613763486316,260.320660039632,265.26778924460973,180.71801134765266,496.67946459984773,-510.75456804945975,1062.3045974286838,-165.8029313672045
416,41,design_000041,support_random,200.0,True,0.035561126163004726,0.020990857732917145,-5685.5252565924775,-0.07129746830139301,20405209288291.742,0.8315743894986195,12.458067603944674,9.303542126132526e-09,52,0,444.53063110142864,-189.29741244803577,-410.7507336832476,-329.9925389110138,55.43282203337448,-374.349763685577,1637.2910148564526,-190.8392928776256
417,189,design_000189,support_random,200.0,True,0.03556678429981006,0.02373553850913628,-35.78686671111876,-0.019160732565315374,4801.394551018646,1.6269625056040646,23.972404089637696,6.55918512894209e-09,21,0,-284.5728947951063,325.7261270795903,472.97236165594603,178.343677741718,503.18576443506356,-193.65361637983892,-285.2189468570282,-522.7447877424149
418,60,design_000060,support_random,200.0,True,0.035623746977967274,0.019908698114563597,-2623.238300774733,-0.1051397930580983,24938664184230.84,0.48677380901018696,3.4908262502560667,4.103468770164933e-09,38,0,64.52145695386295,185.15022382959333,1318.17313828814,294.94916941757214,376.43332022541097,-407.64698800538224,-448.6059384294291,46.66955806589266
419,465,design_000465,upstream_focused,200.0,True,0.03562715770676911,0.022572482703196034,-430.2385496864522,-0.039829529765759854,52276270.850991644,0.943243829397337,11.366978716392659,2.108508555695725e-09,41,0,331.96538119987076,-29.76706385139323,13.049967041204354,-448.6778957569807,690.2301955034166,-364.7108747868616,650.6369298308058,584.2494762875774
420,466,design_000466,downstream_focused,200.0,True,0.035758068853645714,0.018225998711643605,-4322.7335235289975,-0.14832669473639196,129758088267.21878,0.7376215206821298,5.2926449072959425,8.225387776248834e-09,183,0,1419.1856177956856,338.4127574436385,1529.4762633585426,591.7905067454064,1280.2455385678056,106.23050468116799,729.7028732625132,-353.8344214352454
421,344,design_000344,longitudinal_stratified,200.0,True,0.03609612241472959,0.020914746436153746,-1217.9987518324058,-0.04731820954607524,171606221446.22943,0.866923314221876,5.9440915418723534,3.4992918164787997e-09,32,0,-422.88845763800487,-594.2671557424115,313.71307191641824,-529.0524759831086,267.58380299023503,-228.8082338581546,991.1889575200834,111.60624215962784
422,208,design_000208,support_random,200.0,True,0.03656944513448286,0.018232693551659872,-3243.019813266236,-0.19454843579655504,46645902247102.28,0.7034027306968094,8.229637150275272,7.389292805204203e-09,41,0,1391.1241800526168,97.77394909078228,-12.601915923645102,212.2070084937808,216.07504340163774,100.73935573020908,-320.04578937299016,170.61094805618313
423,476,design_000476,downstream_focused,200.0,True,0.036569534618737964,0.019386815496641292,-3749.382663624175,-0.0904071122701294,34996288162.14614,0.9705972598626985,8.106853811573437,9.912961192145862e-09,1499,0,1117.7304323957892,-95.31800626334967,1556.251160989346,-189.6354965829213,1317.4475952655912,-363.5349385489278,1802.7763786038417,-306.21802143978016
424,404,design_000404,lateral_discriminating,200.0,True,0.03686525387175008,0.019376267008004582,-2157.6029223634737,-0.14719583703620187,19051509.558049105,0.9617814029085532,6.730768981842244,9.21632242854911e-09,698,0,1305.211409465008,-551.0045812049863,1354.5976499344918,-200.095567739954,1152.782193170601,116.59670306285356,1045.7027043496803,517.2497636963443
425,384,design_000384,lateral_discriminating,200.0,True,0.03691534226450702,0.019537337089273087,-618.618302002759,-0.0864951515159087,113912985136.06465,0.6208293095492141,4.15350792242077,9.712419641906122e-09,652,0,1336.716658299864,-570.3089572766986,1197.4710035551436,-174.6168515114923,1179.3461511802775,226.74816740350187,966.3535138438756,582.6056039083345
426,94,design_000094,support_random,200.0,True,0.03722841732606812,0.02168103978884383,-781.158898499525,-0.09117162780404274,522306601.8740761,0.9472985486515119,7.076420939289437,2.1766460109453613e-09,25,0,-38.18555575577172,-567.2439422052879,831.0465041705387,-185.10750667714623,226.54127579456502,-191.7252340315561,296.91570666659817,-452.91611428776815
427,368,design_000368,lateral_discriminating,200.0,True,0.0373074142016916,0.01882275730995761,-341.0939923814185,-0.11082415692434928,149548153.47705665,0.9628134084766757,6.701647472792237,9.570376003420779e-09,492,0,1250.3830491412998,-479.46755858573607,1491.0296027006166,-156.96547438702305,1161.991432454509,105.07689891107242,1263.2030387238535,532.0251978308855
428,175,design_000175,support_random,200.0,True,0.03769609314697386,0.019471246049461044,-952.6945157448641,-0.15324510594113674,48278875680644.44,0.9108424190079175,6.64285069930503,9.822124884777429e-09,449,0,1240.8212150423635,49.0410023096293,146.45090822582995,163.10694192555192,301.20077779687176,-298.0325270378658,1741.34418959873,10.94460706206859
429,459,design_000459,upstream_focused,200.0,True,0.037704739430507395,0.022809082597469818,-56.967116438897854,-0.0428035950841678,1955147740.9886813,0.9494788422019351,11.453389627177389,5.3817568219647894e-09,24,0,178.1381151623416,136.83582698625503,702.2143193162847,552.7256111193847,290.3049825248678,430.62580342301226,39.319019204468475,521.5991531124978
430,390,design_000390,lateral_discriminating,200.0,True,0.037726575340229766,0.019727232169148068,-8353.956823681558,-0.22691128277490538,86355653.88619575,0.6033670368162386,2.9162054340170727,9.748013089158522e-09,211,0,880.4998756038979,-523.1130831348212,997.1521394161582,-193.80001218918764,1234.4423041164146,155.37159208070955,1257.8552044090738,614.2324312607742
431,194,design_000194,support_random,200.0,True,0.03802976004266087,0.019603547021360437,-4.697081917312063,-0.03872015720794792,6785.425253938802,0.4826892646010267,6.171309776175279,2.5535836121645616e-09,10,0,151.32631054711527,-546.554891507986,-200.4479015210262,163.33408888701535,-103.61357989601395,-598.7049991267716,132.43511981912042,171.26997802622256
432,396,design_000396,lateral_discriminating,200.0,True,0.03813552264877687,0.024830576776690455,-409.04889596511237,-0.04017354216886778,960398.9630397451,1.270729121736607,17.647839036882058,9.352837803793122e-09,31,0,674.717511733254,-565.9736944063287,522.3549647233046,-230.47923267847727,367.77116491082114,122.23968043675711,516.491456575922,543.9401617798295
433,9,design_000009,manual,200.0,True,0.038447071740697475,0.0214555025022687,-3665.1886056694393,-0.09627987625017445,4868464079987.532,0.41356731714085154,2.5692413075502962,4.150098266764442e-09,178,0,-300.0,-450.0,300.0,350.0,900.0,-350.0,1500.0,450.0
434,6,design_000006,manual,200.0,True,0.039131599733821194,0.02225660226855831,-2571.0069368874993,-0.057597214822349696,28720004594097.48,0.6876963719016159,6.019917379062349,9.519106273697885e-09,56,0,0.0,-500.0,500.0,400.0,1200.0,-450.0,1900.0,350.0
435,357,design_000357,lateral_discriminating,200.0,True,0.03916680487702328,0.018965708951177693,-5952.653551408781,-0.19097629840696997,158066238.1503873,0.7041806302215542,5.860583391426964,9.167241307753464e-09,429,0,1417.116422945496,-652.8504414977017,1374.1431062749393,-133.94800706493558,1198.1786661498693,133.33563378278876,1506.207741636799,508.7404519916305
436,493,design_000493,downstream_focused,200.0,True,0.03981511162028767,0.018815709480555533,-3547.050845276805,-0.22283997934614572,4923878534166.187,0.3547258041754792,1.6476442628833947,9.997755082023283e-09,713,0,1201.8919812684114,-448.6492869907635,1848.2253041105694,557.2599485437597,798.4374030250602,566.2522148434798,1436.3900537177224,57.24185683864414
437,350,design_000350,lateral_discriminating,200.0,True,0.03988475725483851,0.019597451260183384,-1156.836736260337,-0.2145264942776022,467171280.04363,0.8480947268030252,5.496226040480772,9.965166003298421e-09,729,0,1302.8352320830559,-559.4862314113553,1187.8886895427213,-212.45355495531095,1409.9408763486476,112.45792339982903,1254.4534150816683,506.3229298057996
438,372,design_000372,lateral_discriminating,200.0,True,0.040360210249986886,0.024867413803436114,-350.7182572452777,-0.05198417392430213,1153469.0020530869,0.8702176430747304,11.103138562772338,7.4502649166336035e-09,29,0,644.348736601361,-517.249026965979,285.2305972109418,-185.92590953364376,268.55912910075153,142.98856246049124,540.27530686334,551.6701693346582
439,458,design_000458,upstream_focused,200.0,True,0.040368728004486654,0.023428154475157885,-294.97813286543465,-0.04124469419004989,396518.8003627326,1.0143449777494649,13.88264776470453,3.830829705042246e-09,27,0,-187.03003661565103,357.38365455173664,636.8494484328243,-268.80462563706857,129.8927342710765,541.5217467122809,144.3810199010801,97.36730321596156
440,479,design_000479,downstream_focused,200.0,True,0.04040314470956591,0.020394990337165894,-7563.903028691763,-0.09953245809034346,2673328339239.941,0.439003961418998,1.9377605222263046,9.872429528257097e-09,268,0,919.4911839140427,544.3918078045024,1839.4004347788493,113.46256226293485,1265.9888345091986,-205.4621793653966,701.2014241850293,-505.20038041309533
441,428,design_000428,upstream_focused,200.0,True,0.04042136440201425,0.023001086843425507,-184.59839573101019,-0.04419184475669379,100829432.47603068,0.5361494466607105,4.328529128407477,7.453488517874742e-09,31,0,-204.41477529185394,202.3655150952053,469.5906938263947,-574.4898394320942,579.718461536473,536.5001745146913,236.9842828357148,387.5343872599683
442,359,design_000359,lateral_discriminating,200.0,True,0.040629877884873815,0.02535172953344886,-216.61206879217946,-0.040564956535663284,1413.9195274255464,1.6789103637356209,23.339302696805724,6.50698265684592e-09,23,0,421.45244548066205,-536.7571297353046,600.2646094193276,-97.52192946330743,416.63867136505206,109.65784282717482,505.44449392407375,562.1542439183839
443,478,design_000478,downstream_focused,200.0,True,0.04077520132823998,0.020429003707024093,-533.4039306594685,-0.09858362612110363,59732934208.68506,0.767197751656318,7.704850704904242,9.915920273166662e-09,1056,0,1796.7415393726355,-373.018140714792,1129.9522415265437,-69.00240747590158,1491.6376246883747,-365.6889436198223,1805.4145670782602,-7.123409092398447
444,358,design_000358,lateral_discriminating,200.0,True,0.04095766118138463,0.02061022239257154,-442.13211089246664,-0.08248920427851864,3899305367.6658306,0.8551212677552339,5.55635690882504,9.983917703400454e-09,1093,0,884.5635096663109,-580.0268201182693,1371.9705221362317,-210.2712978726077,1207.151323766822,326.7062586871318,1297.904245176957,583.4205465996401
445,48,design_000048,support_random,200.0,True,0.04153281071795413,0.02365975899062122,-40.55689896891685,-0.01974892271144645,3733.84447530368,1.4355353562444746,21.372841518457772,6.230771487131016e-09,17,0,-194.1204141411044,-630.1862336039336,480.2081443728431,51.95483360121999,150.5333145539323,212.99889491496123,131.92894126752384,-592.7913556574222
446,496,design_000496,downstream_focused,200.0,True,0.0415862417760795,0.02065250757640705,-14583.513731053148,-0.10178881969961297,145991498095.8516,0.4841015100494573,2.8159933288654626,7.850939504156673e-09,380,0,1164.0971929292837,-110.76176880600252,1199.2245832441897,-389.8240086854417,1370.501221283375,639.8052906079574,1883.9315945792193,617.0763929620473
447,183,design_000183,support_random,200.0,True,0.041792084866215766,0.018248254524225904,-1365.5983218651197,-0.17872031219638815,31162714863687.984,0.704495452012445,5.2892174969030075,9.765193202633838e-09,216,0,218.3238339101391,-123.35884332902265,1699.311779315417,57.36347181609584,1312.4524892708912,27.197948655862167,1312.41900618739,448.54339833888025
448,402,design_000402,lateral_discriminating,200.0,True,0.0419538784799134,0.019237598927256395,-1014.4522322981485,-0.19175270131405073,223090309.88269815,0.5750038659320663,4.5830054904065,9.107655352961313e-09,348,0,1243.8235085528386,-513.0334018236459,1206.4170611349336,-204.86700043090548,1579.4660515236794,87.4793401265703,1185.9975894686472,584.5326961157917
449,506,design_000506,uniform_control,200.0,True,0.042078661343740005,0.022743660227430938,-1266.4877376596999,-0.20866905180917256,44465981769593.39,0.7896143842753628,5.690735996312522,8.957975896914615e-09,189,0,1709.1049623273389,215.56258510140833,1418.5625479098323,246.15803447789358,388.7568918708282,-159.34103572053255,-516.3660040967769,340.58865476020696
450,386,design_000386,lateral_discriminating,200.0,True,0.04233150750736353,0.023542231434644727,-5.025925548422562,-0.02920370031481618,1055.4667377830137,0.5429804021351992,7.281079580072585,4.018252241087202e-10,15,0,150.63062083818963,-528.1282927791462,391.7361246988646,-178.32412840804147,19.526491457792076,225.07445735375498,257.834448914326,520.6869230916053
451,366,design_000366,lateral_discriminating,200.0,True,0.04247524255594322,0.020500449326549163,-2405.905334804132,-0.15731209258698314,738561.4276703318,0.7723620474989746,4.350206955117259,9.964219792607708e-09,685,0,1289.276274215576,-525.1749254912493,1352.4119995593317,-193.3616293538702,1253.4278506702449,92.03331428176713,1326.1707131660107,491.2594373552091
452,403,design_000403,lateral_discriminating,200.0,True,0.04253521614369547,0.022897375237425275,-35.644758469137344,-0.05579503882058926,2723.6933425183643,0.9708168655339225,13.07367873786269,9.220832064931886e-09,26,0,321.88748538015307,-525.1255050361133,472.946487258043,-186.4905773134039,101.45453556399207,61.70012830518044,207.77248658515296,574.4054965299953
453,360,design_000360,lateral_discriminating,200.0,True,0.042551468210139616,0.02031971912627337,-1371.2493253440948,-0.10944338838669634,4783311956.567327,0.5587518956293419,4.800027899845558,9.513735471138135e-09,243,0,1158.6956387413154,-512.7779515732608,1610.6731855731916,-150.10530643498032,1228.154075377778,242.47153567949437,1174.734558055697,605.7049821732066
454,381,design_000381,lateral_discriminating,200.0,True,0.04290932818988453,0.019769362716778677,-3572.6562540212103,-0.18068936812983724,4908379541.961102,0.6101097780135638,5.66865928830028,9.931317443883875e-09,590,0,1529.4454967114139,-533.2457615992681,1271.1521511149529,-128.2810769011012,1365.2899422766689,135.4246126484391,1473.5462394686297,553.3887464200003
455,374,design_000374,lateral_discriminating,200.0,True,0.04312727270562372,0.025905202766174383,-162.17071820675486,-0.04844115790215954,151651.89572822786,0.9106431602556644,11.638849757559614,5.0093292317955955e-09,23,0,494.49292707109424,-555.6808064222007,340.429423759868,-149.33889534398736,235.98036837553445,209.51078660532605,546.35944097457,545.0390758933131
456,503,design_000503,uniform_control,200.0,True,0.04323720370584633,0.023800612157085965,-10468.214564268304,-0.1690318897636671,2751810523417.0977,0.46889580281775534,4.915816685005252,9.91108528516467e-09,295,0,250.77449704461446,202.3720092870908,95.62772347336556,804.4397787903206,1068.5321114159876,-443.8412284015565,1194.855284726827,-190.35169823524473
457,198,design_000198,support_random,200.0,True,0.04377416080477586,0.018870907920043745,-274.6284686937049,-0.2087064365711324,9696923133994.395,0.75210068957846,5.225072705810744,9.974663018031687e-09,1488,0,173.14970526816617,-25.194861235828995,1532.9646372108832,525.623610017199,1474.9559627248932,209.69174235777737,1251.323224788619,370.33271686192757
458,377,design_000377,lateral_discriminating,200.0,True,0.043887441086415194,0.02036224969217107,-955.0205033764953,-0.1523897197454958,11955556288.353273,0.28867427776058946,1.421942834169274,6.139062506162856e-09,158,0,1038.2264729479525,-506.96696403131403,1408.1673450849448,-324.90369939459714,1366.2188110601976,201.1426731152728,950.0349555538003,610.4887079057673
459,44,design_000044,support_random,200.0,True,0.04417670973794601,0.022449478619353824,-1015.8910360153752,-0.18547992323918858,3874551678456.5938,0.6251188085445135,7.348838739321886,9.850749134671898e-09,262,0,303.7586111965529,22.0178974123226,346.11824444019044,-231.98631089427832,1164.6385511135968,-234.7377331538659,1509.6935346549653,62.840238427397665
460,484,design_000484,downstream_focused,200.0,True,0.044486714918543335,0.020480769705757507,-2307.4192520323218,-0.15559668107387167,47218951509.41846,0.5915445086072143,4.416516299651699,9.99693162413502e-09,1233,0,979.2756728560037,-423.8320245818496,1363.6866504510372,-460.86127643892553,1742.0404553293895,-382.75621939370444,1316.1434522437098,131.85488306387867
461,351,design_000351,lateral_discriminating,200.0,True,0.04458224812060472,0.020385246831811192,-2026.4063909727217,-0.2196582534987437,34991509337.08881,0.4431054148205332,2.5781503444366436,9.999234732296371e-09,946,0,1601.7268110658026,-577.6805803589752,1283.8613002194575,-179.01571893452888,1492.8891539013161,224.87944198917802,1390.6231399977144,607.3922327014733
462,407,design_000407,lateral_discriminating,200.0,True,0.045171220891531826,0.021190206805918953,-2981.928431916928,-0.16331178575631314,86876776.93748851,0.2775805353797494,1.6005231608970696,7.009403529772291e-09,217,0,1249.2117388027668,-548.8342790394704,1339.5847892582851,-240.6908563025495,1283.3094850088983,100.58191947187728,1234.856144242811,507.7927717270912
463,406,design_000406,lateral_discriminating,200.0,True,0.04524374674438978,0.026622782213325848,-37.875300754468896,-0.040269536173706745,3462.444754424628,1.1058532876056555,15.571968061097266,9.131962854071071e-09,14,0,401.3710923525562,-504.9307923544993,526.3927446775868,-238.31957423661555,242.0587686834386,179.5075063238905,408.7059928442781,508.8756135163704
464,367,design_000367,lateral_discriminating,200.0,True,0.04549664157104047,0.021690453399055367,-2213.291344164725,-0.11344996147800934,16697.139239894823,0.27969933653015167,1.4713250375761635,6.0401756163908605e-09,76,0,973.5522040379993,-599.869864962772,1156.6533006019695,-229.7881853869649,1307.133850423747,311.5157077126611,1135.7605228466123,654.2880202383031
465,400,design_000400,lateral_discriminating,200.0,True,0.046098504592623206,0.02624675945890192,-16.647007348721516,-0.024797504647322343,296.93972025782887,1.0283812673870896,15.103163872684622,8.881877628013698e-09,17,0,81.22517880741071,-542.5995365687239,415.7676103314089,-172.52683102267585,311.212775503996,273.9950935180376,119.79676097297585,584.8701069171461
466,140,design_000140,support_random,200.0,True,0.04621383576524585,0.01926864430443559,-12220.084798135764,-0.19497330848603125,5885701759352.113,0.5641396696605808,2.62723619908441,4.484486945926438e-09,264,0,213.84488603364855,-596.8285008110302,1135.3528298337437,-5.45292751442156,155.83882340136714,7.877522403030163,1049.4276774554414,-275.6672612604189
467,363,design_000363,lateral_discriminating,200.0,True,0.04726676771812248,0.026562364434335604,-12.934762232166557,-0.02214610889411917,83.65634200662856,1.0043985224704712,14.55860844832869,6.526190655269818e-10,12,0,100.65062229039002,-598.1041451590611,397.03680192935053,-155.96967822648713,339.84822554168136,209.22445897865,239.91974925205727,601.1318755281658
468,156,design_000156,support_random,200.0,True,0.04750273516149751,0.02688049446498516,-1495.5602677616284,-0.06122668860623064,42039455617057.76,0.9103780982814288,12.34003976962151,5.796612392922876e-09,43,0,1928.2681548694914,103.91842453426139,278.69356127968894,266.77859957521724,-386.18931488601055,-777.6588858154696,491.50727079578826,-311.13606781426677
469,410,design_000410,lateral_discriminating,200.0,True,0.04969578895118983,0.021546185619951006,-3148.7219536545103,-0.18700590730457248,10046742.324888634,0.30083547940563,1.7689902998912486,7.825916273488749e-09,237,0,1293.6075194071163,-498.17949223058656,1394.1085858567706,-133.54877651532522,1393.3966337364195,185.40062507129107,1468.4669525296497,550.5738707382341
470,389,design_000389,lateral_discriminating,200.0,True,0.05042849014592118,0.021695933753186958,-117.24603314760172,-0.11403828319773368,27412611216.44757,0.30308209675811953,2.000865287933572,9.72086894770341e-09,300,0,1755.1088527526213,-544.857456121364,1451.5621121961747,-204.116802704098,1489.625841938069,224.17934922706272,1607.2346224034095,546.3126982711082
471,1,design_000001,manual,200.0,True,0.0504512566825992,0.026300476708411482,-7.571604554013202,-0.03146363895975413,200.3653021130749,0.6670056821439322,8.691181520654961,8.54213830321443e-09,10,0,250.0,-500.0,250.0,-150.0,250.0,200.0,250.0,550.0
472,492,design_000492,downstream_focused,200.0,True,0.05045425126782159,0.022074133302410193,-1103.7249373548727,-0.16654888522646977,2040441508.1934297,0.30957157237894783,1.5092474606540267,9.338777269238009e-09,337,0,1389.5556877385086,264.2194985394033,1667.6575082853913,149.76083461460553,1077.6472483256528,-477.88633651160114,1457.6422859151676,-445.9121847337601
473,109,design_000109,support_random,200.0,True,0.05072431709964936,0.023071100055789318,-2837.2101723761557,-0.1830535132052606,67200913169630.75,0.24448171413304404,1.301241614413997,6.589762005155418e-09,135,0,156.3690722859853,285.57568774472,1621.2002791415887,-19.29087601261038,192.13517140723582,-511.15173756061336,1491.9688448818986,245.24764418634183
474,434,design_000434,upstream_focused,200.0,True,0.051021664551812326,0.02472066123709075,-532.2568938883479,-0.05380735792137037,2965972481.6457605,0.6209381507699394,7.3897441342587005,9.042878883159545e-09,32,0,367.20520738556274,-149.7180451660829,-235.65170480851287,164.02501695390674,700.8347176508896,-460.8108530853258,420.1479633236298,-432.3328300900907
475,124,design_000124,support_random,200.0,True,0.05208757461786994,0.019817886555702095,-1794.369297376164,-0.12111192470386074,22472188748971.23,0.49673635299741425,2.1923080832459454,9.381157275624028e-09,324,0,128.93052317939882,17.602896985282317,1309.7281557086321,265.9350843123107,1451.8413897183013,565.0451284482424,285.9353124264399,-547.6527976086257
476,486,design_000486,downstream_focused,200.0,True,0.05214653470617257,0.022768262261444377,-124.87958531282557,-0.1409903227344454,1583898517.750825,0.28093486082518754,2.016050983996673,9.909117218232767e-09,449,0,1487.9587574317393,100.99101805816622,1889.3565845223482,-109.10188511879443,1827.8167180141963,260.1045458037977,1348.0647862456576,-579.9655076652493
477,414,design_000414,lateral_discriminating,200.0,True,0.054614006463368,0.0285859265992817,-16.110774211949064,-0.028311928553211733,1875.8861289808735,0.852059323085956,12.581776633699178,9.808506612588521e-09,21,0,372.09597681766553,-520.1602923671637,468.54038879153364,-190.7319165872074,204.43955738495427,214.77021155414988,304.3481140606741,620.0981600054442
478,382,design_000382,lateral_discriminating,200.0,True,0.05568881539050291,0.02350218205538363,-239.0076182585343,-0.12266572879163938,5702620375.28085,0.19194687587238052,1.6163223066903696,9.700152205524994e-09,218,0,1570.218602624019,-587.5950861529217,1534.6680850815706,-185.65360515315703,1664.9534711110275,195.5905261507315,1506.215846171339,484.26976097877053
479,401,design_000401,lateral_discriminating,200.0,True,0.05575147954630718,0.02331367234321119,-170.60152285570783,-0.137862739683852,59199050.349219844,0.22192620224540877,1.6486553307559297,9.340670846175498e-09,291,0,1556.8643538300496,-450.4315460187795,1520.282452257716,-198.85400602215898,1620.9762394440568,268.2164296954399,1526.756003348777,625.755295206312
480,419,design_000419,lateral_discriminating,200.0,True,0.055802214852850356,0.0231926662894163,-3617.7654262698993,-0.1325141601383355,48574011813.93007,0.22338788269805857,1.4884018150306795,9.111011590665742e-09,299,0,1690.8654567440144,-598.9269655007447,1578.7366529415747,-244.09976380998395,1545.0955057436631,177.02770401174035,1594.2726608031833,522.815585124312
481,451,design_000451,upstream_focused,200.0,True,0.05610871406613485,0.028256158911719773,-217.7823526712426,-0.04873031597530607,33654894.16503925,0.79901796099095,12.516122844676296,6.330104434658768e-09,34,0,-272.2245458955353,-523.3282726128197,203.27542182191655,-455.0713183781944,467.98807979636706,-292.73165338097033,659.1539481448751,-474.4896491583816
482,437,design_000437,upstream_focused,200.0,True,0.05701038779765743,0.027879262171909454,-277.1393562133118,-0.04060695783777948,11325895.133658176,0.4335507887736206,4.797144050730079,5.6980103282481955e-09,24,0,364.69331698695953,507.5275336762945,614.6361513159142,-526.370947376097,-137.70450671568307,452.4337036943298,316.01190234164324,-446.5543310056366
483,220,design_000220,support_random,200.0,True,0.06109238695863986,0.026293707656910362,-407.0244336064972,-0.05533493996536007,62876236933533.09,0.228718522206606,2.459340562952977,8.961676589715861e-09,45,0,178.72034865676255,-8.862193717952577,2097.750903481203,405.86122190197096,83.15653821321995,241.53144093380186,-362.23112735496215,-773.0669858508861
484,504,design_000504,uniform_control,200.0,True,0.062030671695866346,0.026027684955491556,-3309.5238206848558,-0.129567646071546,19960567070.697506,0.13476427594902143,0.5990176667941545,4.464805804406618e-09,52,0,1365.7203410538812,-144.59099611855606,554.0926093127127,769.9106371114171,-138.7269135788202,-781.0364449885908,1200.0457438874057,-776.82623355649
485,509,design_000509,uniform_control,200.0,True,0.07069894442117305,0.030513216316854413,-14661.47026757745,-0.02075353257284465,31121275738.387897,0.026947111795559264,0.22949595417409513,9.673250648956367e-09,283,0,1964.1827331735617,-682.520724688564,839.7303248355086,-683.1211609149102,1326.4605643797588,-630.3894223802936,1991.7211079985577,381.97084581971376
,29,design_000029,support_random,200.0,False,nan,nan,-447.5614513901868,-0.13715031068775035,17523288939616.504,1.5028877332684154,11.171343794267537,3.924272854191019e-06,2000,1,-271.43976560769784,-314.9224767627308,445.63308558856477,-156.37717180046417,873.6106456078071,225.61979197185298,1729.000395405884,244.17073795568396
,31,design_000031,support_random,200.0,False,nan,nan,-215.13149614215163,-0.21363476638668413,41018392479361.71,2.245260176145129,21.099275114077837,0.00024208960381553505,2000,1,-51.15697421243926,-80.44634461891664,518.6581710568158,212.62531157262885,1236.089798472578,150.25788853187854,1541.3084138133058,144.90602767131116
,50,design_000050,support_random,200.0,False,nan,nan,-228.0322263495461,-0.18003545859632392,16103682769924.344,1.2886961139334552,13.367984442845568,0.0013797760583254895,2000,1,319.5287228930851,-178.02210334627006,1422.4628492358759,183.46649601643614,1179.2099571583055,72.90705464964074,-272.8796673636563,-567.9927451419169
,96,design_000096,support_random,200.0,False,nan,nan,-1149.4477967344721,-0.12147868345100124,30888847233286.285,1.0420179380971177,6.291902213752644,2.25266981805254e-05,2000,1,1109.9972118381052,139.70581183067378,436.9314651702779,-198.31188780145368,1810.0586275580981,458.09820493908086,545.1738747822027,-522.3641434088969
,120,design_000120,support_random,200.0,False,nan,nan,-172.2896956666466,-0.18240991291182754,23977819559609.914,1.8071212604009763,15.56212762783216,0.0002943900429816814,2000,1,-205.18997138591806,220.40420994664345,830.1091435684438,169.19662392773887,1522.9222084285254,281.5274289611808,284.08225638175486,-430.3125373912203
,131,design_000131,support_random,200.0,False,nan,nan,-456.22938379670614,-0.08381123814757917,11673791070595.146,2.402625980501226,28.269731937352855,2.572985365390892e-05,2000,1,522.5283510412131,-61.3518784192599,741.2657502586578,215.90181731524402,43.96504277309568,-443.20723934073277,1458.3446463043854,456.4722320351394
,149,design_000149,support_random,200.0,False,nan,nan,-12863.062823117958,-0.21564112799705676,16596160444780.244,2.1666574944577874,21.85678786828948,2.957551154994069e-05,2000,1,816.2667687196587,127.49634035652873,974.0969146633412,609.3553885084386,1467.2894627555418,388.32275721086523,209.87652949191704,-53.07740823320674
,153,design_000153,support_random,200.0,False,nan,nan,-778.7290140304553,-0.17011560373799697,117044946358337.48,1.7942023826621274,14.444831384118583,2.3043028476689546e-05,2000,1,370.709474465653,-438.02592028350136,1572.4459822068209,-13.006207269909652,-24.992458073134607,-219.09588721733954,757.419135161867,239.19708311051252
,165,design_000165,support_random,200.0,False,nan,nan,-316.8028983000606,-0.19747439356005506,76994822148161.47,1.0815183112207238,6.769913607490335,3.9991789839384994e-05,2000,1,1626.3440655011618,267.2767961483214,980.8666581207777,338.6516167707198,-92.01990446665906,-143.01157918370436,160.97228898268676,317.3708782515695
,174,design_000174,support_random,200.0,False,nan,nan,-424.17326849352827,-0.1346378752834233,6013228170751.64,1.4137628846196295,8.885615821427777,4.557431832211465e-05,2000,1,1087.714415571335,85.8904234045156,-332.02286217306585,60.70163108152458,1477.502186806075,360.67253126867894,817.7707787323976,475.55398565822253
,188,design_000188,support_random,200.0,False,nan,nan,-655.1711562157626,-0.16965537342159312,32116462860570.46,1.3239262003932588,9.660611042219458,3.441306643197893e-05,2000,1,1391.6297810165393,-398.9577353838275,164.6536975572751,240.48936951838726,1592.0146590372701,296.7380587938328,909.608935635277,160.91466400353215
,195,design_000195,support_random,200.0,False,nan,nan,-363.40786525987636,-0.06811740588303407,22605597719881.97,1.5473962306975135,11.675353177380018,0.00034826921543597023,2000,1,969.3001718479645,32.04989401694726,987.6703183314006,419.8667897225082,1301.9116635196751,654.3020017009212,76.15733082303102,8.896836130187285
,196,design_000196,support_random,200.0,False,nan,nan,-805.9598684535083,-0.05905279269077383,46338640326545.47,1.9359552866668428,17.937473765238757,7.512743881022236e-06,2000,1,1533.5263751856262,-216.6676773831087,-90.23317202818993,163.84209494090354,831.7128467475833,186.9293903446848,432.99570190956194,318.6936373940111
,210,design_000210,support_random,200.0,False,nan,nan,-587.067154871774,-0.12957276117056632,22775687144418.67,1.5103420085661448,12.041711236622039,0.0002598593274620998,2000,1,885.3962269475765,-40.007758978273245,1498.7135695508166,558.4086958725247,-222.31699617819189,-229.82583550290244,338.8230185947582,-110.53465747198851
,346,design_000346,longitudinal_stratified,200.0,False,nan,nan,-583.430795271756,-0.13735108999330253,51543697739602.35,2.0767472232468767,21.93473057823991,0.00014367145057261825,2000,1,20.60999343755219,-476.5807979385107,92.16092981599101,87.40549578812391,722.036720854012,136.17762684238113,1556.1056399308243,415.96331775778634
,373,design_000373,lateral_discriminating,200.0,False,nan,nan,-624.6816377390264,-0.034120428811589824,72852754946.41646,1.0557425433125902,8.62869093647388,3.1675998341134416e-05,2000,1,1391.2586445200923,-481.2959542941069,1112.3648840254564,-187.76895949913134,1043.055954229615,153.37346870654395,862.8755425522584,638.7726013060818
,380,design_000380,lateral_discriminating,200.0,False,nan,nan,-2307.220754488052,-0.13517989791052257,87566598735.16176,0.49503062927156,3.5093137505436856,1.680237363283352e-05,2000,1,1645.8844847907276,-480.35493645270856,1290.9796122528844,-246.3151671638785,1291.238317835735,203.2932822914862,1294.665182230304,585.5962061267459
,468,design_000468,downstream_focused,200.0,False,nan,nan,-1781.9543788542003,-0.11716052289842459,229030772100.97424,1.3833252966887606,9.707284145351746,2.5294085884315524e-05,2000,1,1391.1166381106636,-286.848191024955,1629.438196005819,-176.91978958386687,1587.4608138002,477.9684789905257,897.4734807773842,135.1390942874035
,472,design_000472,downstream_focused,200.0,False,nan,nan,-2961.8543995279897,-0.09317897686008074,25039711459047.16,1.6790034162484087,11.655702133698025,0.00016412813315151413,2000,1,849.8197513002503,-111.38923531897245,869.2917501151649,343.1651882270786,1602.0624304332846,-170.08762374800676,1794.8172183277181,-488.8195826243302
,473,design_000473,downstream_focused,200.0,False,nan,nan,-1178.4494205333544,-0.12111297844790811,239087254.17405015,1.6333400649841274,15.78897127701683,1.3917262188067705e-05,2000,1,1049.8380181974126,176.19046244606557,1094.4713243094575,-247.94847072728527,1663.592512099091,483.26789256873576,1404.581543518812,359.06841787508995
,475,design_000475,downstream_focused,200.0,False,nan,nan,-1799.9327343552825,-0.2059283611453718,12178771752771.72,1.8196085224542589,16.195241997761517,1.19522981176849e-05,2000,1,1714.1047254609243,536.8077713951529,892.2956555784151,193.24463183508897,1819.5007058539022,-65.83146743001271,1464.1019136447271,136.93835745057902
,477,design_000477,downstream_focused,200.0,False,nan,nan,-912.3674549730777,-0.06107582850882382,5568008918415.002,1.132255139511362,10.343608378251572,1.3888359431194074e-05,2000,1,916.4423186964335,-54.72547316707255,1811.4463604026882,538.7345260954846,973.8211068526363,323.8653584441672,1599.4577109394888,-558.5609905781232
,488,design_000488,downstream_focused,200.0,False,nan,nan,-1048.5460307858182,-0.14062967110265975,295169241875.5362,0.7084065668542676,5.938512742182741,5.9426981407982947e-05,2000,1,946.4878198196584,-353.7398058937583,1205.1026805306003,153.4693509888382,1723.0229859293408,-450.52651409878814,1777.9097850870062,452.3922414135966
,494,design_000494,downstream_focused,200.0,False,nan,nan,-1604.4907405972767,-0.06134058261039056,2525505187022.587,1.7273000279494846,15.430742503570848,3.086902233211439e-05,2000,1,766.6816070915862,203.3023343894149,1611.449896979958,-197.38554927821468,752.8644307770626,453.05548550564254,1984.0819635075597,64.35008489590552
,495,design_000495,downstream_focused,200.0,False,nan,nan,-6361.784588438108,-0.2058024779552161,34641449710415.297,1.1209081107376782,8.071802618351796,3.773750815508918e-05,2000,1,1723.4023635091935,-291.11768948496047,1858.746368535549,-64.99350654805653,1606.8452899902031,178.07571061202884,704.2993995000127,347.32802124810667
,500,design_000500,uniform_control,200.0,False,nan,nan,-566.9168355190584,-0.2077237063016646,87952837016230.0,2.556067609636106,26.859844389381106,0.00012835835493064737,2000,1,69.32694596221631,-87.57652465352544,790.4352167877764,90.3600941064251,1480.7172181619876,188.14140703118937,-516.3822662371955,-29.278069430191977
,507,design_000507,uniform_control,200.0,False,nan,nan,-504.83056705199766,-0.15140007264074232,16605058111545.018,1.9738023713213995,20.006619742673262,0.00016025796710280224,2000,1,808.7780726622493,-18.943621861619818,-159.07625067691583,578.2893419463037,1453.233327296796,-713.9085413418355,1474.3494045532634,315.8844769332409
