design_index,design_id,rank,validation_risk,bootstrap_SE,bootstrap_CI_low,bootstrap_CI_high,bootstrap_rank_median,bootstrap_rank_CI_low,bootstrap_rank_CI_high,near_optimal,maximum_KL,integrated_KL_uniform,minimum_intrinsic_ESS,minimum_log10_intrinsic_ess,maximum_lambda_norm,maximum_covariance_condition,maximum_projection_residual,sensor_1_x_km,sensor_1_y_km,sensor_2_x_km,sensor_2_y_km,sensor_3_x_km,sensor_3_y_km,sensor_4_x_km,sensor_4_y_km
216,design_000216,1,0.005524708831231038,0.005066745357925032,0.0058500365583077085,0.024926217789128426,6.0,1.0,260.04999999999995,True,24.912031431774295,2.174441693098689,0.0,-2462.7344784002316,5977.949372932541,28259616077925.16,9.829931339277724e-09,520.0520758159645,179.78145994183757,1276.6655593952084,193.87601217529402,135.26474410132448,91.66361422942292,26.937949164558333,-171.6351398605406
240,design_000240,2,0.00612840695509871,0.006423412765236407,0.005500592100458189,0.029286670309066728,17.0,1.0,139.52499999999998,True,28.90486357877756,2.4365769505311463,0.0,-1961.483090338691,4800.988482450908,36034151035160.53,6.001990304920196e-09,-19.32096848585911,-325.17864662931544,180.74865552459462,3.163708789660994,550.2046604349783,100.1543748390802,1176.6283291398372,164.720998575862
278,design_000278,3,0.006407535271706618,0.0054392212674197705,0.006387496090060932,0.028291042274178745,13.0,2.0,255.04999999999995,True,17.45769554007849,1.8165089124618707,0.0,-1099.1649065822933,98001.280215837,7837251731210.007,7.277987769455872e-09,-32.694172721081515,-87.82704034236579,286.8709490695334,222.46616735122254,484.208976692644,-118.0150380512115,977.4759643363352,304.3049140221627
235,design_000235,4,0.006410481752633347,0.006190974039688589,0.005605633283414798,0.02880844976412944,16.0,1.0,236.6249999999999,True,28.264919483326448,2.4954696595134056,0.0,-1792.4287164915704,44593.03891017671,40515345683195.516,9.84932958793653e-09,-59.80704604716964,-274.7122330221834,265.20704658176015,-12.045450523247567,568.9753780539237,127.73240211955158,1133.7678351962504,92.43659885522315
267,design_000267,5,0.006418171842131786,0.0052403944436679615,0.006913427960598061,0.02745340666066135,14.0,1.4750000000000103,259.0,True,26.628811429005427,2.4114301692996594,0.0,-1754.6415102192216,9873.010023709698,12177945929156.957,9.092910460836752e-09,-65.55057455073262,-86.0554298848673,257.61624747507136,13.519153933679522,568.4909092234986,156.65462620399643,1151.7415566508546,327.6571520111981
324,design_000324,6,0.006553319266080373,0.006732738918337574,0.005768404152373295,0.031069298004416115,20.0,3.0,109.14999999999986,True,21.52386271697941,1.9953804110198738,0.0,-12833.116468192722,36123.887924535564,20022797869714.125,7.622460220096488e-09,6.00780462801869,-402.25827996153345,133.86153752795258,-43.631501536521135,465.40733218181316,122.45582959702753,1126.061433993024,110.3117212963085
150,design_000150,7,0.006579090520027943,0.006937293084596279,0.005233904100588161,0.03161668068869094,21.0,1.0,110.62499999999989,True,25.223719918409703,2.5010429222132395,7.552367052536935e-147,-146.12191691105406,4403035.354484461,5200201560431.662,2.125374526051569e-09,583.7526953688964,193.2646369963868,918.8667891690565,207.01561430897343,1341.4125485523878,171.39598427456218,161.45512378926028,-127.29140274988697
266,design_000266,8,0.006881145367299749,0.005505529552463379,0.006919942265939217,0.02857860813408817,17.0,6.0,284.0,True,18.099048704716413,1.9825567170145435,0.0,-10959.701571346894,26604.331766743235,103460203.91298707,1.2690608815181378e-09,-25.469140101883564,-371.35338958910285,2.4431079128747086,-117.48134637807337,440.8869367422368,230.69349759015176,908.6323145675535,280.590038802191
4,design_000004,9,0.006921361351086128,0.007014143341346417,0.005957114145832021,0.03262113985455409,23.0,3.0,101.09999999999991,True,20.093825774644653,2.046836378828415,0.0,-542.7918257085241,308541416.6771027,35924103428170.34,9.94318694774965e-09,-100.0,250.0,500.0,250.0,1100.0,250.0,1700.0,250.0
186,design_000186,10,0.00706757441403986,0.005746329640131411,0.006776192696300418,0.02999689310537449,22.0,6.0,237.0,True,16.339420447714087,1.6825340427779643,0.0,-15150.18124862791,36237.547146614175,444707870.42696863,5.819682144760259e-09,375.6550363525842,-44.731713281247,9.005676686734091,-78.51381011450043,1053.3543935584169,310.2778572535912,-27.661000606285917,193.94356477369638
138,design_000138,11,0.007147611866613364,0.006906794303647123,0.005442267160826666,0.03296547123263051,30.0,1.0,162.0999999999999,True,19.90507343415604,2.146798918420945,0.0,-541.8670774951445,1468.8979014849774,1179575709.0797012,7.250783144370039e-09,297.48528639667154,10.12260677979178,-51.18487653817453,-209.12153076670103,503.9014956011337,-384.90398931163287,773.8076548372371,184.13757568537602
500,design_000500,12,0.007221901782351302,0.004866491688991555,0.00733310856681752,0.025928927612390844,22.5,1.0,331.49999999999955,True,26.795138165811167,2.552662018921899,0.0,-566.9168355190584,1000000027.8272485,1.6473004007173166e+16,8.645354628312613e-09,69.32694596221631,-87.57652465352544,790.4352167877764,90.3600941064251,1480.7172181619876,188.14140703118937,-516.3822662371955,-29.278069430191977
14,design_000014,13,0.007230341025799387,0.005372544189743069,0.00686639994110198,0.027545367897337407,20.5,1.0,355.3499999999997,True,14.330659568595033,1.7572034993524597,0.0,-1950.8985761088963,101846.31119445557,8617239062113.737,8.939526309199481e-09,644.263836956921,361.3499911641745,1161.7222778423975,49.865369125579974,293.99691684209057,-64.20897225389822,-241.10481350036173,-109.67460254291822
325,design_000325,14,0.007450488529962989,0.005572358394947762,0.007009047980812033,0.029000857327935274,30.0,1.0,254.0,True,31.382990315746024,2.7466331419301575,0.0,-336.51863312195354,1990773.5053814373,15093203050022.955,9.906245699009392e-09,-162.7857492779902,8.381547174060387,284.10378939805236,499.0160048840279,714.3443889520439,48.37272753877144,1245.0691457864314,94.21329021213951
347,design_000347,15,0.007467360219800725,0.005689152423062761,0.00671542736347522,0.02906749884006559,25.0,4.47500000000001,295.7999999999993,True,20.287462574305053,2.0534785608094355,0.0,-9868.615657211021,24095.670235534028,636096.2563960955,5.202098795578212e-09,-253.68689882435967,44.69806312137647,13.525896404408101,-114.03940407610824,451.3293733260867,-76.00742358389351,867.0774886716968,284.24790868508893
281,design_000281,16,0.007481824369076862,0.005768175771594395,0.006876652474979545,0.030540838530945837,28.0,7.0,265.04999999999995,True,16.244384899386358,1.8516773944209757,0.0,-13093.447725247435,31510.667764974987,17859424.35267343,7.990686556458633e-09,9.23049461034558,-73.3225522013582,2.4972664558728894,297.01182716105143,302.2075555523039,217.31819212280445,985.0899764138734,219.91236659876466
85,design_000085,17,0.0076058212033783094,0.005060407892559951,0.007127099385858807,0.026405081026194047,22.0,2.0,375.39999999999964,True,30.871159716723067,2.7726485872953637,0.0,-11104.202826032772,27018.819103166483,50218891.67310391,5.37608215374696e-09,-48.36440288715949,-277.79723896361054,683.1910012144103,49.01158934022838,-20.220236375194474,59.17332527622784,912.809949124718,323.7337951836353
193,design_000193,18,0.007653160727749271,0.00862076308902962,0.004793882755401385,0.03838239025928085,32.0,1.0,105.0,True,32.44657030668913,2.8669502909625675,0.0,-341.68097489509233,2132973.592919892,15795730787.904694,8.726987184712902e-09,1250.1368287167886,36.985389723567536,484.37031341792175,378.7258957544207,782.9244851659654,36.700155384406386,595.9700176411934,-240.0458557400935
121,design_000121,19,0.0076859975913556415,0.007418474704767602,0.006139345309360166,0.03440141836501662,36.0,6.0,113.09999999999991,True,22.940914485062954,2.351533915818584,0.0,-6369.103320989125,36612893.36704837,60233518265118.62,8.487474894009198e-09,487.90466760400136,278.23583284255886,1362.8812712641147,45.04178222155025,209.2638023760258,266.63882640929455,845.5434761464949,144.03899281008339
241,design_000241,20,0.007746404805936105,0.006962935589936177,0.006586438199262349,0.03314788636331039,36.0,8.0,130.29999999999973,True,18.917097852711933,1.8982189450992848,0.0,-18136.56620104602,43113.556341350704,4929756.086417902,3.1997264043905644e-09,-135.47353120696079,-583.5819018868308,114.50726643447253,-22.465061161415207,550.7435029118179,282.6962815075983,1146.5461928244474,27.03838938612812
307,design_000307,21,0.007904024375449228,0.005909898214323597,0.0069856135627838975,0.030832374524143624,32.5,6.0,274.57499999999993,True,16.05998697493174,1.8530828719263106,0.0,-11042.135877981766,26805.615986270168,1702559.6089980786,5.328201503267196e-09,-46.24243368926736,-130.8326774811826,283.2981775528517,63.50269524555869,594.0034486609981,-393.0104768947821,912.056511337735,-9.012582934143538
312,design_000312,22,0.00791499882182469,0.0059573821474242766,0.007419554807878152,0.030852054214966396,37.0,11.0,219.04999999999995,True,24.249999342688188,1.911092323829474,0.0,-9022.875563646534,22142.110399002853,4841455.905969518,7.018279390117158e-09,-23.00300848279163,-317.520858325033,37.429636975991826,180.78666021490736,519.5175141034599,49.211105650136,831.6038074184944,550.0440691636926
182,design_000182,23,0.00795429008330852,0.005175486534876417,0.007869688105673886,0.028171820835325163,28.5,9.0,333.67499999999984,True,31.156409108077888,2.756817142425672,0.0,-416.4544139193979,15712242.694547033,27081457992644.184,7.503702331922366e-09,1325.7260636824508,88.44443653639964,750.7603741753419,28.930197576159372,340.27419049782225,222.30820547749266,-166.23851650547948,-184.48218420037546
205,design_000205,24,0.007978305817229837,0.007933660941831039,0.005672979801564097,0.03587771607969142,37.0,1.0,119.52499999999998,True,29.083539849702046,2.6707134338555885,0.0,-347.3125769993675,28117112.779695105,8863958183546.799,8.559446434565374e-09,1297.963156542859,262.13397847378343,798.02972259143,49.53805907021436,641.1548135214219,-337.1274959934513,135.7734909125428,-167.4696576930724
218,design_000218,25,0.008002746249560483,0.006547116468478034,0.006395739310275111,0.03305869151530818,39.0,2.0,234.87499999999966,True,26.5709241773359,2.555746364650035,0.0,-439.87499488067147,98994.2762490074,21284217633.802887,1.996419465516265e-09,517.5133668729543,190.0646657115374,-68.93096273541235,-102.24729048609731,802.1730976831662,165.79917543029092,346.0203456183288,-337.6529796634454
202,design_000202,26,0.008104219941087546,0.006342560469770406,0.006863017489081123,0.03149152014405564,40.0,7.47500000000001,241.6249999999999,True,30.64078131042826,2.7441119791198276,0.0,-2348.455248062337,359071.05463764694,43001758743939.26,5.038125037690795e-09,1247.7277553792178,367.4996353370821,1113.5954446087608,-62.25839160818901,740.7128798364506,-4.896923072602348,-35.600961015422556,-258.40766338606807
245,design_000245,27,0.008162550944876956,0.0062830560656707765,0.006970447437494036,0.031605788462715466,40.0,10.0,249.34999999999968,True,25.271848118017783,2.3795070887608563,0.0,-344.8049074302631,1022.6297024256305,157554214.9118268,7.312454853732623e-09,-129.62839698127434,-180.73211045656342,169.82666246184382,-332.3880223294057,418.0014908344374,25.074689057087646,704.9489925867658,186.0584316963719
340,design_000340,28,0.008277989850220008,0.0053634827091141885,0.007519878112965628,0.02791043605028765,39.0,2.0,398.2999999999997,True,26.615031742705987,2.453968344679884,4.064806751278182e-217,-216.3909600967731,596684.9876853419,24126989495208.79,6.243866722895832e-09,-96.61883681939986,-156.32881124399924,198.61521761865035,-93.91376187614073,643.6560948881964,-102.73443555313474,1092.8308601936883,94.80052081310293
55,design_000055,29,0.00830849518840404,0.005504863817829004,0.007701442790798493,0.02917494453284716,39.0,3.4750000000000103,337.1999999999998,True,25.126204928564334,2.2796766055150877,0.0,-2018.4439485916323,18154.043334508493,17201376941457.504,7.3689688568282805e-09,566.0820302476546,192.3883438337708,1192.9554468823665,199.60160507835394,76.82599870445888,58.3798959092582,-255.78884745201486,-109.0576350295324
224,design_000224,30,0.008329299845628337,0.007193957395596538,0.006452147295910771,0.03377582943511786,44.0,4.0,197.32499999999925,True,15.051772290447316,1.7081092885438882,0.0,-10921.939936016466,26525.38448735209,3584008.3928220263,4.508194508988605e-09,-335.24633210828813,212.04638806366634,91.98709985213287,-184.59232488875682,364.84923155971535,-96.29041254015158,907.387441573033,246.06727851970925
56,design_000056,31,0.00841426908574727,0.005949453898896397,0.007410556518512446,0.03028654028715783,41.5,9.0,303.525,True,24.68992094585256,2.3720268654204006,0.0,-429.33017626669636,6259.330458499393,196219377.82145056,8.874184397017842e-09,140.0430555381094,-125.53873423766807,345.31811201799474,70.05601277720818,-179.93437670033893,-189.16325128126658,729.9899195510037,132.88144503630093
252,design_000252,32,0.008536628806330387,0.006787110244261207,0.007387890667680433,0.03397403394298546,47.0,9.47500000000001,172.52499999999998,True,15.668883701514886,1.8537887871840795,0.0,-1009.419404554553,1913019.1159444712,4276852040498.3486,3.531155504024991e-09,-131.15954531877838,56.002702937070744,144.7991075239547,-156.13148697043877,357.004114128309,163.90771123128326,933.0208251844628,120.86421945895759
88,design_000088,33,0.008603608370621912,0.0064217205802322335,0.007329544905924748,0.03295850358003121,48.0,8.47500000000001,266.57499999999993,True,12.709172471905735,1.5091270950026212,0.0,-520.8703295081001,99728.43045745211,13692307685.575197,7.208014709590473e-09,334.6271315536252,372.67242839355947,786.0425225858475,374.501016185359,-76.3474912570415,-55.531832909148804,358.4932010551553,-179.43338280690756
343,design_000343,34,0.008723056550400213,0.004977169680122126,0.008592751330326769,0.02784386822935373,43.0,6.0,372.0,True,9.787304436205828,1.127689933614091,0.0,-3010.9725636085236,7246.636421568071,11123399834220.055,4.9686246881719335e-09,-35.04762777520074,-647.8830121496143,1.6028247009756171,-60.91650164678198,364.2134650079346,-133.66801530204907,1354.8653605344198,89.49165392182081
332,design_000332,35,0.008761912366883048,0.005148117298747421,0.008482495604064602,0.028692374878662646,45.0,3.0,420.2499999999998,True,16.0983541923568,1.6724755111630087,0.0,-3206.2922930674554,7738.185656247164,8867364919065.725,4.0442024295069855e-09,-188.0334950211684,-73.67484761977806,277.8686194611074,-129.79885149439966,582.2221883045103,349.5000319510057,1388.9801921976775,119.17065749723946
326,design_000326,36,0.008771475718719404,0.005261194090374791,0.009108107799025726,0.02961631920108232,44.0,13.0,334.0,True,17.609170784726025,1.7440083075057253,0.0,-1961.352259309674,14718.538520955404,13755817718772.666,7.748478125582292e-09,-77.14640552853008,-21.754980113986846,172.578326866032,-128.33761565226857,463.32576358494606,176.5903323310961,1183.831640520401,232.4779310669274
59,design_000059,37,0.008807987105295597,0.006273182082243436,0.007718708465748525,0.03228378110770541,55.0,2.0,268.04999999999995,True,30.29288366429843,2.487403727366329,0.0,-387.46084238595,249803.82126298657,11379292008210.998,3.803926645515194e-09,-34.764307789612545,-42.72575031244111,1338.7391790949816,277.60014743467553,388.61398767342035,-381.2311203771076,626.5431671043402,119.45349615834203
192,design_000192,38,0.00882954418641934,0.006465757236748365,0.007776228043442611,0.03371582552707365,52.0,25.0,219.52499999999998,True,28.24371142437665,2.346380071047315,1.2327395576961958e-261,-260.9091286676077,793.1682476815365,9684139.027013637,6.224157234058743e-09,641.2179588404421,141.0264204615432,-345.08453387650457,-268.0953235655889,16.26785093774626,-374.9214347509183,174.07206558205596,84.68499759525552
31,design_000031,39,0.008834426306788297,0.00464743048687179,0.009156601885203225,0.0267850994688444,42.0,1.0,447.0999999999999,True,20.993440920396665,2.2396899554250678,8.395835139777895e-216,-215.07593609779184,1000000934.9192321,2.7017454493299428e+16,8.958846439442858e-09,-51.15697421243926,-80.44634461891664,518.6581710568158,212.62531157262885,1236.089798472578,150.25788853187854,1541.3084138133058,144.90602767131116
329,design_000329,40,0.008869822949856583,0.00694167885109028,0.00787496822895491,0.03481938017492676,53.0,24.0,166.04999999999995,True,18.396552258367898,1.7507517261871912,0.0,-2232.4848129669886,5450.119869783316,29499696012360.973,8.302739783913069e-09,-75.68535290002659,-461.70921592383075,72.20194891566564,80.59921246559382,567.6470638379728,284.3098700882197,1255.3286698504442,360.4587625921169
0,design_000000,41,0.008945531883058034,0.005086868868444619,0.00839836893241284,0.028167263734922926,43.5,4.0,426.0,True,25.957860744157617,2.410874153152495,1.6681008469146023e-134,-133.77777769714277,705038646.2569549,56827894181770.21,9.892446840257221e-09,-150.0,-150.0,350.0,-100.0,850.0,-50.0,1450.0,50.0
331,design_000331,42,0.008953266435355779,0.005917776663904694,0.008148618761920365,0.031711602414877985,47.5,14.0,329.525,True,11.64079780935404,1.5937792787290406,0.0,-1042.9624176444004,1425818.248391872,3245564517507.466,5.896622873952924e-09,-5.687532927690556,-173.6292300789002,276.34976195473575,194.60320276355068,281.19960812994043,-192.07253400784776,943.0581487664679,133.65607102418807
318,design_000318,43,0.008986528876260712,0.005014926049070813,0.008586221999032192,0.02799768050676109,48.5,1.0,455.04999999999995,True,15.307333531218543,1.5055817994929956,0.0,-2691.34795723512,6499.339312803502,47164851585937.07,4.38047963937236e-09,-129.32217049007556,-304.9170157371253,76.84968685157446,18.50539919348876,516.1516111832213,-124.91843485656443,1293.8014988585624,23.7947183455337
162,design_000162,44,0.009009699746489836,0.007914795810246449,0.0064868112504933,0.03725045459007936,59.0,4.0,152.04999999999995,True,15.602153577310549,1.7640404406899086,0.0,-8929.194283068919,21934.43245623462,1726648.519809142,3.877868490844028e-09,830.0053563094924,271.85922134045614,391.23720416204173,-241.84953464672247,72.1607750805467,-183.20327929518683,185.076392042746,54.258114443028234
161,design_000161,45,0.009100038777929583,0.005881805791603577,0.00769288303522773,0.031443778616186864,52.0,8.0,343.04999999999995,True,31.73783637738785,2.707452064539984,0.0,-14292.076963104677,43953.748887903246,99522921.73801996,4.747173315885741e-09,1024.5263963847108,405.99405016916165,44.17234952604954,83.76048644873197,656.8928381335346,95.7528573169335,-164.32981628880867,-162.6666128195161
105,design_000105,46,0.009117808281024136,0.004959893746587704,0.008555279872060886,0.028387359326608182,48.0,3.0,441.525,True,9.974606313300955,1.2175363185229466,0.0,-2623.92686625547,6320.159984295543,48882243922634.69,5.961762804996253e-09,147.8042441776338,83.51785295900532,-115.43589902893751,210.88198995441678,1292.2236992475844,95.15121743213342,-77.4785637231395,-101.69515405203973
322,design_000322,47,0.00923048518666901,0.00617087830719699,0.008839312962354698,0.033294786256855835,56.0,23.0,268.0,True,14.703703400753906,1.5674385697207762,0.0,-1551.1002316033832,379150.39611474576,15098441583114.652,1.7717887021966903e-09,-30.562023743102166,-7.151726769641456,260.6314458110276,-136.10012416089887,417.28561867805035,318.56616422519767,1097.111145879114,287.27094531927
276,design_000276,48,0.009281591143979868,0.007329875129151378,0.0073808793474271035,0.03533100152360445,62.0,12.0,192.6249999999999,True,15.94538223546378,1.648246822745078,0.0,-560.3591342186822,103495782.41902414,30271716283054.336,9.176309820922e-09,-54.364036659017124,-368.66483820054975,405.2690040335438,-131.1426717465523,709.2449854028666,338.8586702770793,1451.8663028961032,101.93188788892482
176,design_000176,49,0.009362283078144728,0.006206370953597197,0.008806911344552264,0.032912611474354335,60.0,16.0,240.0,True,17.88150207355924,1.5260255288280062,0.0,-5406.8583745915475,12886.331238764356,24463689056067.535,7.4762389646808e-09,1664.2484029345344,164.30507409876697,432.250224939445,146.890045285305,-196.27368220252734,241.84181674730502,24.456345763429365,-60.71020664562789
223,design_000223,50,0.009491185985609522,0.005849481636155863,0.008938969570700176,0.03178018270260154,61.0,17.0,307.525,True,20.679849005053494,1.883544865754653,0.0,-2104.5521073159066,5133.406740193929,13955084231206.656,7.981160107427351e-09,-545.9633210990346,-316.9275643204888,-55.08453803436943,-17.254820283737786,515.7804360224798,195.71429937042984,1218.0893151895941,270.9222839337147
143,design_000143,51,0.009563711899375748,0.007846234132773357,0.007256611941014866,0.038218925030778325,66.0,14.0,131.52499999999998,True,22.807591535184102,2.2982986581258955,0.0,-419.06746166266686,15316229.896941025,12078099739070.756,7.649476244932238e-09,94.4306613319857,36.332272005087916,465.16333226355624,327.9457440623564,768.2552274120294,157.2605754669856,1307.8701455919713,-1.3310304349608657
69,design_000069,52,0.00967041242258126,0.008927504166036165,0.006200190356952278,0.03926155010720156,61.0,2.0,159.52499999999998,True,29.08119488715701,2.636223555643155,0.0,-12875.683483646264,52159312.784531996,21734076961333.07,5.435166811952543e-09,692.2547751452149,139.07266792831172,235.15777775707943,32.79034854189583,1376.0480227704093,216.61219470666938,1637.594261788725,151.88041027828984
168,design_000168,53,0.009720737333476797,0.009115404753454077,0.005763271751659886,0.04054837858731987,60.5,6.0,145.0,True,30.331491995491117,2.683172230996374,0.0,-465.81369030168935,1522907.8472180564,6861579943651.119,4.734132257146588e-09,497.6346447929642,74.27204688665307,812.8809099337667,166.77699039451693,1352.4079255894355,1.4587350520240818,186.68528134892196,125.25160872082229
292,design_000292,54,0.009842506953483475,0.00942066417973115,0.005649206738881025,0.04145601517235708,62.0,7.0,145.0,True,17.79188325822227,1.772621644414679,0.0,-1511.7915852320723,8753639.96744891,15021517318996.242,9.538906474713698e-09,-165.59940750634996,348.4272754076244,191.5593956364716,-78.34501572968534,416.72058690736503,145.08825265229942,1060.7606520332222,46.61969512585547
38,design_000038,55,0.009870424041537013,0.005391663004409085,0.009149047614014829,0.029916607966712867,60.0,23.0,371.525,True,25.887522157906282,2.2214244842471276,0.0,-397.1935985718216,1118.6337287715667,8069526.468196149,9.981272852148566e-09,-168.49480366897572,-509.00399017691706,697.6395810325207,-33.01222907842883,140.11499508925172,49.558144300633074,-86.69110312395934,-194.12771707390945
251,design_000251,56,0.009896821777566673,0.006018780498890108,0.009234843220182873,0.032947832463387554,67.0,21.0,311.14999999999986,True,14.30106431503392,1.3609553047698075,0.0,-2511.12070225177,6104.154775229308,14479410412837.764,7.570505459950514e-09,-49.88499779949579,-30.641900873624515,182.66391002069798,-367.3281151496363,579.0660904073804,-289.5000189366087,1301.3561839106458,318.11026425667654
13,design_000013,57,0.009916123043057133,0.008212089610667377,0.007109049709675001,0.038181441063451456,67.0,18.0,138.52499999999998,True,21.74182944393023,2.051115778819843,0.0,-727.6260807879435,181434786.07496077,2814438922451.3364,9.293366882215659e-09,550.2033910443116,224.09279482963632,1244.1747624663246,150.42713006853793,1544.2431273921711,-110.93004558952718,-470.7912472971211,-551.4826141964402
342,design_000342,58,0.009951248311331875,0.005099410209147238,0.009590695333642,0.02928367420318736,63.5,16.0,421.0999999999999,True,13.855767739476143,1.3639928066503233,0.0,-2050.310429735642,5006.768493495143,32559911211788.94,6.4545712290493344e-09,-106.25805873269756,-82.46979476964688,-6.115239524970576,-336.3706298894859,361.0200171384199,94.18663364266217,1217.1694023198556,357.34595605836427
270,design_000270,59,0.01007177868886464,0.004859860763409371,0.009473657944983942,0.02871291906240424,66.5,9.0,431.7249999999998,True,11.36692375982472,1.202555458615452,0.0,-3545.562067501333,8520.844481521772,12210586109536.316,8.41389836992503e-09,-111.73995685969773,-81.21814017480146,231.30068792090475,240.18507724823678,397.15539725701734,-122.14969218521244,1446.9208275722465,183.32294728345414
200,design_000200,60,0.010080487586968098,0.00873488811448143,0.0069979075465345965,0.040141467395010504,71.0,11.47500000000001,147.0,True,24.33010006218847,2.3767838518807554,0.0,-6544.167135057099,456916.79888035706,91319687556.20671,9.822798496448925e-09,702.737517478364,218.66967116518967,355.77175676865664,464.15301115350655,1765.706468935616,208.72278909973414,1022.0186916288917,166.9935528073005
12,design_000012,61,0.01008850409368537,0.010136462393973764,0.0050750428370720455,0.043257679250142185,65.0,2.0,166.52499999999998,True,25.046077985599947,2.3559784791684533,5.683793381184503e-211,-210.2453617180497,757119.5322846489,6996383170790.535,9.814820943959119e-09,605.7423186777089,210.11240998728468,1071.9819404305492,118.93213155427242,192.32889854616656,-235.9268352655097,297.77869244629335,39.85045927225555
286,design_000286,62,0.010109130238176615,0.008712338965045037,0.006442929032968046,0.03943578425472748,71.0,7.0,165.04999999999995,True,23.12832719083604,2.229183781151123,0.0,-389.86695797339416,60175.2505061636,4052954379.7732,8.379606884726588e-09,-180.87146371507103,-362.22899296056255,198.15741117863342,2.062847956940427,525.1173570112666,305.175771833273,768.3136863195425,122.74469248443555
221,design_000221,63,0.010150487020626228,0.005653625886456226,0.00923053870361445,0.03140700582940652,68.0,14.0,412.14999999999986,True,15.17762669119243,1.606747155412488,0.0,-1952.135434944273,84575.37716822073,28064453921382.754,6.167619290006526e-09,-286.41762424208576,-89.54540908286987,23.791159220818713,-201.21066988812703,478.25707882138755,306.1883396410537,1177.457965744285,196.55080017737006
272,design_000272,64,0.010173747427019937,0.006636836449187787,0.00855807665797393,0.03459618269727503,72.0,24.0,298.04999999999995,True,14.697167932755573,1.5009857533242617,0.0,-1203.658043025198,7793772.871390845,37817464791480.79,9.970405973218653e-09,-137.94608508239938,-250.08796059769475,236.8588559610447,204.44243280402964,469.0043096011982,-253.67982810778068,1003.9316607089878,297.0587834574065
139,design_000139,65,0.01042530894398932,0.010026722203955639,0.00540488175849412,0.043775175764047006,70.5,4.0,163.0,True,22.338930116416897,2.276079071268597,0.0,-14237.406423870145,34279.29486464876,23389180.949812315,8.966782803318568e-09,634.0769531155202,230.25371080697875,289.92620033833873,430.38356969165335,128.17618547033445,92.615205178717,1021.1000658247441,91.51945704695359
167,design_000167,66,0.01047811235337072,0.009529784911964705,0.005942774601893728,0.04217618055466334,74.0,6.0,161.0,True,26.960048546143625,2.5113587513768074,2.291368144286089e-94,-93.63990512897409,24370110.11826933,9808074862539.588,8.73271597150196e-09,-169.35182414874316,-464.9844498265787,1298.1452405374143,131.03037327659337,388.22113032634394,-215.9412568944557,855.0272608218378,143.493677574436
255,design_000255,67,0.010508039674518974,0.009068074665911313,0.00680966128533719,0.04142613994471216,76.0,16.47500000000001,147.0,True,26.73225600735491,2.4538066974836674,0.0,-9981.853382961046,24380.692662127814,1780901.4721419238,6.997240198914916e-09,92.60370683064603,-210.43865556544606,61.34670846992092,281.2791822552505,551.3516736044734,220.55541720361427,871.6567314549786,22.47180975451984
32,design_000032,68,0.010551275762453695,0.007927066293172639,0.007725074795138918,0.03816438028717444,82.0,14.0,224.14999999999986,True,14.113038497000487,1.5508582547280065,0.0,-469.43757867063124,214487711.68682668,63883899778568.24,9.901478645684347e-09,180.3226817089893,-116.38195083388626,807.4816827983761,348.260238636861,1432.3546210409954,308.42555651779014,320.22198912626163,292.0876806983081
236,design_000236,69,0.010598311518028737,0.008912415310641457,0.007061392059351344,0.04064857367079059,79.0,11.47500000000001,155.0,False,19.125450362592918,1.9091624857664682,0.0,-1322.7880878274814,5318219.812092149,30963955871200.215,8.734433364374514e-09,-65.4592234441387,106.8934112705307,171.19171383133093,-49.270831914945376,387.3996105079552,102.21882013698627,1012.161397725287,34.83464130890772
65,design_000065,70,0.010601734608543389,0.005764040449114926,0.009306950105000168,0.03250647265390572,78.0,14.0,435.525,False,7.608648591138913,1.2371928952012037,0.0,-1401.3268490557075,4758269.548756577,34729951713136.418,9.614286286993794e-09,-199.60382938318725,8.368357045622888,260.34571632880164,-165.8656841624362,-25.394676844036574,-211.12591671904372,1043.1029413671613,138.11927813309413
28,design_000028,71,0.010613237360741318,0.006665904736872207,0.009660655952283596,0.03593628487098852,82.5,40.0,249.0,False,16.17310287712407,1.9891161322353117,0.0,-17428.055593881287,173867.5618747776,384490316.74975497,6.1707231082910246e-09,44.757072070298435,52.98390125844814,-79.4666521218852,-478.5462555386335,765.9588651061922,180.61807698783736,1117.7099218291676,-69.72290530714787
203,design_000203,72,0.010632887667526545,0.007032033236117436,0.008613627757440527,0.036663035444635304,86.5,18.47500000000001,283.525,False,24.978802567396794,2.368171673877732,0.0,-9927.637461631695,24239.291874369723,1520173.0852387846,2.7259639045112536e-09,508.71789437199516,204.00138760694603,-89.55534142285273,-35.55301358946217,208.36913043523597,181.77701557472784,869.0340711711406,289.03465075657493
430,design_000430,73,0.010644090169201047,0.0090937461172255,0.00676098506442297,0.04195185154925511,86.0,12.0,155.0,False,20.29767116612542,1.8891069733207815,0.0,-427.917633763637,8329.221407594478,170371591.9008804,4.174295876102598e-09,100.74196386408693,-588.1451509220913,735.2295444528547,373.9829616446892,399.6325746563201,-135.63744321813402,101.16391635837715,-155.8124554003146
74,design_000074,74,0.010646408172419882,0.005136991821584533,0.010249657375489612,0.03020487334352589,77.0,18.47500000000001,440.3499999999997,False,5.4438341873587515,0.9791875130640267,0.0,-1825.4011271614665,18455132.46273503,35176998947500.047,9.945982229494876e-09,-207.61853663695746,29.495663445096262,1126.1196720431424,-1.0472615412437847,-28.81909854139792,-393.75274962449623,136.5901853384063,-79.85414563233525
83,design_000083,75,0.010665440567962103,0.007206457690456588,0.008993195322113906,0.03763939269738542,85.0,42.95000000000002,233.0999999999999,False,15.266861929508238,1.4084020516083626,7.727783952894157e-147,-146.11194502807516,595.584329524706,384782.7397157219,6.099506268384869e-09,390.64047006011737,-186.28020106915076,227.58843709604707,56.50451428231987,551.6698360234528,457.66290235951146,1.451631014936467,-79.07217733028324
231,design_000231,76,0.010761656663924438,0.007971626581544712,0.008309630157216709,0.03787178252297636,89.0,15.0,176.52499999999998,False,31.743404079642687,2.8543557355617817,0.0,-13415.420342723295,64865.24844492575,144947249.23579308,9.10538534200359e-09,-52.4083553069881,99.40460090478487,111.23231114677827,-110.0159663515388,763.3154204269686,118.2653924781925,981.8559948232206,248.0023623918614
113,design_000113,77,0.010817548793538889,0.008043146344261757,0.00812839860420726,0.03933651944628881,92.0,19.0,171.0,False,13.958010756861375,1.4595331454266287,0.0,-1667.4400061188594,547344.9898875813,26431403578492.582,6.511583404805623e-09,-129.44267258875936,54.25924916987856,402.5793551586444,30.378564198766114,146.42236143294645,404.54633170868385,1100.6063440641346,78.53191093951057
275,design_000275,78,0.010827601795020111,0.007477591609468166,0.008085063776998006,0.0378355654498899,91.5,13.95000000000002,276.525,False,14.8026337539471,1.8198136475448565,0.0,-830.5282548310522,20720.281530180353,50814557549.85122,7.90918786921171e-09,-281.77470107198343,-170.23886343265542,175.46514374443808,136.52413774738966,604.7183752801704,-355.365263735882,878.5401671551873,156.63825376546194
132,design_000132,79,0.010897255665353343,0.010701553801461984,0.004936418624868994,0.044812810078283846,80.0,1.0,196.04999999999995,False,32.51970161792143,2.880494196429834,0.0,-2214.2378701535445,167304.76616899396,692591037030.8274,4.502315930104251e-09,900.9500135702575,134.9051062348979,605.2475676468209,57.64533908206678,313.9530225371418,36.044105176020004,1189.6728008613843,199.1984374316438
470,design_000470,80,0.01092969439443548,0.00974065053825868,0.006064413334598827,0.04236087893413403,79.5,5.0,181.14999999999986,False,30.652637005172807,2.7638788573511768,0.0,-7977.595763121153,110877290.37088725,36070278495547.57,9.847300392150237e-09,1126.5065374567198,229.15513021809295,1813.4397833600156,-80.97808863966623,1641.7505004337524,-546.1287564979095,732.2941953797409,48.073340623140666
126,design_000126,81,0.011033682070344787,0.006691201178655023,0.008826297633120615,0.034312308974859755,92.0,22.47500000000001,357.0,False,26.729129173003027,2.5048916338740095,0.0,-509.7743316439435,7045.738587725939,286499411.8732447,2.519762565099147e-09,506.8940057435277,-53.85307744396495,-128.91942726572978,-182.2253240784641,728.8875675137255,149.5746523597398,722.0221901718744,-424.5410521407205
435,design_000435,82,0.011071820366526578,0.007008102735999622,0.009737025549372544,0.03694053194145105,92.0,61.0,240.04999999999995,False,27.60065324153981,2.273824255479183,4.796469191121977e-280,-279.3190783407632,1637.3464392835685,6211176.42510079,7.787336738109412e-09,634.4526910497293,-61.357239630968934,409.0592408059043,-381.66473085603775,403.128573831547,37.484611175862256,-59.774043707847795,-120.1721871029236
330,design_000330,83,0.011126831078158308,0.005484540600230434,0.01038714137500414,0.032012697673446215,86.0,34.47500000000001,409.04999999999995,False,16.51974304214562,1.4139604755634232,0.0,-4221.4969903301,10120.40002092814,49900783690996.72,4.396216017145849e-09,-74.90743334377768,56.242616267009936,7.354530266933011,-206.5889823005324,419.3361240568445,233.70124304030662,1475.441851954985,-212.11821272667467
282,design_000282,84,0.011145012552017447,0.007106904408049102,0.008777093251941783,0.03745464104135976,93.0,40.0,292.0,False,13.195855009790092,1.7582741592834692,0.0,-904.55983575859,322427.1908994785,358427564346.8383,4.9163514222666536e-09,-27.21080821448136,-240.67173221641485,234.54568353142326,-485.1738368375191,347.14647252613327,264.05314337395714,908.2695510870825,213.89044542544528
283,design_000283,85,0.011181885007541357,0.006015380338022275,0.010509698288203938,0.034133809382603235,91.0,46.0,323.04999999999995,False,6.6985356083704035,0.861324515595886,0.0,-2848.2896611112546,6872.63277503344,19409625214262.17,6.858526532450642e-09,-295.8395024045571,53.090004315870644,130.5646806262162,-184.00873333090422,233.25730777710265,200.89967318294129,1360.6429787697377,327.25444890471925
58,design_000058,86,0.011207210437457055,0.007395873448136663,0.008499429728712942,0.036418913209369026,99.0,26.0,304.04999999999995,False,23.91205526384746,1.9870825912821957,0.0,-2810.382696903072,7838.0575393142435,41119300370169.53,7.958916479103977e-09,-25.088879721061875,-279.67955689142445,1304.6199762133735,-36.69541712244188,585.9715762478434,552.9524010302702,553.133064498358,261.713305711583
449,design_000449,87,0.011215648252095914,0.006786054193516966,0.009367902865032262,0.035876227242325656,93.5,41.0,335.525,False,19.781414534465192,1.7811750228910004,6.945656063675855e-147,-146.15828672596996,686.8735135356611,7988367.77682302,8.839786504597313e-09,609.721081719251,335.25895566405336,-238.55234904831673,119.46636855238171,-189.58590238245245,-223.65083648119105,421.26228055043714,149.43782960235228
271,design_000271,88,0.01136307685528088,0.009360604823141409,0.007181874890187043,0.04334509669734899,98.0,26.0,161.0,False,17.299096222603403,1.6522214399933708,0.0,-1904.5171401379253,18454.635367295192,48343277847188.67,7.667469301858293e-09,-216.1546742335741,236.89285105130583,39.73516120496947,135.31332244654507,398.6026898213642,228.53151881629503,1170.7237568830672,224.1365065896242
201,design_000201,89,0.011461706378240035,0.007954416247656918,0.008694322820121704,0.03929430790732226,104.0,54.95000000000002,194.04999999999995,False,15.414011721670954,1.351038565640928,0.0,-422.03854851702994,1183.3895984761382,9816312.006386762,3.916017435672475e-09,238.31091929380418,3.680088031495373,-341.9529775888115,140.49597435640058,697.0895955814466,-220.44080173843994,47.331171946794726,-402.7266918259165
225,design_000225,90,0.011501744699822554,0.0069872395759931856,0.009046530800217124,0.03673387909547762,97.0,27.0,336.525,False,19.12704491620874,1.9196458029656829,0.0,-15969.175494425373,63991.40470409887,1619957051.2799127,8.978245880095268e-09,-79.0377005787745,-117.48696891999721,305.42210576252387,-484.26870832419235,571.9752750318379,290.9053166950662,1078.927521607233,434.23821509517404
153,design_000153,91,0.01156068754636184,0.005980870137399382,0.010126945608009391,0.034024457708581715,97.0,36.0,391.39999999999964,False,17.44335277487011,1.9520192979648392,0.0,-778.7290140304553,9484094003.787281,1.1845558987164498e+299,7.496623466561255e-09,370.709474465653,-438.02592028350136,1572.4459822068209,-13.006207269909652,-24.992458073134607,-219.09588721733954,757.419135161867,239.19708311051252
429,design_000429,92,0.011615269257135009,0.008087331953400834,0.009037823288390787,0.039890060432015186,106.0,55.0,179.19999999999982,False,21.658391384223904,1.968808935199451,0.0,-472.66631177306215,4562.598444844858,14363012.667661011,9.974314009624286e-09,-329.5230967409337,-187.02948648548346,237.37046128724796,418.3539188758141,726.7354650537679,-92.42659205658492,289.8113243008711,-78.12026865694929
337,design_000337,93,0.011645943382754093,0.00886352454483136,0.00793782158729989,0.041677710253077614,111.0,25.0,195.6249999999999,False,25.695922281631933,2.352170713784963,0.0,-472.5786496086541,7941.90393208292,183439976.78019473,3.2823059394766384e-09,-224.40570298812844,-340.52405977387855,238.30924575698737,-43.351295347781665,512.466978253524,-132.19124401869618,760.8998939064733,188.6253274205436
122,design_000122,94,0.011647419726532571,0.007113624759780117,0.009223964477343052,0.03810314473094354,104.0,36.0,342.525,False,12.533368507940688,1.5392671822550898,0.0,-1013.4012875762513,31515.015824770784,2766876896472.3833,5.621359182061418e-09,-318.7194660934855,-279.9256097945479,947.3033536334351,264.2016289923316,522.4514368588607,-270.7002744693723,13.564088304971165,-202.00915336991773
280,design_000280,95,0.011650914971329555,0.0066553407595472324,0.01035168022876987,0.03697627449371366,102.5,54.0,327.525,False,7.0256528779817184,1.0892101842569148,0.0,-14192.752932203291,34040.744084497295,8460530.81166295,8.502973337027206e-09,59.86869895934531,-248.10167535450177,5.3668013594015065,131.57137227180033,327.7382417358147,-374.05034443551773,1022.2061208957466,258.9606413707515
226,design_000226,96,0.011678226620341639,0.006706564736052683,0.010359195977620474,0.03688087474142214,101.0,68.0,304.525,False,9.657069506789101,1.4331002326650886,0.0,-747.0305776250752,125898.9906196748,264193581568.53217,5.113398516174201e-09,-2.0937003702553127,34.0926407486893,85.94930070108038,-305.5218356213718,268.58498656461626,259.67376726602464,857.1174614157627,267.61638081800714
57,design_000057,97,0.011691049904328083,0.00990926189069596,0.006366294602794614,0.04364580581705668,102.0,9.47500000000001,195.52499999999998,False,24.7486141607457,2.2563303227415976,1.0909107637429469e-91,-90.96221077315047,374916292.70241296,21248111506617.113,9.68969515496866e-09,1390.4594096366072,262.44767812726536,66.18884678900297,216.5215554599305,932.1701988680031,224.28854038729156,398.33543754755556,-103.7627558578207
29,design_000029,98,0.0118203824394092,0.008935744641460032,0.007971005127475833,0.04276948188592751,112.5,32.47500000000001,163.0,False,11.160402814087163,1.5023118922062906,0.0,-447.57093588457343,1000000007.039256,675294956527968.6,6.1904491618844045e-09,-271.43976560769784,-314.9224767627308,445.63308558856477,-156.37717180046417,873.6106456078071,225.61979197185298,1729.000395405884,244.17073795568396
25,design_000025,99,0.011863001594854778,0.008378360749036215,0.00832773852345544,0.04025698237135284,110.0,23.0,271.8249999999997,False,18.621993074447367,1.726716884681883,0.0,-1603.2333323129387,3864.968056080289,40580522074921.984,5.937101362713391e-09,629.2577132783737,285.62333231936316,23.944361449357466,-214.19281781938454,1852.7617392747625,-301.2422649777002,231.42167572550855,-26.136998835508997
86,design_000086,100,0.0118906876990683,0.007668326326806645,0.009566299271578404,0.03973098013797462,114.0,68.95000000000002,220.7249999999998,False,14.664156842076832,1.523599241461657,2.7525595031231324e-267,-266.56026328394614,8555951.568716614,16865867839344.707,7.218253838685063e-09,-267.352002573035,-319.25905991121545,1351.2013320693202,199.94058409146402,884.1021161444833,404.5200426005655,532.9226416830146,-140.1479697189866
308,design_000308,101,0.011917402252454478,0.0060718621884614694,0.010529450589523275,0.03464422410892351,108.0,43.47500000000001,372.0,False,12.395627489894244,1.2478836609065473,0.0,-542.9953822953479,3752.8981634673414,76893189869243.22,9.763858627995337e-09,14.16252412263367,-175.0216476666203,238.96106462258763,254.54259585537415,737.8218882143095,-261.35170995873716,1583.0937548597735,780.1867042935468
284,design_000284,102,0.011929691990837817,0.010341170168218693,0.0064292309625347075,0.045891471705721346,106.0,12.47500000000001,197.0,False,22.800211255315933,2.009754420939187,0.0,-15408.741498694633,36833.65513881927,3338035.5549150566,6.484671829731238e-09,-17.333552628001428,-417.79136762497774,276.79154227098115,308.4781657058557,472.32199102870425,108.28261859360292,1062.168652105625,141.93973086219708
265,design_000265,103,0.011936722225238307,0.007225457194846872,0.010236035081365521,0.038097820996353844,109.0,65.0,267.0999999999999,False,16.723403635191016,1.4378193403933093,0.0,-569.3637298121878,1402.2119706284218,155225733580263.44,8.42215801421086e-09,-103.45432823289127,-411.98538281803025,113.9622052933933,41.43736622035419,431.494311236586,206.97967951351905,1672.6652078101195,765.5558361593171
24,design_000024,104,0.012004300063135465,0.005961007643183559,0.010219520249323696,0.034131607728349944,111.0,27.0,439.525,False,13.229078547671818,1.2089565599690177,6.829161541728285e-125,-124.1656326140569,555.9492465718503,1220797.180063349,7.201133057903372e-09,-258.11972822138506,91.62502827987011,590.111246055697,-251.91555578213104,-79.5955944611205,-282.6347876451688,42.823368268840056,52.631488123479045
222,design_000222,105,0.012009210572389782,0.006719995380710165,0.01089110851772415,0.03738432585505076,112.0,63.47500000000001,306.0,False,15.793184921087132,1.9063702695325495,0.0,-10912.19642043875,26496.36293420708,1823151.727995755,9.014856948757393e-09,-150.24352263395076,-535.8809781943629,7.711279408873963,37.69573579783611,461.06456220401276,278.8170451375899,907.1060080742924,186.0227177233907
233,design_000233,106,0.012046884726965896,0.008811524079146756,0.008450908420495975,0.042524688619173696,112.0,46.47500000000001,163.0,False,23.30331040514277,1.7663077953149051,0.0,-1524.2611020898657,3666.64704037562,79654624569408.25,9.905186143727672e-09,-3.8073364741243694,189.2175898697454,59.824931135356856,-55.84962644549149,466.2504871176711,0.747784023907073,1902.6157154327334,-26.425403922460546
165,design_000165,107,0.012065785891399148,0.005024659822004272,0.011305664005115575,0.03155061747835016,105.0,19.0,483.525,False,6.769913607490335,1.0787439639436558,0.0,-316.77325496631863,1000000012.947646,5.774206030756567e+16,9.548724372773416e-09,1626.3440655011618,267.2767961483214,980.8666581207777,338.6516167707198,-92.01990446665906,-143.01157918370436,160.97228898268676,317.3708782515695
87,design_000087,108,0.012127351706117862,0.009389969144715482,0.0075125082538331734,0.043392410931305817,115.0,20.0,193.52499999999998,False,29.45594545145921,2.369825336903728,0.0,-4710.425293144537,11288.24030815384,3727025033669.51,8.370758502424028e-09,1586.7529963126347,139.53739235448253,768.1088309950137,430.05572482177257,205.75770337996977,37.05527969519568,529.6829018508529,93.65188404728615
190,design_000190,109,0.012179569099574997,0.00938470203507481,0.0082443157820572,0.04388103893723137,112.0,39.47500000000001,169.52499999999998,False,30.792358477827957,2.336622611825798,5.332307222834391e-162,-161.27308483650162,560.603220153131,432020.9563896123,9.351914817373949e-09,139.83295151366215,64.39071952934931,-190.14425966704732,-419.49146707248565,590.2669905302453,123.2637166072128,214.20108762308294,-408.3232171925322
234,design_000234,110,0.0121832611778045,0.006497877321294761,0.011288778032356579,0.03693438743693133,113.5,74.0,315.04999999999995,False,8.460756489534145,1.30305002812762,0.0,-1290.4171326164892,2429047.582827967,47742687196067.13,9.065297832177092e-09,-46.652408544693536,123.82353153080815,106.55905186124713,-292.69547191184563,572.7883388354294,433.445735386363,1029.796176235432,203.87324291937387
18,design_000018,111,0.012213379856135822,0.0067569860179684735,0.010771082830830028,0.03745418365867389,119.0,60.0,302.04999999999995,False,10.020053829064274,1.1371035713336881,0.0,-2478.0436014525517,5986.467584042489,29530130657188.652,8.105037340159295e-09,-90.97647794406971,368.9042638788177,-29.646403539641184,16.96576204392572,148.5928994335805,203.69485454037567,1288.2958704631728,261.47068016355473
164,design_000164,112,0.012253972297769686,0.005382560467040785,0.01124531877997632,0.0316875736339202,109.0,5.0,496.57499999999993,False,21.75717647330898,2.3169066732725363,0.0,-14542.42043604984,212225569.30286455,130949216728348.34,9.292920483250455e-09,1048.0332290267331,45.099954477185356,1356.2265406569184,208.691201747484,575.3540072897209,418.81858631449666,-81.48264431796599,-152.3951556711333
431,design_000431,113,0.012321131981303926,0.00748832930136014,0.010173523407169793,0.040204192854929315,119.0,80.0,257.0,False,16.4231596344383,1.4303474707167723,9.331066720924165e-33,-32.03006870517851,180.79295230759791,7807.267596428022,6.834088320307354e-09,-116.46788246967304,21.255637994685117,451.9121945510476,264.91395861067826,-313.90951129967857,474.5793832106033,87.37664853186845,-146.83146667731495
217,design_000217,114,0.01241160960510732,0.005757125683825182,0.011016551781985424,0.03344178884007477,119.0,42.0,428.525,False,9.269243224820897,1.0005731238473268,0.0,-3589.373046811932,8600.013347885935,32304011819700.758,3.90324823943157e-09,-223.4153258119463,212.66059158151455,-99.39363307120914,-112.76282715663308,238.8558444334447,-11.058633922838464,1523.3875821354359,702.854844230822
169,design_000169,115,0.012435677000545082,0.009870359877324084,0.007039533522185892,0.04356370735570707,120.0,7.0,219.0,False,30.07694598475364,2.696769092172033,1.0694330786983124e-145,-144.9708463868394,610355702.8908112,5217849317145.334,9.973515361946888e-09,638.4671633307859,41.4378773196498,1490.5373898606585,63.5267918721476,930.8758719014394,76.84434771257456,319.90815804807886,-328.40721630692656
42,design_000042,116,0.012500877113304136,0.007320576027312814,0.010502485554822498,0.038774533165657155,123.0,73.47500000000001,302.14999999999986,False,18.43801577182131,1.442714661184839,9.73542659268779e-111,-110.0116450135542,462.46274376214205,781624.1832534521,5.084609297774702e-09,-328.95557187347055,-27.155146268828595,133.73458104643115,-252.84322626007835,-79.31182016158085,50.27711299334371,550.6172489948844,-211.59611607471737
123,design_000123,117,0.01256117158474841,0.0076630977879409545,0.010067594783373919,0.0390957669224101,131.0,38.47500000000001,277.6249999999999,False,17.809977272996733,1.547554218946239,0.0,-2080.761044485423,9506.471846031822,16253076974908.605,9.755553014041596e-09,484.4946821632227,-40.12505265418507,1228.38295129978,394.58573861103935,-37.621107192574414,-1.8149411180630466,-531.0731056403592,-533.9356017120867
346,design_000346,118,0.01269438794897667,0.00921397318247546,0.008607994516009592,0.04318506770713817,126.5,36.95000000000002,196.52499999999998,False,29.42785887925855,2.4711223969847,0.0,-583.430795271756,35716043076.98391,5.032864620201027e+16,1.5092194314190143e-09,20.60999343755219,-476.5807979385107,92.16092981599101,87.40549578812391,722.036720854012,136.17762684238113,1556.1056399308243,415.96331775778634
84,design_000084,119,0.012743064021783997,0.008643453797247628,0.009010149301458742,0.04156169635308168,133.0,25.0,243.52499999999998,False,31.38980987273232,2.342958344390807,0.0,-3005.8003556372946,7253.979473033146,30345892227773.13,5.124136708935329e-09,107.03736666789662,-330.09411433721084,598.5029043818143,20.256671627360344,1365.2537181419777,168.94375514612005,117.04674316267571,89.24759502004656
116,design_000116,120,0.012751168421355197,0.00864427443649076,0.009631872466349183,0.04371060446019409,132.0,70.95000000000002,186.52499999999998,False,15.810628744338608,1.680998895768484,1.5895380288869323e-70,-69.79872907735086,2626071.651096024,30605544581932.793,3.6996106633719516e-09,722.0838869668909,346.0985033788015,1143.29175785651,474.7912049508358,-17.10697400002885,66.4867019634404,202.94509162566973,228.77103618426008
230,design_000230,121,0.012910153530272814,0.009641874146734416,0.008453111567048038,0.04567861359407653,132.5,58.95000000000002,183.0,False,23.613636444261456,1.9672741648639696,0.0,-2217.435763754099,5413.13519876597,12284400955539.326,5.038963413838568e-10,-296.1794941963314,-353.59081207138934,77.95869370340702,-543.4043905194179,515.0844560297506,111.64523853016752,1230.5097067585918,193.90262493762367
210,design_000210,122,0.012924725297197046,0.007830122232668409,0.009529682589214947,0.03983729350447685,135.0,53.0,323.14999999999986,False,11.3342831365993,1.473108950670211,0.0,-586.9291495651221,1000000020.8765588,6291881955371928.0,4.25506004028194e-09,885.3962269475765,-40.007758978273245,1498.7135695508166,558.4086958725247,-222.31699617819189,-229.82583550290244,338.8230185947582,-110.53465747198851
90,design_000090,123,0.012935598673688362,0.009955495214401394,0.007809658819708783,0.046101632278892704,137.0,32.47500000000001,202.04999999999995,False,25.62938626757213,1.9772181243091287,2.1929447104512365e-73,-72.65897231782026,317.37709222852476,26567.169561884664,6.248416518272434e-09,473.7571903101393,188.44135966534157,233.54926937681554,111.20100145219473,-184.38890811258025,-363.9342088942956,343.24506616571273,-163.78056475881922
20,design_000020,124,0.013020352080251185,0.009526432747638907,0.00851715852476797,0.04439949344808905,137.0,23.0,222.04999999999995,False,16.965490331277987,1.7373407336438005,0.0,-13559.366886216942,922604877.4933997,28373884033748.2,9.99161904011301e-09,250.98245311369914,39.929821441187926,1445.1212666499073,400.66952866600843,434.9118294214649,227.06213297600232,1005.4623314024085,378.7053912943853
43,design_000043,125,0.01302673930845435,0.01024927130537341,0.007332152041848614,0.04720587282001846,135.0,31.47500000000001,196.0,False,25.095182545649603,2.303278526607116,0.0,-14419.734138654134,155687.53555766385,47982672.565266535,5.586873554790657e-09,519.0528185762851,553.6177178591208,-328.984816987096,92.69749317256642,1017.9631037187127,193.9891703649589,750.9143064262234,260.6780407411358
239,design_000239,126,0.01303686662170268,0.01006122936265941,0.0077359812766683465,0.04598354726107229,131.0,35.0,199.0,False,24.365843014334114,2.0431767489980666,0.0,-434.9621524436932,50835134.12299649,20836415663817.207,8.98325526149385e-09,80.8025920502674,116.71714711289712,404.01372759708477,37.936402401350584,655.2206844355501,332.3411598276366,1414.5976296953536,376.7511037633043
482,design_000482,127,0.013055573684181967,0.008644994037076876,0.009277818851990133,0.04263199221052218,139.0,39.0,235.52499999999998,False,27.1598517087694,2.472546687258035,0.0,-621.8782958868746,192904510.85080048,202400923417.86365,6.949028403629035e-09,1545.770889009858,297.695263278064,841.6921743737227,34.00374460214505,1267.0760236782442,-231.92689431075667,786.5425313955508,295.3322165156434
242,design_000242,128,0.013101371354149337,0.011318881343931986,0.006043540753462885,0.048828302747845276,133.0,6.0,224.52499999999998,False,26.000321826298272,2.279829663971384,0.0,-1458.888140872063,2136197.9901443617,9358633052413.338,7.1133174473777035e-09,-237.92045811674996,318.3928548608253,249.96487178924625,-43.63602082578667,538.7125052339509,117.16388138082708,1048.4917128420789,10.08694900437498
264,design_000264,129,0.013114470327879182,0.006607084136425868,0.011612882364471203,0.03754930775832151,136.0,87.0,354.525,False,10.761172882821464,1.1078273879016973,0.0,-1607.7914950168952,20699.9156800422,10673887796984.084,8.371343009036671e-09,-246.24565020248144,-53.74369385142641,157.75101603164183,-277.4620847195684,341.5884265522477,294.26933065557034,1122.5656362001275,394.64744490468223
204,design_000204,130,0.01316146950744189,0.008140457802525512,0.009983573401296937,0.041696280205011454,143.0,75.0,273.6249999999999,False,9.464503705396547,1.3383262324339549,0.0,-11238.728830999662,923672.5065186905,14019656095197.576,6.981061149920923e-09,925.0268981252244,54.06360626766437,-267.0729173975523,-237.26739957627552,940.2259916261837,492.24612892829686,-154.42406616005815,286.51601574192955
249,design_000249,131,0.013175074166166128,0.006969972637299515,0.010987545625688367,0.03866943642429201,136.0,66.0,370.1999999999998,False,8.851299641829632,1.2963957770896282,0.0,-1008.4915620013977,802901.483578427,603185741547.5455,8.040509340173168e-09,25.29454490278691,-89.03389188099386,150.91068609071033,368.24054091824075,480.10431087062307,-325.45564124885016,942.1960185034666,234.30096326414218
338,design_000338,132,0.01318248972006539,0.010124735352528617,0.007971701482742453,0.04771631025649808,136.0,37.95000000000002,204.0,False,25.712158438449876,2.0891078190739645,0.0,-1538.9859508395434,3711.694329865883,20858633184097.3,6.8813874765156145e-09,-306.2093036552819,52.529186036288536,259.37260551451567,-163.16511000919544,633.1650994223601,189.48920708587536,1799.042125578976,-407.0270487995978
206,design_000206,133,0.013455679056107762,0.010551661941305352,0.00739618807978597,0.04754963067355687,147.0,25.47500000000001,226.0,False,30.62263951229897,2.4407994849489576,3.8603559551669586e-233,-232.41337264811648,626826.7245929908,36095236560194.94,7.4327570021495394e-09,623.8152817989654,-22.33079700813829,-111.0058878600808,-350.3009870021269,246.008386029711,-241.7305884804301,1092.8833809593812,-29.03747976629593
53,design_000053,134,0.013470287637871042,0.006065264599955746,0.012306560159168029,0.036099945269088836,148.0,70.47500000000001,412.0,False,12.99406244041301,1.1660254134786587,2.5307962221224024e-13,-12.596742822510905,124.87983415507227,2737.6826218495958,8.546104605284813e-09,-92.81822629939217,-436.49814941162555,333.5451947630866,178.29125711394596,301.7874599557006,-167.58595422770642,-96.77407596956637,-149.8694132705062
98,design_000098,135,0.01354241085021439,0.005863240893968379,0.011245477941650334,0.03461010439116526,145.0,46.47500000000001,463.525,False,9.936674188386844,1.0879974098852634,7.4837801065291e-14,-13.125878981717726,217.43570624892033,538.368093675238,5.350468890451044e-09,198.07370246765635,71.26095830342854,-158.184795517378,323.52195814727776,-176.96101621955677,-190.46669404137648,-440.1695080179393,-36.96997879671727
304,design_000304,136,0.013552388350913427,0.007260633146738315,0.011608775809902043,0.03935673351506645,148.0,72.0,303.04999999999995,False,10.289784492691577,0.982707464645298,0.0,-5204.029683060913,12421.402350726954,19366569078377.176,7.855485161325065e-09,-151.91908782700972,10.666758372471921,229.807978024028,-332.2410650138755,272.8778552913492,168.79135519066102,1607.92295029851,-71.67039639363625
333,design_000333,137,0.013597762693273055,0.00941967427677369,0.008987569906264524,0.04520752619134433,146.5,38.47500000000001,240.52499999999998,False,23.32976467506768,2.165276935345069,0.0,-504.52505377307284,2262.7076385276264,114149306.17020887,7.898930736716679e-09,-67.81594955810579,-0.9804120069072155,234.75069976794367,246.3048608869077,319.41642777320266,-310.1671119528211,747.0546447169774,23.032012357000895
72,design_000072,138,0.0136469751581273,0.008154082583479367,0.010756026299136068,0.0422530105639204,154.0,84.47500000000001,285.525,False,28.007751300319583,2.016277377877549,1.2068300524987327e-129,-128.91835388355517,603.0159480190049,350875.7290118021,6.206693615815228e-09,554.1333574396923,-215.31516493070586,-173.97143264516643,-74.55125521060931,460.2675529268098,229.53315733051332,289.63328393189283,-284.0317760793666
36,design_000036,139,0.013688287904592785,0.005541211911382424,0.012442675546846318,0.034191940275514206,149.0,53.0,460.525,False,3.6842867553795036,0.7314537352540675,0.0,-3947.6668122449128,9447.095091437457,37084100969491.53,8.182500198783226e-09,6.537180744978457,176.2768095600939,-379.4622951298225,-173.28156435203243,17.476560263018257,-87.28128275917345,1523.0035840963494,341.45922800949114
45,design_000045,140,0.013702387425527493,0.010007932738534607,0.008379371956249052,0.04687158580533362,148.0,51.47500000000001,206.0,False,31.64268325661985,2.4784307573025264,3.1874697585866477e-279,-278.4965539269474,1064.7394983804206,2606337.4740376715,3.4126885051371283e-09,-149.3631469711213,-576.1155510856229,656.5245412521391,59.898010202762535,109.97545518617953,-12.657249772152653,353.89695627251723,85.11437432840549
77,design_000077,141,0.013763679891639046,0.007883899337009953,0.01043762034525954,0.04079327814109722,153.0,48.47500000000001,327.6249999999999,False,13.656177784437025,1.2421092706059529,0.0,-3415.7258000109373,8227.25189524808,25572235322048.297,3.4002614995316516e-09,175.89170353453957,-37.01419360002639,1430.7888058645685,201.17235117987593,-25.90179272134225,-385.1171592259194,365.7659856858188,185.84821500555637
34,design_000034,142,0.013788939518785117,0.009740503025326365,0.008362651410174456,0.04512596097583559,156.0,35.47500000000001,231.0,False,20.667450952627345,1.6917603307934683,0.0,-2900.581174843989,7003.267782922049,5780075789615.215,7.316226742832051e-09,509.64644883997687,-139.52188240603493,1361.068187256716,265.6482502794475,444.38791460957304,-705.4991399329548,150.0029322953539,-123.95980397802114
298,design_000298,143,0.013847683972601504,0.008451812822569061,0.010691050145918968,0.042603052779560245,158.0,48.0,270.0,False,16.01772114068478,1.377867982980593,0.0,-3856.0010671055124,9234.052077273001,11937395584352.426,4.632184152154028e-09,-15.622356535780858,-35.02364722486555,386.66046474638506,-384.80320080314675,451.2779159403517,-135.32817105190495,1527.2475343065794,464.94323752119783
154,design_000154,144,0.01385009217547357,0.00940882292916476,0.009034459883283164,0.04558607814410971,158.0,30.47500000000001,266.57499999999993,False,21.53941302236837,1.8385612255014392,3.173301474732472e-106,-105.4984886664457,476.26270471710677,152209.70330006175,7.683156041566352e-09,512.253348433524,307.7116953566095,-187.0569100576042,-20.4761568460809,232.71302717428878,46.49379815427477,453.5991220259799,-288.3871545126223
171,design_000171,145,0.013856310846534783,0.00558682531680856,0.012800640384384257,0.03498046940588401,153.0,53.0,459.14999999999986,False,5.426618909553126,0.8941872654638435,0.0,-3278.125635164033,1643807.2935735,48126900738828.086,8.104068979413799e-09,-53.31720838841308,-374.3798092037546,-88.78968855022119,25.835307013983766,1345.3210677706568,-245.64161063093465,959.5570037686642,385.450266992233
335,design_000335,146,0.013905716163537495,0.007888316044959189,0.011265692625715553,0.04106476374318892,156.0,75.47500000000001,272.525,False,14.205348667007048,1.276074486628871,0.0,-3123.274946354626,7517.279948499215,25809476163680.3,6.767423322021636e-09,-46.07668988856331,43.42574249345558,248.73707654013023,259.12981896810254,368.8571110499987,-31.051619012717634,1394.0568105247514,247.96165204779535
263,design_000263,147,0.013924527411123771,0.008583714476116526,0.01030720664521233,0.04319625307555421,156.0,88.47500000000001,258.04999999999995,False,11.742194689700838,1.5564644466507505,0.0,-522.4903822416933,27963.196878810675,1221468637.913813,4.96514083445394e-09,-142.29714567040944,-667.1929731199842,79.16223740859661,-162.59597080519177,500.9501908455619,410.56575216537516,815.294772580286,234.33866541257345
336,design_000336,148,0.013939426225021662,0.010851429080836882,0.007047129644647615,0.048013685715147296,153.0,17.0,235.52499999999998,False,31.64694280781694,2.4354250105056114,0.0,-484.11994826234724,35756720.87183635,72267856937265.39,9.701285878697387e-09,-323.0320963371106,-475.08372528987405,241.39791569914922,54.58497610299871,607.7720334031743,94.05646760302878,1428.3531435505438,256.9539919301635
432,design_000432,149,0.013956508342596805,0.00874479662882473,0.010356112801423968,0.044559327035454205,158.0,108.0,210.04999999999995,False,23.820936792374976,2.0783498492747166,0.0,-429.4275519614073,1192.0731356913782,6915953.92452882,6.4254654533769e-10,-240.16156305093187,-345.01811881965284,713.7145869949088,15.6199880140897,105.81291104334349,193.30203313129743,252.9641734155498,516.9492829709657
35,design_000035,150,0.014009285964932039,0.0060216051163632595,0.012821079604999744,0.0367735812078185,158.0,79.0,435.6249999999999,False,11.835907563051705,1.0872911248365646,1.4706457296600773e-39,-38.83249193378774,195.0603098337844,25426.14035076087,8.668141933998534e-09,-277.0507673182781,-312.3731025177944,-258.57338639233336,59.485494496202456,203.18091531055907,-32.729518660962334,399.40712259666867,353.2847790155531
54,design_000054,151,0.014010334731260727,0.012254979354220073,0.005433466800423391,0.05115151045113924,151.5,2.0,254.52499999999998,False,30.21172379345856,2.6154621338378616,1.0909948137446538e-306,-305.96217731390976,28798556.84631327,8214595286260.838,7.647143938819714e-09,760.4562661700803,90.19163050067682,1277.8606934706143,393.1307648099181,298.9540304598307,71.6203900860096,280.04219785104834,-233.142764727674
247,design_000247,152,0.014023714398169565,0.00981385580921435,0.008586313308479854,0.04586643066131043,160.0,34.47500000000001,241.0,False,24.815679193879003,1.832751358794709,0.0,-3626.1450610122683,8673.983123920832,39129137213528.055,9.77924766398837e-09,12.722852919580042,258.3358203041598,133.88579091609415,-176.449934760344,499.9952821623815,-10.104035689544688,1482.2670263286589,360.64671198828046
212,design_000212,153,0.014075837950567887,0.006021198904746807,0.012374505918197014,0.03594830529467354,156.0,54.95000000000002,436.14999999999986,False,20.29645344735729,1.631926060892098,1.9721875499014435e-26,-25.705051787156357,238.33337328432614,2836.6957469414897,5.128283983587139e-09,481.49116796459634,-18.060866769061853,189.65721626552943,432.04412777767135,-52.3609368411682,-31.05639090961745,-346.73853476185377,-338.77678441532885
310,design_000310,154,0.014114512899811048,0.009017555954321754,0.00969746750637242,0.04477241436213602,164.0,88.0,228.52499999999998,False,11.338388321747436,1.3432477967425738,0.0,-3107.0234604055427,7554.338810197262,20201824272917.594,5.980302225409199e-09,-187.9058918866091,-470.12833191944895,125.98932339701521,107.27407110663478,671.3841595507766,328.8452789169013,1341.153804137063,-108.019071155484
131,design_000131,155,0.014154366173737323,0.01104105784730746,0.007290744216320538,0.049436148911751576,159.5,29.0,230.0,False,28.253750958630057,2.401784876357921,0.0,-456.22938379670614,1000000167.2362897,4999114915388563.0,1.517136988056114e-09,522.5283510412131,-61.3518784192599,741.2657502586578,215.90181731524402,43.96504277309568,-443.20723934073277,1458.3446463043854,456.4722320351394
185,design_000185,156,0.01415606572045871,0.009363578376705253,0.009601445434556965,0.04533252971591719,164.0,49.850000000000065,241.57499999999993,False,12.606778959043407,1.3476722067014204,0.0,-17942.837367649772,42665.098333514936,414773814.7844976,1.186744229186921e-09,1140.8123631697351,63.301377438374615,-42.325695342692185,73.90288312715776,286.3097016152506,-382.4955704700281,290.0375534170936,190.70529098135293
82,design_000082,157,0.014164096624049575,0.008694692029921349,0.010693785366608876,0.042302804833553635,165.0,45.95000000000002,281.0,False,20.301776345301914,1.760730771901437,1.381377668327038e-235,-234.85968756917882,923589395.9327649,145182652815378.16,9.988704481694287e-09,1527.1485040402308,306.2092439831928,348.7316435578475,22.058282820538594,81.71761999668391,5.720590254464511,1092.6018623144455,411.9556324996866
420,design_000420,158,0.014175109654789719,0.008020637736728172,0.010524856640614573,0.04159154148681142,167.0,63.47500000000001,368.0999999999999,False,15.152825911846891,1.3075065469883769,1.8435001175545998e-89,-88.73435683036418,318.5089265051606,808507.4418453024,8.62112204108211e-09,-120.40696243353489,493.22244215992305,-75.10944658795313,-249.3609069952148,386.52963769177575,-167.69812518900972,484.80678090149434,409.771939907891
279,design_000279,159,0.014191489804872016,0.0055465228094378986,0.013120981527828807,0.03536433880359992,159.5,52.47500000000001,476.0,False,6.497485500191438,1.1405829561584857,9.350230031307158e-250,-249.02917770462497,1496639.3477883043,30980680730829.86,7.555694986827998e-09,-39.6469460061338,-154.34556739415672,171.30173265626007,227.2946141951373,636.6806531327045,439.340053802459,1216.1337599685871,438.51686143706513
23,design_000023,160,0.01423587160390028,0.0070064543276253085,0.012252648158195862,0.03967171982285303,163.0,104.0,368.525,False,14.62895300888486,1.434992727263465,3.603295038501737e-132,-131.4433001763045,1546.763393754795,9685879.982406842,5.286549390580889e-09,53.50298039503217,135.78938846991844,271.74353035940015,384.4563717881964,525.3705214323088,341.6809327136274,13.717373605350012,-250.38185502111025
108,design_000108,161,0.014236845071455126,0.01131929211291657,0.007398969545875959,0.05028779411178549,160.5,25.0,235.0,False,21.471531110531103,2.104442992868593,0.0,-525.2538216592088,9532.664317376775,667530419.1715404,7.519421750490813e-09,-126.53813584883531,-341.2467747754652,311.84129563434925,43.74069298052545,344.55832576979975,-337.1744748374165,758.5966116554355,46.783605707987604
99,design_000099,162,0.01426305879955573,0.006678809699121662,0.012426872922818742,0.039239590857994715,165.5,85.47500000000001,405.0999999999999,False,13.66851866911395,1.63898335969897,0.0,-691.942600659693,10694.225774824232,22619837593.410885,9.823690842201926e-09,677.283590431828,-337.96136018518825,-279.0182782551866,226.60017626452122,58.42053160704447,-173.0076134803287,844.3790291828938,331.86350501299586
22,design_000022,163,0.014310891935111873,0.00854395547471247,0.010469259318900945,0.04277258541286019,169.0,76.47500000000001,318.04999999999995,False,15.902322899285222,1.89987498393542,0.0,-581.1379086664348,5958.966670597754,362051501.7761367,7.507146818586007e-09,784.8126427557736,126.79706106873621,-65.36443414047895,-601.8732709811113,-110.17729362375351,-304.27389458847426,-283.2073038640264,76.53900465843702
294,design_000294,164,0.014342376857347947,0.011819241499691477,0.0063161930116452,0.05102700097148786,163.5,9.0,248.0,False,25.650008213934886,2.085583862652221,0.0,-2243.677337668636,116088.15350395054,7295782537052.411,4.5383441036466095e-09,-140.89677158545413,442.1648984774749,253.80848474451682,-60.717038890285934,559.5975849573067,153.07195024055414,1198.4624412341625,-91.80463985311405
111,design_000111,165,0.01435675857210625,0.010765657252620846,0.007757986511136587,0.049272295270308714,167.5,11.375000000000052,264.0,False,22.956432024839117,2.055332934691247,0.0,-894.082540597313,9368.536571725654,1303267787.4997292,7.733993937010352e-09,367.95877086736516,213.94362281936935,377.25687319596943,-301.53483739094975,-176.09303351806795,38.91792056391917,723.9830192660112,293.1048926803736
184,design_000184,166,0.014396444136140584,0.01158335193005885,0.006692566743897192,0.0504443817004839,159.5,8.0,252.52499999999998,False,27.912925402339756,2.5292557835695257,0.0,-339.48038528619225,4854269.539346181,41327144988862.72,1.3210026175990683e-09,-84.66789407047023,185.72791373734321,847.2147696331856,62.511059733857564,495.20395592435443,114.90090735077877,1192.969233225059,489.974825621734
443,design_000443,167,0.014445232829803832,0.0077842122033269295,0.01130163543424515,0.04172966059114766,168.0,83.47500000000001,365.04999999999995,False,9.541555423808534,1.063700768054258,1.0909613455252469e-09,-8.96219063687498,148.32708909645984,10978.222300950598,3.829820750962444e-09,-15.74860847319917,-154.04229814694577,138.23045207664848,260.5469822081461,-255.1633447458255,349.7876242624251,455.5182478431735,-433.8806767743606
444,design_000444,168,0.014588436384530468,0.006080887498010252,0.012728920245719188,0.03644086763992515,173.0,63.95000000000002,461.87499999999966,False,21.471222048275443,1.5686424606010902,4.80501338687993e-100,-99.31830539803914,504.34338687868706,46600.00431352285,3.038204711562137e-09,518.4605720351796,-81.66763607730559,-27.18703914187813,474.22207007176394,-126.78469434901135,-219.9612747627694,-97.30763575187248,217.46729527406353
71,design_000071,169,0.014614693613327722,0.006638060464276901,0.012664613080831295,0.03891389880247893,170.0,89.47500000000001,416.1999999999998,False,7.050431063212673,0.8914992456565335,1.6070050186059934e-07,-6.793982766951972,84.84435747556131,540.1467445189244,8.252780332811423e-09,-283.41606855366103,179.1338036489136,101.36634916474186,80.2801367393371,12.123744165931143,-324.50470217051367,-170.84379178627947,-107.67393741028472
46,design_000046,170,0.01474802397987348,0.004779153399452603,0.01450340797604681,0.03386736740002193,171.0,37.47500000000001,487.04999999999995,False,8.354288071934423,1.000495605143411,0.0,-3616.2664094358724,542998.8417487631,24760761958909.035,9.560482946205658e-09,1466.4539270100436,155.79720648785994,1606.4966025596775,689.7977026251697,-16.324404309907713,-89.3395787163705,315.5915367960564,160.68877463118645
316,design_000316,171,0.014752000888753067,0.008996160374224715,0.010725301515744693,0.04509526159998154,176.0,119.47500000000001,219.52499999999998,False,16.88459752565343,1.3655656858570895,0.0,-1359.6548463927113,3274.540690030466,56982264234151.98,7.826046341961522e-09,10.911475705516807,-4.196401996529737,234.8028067593773,191.7159646256879,410.5946318536288,-54.568706742424695,1816.5890929902416,-125.87276045245228
75,design_000075,172,0.014776264757890978,0.005667833363272424,0.014231718087198286,0.036042687586986644,170.0,73.47500000000001,459.04999999999995,False,7.368835938314246,1.2134076419287056,0.0,-1420.8335865509214,1194740.981288828,21418135427522.13,8.972995904814994e-09,-101.35588145466033,46.18366438685725,481.56612759956533,392.1676756756484,1050.7607962282316,154.59483668434586,-69.86515335935053,-480.31264790112846
258,design_000258,173,0.014841888915088863,0.009478754823707254,0.009930487424002099,0.04610869441946004,178.0,78.47500000000001,257.0,False,17.63426108500273,1.7805182277941036,0.0,-313.3338021012451,5137.870645848296,8237095.4013059065,1.5473441765160792e-09,-458.8895847342839,-69.8328536459108,106.71630883991588,-7.695728654610335,256.3448236570537,-537.9075691507825,671.9477979211302,260.58849218819813
149,design_000149,174,0.014898897799616886,0.01128034461146779,0.007188502776616525,0.04902594504557311,175.0,11.47500000000001,269.6249999999999,False,28.5529600481123,2.5190876091853043,0.0,-12863.062823117958,4836394567.5525255,1.784986302944326e+16,7.314225440432501e-09,816.2667687196587,127.49634035652873,974.0969146633412,609.3553885084386,1467.2894627555418,388.32275721086523,209.87652949191704,-53.07740823320674
320,design_000320,175,0.01491080682041503,0.011978568522439052,0.0069369316016666726,0.0526571687033738,176.0,18.0,254.52499999999998,False,21.77200087878449,2.182281846912366,0.0,-688.6902982572338,3560.038233999469,26423598064.492874,7.2123858900448095e-09,-132.51292660958916,284.925160218203,117.82354662852838,63.7706422967644,414.98663151625476,240.57830969854214,835.5577162736287,124.53692902810658
259,design_000259,176,0.014933368843223532,0.00810882001146555,0.012111350848781,0.042525048541047106,181.0,92.42500000000003,302.04999999999995,False,7.9686177840836345,0.816887904269802,0.0,-4635.799464537137,11160.229994262163,5300254441613.175,3.910421091217322e-09,-309.7551105278745,-39.31135579155049,222.44852443695424,184.26969676554918,304.28857363279405,-256.5165600658491,1574.809038692853,118.58204130774773
196,design_000196,177,0.014936086085432497,0.009952254134530263,0.009644367012768055,0.04879318712922038,176.0,97.47500000000001,220.52499999999998,False,18.489997513339585,1.9650354839353077,0.0,-805.9598684535083,2354046721.890104,4.217790527646159e+16,6.236458495684145e-09,1533.5263751856262,-216.6676773831087,-90.23317202818993,163.84209494090354,831.7128467475833,186.9293903446848,432.99570190956194,318.6936373940111
303,design_000303,178,0.01505372058174944,0.008618684048435478,0.010522917327766898,0.043426241352777124,181.0,69.47500000000001,319.0,False,11.00481691064908,1.1860195258780952,0.0,-3811.1689545402405,9166.122131111444,13143622148682.89,7.421721391942708e-09,-139.90478985532738,-455.50353846973337,177.1655793835906,-80.93561515805078,562.0865619081056,393.2313426144277,1457.054516690364,2.463844377257743
80,design_000080,179,0.01509852172219854,0.006767536361940612,0.013450856755609577,0.03969505766891905,182.5,105.47500000000001,412.0999999999999,False,11.98099814535033,1.3277373571301982,2.4718296176025515e-183,-182.60698146832644,591.8968713955758,1802478.3200329223,3.0327535512574574e-09,593.2798644902313,361.18109716281356,-80.38165133756564,-474.5417988882787,167.55933713567495,175.36139423440102,15.680472526869323,-53.377040925968245
269,design_000269,180,0.01511661386811652,0.0057057867957668205,0.014155832514109618,0.03568048072496919,184.0,60.95000000000002,472.525,False,5.059821170438342,0.9973224968864408,0.0,-2033.554745934454,141422.76584741747,11773450816823.162,9.420656079082143e-09,-184.58458774451475,-19.90841455690493,135.77347730454287,-96.18008306990318,441.8176878769702,-250.25763803250223,1184.9994093309858,121.49558758348707
238,design_000238,181,0.015156734091217611,0.01219263560466197,0.0068137613920137025,0.053790662770170736,179.0,11.95000000000002,277.525,False,22.103446216634353,2.0890670151316684,0.0,-869.7920977492083,1017554.2534768061,163399291595.53174,3.5280019444826387e-09,-467.4208739781034,45.60175040651903,262.75153299380185,339.2437115735757,431.54999757935906,148.8035800728373,905.5171339384586,212.54513967728852
227,design_000227,182,0.015166060288726255,0.010792644048836644,0.008387196990286828,0.04934657034218901,182.0,37.0,282.57499999999993,False,17.645396326069633,1.8658531570573131,0.0,-597.4900828032443,18885.30058392499,4817647828.642846,8.111658755852852e-09,-228.63769912687246,-324.48035104888436,212.29187739655907,-306.55764781328946,372.3218188733915,281.8330690550018,807.642757357101,227.96820694645425
157,design_000157,183,0.015207854648667179,0.008136323175052165,0.011972194077004134,0.04359254025830274,182.0,116.0,336.525,False,7.489992212763526,1.0709283329612866,4.0057385223904205e-276,-275.3973174030178,2860.9758144098655,119118522.57349369,2.113490004733255e-09,227.425172553072,-256.5081538878206,273.2910416317008,358.18045024827154,28.48544041459407,-69.63799167972626,659.9282962341191,444.3703278992667
274,design_000274,184,0.015233735769808018,0.009935793326863807,0.00970418346248673,0.048342429834969114,188.5,75.47500000000001,248.52499999999998,False,22.830697152845975,1.8029403090095597,0.0,-2112.20163131874,16706.772940975436,19654518702059.207,3.840198461068761e-09,-407.1082122371125,-46.84260533630014,87.64729437929695,194.4212177554416,417.63535578826895,159.8731455996754,1184.4254297500697,-5.690253257117371
297,design_000297,185,0.0152783348162617,0.0061641995213156985,0.014052501307086449,0.03784212616971447,188.0,91.95000000000002,433.04999999999995,False,3.949343025747141,0.7343073627781203,0.0,-2822.52011487002,6804.965712824359,20423088616315.17,9.493150995804316e-09,-192.50756522027083,-145.0420099255737,193.63913261184567,-239.31124250378085,447.36625775596104,-400.6177809029117,1341.9203010115014,217.6743699153934
106,design_000106,186,0.015281156421770359,0.010290783789547245,0.008996135491617237,0.04863319768615198,187.5,57.95000000000002,258.04999999999995,False,28.442717458961777,2.047644188046851,0.0,-3496.560560981309,8397.370366859228,26602623502067.793,9.372923270138915e-09,558.464604203528,58.86889231984269,1416.1330313826552,14.744749199623037,105.4546061236862,237.3690113947721,148.2958095679222,-264.9394872526219
213,design_000213,187,0.015368033988198223,0.011243117482111221,0.007671939595005297,0.05067371192965547,184.0,23.0,264.0,False,23.42775955658492,2.244220466041677,0.0,-13522.446105989324,76083.46261590981,54560686.0947459,7.935692104592279e-09,172.2535759460133,-105.18511204709733,993.8705260835785,327.56729490406235,363.62381527396224,-296.2570201832035,713.6728147517761,267.24505821957786
51,design_000051,188,0.015373854719571206,0.011350952367291386,0.007710370847230692,0.04895871045062189,191.5,17.0,277.0999999999999,False,31.31738810081065,2.7372000385917077,0.0,-14716.321862306786,8209365.828447631,4534175755210.14,7.099318257940902e-09,1011.96488775165,312.6252210812303,639.6712732496602,-29.913029021433502,142.04952330916748,-21.002888933811303,985.84424934403,-27.1277457105811
160,design_000160,189,0.015443643355812851,0.005737891433682962,0.014379175586574502,0.03662052125688399,186.5,74.47500000000001,470.0999999999999,False,7.213161931709992,1.2220538212378589,1.3579220298279165e-196,-195.8671251659816,9054065.784291197,19022917224197.99,9.826200500241185e-09,602.1621003239677,429.4882958203771,-299.1401198542801,-377.1754531827313,1061.3934148809183,338.17149128835996,-68.93049962524552,-17.211054904099917
455,design_000455,190,0.015467126007264301,0.007770089992240413,0.01186668425760983,0.04186530122021114,194.0,77.0,422.0,False,12.763274370035777,1.4553228608181707,0.0,-405.9520645491056,3290.106882383036,526206414.0325209,7.64336310421774e-09,58.846573049407084,455.6691072984322,-125.71555520931554,-211.10084390419803,640.2445355803884,-569.2324162375401,724.5691499682871,349.576825764844
114,design_000114,191,0.015482301993804255,0.012705284811648957,0.006655256907042558,0.05450675684265177,190.0,5.47500000000001,281.04999999999995,False,30.05099352091433,2.4730900729773553,1.6825203213287797e-237,-236.7740396817027,3791013.673811568,2030954909237.54,2.5173297519262356e-09,1197.332655573754,454.29298539377265,319.89419394797994,-266.24693041880715,-392.8050020429355,-445.52036837896003,682.4791528926289,162.15579241247798
285,design_000285,192,0.015508693276105153,0.008446894237171198,0.012095027629586736,0.04480750813093109,189.5,121.47500000000001,297.0,False,10.718443415401602,0.9300960204686252,0.0,-3853.529680832856,9288.943999076208,39457572210444.55,6.367728849323873e-09,-149.96633896840422,-330.64745425224805,174.79330299428068,208.12124795288653,460.28583240815783,-295.04566524122816,1487.9706739088083,181.68673705270265
311,design_000311,193,0.015582789677332244,0.011219767603805098,0.00802392290515904,0.050504081620747834,191.0,35.47500000000001,254.0,False,28.60230970135207,2.579618466837809,0.0,-12927.281587510957,31180.108262238115,939925805.3772346,1.047685589668364e-10,-81.31637877463099,188.6153483260639,175.11633083338612,-442.4967781483913,669.0502725476448,168.99981998917502,978.5710419301903,213.0219199978079
319,design_000319,194,0.015599246128629299,0.011784330390689216,0.007625597302128229,0.05283950614042045,191.5,35.47500000000001,253.52499999999998,False,26.631258879864316,2.1731706010431893,2.177874931777018e-278,-277.6619670639736,1878.263012742408,14857119.676741505,3.839788092391422e-09,-117.07547719450827,238.47368006717193,161.47393748128718,-279.6339136847188,391.8034389798827,-101.66745401092572,656.9200879582099,171.24421327798865
254,design_000254,195,0.015619168302249195,0.009918831735527484,0.010228483105810449,0.048030194155626954,195.0,91.42500000000003,248.0,False,15.10377137288067,1.2365884909223899,0.0,-1333.5937132600468,3217.9520441987215,66228882592368.875,9.046197513796256e-09,-3.012392845097068,29.004917049388617,182.33115139395082,-391.4646717456191,366.99929893145486,-36.51585399173192,1903.7910091968372,222.00209324937998
103,design_000103,196,0.01562554379889669,0.007571832080869315,0.012880895644051512,0.04306601811660757,194.5,114.95000000000002,370.57499999999993,False,21.01757157899426,1.6532465091497919,0.0,-4769.692867208962,11389.21861408904,43207083677465.625,5.4093252773302204e-09,-299.0889066161456,-304.1190863225244,470.33800007356,216.84466806675607,14.583244081460933,125.30552173008809,1623.2399332585346,352.6018291168342
211,design_000211,197,0.015670075779157012,0.006699475969645444,0.013951429493189218,0.03946554559929214,192.0,108.0,397.57499999999993,False,5.006691857116583,0.7560618010457107,0.0,-2226.8548854325886,5438.560628196906,9437007620096.49,7.02220187202197e-09,74.14516674148159,-58.23895064751612,1253.4355686778329,364.5918349344756,-93.7697777640851,-514.4213027008616,348.54114394732295,385.76179223845907
73,design_000073,198,0.01570482714599682,0.012550223404492024,0.006600758779352526,0.05441645751668151,194.5,6.47500000000001,292.525,False,15.625147981239904,1.7766140450948238,0.0,-762.373073878109,439408.6386403956,24420469039.69936,7.837946312418897e-09,860.8042544855882,194.06595248519466,390.2708733244639,384.39034150932895,-404.37887619328376,-452.4650398497271,306.58630099307493,30.351857380103475
499,design_000499,199,0.015721052224928294,0.007928127641349857,0.012638891297247372,0.04384263816187609,198.0,118.0,358.67499999999984,False,6.529167572884914,0.7983636741404706,0.0,-643.8667041881148,5856.95857812664,106526729380314.22,9.57296376851754e-09,288.19578282181817,-95.88148996079053,1931.9104928742117,-673.6694390072594,681.716705357494,-602.1612552212457,-99.73983839719142,-22.536346735131474
268,design_000268,200,0.015815796123632014,0.009622189681603823,0.010611878746359125,0.048281001343710224,198.0,112.0,265.0999999999999,False,14.784944106765472,1.2963824454940418,0.0,-2067.867605918278,7306.957936305494,12913068801858.809,9.83226404486231e-09,-172.37696002556237,-535.9483521182898,106.16706349475662,23.891536912443556,431.3481113296617,-55.026005886855536,1234.8080242768117,465.0499194620871
246,design_000246,201,0.015833027510687808,0.007767244094741308,0.011851667806385913,0.041104598881990716,203.5,64.0,443.6249999999999,False,29.269613625206794,2.2506294320700038,2.209501606237965e-151,-150.65570567838319,546.9469241270195,1260775.581307769,8.224203415411899e-09,-190.6073786621812,-185.98120179630732,150.14677701883238,-171.89753632323036,574.1702575817952,322.1117635536685,583.6670197976434,70.82383184467797
125,design_000125,202,0.01583505015939057,0.010434317437927977,0.009313483359842372,0.04874653481116287,194.0,44.37500000000005,336.0,False,27.184064679529136,2.1540322956513918,4.249618585248747e-114,-113.37165004730385,5065.6391762445965,138613303.68379274,3.7227441635300067e-09,193.14528546271555,-150.93742180272955,688.1889439541947,460.19271497782313,-55.62399109747666,-321.0084169214523,606.37764681063,216.93221222172895
33,design_000033,203,0.015842438620939654,0.011018258640898474,0.008797980815616146,0.050776718296220984,197.5,56.42500000000003,255.0,False,27.099555046578274,2.421369476171003,0.0,-331.42219408016575,759466.4715581342,6251550342720.781,1.0452123721701124e-09,139.99570653331216,-534.9193660718087,1194.8964593130918,-101.27051718096078,699.1083934671836,130.75971058835552,-347.67189721795773,97.72343137174526
498,design_000498,204,0.015885117805624516,0.00819164591717382,0.011845759576321922,0.04389921608707014,197.0,95.0,372.04999999999995,False,19.39445804121402,1.866560879079294,1.6020523117065108e-80,-79.79532330703171,228292414.627768,42179518852070.89,9.102004703553072e-09,-33.4492171836589,-286.8956291741423,-149.5966106607347,687.1067978327346,1320.2504980039505,300.7745933156384,1067.6568395078023,257.55232584900773
452,design_000452,205,0.01598359387701483,0.00918554636628511,0.011372760649461215,0.04629749492112149,201.0,107.90000000000003,328.0,False,18.337042359311155,1.825291360559203,0.0,-366.86446316354915,2206.0585308271284,11657190.843783135,2.599021870139681e-09,218.83101849079628,387.8613659008374,-327.3704184154607,-594.5487847311276,-149.74127004011916,13.534215646567873,698.5196001658803,235.8089234233347
81,design_000081,206,0.01599103360418398,0.012657977676508152,0.006734757728328868,0.053607827707002474,204.0,9.0,286.0,False,30.164209399350224,2.716295163569298,0.0,-7249.624008722964,398576.6380060871,664975358296.5724,6.7021437038648365e-09,1121.967343950186,179.5148555704742,351.3093970188313,-67.45389520199966,752.1573331758007,24.08525577568748,-250.42898970372158,-604.4524788050167
237,design_000237,207,0.016021413736621255,0.010004440793299568,0.010682872860436793,0.049886054266165394,200.0,132.95000000000002,237.0,False,18.789434666278265,1.6332914450943279,0.0,-4814.708837309382,11508.824885068248,9152750092921.357,2.5032766360548915e-09,-396.4385893669429,-278.7570802550287,201.59861797071304,198.59828058286232,541.9019098739459,279.3603542191776,1630.3696678325648,367.8279506448389
102,design_000102,208,0.016079915098042435,0.005755988301851425,0.015072590440361586,0.03765834584513991,205.0,94.47500000000001,471.57499999999993,False,4.96430993044488,0.7208883669459358,0.0,-5309.10604693728,12682.95118805005,20623986512501.6,9.41881867355729e-09,-89.57631346667102,-477.8139744421329,195.00663020671868,115.76634528534207,-31.299386492053923,-104.77928151112023,1680.6096231712065,353.10892165443784
248,design_000248,209,0.016143922148718987,0.012246851541952574,0.007586419497240464,0.05437893555386303,205.0,26.425000000000033,275.0,False,30.164378176706514,2.5048875669729624,0.0,-9913.849655184275,24150.267846140938,2978929.3117110617,7.576104319036087e-09,-24.403384033114015,218.24461654222335,321.6254516756304,211.47965087608463,608.7667501617294,61.72670915043562,869.2735549612502,366.7207412954454
345,design_000345,210,0.016182055261924108,0.012082273206116443,0.008090929749019116,0.05381577583314413,206.0,26.0,288.525,False,28.564635480092807,2.4468156635822496,0.0,-504.1336003754391,28471.494359978213,13110889277.836626,7.086353130741873e-09,-109.0622845544108,-443.7652772248051,239.7102547698714,249.77979778065077,584.8931265558684,-39.39772656289353,802.1597616226081,242.69220394640882
244,design_000244,211,0.016400240290282583,0.009594535773494983,0.011748479199519725,0.04872966473089316,208.0,127.47500000000001,279.525,False,10.06053873086312,1.4105003644613947,0.0,-10049.35422147969,24508.738980705213,16849765.680564817,6.985650338598452e-09,106.51940437914844,169.46217514851395,53.59359969813504,-424.5305825442281,340.2658716758234,277.9040754363451,874.2681103360459,273.72749054679673
11,design_000011,212,0.016407038095330007,0.010489395444956093,0.010099133870347193,0.049867400391212534,210.0,74.90000000000003,281.525,False,11.53112834023089,1.3969590449338891,0.0,-11595.79590538049,269612000.5766155,53037786010175.3,9.980665861260645e-09,100.0,350.0,700.0,350.0,1300.0,350.0,1900.0,350.0
327,design_000327,213,0.01640859910275935,0.006870654481452617,0.014761941674308431,0.04155187056967557,211.0,134.47500000000002,407.57499999999993,False,5.269114826280454,0.7300131855924509,0.0,-3693.029360677861,8857.69891108666,39434466130516.91,5.854841912407281e-09,-107.36954668648943,-248.49130779031387,169.61025954846906,-83.24548703154898,319.5960238434334,-372.7358731268432,1497.4260563365826,404.3222567747274
17,design_000017,214,0.016452791077572797,0.005423187513237651,0.015445076594699738,0.036022652278787565,216.5,53.95000000000002,497.525,False,9.524061887293485,1.0978044512472656,0.0,-2397.0374626336647,5840.506868678142,26196619730129.18,8.95214497736955e-09,183.8552691569037,-46.20808190012461,1270.251410054752,240.79053477895505,324.69799055417207,229.1971029016826,-208.8118589287703,-221.77791781017294
89,design_000089,215,0.01646815435086753,0.008155907804284827,0.01331682528016057,0.045273123353855936,213.0,162.0,328.6249999999999,False,3.9436018573560303,0.8174778196117272,0.0,-16510.935812189844,39379.940914511324,61324275.09036187,7.058396721160274e-09,1097.2251517179227,83.89649565226622,3.576438839544693,-476.0715800746754,-310.00296535805944,-39.98290257389344,-244.84179042912734,-434.8118568579348
197,design_000197,216,0.01647098969867907,0.009862918829398203,0.010634674716656257,0.048824686688883435,210.0,105.37500000000006,282.525,False,16.226869776262927,1.4598959413015853,0.0,-2560.6294451453964,455373331.7389023,28978114994218.047,9.99014229414083e-09,466.62566072198956,213.6451881974331,2006.4405234338672,239.93356383845708,1309.150213414733,41.740414069791534,1498.520192503389,727.5313516641613
26,design_000026,217,0.016473843888580867,0.012608874717234562,0.007543194229570114,0.0556987242636931,213.5,13.95000000000002,303.0,False,22.24483304373078,2.16438195479061,0.0,-9924.646965067668,24225.436482830977,91659231473119.42,6.833128385126376e-09,449.8414478019695,175.32105367104018,869.8022086217841,80.14584770931121,-36.4099261841495,-391.2406677630899,1985.6956569549766,396.1431354328321
471,design_000471,218,0.016517689014319593,0.011673409557863165,0.008392918664426947,0.05356744412836173,214.0,49.47500000000001,268.0,False,29.07830215210463,2.5779814489932273,0.0,-8460.224353539594,26184279.766773127,7760516537.379435,7.930437713923401e-09,1205.244523552528,480.64315255479323,1201.0842972711807,-257.66411347602286,978.1864857779224,-53.396441166817,771.8095944963909,282.3090775506498
199,design_000199,219,0.0165461512799128,0.0057999800650271605,0.014426707335066765,0.037755818470952204,215.0,86.47500000000001,485.0999999999999,False,4.717420104681783,0.7242114541702895,0.0,-1074.4779429047005,2590.572658438257,143016296829073.8,9.152227663333757e-09,75.66198617805875,159.58248397821586,1769.269798648057,130.73424919255797,-135.00196827381376,-208.6544794946912,-257.9739657919986,64.6899710708525
174,design_000174,220,0.016690173170915965,0.007709052141668041,0.0141826794608473,0.04378189414136419,215.5,119.42500000000003,366.0999999999999,False,8.601106001663549,1.3987886835794072,0.0,-424.09882235861477,1000000083.1877267,722228463263024.1,2.9938356487061062e-09,1087.714415571335,85.8904234045156,-332.02286217306585,60.70163108152458,1477.502186806075,360.67253126867894,817.7707787323976,475.55398565822253
188,design_000188,221,0.01675188384254865,0.010296399649280818,0.009903873632860365,0.050029756474450876,217.0,64.47500000000001,307.0,False,9.660611042219458,1.3161868531672745,0.0,-655.1711562157626,1005587353.09261,7245497149247062.0,9.835823050905846e-09,1391.6297810165393,-398.9577353838275,164.6536975572751,240.48936951838726,1592.0146590372701,296.7380587938328,909.608935635277,160.91466400353215
127,design_000127,222,0.01676334515362977,0.008243103737728075,0.013125849707388705,0.043857194767041155,217.0,120.0,398.0,False,12.660334145428632,1.6482112210318214,0.0,-929.4301163776139,21952.61700162965,10472186249.768885,9.928551837014143e-10,900.7876234360525,-42.0053590299957,-183.53158245082327,-244.8528032072254,-355.54749835920995,-646.5294991744051,661.094750098626,404.6404888734686
296,design_000296,223,0.016782734204703748,0.01062147891891548,0.010410356948480848,0.050986945063276924,219.0,116.0,249.52499999999998,False,12.064028864284662,0.9998460041880414,0.0,-2759.8890659429067,6732.185097957564,14830453425618.426,2.4297772230455796e-09,-291.99116307190326,96.28025140279979,233.551324665739,-222.0857547209319,343.8886459304683,187.6386701058072,1363.7762234299678,471.6812426000917
456,design_000456,224,0.01682403705092719,0.006942858416929022,0.013911371712430983,0.04100422145735033,222.5,92.47500000000001,476.04999999999995,False,8.727791977953846,0.9624684555361649,1.1372259392701574e-09,-8.944153242937437,260.42153568266633,2402.4532712501,6.772924788778771e-09,-174.64800731456245,585.9008165972691,59.89185978832211,-150.40727833520742,-259.2948070432917,8.026200749891245,-187.13880368548243,-232.36943268216265
37,design_000037,225,0.016901381769850822,0.01295518209481084,0.007219912550526914,0.0566864376373743,222.5,17.47500000000001,296.525,False,22.758169359204032,2.1679043296071017,1.2512755183445155e-286,-285.9026470524791,905679.5944512931,312970145734.2789,2.201876432132607e-09,570.2291596186928,257.24347604301306,9.141690086297658,-521.0628725130323,268.2768503488426,-93.3872135554503,895.110826781293,212.50158934316326
115,design_000115,226,0.016907103003225458,0.009006951740872947,0.01271034700684557,0.047727908159356985,221.0,177.0,292.57499999999993,False,9.771116998575788,1.277165534628254,0.0,-674.9317104719775,61000.84742190206,3525167526.923819,6.327048558221362e-09,829.0097545568027,244.0421569049752,96.30849261547053,-35.37839063283174,-114.40381359058532,405.9476642622856,-361.9413132299388,154.03800993507966
135,design_000135,227,0.017057034628721737,0.006612721321211927,0.014955504902743508,0.041380329555072384,224.5,98.47500000000001,463.0,False,7.670956705203261,0.9840011884345896,0.0,-875.3146636403643,474234622.4954714,64316441345248.09,9.937775833332014e-09,76.32465154718689,-178.43846225148633,1658.7243675074862,700.8601590515457,1009.3556229341206,181.6694928026426,-234.45724692514105,-347.5496657806311
328,design_000328,228,0.01705964212980085,0.00643436709769619,0.015963225657404868,0.0410089106974194,223.0,122.47500000000001,425.0,False,3.348836117912772,0.7461065419530811,0.0,-2935.677558888588,7088.519020268931,15877722947904.459,6.382940490854019e-09,-469.5080761516906,-552.2576923947602,-26.508630607130897,8.74508492496581,316.2373610952224,288.50876152772025,1354.872882381226,178.01954517829574
76,design_000076,229,0.01708185449297515,0.013236404472990052,0.006944284406631138,0.057072514658312555,227.0,13.47500000000001,301.0,False,12.175551566083438,1.5578067180145794,0.0,-12197.067239212094,36873.61461818858,77025353.15634786,6.708262545467721e-09,943.7768255442751,105.21052617922354,817.5431624422966,476.92542681117175,-413.95241016690363,-778.3300676433856,339.3240956562953,80.0853039613482
7,design_000007,230,0.017215629140788637,0.009539825129769234,0.01213953678170912,0.048714448946802484,225.5,130.17500000000013,328.525,False,25.121344226701876,2.2927155489022892,1.516706642956604e-220,-219.81909841108234,172328367.070431,13852632310347.047,9.993257059386145e-09,-200.0,0.0,300.0,450.0,800.0,0.0,1300.0,-450.0
181,design_000181,231,0.017266522513118644,0.009242202029532187,0.012279554340718342,0.04839435827435412,228.0,155.47500000000002,316.57499999999993,False,5.9452612871903145,0.6429238547525086,0.0,-3375.532082625956,8136.592576150357,50786352939497.29,7.361621580460059e-10,-111.00154464536675,-384.419222331888,228.08970551956838,82.01670319063192,1460.383230288386,466.81911886728176,12.460490869221239,258.9812030047637
273,design_000273,232,0.017274836402629425,0.009356428045744433,0.01266576288496533,0.04812243905271243,226.0,147.47500000000002,306.0,False,22.571015974272246,1.8147284701854682,0.0,-564.1994449974449,1390.6206857989637,40401073196985.11,7.230224328963438e-09,-253.1773377091538,114.07958108243723,112.15350800914965,-50.59501719892365,535.8060959467693,161.3452425433714,1654.3745466537418,732.9759496467651
128,design_000128,233,0.017285097726270945,0.012135009128365114,0.008109802632846632,0.05451219466466157,230.5,31.47500000000001,288.525,False,27.195682498496417,1.9856060762201053,5.391041812992373e-111,-110.2683272997645,520.8619389650856,129437.50322867442,6.349141598199661e-09,-280.33983882675795,-609.6153232798165,119.73702563955055,-55.14499929990069,560.6918181930089,-66.67124655852001,536.0195144254423,-491.95380202310895
110,design_000110,234,0.017324305080406516,0.009245963607388177,0.012426660734434755,0.04751152552699148,232.5,95.90000000000003,354.525,False,22.25932587121344,2.1143929986248295,6.287836498239882e-262,-261.20149875972237,10031112.81654833,17452272509967.375,9.599176894216071e-09,623.053426784008,-124.19812472576635,-187.09365101014805,43.74677563649482,1089.4577665727145,42.62871766037462,384.0081098821468,-48.27392518503342
214,design_000214,235,0.017433408860232563,0.010549663744604936,0.011149235951375349,0.05187433613910751,232.0,133.47500000000002,301.525,False,11.25244247989926,1.4752321104056825,0.0,-1105.8442939197307,412562667.52340704,9145917546872.441,9.986507529221309e-09,-361.23928259209197,-35.08951657063221,821.2991570737393,191.68803320371717,1635.600069259166,-393.3391212511657,-305.7237781857057,270.38219732349455
163,design_000163,236,0.017473981947816,0.010652186020247064,0.01164678149178511,0.053055905871041024,230.0,100.12500000000016,317.0999999999999,False,11.653063121334617,1.62068796395224,0.0,-12675.725042784834,30543.949689786717,1720489.1473860694,3.347795680418388e-09,970.481355846634,235.60904493543714,538.1499710285215,-468.72392003609247,480.1585283530012,354.2916422179801,183.93866355370622,167.89682524790837
152,design_000152,237,0.017531644990702765,0.010547516203053931,0.011424024853363418,0.051342521449041764,232.0,114.37500000000006,298.0,False,14.477187722321881,1.283789282611103,2.854466726373302e-51,-50.544475015062865,255.38117370109734,52081.14024242502,9.566881974686211e-09,303.5162758922755,-68.84052306019072,449.70608916598616,406.0979822341826,375.6103895589145,-510.68963728455583,27.169869067752273,-37.02752091442161
378,design_000378,238,0.017581599592259477,0.010743918506578026,0.01120524763849381,0.052644708943471556,234.0,147.90000000000003,283.04999999999995,False,8.201281613034158,0.9853041268970828,0.0,-8411.697889089899,20741.025887912503,253357.68862856567,3.0558102398830733e-09,424.76247232945485,-461.7542678399592,105.87689278150225,-136.01283992314484,221.81926152987862,165.2632377456173,806.8548124040249,521.4777226475736
427,design_000427,239,0.017651681816770327,0.00699742795485928,0.015364333821938372,0.043197590219603774,239.0,124.0,467.57499999999993,False,5.626314244526197,0.7679091547901148,1.3245255314128807e-10,-9.877939665871951,112.5187739484309,57021.675703468034,4.4936273763165865e-09,-52.60110117073384,-306.8684719127375,133.83345258719618,227.8331126305054,435.9254473726246,424.0378389266384,-337.1904759513201,-34.547671795047336
92,design_000092,240,0.0177128330147384,0.011919946602912812,0.00886793158899344,0.05435223147466146,241.5,50.42500000000003,307.525,False,8.658396879994942,1.2741627777475688,0.0,-1070.8443183260079,1933806.041450993,327748235920.90845,5.516324844684086e-09,-530.0876927490625,-52.12893809976965,948.4442164152802,99.0169645155458,204.89274514123372,-16.715651266765732,628.0073168981766,-455.8512053455652
277,design_000277,241,0.01771383746298619,0.011972161880286263,0.00924635807505566,0.056109350066107275,237.0,67.95000000000002,296.525,False,21.5713862819559,1.852585862395182,0.0,-393.59730222177785,1569.0192368796488,345954848.48726624,3.8986701649098286e-09,-385.6930328869397,29.636202625799292,102.28838568857213,163.77564616895455,355.375765760952,178.11601875219964,735.3293343786295,362.73289478821437
172,design_000172,242,0.017757857749547266,0.008001419090840081,0.014527320198945828,0.04580871407104988,236.0,164.47500000000002,371.04999999999995,False,5.24355640701115,0.6677956389441819,0.0,-6177.804633899239,14707.525268007576,20589025518869.13,8.469750152385172e-09,106.19658659129522,-143.19257883437223,158.9839100175834,247.98125129453717,-375.79082528781214,178.47983108723741,1711.5917902616068,-13.411837795817817
295,design_000295,243,0.01777767786563969,0.008400925826229694,0.013881768684759384,0.046646584160253364,234.5,132.42500000000004,417.04999999999995,False,13.127374761314186,1.7597215326303939,0.0,-670.146374766667,6960.299124473334,939372318.9236648,8.25407301866865e-09,-215.2335759511091,-216.67146696883515,-77.97531795403009,77.45566040080935,314.4068232663884,-482.5203694389417,815.3736768497349,83.38844211695535
348,design_000348,244,0.01778086446193349,0.010031104533787263,0.011865470758247827,0.05100078251221031,239.0,171.47500000000002,304.525,False,5.198392127065385,0.8326965586672853,0.0,-1147.9035380065716,64482.95083289116,14978267599326.182,3.762211129035283e-09,-198.75632820169406,-334.792637154765,23.94762238052961,-481.05440960042563,293.970460464168,476.28941779617026,989.8618970418142,288.9781157272228
187,design_000187,245,0.01786590615965444,0.010206094868999004,0.011871460027760607,0.05128318065303657,242.0,175.0,286.0,False,4.610028943476856,0.726452014824735,0.0,-1602.2076137235078,96506.83856472054,32252371946889.035,4.259151711977493e-09,-170.79375429622968,245.23761995442365,-280.6840961247134,-440.6202529408441,1118.443274291884,361.8396527533067,-270.4823268868378,-3.3998735271262035
257,design_000257,246,0.017997620150201298,0.00924440204646943,0.013108999771948982,0.048639248718399405,240.0,175.47500000000002,335.525,False,8.302297666995399,0.8153096676532398,0.0,-5306.482085966562,12656.94288853646,20889401289963.336,3.1264754934330247e-09,-173.75207892293636,-410.40816992279224,183.86074449559618,-5.532567268507554,452.4630514468944,-185.35994224704757,1617.239864169715,-82.02448253316561
170,design_000170,247,0.018004149485048453,0.009681777794009127,0.012853356029622088,0.04988445914359076,244.0,136.42500000000004,351.04999999999995,False,10.814784237880408,1.0212680871539923,3.5791546785558746e-21,-20.4462195325148,203.2672872650292,4136.630126453529,3.0844765534872357e-09,306.0352618587329,-489.8447069753083,327.16835794131293,28.18986933452325,103.88503678446949,418.3607674491365,-207.13930669713977,-30.54894642585448
191,design_000191,248,0.018005111649726246,0.005084950208704724,0.01726465279326989,0.0373465192938402,244.5,59.47500000000001,506.0,False,3.003228291499239,0.6925367628250566,0.0,-2415.152893295145,7375.341581067902,22477236726180.273,9.374933004776384e-09,-200.68425060066542,-188.14332961363854,1405.0558501310638,20.871068000107186,1265.1575278272649,410.87012611771434,66.73233395646575,-19.175522622461443
129,design_000129,249,0.018087713210243113,0.01073527642655072,0.011103645532188103,0.052211163543037876,243.0,129.42500000000004,299.57499999999993,False,12.256767267306243,1.1503341285260742,0.0,-2097.676581177959,58892499.82387403,42720771982705.25,9.396261662756275e-09,1246.5461069409805,181.10935153332065,-119.19194426335235,206.6225275656857,290.4982369690283,234.24581109995998,1571.9772146265439,841.0230228948283
436,design_000436,250,0.018133230932371756,0.011080956256216967,0.010687035316776915,0.05260971999991649,245.5,96.47500000000001,311.0,False,18.672015332827485,1.4489022840441035,1.9370486601264113e-29,-28.71285946933822,454.76913940833975,127494.80889898994,8.910355109394132e-09,167.6691170496124,-408.0925522222633,465.5442640452509,-415.0548832215842,34.30657122352363,29.38861581558001,470.72379520689424,-105.65103872381991
489,design_000489,251,0.018135679387498372,0.009122746329529327,0.01297258316258812,0.048764969003419444,242.0,120.0,361.04999999999995,False,10.114989367154669,1.558779138199037,0.0,-9466.34405432762,20218851.833281122,9553618598297.588,9.901997164875948e-09,1171.3083157386534,-187.01118699712805,806.6696181909539,281.0291892893973,1328.1444263904025,67.50671329031093,1616.0877984608296,-203.68022331583848
63,design_000063,252,0.018216464400809117,0.013301922238666618,0.008084278796973949,0.0583397485963172,249.5,23.95000000000002,320.525,False,29.504541392299767,2.410731676754136,0.0,-4929.538971969208,13240.884331854417,10660726095253.238,6.347821358027303e-09,587.43001365164,-262.59100371376286,1776.0081273297237,494.3432744506227,662.1306859350843,69.84183655818387,771.831480332839,449.1227416416592
159,design_000159,253,0.018224870073830862,0.010853254321307428,0.011324458070239001,0.053507842607228094,247.0,156.47500000000002,276.0,False,14.010231205344919,1.2080346087036578,0.0,-4463.5242378136645,10719.507218027566,5695959933302.735,9.588437529411386e-09,438.7255294357035,-136.1451030537021,-329.2289626742179,51.85620495086222,541.5304693307297,490.755899788534,1558.0610107244133,141.26771656157624
302,design_000302,254,0.018342085632292816,0.011573418125612953,0.010622805634836982,0.05507856430809306,251.0,107.0,284.525,False,20.782580373285334,1.9668354953111666,0.0,-399.1814953125049,4699.328406494877,419283235.7991824,2.3116767909950247e-09,39.87395153415849,-481.9770879884953,98.05933297916746,127.3545431668158,464.4616090641654,277.7965941869102,758.4129901359307,211.84833731190753
40,design_000040,255,0.018392119943178492,0.013338175080628189,0.007741934585247697,0.05855391428765312,254.0,25.0,310.0,False,15.381517778250076,1.6434538488668053,0.0,-545.8172487381762,4380.18001462549,2292307322.903631,4.7924967525944995e-09,356.3222413195185,-26.359567016707594,-93.22039723858032,-696.715109184339,779.44607047922,271.1947431575731,-91.67202653140109,261.52371667996124
158,design_000158,256,0.018393314385706138,0.007093377093589398,0.016904204157499863,0.044118903798866516,250.0,160.47500000000002,418.525,False,7.533502599774984,1.15104339144893,0.0,-1481.928550565356,2130600.4449692275,17673620418622.0,3.12545160661769e-09,1140.8561013454942,-1.3871024242197691,1324.6499523950135,376.7569061340759,69.84652871514393,60.42714798497962,352.88299332762904,233.80423806244144
250,design_000250,257,0.018396129376810927,0.008859923984252917,0.014173920272287506,0.04899866466513937,251.0,201.95000000000002,337.525,False,11.654024721175228,1.024444399775995,0.0,-4264.3441270171425,10191.842450127368,41400345247734.25,9.515837071566563e-09,-229.56294212106204,-404.0096108236571,4.588607381277953,220.12908001810916,326.6874820271262,307.2582790400257,1520.229824279182,42.70066766281728
95,design_000095,258,0.018396997240206416,0.01232804375190949,0.009284621385110242,0.05662254061027941,249.0,58.90000000000004,307.525,False,28.996135561137322,2.169236895887179,0.0,-2588.6942345830644,6325.823008863858,31702202820863.34,6.06292808973047e-09,599.4869061638207,145.6663241175257,-162.21110781785785,116.22286466890226,469.11056092615235,-218.1310953922648,1350.8750042525492,594.9662540495298
155,design_000155,259,0.018402489083394747,0.012553729987198923,0.008127538883766145,0.05596257977501937,247.5,16.95000000000002,348.525,False,31.62211658316532,2.801419455822042,2.0481628266619648e-153,-152.68863552039647,2155573.5287782704,3558144144685.338,6.96290085020556e-09,676.6478440575222,34.759961080110514,462.12924613473507,-373.4510713876299,60.810378512175646,65.13109751317143,976.2180492975422,153.48258738113557
178,design_000178,260,0.018443006490750233,0.013541116212160698,0.007607790179648207,0.05980941459980722,254.5,24.47500000000001,316.0,False,17.67816100452438,1.7808253357550585,0.0,-487.3512008567619,48701.18898559529,4252186219.564937,6.247750212869039e-09,454.1649087768967,413.78353358187064,-20.416004085823637,244.00503076570274,786.8642138807885,235.8472184703229,259.2059829555443,59.039368309968495
480,design_000480,261,0.01845647305949309,0.011615176119021863,0.010181034571257743,0.05478745735661405,255.0,91.0,305.525,False,27.51923222984332,2.4214440827882684,0.0,-14294.34759213229,369693788.7477392,58668410748.71529,9.535236317456044e-09,834.3098942124909,203.61612565372536,1021.6912660527041,-118.04204283538667,1308.8517522652546,508.7232317843245,1807.5853045526994,-285.1040709285882
391,design_000391,262,0.018562297736212104,0.012921532458251603,0.008356876004133278,0.05789154873850743,256.5,48.0,308.525,False,29.07328401692111,2.5351655460187246,0.0,-12695.644351604216,239065729.48569098,171749182751.34384,8.682894542928237e-09,751.179399783734,-533.3072019595928,954.5191612514658,-142.33942659891437,807.390327239327,124.9635845280558,1308.3827589546822,504.45271080252775
313,design_000313,263,0.018664464999009308,0.008257053894555399,0.014872251682367445,0.04668713603309023,264.0,140.47500000000002,438.0,False,15.504255159316969,1.1978382683678286,0.0,-1505.314342017407,3640.6296172409916,68983236561115.43,8.37487887514889e-09,-213.80053608519808,-174.30241225065788,69.79274164001518,-254.88087628638806,393.91872054915467,67.5984209130234,2012.5412548299944,398.8904548603801
66,design_000066,264,0.01883043406502908,0.008144180065600623,0.015379482258820602,0.047257504982643375,261.0,178.0,393.525,False,5.114727139786193,0.7121127868617543,0.0,-4654.627530255339,11128.496405987762,31427373511161.188,4.501058992273579e-09,167.9162640904167,-16.65764203598303,-116.15051448717173,43.01445045832445,1596.8002178351903,254.10751888420776,-186.58258494191023,338.619682542054
341,design_000341,265,0.018850325730482453,0.00816354661105783,0.01537609244290036,0.04707769368961974,261.0,181.0,403.57499999999993,False,3.2607985593622746,0.5526351481893454,0.0,-3738.579203793672,8962.346508654462,19113611205532.93,5.193200415494824e-09,-84.74183745915272,0.7446891200370231,204.6156644152339,-400.6252593926908,200.65991645921713,338.2007691158616,1509.2571169483322,447.3833956944804
309,design_000309,266,0.0188876886229665,0.010776111272023855,0.011748094552299247,0.05215931336420751,259.5,96.42500000000003,354.525,False,25.148214899054604,1.879574519255754,0.0,-3305.9606750204057,7936.96527153275,14235407139841.17,6.8514378220912605e-09,16.47761945101037,-1.0357730708534056,298.5408255359648,-460.123776553693,513.1154810278331,44.67424966250543,1462.3609285449222,559.7199085479718
463,design_000463,267,0.018890631510974854,0.013092620263987956,0.008891907513548049,0.0584781943644796,262.0,56.95000000000002,312.525,False,24.501184790626912,2.2053401618895876,0.0,-381.51898148125224,1092.6724417677624,2027740.6202936892,2.3925738099935144e-09,-231.20371881581352,-527.285540366971,185.75966433949054,-193.55893003937246,275.562139730579,-530.6786726523328,697.4871374518336,107.97210446387282
314,design_000314,268,0.018896013972516803,0.012665812437282079,0.008872078819256316,0.05761549382496626,264.5,59.0,306.0,False,15.826032752478435,1.545950321630738,0.0,-887.0499804955829,11910.582683040042,30838589770377.223,7.428516500284581e-09,-176.34761696119264,180.43180626703668,253.601995365119,-70.44137770600321,669.3282614056408,295.82252147664894,1804.273453962669,569.2553843907691
291,design_000291,269,0.018921805336067448,0.013334945001637575,0.008596023795542444,0.06010485212196196,261.5,45.47500000000001,326.0,False,23.771435574399522,2.273522932514824,0.0,-504.574019262365,1364.1676058634532,155087313.899935,3.769967001876572e-09,23.632192875621868,-447.3020392400804,196.98895828816083,-653.6335570317044,531.9064091317606,-102.56805209360948,773.4332907941789,154.8427422088841
145,design_000145,270,0.018933691804445197,0.007875936796832655,0.015731956524285027,0.046581197880465296,263.0,167.47500000000002,431.0999999999999,False,3.656800065905521,0.6339538941689401,0.0,-1057.259986454306,2548.49126403921,210034046028047.7,9.470445680847691e-09,1797.6116461970355,259.93171828889353,-131.5957479454368,-49.80132489298265,232.23682884540796,-295.62399932789873,41.993400794069714,230.47697717211423
107,design_000107,271,0.018994800634169695,0.01182267573780754,0.010919551728696344,0.05592100194747507,261.0,116.47500000000001,298.525,False,30.658681436703226,2.281372677300988,0.0,-4056.5187288063544,9760.389265986596,5282369726315.392,8.363025384328635e-09,289.070011274626,247.35033053223754,-92.69786444594574,-535.7420536308284,1499.1693128198328,73.18287871974717,629.6899083442147,58.61285509415745
207,design_000207,272,0.019015411785873598,0.010516457365748633,0.011989952241404598,0.052287630285919214,258.0,151.0,343.525,False,12.89977480640115,1.0079559306288217,0.0,-3760.5762626749024,8905.56649422124,106006473170657.34,9.458960811391254e-09,116.82942623940622,-218.99304639101683,1690.1157913013096,240.07909469530466,1526.8795042878126,586.8802138281565,378.47502013107083,-195.33429914981073
385,design_000385,273,0.019048314258320438,0.014004542671617588,0.007843185986200723,0.061033838297809104,265.5,16.47500000000001,341.525,False,31.80501648410357,2.5665881060000912,0.0,-12386.065395573154,119925.20939525477,11828048.65785875,8.469114491003502e-09,704.4508191005116,-541.7737963734868,618.1890889149986,-118.50495934490655,686.4019050476386,248.66643707596282,956.4410963533455,554.1614173720379
133,design_000133,274,0.01908861253784471,0.010389583804515308,0.01203967055577049,0.05238738573660191,258.0,121.85000000000007,361.0,False,17.762638218219603,1.8976399580923418,0.0,-13490.172541588348,84513756.22166035,10639053231338.752,8.446632044338849e-09,-99.3496236743038,-484.5985937364582,1846.5495197067146,75.38059524889374,1349.4095630924653,-53.026985434544955,908.431324188658,116.21586643808519
315,design_000315,275,0.01913047955660106,0.007558203523209043,0.01644264467210649,0.04621110395177323,266.0,166.0,453.04999999999995,False,3.318791239886472,0.691786553606053,0.0,-11351.154861621793,27495.533133325458,3415070.3493440235,9.089313200963439e-09,-36.796811035914025,-426.12066689629114,-49.03621494508377,-140.8771500097074,322.9170053872839,-520.3689137516246,921.3007830790433,531.3546028696123
472,design_000472,276,0.019131055073048457,0.011125472475910598,0.01156127594659134,0.054767235236823426,262.0,123.0,324.0,False,11.655702133698025,1.6465721198579797,0.0,-2961.8543995279897,1000000247.5939368,501359355653267.9,9.672158901992569e-09,849.8197513002503,-111.38923531897245,869.2917501151649,343.1651882270786,1602.0624304332846,-170.08762374800676,1794.8172183277181,-488.8195826243302
485,design_000485,277,0.0193822339402562,0.013427809673447404,0.008616513901146842,0.0594720194595251,270.0,51.37500000000005,325.525,False,30.208555592802853,2.478707516872844,0.0,-8201.86345457078,158748778.1128088,16502600616367.242,9.550083931064678e-09,1276.9841185823325,603.8911837570083,1732.8924691601082,-282.03592646069075,1155.5203976143,-388.4938097108625,723.9824995507029,92.33589792116652
306,design_000306,278,0.019451172835631334,0.012055933807055835,0.010016121075197486,0.055853565727810944,265.0,100.90000000000003,336.525,False,6.98221763019571,1.0082995332813913,0.0,-747.8587632936456,254314.89426837864,79630202311.20494,5.0914203677716734e-09,-546.3954438481619,-326.66445492886,176.96294422659582,-253.52391062839774,487.7377881911394,485.95194351383844,882.2992055384789,318.655617671832
219,design_000219,279,0.019687889231111227,0.011994737161759065,0.01093865374585592,0.05783273868831895,275.0,133.42500000000004,307.0,False,17.96808299697169,1.3586818142770052,0.0,-16423.696251669673,39164.25595953405,13065320.801560141,9.734643097009336e-09,144.59212128094674,199.04191591980157,-147.28159365616432,-405.6254388005881,614.1196446902383,-245.40743497069667,1092.6843139530297,512.4210990284114
445,design_000445,280,0.0197183721182967,0.008866574834329956,0.014984126500013357,0.04989203927337233,277.5,169.47500000000002,428.0,False,11.402828974533286,0.9870279435033634,8.760768585068515e-10,-9.057457791364813,152.86789556519776,362.2224370163807,9.172301767880482e-09,222.51180169427766,-346.36475333464307,-92.24799355130739,-591.930148598793,-149.70815561320313,-27.783225732720098,-93.78759239689498,545.9039087068859
475,design_000475,281,0.019741509448007722,0.009281674527766693,0.014141895145384779,0.049565830955974,270.0,120.32500000000007,395.0,False,16.055399662970643,1.8122483995705285,0.0,-1799.9327343552825,1000004951.2345672,27635563566330.336,9.634558791696271e-09,1714.1047254609243,536.8077713951529,892.2956555784151,193.24463183508897,1819.5007058539022,-65.83146743001271,1464.1019136447271,136.93835745057902
119,design_000119,282,0.01993718569535867,0.01200437064595089,0.011443485223243847,0.05673289480665486,279.0,119.42500000000003,321.0,False,19.921102286862663,1.524971337340366,0.0,-4076.9515355006233,9761.155156625375,36758312626921.74,4.75996128216087e-09,441.55315478717534,245.77398419901704,1550.8738100891658,430.7168728417353,-52.384817871901646,114.29257367842723,422.54581391330214,-121.18654635619146
78,design_000078,283,0.019986165603386688,0.01373009058261445,0.008682042033079797,0.061132126647906786,282.0,50.47500000000001,334.0,False,11.306936814844201,1.5055843110074474,0.0,-7340.906561477727,18427.267419857355,80758757852247.75,6.268704472055587e-09,874.5198755465424,76.59402063665536,-40.39056402065172,-506.05693100765,1899.1150705820676,669.1968497910283,251.86885612354374,171.8240989532071
507,design_000507,284,0.020013531812566827,0.012643564555348156,0.009974887307533828,0.0581622782017117,279.0,71.47500000000001,337.0,False,19.480117771630898,1.9460917412665382,0.0,-504.83056705199766,1007190381.8118722,640347469951985.8,9.989724074058096e-09,808.7780726622493,-18.943621861619818,-159.07625067691583,578.2893419463037,1453.233327296796,-713.9085413418355,1474.3494045532634,315.8844769332409
166,design_000166,285,0.020142171101969517,0.011736077122701341,0.011959395869866218,0.055610103545438765,279.0,133.42500000000004,332.0,False,30.598611100891034,2.3613390929058817,0.0,-648.8456430811336,767310705.1550021,4194419155501.0864,9.97129390244163e-09,660.3728722078413,43.54721310364484,1528.1065963794192,348.5533910846642,1546.2387663308664,72.5822123893056,124.54754551381535,-742.8577191858737
151,design_000151,286,0.020239081101054317,0.012788076623634634,0.011110280260891838,0.059363258674857526,284.0,114.0,327.525,False,9.578419571527876,1.248946529746556,0.0,-1238.9004614260532,1727575.2150905912,3113453133231.747,7.784707770621828e-09,325.8743568437194,235.67369387912217,1013.8336959253963,274.20596558426655,147.6808838752226,-464.521027293289,590.9961558517261,-661.721512932405
97,design_000097,287,0.020509880451533357,0.013244608206764824,0.01050458199145513,0.061334625545008854,286.0,79.0,352.525,False,30.840264625134836,2.398306544276404,0.0,-310.42552709211816,3034.0316253996316,14292386.230222257,8.026517071160304e-10,671.9745400708147,221.8174566779615,652.3638935048579,-168.59631640265553,151.74447974942984,-295.2299545108055,233.98245361575988,322.3182517735465
180,design_000180,288,0.020544144966262237,0.009803091321406273,0.014458826130006293,0.05305383375793255,290.0,231.47500000000002,372.525,False,4.5938392527307235,0.6693046991400761,0.00011287358959969973,-3.9474076633264517,137.66463031921901,536.5040858840665,8.313001726724032e-09,228.1426978626795,-236.36062049701138,50.58691122362194,18.348562625115253,-404.0177342754328,-30.472994314863964,-142.07340110908413,309.8269335180285
134,design_000134,289,0.020633014721467526,0.013935206877471363,0.009255921002475848,0.06155534530941108,290.0,45.95000000000002,348.0,False,24.49067820120768,2.1906202901977516,0.0,-511.58596534653196,20662.33485784446,271270785.6366208,7.877298750025386e-09,384.84908023235295,222.82787658953197,165.19518815252826,-130.92165470058603,-505.68457472846524,-768.4614584490037,754.1950968600731,10.238926059876555
424,design_000424,290,0.02068117403609029,0.013358230124480161,0.009810902362079392,0.060829473402239244,291.0,77.0,344.525,False,24.84833382686502,1.9272678942763743,1.774725964186747e-44,-43.75086869693532,277.8884840012415,43602.42535358572,7.51753559243701e-09,487.8454702939638,316.17753596101363,387.5812570364127,-485.4587343770498,437.27502920025313,-84.58302697261513,138.04117931728263,-62.1610482709857
339,design_000339,291,0.020685903117591765,0.01362225392710146,0.009060035030668788,0.061341242813888586,291.0,29.850000000000062,359.04999999999995,False,14.870250072935224,1.7038317675879482,0.0,-796.037767830671,93983.75825453737,41569777466.41047,6.500417371234185e-09,-86.86976304390465,146.10536348021995,222.44976975069585,76.32502374096217,490.7552453355247,-202.3953207159414,862.7835025397268,49.64912107495912
446,design_000446,292,0.020844964095711023,0.013961887080926189,0.008881829099224343,0.062395660200048414,297.0,43.0,349.0,False,19.174171180758968,1.8627955912440677,0.0,-395.4363530109652,6477.744341471509,26004244.403060336,5.14626109517073e-09,136.37220043265864,53.50424858343797,561.6807817768691,493.49217116693035,700.0199017165626,258.325836136367,421.0669129943491,-144.27661641967364
30,design_000030,293,0.020867623703410783,0.009376975325064974,0.015843285138057946,0.05175155877773254,299.0,217.0,409.525,False,5.793785640257282,0.6397324929435377,0.0,-338.5352583048843,1724.7838427259148,85602868858344.42,9.647085678523266e-09,408.614958532067,450.2130212802838,2054.761984181498,513.6636815879732,-223.74240672232102,-339.1552326255313,189.0775006991334,108.36550100518026
422,design_000422,294,0.02094990696103733,0.00864830986768892,0.01669338570724704,0.049753310309584076,299.5,185.0,458.04999999999995,False,3.9143705143156993,0.7001255333972477,0.0,-411.58066213033504,5467.631466183373,72364468394.84383,2.0693566908223155e-09,6.391147169971418,-375.96520834903527,498.3035754719243,579.4605452235678,-207.00391866163304,-164.97696679697304,743.714040416867,513.4487843817351
365,design_000365,295,0.02106183690133828,0.015081601416080517,0.007729503321889439,0.06496450074233483,300.0,18.0,360.0,False,24.85829904094268,2.2081697948238626,0.0,-10219.755186137143,258008.49428633167,4806504545.621922,8.18180949037767e-09,866.6499830546395,-582.4190039629793,274.61139027950514,-127.1817358299884,747.7219431413058,202.54055613648046,876.37555262545,611.5369391807114
495,design_000495,296,0.021087079510797975,0.010628110236224722,0.013885461231395842,0.0554087383087626,294.0,198.42500000000004,366.0,False,8.030432624337076,1.1187307426316402,0.0,-6361.203225608337,1000000120.8300546,3010848884425363.5,9.696161586122055e-09,1723.4023635091935,-291.11768948496047,1858.746368535549,-64.99350654805653,1606.8452899902031,178.07571061202884,704.2993995000127,347.32802124810667
93,design_000093,297,0.021198987401580018,0.012534699436936624,0.012209899156360143,0.0601484010299167,296.0,141.32500000000007,351.0999999999999,False,13.337647198724765,1.6682917964718962,0.0,-844.3403631726932,395050.65034205833,6462906305.881121,7.50773469521274e-09,860.8472838109608,351.1360960646675,873.8070337921561,66.415702985288,272.2332617236045,-559.8535149722389,444.3313530318379,385.3872895388078
173,design_000173,298,0.021215989430067483,0.012042570037136642,0.012129106262431842,0.05830143492395958,296.0,133.95000000000002,355.525,False,10.987405531407202,1.0616614822861201,0.0,-2008.210547267408,12378586.898085844,5283558153592.908,8.785494959712517e-09,1575.5534866880216,648.5873727060831,363.6876078917883,213.75905120700295,-372.0698504420315,203.77603744529668,1297.0238266995561,190.7404312268228
289,design_000289,299,0.021219963489992007,0.010384612934016355,0.014651119463870778,0.05466215686798673,295.5,234.47500000000002,358.525,False,15.978401121519802,1.2910164681154035,0.0,-4153.10854374471,9948.933812956817,28197887605991.47,7.510538906597613e-09,32.68964221787839,107.84483144828296,128.76422422798368,-491.5027887391186,365.56982692036166,204.62949545728355,1498.0015992042297,-16.64798250478058
147,design_000147,300,0.02123285736485494,0.008975784465893607,0.016327645677912457,0.05060759107160846,297.0,205.0,424.04999999999995,False,11.700391720931714,1.2151901830185625,0.0,-708.2847326100269,15785.968513769934,19738681812755.16,8.590543726534168e-09,-15.909578983213414,-7.968449914152998,284.02356200840006,-100.63185398114584,1635.1050314230438,375.1984188580908,710.5086076085216,-253.01892187460592
120,design_000120,301,0.021308448728409073,0.01122500630335573,0.013406115019904945,0.05477432411588568,296.0,173.37500000000006,376.04999999999995,False,15.046151433225832,1.7799646185795908,5.5582106694307006e-173,-172.2550649964508,1000000010.3845863,4684979937851227.0,8.370047914622788e-09,-205.18997138591806,220.40420994664345,830.1091435684438,169.19662392773887,1522.9222084285254,281.5274289611808,284.08225638175486,-430.3125373912203
253,design_000253,302,0.021387637671398355,0.014429859452607162,0.008640646796020888,0.06361096718068636,306.0,47.90000000000004,356.525,False,10.055457477267328,1.375047988545143,0.0,-943.6629207496826,42164.726211958965,30007211357.514378,6.648928891661014e-10,-90.44748213528281,-592.6090057087767,212.97128155283485,-286.9914272732273,272.22066353940255,36.80430681761709,908.5025584171599,97.68413362646162
260,design_000260,303,0.021629697729426176,0.00980541464700745,0.015777333893415738,0.05377808757619813,308.5,196.90000000000003,429.0,False,23.851001229684442,1.7757081382641697,0.0,-1811.9475662986797,4363.031862135288,228060827347178.62,4.757593768100564e-09,-215.85213664073984,-43.50004279304138,143.10369620262364,98.14823362770184,403.001668166765,116.89697743228135,1978.0367417861787,-83.61091422596152
426,design_000426,304,0.021640172883421245,0.009750329921932185,0.015925292547306343,0.05288252055276552,308.5,221.47500000000002,440.0,False,10.515763359614779,0.9547843636225314,2.1471218682967904e-08,-7.668143304782776,208.00474790219488,10911.71280049167,1.8518549873680524e-09,257.54697709322693,-493.7819396661851,-172.8265990014363,-88.55172565153435,-34.27939088086055,135.0361560026763,-153.18584240711215,551.5460437459371
405,design_000405,305,0.021640680029271688,0.014539025927477179,0.008924112693978963,0.06384420443642809,310.0,52.0,357.0,False,27.318203764873072,2.470535584417887,5.95755083848533e-152,-151.22493224293376,39339786.675862476,97829676473.26692,2.889165547119767e-09,1198.0445781496833,-517.3383218489806,768.3278716111563,-196.67560511187236,809.5724511907786,176.40760306742877,928.8895822538371,560.0558128891996
293,design_000293,306,0.021644153153857135,0.0116185823318959,0.013469772992231335,0.058269954189198746,305.0,209.70000000000013,359.0,False,7.623429431647594,0.7967190452247138,0.0,-18269.46050212135,43419.22949841666,370908946.41376823,6.741532928165267e-09,26.537128712022714,-302.67087618497214,84.09666516978564,363.6562568206599,480.65223439247063,-369.4722026058842,1150.3795694663936,-163.2322958393982
49,design_000049,307,0.021653317391955407,0.013745339490186052,0.009772695327314467,0.06231570586371943,305.5,75.90000000000003,355.525,False,31.933933019706743,2.313705829843798,1.1790101810331405e-213,-212.92848244465264,695.8587161316816,243065.14371061433,7.384619331611417e-09,273.7528478745517,407.3389119554449,621.7896495948742,47.05180877981499,-200.24073505319984,538.8089734210873,80.11281139326101,91.1405072658321
148,design_000148,308,0.021674807932487678,0.00907038275951921,0.016858662078220527,0.05210446919706475,311.5,197.95000000000002,457.0,False,6.330021405318485,0.7577320956644819,0.0,-410.51439892129633,2028.0507879716338,205218428.28324223,5.770665945081072e-09,672.5900896653723,-430.5257516198664,-47.704719265801685,-156.09609236974347,414.56087373924396,-386.5914393399421,-318.8369789521505,24.496886179393655
228,design_000228,309,0.021753214143257434,0.012658567075724318,0.011676643620990843,0.0599324507466021,307.0,114.90000000000003,360.525,False,19.26705684140655,1.4852160105695915,0.0,-5599.210889692449,13351.86701878272,15053098845114.34,8.136169912499212e-09,41.38391034021787,332.75482737133467,188.00165536134534,-42.20042263654889,402.669119342502,251.0421842597157,1684.8868244504235,176.82057019291437
15,design_000015,310,0.021764314473777028,0.011851389811095132,0.012662583992666381,0.05889048067290989,308.0,157.37500000000006,396.0,False,10.36667897574058,1.3423920487273002,0.0,-433.16219056053325,6833.494079842283,94565091.3722658,1.0107399279397306e-09,-19.566400178328166,51.31855703150478,733.8283032299984,318.65017643170347,405.61454719219194,-391.303950852987,-279.27014995915926,64.55579997547501
179,design_000179,311,0.02179504012156006,0.012791734196909186,0.011474045837993933,0.06079419939892872,311.0,128.85000000000005,350.0,False,9.319234384970445,1.0258487095199953,0.0,-480.2694057640292,391663632.48051274,4957513896860.691,9.976157898306763e-09,679.2540235014296,-585.7644416768795,1454.8818607641442,362.4185331393162,774.1635030422849,455.3276236573294,327.6549103668331,-79.0745841287204
91,design_000091,312,0.02180323645672961,0.012322125629839864,0.012388523845750942,0.05826257396385275,302.0,141.90000000000003,377.525,False,17.774028925472194,1.309069346899795,0.0,-1559.5606253630951,3760.3296818338936,36082624443287.22,7.3773589086947336e-09,52.12020129706613,-262.7977786026846,426.0964676586186,120.1406807983781,-220.96695829047042,-599.6422294693081,1780.804866152689,-484.45083692345264
418,design_000418,313,0.021870127972184215,0.014688530503484388,0.009130700011766786,0.06467423728907347,309.5,52.47500000000001,378.0,False,28.312038626315818,2.433583659253063,0.0,-901.2079988404062,119650.46563353082,58140.996853619225,3.819564810427849e-09,829.8995301337889,-531.7365204614772,791.1776079594329,-138.71794856730403,663.8076038017349,229.49676438102088,689.3344239813529,525.1407432388506
510,design_000510,314,0.021964910574611102,0.012823101148099631,0.011652641951230109,0.06069755106874388,312.5,127.0,350.525,False,19.5187901595068,1.4478059047111516,0.0,-3368.573104719873,8128.8789490089475,5439232889273.958,4.733695467047756e-09,1418.9029797520948,165.29437360217844,464.52685720243176,69.10318835695136,-311.1202979803659,-426.74510427721106,446.5087066438723,730.8341189654861
423,design_000423,315,0.021979450431242453,0.011978819044178511,0.013041967418888852,0.05953729441349709,310.0,169.95000000000002,400.525,False,21.740722813062984,1.9836298947405424,0.0,-480.0464560266834,1307.098837482076,13594305.739004925,9.581688348089911e-09,-273.12286431210674,-124.80258216206653,466.1892367971715,-449.31635082258106,735.0361621699171,-1.021691841998063,-129.54772649103361,225.71510887614716
209,design_000209,316,0.02205651720720189,0.01112330256518965,0.014577836263961362,0.05688434519440441,314.0,231.47500000000002,370.525,False,8.638692043831828,0.702958433499429,0.0,-1390.5074203042034,3359.2663353904813,45800114741569.516,4.717981384158912e-09,258.6283609705949,132.52877360853037,330.0243004502664,-239.76373316130721,1921.8888812515625,214.96729331931513,-93.32114027828288,-324.99590169376006
494,design_000494,317,0.022075522750575536,0.013092599276739874,0.01119687899443063,0.062344831961902804,315.0,131.85000000000005,345.0,False,15.370160198694515,1.7241114855875723,0.0,-1604.4907405972767,1000000282.2009687,2515808467434990.0,8.242730323053545e-09,766.6816070915862,203.3023343894149,1611.449896979958,-197.38554927821468,752.8644307770626,453.05548550564254,1984.0819635075597,64.35008489590552
229,design_000229,318,0.02211103726619691,0.01472511132527943,0.009231513592190037,0.0656160368852001,317.5,57.850000000000065,366.0,False,26.106959639721325,2.178493187562339,0.0,-14956.593572394699,35791.04482688258,1247603.5316042325,5.161588926498745e-09,-528.6353837958758,222.38779525266978,82.00739622728744,-467.366752508755,567.070106780199,187.32661035500604,1047.3648297532332,-138.34823959918913
438,design_000438,319,0.022150498762834175,0.010939948123340905,0.014624496607142129,0.055081326142256505,314.5,199.47500000000002,427.525,False,5.4362323079920865,0.7945820446018347,0.0,-456.83859675637814,18143.94690707375,3277482780.9742546,9.801977281299619e-09,-346.529467758626,593.690718693198,184.8928426271574,-242.9630318790958,-297.8145330859191,-252.5514081984141,752.5539019596058,458.7850334590962
474,design_000474,320,0.02222060995635508,0.011912907075188446,0.01325543451195824,0.05693231466867917,308.0,167.42500000000004,380.525,False,22.844261492818454,2.1566652531335166,0.0,-1225.657277734878,371195113.1650097,6473156551439.135,9.649636379948279e-09,722.7274782344958,-151.00373739844838,1328.8668923813261,60.98586896909535,1679.19962516045,-61.92392451825913,1394.5065860101627,-407.39747795870227
468,design_000468,321,0.02227539754453759,0.011262805744630289,0.014039713109887756,0.05693981810610454,310.0,199.37500000000006,385.04999999999995,False,9.707284145351746,1.3751082903658425,0.0,-1781.9543788542003,1016753343.4912944,125276409057914.69,8.03604757854529e-09,1391.1166381106636,-286.848191024955,1629.438196005819,-176.91978958386687,1587.4608138002,477.9684789905257,897.4734807773842,135.1390942874035
79,design_000079,322,0.022280375585259523,0.01415211882532167,0.01069458536803308,0.06421313318006101,319.0,95.37500000000006,359.525,False,27.393973067218084,2.0650772750884427,0.0,-9980.90451055844,36028.86761955174,930397871623.7916,7.857430200269396e-09,286.7679910249304,310.9593470391047,34.9499602654561,-662.9801925251771,559.8035053799348,80.381341702833,1210.3756634402414,-116.46393729312564
144,design_000144,323,0.02232618741711323,0.014798990838212782,0.009337218073041593,0.06638306887728897,319.5,52.90000000000004,372.525,False,20.344241231394278,1.6298774742848778,3.9313884337963467e-100,-99.40545404437114,406.6013240780527,57992.52910019116,7.3976991502297556e-09,536.6989193767963,310.0262152082389,388.66405847491313,-222.30397502548,201.0594521703444,156.9413556009172,-157.84304721539425,-497.3500916197505
64,design_000064,324,0.022538339264904603,0.011490156424816735,0.013906662392643019,0.058392150454766804,320.5,198.80000000000007,397.0,False,5.795616604163906,0.8451924916017386,0.0,-1696.72165273759,415520.813126708,19028697331777.76,4.7204942654009456e-09,-214.98870740377373,68.84334381256723,516.5101468245595,-278.206922808332,1131.4754936567945,287.13655457433913,-516.8261612560315,-456.1935841891325
68,design_000068,325,0.02253937378035541,0.011268914713488487,0.014773824438388058,0.05687269767197058,320.0,201.0,402.0,False,28.211265111290498,2.0820412754246442,0.0,-2802.117927629176,6786.37434844215,7598006543651.759,7.76802469510614e-09,545.1261509617154,-2.5652649403006365,1368.8918333365923,452.11978630035196,-284.1045050174538,9.407174260141218,267.0440813752943,79.90861010344568
450,design_000450,326,0.02259189445041244,0.009892088591283883,0.016701915892334194,0.054714635026897766,323.0,243.47500000000002,435.525,False,15.388354466777653,1.2649999025498948,8.704525161517143e-25,-24.060254914995532,133.75064110920704,19129.290490220654,8.119241673724453e-09,402.06460501440756,240.35443652380116,-168.66454412546597,185.07435543415988,-158.56865593946537,-276.303674261649,218.27251113319733,-558.0543227561523
387,design_000387,327,0.022619290239135486,0.015052405003598392,0.009377328974325071,0.06668816136676459,321.0,54.47500000000001,386.0,False,24.417599208026406,2.246785641432887,0.0,-1955.066565397746,17851.1002029061,360685.84891364264,7.698719917139588e-09,674.0339821737629,-632.7855762623428,842.5111499408767,-140.419777674001,663.6664347422727,243.5026433082589,592.6775962050305,643.746747582924
10,design_000010,328,0.022657522963674525,0.012309240677706066,0.012703679262085692,0.059556281709433785,319.0,175.47500000000002,377.04999999999995,False,16.31220034785988,1.3290189091181663,0.0,-12570.81006879585,313205899.5923233,33480589259050.45,9.99687150770453e-09,100.0,-250.0,700.0,-250.0,1300.0,-250.0,1900.0,-250.0
394,design_000394,329,0.02277601068344127,0.015035693600922672,0.00949541692872127,0.06649508215021847,326.5,56.95000000000002,376.0,False,28.659273487782478,2.5084427378748035,0.0,-1859.488617921352,965987.0439255926,2190835.2563693724,7.56646235453e-09,1024.673663437361,-688.1938608478689,876.2643306910701,-52.68912896474947,759.0312587396471,213.78201422579605,913.2541428016757,547.2076649208476
421,design_000421,330,0.022792428723645876,0.012921560973390419,0.012829831250773601,0.06276458101653595,325.0,170.95000000000002,373.0,False,16.97484776614787,1.1761847596795796,3.4535323638636543e-25,-24.46173646976308,267.777243918261,5653.905398025828,9.546329388236822e-09,-317.287937984527,42.36926204441227,296.70570038753783,289.2270073619611,403.2869588244607,-258.2831165997514,-275.6424928589323,-392.4880926759646
19,design_000019,331,0.022910364574023016,0.011939692313564171,0.014589174152052391,0.060552866980170234,323.0,234.95000000000002,370.04999999999995,False,10.82979167848597,1.164426358324147,0.0,-1840.3426630516624,25914.561774558213,29804905010150.824,9.8733315881541e-09,-188.21385784601227,139.02263276526662,734.8707195946488,500.25656880907974,450.57975390671095,321.3636949139103,1030.1921578940926,533.1946804539684
130,design_000130,332,0.0229117693379624,0.01269852997336141,0.012410076866179886,0.06169420339373274,327.0,151.95000000000002,398.525,False,10.568944623332778,1.4092712392741078,0.0,-476.72786583866707,1291.244545915647,130773394.92944722,4.437634920972253e-09,749.8366431321274,280.3645563350981,66.8194458215276,25.123579835563703,-209.3783919679214,131.7068408698644,416.5272215937278,-405.85920108085804
379,design_000379,333,0.02296096352213303,0.014834173847582607,0.009724464926326209,0.06631411889333645,331.0,74.37500000000006,371.0,False,22.300723405616573,2.184330502312644,0.0,-9232.824835501598,90021.76958863666,523085.86490659916,9.586972559935636e-09,800.7162810101772,-550.4449911097153,847.9066336211079,-164.7782866973834,780.3385600368172,136.5695382887506,823.7009044286261,519.0442467433195
256,design_000256,334,0.023064699710178316,0.012328673457664675,0.01310798438974965,0.059700796511340394,325.5,167.0,383.525,False,13.27534093187714,1.0980420364886312,0.0,-4584.436489069013,10974.364165565588,34505599760261.594,8.43879486700364e-09,-99.57995182875263,295.4412065615975,81.09169413841057,57.239854872228506,375.4080598027002,-36.878128120411816,1590.3537729344548,266.5802342789192
177,design_000177,335,0.023079854842434043,0.011191949535064073,0.01444638624369876,0.05784315625126401,325.5,197.0,411.525,False,6.671600799662084,0.7324819891517574,0.0,-2434.8491187470977,5918.031800599295,9079603780652.135,1.455731907728625e-09,1280.5981063055417,266.7503955885036,161.29020408780417,-158.2707936121292,-360.8743652220249,-480.470029318762,250.984354704093,106.86106968059572
52,design_000052,336,0.02310151454480132,0.011426215942058454,0.014992106081330182,0.05841664599230112,324.0,243.0,377.525,False,8.05800204611468,0.745350149527395,0.0,-3600.522232114496,11432.879675489392,50871052746266.97,7.916892698434314e-09,250.02044023818397,268.17404474017,1717.084873180626,160.35836360439433,249.3038516719556,-25.60560815287037,-242.8036808769764,101.57631127643054
321,design_000321,337,0.023163582701175443,0.008504578271441283,0.019241271256903728,0.05266072905209376,334.0,246.0,449.525,False,5.068650284180234,0.7060716728734415,0.0,-4961.660884175555,11846.253322644792,28670798751488.79,3.117877618162604e-09,-178.2514267680637,-619.2486172322879,-63.692705271966624,81.17748845773714,426.6149998793222,358.1278155540498,1597.046874687863,21.803878916522123
393,design_000393,338,0.023220573712573567,0.014012851786462862,0.010793541096536149,0.06458034620232159,336.0,114.95000000000002,369.0,False,15.945526999269907,1.8068964506988219,0.0,-8303.496590900884,401184.19721846574,185805.5529274574,7.32044903956913e-09,780.6614996033185,-514.2218794574163,804.7371211056478,-139.07398311020378,934.5482893074493,114.76226330916079,834.2361603034162,517.4137186873651
409,design_000409,339,0.023251338384721553,0.015200327074629474,0.00966627586577396,0.06849395388091004,331.0,60.27500000000009,398.0,False,30.06181973576862,2.3312191539827225,0.0,-945.2678503045851,191927.31031700477,3319806.718975978,3.01283298335895e-09,851.100921365331,-512.6292820158508,561.1275011248604,-187.30156335498472,649.2017260875112,242.7011657463198,665.2026260853477,494.151325520431
262,design_000262,340,0.023301449911720926,0.01521004429265797,0.009532623804794103,0.06800967195996056,336.5,58.95000000000002,380.0,False,21.814315424831662,1.8856891773480167,0.0,-2609.538232565619,12165.906160564606,598033804.1289421,2.96704345591412e-09,-465.13614395627707,-611.764633150702,102.81438697182706,232.91476658067035,475.7951340575631,236.04606789187133,744.9744248235678,322.9669386544684
288,design_000288,341,0.023307410353502832,0.01074278156606997,0.015849220405185348,0.056699849289100934,335.5,249.32500000000007,415.525,False,13.156138982286485,0.9667308593243354,0.0,-663.7698895648133,1636.7748901655295,76831919865619.56,7.50601386857188e-09,-153.8973530852388,-289.9233613774911,313.3117672869473,-220.7187102950846,339.55852413612666,122.36690622515069,1727.9250222181104,730.5016858549234
447,design_000447,342,0.023350096098491153,0.015628430209958154,0.008947713082308358,0.06938359282834752,331.5,39.47500000000001,400.525,False,26.472110154961342,2.2780158463057654,0.0,-334.1818336280849,12379.226935844628,22959631.83964613,7.635873506883505e-09,193.14022533654213,385.4733079063694,357.049545138031,-351.9700331494672,505.65444332713093,52.37024705081717,712.9662793738419,228.20939965734453
287,design_000287,343,0.023354719986049672,0.012305740790649096,0.01400283573290952,0.060293870505358726,332.0,204.47500000000002,385.525,False,28.08978044700615,1.9990237381050158,0.0,-977.201522467262,2371.2877715620507,50059878432138.805,6.4211574423189404e-09,-7.029696190424705,61.76334621629568,255.85355708048826,198.91855888995462,494.4480239303699,115.81033125244346,1768.642181316215,297.8341165950834
146,design_000146,344,0.023424719481948443,0.013195948037197293,0.012217317227397788,0.06288302835374858,335.0,154.2250000000001,374.525,False,10.934371097971015,0.8572658769384506,1.9219783222349207e-12,-11.716251514995697,119.74752804555652,641.3317253172171,3.957934430304558e-10,-129.77919858186573,-574.7903598740772,348.248352629672,-57.926009802628826,-53.82106555623081,370.99945363750743,119.22691666752462,-261.2353376022228
349,design_000349,345,0.02350728398880378,0.013850997928000203,0.011463683497787919,0.06566885519241873,339.0,140.95000000000002,364.0,False,11.52951758943721,1.3505887154302993,0.0,-12152.624336878314,68858.58797122927,13940.520607961413,7.643633061179788e-09,794.2781229212753,-580.3814397278807,918.7956195009723,-184.58578510373232,829.0415454496826,240.876148543142,529.5225025266475,585.5344694687924
505,design_000505,346,0.023514090927662424,0.012200423893920011,0.013471670920560251,0.059842635775038414,329.0,199.90000000000003,383.525,False,26.825322048711588,2.3122760196403918,0.0,-736.5067135146425,20188061.252389785,4431238064721.448,9.53015532351169e-09,144.01556068498962,-58.06162370748609,906.4458030426808,257.35700681848425,746.2795591531562,-742.6289356002702,1180.443560822093,446.07311618950985
104,design_000104,347,0.023616222272806634,0.013943298452970546,0.012276550416713607,0.0648273934222213,337.5,134.42500000000004,374.0,False,29.884645266575134,2.1669062212419177,0.0,-3816.705906036553,9173.947519741636,2476321972581.3823,5.328419854184837e-09,561.9517814242059,122.87129856861046,1507.9779042230855,357.1843438044782,242.75233617827396,249.3043284262203,65.73683920277898,-685.5926688422969
27,design_000027,348,0.023729051172414237,0.014577112154662068,0.010880581914242569,0.06635284554808712,342.0,98.85000000000007,376.0,False,21.003880801453295,1.693384659150005,4.4510646242936845e-108,-107.35153610021975,936.2578664302933,19153773.191058096,9.140791496866046e-09,394.49678347223494,-46.870460865207576,27.133858063579083,132.7017477942657,309.7265567623242,270.18570857865484,555.1348107518161,334.16902140295645
100,design_000100,349,0.023729375629712723,0.015023403429938856,0.01036292687442411,0.06787183493104525,341.0,74.85000000000007,390.0,False,18.159557503664637,1.3915326132762238,0.0,-1487.8682866413408,17211.19805900862,18085997886966.305,4.028282497269726e-09,-124.2195091492905,-437.7590026624488,1099.5434241731466,449.9136771684855,432.475556269211,90.82064155250123,243.93364697484566,-279.78378720052126
397,design_000397,350,0.02383068381876346,0.015729964007557114,0.00870461008222806,0.06933087697258851,340.0,44.90000000000004,403.0,False,27.125100276398822,2.1494694558840526,0.0,-10848.251930785866,26341.848961091,606.8502326623633,8.83242972166116e-09,439.01630836799893,-537.7276096737954,537.6338105163811,-182.53897021816513,554.3973460919858,181.4282505900715,902.3481126488516,541.9755936448172
243,design_000243,351,0.023937508255487988,0.0098146849370641,0.017934022657209284,0.05450264705440123,341.0,227.0,448.0999999999999,False,18.106405145308436,1.4941901001790483,0.0,-3956.176145562855,9514.583637558226,15147719382028.992,9.610081426957973e-09,-249.89648902158405,47.48489729250965,169.822368680829,-5.4945486071001906,589.6361753235825,-154.60085071290524,1517.9739283257206,299.0500471948702
290,design_000290,352,0.023956519674129508,0.012634392621938046,0.013714565878227856,0.06151707193995457,338.0,176.47500000000002,401.525,False,12.177653465775,0.9713869606760169,0.0,-3280.395668014376,7916.225497283732,24969542979598.332,7.729418506204977e-09,-67.71430540001347,-767.4141757685383,56.116955749800475,-294.226924290954,372.2637503687222,68.70806129784128,1449.0255361536924,488.70874070263824
412,design_000412,353,0.02419218997580535,0.015420876837343552,0.009929847724382813,0.06921537163370328,346.0,69.42500000000003,408.525,False,32.00715758381606,2.551834657458052,0.0,-7457.667501472891,18850.208442256146,310315.7848644367,8.485181716595594e-09,531.5453418672323,-566.8978180652118,695.2125992106527,-140.03415291564409,656.2721576558487,270.5526263132742,763.7642973899976,575.2604676866446
460,design_000460,354,0.024220826133979023,0.010553477826648365,0.017315974776791785,0.0572300443738697,349.5,261.475,456.525,False,6.692639209393131,0.662078483163909,5.4202510867555934e-05,-4.265980594814622,98.91813750208308,204.12102197499087,5.963376868109261e-09,-217.38837690195888,-44.00433670806581,-52.082899320346655,193.1982483940136,-73.56318862876441,523.2029918093833,-298.546727317287,-368.3491269582935
441,design_000441,355,0.024240138644553155,0.011527980641003436,0.01591497219848264,0.06035181988541771,346.0,283.425,401.525,False,6.923308755049993,0.588240219400677,1.3551684273585663e-10,-9.868006725065081,139.00871097162965,302.90064433710717,9.688603737329928e-09,-243.48440656970922,201.0210011993895,29.11404167004514,526.9665302266756,-273.7102136612541,-527.5827852100455,106.1944912528391,-331.1628969712965
141,design_000141,356,0.024304914633452038,0.009821728409292362,0.01844038106036299,0.05632351646120176,350.0,266.475,452.57499999999993,False,2.4932604929164057,0.4759248803906353,2.2979428889914057e-06,-5.638660769078587,71.67085739382796,12783.051857587552,4.518756032606802e-09,-284.6110884127404,-242.90564901648997,265.646479204371,-536.6520471122147,139.8986953466813,231.47367358713262,39.58225306536758,-353.7170504371032
3,design_000003,357,0.024730042839684968,0.011517941692674973,0.016327653401989897,0.0611990856755026,348.0,249.95000000000002,432.0,False,11.622127915308996,1.1190946701277946,0.0,-1405.7731010019766,88499833.13987374,134073542989220.17,9.691495895068857e-09,-100.0,-350.0,450.0,300.0,1050.0,-300.0,1650.0,300.0
448,design_000448,358,0.0248540718473929,0.014649355612352468,0.011910394583010842,0.06907488334711948,355.0,134.47500000000002,401.0,False,25.561742871223334,1.9144449661528526,1.1750460258816532e-177,-176.9299451219923,674.151370448077,144025.33766711867,1.3831236213879142e-09,538.4273846216871,249.62193476359187,-289.01145886830875,592.2867445776651,-265.923388664052,253.1813950208824,319.8271451206789,430.6889163909723
47,design_000047,359,0.02487655295811463,0.010496345914454745,0.017707356861319322,0.05786994358141546,356.0,272.475,428.0,False,8.684885418331831,1.2894967512752302,1.7246959997774852e-168,-167.7632874439264,242048.1131344445,21496326030623.22,9.414417166593872e-09,-236.353265779577,185.4100419502384,1124.0006513493609,235.38464733019535,805.3939728720017,336.31121889170754,171.5318400284603,-80.96542012901867
142,design_000142,360,0.02490803357343029,0.01027791880213096,0.018030560988648504,0.058242254238551,358.0,279.475,429.0,False,3.9862178781252116,0.7651223358803163,0.0,-1585.1645389595064,688837.1802755154,22135771710967.207,4.830062219724601e-09,52.69726391186396,226.40405902073508,111.74598413307241,-72.43437115079048,770.8079018695582,-431.2280612568067,1078.2095451756832,-17.447026250437297
416,design_000416,361,0.024911854870945504,0.015762257195566683,0.009744716533602187,0.07126235647414168,356.0,72.0,418.57499999999993,False,28.674413235101433,2.2414631884275185,0.0,-8624.086530325707,21238.151726137883,41223.39782051815,2.9147270036242135e-09,475.07413370807467,-549.548571447563,622.0935544331263,-211.46943943490686,531.9280041916095,272.6835084393272,815.0733039263037,530.1488716670527
137,design_000137,362,0.02496165554570167,0.014827774226102949,0.011302295006368687,0.06738278295758217,358.0,104.37500000000006,385.0,False,26.165428565681204,1.8267437346743214,0.0,-2035.1327376436566,4898.561262477722,178814593516848.2,9.70126166480319e-09,190.55800126853373,-70.82107232389595,456.6834629117841,6.772380395183724,60.96327302879817,151.89537989391238,2047.9809063867986,-46.663183270294724
67,design_000067,363,0.024985984092272883,0.011383193044611972,0.016311181382588323,0.05890077145433033,353.0,249.37500000000006,427.0,False,12.209449417573975,1.2259532760239182,0.0,-2316.5839162897305,17077.892711256634,32621764437923.246,4.939905417674347e-09,-92.27995079498882,247.2147164595969,124.45653291837365,-15.093775594919094,610.6321290884059,-248.79799935714072,1228.7796158443666,31.747861270196683
439,design_000439,364,0.025022937492861524,0.015366262051575437,0.010721511762851646,0.07081303074412466,358.0,99.17500000000014,414.525,False,14.493788806632878,1.5156221972520207,0.0,-7801.680593039965,19345.633549804817,26306.98936325748,5.203167856279711e-09,-321.9570820199065,-530.80704116668,782.3880688207255,382.3683767872909,381.57077415951176,291.0312762201438,423.87414874863134,-370.1148229226119
425,design_000425,365,0.025041242370115447,0.01286518756927671,0.014095332473383468,0.06482752403696382,358.0,249.90000000000003,387.0,False,4.186233041574442,0.5672750095268055,4.294570619283975e-46,-45.36708025138979,255.29161239089635,12849.630142498829,8.110305855927944e-09,381.2438573631847,-483.68672613075876,-318.78416428867945,543.4228365950712,54.32996489838831,131.03451616934308,-82.30714675711647,-468.88890360679375
195,design_000195,366,0.025118505941721995,0.010578298286263972,0.018064999708737855,0.05750225557018813,357.0,275.0,431.525,False,23.3432423607374,2.1614956614005334,0.0,-373.24810928316595,4129992877.5396614,1.3394536214293438e+16,3.848589523026526e-09,969.3001718479645,32.04989401694726,987.6703183314006,419.8667897225082,1301.9116635196751,654.3020017009212,76.15733082303102,8.896836130187285
370,design_000370,367,0.025279757046072403,0.015522588845483527,0.010892500388577727,0.07020254605327829,361.0,95.95000000000002,420.0,False,31.250623039522193,2.54242935034937,0.0,-7704.608440003145,19444.62889271125,203695.75634388597,4.480643753469282e-09,521.9550528596473,-589.3341129179129,776.4720485184884,-120.10287198479702,605.2591925778102,202.09018698681498,775.7188573215608,580.4722887519662
261,design_000261,368,0.02538499894974795,0.015939158172447617,0.010219655840603976,0.07065473275081818,365.0,75.0,401.0,False,26.787439897178363,2.1401878938216825,1.7865639712893016e-276,-275.7479814284509,874.5998278777635,2469189.083312641,8.784157807853258e-09,-496.73205647998844,-594.3806860836122,184.41139653293348,127.81722577673975,453.6352872597251,2.17217598482668,673.4867738879816,271.7255533591571
323,design_000323,369,0.025427677202920086,0.01182149959553135,0.01601342346578786,0.06205420083270282,359.0,282.90000000000003,407.0,False,5.806315408412762,0.629200916318828,0.0,-4952.967663048698,11840.498975943918,12109861847331.9,8.501656589826197e-09,-43.116372470867894,-478.6549407144577,146.73226631069082,-43.26922187191038,505.2362591771884,-411.8064413762167,1641.003650542283,334.3377992102961
353,design_000353,370,0.02550415928323034,0.010784385351411015,0.017970030603134606,0.06026877836612101,365.0,309.0,416.0,False,2.2495714377822384,0.5141216640121108,1.4006447032954076e-35,-34.85367201672521,228.55079540237227,94207.16590306969,2.919528179813641e-10,210.26526031061354,-590.5923651894765,86.71702589390969,-138.90471322705991,74.71379181015936,239.7544928016694,447.47071163359686,548.2672667032654
415,design_000415,371,0.025592744861387486,0.01605647340457467,0.010303937799824745,0.07236215010485345,366.0,79.7500000000001,423.525,False,27.19523560400166,2.0922416805771853,0.0,-732.191119587074,53133.51720254968,2934674.505512839,4.21628260610939e-09,776.0326982279171,-568.2080737032185,472.97484826357777,-173.4296512070212,595.1044318541217,207.35311345155677,645.9551952048054,482.4106502533136
461,design_000461,372,0.025665632689086545,0.013908538994178047,0.013546731244573323,0.067764310499122,364.0,186.80000000000007,427.0,False,33.100953691698656,2.3860466862652183,2.060243799950478e-213,-212.68608138414143,738.9844523852345,72431.77658201836,7.770387207412062e-09,-276.5458773617682,-46.92380034043765,640.0982943119105,-67.73875838961908,377.8628487650718,-509.69721049903575,520.0256802214006,259.1626620591452
442,design_000442,373,0.025716788416932944,0.011115354492844351,0.01779450442547871,0.05989332566013707,368.0,290.425,452.0,False,5.171992500256826,0.599719139793554,5.792867944561424e-10,-9.237106371656642,113.30438796550182,1545.9720156092799,3.2582358482869024e-09,-338.66149385184366,525.8233412933268,-177.8878795419698,308.4679360970773,-271.38025369118634,-266.5520507179034,-133.5898891500269,-519.3642448116512
413,design_000413,374,0.025789557177191474,0.01158569897772049,0.016594962431572744,0.06292247302653488,366.0,313.95000000000005,410.0,False,3.072364684325462,0.44922266221361534,8.661096960056422e-15,-14.062427099492012,170.14730719469992,1725.3007618227703,8.933275717674553e-09,1.8889204277419935,-529.824736017374,162.23028716825914,-266.7693123669666,-87.36406332808912,201.44508435481185,265.67571770762345,529.4637215428804
5,design_000005,375,0.02607380556628282,0.012950445199565072,0.015933141181576547,0.06470975025756721,367.0,269.1750000000001,425.0,False,8.402310241939606,0.7926374597491656,0.0,-795.7347014904395,113595203.30774032,45045240100885.42,9.534457987944906e-09,-100.0,-300.0,500.0,-300.0,1100.0,-300.0,1700.0,-300.0
61,design_000061,376,0.026081933364143963,0.01377181871097163,0.013985050235680446,0.0674636314269016,367.5,202.42500000000004,407.04999999999995,False,16.0510569126,1.1851207423122785,0.0,-2991.861664252223,7248.1451738479645,18682513814724.902,5.131384073368701e-09,32.8415727242986,-402.3045398618529,397.91494058777437,73.41115929451246,1380.8776879217482,306.78723429673914,167.81759840453643,470.48446247883436
364,design_000364,377,0.02617620772963153,0.016081034255317622,0.011160686275873022,0.07185156713006013,372.5,100.0,415.0,False,29.68772119695548,2.3681613522841136,0.0,-1809.8591956487055,641590.15093786,414793463.44070715,8.844311541442819e-09,1059.9807932762362,-588.7547370049332,845.8304686181303,-213.08540712902894,609.2306415540913,67.14043332451855,742.4949449526979,569.8303659493415
361,design_000361,378,0.026341489585876957,0.014887526973485428,0.0122546609672354,0.07003409317751734,374.5,155.85000000000005,393.0,False,12.594467251808394,1.0987145874206306,8.13606090301913e-16,-15.08958580913323,727.3451580419329,4093.9828455297315,1.357487557323619e-09,280.1496170073577,-591.5898910628932,162.27497746985125,-140.45088904867475,338.6293257772629,203.2480788478793,-42.77358156397321,592.3323788822993
464,design_000464,379,0.026366547236933477,0.014004314818254973,0.01415340706913512,0.06863227653734323,372.5,211.32500000000007,427.525,False,27.187154172190223,1.9533885040339602,8.12677453246202e-76,-75.09008178905557,504.1925737620554,494114.62986206723,5.159068311864855e-09,476.95823124378194,-567.6877971121687,-134.98615266422965,-428.690994587507,-312.4136301477059,-149.64053320117074,536.2157452765981,115.416855247395
96,design_000096,380,0.026395418145681943,0.014315153880521795,0.013137135667940435,0.06665999555705676,373.0,162.47500000000002,411.525,False,6.2634007605578805,1.0405178616131827,0.0,-1149.4477967344721,1000000029.8841383,1.5072028870504362e+16,9.83687801198438e-09,1109.9972118381052,139.70581183067378,436.9314651702779,-198.31188780145368,1810.0586275580981,458.09820493908086,545.1738747822027,-522.3641434088969
2,design_000002,381,0.026402956218622348,0.014682675560862557,0.012820859398155113,0.06971079070690803,376.5,178.47500000000002,391.525,False,11.738237859307183,1.3521698785633403,0.0,-9490.168962389223,254183.406342323,69949.78629421184,6.7003300445912585e-09,850.0,-550.0,850.0,-200.0,850.0,150.0,850.0,500.0
399,design_000399,382,0.02660328773094811,0.015105932235286109,0.012744913253102818,0.07000666173008827,377.0,153.90000000000003,408.0,False,13.308764552041309,1.6847586713356348,0.0,-10687.093012009522,29879.130140017263,9664.186467913956,9.261567390280699e-09,476.8354721383042,-611.9573036835864,889.3029441251143,-180.00284996685252,801.2123591867131,105.8362440191858,637.1970026341546,552.8028101994444
477,design_000477,383,0.02664504959547025,0.014182143924949465,0.013717828720613185,0.06798891489406313,376.0,207.95000000000002,396.525,False,10.343608378251572,1.1297638208769207,0.0,-912.3674549730777,1000006287.7388126,427096933194550.4,9.991425464217533e-09,916.4423186964335,-54.72547316707255,1811.4463604026882,538.7345260954846,973.8211068526363,323.8653584441672,1599.4577109394888,-558.5609905781232
101,design_000101,384,0.026780234852575146,0.009291330464662547,0.020926366455694765,0.05609242149268922,381.0,263.475,475.525,False,2.8599284554398627,0.6509186540868624,0.0,-2265.680337267094,662084411.8157665,57712320132165.555,9.995584634928923e-09,153.3569006243752,-73.22521927710072,1365.1871851047931,169.5737688345409,1789.9883364932793,517.7865219316254,-370.98021236761576,112.34006922308356
411,design_000411,385,0.026933165902507914,0.013454577631948923,0.014595363282325875,0.0655193649198228,373.0,218.90000000000003,417.0,False,23.88830992506451,2.1524180466497467,0.0,-2776.28834766664,100442451.05413353,566231066.49583,5.840451278408717e-09,1208.4171028308122,-514.7794532339489,1304.6550265684104,-167.5005318477543,973.6093553449691,172.96732350417895,1263.026831410744,435.1886007418283
462,design_000462,386,0.027234892798347354,0.015756498559329726,0.01233275874664851,0.07253003216630743,385.0,136.47500000000002,412.525,False,21.837910076772054,1.6093404955281077,2.0385618920895903e-43,-42.69067609854347,286.71869919645195,4456.023748262013,2.44985506758571e-09,-316.7967560502474,178.76003019847883,324.3698625868843,-149.9920098996849,167.74628081119818,-468.2147590297514,461.7628193380177,211.1566838548148
356,design_000356,387,0.027308540795839453,0.015264276399676114,0.012688257145109693,0.07121123326655716,385.5,166.37500000000006,404.0,False,20.328824201212747,1.9475063181036987,0.0,-12362.667993634588,10071925.60062724,188326224.99044257,8.750600580841726e-09,981.721444541733,-523.9764466378293,983.1738382780522,-235.26628083531722,906.2557362947405,131.53331295859283,1097.2864654051436,554.0150747969412
483,design_000483,388,0.027329938586522533,0.013397927440401773,0.01515123378970412,0.06578348457949139,378.0,239.42500000000004,422.525,False,23.636173305135838,2.128149289152024,0.0,-318.24756066547315,415739022.9833054,605320999766.1979,9.97117244566214e-09,997.8966617481119,197.5418749978695,1331.9729514079454,265.98780213411703,1534.6142559226323,-461.8479254336819,932.3253564121471,-460.233527300417
334,design_000334,389,0.027344153398012373,0.012651001869136012,0.0167635393533515,0.0652418688060396,383.0,299.32500000000005,428.0,False,8.935656754084135,1.2629946970398331,0.0,-509.9772155198043,1484.4534163296692,81804331827.66013,7.600273527921543e-09,15.529189699217511,76.67411504461947,273.3846014538045,-414.4835770976506,589.1328004700922,446.2677176275811,860.4015198952414,244.1987417296348
398,design_000398,390,0.02774135499047804,0.01715008024576513,0.010185593093192872,0.07637344362759668,387.5,82.85000000000007,436.525,False,23.327481243535225,1.8680587483315858,0.0,-6671.9392284717915,16918.712150805994,4618706.598303704,9.78095270796519e-09,479.1795657250576,-551.5797868028845,422.80095811872076,-191.47078763228689,510.95286410634867,222.37940431478285,737.4632447131866,557.5184080055317
467,design_000467,391,0.02779547896229398,0.013011908297418861,0.016312991427163276,0.06669061758637715,383.0,295.475,419.525,False,7.34186982681956,0.8831754080586353,0.0,-617.2458983435863,209279326.80343542,8551923575183.888,9.923745157508481e-09,1419.4105854559427,-381.6839074060598,995.1810819906077,-585.9276951090061,1790.5640741350792,20.937320123683662,931.0645097897072,219.905204835326
317,design_000317,392,0.027922915522232573,0.01146341952099918,0.019022630768435207,0.06120630059510288,388.0,296.95000000000005,453.525,False,5.936096286385078,0.7274970098195045,0.0,-3700.462679828654,8895.111580389113,37023147761502.69,9.21657253212898e-09,-108.25494428156233,214.12824843009847,113.4737135744057,-13.605254793459387,365.3381148207813,-163.55523955280054,1449.5434603703723,52.03152268203192
457,design_000457,393,0.02798177884751536,0.016813934347159807,0.011023167450054917,0.07644848503655033,389.0,111.27500000000009,440.525,False,31.86434759464058,2.4860355922939856,0.0,-395.34353393614646,8940.29755520475,12254.468380479206,6.239559422291818e-09,578.2432927758215,345.4145888897651,613.074524529162,33.03509318908618,743.1370880531736,-223.14897283826195,499.13072923772756,-486.5913958177397
371,design_000371,394,0.028061370857337987,0.014662477298014662,0.013799550315778614,0.07005070124357878,390.0,220.0,412.0,False,15.027367195848184,1.6318787587288137,0.0,-648.1226688835053,1000000.0,1125490.4135140835,7.494989931705694e-09,927.9751718615479,-531.7000910218029,904.8299384977538,-119.93879635275076,1067.5900790342998,168.48198155835595,948.3873651584631,501.2779557645235
383,design_000383,395,0.02809329681692709,0.012883628525503657,0.016765877793645585,0.06704880030030587,389.0,309.95000000000005,424.525,False,3.73176864149402,0.718321280744623,0.0,-2648.8812004365645,2275531.4322345443,7410962.43978096,8.551396381518144e-09,985.7280757596725,-573.6961364533242,1259.8023625297733,-177.22415012644927,1133.8034039327515,313.2190223275686,735.9818176926641,474.2404680978802
355,design_000355,396,0.028164806043102703,0.01465708674723896,0.014189688542689786,0.07145579266981762,393.0,223.95000000000002,406.0,False,7.897743768630277,1.1719096741926947,0.0,-16424.944015202927,365501.4223256473,11770174.04692323,8.691098330833304e-09,772.2329737027885,-424.9750568751331,1065.818039415442,-202.44350805790322,931.2497636032829,213.12840100641188,852.6586987642526,525.0199806942601
136,design_000136,397,0.028382935139416803,0.013907349857213161,0.015543466151241296,0.07030678516766671,392.0,269.475,417.525,False,11.747582541346734,1.1485062325077553,0.0,-14823.10816349125,1246842.3085433769,30477070656738.723,6.8643086303641445e-09,109.94236314352965,-373.57537485174805,814.8287467891441,398.9531980182343,-32.043984676002985,312.90855250341724,1074.4084255468654,455.4136606763983
502,design_000502,398,0.028665661006651934,0.011429798956838669,0.019771055405563093,0.0639259873209033,395.0,312.0,475.525,False,2.900381358944188,0.48433336311227376,0.0,-5348.045097868745,74607.63286803232,39413164519284.47,7.533529984583965e-09,1534.6269072187556,-560.3816933944032,1756.6913341133823,649.9538144128439,77.28564384902143,-241.50445950517837,690.898378557988,511.7514566819991
453,design_000453,399,0.028738709832594078,0.012723388293368857,0.01865819785629129,0.06740638048959793,395.0,337.0,451.04999999999995,False,5.932652807656829,0.5164041514104794,0.0,-581.5733713488208,12201.348062125264,741785169.5175277,2.56979996020021e-09,733.5678353469598,-517.86178293937,-25.692761041729057,394.4181274747325,-319.45853878846594,149.81794646747937,-10.5365505424179,-390.99389881160016
395,design_000395,400,0.02876291883586831,0.015364209599757346,0.013673520110979796,0.07283352268749725,399.0,206.95000000000002,413.0,False,12.462720268174293,1.5148164639806858,0.0,-914.6607499839616,125562699.73263982,14567663390.350203,9.609125912036428e-09,1135.2648037423783,-608.9722900033107,981.4462485532748,-309.4758501911341,935.26124717843,145.1042476896079,953.7512526302678,585.0539159582654
392,design_000392,401,0.02898322404012087,0.015146199370532394,0.014157666907100882,0.07211316108845334,401.5,224.47500000000002,416.0,False,16.722527038874624,1.7636192234869417,0.0,-824.216360904321,363064742.5059483,2428925972.7128177,9.012338992793717e-09,1226.0491055934033,-551.4217621209367,992.8880543337713,-174.11004398882486,1029.251316825575,224.89754036649862,971.9917150599722,574.3970932882866
300,design_000300,402,0.02912923408422709,0.012473673826811327,0.018105715083363793,0.06703050359416048,396.0,325.425,448.04999999999995,False,5.60134460719651,0.5137720896119,0.0,-3155.334642982678,7618.454514164238,10166790052035.742,7.539709311488341e-09,-254.85925310326786,-435.0531248357861,207.7703799181399,-13.616095661044135,289.369606448411,485.1791885171437,1434.0553932157645,518.044902764048
491,design_000491,403,0.029227543703072834,0.015266091908434552,0.014612406586332267,0.07298029949134514,402.0,217.0,416.0,False,16.50856853611904,1.7729930808379695,0.0,-4441.275063707669,202486950.72694,244350487527.1379,8.41232556584021e-09,897.9387728464751,-508.13061797502576,873.3376178363885,-15.537732192591761,1642.3640428335311,-123.60388738872939,1135.486945250398,-360.85198891448454
215,design_000215,404,0.02923463438196112,0.016591084104539768,0.012110327701557452,0.07605600232209095,401.0,134.95000000000002,428.04999999999995,False,21.88394135400829,1.5674809259989646,1.2229340753922819e-47,-46.912596953810024,320.2152244211555,72665.14821871881,8.687459299456851e-09,-491.20336787414516,-614.3814313647158,480.72800755788535,191.16485913891202,-48.00659724587334,164.45068403805573,340.5518472003284,-242.86490651498042
473,design_000473,405,0.029298246542322288,0.013347169259695668,0.017249671674184223,0.06761464425237881,398.0,290.475,437.0,False,21.628935519158105,1.940706604044194,0.0,-13996.12343717379,2315733232.212076,30120609073.601917,4.610108817327748e-09,1049.8380181974126,176.19046244606557,1094.4713243094575,-247.94847072728527,1663.592512099091,483.26789256873576,1404.581543518812,359.06841787508995
408,design_000408,406,0.029548972457733212,0.01727642819259205,0.011782113724880425,0.07812316841316022,403.0,130.95000000000002,451.0999999999999,False,22.76512027235598,1.987947089147606,0.0,-9720.285657981176,23767.004035512844,1279.735214457365,6.562357729359964e-09,512.4418458705987,-525.337506226456,861.6108259840539,-144.03618613013492,465.3029015628187,187.94468940334505,534.6755101001752,602.7231009364968
487,design_000487,407,0.02972191352059543,0.013611308865677942,0.01707854705941634,0.06909758084615633,402.0,313.425,433.525,False,10.31693483928016,1.401326898536521,0.0,-5739.088837808866,337970722.2723748,5938258274.250923,9.42010379720783e-09,991.9676540485514,83.07076124297669,1742.0499384922725,-192.8821351813222,1395.1165637717868,-176.2076154348087,1232.0301933557748,-380.590077584221
232,design_000232,408,0.029763524116105878,0.015341303143336881,0.015706129714050835,0.07318506962467634,402.0,235.95000000000002,446.525,False,15.85226263683131,1.135645143963594,0.0,-968.416505784453,2358.539869225375,101559536718803.88,9.896057049562394e-09,-417.9817937077812,-431.29783805922466,72.90861715754173,-309.11588517092366,400.98635744753585,215.4874585862411,1839.0962290445711,550.5062306299437
352,design_000352,409,0.029913791767857367,0.017653875272052907,0.011176334673601433,0.08006896338354763,407.0,120.7500000000001,450.525,False,25.585903654308844,1.966720170883675,1.305690860865164e-87,-86.88415963570469,1893.186972810646,20132.53259837825,9.890748991395034e-09,470.83373112936795,-588.680948154892,469.5056274872936,-221.68392615665778,546.1137347920851,221.13599656517,621.6178606232788,567.0626020965643
501,design_000501,410,0.029943315278443877,0.01563325012466432,0.014552058835121678,0.07507904710654083,406.0,227.37500000000006,433.0,False,7.434954108721632,0.9669234598655582,0.0,-607.0903822743014,72709692.73538543,37454184124101.664,9.966727658082209e-09,5.139597710594558,377.7619469101469,1109.3602464291955,-704.2431044098397,759.9252960966926,320.0858850421587,1451.338682783379,-769.8500834623256
440,design_000440,411,0.029964862481128028,0.014640052625271256,0.01660612769235946,0.07291070188494683,407.0,294.2750000000001,435.04999999999995,False,8.433346303072653,0.668127485098195,5.665516510908637e-54,-53.246760490458676,8483.740158929668,44423038.07080564,3.443176729687483e-09,412.3084423706098,-164.37260339120712,-322.7365416249046,-296.2185709068486,142.2231851303605,396.8642937105161,691.6848264613673,-529.5812948742168
21,design_000021,412,0.030122508895888436,0.015512003380390566,0.01481870775151954,0.07486606482175115,407.0,221.47500000000002,437.0,False,21.035591869840093,1.5016913187907068,1.6990817178141525e-38,-37.76978573311312,291.2810911642694,19483.61422735352,8.409950978342603e-09,-67.15531089150022,99.68734148064632,534.2266435457154,-0.387930798845435,333.14866678240134,-441.7824745037475,322.81118541481453,238.78994413636786
508,design_000508,413,0.030124108796377988,0.01367538579431748,0.018778127904353226,0.07183467541119512,408.0,352.425,446.04999999999995,False,4.754581090333644,0.5536617853349245,0.0,-1562.2764704853644,7156602.522526678,13951950943452.848,8.237869532342236e-09,359.815128028457,332.8683200972123,1160.2075219922572,747.4627069834553,974.5496731978685,-601.8249225547463,-227.2641543148506,48.69404288230908
497,design_000497,414,0.030194152291983568,0.014770208369319481,0.015950761398116575,0.07345738084700437,410.0,288.475,421.525,False,5.523259368671409,0.8289513183365173,0.0,-1728.6291890934353,132699702.12324385,22147564908609.27,9.96151738320865e-09,724.2533230773395,414.42684310895834,1075.7740126093906,-226.3071550939345,1658.1825159102582,847.4231709781188,-468.00607207460496,-671.3413469172758
369,design_000369,415,0.03023820122632143,0.013753015992927217,0.017178978304797764,0.06936044615530194,407.0,307.90000000000003,440.525,False,19.52512066454377,1.8301056650140353,0.0,-2115.2444020445982,810572190.6932331,133434174.55492975,9.979008136013605e-09,1240.059388980626,-609.2603220242974,1417.6808156370853,-142.73720838306775,1044.8878530269578,165.13799390551802,1275.728824578544,565.9039604698343
490,design_000490,416,0.0303192826102202,0.01407605596291807,0.01695053540665108,0.07080788465771158,409.0,302.425,431.0,False,6.831440472564431,0.8328531652404392,0.0,-373.5064127460526,959500001.9209616,391747531370.4528,9.94920527145996e-09,1318.7391215648959,-505.73178032180675,769.0830348708566,-585.4829653711555,1622.1138290936558,496.7732972471845,983.8006969097216,287.4116592135092
112,design_000112,417,0.030963813074937983,0.01605690520067401,0.014760788270600667,0.07583698318639727,415.5,205.32500000000007,429.0,False,9.899909170849131,0.8848250336075731,0.0,-2660.7530456266127,6461.865821773942,6867782850718.945,8.118982210095687e-09,183.46340283007635,207.9079495636465,293.12074009949134,-125.60909196830777,469.9461088863062,-321.4460844210403,1326.0359395614162,308.00472460708056
62,design_000062,418,0.031005363696032923,0.014142782559829056,0.017767551335460638,0.07084216647010576,413.0,297.475,443.04999999999995,False,6.095983196343852,0.8256324619839013,0.0,-6832.152121363428,142631360.73434106,48716043273492.305,9.629106000510022e-09,1770.0199975233618,239.14838705627773,116.0939697217948,150.65164437046354,1179.350133564557,378.5960531473625,930.3537413079114,-158.655359799125
481,design_000481,419,0.03117342702225254,0.01306588022764688,0.01932422140257104,0.06889588219333198,415.5,329.0,454.525,False,18.88419113666372,1.7814743303186087,0.0,-13127.436675044934,152967368.64606667,432528365881.9698,8.467730949666153e-09,1308.1664848086516,281.8244947549333,1772.6269544977856,620.9284209340203,1066.617867115849,148.6386231605013,1693.4614124281647,224.9589083774746
362,design_000362,420,0.031207802647213165,0.017995892362830324,0.012238570100173318,0.08021858290836226,417.0,123.42500000000003,450.525,False,24.897977221706988,1.8515092452710709,1.3386409105890206e-110,-109.87333590653141,520.6868883137959,1474.984277292307,6.185224053850275e-09,388.5051507031561,-584.3823426857551,311.75232597975565,-153.0319751337844,502.89813544794936,207.3349563069226,116.92673941625173,508.97049478618936
117,design_000117,421,0.031305892668420675,0.01814686356603153,0.012246125631529393,0.08098897102213394,418.0,132.95000000000002,459.525,False,21.719283307163995,1.6919205216131252,0.0,-1315.7988652086642,3192.2218289849307,16670136154567.977,5.164342025970875e-09,1991.4971705938037,554.4184616235806,418.66276331503855,-584.7409933843023,513.6445486215891,233.74174869255125,297.4996742186861,-189.303573850744
373,design_000373,422,0.03138652826189303,0.015041385414766222,0.01651232904823066,0.07407225560778177,417.0,305.425,432.0,False,8.62869093647388,1.0108258096963172,0.0,-624.7397574395827,1000001160.6993518,7100690979125.127,8.418040154645254e-09,1391.2586445200923,-481.2959542941069,1112.3648840254564,-187.76895949913134,1043.055954229615,153.37346870654395,862.8755425522584,638.7726013060818
301,design_000301,423,0.03149975487456732,0.016227775199581226,0.015671877242183763,0.07743427688645177,419.0,245.47500000000002,443.525,False,23.143170519146214,1.6897444803035342,0.0,-1301.0556390373213,3148.193119583298,44592792000325.84,9.94897392899981e-09,-20.81689813718822,215.58925515829645,220.4985525591207,-501.69185469499433,499.10734881182395,188.33379176756898,1720.491289380367,-379.3379860298755
8,design_000008,424,0.03190098558785117,0.014408396485419238,0.018442974411113384,0.07149209253078692,419.0,312.37500000000006,449.0,False,5.784588835864549,1.034952711582425,0.0,-10494.285622355708,22064339.148063943,10120054782022.154,9.051921813582802e-09,500.0,-550.0,900.0,-150.0,1300.0,250.0,1750.0,600.0
16,design_000016,425,0.032134554966932204,0.01512098606722953,0.017605382831616254,0.0756984638846081,422.0,324.95000000000005,444.0,False,3.2206423569156297,0.5764427597045994,0.0,-15942.18764739104,38066.74595229527,20978963.109588552,8.784037851649449e-09,-75.68066917090515,154.43560322382152,1078.909021161489,-207.12831140927096,431.81133561245207,-705.2086917550665,183.81431092785988,303.9366880636362
433,design_000433,426,0.03236056264975104,0.017134783267201005,0.014940990013634529,0.08115016864698775,421.0,222.2750000000001,463.525,False,23.020913340443162,1.7034911490720597,1.242357770048157e-60,-59.90575331947103,320.31227673873104,69488.51418548732,7.76095783529159e-09,-330.61221234070047,452.80384415794106,138.07170531201808,-381.3632608469784,497.02740613062485,339.31280097825174,473.6937778006984,19.150999826744396
305,design_000305,427,0.032737402805906556,0.01235678356815881,0.022328756145612923,0.06929246081296582,426.0,362.475,488.0,False,4.456961281447011,0.5840688190217338,0.0,-663.2251318589019,1619.8680121060631,19891482635123.598,5.052238131141982e-09,-378.5406449883804,64.71632984476955,121.45655329277403,-18.15657197220108,376.1081636659031,-184.2822447139415,1680.3065982862672,612.6760919368483
375,design_000375,428,0.03282944106860176,0.015391277775457705,0.017386376251521795,0.0765884382015026,426.0,330.2750000000001,438.0,False,5.14953145177681,0.6994473239368272,0.0,-1513.041037539654,4849.103743857007,53832.281640295114,8.825994660455624e-09,963.0009540675135,-605.3275701585965,1036.0431385197624,-242.28125255641856,1006.5399758121742,166.5461434110419,934.6278809322845,574.1053302262517
70,design_000070,429,0.03308365493441904,0.015171396350102704,0.01820071092682666,0.07450514487279604,426.0,304.8500000000001,448.0,False,6.905998658060069,1.142227720511002,0.0,-520.0435959172532,17512168.362407476,15272990158368.082,2.9724819493689516e-09,-127.79670695255234,350.4098442707173,992.6637798945826,28.030599976917856,1282.7811701582646,334.1388069825764,329.64147478307535,-476.18424559409044
388,design_000388,430,0.033823096729395,0.0177808706475698,0.015242687412721657,0.08358600549402762,430.0,226.37500000000006,475.0,False,29.2634296737608,2.0662276614609962,1.6452315127425014e-258,-257.78377298061247,1852.978847500543,14114.692130275054,7.518307497263765e-09,600.6996664665662,-537.7569659504006,655.1091315369363,-151.009914078088,567.6584457865717,128.33980783341866,243.05084584784916,555.1174954105763
376,design_000376,431,0.03390092909140147,0.018703785985075636,0.013166544261467855,0.08551870737237877,431.0,182.95000000000002,475.0,False,21.255962618117017,1.6215305309069377,1.4636292163989223e-289,-288.83456892988085,3102.38104163261,649694.0873243662,7.592133537185063e-09,466.5135231001179,-550.5221999222357,581.2575191323743,-215.5775888364859,354.1437490502507,215.4396251285793,660.6237826225902,538.7096626591382
469,design_000469,432,0.03417177760091211,0.014578083762981338,0.019738860356678444,0.0757264378814699,432.0,370.37500000000006,457.525,False,5.214515542310781,0.6758908509501826,0.0,-5984.814151002513,3640364.75886777,27184943663.09499,9.500617400285246e-09,1510.9062568417785,452.1191210592292,1511.1719334887903,-468.97077224736336,833.1393454592828,463.3012460973914,1195.6417356485902,348.04523583175444
417,design_000417,433,0.03452838936346903,0.015208320762609842,0.019259469194772658,0.07677775664127956,434.0,355.475,454.0,False,8.292955541654495,1.1189646068243495,0.0,-343.349967198319,901998390.3431903,14145107366.550533,9.979282895076853e-09,1358.755610613949,-553.051069550786,1134.0466156996415,-285.94429660073314,1155.3606396161358,148.89439896597725,1355.5056566011615,483.62310539632324
354,design_000354,434,0.03488803615028962,0.018999288796767808,0.013698363766980123,0.08742803488433616,435.0,193.37500000000006,482.0,False,23.964279589802857,1.7856007421229898,4.2087500731704266e-247,-246.3758468630535,3800.486808804557,66497.48101050704,7.514529565628917e-09,458.43184283802293,-558.9627022848354,503.0040147217681,-227.00185716498322,498.61338611042794,225.11496544105233,619.7964761260183,666.2677547077842
39,design_000039,435,0.03507931796139573,0.01568312057849014,0.01876084827275067,0.07921660193598944,438.0,330.07500000000016,479.525,False,15.908310508464027,1.1723378838275376,7.943557202080946e-36,-35.099984972726745,801.114260015012,207972.25928869372,1.1100042087621348e-09,464.18896726645363,-65.84232151425792,-222.30978479705593,45.728626879150404,515.784948670729,-467.3251916276884,147.05098798432718,130.03373462622125
511,design_000511,436,0.035144459140874836,0.01748779279573597,0.01717613782228794,0.08338290995673182,437.0,293.37500000000006,469.04999999999995,False,27.31368174272183,1.975020437937782,0.0,-4135.492927657481,10815506.339913182,18400035514913.86,9.713116706010036e-09,218.11940270157186,-623.8896910632166,1448.8211558662465,-318.2119138988138,579.3324464561113,83.49719903652522,2037.8573984459263,-16.77134221001586
454,design_000454,437,0.0352040691802211,0.018549590170648445,0.015516045932746516,0.08608730754953044,437.0,224.42500000000004,477.0,False,25.9001760797633,1.97296874336306,0.0,-464.97913553605554,1311.6986521142023,220157.53968075302,6.5379654436113625e-09,432.8341133703775,171.74078587099973,136.23497975939108,568.5828278343968,-163.5923553962317,590.1632283950364,731.8934414756468,-99.40566905111956
118,design_000118,438,0.03550505068848839,0.018541804234221144,0.014114376676718426,0.08537825551504427,439.5,207.95000000000002,468.0,False,27.9134103486842,1.8832211963133945,9.067390673883045e-70,-69.04251767203267,333.57524877283635,151862.3355944336,6.607440387544676e-09,475.4704074002207,-0.039873058822053054,314.7883647242132,-254.89664502215834,192.99286452545084,41.81379013920969,-59.29938088553316,323.4438826433517
299,design_000299,439,0.03553831163209328,0.018416133306251036,0.014904823830029779,0.08596125528272995,440.0,241.47500000000002,476.0,False,10.933051943854682,0.9711247022694584,0.0,-15416.615353315914,36853.73031281436,3908806.9217099412,7.0059605423777125e-09,-142.41613763486316,260.320660039632,265.26778924460973,180.71801134765266,496.67946459984773,-510.75456804945975,1062.3045974286838,-165.8029313672045
41,design_000041,440,0.0355613239729123,0.016245092618935007,0.019759135855885228,0.08120836403789781,440.0,351.90000000000003,473.0,False,12.458067603944674,0.8315743894986195,0.0,-5685.5252565924775,13554.611255047645,20405209288291.742,9.303542126132526e-09,444.53063110142864,-189.29741244803577,-410.7507336832476,-329.9925389110138,55.43282203337448,-374.349763685577,1637.2910148564526,-190.8392928776256
189,design_000189,441,0.03556699182517127,0.018790532372082128,0.015142419751723186,0.08703093190258264,440.0,211.95000000000002,479.0,False,23.972404089637696,1.6269625056040646,1.633553223138919e-36,-35.78686671111876,309.6954637551555,4801.394551018646,6.55918512894209e-09,-284.5728947951063,325.7261270795903,472.97236165594603,178.343677741718,503.18576443506356,-193.65361637983892,-285.2189468570282,-522.7447877424149
60,design_000060,442,0.035623844322455564,0.01603689815888894,0.019062852194955168,0.07880099737868779,440.0,340.90000000000003,465.0,False,3.4908262502560667,0.48677380901018696,0.0,-2623.238300774733,6340.869357961524,24938664184230.84,4.103468770164933e-09,64.52145695386295,185.15022382959333,1318.17313828814,294.94916941757214,376.43332022541097,-407.64698800538224,-448.6059384294291,46.66955806589266
465,design_000465,443,0.035627305575917756,0.017778145884322114,0.016674214996487486,0.08592757603783766,441.0,280.425,465.0,False,11.366978716392659,0.943243829397337,0.0,-430.2385496864522,2307.675901939027,52276270.850991644,2.108508555695725e-09,331.96538119987076,-29.76706385139323,13.049967041204354,-448.6778957569807,690.2301955034166,-364.7108747868616,650.6369298308058,584.2494762875774
466,design_000466,444,0.03575814642115992,0.014410311827590536,0.021622794126635893,0.07627098107491456,441.0,393.0,470.0,False,5.2926449072959425,0.7376215206821298,0.0,-4322.7335235289975,317393.504285647,129758088267.21878,8.225387776248834e-09,1419.1856177956856,338.4127574436385,1529.4762633585426,591.7905067454064,1280.2455385678056,106.23050468116799,729.7028732625132,-353.8344214352454
488,design_000488,445,0.036076594194434826,0.015084032374074331,0.020730305146455828,0.07801537689937978,442.0,389.0,466.525,False,7.428345339501949,0.7868188088184365,0.0,-1048.5460307858182,4635600041.062539,108532201985377.83,9.971863439193359e-09,946.4878198196584,-353.7398058937583,1205.1026805306003,153.4693509888382,1723.0229859293408,-450.52651409878814,1777.9097850870062,452.3922414135966
344,design_000344,446,0.03609619855185747,0.016940036527685557,0.017821272167521232,0.08148105210600334,443.0,308.7000000000001,460.0,False,5.9440915418723534,0.866923314221876,0.0,-1217.9987518324058,756272.4320659623,171606221446.22943,3.4992918164787997e-09,-422.88845763800487,-594.2671557424115,313.71307191641824,-529.0524759831086,267.58380299023503,-228.8082338581546,991.1889575200834,111.60624215962784
50,design_000050,447,0.03611655893732844,0.015632377712389272,0.01991465046741549,0.07929022095600467,443.0,374.07500000000016,462.0,False,12.100644301203817,1.2219940012154682,1.2995985988634657e-228,-227.8861907655528,1000005836.5609014,2283290465656633.5,2.177695424200213e-09,319.5287228930851,-178.02210334627006,1422.4628492358759,183.46649601643614,1179.2099571583055,72.90705464964074,-272.8796673636563,-567.9927451419169
208,design_000208,448,0.03656953218544534,0.014498789123548716,0.02221129917483477,0.0764958473878177,445.0,406.0,478.0,False,8.229637150275272,0.7034027306968094,0.0,-3243.019813266236,7826.554717823092,46645902247102.28,7.389292805204203e-09,1391.1241800526168,97.77394909078228,-12.601915923645102,212.2070084937808,216.07504340163774,100.73935573020908,-320.04578937299016,170.61094805618313
476,design_000476,449,0.036569627576076805,0.015455164709324749,0.020913617600384637,0.07935871644939138,445.0,403.0,463.0,False,8.106853811573437,0.9705972598626985,0.0,-3749.382663624175,682292520.5670334,34996288162.14614,9.912961192145862e-09,1117.7304323957892,-95.31800626334967,1556.251160989346,-189.6354965829213,1317.4475952655912,-363.5349385489278,1802.7763786038417,-306.21802143978016
404,design_000404,450,0.03686533189210223,0.01554578222297269,0.02069219770914469,0.07976820280732105,447.0,394.90000000000003,466.0,False,6.730768981842244,0.9617814029085532,0.0,-2157.6029223634737,442302496.0857921,19051509.558049105,9.21632242854911e-09,1305.211409465008,-551.0045812049863,1354.5976499344918,-200.095567739954,1152.782193170601,116.59670306285356,1045.7027043496803,517.2497636963443
384,design_000384,451,0.03691542888392613,0.015651108007511676,0.020804773578343167,0.08015684797012129,447.0,397.425,463.0,False,4.15350792242077,0.6208293095492141,0.0,-618.618302002759,606923502.0873841,113912985136.06465,9.712419641906122e-09,1336.716658299864,-570.3089572766986,1197.4710035551436,-174.6168515114923,1179.3461511802775,226.74816740350187,966.3535138438756,582.6056039083345
94,design_000094,452,0.03722851895666052,0.01726606321944694,0.01877888849028213,0.08531009141403338,450.0,339.0,458.0,False,7.076420939289437,0.9472985486515119,0.0,-781.158898499525,31091.921693268945,522306601.8740761,2.1766460109453613e-09,-38.18555575577172,-567.2439422052879,831.0465041705387,-185.10750667714623,226.54127579456502,-191.7252340315561,296.91570666659817,-452.91611428776815
368,design_000368,453,0.037307485547138704,0.015075524906664776,0.021860118937527838,0.07927414398857967,451.0,407.475,473.0,False,6.701647472792237,0.9628134084766757,0.0,-341.0939923814185,223104539.14763686,149548153.47705665,9.570376003420779e-09,1250.3830491412998,-479.46755858573607,1491.0296027006166,-156.96547438702305,1161.991432454509,105.07689891107242,1263.2030387238535,532.0251978308855
175,design_000175,454,0.03769617428108336,0.015745295425463945,0.02121577549144325,0.0801670068140323,453.0,387.80000000000007,472.0,False,6.64285069930503,0.9108424190079175,0.0,-952.6945157448641,310290142.802407,48278875680644.44,9.822124884777429e-09,1240.8212150423635,49.0410023096293,146.45090822582995,163.10694192555192,301.20077779687176,-298.0325270378658,1741.34418959873,10.94460706206859
459,design_000459,455,0.037704846581599914,0.018312785877691754,0.017475845662461957,0.08797523322320662,454.0,288.80000000000007,471.525,False,11.453389627177389,0.9494788422019351,1.0786574840921678e-57,-56.967116438897854,1912.3077303287503,1955147740.9886813,5.3817568219647894e-09,178.1381151623416,136.83582698625503,702.2143193162847,552.7256111193847,290.3049825248678,430.62580342301226,39.319019204468475,521.5991531124978
390,design_000390,456,0.037726655937633524,0.015852549879965202,0.021144621167952026,0.08131345281734606,453.0,404.8500000000001,470.0,False,2.9162054340170727,0.6033670368162386,0.0,-8353.956823681558,5296194.576887211,86355653.88619575,9.748013089158522e-09,880.4998756038979,-523.1130831348212,997.1521394161582,-193.80001218918764,1234.4423041164146,155.37159208070955,1257.8552044090738,614.2324312607742
194,design_000194,457,0.038029937345538375,0.015250592539649239,0.023046731215550058,0.08248606748095019,454.0,428.475,490.0,False,6.171309776175279,0.4826892646010267,2.008713890082412e-05,-4.697081917312063,67.87187426147311,6785.425253938802,2.5535836121645616e-09,151.32631054711527,-546.554891507986,-200.4479015210262,163.33408888701535,-103.61357989601395,-598.7049991267716,132.43511981912042,171.26997802622256
396,design_000396,458,0.038135708777718116,0.019853013886068,0.015458064122455721,0.09139202627090486,456.0,233.47500000000002,488.525,False,17.647839036882058,1.270729121736607,0.0,-409.04889596511237,9023.518347876656,960398.9630397451,9.352837803793122e-09,674.717511733254,-565.9736944063287,522.3549647233046,-230.47923267847727,367.77116491082114,122.23968043675711,516.491456575922,543.9401617798295
9,design_000009,459,0.0384472143238627,0.017059647220931815,0.021492370399507552,0.0864052327238619,456.0,374.8500000000001,483.0,False,2.5692413075502962,0.41356731714085154,0.0,-3665.1886056694393,18696.340371317347,4868464079987.532,4.150098266764442e-09,-300.0,-450.0,300.0,350.0,900.0,-350.0,1500.0,450.0
6,design_000006,460,0.039131761727201286,0.017575764485138014,0.02086496723606213,0.08872063253123766,459.0,383.8500000000001,493.0,False,6.019917379062349,0.6876963719016159,0.0,-2571.0069368874993,7008.398656317409,28720004594097.48,9.519106273697885e-09,0.0,-500.0,500.0,400.0,1200.0,-450.0,1900.0,350.0
357,design_000357,461,0.039166874302620384,0.015244211604227727,0.023198302106704326,0.08148982182310406,459.0,419.95000000000005,482.0,False,5.860583391426964,0.7041806302215542,0.0,-5952.653551408781,286340372.27896297,158066238.1503873,9.167241307753464e-09,1417.116422945496,-652.8504414977017,1374.1431062749393,-133.94800706493558,1198.1786661498693,133.33563378278876,1506.207741636799,508.7404519916305
493,design_000493,462,0.03981518408992501,0.015015279444245208,0.024484521332932028,0.08188667266715445,462.0,432.0,486.0,False,1.6476442628833947,0.3547258041754792,0.0,-3547.050845276805,296674152.8277189,4923878534166.187,9.997755082023283e-09,1201.8919812684114,-448.6492869907635,1848.2253041105694,557.2599485437597,798.4374030250602,566.2522148434798,1436.3900537177224,57.24185683864414
350,design_000350,463,0.039884839442093756,0.015791479130560303,0.02310272213884228,0.0833252174876794,462.5,430.0,480.525,False,5.496226040480772,0.8480947268030252,0.0,-1156.836736260337,547814547.5372607,467171280.04363,9.965166003298421e-09,1302.8352320830559,-559.4862314113553,1187.8886895427213,-212.45355495531095,1409.9408763486476,112.45792339982903,1254.4534150816683,506.3229298057996
372,design_000372,464,0.040360360981793214,0.020018088961979392,0.017190746978904495,0.09398599416011935,465.0,266.2750000000001,490.0,False,11.103138562772338,0.8702176430747304,0.0,-350.7182572452777,2971.7277791650818,1153469.0020530869,7.4502649166336035e-09,644.348736601361,-517.249026965979,285.2305972109418,-185.92590953364376,268.55912910075153,142.98856246049124,540.27530686334,551.6701693346582
458,design_000458,465,0.04036884935473635,0.018901811164422473,0.01803375489488719,0.09096559545330571,465.5,336.90000000000003,484.0,False,13.88264776470453,1.0143449777494649,1.0516400921762073e-295,-294.97813286543465,918.6709874594178,396518.8003627326,3.830829705042246e-09,-187.03003661565103,357.38365455173664,636.8494484328243,-268.80462563706857,129.8927342710765,541.5217467122809,144.3810199010801,97.36730321596156
479,design_000479,466,0.04040322283351218,0.016299781005710362,0.0230010517496914,0.08546702612783,466.0,440.0,477.0,False,1.9377605222263046,0.439003961418998,0.0,-7563.903028691763,75957109.45144312,2673328339239.941,9.872429528257097e-09,919.4911839140427,544.3918078045024,1839.4004347788493,113.46256226293485,1265.9888345091986,-205.4621793653966,701.2014241850293,-505.20038041309533
428,design_000428,467,0.040421517175369286,0.01831223408328864,0.02046409404973758,0.09114539610305153,465.0,377.90000000000003,490.0,False,4.328529128407477,0.5361494466607105,2.5211824131834077e-185,-184.59839573101019,3345.31478961585,100829432.47603068,7.453488517874742e-09,-204.41477529185394,202.3655150952053,469.5906938263947,-574.4898394320942,579.718461536473,536.5001745146913,236.9842828357148,387.5343872599683
359,design_000359,468,0.040630077830601734,0.020480338223780033,0.01632927934777491,0.09556367626425392,465.0,262.32500000000005,495.0,False,23.339302696805724,1.6789103637356209,2.4430435443202785e-217,-216.61206879217946,943.153933314177,1413.9195274255464,6.50698265684592e-09,421.45244548066205,-536.7571297353046,600.2646094193276,-97.52192946330743,416.63867136505206,109.65784282717482,505.44449392407375,562.1542439183839
478,design_000478,469,0.04077529964557793,0.01638567914934467,0.02329819113407879,0.0856328389025315,467.0,442.0,478.0,False,7.704850704904242,0.767197751656318,0.0,-533.4039306594685,654628838.7501845,59732934208.68506,9.915920273166662e-09,1796.7415393726355,-373.018140714792,1129.9522415265437,-69.00240747590158,1491.6376246883747,-365.6889436198223,1805.4145670782602,-7.123409092398447
358,design_000358,470,0.04095774764388876,0.016581520588871274,0.023032266128047693,0.08597284194637562,468.0,438.90000000000003,479.0,False,5.55635690882504,0.8551212677552339,0.0,-442.13211089246664,885491734.7133375,3899305367.6658306,9.983917703400454e-09,884.5635096663109,-580.0268201182693,1371.9705221362317,-210.2712978726077,1207.151323766822,326.7062586871318,1297.904245176957,583.4205465996401
380,design_000380,471,0.04149382087801332,0.016467998910573628,0.02368227959459414,0.08619309370680885,471.5,445.475,483.0,False,7.206764968805384,0.6896333249695441,0.0,-2307.220754488052,4623321155.745412,3764569197438.845,9.380880949625711e-09,1645.8844847907276,-480.35493645270856,1290.9796122528844,-246.3151671638785,1291.238317835735,203.2932822914862,1294.665182230304,585.5962061267459
48,design_000048,472,0.04153300210547364,0.01892007373535937,0.020008815872050043,0.09312651853864787,472.0,379.37500000000006,490.0,False,21.372841518457772,1.4355353562444746,2.773965344550475e-41,-40.55689896891685,272.2388652139832,3733.84447530368,6.230771487131016e-09,-194.1204141411044,-630.1862336039336,480.2081443728431,51.95483360121999,150.5333145539323,212.99889491496123,131.92894126752384,-592.7913556574222
496,design_000496,473,0.04158634987780483,0.016562694086534952,0.023997362753703746,0.08689662069765018,472.0,453.0,482.0,False,2.8159933288654626,0.4841015100494573,0.0,-14583.513731053148,224863214.1646799,145991498095.8516,7.850939504156673e-09,1164.0971929292837,-110.76176880600252,1199.2245832441897,-389.8240086854417,1370.501221283375,639.8052906079574,1883.9315945792193,617.0763929620473
183,design_000183,474,0.04179212309085931,0.014752556238632891,0.026393683694119707,0.08310393220588341,473.0,432.475,498.0,False,5.2892174969030075,0.704495452012445,0.0,-1365.5983218651197,112688438.09873298,31162714863687.984,9.765193202633838e-09,218.3238339101391,-123.35884332902265,1699.311779315417,57.36347181609584,1312.4524892708912,27.197948655862167,1312.41900618739,448.54339833888025
402,design_000402,475,0.041953953667219705,0.015522696093581931,0.025595580957261194,0.08491371768238748,474.0,439.475,492.0,False,4.5830054904065,0.5750038659320663,0.0,-1014.4522322981485,177891736.86099607,223090309.88269815,9.107655352961313e-09,1243.8235085528386,-513.0334018236459,1206.4170611349336,-204.86700043090548,1579.4660515236794,87.4793401265703,1185.9975894686472,584.5326961157917
506,design_000506,476,0.04207876785347544,0.018458360915935817,0.020974761003032215,0.09162407729116855,475.0,384.37500000000006,485.0,False,5.690735996312522,0.7896143842753628,0.0,-1266.4877376596999,142264488.66219515,44465981769593.39,8.957975896914615e-09,1709.1049623273389,215.56258510140833,1418.5625479098323,246.15803447789358,388.7568918708282,-159.34103572053255,-516.3660040967769,340.58865476020696
386,design_000386,477,0.04233166339063961,0.018798110451301354,0.021090913191391673,0.09345344127488937,477.0,383.7500000000001,489.0,False,7.281079580072585,0.5429804021351992,9.420510795264638e-06,-5.025925548422562,108.59997699019705,1055.4667377830137,4.018252241087202e-10,150.63062083818963,-528.1282927791462,391.7361246988646,-178.32412840804147,19.526491457792076,225.07445735375498,257.834448914326,520.6869230916053
366,design_000366,478,0.04247533364116761,0.016543119447591348,0.024424656036314663,0.08753534712499261,478.0,451.475,486.0,False,4.350206955117259,0.7723620474989746,0.0,-2405.905334804132,443567965.416571,738561.4276703318,9.964219792607708e-09,1289.276274215576,-525.1749254912493,1352.4119995593317,-193.3616293538702,1253.4278506702449,92.03331428176713,1326.1707131660107,491.2594373552091
403,design_000403,479,0.04253533544070054,0.018542367946729994,0.02074914411783187,0.0911922033753554,477.0,392.90000000000003,493.0,False,13.07367873786269,0.9708168655339225,2.2659041293150318e-36,-35.644758469137344,616.4219660331261,2723.6933425183643,9.220832064931886e-09,321.88748538015307,-525.1255050361133,472.946487258043,-186.4905773134039,101.45453556399207,61.70012830518044,207.77248658515296,574.4054965299953
360,design_000360,480,0.04255155504069694,0.016418832394204122,0.024690300666094192,0.08743189318702922,478.0,450.0,487.525,False,4.800027899845558,0.5587518956293419,0.0,-1371.2493253440948,113126418.69646864,4783311956.567327,9.513735471138135e-09,1158.6956387413154,-512.7779515732608,1610.6731855731916,-150.10530643498032,1228.154075377778,242.47153567949437,1174.734558055697,605.7049821732066
381,design_000381,481,0.0429094179841669,0.01588397065816837,0.02605147368991877,0.08642683228782141,480.0,449.0,492.0,False,5.66865928830028,0.6101097780135638,0.0,-3572.6562540212103,485783119.4441498,4908379541.961102,9.931317443883875e-09,1529.4454967114139,-533.2457615992681,1271.1521511149529,-128.2810769011012,1365.2899422766689,135.4246126484391,1473.5462394686297,553.3887464200003
374,design_000374,482,0.04312743374674536,0.020990793901308088,0.01785733282856481,0.09927076152623128,481.0,318.80000000000007,497.0,False,11.638849757559614,0.9106431602556644,6.749658392043545e-163,-162.17071820675486,628.6182124316723,151651.89572822786,5.0093292317955955e-09,494.49292707109424,-555.6808064222007,340.429423759868,-149.33889534398736,235.98036837553445,209.51078660532605,546.35944097457,545.0390758933131
503,design_000503,483,0.04323734753694715,0.019292020830482533,0.02098707512768096,0.09497238992170826,481.0,373.425,491.0,False,4.915816685005252,0.46889580281775534,0.0,-10468.214564268304,7834055.280546535,2751810523417.0977,9.91108528516467e-09,250.77449704461446,202.3720092870908,95.62772347336556,804.4397787903206,1068.5321114159876,-443.8412284015565,1194.855284726827,-190.35169823524473
198,design_000198,484,0.04377418941288808,0.015412072060662866,0.027761556327753078,0.08613788602998747,483.0,446.0,499.0,False,5.225072705810744,0.75210068957846,2.3525090688538475e-275,-274.6284686937049,876172168.0915191,9696923133994.395,9.974663018031687e-09,173.14970526816617,-25.194861235828995,1532.9646372108832,525.623610017199,1474.9559627248932,209.69174235777737,1251.323224788619,370.33271686192757
377,design_000377,485,0.043887522297042826,0.01652835431599123,0.025576086953913432,0.08913736568726274,484.0,457.0,493.0,False,1.421942834169274,0.28867427776058946,0.0,-955.0205033764953,14757649.754857779,11955556288.353273,6.139062506162856e-09,1038.2264729479525,-506.96696403131403,1408.1673450849448,-324.90369939459714,1366.2188110601976,201.1426731152728,950.0349555538003,610.4887079057673
44,design_000044,486,0.044176829831331824,0.01829126101801079,0.023113433380919673,0.09244597854416274,484.0,430.475,492.0,False,7.348838739321886,0.6251188085445135,0.0,-1015.8910360153752,72403726.74819686,3874551678456.5938,9.850749134671898e-09,303.7586111965529,22.0178974123226,346.11824444019044,-231.98631089427832,1164.6385511135968,-234.7377331538659,1509.6935346549653,62.840238427397665
484,design_000484,487,0.044486811736934494,0.01653014951710785,0.026409215479366907,0.08948690329050939,486.0,462.475,495.0,False,4.416516299651699,0.5915445086072143,0.0,-2307.4192520323218,552183246.2630839,47218951509.41846,9.99693162413502e-09,979.2756728560037,-423.8320245818496,1363.6866504510372,-460.86127643892553,1742.0404553293895,-382.75621939370444,1316.1434522437098,131.85488306387867
351,design_000351,488,0.04458233960961618,0.016472234628360654,0.02652512275530841,0.08940229531049361,487.0,460.475,497.0,False,2.5781503444366436,0.4431054148205332,0.0,-2026.4063909727217,878700455.1745925,34991509337.08881,9.999234732296371e-09,1601.7268110658026,-577.6805803589752,1283.8613002194575,-179.01571893452888,1492.8891539013161,224.87944198917802,1390.6231399977144,607.3922327014733
407,design_000407,489,0.04517132250552319,0.017141895832307304,0.026013573117636832,0.09146687101815539,489.0,469.0,495.0,False,1.6005231608970696,0.2775805353797494,0.0,-2981.928431916928,2357856.198622184,86876776.93748851,7.009403529772291e-09,1249.2117388027668,-548.8342790394704,1339.5847892582851,-240.6908563025495,1283.3094850088983,100.58191947187728,1234.856144242811,507.7927717270912
406,design_000406,490,0.04524393983886333,0.02162617662018644,0.01859301559519217,0.10276513085764614,489.0,335.32500000000005,502.0,False,15.571968061097266,1.1058532876056555,1.332598271247427e-38,-37.875300754468896,401.2372726175029,3462.444754424628,9.131962854071071e-09,401.3710923525562,-504.9307923544993,526.3927446775868,-238.31957423661555,242.0587686834386,179.5075063238905,408.7059928442781,508.8756135163704
367,design_000367,491,0.045496742687533294,0.01763001276047541,0.02534494214358107,0.09286743507643264,490.0,471.0,495.0,False,1.4713250375761635,0.27969933653015167,0.0,-2213.291344164725,7928.35247427205,16697.139239894823,6.0401756163908605e-09,973.5522040379993,-599.869864962772,1156.6533006019695,-229.7881853869649,1307.133850423747,311.5157077126611,1135.7605228466123,654.2880202383031
400,design_000400,492,0.04609872522182493,0.021071223438704108,0.021053135185448695,0.10182876670698707,492.0,385.90000000000003,501.0,False,15.103163872684622,1.0283812673870896,2.2542010683658135e-17,-16.647007348721516,157.12924368234275,296.93972025782887,8.881877628013698e-09,81.22517880741071,-542.5995365687239,415.7676103314089,-172.52683102267585,311.212775503996,273.9950935180376,119.79676097297585,584.8701069171461
140,design_000140,493,0.046213901432966734,0.015627550264483953,0.029612061548991105,0.08848175776031668,491.0,465.475,504.0,False,2.62723619908441,0.5641396696605808,0.0,-12220.084798135764,4367017.932420005,5885701759352.113,4.484486945926438e-09,213.84488603364855,-596.8285008110302,1135.3528298337437,-5.45292751442156,155.83882340136714,7.877522403030163,1049.4276774554414,-275.6672612604189
363,design_000363,494,0.04726697856105328,0.02146321187761759,0.02171464082060492,0.10396456373671073,494.0,386.95000000000005,503.0,False,14.55860844832869,1.0043985224704712,1.1620846585995346e-13,-12.934762232166557,151.449940225714,83.65634200662856,6.526190655269818e-10,100.65062229039002,-598.1041451590611,397.03680192935053,-155.96967822648713,339.84822554168136,209.22445897865,239.91974925205727,601.1318755281658
156,design_000156,495,0.04750293722820724,0.02184238434613787,0.020551205052545492,0.10535664190223053,494.0,386.95000000000005,505.0,False,12.34003976962151,0.9103780982814288,0.0,-1495.5602677616284,3617.7439119465084,42039455617057.76,5.796612392922876e-09,1928.2681548694914,103.91842453426139,278.69356127968894,266.77859957521724,-386.18931488601055,-777.6588858154696,491.50727079578826,-311.13606781426677
410,design_000410,496,0.04969589617992694,0.01746841755822355,0.030016837552769005,0.0967449767361589,497.0,485.0,503.0,False,1.7689902998912486,0.30083547940563,0.0,-3148.7219536545103,26725118.21830808,10046742.324888634,7.825916273488749e-09,1293.6075194071163,-498.17949223058656,1394.1085858567706,-133.54877651532522,1393.3966337364195,185.40062507129107,1468.4669525296497,550.5738707382341
389,design_000389,497,0.050428597538111596,0.01760818291937753,0.03043165109724132,0.09767030020898307,499.0,488.475,505.0,False,2.000865287933572,0.30308209675811953,5.675012891211002e-118,-117.24603314760172,207704736.33274755,27412611216.44757,9.72086894770341e-09,1755.1088527526213,-544.857456121364,1451.5621121961747,-204.116802704098,1489.625841938069,224.17934922706272,1607.2346224034095,546.3126982711082
1,design_000001,498,0.05045140175680868,0.021549937546470783,0.02407787018208433,0.10700688450787033,498.0,436.65000000000015,506.0,False,8.691181520654961,0.6670056821439322,2.6816089472540685e-08,-7.571604554013202,95.24789943924088,200.3653021130749,8.54213830321443e-09,250.0,-500.0,250.0,-150.0,250.0,200.0,250.0,550.0
492,design_000492,499,0.05045435421299692,0.018041341682513132,0.029580905346320113,0.09898336050997097,498.5,487.475,504.0,False,1.5092474606540267,0.30957157237894783,0.0,-1103.7249373548727,196517301.0906709,2040441508.1934297,9.338777269238009e-09,1389.5556877385086,264.2194985394033,1667.6575082853913,149.76083461460553,1077.6472483256528,-477.88633651160114,1457.6422859151676,-445.9121847337601
109,design_000109,500,0.0507244334963671,0.018818649877030698,0.02891255889035487,0.10109246467696725,499.0,492.0,502.0,False,1.301241614413997,0.24448171413304404,0.0,-2837.2101723761557,445353.615479106,67200913169630.75,6.589762005155418e-09,156.3690722859853,285.57568774472,1621.2002791415887,-19.29087601261038,192.13517140723582,-511.15173756061336,1491.9688448818986,245.24764418634183
434,design_000434,501,0.05102181964043251,0.020200131042938125,0.02567425440861553,0.10310220644637243,499.0,462.8500000000001,507.0,False,7.3897441342587005,0.6209381507699394,0.0,-532.2568938883479,5414.634316314925,2965972481.6457605,9.042878883159545e-09,367.20520738556274,-149.7180451660829,-235.65170480851287,164.02501695390674,700.8347176508896,-460.8108530853258,420.1479633236298,-432.3328300900907
124,design_000124,502,0.05208763459927389,0.016282108117868992,0.03516201277196142,0.09455189614002897,502.0,485.0,511.0,False,2.1923080832459454,0.49673635299741425,0.0,-1794.369297376164,58167706.364210874,22472188748971.23,9.381157275624028e-09,128.93052317939882,17.602896985282317,1309.7281557086321,265.9350843123107,1451.8413897183013,565.0451284482424,285.9353124264399,-547.6527976086257
486,design_000486,503,0.05214665702215828,0.01853223618688232,0.030652173150229615,0.10135596575234425,502.0,495.0,506.0,False,2.016050983996673,0.28093486082518754,1.3195160804541033e-125,-124.87958531282557,358302128.899017,1583898517.750825,9.909117218232767e-09,1487.9587574317393,100.99101805816622,1889.3565845223482,-109.10188511879443,1827.8167180141963,260.1045458037977,1348.0647862456576,-579.9655076652493
414,design_000414,504,0.05461422877156664,0.02349534810006481,0.023947253852827022,0.11512618011364338,504.0,451.0,510.0,False,12.581776633699178,0.852059323085956,7.74864542232022e-17,-16.110774211949064,214.50063597963018,1875.8861289808735,9.808506612588521e-09,372.09597681766553,-520.1602923671637,468.54038879153364,-190.7319165872074,204.43955738495427,214.77021155414988,304.3481140606741,620.0981600054442
382,design_000382,505,0.055688945282889424,0.019155472917951877,0.03317049178483793,0.10620621286240674,506.0,501.0,508.0,False,1.6163223066903696,0.19194687587238052,9.826112711861745e-240,-239.0076182585343,107356566.15211281,5702620375.28085,9.700152205524994e-09,1570.218602624019,-587.5950861529217,1534.6680850815706,-185.65360515315703,1664.9534711110275,195.5905261507315,1506.215846171339,484.26976097877053
401,design_000401,506,0.05575160990972917,0.018985234411182828,0.03351707835904743,0.10588424327144401,506.0,500.0,509.0,False,1.6486553307559297,0.22192620224540877,2.503093914062393e-171,-170.60152285570783,167436547.13151428,59199050.349219844,9.340670846175498e-09,1556.8643538300496,-450.4315460187795,1520.282452257716,-198.85400602215898,1620.9762394440568,268.2164296954399,1526.756003348777,625.755295206312
419,design_000419,507,0.055802346119151046,0.018885465882888922,0.033713371321205464,0.10572040874761882,507.0,499.0,510.0,False,1.4884018150306795,0.22338788269805857,0.0,-3617.7654262698993,55643515.679548025,48574011813.93007,9.111011590665742e-09,1690.8654567440144,-598.9269655007447,1578.7366529415747,-244.09976380998395,1545.0955057436631,177.02770401174035,1594.2726608031833,522.815585124312
451,design_000451,508,0.05610896014660138,0.02284646511152958,0.02790434221773859,0.11632895644386414,507.0,475.37500000000006,510.0,False,12.516122844676296,0.79901796099095,1.650620858021771e-218,-217.7823526712426,12487.589523755312,33654894.16503925,6.330104434658768e-09,-272.2245458955353,-523.3282726128197,203.27542182191655,-455.0713183781944,467.98807979636706,-292.73165338097033,659.1539481448751,-474.4896491583816
437,design_000437,509,0.05701059162539135,0.022619785460574676,0.028527152659985924,0.1167397936731434,508.0,487.0,511.0,False,4.797144050730079,0.4335507887736206,7.255106411824095e-278,-277.1393562133118,4591.533492699775,11325895.133658176,5.6980103282481955e-09,364.69331698695953,507.5275336762945,614.6361513159142,-526.370947376097,-137.70450671568307,452.4337036943298,316.01190234164324,-446.5543310056366
220,design_000220,510,0.061092517995280884,0.021578839801479663,0.03368394869206883,0.11609353209608324,510.0,506.0,511.0,False,2.459340562952977,0.228718522206606,0.0,-407.0244336064972,1593.0645903868076,62876236933533.09,8.961676589715861e-09,178.72034865676255,-8.862193717952577,2097.750903481203,405.86122190197096,83.15653821321995,241.53144093380186,-362.23112735496215,-773.0669858508861
504,design_000504,511,0.06203081672921596,0.02132141751536277,0.03539893847729393,0.11694636850639252,511.0,507.0,511.0,False,0.5990176667941545,0.13476427594902143,0.0,-3309.5238206848558,72384.28047449906,19960567070.697506,4.464805804406618e-09,1365.7203410538812,-144.59099611855606,554.0926093127127,769.9106371114171,-138.7269135788202,-781.0364449885908,1200.0457438874057,-776.82623355649
509,design_000509,512,0.07069916853703036,0.02510841512247484,0.037466139036115904,0.13504984419839886,512.0,511.0,512.0,False,0.22949595417409513,0.026947111795559264,0.0,-14661.47026757745,62050794.02182749,31121275738.387897,9.673250648956367e-09,1964.1827331735617,-682.520724688564,839.7303248355086,-683.1211609149102,1326.4605643797588,-630.3894223802936,1991.7211079985577,381.97084581971376
