design_index,design_id,source_time_index,day,minor_std,cov_area_scale,cov_anisotropy,log10_kappa_C,log10_normal_roundoff_amplification,old_rank_sensitive,old_relative_rank_action_change,zero_weight_count,log_weight_range,Eq_h2,old_tangent_action,old_full_action_diagnostic,direct_svd_action,normal_unresolved_direction_action_fraction,final_test_accessed
121,design_000121,0,0.0,10.08876680818626,1132.1229237327777,123.7185533390904,14.224387969556446,12.494186168921889,False,0.0002538684108272756,127219,299776.47637806577,156.70492749973522,1073315.641690601,1372077.0193814104,1373573.7617873226,0.0009998678911903142,False
312,design_000312,0,0.0,12.422036542276203,1177.4746678785614,58.228008278433784,14.332008876068306,12.709427981945609,False,0.0008153975628949412,127347,299804.18825970055,3602.012673783482,4776451.934905621,9498259.168248959,9532129.605479784,0.000727091708959285,False
329,design_000329,0,0.0,11.051868293692067,1140.3757195966543,87.16720504735179,14.506364753584721,13.058139736978438,False,0.00029370766032606616,127367,299802.5466890778,290.1574815458977,68652.44780131461,302475.4130648603,303905.4032269245,0.0010453694865305205,False
121,design_000121,1,0.25,11.697778466035684,1338.8957648871599,95.73703345258902,13.928474687684234,11.902359605177468,False,0.00010521096759503067,125625,299462.8780538425,291.8694305177841,1359892.129760454,1794223.2723006927,1795082.4504358761,0.0006053834735411134,False
312,design_000312,1,0.25,14.069104578386689,1096.3377290056442,30.677706538516762,14.184745944566671,12.414902118942342,False,0.0014855895145239545,125753,299487.8686978081,5313.869320035152,5988949.648544507,12542527.659078935,12569207.153007519,0.0012611981977311106,False
329,design_000329,1,0.25,12.612463268708712,1272.3115857725538,63.97161369873693,14.24631709779718,12.538044425403355,False,0.002200952484157202,125800,299487.9157621615,280.1762459193459,99102.3845712496,378690.01685307623,379854.13295787625,0.0007791354351637835,False
121,design_000121,2,0.5,13.613958357703336,1593.8369343582028,73.9520303127675,13.660529857026496,11.366469943861988,False,0.00015450495556663195,123876,299030.4812412481,557.6708020505347,1347649.8295069425,1899846.991329793,1900932.3724884724,0.0005764920784857212,False
312,design_000312,2,0.5,15.923772706032404,944.3741641603151,13.870889596647071,14.111120994482919,12.267652218774833,False,0.0018092486190926114,123976,299048.29450214293,7026.790502097613,5484215.418563286,11779781.681002578,11811288.547602935,0.0019809988005681,False
329,design_000329,2,0.5,14.329710051011874,1410.165969791816,47.16185170973583,13.99696585221004,12.039341934229078,False,0.0018278080364896707,124115,299054.08550662926,273.2802032443529,142062.31327550078,491738.6280905474,493014.3648848394,0.0006360200109260956,False
121,design_000121,3,0.75,15.926863421667084,1910.7876530621672,56.74189415136088,13.372982683949077,10.79137559770715,False,0.00019857516007967325,122002,298443.851508297,1063.8005977783898,950754.935504296,1560154.3844679887,1563998.4122188927,0.002134464079329652,False
312,design_000312,3,0.75,18.8312106549761,811.5353379504652,5.237233111619112,14.118103424889592,12.28161707958818,False,0.004918005702704706,121994,298445.98378991225,7885.213167893382,3171691.008318081,6685922.001568242,6744200.472460079,0.003237236188568892,False
329,design_000329,3,0.75,16.242021091780295,1557.9335284933766,34.87687520261727,13.741581352113306,11.52857293403561,False,0.000975927028829986,122301,298465.4343249242,321.2916742291653,231794.67366243768,691978.178463927,693233.0452052258,0.0005391902229677147,False
121,design_000121,4,1.0,18.705829001135687,2302.1459169667614,43.287036505062716,13.070180858724347,10.18577194725769,False,0.0032017425213873942,119923,297725.3586124962,1868.9802161138025,570904.3326384892,1228118.414780775,1240514.4791621605,0.006695227358502842,False
312,design_000312,4,1.0,23.948888319030324,805.850556687183,1.9740928954472934,13.994144652609076,12.033699535027148,False,0.04523416434188252,119696,297704.65881331335,9708.653553666893,2284796.2867245316,3643314.9942085026,3764522.504813006,0.027464391321700993,False
329,design_000329,4,1.0,18.439874136425747,1732.1858006047917,25.95118172115998,13.4753040974209,10.996018424650794,False,0.00038305060690581316,120305,297744.06044465315,506.47154313567773,467579.9163667305,1140079.902961321,1141781.9636779418,0.0003848439649353324,False
121,design_000121,5,1.25,22.01943081713277,2775.7101673790294,32.77357954695906,12.751905574255609,9.549221378320215,False,0.009740671497499642,117649,297006.98583637853,2857.953345144099,803700.8616123789,1632896.2560906955,1664485.59235909,0.008301423686951087,False
312,design_000312,5,1.25,27.414950596988053,946.7575934226301,1.5868202121943877,13.182570266306936,10.410550762422867,False,0.009394483455650384,117281,296966.4761571018,12931.366446347853,3063468.3241486023,31814932.36433461,32766064.095287636,0.02002152199686946,False
329,design_000329,5,1.25,21.03857550239529,1976.4343924402083,19.93882132059913,13.18330363953384,10.412017508876675,False,0.00021178942457540824,118124,297022.15776007745,927.8649945523573,1140678.7817893247,2544921.752228545,2548850.355513913,0.00013436640024591247,False
121,design_000121,6,1.5,26.286476587873395,3363.0389631905878,23.688321429348683,12.404114359594537,8.85363894899807,False,0.013118164148577261,115232,296087.6908163993,4142.072424920043,2175758.511726478,3781344.2822454385,3868282.079547689,0.008619915580744,False
312,design_000312,6,1.5,34.79725649273954,1816.267713555921,2.2499854426938213,12.607674711276399,9.260759652361797,False,0.03472122751578113,114905,296039.71813071263,11079.88192196752,4776507.178682051,157644167.74056548,181035103.77483964,0.09493132470276947,False
329,design_000329,6,1.5,24.14360933431932,2395.0562814312493,16.881952185458875,12.82519508307199,9.695800395952974,False,0.000848431770294591,115726,296099.2055213318,1759.0403566045914,3206734.3739272775,8022043.619623648,8040479.928109382,0.0006730519576609447,False
121,design_000121,7,1.75,32.493864119864476,4097.771323696411,15.062255064312165,11.908922303387698,7.863254836584391,False,0.00792764290333558,112799,294920.55014925083,7465.933540767284,7512037.774530283,17279243.00182803,17570869.767770734,0.01255260532996955,False
312,design_000312,7,1.75,31.050031880737635,1853.0686957889786,3.6943227750090473,12.337445452652766,8.720301135114527,True,0.1645815104426466,112600,294872.494340639,7697.770661643138,6509625.917679713,34309853.461681716,41897726.150334336,0.09126836786559636,False
329,design_000329,7,1.75,27.505493437872865,3111.7741339325703,16.917585157208613,12.405132004702557,8.855674239214109,False,0.0013333112688550853,113150,294929.25075741636,3067.6100662374815,7329095.484854101,21282678.776203595,21335566.41591039,0.000739935034294504,False
121,design_000121,8,2.0,44.10135578927166,5303.661537141161,7.436076310728444,10.834250300483,5.713910830774996,False,0.024118960797466043,110513,293450.5883838157,5130.6738277987715,31351045.07189215,68546402.353477,92084491.29193394,0.02194183064216621,False
312,design_000312,8,2.0,25.9893209282089,1043.200709123071,2.3853714617919324,12.194121524857136,8.433653279523268,True,0.20251534362392815,110315,293405.92566310905,5110.704556848168,19675653.924745798,529101818.2062314,837597805.8615916,0.20508507863011025,False
329,design_000329,8,2.0,30.95635055009792,4137.565890115989,18.64192781358469,11.960770192283114,7.966950614375223,False,0.0019239709716521905,110585,293457.90692971845,4383.7119387180755,10325951.87978023,33842858.71094703,33930751.2615276,0.0005911246888245975,False
121,design_000121,9,2.25,48.11024937357717,6117.96515136577,6.986562775918332,10.567683732439292,5.180777694687579,False,0.030038740815454417,108310,291614.9384429946,2562.4263212552805,7767521.489759226,28287276.833507627,37873481.5374713,0.022845175657058556,False
312,design_000312,9,2.25,15.00071942760815,431.52285085700635,3.677555571742163,13.091402000594536,10.228214230998072,False,0.0075122904784230985,108367,291601.52733564074,5496.793593662723,2421807.014774165,3123454.1648702226,3387292.5382588883,0.06888250812001434,False
329,design_000329,9,2.25,35.0753781868365,5431.111614484022,19.488033016642177,11.378774449665512,6.802959129140019,False,0.0031012001372102815,108042,291622.0485524204,5935.335378213867,11343137.055610007,36346931.36977848,36497633.04365059,0.0024861482024415796,False
121,design_000121,10,2.5,47.81653904448837,6608.9763424902285,8.355180558813437,10.358720164728572,4.762850559266141,False,0.03477151433746318,106016,289342.61163246416,2302.051898125564,2072198.07455761,15227548.720300771,18649143.166326247,0.016698354540001473,False
312,design_000312,10,2.5,16.17615965496675,672.4733315987531,6.604629098643537,12.537274650564049,9.119959530937095,False,0.02130868158876839,106505,289366.1716126669,5614.92306532087,7556559.583514229,16659885.555085102,17164243.187177483,0.011424426559873344,False
329,design_000329,10,2.5,49.83789710498794,8216.501682484886,10.942966269989407,10.250545567804002,4.546501365417001,True,0.23881166958472477,105673,289348.7061183663,4914.364694123058,21667540.633733436,81022256.66086249,110386494.56729026,0.025545605623522986,False
121,design_000121,11,2.75,47.48555141314168,7087.078188376253,9.87844318351955,10.170656449126824,4.386723128062643,False,0.008036320079335182,103586,286555.5521325259,2302.8892748758076,389588.5202072299,8502008.504063902,9650323.513456205,0.01006609439991268,False
312,design_000312,11,2.75,19.576639311018393,1221.3428763579348,10.155999020455054,12.02615543463559,8.097721099080177,False,0.019767212462669916,104241,286587.8922451648,2239.2349731016616,7092780.435776784,19106932.970698908,19661635.88394841,0.011622203773593267,False
329,design_000329,11,2.75,65.0658917509397,10781.347485589813,6.4853369055565295,10.067265785517387,4.179941800843772,True,0.3318024939304016,103369,286559.3751762541,3526.8394835315476,4703176.081124442,35117627.910844,54203180.721405305,0.027475710647561786,False
121,design_000121,12,3.0,47.93090035383584,7599.926790175,10.943505723080714,10.002908266701077,4.051226763211149,True,0.06342776887293113,101049,283169.6522599223,2349.395809984407,176435.1922868317,4948405.214463727,5368133.756483422,0.007641165962746089,False
312,design_000312,12,3.0,21.88558387407032,1758.2117739553796,13.474411873272206,11.705184201475747,7.455778632760491,False,0.027995918470420114,101785,283202.18393278663,1277.3448077261812,3701527.9413487082,11687346.72357636,12344965.74429691,0.020120465265973046,False
329,design_000329,12,3.0,73.3694190804569,12440.200507733074,5.340653950974487,9.913382460987926,3.8721751517848473,True,0.34316747010407767,101006,283171.5279043398,3545.765427620532,1480701.4833166783,20512517.470236123,31925238.942144666,0.009899902497431915,False
121,design_000121,13,3.2499999999999996,49.02928504082125,8125.3249268047175,11.425079564835833,9.853007572188101,3.7514253741852004,False,0.02822227660723365,98345,279097.79494601785,2377.065217155951,686421.5670089348,3559708.02487503,3722032.799872461,0.001785166241310652,False
312,design_000312,13,3.2499999999999996,23.69593815476078,2216.9709448046965,15.589219496956153,11.463106135015302,6.9716224998396,False,0.04377588093542924,99219,279128.57511089527,1350.4258277328397,2008463.6642692685,6723136.078246544,7284725.654101764,0.02803994344923332,False
329,design_000329,13,3.2499999999999996,78.46839219409298,13752.181426297975,4.988433304404951,9.767865940905068,3.581142111619133,True,0.31238346945660334,98575,279098.0963361597,3633.15889978424,3686228.8993894244,13666401.7632074,20285304.56139396,0.0017726447712869532,False
121,design_000121,14,3.5,50.62605681190517,8639.649297171656,11.363073584521688,9.720260659518361,3.485931548845718,False,0.01166422190766051,95537,274253.5323912607,2363.520194017759,1587684.2997708935,3766936.2193862507,3836377.559462123,0.0028335922143820228,False
312,design_000312,14,3.5,25.839200026923216,2656.127301160398,15.826377329840588,11.255067268353674,6.555544766516346,False,0.020117904313991478,96534,274281.8945801255,1731.968526260206,1672997.5914287681,4663121.52703426,4978070.928474854,0.032081360198914874,False
329,design_000329,14,3.5,82.11896312009789,14906.320756047373,4.88615338406152,9.630708090251716,3.3068264103124263,True,0.24942501049406315,96039,274252.6937319343,3639.7493448428004,2291390.0439324374,10246545.449447205,13973891.173861861,4.997725813158207e-05,False
121,design_000121,15,3.75,52.69066654744265,9143.504160479137,10.846523551749605,9.602327216119132,3.250064662047261,False,0.0028084625558542817,92696,268555.8256482255,2314.133565082907,2625025.1508006123,4915100.785022168,4954617.026726476,0.0021026752729841015,False
312,design_000312,15,3.75,28.962821659466513,3156.0974383029184,14.155894756387031,11.061128214458547,6.16766665872609,False,0.014321944694905006,93801,268581.3100201129,2065.4081443935893,2095459.2041803258,4734744.266122689,4915536.677216329,0.018102707739773804,False
329,design_000329,15,3.75,85.10963865565036,15961.45270769682,4.855454003023146,9.503129322354697,3.05166887451839,True,0.1757945168392666,93420,268553.9617754948,3541.079312952727,1683371.0883523456,8785212.145390473,10915729.598196814,0.0008376440793169562,False
121,design_000121,16,4.0,55.42554748518282,9683.530891997285,9.936364577120578,9.492039783670357,3.0294897971497123,False,0.0017183451819945763,89918,261934.3998492143,2302.9921246355702,3659334.770302829,6440056.408860892,6474296.814807372,0.0011183778831962453,False
312,design_000312,16,4.0,33.42839127111423,3776.916849232719,11.423861786825757,10.874650771824474,5.794711773457945,False,0.011781527584877868,90973,261956.45493788322,2237.8499709336456,2864979.7560409266,6129016.216006984,6250508.377658921,0.009905071624605548,False
329,design_000329,16,4.0,87.67551648913569,16912.535687283616,4.840654879897415,9.384575835241003,2.8145619002910034,True,0.1200848207327304,90720,261931.63100197335,3336.4283807944435,1583710.022102651,8728001.4773926,10078754.149271695,0.0014910820731991725,False
121,design_000121,17,4.25,59.29992837082588,10362.976150846169,8.684650032425198,9.378563734549672,2.802537698908341,False,0.002425978442626295,87240,254338.4768918933,2679.353415144711,4891324.109266067,8650992.330545496,8681888.656464392,0.0006899851822030138,False
312,design_000312,17,4.25,38.67129004386278,4468.787866184913,8.929452638738697,10.694230810018674,5.433871849846343,False,0.008072126688216866,88152,254356.73006622415,2315.2525549819466,3690922.053197501,7714947.344944699,7865524.4095982425,0.005270725040004651,False
329,design_000329,17,4.25,89.77904624878852,17719.502557926095,4.83284761592187,9.277573540205145,2.6005573102192874,True,0.08352157460038319,87966,254335.01253989217,3070.474353630479,1803910.632520099,10735450.923358282,10900735.085204305,0.0001671988628152845,False
121,design_000121,18,4.5,65.19236148837383,11434.734720527256,7.238779295832468,9.23329990125641,2.5120100323218195,False,0.004716545619790437,84602,245741.43095760513,4028.0806817465423,9039997.037333528,13100743.599101046,13179865.795771455,0.0012476579243962077,False
312,design_000312,18,4.5,43.99839684936558,5177.824047815538,7.153970848467791,10.517075636835445,5.079561503479886,False,0.011774923099294371,85348,245755.52281817177,2338.0286597548507,4423138.0695419125,8979035.295832813,9155449.061417433,0.0029947294986300233,False
329,design_000329,18,4.5,91.16453829980966,18316.943504264447,4.857382059602225,9.180645981462296,2.406702192733591,True,0.06957019478517353,85156,245737.38116583062,2751.7493912733325,2174390.9243377387,12442921.104895113,12538229.527296059,0.00021529744829147855,False
121,design_000121,19,4.75,70.57089987647474,12766.3551947226,6.5709963467042325,9.078084294142343,2.201578818093682,False,0.014481607823178477,82028,236148.5986469532,2438.312060605245,4564056.438498136,6296396.708872845,6310023.774948714,0.0008704883010370188,False
312,design_000312,19,4.75,48.86824020518297,5881.003679526157,6.064515390558023,10.343021314217932,4.731452858244861,False,0.008322643979786977,82513,236158.50237103863,2276.701738829669,4976009.46448721,9817852.755656594,9963925.139389768,0.0016576330956073122,False
329,design_000329,19,4.75,91.53881092628927,18643.654656984814,4.950408441971207,9.092633152275209,2.2306765343594135,True,0.05786377319204829,82323,236144.19411666942,2395.5712030880663,2579043.9889795585,13642162.562486565,13680819.342829501,0.00036465485028629353,False
121,design_000121,20,5.0,75.0293554880259,14081.416008560735,6.257023626595348,8.953058536709493,1.9515273032279832,False,0.00041491946627107804,79407,225602.42138824728,2475.802378758252,2616533.1576877316,4421956.295684574,4425376.170916687,0.00030624049863235946,False
312,design_000312,20,5.0,53.72012826686728,6790.963696450892,5.537511660779436,8.681060888407456,1.4075320066239083,True,0.8185614586092265,79706,225608.6789704268,2265.701142027177,22830412.61567578,4544279722.405538,5459243772.985555,0.006280998568136483,False
329,design_000329,20,5.0,90.81367851595601,18695.194049736663,5.138719168499373,9.011634339622411,2.068678909053819,False,0.04160458982358951,79464,225597.9464100634,2022.073010354641,2947430.4237250136,12937176.859808192,12945181.86738071,0.00038460141485110875,False
121,design_000121,21,5.25,79.05682171217545,15391.465727936518,6.064605519507062,8.841994806559132,1.7293998429272606,False,0.0038128763617212525,76705,214183.99766502873,2523.662152303141,1848079.1414139278,3742158.5417397055,3752568.5684564365,0.0007391164259357473,False
312,design_000312,21,5.25,59.42470050528366,8086.373746453164,5.243721455513864,8.477510085867198,1.0004304015433945,True,0.702404114991708,76878,214187.3184510798,2652.2959667917494,8911077.91864896,1473741047.6496525,1932450258.9255824,0.003579834307695969,False
329,design_000329,21,5.25,89.25906309650854,18552.2209075014,5.422287213057325,8.93448036600759,1.9143709618241753,False,0.020862147532009306,76596,214179.74166161005,1656.5140435839603,3249553.223693286,10228024.737615949,10248200.22666185,0.00031198772087136966,False
121,design_000121,22,5.5,82.47408724301721,16621.99940184821,5.971678981755332,8.740542364877019,1.5264949595630348,False,0.010486524101678664,73985,202017.9726283322,2466.8930348388662,1540214.9920060304,3369565.96793199,3389496.265265828,0.0008646010435131707,False
312,design_000312,22,5.5,65.1242091129417,9471.392417723842,4.987211802135581,8.342647534086002,0.7307052979810006,True,0.22793454716684938,74046,202018.67346161423,2801.7887231392156,6627610.991193367,648030862.0215105,999545842.7318978,0.021280431466676363,False
329,design_000329,22,5.5,87.64388294725924,18395.13581702089,5.73481690494315,8.85975761984675,1.7649254695024967,False,0.005460370499871134,73768,202013.97520824603,1347.6852263659525,3465500.552070383,7304529.26735595,7337915.728263967,0.00021073712698114897,False
121,design_000121,23,5.75,85.28386142562739,17747.009627239917,5.953645154100545,8.644375988192392,1.3341622061937812,False,0.01592588553783458,71224,189261.67744381062,2320.7015216331656,1483856.8559429266,3136419.139946783,3161910.9473224455,0.0005486052360407116,False
312,design_000312,23,5.75,70.88772542690216,10954.150973693593,4.751965499980814,8.226636022920838,0.4986822756506715,True,0.20559549540207686,71218,189260.18655372897,2733.6661398344895,5621868.157940417,322686226.43624485,525929834.62763524,0.03858920147708453,False
329,design_000329,23,5.75,86.45071103656704,18340.349014821873,6.022002252232727,8.78461816590172,1.6146465616124397,False,0.005591586944024961,70958,189257.95246842387,1103.9842796814435,3595183.8057418037,5332984.988600251,5364292.904291163,0.00011174959873629583,False
121,design_000121,24,6.0,87.51483982782707,18746.474112228225,5.991180221398926,8.551817835919284,1.149045901647566,False,0.017521003445991636,68458,176102.04014467783,2119.464714540804,1581284.6899302008,3029050.098864205,3055282.678317103,2.8925810698107707e-05,False
312,design_000312,24,6.0,76.71024609501698,12517.928557271396,4.525342279573007,8.118179902560122,0.28177003492924246,True,0.35326649303108054,68414,176098.8214557657,2543.4171074042624,4964873.028005388,162570426.2695063,267278469.027438,0.04808705950969078,False
329,design_000329,24,6.0,85.89700883613631,18441.60222818361,6.247196083576041,8.707519688573196,1.4604496069553896,False,0.004905574640640269,68206,176098.5639574664,918.6298913970082,3639635.5325535485,4365362.189220985,4387918.8752376195,4.827440825966404e-05,False
121,design_000121,25,6.25,89.246180432495,19619.299280015934,6.067481089541068,8.462095899687895,0.9696020291847868,False,0.015413975691297665,65724,164724.61329425793,1895.176351701257,1759353.8429230105,3032072.1398886316,3055715.8108744025,3.1665989123353144e-07,False
312,design_000312,25,6.25,82.57772977870451,14143.444134546204,4.301883076942953,8.013440068255841,0.07229036632068053,True,0.32677336404095936,65666,164720.09160814327,2302.089430673675,4465342.164244767,84958831.97559558,134321209.5861992,0.04978411300347964,False
329,design_000329,25,6.25,85.95509006764806,18696.91495098451,6.404032187908969,8.62759434533568,1.300598920480356,False,0.006899771313177104,65538,164721.34173756978,775.5478750360294,3603889.425908466,3977709.2189428248,3992651.202199223,2.159109037670553e-05,False
121,design_000121,26,6.499999999999999,90.59548420183738,20386.480529731292,6.169618519801037,8.373862814820182,0.7931358594493619,False,0.012928037293340104,63021,154335.16637287798,1667.8365610328553,1965104.2468203371,3113471.9336490934,3128233.5275277058,2.0167979077557237e-05,False
312,design_000312,26,6.499999999999999,88.50554396121493,15835.1718626927,4.086614390152293,7.909718914908627,-0.13515194037374909,True,0.28906891162134,62959,154329.70191813237,2048.1387707674244,4074648.8391576465,45948454.53196399,68429583.65089805,0.0,False
329,design_000329,26,6.499999999999999,86.50810058650241,19088.41137237151,6.505976130005692,8.543308567048097,1.1320273639051917,False,0.009112732305871264,62889,154332.05483728825,658.880001890944,3497106.37447586,3817377.2107762853,3827361.0893811844,1.14135614507702e-05,False
121,design_000121,27,6.75,91.59017937598041,21042.121815688388,6.291923340783853,8.289536861684244,0.6244839531774832,False,0.008495863425956469,60376,144175.81213759034,1460.3791042373587,2161020.8536034473,3219869.039552249,3231603.6472739,4.097128575263196e-05,False
312,design_000312,27,6.75,94.3256219931858,17536.761715633154,3.8849022094758405,7.808915281897474,-0.3367592063960544,True,0.2811264700213112,60300,144169.6995077077,1812.6336417668822,3774578.073291355,29790825.740697816,36887524.7746104,0.0,False
329,design_000329,27,6.75,87.40472916594011,19574.310569021054,6.564977220704317,8.456347850794213,0.9581059313974232,False,0.01031013318998637,60300,144172.8210171321,562.4997551493823,3334755.2746115853,3705695.6419645236,3710304.2369653187,6.6509308282631636e-06,False
121,design_000121,28,7.0,92.32029964248225,21610.496772506256,6.428959341128477,8.208166243482264,0.4617427167735251,False,0.007181701547822435,57810,134318.06605345025,1276.4762788756825,2337360.355499272,3333314.422286996,3334724.452281017,4.8107502877426473e-05,False
312,design_000312,28,7.0,99.98930324149148,19250.205152479164,3.7072899690500005,7.7094892839284,-0.535611202334202,True,0.2349292286475002,57714,134311.51454845816,1599.3466560392894,3538252.8934012447,18192232.52239298,21322267.21317754,0.0,False
329,design_000329,28,7.0,88.53287861764105,20133.10154149606,6.597858940168818,8.36574203104122,0.7768942918914368,False,0.009840556299574501,57761,134315.16065918963,480.6761851834625,3136636.140272888,3568661.2143663047,3571805.3519801726,2.1160683481138195e-06,False
121,design_000121,29,7.250000000000001,92.83620370138766,22104.11937353549,6.577743642372482,8.129584473483956,0.3045791767769077,False,0.004074835944497316,55302,124822.99757275525,1117.3493808825053,2494522.4574101055,3416439.0146138957,3417258.5974102668,4.531209451857711e-05,False
312,design_000312,29,7.250000000000001,105.40230801595347,20961.88622661731,3.5600839214228146,7.611319810652695,-0.7319501488856133,True,0.12018352288856905,55194,124816.11070517794,1409.2299089191586,3335625.2442529537,12277747.936836895,13653002.623687962,0.0,False
329,design_000329,29,7.250000000000001,89.77595258668205,20798.48324270937,6.6592181348856565,7.63050558164218,-0.6935786069066426,True,0.5042622329940804,55272,124820.11967094301,760.2559452549655,27310221.359007705,607814218.0374132,651513276.3407848,0.0,False
121,design_000121,30,7.5,93.1825591103127,22534.488798737595,6.735299105661899,8.0533205163356,0.15205126248019696,False,0.0019240696425587781,52869,115738.76320905224,979.6165341028178,2633931.102752918,3466620.897407119,3467158.8257218865,3.9317695910104705e-05,False
312,design_000312,30,7.5,110.48078558092405,22660.3012501087,3.4465480982639383,7.514907529419298,-0.9247747113524073,True,0.07279251864496325,52740,115731.65658295453,1240.2781345112614,3140810.432349703,9272979.727439448,9904086.967407469,0.0,False
329,design_000329,30,7.5,90.98263848621225,21724.66305903161,6.8876645926911495,7.503365947295135,-0.9478578756007328,True,0.5534246322263385,52836,115735.91916663595,1003.5841414043803,5907633.387331097,242364424.83678594,245540306.8490302,0.0,False
121,design_000121,31,7.75,93.41423157310251,22919.75031403191,6.89870511991011,7.977625678312988,0.000661586434971851,False,0.0005801187772873282,50486,107098.96511608212,855.6223536636195,2753710.3656434435,3483100.2714444096,3483513.064400279,3.373944806327319e-05,False
312,design_000312,31,7.75,115.16476999825493,24354.26758282996,3.371875792330721,7.42003471459796,-1.114520340995084,False,0.04067900606650745,50327,107091.8843316715,1086.627457638616,2937619.4295678665,7657414.027942454,7974503.849853858,0.0,False
329,design_000329,31,7.75,92.3402620787734,22689.84398402357,7.0810654414817,7.4042615294030325,-1.1460667113849385,True,0.5501010506109199,50430,107096.13619772691,1250.7661678551126,3558504.349375503,138802398.82498246,139152648.00906208,0.0,False
121,design_000121,32,8.0,93.56197410728159,23263.466391950496,7.062384344899539,7.903410282458177,-0.14776920527464948,False,2.9311843303222918e-05,48188,98931.69343271852,741.6757490390215,2843898.5840257513,3477084.8374021025,3477419.8094733553,0.0,False
312,design_000312,32,8.0,119.35769819228082,25990.76257304926,3.3284060631913217,7.329922640499226,-1.2947444891925515,False,0.022429594677498672,48026,98924.73775955681,949.9040233361098,2730785.5977969267,6705742.928572225,6885308.877871313,0.0,False
329,design_000329,32,8.0,93.79791466575963,23657.467076185378,7.230423842202147,7.310347676278541,-1.3338944176339218,True,0.4643553045069955,48131,98928.85969079967,1381.1953726489287,2727237.7682706257,86855468.3257282,86948966.67435543,0.0,False
121,design_000121,33,8.25,93.68852910241188,23588.24142895274,7.221799815426537,7.828702918016977,-0.29718393415705,False,0.0002345473194619573,45930,91248.5927320846,631.6703761448832,2901229.9165601684,3472480.6548292045,3472741.8332172553,0.0,False
312,design_000312,33,8.25,123.05739705867609,27573.767274558653,3.315593758271862,7.244076877440646,-1.466436015309711,False,0.01406787183366545,45750,91241.80564815376,824.4956421155156,2528174.2529014046,6015521.131136083,6123942.541894309,0.0,False
329,design_000329,33,8.25,95.37256279344263,24638.96540846116,7.337550852129401,7.21897270740373,-1.5166443553835436,True,0.41378399374240316,45859,91245.73889253884,1430.205220156116,2330090.137411798,57887095.37966525,57982338.33416093,0.0,False
121,design_000121,34,8.5,93.86201582423834,23925.152259797265,7.374794315759955,7.731410076925129,-0.49176961634074495,False,0.002815925251732303,43760,84053.90841623051,879.9576906416544,29489416.925481346,12265284.53256294,12269584.103472197,0.0,False
312,design_000312,34,8.5,126.2907534030539,29091.96028326117,3.3270532786412583,7.162653779353617,-1.6292822114837697,False,0.011677073164597282,43569,84047.3217658427,708.7390413298457,2341271.0377888056,5485134.635385473,5498946.831178808,0.0,False
329,design_000329,34,8.5,97.05710882117653,25634.61043361682,7.405323629258919,7.1296131126473075,-1.6953635448963884,True,0.3610297025269583,43684,84051.02285924893,1426.2566939231199,2111158.7847404457,40838507.93034047,40925531.04896078,0.0,False
121,design_000121,35,8.75,94.52529172385171,24594.091006683313,7.5765142791153846,7.605507215186976,-0.7435753398170509,False,0.0013707198985343583,41679,77344.0447329973,734.2473148355085,5989654.467429963,9249225.572380628,9249661.529832724,0.0,False
312,design_000312,35,8.75,129.1342148046858,30540.655152764135,3.354218838544206,7.085408100558118,-1.7837735690747656,False,0.007325169123202096,41465,77337.66124149234,602.7067355803757,2176337.3849018803,4933334.1711674025,4941388.111245279,0.0,False
329,design_000329,35,8.75,98.83731488183227,26643.831705742523,7.438915234921191,7.042001536404741,-1.8705866973815222,True,0.30825899536681395,41578,77341.09699067655,1388.4352911531132,1972581.018663113,30141747.977512527,30218147.921275668,0.0,False
121,design_000121,36,9.0,95.29879495407222,25308.580864557654,7.765795516619111,7.507474338736521,-0.9396410927179615,False,0.000669085727296658,39610,71107.39515305926,812.700148230513,3741942.156107747,7882324.186086967,7882341.948013465,0.0,False
312,design_000312,36,9.0,131.64897241694388,31931.87669743653,3.394524854462063,7.011014071496414,-1.9325616271981745,False,0.0046835817901624026,39417,71101.23290064509,505.65296670921765,2029339.807753399,4406773.179626574,4411037.478743343,0.0,False
329,design_000329,36,9.0,100.7052878173052,27676.85836286847,7.447739577219195,6.954983534531521,-2.044622701127962,True,0.25621379230509483,39512,71104.41876911143,1326.5835291266344,1865177.7959568053,22789931.390526757,22855345.92235538,0.0,False
121,design_000121,37,9.25,96.14395061783024,26031.501651534316,7.930682958413283,7.4135009123942694,-1.1275879454024649,False,0.00028582652255395094,37636,65331.732750339535,852.057832723447,3019360.766843595,6802949.348965232,6802972.064027894,0.0,False
312,design_000312,37,9.25,134.01121706944994,33253.70491005349,3.4285893480783853,6.940316414431503,-2.0739569413279977,False,0.003140822984857625,37461,65325.785844647566,422.75864012603193,1896740.7515853937,3924220.1159320422,3926266.553260707,0.0,False
329,design_000329,37,9.25,102.59452546999451,28703.413862939487,7.4365303995078165,6.870487662872009,-2.2136144444469865,True,0.10747454779756388,37543,65328.79196569184,1251.1167001735103,1767323.8074204335,17538194.016019586,17593185.049002912,0.0,False
121,design_000121,38,9.5,97.06456953964371,26768.358218852125,8.072360328531706,7.318926063357392,-1.31673764347622,False,0.00012930047170484483,35763,59996.612997821845,854.7564188126979,2675924.6005704147,5862707.719341772,5862776.982566464,0.0,False
312,design_000312,38,9.5,136.26508333940316,34525.41415562646,3.4573189707042595,6.87180534191325,-2.2109790863645045,False,0.0021742641177870713,35589,59990.88232912874,352.6572553851823,1768012.118283546,3464792.4164858297,3465661.8667545165,0.0,False
329,design_000329,38,9.5,104.48048214536529,29727.418731494865,7.416068434130816,6.787599556428358,-2.379390657334288,True,0.07283762085625699,35678,59993.7167713679,1165.084397721898,1665827.6648061858,13521127.764872074,13565898.126355208,0.0,False
121,design_000121,39,9.75,98.05006842992587,27517.001646348883,8.192389933040838,7.223282552780413,-1.5080246646301771,False,7.462294350945221e-05,33936,55080.24880933105,829.8014516111922,2475062.0987365465,5053674.570661005,5053805.104229836,0.0,False
312,design_000312,39,9.75,138.45188818049104,35754.867155158325,3.479163238033259,6.804743029063911,-2.345103712063182,False,0.001521764627531124,33773,55074.73409723341,294.87302336994605,1639751.2014636304,3031907.942564297,3032235.4296413623,0.0,False
329,design_000329,39,9.75,106.31974199846022,30739.807297844327,7.395143829921305,6.70633091266186,-2.5419279448672834,False,0.04623580909265299,33850,55077.41136222226,1072.1271258697038,1559411.6474734987,10400981.800429616,10435891.79658198,0.0,False
121,design_000121,40,10.0,99.08741533745487,28275.05804600342,8.293407588989734,7.12670200493914,-1.7011857603127245,False,5.72045272238099e-05,32174,50559.06207774184,785.2621227778626,2333744.0723860306,4376975.484481303,4377173.96596729,0.0,False
312,design_000312,40,10.0,140.58584200174533,36947.88629632232,3.494723751129668,6.738469588079936,-2.477650594031131,False,0.0010645281684959552,32025,50553.757110217855,248.2536263281536,1515539.7699836632,2641372.789984482,2641487.4973021285,0.0,False
329,design_000329,40,10.0,108.07201909834718,31732.056650534763,7.381478858425688,6.626677140393885,-2.701235489403234,False,0.02786517488071197,32095,50556.29429267017,975.6148531315743,1453453.9564850628,8014007.693295633,8039930.915350078,0.0,False
121,design_000121,41,10.25,100.1790792658569,29051.460062255224,8.37968675994896,7.028116225366147,-1.8983573194587096,False,0.00010571667544313654,30493,46407.44778436907,726.795724046477,2213491.8980947114,3816253.2224248364,3816304.125968944,0.0,False
312,design_000312,41,10.25,142.62000093851861,38111.76476932451,3.510721498105638,6.671856172452906,-2.6108774252851914,False,0.0007982595914685155,30357,46402.36098271073,210.6712855424281,1402880.3205551854,2311504.366910845,2311548.147140391,0.0,False
329,design_000329,41,10.25,109.70514640852785,32707.44454383826,7.385590462570477,6.547804506732543,-2.858980756725918,False,0.016591439450975166,30429,46404.76931693519,876.8216683748437,1355157.245977899,6218624.163819796,6236877.677010901,0.0,False
121,design_000121,42,10.5,101.2926881983334,29827.455217676634,8.451231858953884,6.930624728730816,-2.093340312729372,False,0.00012593561817457994,28890,42602.51059032874,661.954307008387,2101516.245118391,3362976.27330563,3363014.255473286,0.0,False
312,design_000312,42,10.5,144.64300851799553,39245.29604010985,3.518725865157054,6.605597617452819,-2.7433945352853644,False,0.0006588027976015001,28754,42597.63012719449,182.16656207331434,1310465.9460206637,2069288.523688061,2069314.3880602,0.0,False
329,design_000329,42,10.5,111.19734631995378,33644.90013569788,7.4039042680938705,6.471511047013865,-3.0115676761632737,False,0.010971762524589843,28828,42599.939317490316,781.8535204777833,1271139.44050678,4950753.103285292,4963232.222913837,0.0,False
121,design_000121,43,10.75,102.43496523471876,30612.63033080799,8.511544943696558,6.834079820810852,-2.286430128569298,False,0.0001406734347963942,27382,39118.54967552975,593.9019399731209,1992807.696044046,2991416.4255327843,2991441.3496459667,0.0,False
312,design_000312,43,10.75,146.61654584301704,40357.48147316046,3.524651457675135,6.538856190710351,-2.876877388770303,False,0.000610136539327964,27248,39113.868915085055,160.50819535853918,1240270.6503292567,1911587.4977742222,1911614.0631258474,0.0,False
329,design_000329,43,10.75,112.54674744037055,34554.66368131409,7.441860871451004,6.397302090947662,-3.1599855882956795,False,0.008642486832736029,27305,39116.11354351285,691.0107295169911,1202846.25099475,4053114.51386644,4061432.956355687,0.0,False
121,design_000121,44,11.0,103.60312471063197,31408.097191968784,8.562327516585576,6.739790306882635,-2.4750091564257333,False,0.00010681717847391715,25929,35931.46342271283,525.3300613121505,1890447.7169723313,2687143.59442234,2687157.2532042144,0.0,False
312,design_000312,44,11.0,148.55257999165514,41456.69962115147,3.5291381091600194,6.471408812416966,-3.0117721453570714,False,0.0006175020793964018,25801,35926.945231989666,144.2790717887282,1188842.1132343034,1824242.2104911606,1824278.4433682477,0.0,False
329,design_000329,44,11.0,113.76376859041879,35441.411068949805,7.499047909221129,6.325534281307815,-3.303521207575374,False,0.00778726263644623,25861,35929.138620912476,605.7243769483507,1149361.7434235555,3412588.2923886636,3418010.411571128,0.0,False
121,design_000121,45,11.25,104.79484254698735,32214.420500809953,8.60480452094732,6.64891383339785,-2.6567621033953044,False,0.00010843931989091799,24507,33018.028129090126,457.74018775514907,1798551.481785084,2442273.702307715,2442279.4761938364,0.0,False
312,design_000312,45,11.25,150.46744992564285,42554.146007991636,3.5327549673568757,6.403069300414537,-3.148451169361929,False,0.000650728776798331,24393,33013.615016644195,132.08603193091025,1148223.528556622,1782700.4354521146,1782749.7622014326,0.0,False
329,design_000329,45,11.25,114.87171033634344,36312.070546789735,7.572681261082966,6.256472295032973,-3.4416451801250583,False,0.006652942117906326,24450,33015.7713773839,527.0370591889856,1108996.9378529028,2942506.953362814,2945934.3957429756,0.0,False
121,design_000121,46,11.5,106.02200708003843,33043.50380557068,8.64147937994325,6.560872679892438,-2.8328444104061266,False,0.00010298890000620351,23165,30355.373626508088,391.1052916848242,1715116.6462026983,2247991.398908195,2247992.883526907,0.0,False
312,design_000312,46,11.5,152.32945587519396,43664.14927005068,3.540906368180237,6.333064141656462,-3.28846148687808,False,0.0006938719067542958,23053,30351.061573043873,122.38239545488653,1108934.1838311912,1762281.7118709085,1762341.556306935,0.0,False
329,design_000329,46,11.5,115.89153932722903,37181.58265356543,7.663882152183251,6.189530741529537,-3.57552828713193,False,0.006127121746665537,23094,30353.18762280807,454.3256547414775,1081047.1197405127,2580697.2995144976,2580697.297256586,0.0,False
121,design_000121,47,11.75,107.2554262452226,33872.119605063934,8.669771588096888,6.478139645651738,-2.998310478887528,False,9.434929690603058e-05,21897,27923.91879465818,328.48595634313074,1639312.687465345,2105758.8283012095,2105758.920129557,0.0,False
312,design_000312,47,11.75,154.22842252652973,44798.41254680685,3.5470522293007494,6.262339232151099,-3.429911305888806,False,0.0007436465904308829,21775,27919.695684884697,114.4626639922952,1063906.394570074,1742887.487273768,1742948.785003318,0.0,False
329,design_000329,47,11.75,116.8810082158703,38044.4128520216,7.755431658822665,6.125778402539543,-3.703032965111917,False,0.004581855565802221,21836,27921.800614383937,390.77590825240475,1064388.9488583812,2302521.1884848187,2302521.1873876043,0.0,False
121,design_000121,48,12.0,108.50697828432719,34711.03112098148,8.691692485343383,6.3991794646983555,-3.156230840794292,False,8.574182480390045e-05,20684,25703.403805530226,270.7303435937177,1558764.1218414062,1999377.457025639,1999377.6607024306,0.0,False
312,design_000312,48,12.0,156.1134226429214,45969.78460630517,3.5578198706011688,6.190241103671754,-3.5741075628474945,False,3.0466933966727666e-05,20592,25699.262812022418,107.17366937792795,1009209.6572902175,1716310.1459296867,1716362.438104959,0.0,False
329,design_000329,48,12.0,117.86690131845349,38914.913313681405,7.846295675513448,6.064219963466751,-3.8261498432575003,False,0.0002663938034437926,20640,25701.351194651517,335.1664522639241,1058102.622878375,2086019.9332261356,2086019.929228622,0.0,False
121,design_000121,49,12.249999999999998,109.77631075211774,35562.130171338715,8.708452937010945,6.3233538639766,-3.307882042237805,False,7.84558974551137e-05,19543,23675.57018474856,219.7784703669911,1462450.7138708138,1910892.2179361733,1910893.0793756137,0.0,False
312,design_000312,49,12.249999999999998,157.9587336442232,47185.69602703396,3.5764005903704126,6.116706540450602,-3.721176689289799,False,2.2008363813757003e-05,19458,23671.50578457043,99.95767307563519,944814.6879160844,1682025.8236969162,1682025.8236635958,0.0,False
329,design_000329,49,12.249999999999998,118.88105899268974,39800.68727527288,7.931046250140322,6.00437690848046,-3.945835953230082,False,0.00011658119654760447,19502,23673.577267516503,287.255896928861,1059467.4152767253,1920878.1215738845,1920878.121134892,0.0,False
121,design_000121,50,12.5,111.06316407673569,36429.56098979304,8.722233474049647,6.249924674180129,-3.454740421830746,False,7.22522908023428e-05,18471,21823.50008205615,177.03662484401303,1343172.2885174851,1819934.37978684,1819935.6292798924,0.0,False
312,design_000312,50,12.5,159.72926694195596,48448.054358654386,3.6059083765830646,6.041768059023255,-3.871053652144494,False,1.598563712251745e-05,18368,21819.50929791961,92.62823727110172,872975.1116366915,1642025.8176204918,1642025.8176013483,0.0,False
329,design_000329,50,12.5,119.94940217807735,40709.40937291526,8.005662029915744,5.945743501118438,-4.063102767954128,False,3.3946450638614894e-05,18419,21821.562177248386,246.5139356851748,1064222.9993960639,1798373.6284274885,1798373.6283550158,0.0,False
121,design_000121,51,12.75,112.37843562628449,37330.368014462496,8.737609151302339,6.177263298925043,-3.600063172340917,False,6.626098031629212e-05,17435,20131.143597630486,142.31505235211725,1199807.7683434589,1709711.1718737322,1709712.2942307848,0.0,False
312,design_000312,51,12.75,161.33543003186907,49752.63671409399,3.653534388929885,5.964871603436641,-4.024846563317722,False,1.7155549938730308e-05,17346,20127.22997678817,85.13532482430008,796069.0541875259,1596378.0515473427,1596378.0538631694,0.0,False
329,design_000329,51,12.75,121.08283461223874,41655.077837804805,8.072454072701222,5.887364984293549,-4.1798598016039055,False,2.377522268275369e-06,17387,20129.25396940766,211.52754781882635,1067581.194568985,1706758.9025378197,1706758.9022854648,0.0,False
121,design_000121,52,12.999999999999998,113.69680553507813,38248.96684767783,8.754802767738756,6.106630154209351,-3.741329461772301,False,6.0625484358324685e-05,16468,18585.03746736388,116.12387920449578,1042069.8299513963,1572443.8743724683,1572443.8503084483,0.0,False
312,design_000312,52,12.999999999999998,162.85502560201516,51093.43127755593,3.711295016510266,5.887604194490966,-4.179381381209071,False,2.7123969125901465e-05,16376,18581.19896075364,77.9572595539828,716928.1223348685,1539249.2531257677,1539249.24666411,0.0,False
329,design_000329,52,12.999999999999998,122.31281120592183,42632.54998546695,8.120725449898456,5.8297449939511665,-4.295099782288671,False,3.269145140240837e-06,16421,18583.186768655803,182.9525362753232,1065349.988731696,1639045.1312297557,1639045.131158978,0.0,False
121,design_000121,53,13.25,115.02599335630558,39200.266815170624,8.777969674103916,6.036803408448991,-3.8809829532930205,False,5.4172519854392175e-05,15539,17171.601468291694,96.5931345967843,882061.4169092367,1412310.1701476616,1412310.1691133035,0.0,False
312,design_000312,53,13.25,164.23126087442373,52460.68580892049,3.7830721037173425,5.809742102078797,-4.33510556603341,False,4.420219469189877e-05,15463,17167.839405662806,71.1547691669034,637305.6883594526,1466299.0850945748,1466299.0803388148,0.0,False
329,design_000329,53,13.25,123.6374880031682,43652.58215508079,8.154910251707568,5.772119946120459,-4.410349877950085,False,1.8550527007773525e-05,15502,17169.78132823773,159.22959645790726,1055567.8819015739,1583445.9221000588,1583445.9220922487,0.0,False
121,design_000121,54,13.5,116.36214072388215,40185.3407953815,8.808227069732506,5.967655364363795,-4.019279041463413,False,4.810183718399665e-05,14672,15878.823943071175,82.35900758079262,734763.2407395906,1244844.0036979397,1244844.003693092,0.0,False
312,design_000312,54,13.5,165.4703730369689,53844.25730879651,3.8672103736445353,5.731755854715309,-4.491078060760386,False,9.753014529184958e-06,14599,15875.139772974057,64.87519564903491,560021.6582666739,1376906.052575585,1376906.0525709486,0.0,False
329,design_000329,54,13.5,125.05738704731887,44717.343077591795,8.175504880999211,5.714280322958238,-4.526029124274527,False,3.6698591067947645e-05,14637,15877.026328138747,139.5636244866464,1038228.3271438954,1533978.4442422446,1533978.4442362578,0.0,False
121,design_000121,55,13.750000000000002,117.70174092179704,41201.07372188368,8.84474918997306,5.899218274513194,-4.156153221164617,False,4.2894564865558096e-05,13844,14695.752090103453,72.1949633883592,612185.3152938356,1090393.6830597145,1090393.683055842,0.0,False
312,design_000312,55,13.750000000000002,166.5897850040525,55234.11987377672,3.96115106705677,5.654128217159002,-4.646333335872999,False,1.9315218473040078e-05,13778,14692.146026634611,59.233206112676996,488875.56369158207,1277121.1036814908,1277121.1033379175,0.0,False
329,design_000329,55,13.750000000000002,126.5665106988255,45825.72085954445,8.1835809313705,5.6561235398099345,-4.642342690571135,False,5.21536358475937e-05,13818,14693.969140003952,123.19732321445636,1014619.8627170143,1488420.579180171,1488420.5783502194,0.0,False
121,design_000121,56,14.0,119.05283813395772,42249.57911196832,8.885579589073402,5.830798215747144,-4.292993338696715,False,3.889341618792778e-05,13070,13612.120620897067,64.8898529886493,519523.687349186,967150.3182114029,967150.3182098175,0.0,False
312,design_000312,56,14.0,167.55297896545574,56618.5002524553,4.067317805625768,5.576517474465452,-4.8015548212601,False,2.987914234700627e-05,12991,13608.595377432346,54.213081674339385,427323.87252470566,1176729.373520937,1176729.3731576675,0.0,False
329,design_000329,56,14.0,128.1498111845138,46980.93878481919,8.184110771314845,5.597160302025036,-4.760269166140932,False,6.397997044926879e-05,13034,13610.346554040758,109.13272092120981,985203.8718129754,1445568.0315697712,1445568.031385118,0.0,False
121,design_000121,57,14.25,120.39344880730648,43303.571247025466,8.925570943434302,5.7640552454282465,-4.42647927933451,False,3.6748437359667926e-05,12339,12619.447765615285,59.76200599870722,455541.5838737898,882068.8344252277,882068.8150609558,0.0,False
312,design_000312,57,14.25,168.49937377240195,57994.89868737024,4.172404677113134,5.500688604974484,-4.953212560242035,False,4.122066870336106e-05,12272,12615.99951925004,50.03956736649894,378179.5331145162,1087080.0379056898,1087080.037786037,0.0,False
329,design_000329,57,14.25,129.79908363804753,48163.246295194345,8.1723131047943,5.538347947653578,-4.877893874883847,False,7.228870588748988e-05,12305,12617.675942522561,97.39445654614147,950952.9783202292,1404317.065932933,1404317.0659102963,0.0,False
121,design_000121,58,14.500000000000002,121.73301758608915,44361.50480116849,8.961464493669826,5.698282803444918,-4.558024163301166,False,1.5837870313483878e-07,11600,11721.26091363662,55.733966858079114,413263.04059658357,836575.3896960015,836575.3896952235,0.0,False
312,design_000312,58,14.500000000000002,169.39742752006978,59356.34046815831,4.278652258832763,5.426112919918359,-5.102363930354285,False,5.334413419262456e-05,11535,11717.887177649645,46.57420216239217,341057.1009459514,1013404.8732720234,1013404.8732707682,0.0,False
329,design_000329,58,14.500000000000002,131.4931596254637,49372.018214838106,8.15359464506684,5.479348260370542,-4.995893249449919,False,7.848123061172539e-05,11570,11719.486878099708,87.17194969886894,909258.1093294073,1358730.7196541305,1358730.7196506325,0.0,False
121,design_000121,59,14.75,123.07197203717301,45414.51078358488,8.989854075237853,5.633435334268688,-4.687719101653628,False,6.768739915686575e-09,10927,10906.690569512322,52.074550174910335,385112.36740470596,826912.7597671886,826912.7593763947,0.0,False
312,design_000312,59,14.75,170.26630071577515,60700.961143291046,4.384058430396706,5.352838208292615,-5.248913353605773,False,6.671529177190488e-05,10868,10903.38759093725,43.72307088120493,313849.1026632471,955916.6651483683,955916.6636732362,0.0,False
329,design_000329,59,14.75,133.21458536928225,50600.35571547138,8.130177555593997,5.420268824133316,-5.11405212192437,False,8.30873220487515e-05,10902,10904.909643129331,78.10082652078432,856784.8791603618,1300608.259186818,1300608.2591856965,0.0,False
121,design_000121,60,15.0,124.41162910625796,46456.45459950823,9.008411529130205,5.56939427432969,-4.815801221531624,False,3.032184841990835e-08,10295,10157.047553039129,48.39936181299945,366064.4744553272,849462.9693883253,849462.9693349693,0.0,False
312,design_000312,60,15.0,171.12001619243617,62029.29045023814,4.4873544581755445,5.280836994657597,-5.39291578087581,False,8.187016589973799e-05,10239,10153.81127725212,41.36952069398036,293496.9051357241,910830.7770948161,910830.7772060481,0.0,False
329,design_000329,60,15.0,134.94659037846054,51842.2977578083,8.104399114646213,5.361218199073429,-5.232153372044146,False,8.604767849539447e-05,10269,10155.26869595335,69.93366381922183,790450.7152253687,1221891.4010047163,1221891.40367164,0.0,False
121,design_000121,61,15.25,125.76416562646416,47492.573795194556,9.016204571263849,5.505237527218574,-4.944114715753855,False,8.13795664066571e-08,9710,9466.37564399,44.68381532471674,354427.4605536218,903238.1466190857,903238.1466096599,0.0,False
312,design_000312,61,15.25,171.91004802408418,63340.173162978586,4.593602865878313,5.20934189451826,-5.5359059811544835,False,9.914932130210338e-05,9648,9463.203525092275,39.33283220800193,276863.49235906615,872600.8865432112,872600.8865258684,0.0,False
329,design_000329,61,15.25,136.67133755209787,53102.019729504056,8.081878192284307,5.301780286516319,-5.351029197158366,False,8.757523800841158e-05,9678,9464.605954445462,62.38657567480093,708127.7445249852,1117759.3362092199,1117759.33717138,0.0,False
121,design_000121,62,15.5,127.1149509229081,48508.38601611994,9.012538092464606,5.442315389523819,-5.0699589911433645,False,6.141762323486317e-08,9151,8829.88624891534,41.4273967427142,352441.1524456176,985411.7931761201,985411.7931759733,0.0,False
312,design_000312,62,15.5,172.74949386153617,64640.471210199525,4.6918259490513545,5.139701202599315,-5.675187364992373,False,0.0,9097,8826.773095607075,37.65138275263128,262609.8966798965,838922.8512027978,838922.8512020726,0.0,False
329,design_000329,62,15.5,138.37608482360633,54359.6681077368,8.05952484584667,5.24305828066346,-5.468473208864084,False,8.652472984819302e-05,9121,8828.126214663944,55.73351508036411,614230.4383130587,993440.3546526496,993440.3546530481,0.0,False
121,design_000121,63,15.749999999999998,128.4792347579086,49515.50616015642,8.998097213640284,5.379822197650662,-5.194945374889679,False,4.652851847033618e-09,8626,8242.649714793222,39.00945821899868,361257.22068094957,1092379.0363564983,1092379.0365152336,0.0,False
312,design_000312,63,15.749999999999998,173.5846569624142,65927.6582627022,4.7872924390754665,5.071232254327814,-5.812125261535374,False,0.0,8583,8239.592429946188,36.192187977616115,249838.76634761045,808027.5943777425,808027.5943745387,0.0,False
329,design_000329,63,15.749999999999998,140.04305030097925,55620.48291205579,8.043096213429363,5.1847037596478085,-5.585182250895387,False,8.341184440058024e-05,8605,8240.902137815807,49.87467100998893,513678.6010066787,859048.0239393483,859048.012690883,0.0,False
121,design_000121,64,16.0,129.86507879972876,50521.10587300919,8.973795395241185,5.317717826128782,-5.319154117933438,False,4.949656852669471e-08,8136,8062.386070534923,37.73960581055521,380362.2109112708,1213728.6431466143,1213728.6435293949,0.0,False
312,design_000312,64,16.0,174.41279676240555,67200.37361348291,4.8801142602840235,5.003950810983367,-5.946688148224269,False,0.0,8095,8059.384046080786,34.913014332786624,238818.66310391758,780510.367074266,780510.3670686177,0.0,False
329,design_000329,64,16.0,141.65601332937544,56881.71565190617,8.035359530625941,5.126866140613224,-5.700857488964556,False,0.0,8113,8060.654444039211,44.92534826759641,414918.1776588183,730125.8709407405,730125.8656606886,0.0,False
121,design_000121,65,16.25,131.28177694559153,51534.795731929225,8.94094312560293,5.2560042684673185,-5.442581233256367,False,3.428424700208098e-07,7671,8005.970412954129,37.67445918524405,406284.9894057879,1332449.2241962722,1332449.2245984243,0.0,False
312,design_000312,65,16.25,175.23088034161594,68456.29185668887,4.970317933096344,4.937887022789484,-6.078815724612036,False,0.0,7637,8003.022787764682,33.78083355791069,230069.62346525484,757269.4518903743,757269.4521595605,0.0,False
329,design_000329,65,16.25,143.19948330398196,58139.282019470375,8.038472394948087,5.069722193850554,-5.815145382489896,False,0.0,7650,8004.259489980829,41.01844590548582,326941.084431615,622179.2986545166,622179.2968085803,0.0,False
121,design_000121,66,16.5,132.74786707767217,52575.86703682504,8.901489413782928,5.193980060168193,-5.566629649854617,False,9.639317524591126e-07,7246,7949.36444708024,38.62135021206697,432879.91820058477,1427886.1166893367,1427886.1166891104,0.0,False
312,design_000312,66,16.5,175.98412775251938,69690.5686313954,5.063537332820125,4.872451081565267,-6.209687607060468,False,0.0,7208,7946.472378902406,32.70854445786371,223541.3764779396,737806.4073580857,737806.4073577301,0.0,False
329,design_000329,66,16.5,144.65706038806985,59396.636536191814,8.056847879152834,5.012931113119055,-5.928727543952894,False,0.0,7224,7947.6807761086175,38.19410070952575,256328.96542474508,545896.4833643824,545896.483364069,0.0,False
121,design_000121,67,16.75,134.25407612286347,53640.108569799806,8.856647813822493,5.133130124054132,-5.688329522082739,False,0.0,6837,7892.596626520901,40.22595626736488,454845.5174531255,1483024.3184054417,1483024.3107864312,0.0,False
312,design_000312,67,16.75,176.77484284004493,70906.25469218961,5.1485774873474,4.808890222321409,-6.336809325548185,False,0.0,6799,7889.757802206263,31.73395952224748,219251.57830593133,721959.3549800146,721959.3561594237,0.0,False
329,design_000329,67,16.75,146.02397330060506,60625.898424779654,8.083877607568976,4.957722852794714,-6.039144064601574,False,0.0,6814,7890.944437297884,36.62010619267156,208489.20195567608,507373.31081967015,507373.31028919655,0.0,False
121,design_000121,68,17.0,135.81467503256192,54744.60667918434,8.808376801349167,5.072851050482823,-5.808887669225356,False,0.0,6453,7835.684051390003,42.01818792251491,466838.25461403764,1488854.8563882504,1488854.853756625,0.0,False
312,design_000312,68,17.0,177.555543948456,72100.95267653228,5.230522295733248,4.746629710881134,-6.461330348428735,False,0.0,6421,7832.898651366726,30.748552948310326,216031.6107953599,707367.6688237177,707367.6688048391,0.0,False
329,design_000329,68,17.0,147.29336839922408,61825.1883708702,8.120787017645036,4.903758260458321,-6.147073249274361,False,0.0,6436,7834.069584777481,36.144064999920154,182813.65291494055,504991.4030255858,504991.4051269735,0.0,False
121,design_000121,69,17.25,137.43218839189475,55896.094464675996,8.758083478169157,5.013258428763732,-5.9280729126635405,False,0.0,6095,7778.647895871206,43.527334934239846,465988.8047837496,1446925.2303497659,1446925.2330771526,0.0,False
312,design_000312,69,17.25,178.33080522493546,73276.93383962267,5.309200114064809,4.685679790085096,-6.583230190020811,False,0.0,6064,7775.916670728889,29.687865326198605,212549.59847367476,692068.8872723476,692068.8872733027,0.0,False
329,design_000329,69,17.25,148.46764490808445,62983.53592257673,8.16444746461534,4.851125764653007,-6.252338240884988,False,0.0,6077,7777.076745247756,36.553072330360294,176363.98649203416,534229.6640767801,534229.6641350706,0.0,False
121,design_000121,70,17.5,139.10525047646337,57097.413221434006,8.706804156447133,4.954491375835289,-6.045607018520426,False,0.0,5761,7721.50929889453,44.35641792839775,451465.8078656308,1367135.2396580814,1367135.2396578023,0.0,False
312,design_000312,70,17.5,179.10770462426646,74439.52140119695,5.384558154146462,4.626038937721271,-6.702511894748462,False,0.0,5729,7718.831603969604,28.48664551640497,207199.65641219658,674310.1492950221,674310.1492944815,0.0,False
329,design_000329,70,17.5,149.55727868016606,64092.279711036266,8.210719617053387,4.799811081168168,-6.354967607854667,False,0.0,5746,7719.985575789624,37.51204441437792,184343.0081325142,589493.7905803692,589493.790580449,0.0,False
121,design_000121,71,17.75,140.83854167577994,58357.48794455164,8.655797746454322,4.8960310000838865,-6.16252777002323,False,0.0,5444,7664.28509086174,44.28612247035358,423780.5005427818,1262433.200220149,1262433.200115558,0.0,False
312,design_000312,71,17.75,179.8473659994105,75595.37481194916,5.462282065485806,4.567171970787919,-6.820245828615167,False,0.0,5410,7661.663203113063,27.054797405165868,198279.3972582942,652604.548360916,652604.5484185297,0.0,False
329,design_000329,71,17.75,150.5754006700746,65156.16115189092,8.258380097181526,4.7491831439601295,-6.456223482270745,False,0.0,5430,7662.812338953149,38.59534202096824,201303.0919512744,666405.5967514919,666405.5967502764,0.0,False
121,design_000121,72,18.0,142.6030922092205,59652.16691556717,8.604718702311423,4.8393191759714576,-6.275951418248089,False,0.0,5153,7607.004497859471,43.31744565814615,386180.9735572644,1149108.156815929,1149108.1567886714,0.0,False
312,design_000312,72,18.0,180.6547548338405,76759.72497713016,5.531835197903668,4.510087235597597,-6.934415298995809,False,0.0,5124,7604.434908056389,25.44256588334534,185272.90071247288,627794.4384311693,627794.4388001655,0.0,False
329,design_000329,72,18.0,151.5578748107102,66159.1519235226,8.295944378441348,4.699974021756901,-6.554641726677201,False,0.0,5138,7605.58080042315,39.48492353033957,223189.9618761423,761087.9935226128,761087.9936667917,0.0,False
121,design_000121,73,18.25,144.39517449989472,60982.56181656085,8.554617773455382,4.783828433317727,-6.386932903555548,False,0.0,4869,7549.683646507851,41.72416996213523,342001.9066313659,1038153.8130204452,1038153.8161337265,0.0,False
312,design_000312,73,18.25,181.49499541117632,77942.86996771613,5.598789886342208,4.454256170748424,-7.046077428694154,False,0.0,4844,7547.164926432465,23.686694084771162,168836.74702675897,602215.699664296,602215.7002120415,0.0,False
329,design_000329,73,18.25,152.52998181551152,67117.10792949595,8.32234269516784,4.651392806654175,-6.651804156882654,False,0.0,4857,7548.307452527345,39.90861681356251,247012.92921497242,871589.7437672379,871589.7437586527,0.0,False
121,design_000121,74,18.5,146.19974739487714,62339.01428462907,8.506156577136583,4.729617260323954,-6.4953552495430955,False,0.0,4612,7492.342304627972,39.9152581232676,295489.1606830261,937885.1117222104,937885.1117222252,0.0,False
312,design_000312,74,18.5,182.3764789306248,79155.12999231584,5.663472891606371,4.399654163303969,-7.155281443583065,False,0.0,4588,7489.873194178264,21.948579662820492,151387.5903957072,580617.7510079539,580617.7510077716,0.0,False
329,design_000329,74,18.5,153.52188428681856,68041.39291343706,8.334225033718399,4.603099634846606,-6.748390500497791,False,0.0,4598,7491.009450173398,39.780861830256455,271666.42505908466,994747.3695736601,994747.3695738119,0.0,False
121,design_000121,75,18.75,148.0015363551113,63711.450917903945,8.459994803058917,4.676685432076444,-6.601218906038116,False,0.0,4367,7434.999771106786,38.27869113213946,250300.1382843491,852261.6888264448,852261.6899244048,0.0,False
312,design_000312,75,18.75,183.30286962977127,80402.26447917959,5.72610760864402,4.346251341426086,-7.262087087338831,False,0.0,4347,7432.579990562919,20.415178160009095,135806.04681610488,567624.6755306077,567624.6718080419,0.0,False
329,design_000329,75,18.75,154.55958860023776,68945.23835246106,8.329611429461032,4.554790378013264,-6.845009014164475,False,0.0,4355,7433.705042143424,39.137675261250926,296804.6432158074,1124163.808131815,1124163.8081300198,0.0,False
121,design_000121,76,19.0,149.798005913458,65103.26438695991,8.417466606751995,4.624375709526517,-6.7058383511379684,False,0.0,4144,7377.670431784729,37.04161060686416,208230.13844094245,780086.4376354722,780086.438122242,0.0,False
312,design_000312,76,19.0,184.22775244779942,81681.92227357264,5.792041757774877,4.293577440490842,-7.367434889209319,False,0.0,4116,7375.301572240901,19.173915481164258,123791.1745995561,564866.4868560635,564866.4869769451,0.0,False
329,design_000329,76,19.0,155.6535810273944,69847.69053507579,8.311274675734365,4.505793566684472,-6.943002636822058,False,0.0,4127,7376.4097178660795,38.02091887719607,321775.3255085069,1250259.8131858078,1250259.8131841957,0.0,False
121,design_000121,77,19.25,151.55746136778848,66483.13764492587,8.377486310085063,4.573755951961875,-6.807077866267254,False,0.0,3929,7320.381363330459,36.23388197364096,170640.12966355192,720208.5256550192,720208.5258686015,0.0,False
312,design_000312,77,19.25,185.22961082601793,82991.73515768687,5.8509721703870134,4.24241443829979,-7.469760893591423,False,0.0,3909,7318.0601856024605,18.253829349031,115576.32875008218,570962.4360675411,570962.4361180798,0.0,False
329,design_000329,77,19.25,156.82615615232186,70746.18058437441,8.274314135889876,4.45689734384345,-7.040795082504102,False,0.0,3917,7319.146866033212,36.561220811367875,344925.8917654439,1359192.9237320186,1359192.9237304488,0.0,False
121,design_000121,78,19.5,153.28394783233037,67857.39341866701,8.340798661476478,4.524119686849619,-6.906350396491765,False,0.0,3725,7263.145412012567,35.75452566216438,137123.5216963518,668487.8594698285,668487.8594698161,0.0,False
312,design_000312,78,19.5,186.2551409769175,84319.29957101561,5.90773362293526,4.192267648513439,-7.5700544731641255,False,0.0,3703,7260.871070106174,17.545216917079017,110347.60905252471,582905.8810871305,582905.8810869949,0.0,False
329,design_000329,78,19.5,158.06782916666702,71653.42091408408,8.224318171211143,4.407697875515243,-7.139194019160517,False,0.0,3718,7261.932557768597,34.769518091942835,364368.0424748402,1441674.2416946394,1441674.2416945312,0.0,False
121,design_000121,79,19.75,154.97547356161624,69223.19041853861,8.307136270257853,4.475324726214481,-7.003940317762041,False,0.0,3539,7205.979640785461,35.48791535921908,108097.93601316214,624156.8939851639,624156.8940285026,0.0,False
312,design_000312,79,19.75,187.29138442897005,85651.59575939388,5.962106337844617,4.143062838109749,-7.6684640939715045,False,0.0,3520,7203.751553583798,16.987718758014555,107948.57725568945,599970.1302245071,599970.1302318813,0.0,False
329,design_000329,79,19.75,159.36717005332227,72571.54467140982,8.164644713282048,4.358330172983366,-7.237929424224272,False,0.0,3531,7204.785103537,32.70560754204052,378951.04076636035,1493600.6065163745,1493600.6066531,0.0,False
121,design_000121,80,20.0,156.63410964525838,70579.39751218406,8.275810211654676,4.4272369819169795,-7.100115806357044,False,0.0,3366,7148.90122515247,35.38800669453311,84996.1149507388,590107.7357635616,590107.7357840912,0.0,False
312,design_000312,80,20.0,188.32529907895602,86974.56811397943,6.013812708545909,4.094757344358018,-7.765075081474967,False,0.0,3346,7146.719358429403,16.589018722064672,109247.96586404051,624721.6048442059,624721.6048467638,0.0,False
329,design_000329,80,20.0,160.70704607941448,73498.8966903401,8.098824084112257,4.308999697944584,-7.336590374301836,False,0.0,3357,7147.72337212825,30.47801961998981,388952.8188896231,1517748.604098609,1517748.6041028649,0.0,False
121,design_000121,81,20.25,158.2755152766176,71939.85178994061,8.24677476309185,4.379208514887116,-7.19617274041677,False,0.0,3203,7091.9213585407715,35.50023086118237,69579.913800637,571298.8413136859,571298.8413234213,0.0,False
312,design_000312,81,20.25,189.30410087992328,88271.78432629257,6.067415300365964,4.04702156280132,-7.8605466445883625,False,0.0,3183,7089.787201619019,16.361208245054648,115278.79456919822,660938.9286072301,660938.9286079846,0.0,False
329,design_000329,81,20.25,162.0605374804583,74436.69824951827,8.032765753067393,4.259512887937267,-7.435563994316469,False,0.0,3193,7090.761233226084,28.193414503415507,395906.3616866864,1521224.1511238364,1521224.1511202767,0.0,False
121,design_000121,82,20.5,159.88901565007728,73278.08445487305,8.216251050201192,4.332198178106454,-7.290193413978096,False,0.0,3044,7035.064515879095,35.909731636019465,64232.33433393182,575617.757677461,575617.7576774602,0.0,False
312,design_000312,82,20.5,190.29633711764467,89533.65586066582,6.112951081876369,4.000614641593032,-7.9533604870049395,False,0.0,3029,7032.977053142967,16.335974390325767,126370.03898864189,711520.7719601551,711520.7719600862,0.0,False
329,design_000329,82,20.5,163.42389997394542,75368.48244522962,7.963743435921458,4.2109306309348495,-7.532728508321304,False,0.0,3039,7033.922170766667,26.071919567121853,400912.6037414076,1511803.3848747085,1511803.384874598,0.0,False
121,design_000121,83,20.75,161.49526435319046,74607.54425223358,8.183259503539247,4.285630639418153,-7.383328491354696,False,0.0,2895,6978.342327230863,36.709537262025506,69865.61843132533,608517.0471857365,608517.0471879547,0.0,False
312,design_000312,83,20.75,191.2547799263895,90745.95827617706,6.15467876008047,3.9553254615590445,-8.043938847072914,False,0.0,2880,6976.302830150218,16.441468629298548,141481.43936732018,775271.5224095056,775271.5221540375,0.0,False
329,design_000329,83,20.75,164.77417261914977,76293.89944368316,7.896289580761263,4.163038157041418,-7.628513456108166,False,0.0,2887,6977.219723407935,24.166972473301232,404699.50707530335,1494572.1191633644,1494572.124229281,0.0,False
121,design_000121,84,21.0,163.1054679796812,75928.70442635201,8.145877907711501,4.239467553202778,-7.4756546637854475,False,0.0,2760,6921.770052825088,37.93364002007264,86886.0236532199,674969.8509935893,674969.8509944747,0.0,False
312,design_000312,84,21.0,192.17433089639258,91899.88945213334,6.192249794140475,3.911289877057568,-8.132010016075867,False,0.0,2735,6919.780863919363,16.62308744800607,158929.9827444534,847599.4422106231,847599.4420227354,0.0,False
329,design_000329,84,21.0,166.09968709373115,77208.84334295763,7.831750356837116,4.115975441490806,-7.72263888720939,False,0.0,2743,6920.669839486764,22.507932952750217,406842.02595019876,1471228.678525901,1471228.6787517432,0.0,False
121,design_000121,85,21.25,164.72848619717854,77241.82745897055,8.102709162289814,4.193688295660576,-7.567213178869851,False,0.0,2639,6865.362243987425,39.514051167960126,114200.93881788687,776086.7455771666,776086.7455774405,0.0,False
312,design_000312,85,21.25,193.0543499269745,92991.95320868824,6.225473272089528,3.8686068959297812,-8.217375978331441,False,0.0,2625,6863.426262957518,16.85995221713171,176961.24158783627,921118.0613133586,921118.0604636641,0.0,False
329,design_000329,85,21.25,167.39384651007626,78111.69771863536,7.7709514914695434,4.069818326469939,-7.814953117251126,False,0.0,2631,6864.287845361746,21.070162943596554,406441.63404066913,1441347.9826492583,1441347.982653412,0.0,False
121,design_000121,86,21.5,166.3748821196402,78560.46786892953,8.054842991407666,4.147811741380199,-7.658966287430605,False,0.0,2506,6809.128867598537,41.261270429995776,147496.40313078393,903497.5114013965,903497.5114014145,0.0,False
312,design_000312,86,21.5,193.86276435834287,94023.76364223314,6.25889488710802,3.8270192844084265,-8.30055120137415,False,0.0,2495,6807.251213058416,17.126742888530114,193856.7677227555,986342.2321232363,986342.2321231352,0.0,False
329,design_000329,86,21.5,168.6495070961105,79010.65817565072,7.716690006746077,4.024172072284348,-7.906245625622306,False,0.0,2500,6808.083985019694,19.764467324748,402748.686853567,1403432.071793403,1403432.071793381,0.0,False
121,design_000121,87,21.75,168.0275649503189,79856.59697750895,8.000174569232167,4.1027625399613745,-7.749064690268254,False,0.0,2408,6753.092915666715,42.87205377130006,179884.66104729054,1038516.2898155047,1038516.2941923139,0.0,False
312,design_000312,87,21.75,194.68026589700554,95008.1715287607,6.2839713603449345,3.7870079129486363,-8.380573944293731,False,0.0,2395,6751.27463911509,17.39507578720118,207873.07718993752,1034511.2771650944,1034511.2714334783,0.0,False
329,design_000329,87,21.75,169.88549727722727,79897.9090836273,7.663825454915416,3.9797475646009755,-7.995094640989052,False,0.0,2403,6752.078537580134,18.57244911885425,395460.9231043283,1358001.9350711647,1358001.9350705596,0.0,False
121,design_000121,88,22.0,169.68310394409326,81141.08559748699,7.941951452206973,4.058086665861958,-7.838416438467088,False,0.0,2287,6697.264007874422,44.055651155965506,201952.42621798007,1152024.45561099,1152024.4556109603,0.0,False
312,design_000312,88,22.0,195.48407088922113,95958.35280545098,6.305507851789269,3.748133774570678,-8.458322221049649,False,0.0,2278,6695.506532072913,17.5158573933843,217080.0233945195,1057789.7316968208,1057789.7265690332,0.0,False
329,design_000329,88,22.0,171.10713658207354,80787.10084650361,7.613976849314158,3.93603216256287,-8.082525445065263,False,0.0,2282,6696.280867571011,17.40062105562428,384815.8808113921,1304648.2926533145,1304648.291141601,0.0,False
121,design_000121,89,22.25,171.32516927969706,82410.46073726256,7.882790889321825,4.013794526538467,-7.92700071711407,False,0.0,2203,6641.655324367149,44.63812958676382,206933.5516250483,1218030.464605804,1218030.464605763,0.0,False
312,design_000312,89,22.25,196.2874705203815,96891.20474420233,6.324095186045007,3.710168980784971,-8.534251808621061,False,0.0,2193,6639.958820632597,17.326602238646124,220120.9396686919,1052985.46656521,1052985.460647283,0.0,False
329,design_000329,89,22.25,172.3295701070856,81687.35221764297,7.566071131976718,3.8928616814493546,-8.168866407292294,False,0.0,2198,6640.7030679649815,16.223560528971895,371528.0918221669,1244499.0971707224,1244499.0963153997,0.0,False
121,design_000121,90,22.5,172.93472003788938,83660.20654119262,7.825445735115229,3.9699105017826364,-8.01476876662573,False,0.0,2087,6586.279070690185,44.63908435941034,193850.31661475304,1225214.4859614742,1225214.485961464,0.0,False
312,design_000312,90,22.5,197.102009235142,97822.33729470847,6.340330033808418,3.67286312470556,-8.608863520779883,False,0.0,2080,6584.642737808354,16.726168347995397,217000.3171426069,1022710.2526279711,1022710.2526278386,0.0,False
329,design_000329,90,22.5,173.56777811768995,82607.26520290712,7.518999800595087,3.850078283669372,-8.25443320285226,False,0.0,2083,6585.356983058342,15.067273468993772,356953.9276157126,1180569.7292787218,1180569.7292786934,0.0,False
121,design_000121,91,22.75,174.49563240998054,84897.13772368646,7.774059357733261,3.9260607175350035,-8.102468335120996,False,0.0,2020,6531.142557386006,44.249693608172414,167604.79725679063,1182355.9192472738,1182355.9192501528,0.0,False
312,design_000312,91,22.75,197.9031616367157,98762.84910473574,6.358816467269891,3.635750309631529,-8.683089150927945,False,0.0,2012,6529.56610740086,15.732368016669483,209461.92180092307,974603.8480587391,974603.842124631,0.0,False
329,design_000329,91,22.75,174.8274781985128,83560.95175016896,7.474256250436401,3.8072063813548183,-8.340177007481367,False,0.0,2018,6530.249535487238,13.976446647825208,343002.43221693346,1117883.6297959203,1117883.6313745717,0.0,False
121,design_000121,92,23.0,175.9891544045241,86091.58493909021,7.726410674740798,3.8831222231865308,-8.188345323817941,False,0.0,1938,6476.266517423452,43.69233486902157,136980.99966404014,1111787.537624506,1111787.5376252085,0.0,False
312,design_000312,92,23.0,198.75637977048387,99719.00426377321,6.371938207903257,3.5991200856869265,-8.75634959881715,False,0.0,1930,6474.745496669233,14.523230076246765,200625.16392503274,920477.7270106525,920477.7234896079,0.0,False
329,design_000329,92,23.0,176.124467398787,84534.16151103663,7.426526367133266,3.7649212795490583,-8.424747211092887,False,0.0,1935,6475.398954590686,13.062047104955107,332527.0103117931,1065338.0184820283,1065338.0184822206,0.0,False
121,design_000121,93,23.250000000000004,177.41020260804768,87249.85093894645,7.684489470473977,3.8407542347753925,-8.273081300640218,False,0.0,1838,6421.657147660181,43.16400226074401,109531.74313979672,1039753.9139468365,1039753.9139469938,0.0,False
312,design_000312,93,23.250000000000004,199.62809965477746,100690.10941350536,6.383912640254291,3.562637976737805,-8.829313816715393,False,0.0,1834,6420.187578237453,13.30724154679601,193767.07831220244,870949.8382335507,870949.8357454808,0.0,False
329,design_000329,93,23.250000000000004,177.452537442878,85531.08356862393,7.377667744225844,3.722905155386057,-8.50877945941889,False,0.0,1836,6420.812373211512,12.357589965376762,327879.6590670416,1030517.1466846188,1030517.1466846296,0.0,False
121,design_000121,94,23.5,178.75723034392993,88367.29665189426,7.647661728209274,3.7990091294650563,-8.35657151126089,False,0.0,1787,6367.324397507386,42.74571114864466,89976.21981761669,985429.599959208,985429.5999592353,0.0,False
312,design_000312,94,23.5,200.51305710396022,101672.46015028731,6.394933469180063,3.526270879177558,-8.902048011835888,False,0.0,1781,6365.902193836978,12.268419392929129,190997.1966007891,833766.1775523225,833766.1775523019,0.0,False
329,design_000329,94,23.5,178.80705363121737,86545.07471731167,7.3273363317522815,3.6812417267044952,-8.592106316782013,False,0.0,1782,6366.500134668086,11.882135505926852,330688.333229319,1019395.2021669891,1019395.2021669514,0.0,False
121,design_000121,95,23.75,180.0344375395094,89441.44334432059,7.614743045999895,3.757913572658344,-8.438762624874315,False,0.0,1725,6313.278000951351,42.40581061474595,79312.37441060675,956482.1710610837,956482.171061178,0.0,False
312,design_000312,95,23.75,201.4060570242345,102662.10535024156,6.405163551932879,3.4900414551818897,-8.974506859827224,False,0.0,1720,6311.898931479544,11.47942033406098,192184.14916379642,811413.7979702227,811413.7964189767,0.0,False
329,design_000329,95,23.75,180.1830048433467,87568.91930021573,7.275195685093967,3.640028232937327,-8.67453330431635,False,0.0,1723,6312.472511429042,11.613222668820404,340996.85150888655,1033596.7891768935,1033596.7891768711,0.0,False
121,design_000121,96,24.0,181.2478118166297,90482.390068751,7.586422740001196,3.7170907315146273,-8.520408307161748,False,0.0,1648,6259.521862171332,42.030191022178855,75667.39706286043,951527.7590706209,951527.7590706451,0.0,False
312,design_000312,96,24.0,202.2770966892185,103659.79164701166,6.418504013470571,3.4537971387283877,-9.046995492734228,False,0.0,1643,6258.183686729645,10.867190584282028,194688.28893424163,800314.3365350668,800314.3355952492,0.0,False
329,design_000329,96,24.0,181.57334215322516,88608.14673846016,7.22335495146119,3.599008413127363,-8.756572943936277,False,0.0,1644,6258.734342265766,11.469535896779824,356539.62485588505,1068518.0147785025,1068518.0173106831,0.0,False
121,design_000121,97,24.25,182.41477793967468,91477.46823048514,7.557674742417776,3.677222982458309,-8.600143805274385,False,0.0,1572,6206.073395994274,41.482819715056785,75656.90814267259,960549.8635892622,960549.8628437656,0.0,False
312,design_000312,97,24.25,203.1832037874955,104667.02363671479,6.427891435815765,3.4180083997245867,-9.11857297074183,False,0.0,1567,6204.772334276665,10.30727453877339,194662.72488188988,793432.0643826256,793432.0642720824,0.0,False
329,design_000329,97,24.25,182.98957991761128,89644.28041159404,7.167038381446232,3.558851446059249,-8.836886878072505,False,0.0,1570,6205.301889305969,11.372569761676948,373844.2086834233,1115345.9167068936,1115345.917185085,0.0,False
121,design_000121,98,24.499999999999996,183.54797023985267,92445.71063404756,7.529656868227451,3.6378820484507006,-8.678825673289602,False,0.0,1533,6152.935898110486,40.65839360400262,76226.81305876409,976398.2887495122,976398.2887495642,0.0,False
312,design_000312,98,24.499999999999996,204.10437104990228,105694.30804275158,6.4371551612512725,3.38252515773556,-9.189539454719883,False,0.0,1528,6151.669538763697,9.644553562555144,188595.4736350587,781095.4661419491,781095.4661419222,0.0,False
329,design_000329,98,24.499999999999996,184.43384495810037,90693.55361084318,7.108702790531581,3.5191970984104044,-8.916195573370194,False,0.0,1532,6152.179218514044,11.184545696770808,387439.65169900336,1158903.0158536641,1158903.0158536637,0.0,False
121,design_000121,99,24.750000000000004,184.66255568402394,93400.01732172305,7.502025678781506,3.59898578359133,-8.756618203008344,False,0.0,1491,6100.116448137184,39.519934460299645,75774.00050895885,993805.0863284507,993805.0864198278,0.0,False
312,design_000312,99,24.750000000000004,205.05044942434932,106753.65178671698,6.446479089087147,3.3473795864912423,-9.259830597208518,False,0.0,1485,6098.883056906618,8.82746152457126,175413.09479734677,755591.7979184436,755591.7981728589,0.0,False
329,design_000329,99,24.750000000000004,185.915594086837,91768.31412419403,7.048914321545789,3.479949942784997,-8.994689884621009,False,0.0,1487,6099.373609522205,10.801450947471908,392242.50709592574,1183034.917133876,1183034.9171458173,0.0,False
121,design_000121,100,25.0,185.77239949045708,94353.97101648114,7.474731605394484,3.560458035092376,-8.833673700006251,False,0.0,1440,6047.621662700401,38.11067479952935,74552.58387352593,1011118.1841901016,1011118.1842003537,0.0,False
312,design_000312,100,25.0,206.03103757683857,107855.72768698302,6.455885629679272,3.312587341544462,-9.32941508710208,False,0.0,1435,6046.419988482805,7.925294222913493,157035.41332946453,713843.9322252882,713843.9321907173,0.0,False
329,design_000329,100,25.0,187.44410097629293,92883.49518692445,6.988596871538014,3.4409849066231195,-9.072619956944765,False,0.0,1440,6046.891125655694,10.176746279516536,384993.9860910028,1175000.2846215037,1175000.2846230632,0.0,False
121,design_000121,101,25.25,186.88394044600957,95326.819139564,7.44975984858187,3.5219144600200654,-8.910760850150872,False,0.0,1384,5995.452881212037,36.50826167616713,74240.01813840869,1029164.5535594289,1029164.5535601835,0.0,False
312,design_000312,101,25.25,207.0281960179103,109009.49021428585,6.468604908886525,3.2779717132281374,-9.398646343734729,False,0.0,1379,5994.283287505358,7.076930024152219,137406.53018617904,659173.5277257181,659173.5273442054,0.0,False
329,design_000329,101,25.25,189.02063594124417,94064.86099704549,6.931352027440061,3.401887054504741,-9.150815661181522,False,0.0,1381,5994.7334602567535,9.329559072390389,365132.8294980117,1129754.6343390588,1129754.6343392197,0.0,False
121,design_000121,102,25.5,188.01298417723277,96311.61126114547,7.42345236930332,3.483984672723066,-8.98662042474487,False,0.0,1289,5943.6254396667855,34.88118293959651,76435.38146385345,1047686.4604930988,1047686.4604930934,0.0,False
312,design_000312,102,25.5,208.08998840667874,110205.86850545093,6.477459390842108,3.2439138438515775,-9.466762082487849,False,0.0,1289,5942.486101763478,6.445093317212592,121009.74398348929,602034.6073442128,602034.6073441923,0.0,False
329,design_000329,102,25.5,190.65452409383866,95299.49191929036,6.873733806889502,3.363154671228221,-9.22828042773456,False,0.0,1289,5942.914172574745,8.373804427642483,336261.2470595899,1054329.5314793503,1054329.5314793303,0.0,False
121,design_000121,103,25.75,189.15821234571686,97318.76069501515,7.397625393925936,3.4463586581627412,-9.06187245386552,False,0.0,1266,5892.139869222542,33.311649317880004,82361.17669125402,1066360.077119834,1066360.0771198706,0.0,False
312,design_000312,103,25.75,209.18779712116861,111438.5253037828,6.485229154488291,3.21025953181707,-9.534070706556863,False,0.0,1263,5891.029809702423,6.089354510486358,110708.04073624087,554923.3285811554,554923.3284592903,0.0,False
329,design_000329,103,25.75,192.33564512205604,96602.27036357096,6.8192333631383315,3.324478423527289,-9.305632923136425,False,0.0,1266,5891.4345625115175,7.414765102700369,302891.745103394,961957.8372164016,961957.8372164085,0.0,False
121,design_000121,104,25.999999999999996,190.31944396208382,98347.69313172027,7.372176327744303,3.4090700053978304,-9.136449759395342,False,0.0,1247,5841.0009926040975,31.8623883870073,92100.6375706738,1083104.7155690226,1083104.715568996,0.0,False
312,design_000312,104,25.999999999999996,210.31268455877455,112694.34075805041,6.491459421606764,3.1770450938912105,-9.600499582408583,False,0.0,1245,5839.919191177262,5.971145979751444,106932.74204257992,527466.4563004505,527466.4563834943,0.0,False
329,design_000329,104,25.999999999999996,194.05356567416624,97971.74466480703,6.768854444000672,3.285899853332625,-9.382790063525754,False,0.0,1246,5840.299879559158,6.544832043185069,269848.812559355,868551.2290416438,868551.2290416461,0.0,False
121,design_000121,105,26.25,191.49479304766027,99395.95761906101,7.346991990063456,3.372158690291276,-9.210272389608452,False,0.0,1221,5790.213161544011,30.54958064729778,104836.24704498607,1095313.1541835433,1095313.1541835375,0.0,False
312,design_000312,105,26.25,211.45485840549983,113961.2702997022,6.495968214754082,3.144305966479669,-9.665977837231665,False,0.0,1219,5789.158575726816,5.968352658079588,107702.41547036858,522547.66924389056,522547.6691973815,0.0,False
329,design_000329,105,26.25,195.7957582837883,99402.98321458879,6.723350008171918,3.2475106893865937,-9.459568391417816,False,0.0,1221,5789.514610786364,5.804403426175368,240348.8309332959,786461.2304245372,786461.233837246,0.0,False
121,design_000121,106,26.5,192.6788834971508,100470.0339853521,7.323802328146997,3.3353580487024623,-9.28387367278608,False,0.0,1191,5739.775297060328,29.32108927050233,119212.55402147553,1100157.8859053866,1100157.8859054123,0.0,False
312,design_000312,106,26.5,212.5854758179874,115237.9430895854,6.502144812957682,3.111894613505751,-9.730800543179502,False,0.0,1190,5738.747789019436,5.937594263825968,109985.62154966316,537630.2804078943,537630.2804078809,0.0,False
329,design_000329,106,26.5,197.5449549740049,100903.52248314802,6.685730763500742,3.2091697096427705,-9.536250350905462,False,0.0,1191,5739.079103286653,5.178040372252281,215260.29026278053,721349.5595426215,721349.5595426318,0.0,False
121,design_000121,107,26.75,193.87669642419908,101552.18812977249,7.299214517171035,3.299267273787296,-9.356055222616412,False,0.0,1165,5689.700309758751,28.15947451666004,133247.64160554844,1095779.1273951074,1095779.127720236,0.0,False
312,design_000312,107,26.75,213.74106865358618,116513.24471959544,6.504271902139583,3.0801392655890747,-9.794311239012854,False,0.0,1162,5688.698711504664,5.812060489107058,111768.89422664965,569522.6115819111,569522.6110294684,0.0,False
329,design_000329,107,26.75,199.301938599482,102441.6980295201,6.651313907239133,3.1715054924489716,-9.61157878529306,False,0.0,1165,5689.005628498053,4.6490492843760265,194956.19507649096,675215.117737495,675215.1179841149,0.0,False
121,design_000121,108,27.0,195.08431707703033,102651.1766716939,7.2750910552271435,3.2635917060869533,-9.427406358017096,False,0.0,1135,5639.986546244567,26.948398264877618,144978.7832005294,1079488.4416393416,1079488.4416392732,0.0,False
312,design_000312,108,27.0,214.8990284726151,117796.39859426334,6.506182143156626,3.04884781822877,-9.856894133733464,False,0.0,1133,5639.009752088453,5.590626941950381,112695.73289676328,614830.1075387162,614830.1071345258,0.0,False
329,design_000329,108,27.0,201.05529961093228,104025.1872546335,6.62239241883171,3.134365423577324,-9.685858923036355,False,0.0,1134,5639.293160242125,4.188172048379752,178591.87269233135,645680.6372409144,645680.6373068739,0.0,False
121,design_000121,109,27.249999999999996,196.3019371122196,103768.76656158998,7.251618831852392,3.2283185206280933,-9.497952728934816,False,0.0,1100,5590.636438597061,25.588158933566195,152308.0856347896,1048590.4398464381,1048590.439969888,0.0,False
312,design_000312,109,27.249999999999996,216.05826944275069,119092.90747659456,6.5086096122471595,3.0179766808898423,-9.918636408411318,False,0.0,1096,5589.683322176119,5.332565398905437,113682.45843538526,669216.7587750184,669216.7586496269,0.0,False
329,design_000329,109,27.249999999999996,202.80052335561234,105648.43822691613,6.598570742286386,3.09782988127447,-9.758930007642064,False,0.0,1099,5589.944519341333,3.795627206840332,165935.56009453748,630405.8116780393,630405.8116955825,0.0,False
121,design_000121,110,27.500000000000004,197.53010462059916,104907.01644648288,7.22896124937434,3.1934389361314155,-9.567711897928172,False,0.0,1064,5541.65176997531,23.99781247353729,153407.15550050628,1000677.0320842315,1000677.0320842314,0.0,False
312,design_000312,110,27.500000000000004,217.21705748555777,120406.10242987951,6.512103461098815,2.987481863785893,-9.979626042619218,False,0.0,1061,5540.721412226474,5.09986910216066,115709.18449457917,726280.3942446748,726280.3942446633,0.0,False
329,design_000329,110,27.500000000000004,204.53345030163143,107303.59951927517,6.579171435036891,3.0619649375871485,-9.830659895016707,False,0.0,1062,5540.9620428868875,3.487902104033847,157097.10718062235,627784.570973463,627784.5709734557,0.0,False
121,design_000121,111,27.75,198.7673470094964,106078.44506525602,7.208985061739053,3.1586924255700515,-9.6372049190509,False,0.0,1019,5493.02914062837,22.130947369094596,147273.68097257277,934608.5237096241,934608.5238096556,0.0,False
312,design_000312,111,27.75,218.35406261435452,121742.90136796553,6.519918824229967,2.957181507513786,-10.040226755163431,False,0.0,1015,5492.121658239792,4.923897376920161,119157.1955365993,779522.1817434584,779522.1816810187,0.0,False
329,design_000329,111,27.75,206.2419985752055,108994.45986273207,6.565992962324567,3.0266116182132046,-9.901366533764595,False,0.0,1017,5492.343179606355,3.2794454943967564,152021.54102422638,636795.0009359333,636795.0009370814,0.0,False
121,design_000121,112,28.0,200.01826120062412,107264.37840752893,7.188403559788534,3.1246172541893595,-9.705355261812285,False,0.0,959,5444.779712412014,20.070515975167734,134307.6296286528,853564.128117746,853564.128208508,0.0,False
312,design_000312,112,28.0,219.5008363498417,123084.91923127302,6.526269030641205,2.927366459670174,-10.099856850850655,False,0.0,956,5443.893503481093,4.827335289689206,124172.11697650151,825908.6296642057,825908.6295407274,0.0,False
329,design_000329,112,28.0,207.93181516312015,110677.85143110254,6.552962159893652,2.992270219886806,-9.97004933041739,False,0.0,956,5444.098648557342,3.189601756814802,151183.39425891207,658533.8291860932,658533.8291863526,0.0,False
121,design_000121,113,28.25,201.281297472411,108476.48967540245,7.168983035754716,3.0909773432725136,-9.772635083645977,False,0.0,863,5396.899980588846,17.929829396786324,116555.99629658205,763250.5274296785,763250.520528129,0.0,False
312,design_000312,113,28.25,220.63521355767304,124432.95612232426,6.5338856231513045,2.897903820655446,-10.15878212888011,False,0.0,859,5396.034022322086,4.803609612613226,130555.03490732073,866291.8067499708,866291.8066524382,0.0,False
329,design_000329,113,28.25,209.58805042693513,112352.45911473861,6.5418275786757,2.958785541722532,-10.03701868674594,False,0.0,859,5396.225054528536,3.216374176882432,154144.69693883377,692615.9826588031,692615.9826588604,0.0,False
121,design_000121,114,28.5,202.5570529362652,109716.81368982107,7.150837262258307,3.0577938062126275,-9.839002157765748,False,0.0,850,5349.390601394994,15.884125459951365,97069.84935350396,671874.4767471672,671874.4767471652,0.0,False
312,design_000312,114,28.5,221.75388328737475,125780.90061574172,6.542511050575341,2.868828507615781,-10.21693275495944,False,0.0,846,5348.544225753579,4.837100202473869,137928.0710224479,903723.0891120571,903723.0891120578,0.0,False
329,design_000329,114,28.5,211.20176211715614,114004.17411618559,6.532077912806876,2.9262123545859415,-10.10216506101912,False,0.0,847,5348.723425035177,3.3519172626385694,160345.68464423568,737788.5699549479,737788.5699549456,0.0,False
121,design_000121,115,28.749999999999996,203.84593676358367,110987.28478965422,7.134083976954808,3.0250803149142014,-9.9044291403626,False,0.0,833,5302.251977798262,14.090860870864283,78793.43210774062,587099.090029292,587099.0900292696,0.0,False
312,design_000312,115,28.749999999999996,222.85536160655212,127123.76350546889,6.551807592780254,2.840186935821043,-10.274215898548917,False,0.0,831,5301.424920561984,4.895305873850564,145501.7087733775,940072.550363352,940072.5504410384,0.0,False
329,design_000329,115,28.749999999999996,212.76543682326854,115622.53988510274,6.523500396526722,2.894585514546459,-10.165418741098085,False,0.0,832,5301.594687899281,3.5749378024384733,168751.30388506764,790419.440376502,790419.4381035765,0.0,False
121,design_000121,116,29.000000000000004,205.14585633140473,112301.12885463228,7.120610768491155,2.9926105551533047,-9.969368659884394,False,0.0,816,5255.47921965762,12.625824325801158,63563.5983714025,513678.7666219688,513678.77250156883,0.0,False
312,design_000312,116,29.000000000000004,223.92413751427287,128467.2596440003,6.564192066942045,2.8118929548293172,-10.330803860532368,False,0.0,813,5254.6721154853885,4.932078161352647,152073.8042702489,973840.0297692978,973840.0298470876,0.0,False
329,design_000329,116,29.000000000000004,214.26627749553262,117217.99085247354,6.518883925543053,2.863726443644031,-10.227136882902942,False,0.0,816,5254.834281644705,3.845860133077077,177663.46850302903,843821.252730987,843821.2541491684,0.0,False
121,design_000121,117,29.25,206.45884714169478,113635.33905866992,7.107106649164444,2.960832962764138,-10.032923844662728,False,0.0,802,5209.082581062232,11.513592870062308,51928.39012570892,453941.59692624136,453941.59936479235,0.0,False
312,design_000312,117,29.25,224.9944585197738,129792.5862351232,6.573739424518529,2.784244255095499,-10.386101260000006,False,0.0,800,5208.294900831887,4.9179512210310925,156569.94957806612,1000327.3487363587,1000327.3487978999,0.0,False
329,design_000329,117,29.25,215.71977128959432,118760.37355577693,6.51303339952237,2.8339617261296475,-10.286666317931708,False,0.0,801,5208.451136371877,4.120628344020284,185738.24829277018,890769.7550671562,890769.7535260632,0.0,False
121,design_000121,118,29.5,207.78052971090557,115000.03462648681,7.095394480109006,2.929501708278358,-10.095586353634287,False,0.0,789,5163.056857547683,10.685306734293684,43424.58514098885,407178.07609244453,407178.0760924441,0.0,False
312,design_000312,118,29.5,226.05450041540055,131108.71340281214,6.5827972747559675,2.7571206811739244,-10.440348407843155,False,0.0,787,5162.28917133355,4.830487138234092,158073.52643220426,1013067.305341268,1013067.3053412645,0.0,False
329,design_000329,118,29.5,217.12237338921076,120270.28638106109,6.508761822333333,2.805034165763006,-10.34452143866499,False,0.0,789,5162.440372810426,4.342679408959375,191073.7998268283,922482.3430979725,922482.3430979808,0.0,False
121,design_000121,119,29.75,209.1075191303619,116393.17404816435,7.08559662781809,2.898586228246883,-10.157417313697238,False,0.0,772,5117.4015255762515,10.06450330016906,37363.7279913515,371944.47791722894,371944.47840007924,0.0,False
312,design_000312,119,29.75,227.10900177606928,132418.3794158868,6.591118858223425,2.730503382315083,-10.493583005560838,False,0.0,768,5116.654167339886,4.669022696057143,156212.10181841956,1006409.9499307496,1006409.9499446905,0.0,False
329,design_000329,119,29.75,218.48205938536745,121757.3737424351,6.506200173544947,2.77683627605719,-10.400917218076623,False,0.0,770,5116.801136706688,4.4647720826144015,192268.7880163877,932096.7927026947,932096.7920565029,0.0,False
121,design_000121,120,30.0,210.43654277401717,117812.27837051188,7.077770508330249,2.868047554706372,-10.218494660778259,False,0.0,758,5072.115967018781,9.586444489376346,33317.8027371295,346753.9943327565,346753.99455963954,0.0,False
312,design_000312,120,30.0,228.1628692637869,133726.32827594303,6.598632807765034,2.7043450454499145,-10.545899679291175,False,0.0,757,5071.388967857007,4.442608388556977,151081.66956876777,977441.399843307,977441.399812783,0.0,False
329,design_000329,120,30.0,219.8092460402042,123233.5070509451,6.505396769924776,2.749244428300269,-10.456100913590465,False,0.0,757,5071.532690388249,4.456830074968476,188453.8823490874,915842.7262309982,915842.7259604395,0.0,False
121,design_000121,121,30.250000000000004,211.7630363717066,119267.5605789852,7.073657880321245,2.837648832924804,-10.279292104341396,False,0.0,744,5027.193817087381,9.201579549351116,31205.60443863132,330237.9298886357,330237.924726151,0.0,False
312,design_000312,121,30.250000000000004,229.20602934365635,135049.0643140464,6.608136543618024,2.6784647419398486,-10.597660286311307,False,0.0,741,5026.48760169236,4.160652044984833,143104.96262203544,926817.8661157901,926817.8660220769,0.0,False
329,design_000329,121,30.250000000000004,221.10491816367824,124726.38235314342,6.509131420779453,2.721993118403487,-10.51060353338403,False,0.0,741,5026.628476984039,4.311464342356181,179337.37884732345,873673.8237942645,873673.8281407671,0.0,False
121,design_000121,122,30.5,213.08946611144958,120731.45129528518,7.069568670632868,2.8077477274612863,-10.339094315268431,False,0.0,732,4982.644258354708,8.90012411651253,31159.626280582077,321660.90572658705,321660.90572658705,0.0,False
312,design_000312,122,30.5,230.27068102162121,136373.54158805407,6.614631531625914,2.6530121078072257,-10.648565554576551,False,0.0,730,4981.957925039744,3.8434562829919097,133131.28788199485,858635.1626863086,858635.1626863071,0.0,False
329,design_000329,122,30.5,222.3972878945067,126215.94246281819,6.511941373483199,2.695271547047409,-10.564046676096185,False,0.0,730,4982.096586240216,4.0501977405586524,165872.6193766358,810437.606840209,810437.6068402083,0.0,False
121,design_000121,123,30.75,214.41313603801925,122213.021006516,7.066907447817387,2.7781343195783172,-10.398321131034368,False,0.0,716,4938.460956263146,8.653745242918113,33043.89489508774,319631.9621240805,319631.96214864805,0.0,False
312,design_000312,123,30.75,231.34506250036804,137715.85888909438,6.621051564022287,2.6278041163572565,-10.69898153747649,False,0.0,714,4937.794192588151,3.508104139782576,122040.0818718311,779042.706118054,779042.7060463398,0.0,False
329,design_000329,123,30.75,223.68346159518302,127724.84734853971,6.516513279067448,2.668863624013861,-10.616862522163283,False,0.0,714,4937.930676234145,3.7059503529400084,149126.70282742076,732395.2404236558,732395.2406127898,0.0,False
121,design_000121,124,31.0,215.73369608072775,123708.68699167923,7.065265042228543,2.7488164030537976,-10.456956964083409,False,0.0,704,4894.642412836655,8.434930009133103,36315.59861812589,322679.38169825583,322679.3817097765,0.0,False
312,design_000312,124,31.0,232.43059810003422,139081.27835617532,6.627719939409426,2.6027859769633297,-10.749017816264343,False,0.0,703,4893.994286952326,3.1775909410571352,110757.50155954437,694925.3659277988,694925.3658819568,0.0,False
329,design_000329,124,31.0,224.96616701722056,129257.46345815215,6.522925566243954,2.642731683648575,-10.669126402893854,False,0.0,703,4894.129020603682,3.3168257051185974,130494.05063739733,646423.0625456049,646423.0627363144,0.0,False
121,design_000121,125,31.25,217.05119393613165,125214.47755468206,7.064157525949085,2.719824954239977,-10.51493986171105,False,0.0,687,4851.187306573454,8.208047090960834,40063.843698164375,329344.0263931678,329344.0227605423,0.0,False
312,design_000312,125,31.25,233.52794087000777,140473.24768234856,6.6348612722501015,2.577925103840324,-10.798739562510356,False,0.0,686,4850.55647570055,2.8722264904980674,100031.38798212059,612574.446430334,612574.4464097943,0.0,False
329,design_000329,125,31.25,226.24499374928715,130815.1829775401,6.531311445970532,2.61686552272563,-10.720858724739744,False,0.0,686,4850.689983744729,2.914074817574487,111169.69401125365,557987.1558108809,557987.1559805772,0.0,False
121,design_000121,126,31.499999999999996,218.36371906078128,126739.81984975765,7.064871083061711,2.6910445959239464,-10.57250057834311,False,0.0,677,4808.08840123111,7.934858794024569,43344.3212645403,338546.06590089586,338546.06590089574,0.0,False
312,design_000312,126,31.499999999999996,234.62384475326164,141904.41766887184,6.64512634473274,2.5531189412238047,-10.848351887743394,False,0.0,675,4807.474007904724,2.6031285531045305,90322.33048870675,536830.5025588181,536830.5025588226,0.0,False
329,design_000329,126,31.499999999999996,227.5060922046944,132412.2827126773,6.544619803171832,2.591162002826799,-10.772265764537405,False,0.0,675,4807.607244266952,2.5180964365186207,91957.70291030614,470533.76193232404,470533.7619323217,0.0,False
121,design_000121,127,31.750000000000004,219.67719558278068,128254.48552116941,7.063260488170117,2.6628627045755953,-10.628864361039813,False,0.0,665,4765.354684451442,7.61384472428003,45807.951601976405,350603.66053437773,350603.6570870901,0.0,False
312,design_000312,127,31.750000000000004,235.7437135364062,143351.34934779935,6.653391648911054,2.5285666516307814,-10.897456466929441,False,0.0,663,4764.755298745577,2.380009886847244,82000.61500406571,471168.6273887891,471168.627393425,0.0,False
329,design_000329,127,31.750000000000004,228.76819647268582,134016.99809369948,6.557483070225048,2.565857574108864,-10.822874621973275,False,0.0,664,4764.8883672706515,2.143719153127281,73732.25785005331,387024.7575675845,387024.757664832,0.0,False
121,design_000121,128,32.0,220.99043833824172,129767.0099168962,7.060487072370468,2.635177689573765,-10.684234391043475,False,0.0,650,4722.979155827318,7.257764927301857,47827.23585269701,366493.36700934556,366493.36700979294,0.0,False
312,design_000312,128,32.0,236.87278511696107,144821.0154697721,6.6619675195015855,2.50420120652781,-10.946187357135383,False,0.0,649,4722.393298965353,2.2048946027583827,75263.7063782994,417316.9564255184,417316.9564320149,0.0,False
329,design_000329,128,32.0,230.01885612649863,135641.84724216373,6.572545989330116,2.5408464783632088,-10.872896813464585,False,0.0,650,4722.526867786323,1.799216803364054,57069.52348180262,309518.7743081525,309518.77436403907,0.0,False
121,design_000121,129,32.25,222.3038423678556,131272.36788383036,7.0560030721896645,2.6080481422519806,-10.738493485687043,False,0.0,639,4680.9599175717885,6.9100532419537375,50481.85768845016,387944.8738885134,387944.8738887044,0.0,False
312,design_000312,129,32.25,238.00792128023596,146307.59055554913,6.670648723459248,2.480056265663601,-10.994477238863801,False,0.0,639,4680.386043625516,2.0824520461614777,70317.3005059137,375722.33204976877,375722.3320569299,0.0,False
329,design_000329,129,32.25,231.25965853886532,137286.25919691,6.5895327784265465,2.5161166946292153,-10.922356380932573,False,0.0,639,4680.520470652495,1.4893182315116233,42565.83663824471,240263.42014712997,240263.42017095903,0.0,False
121,design_000121,130,32.5,223.6166454954391,132764.84433868178,7.049359646802479,2.581522483606559,-10.791544802977885,False,0.0,627,4639.294949191617,6.617325993357158,54952.98520305986,416320.37100543006,416320.37100543146,0.0,False
312,design_000312,130,32.5,239.1447830889381,147804.25332128568,6.679288749523945,2.4561645174713593,-11.042260735248284,False,0.0,625,4638.731466425414,2.0169575500022066,67275.82758437864,345662.73714239936,345662.73714239546,0.0,False
329,design_000329,130,32.5,232.49730153204254,138952.71814507167,6.607884250193309,2.4916289728780976,-10.971331824434808,False,0.0,626,4638.86665785404,1.2133492005794373,30577.107128258875,181042.3127859136,181042.31278591038,0.0,False
121,design_000121,131,32.75,224.92422901252746,134253.08892597252,7.042123086955535,2.5554966994416564,-10.84359637130769,False,0.0,613,4597.976608707208,6.400802832842779,61792.188046162446,451328.91646012093,451328.9135225257,0.0,False
312,design_000312,131,32.75,240.26610255789353,149317.19512303645,6.690362231682349,2.4324768471679428,-11.089636075855118,False,0.0,613,4597.422311899665,2.0080047470460163,66042.28912879352,325447.66943729436,325447.66946049465,0.0,False
329,design_000329,131,32.75,233.73124745356867,140661.86112878026,6.629573820986852,2.467236582475978,-11.020116605239048,False,0.0,613,4597.557700974741,0.9694518470837682,21140.553087424585,132687.46556689884,132687.46556785045,0.0,False
121,design_000121,132,33.0,226.23099171136857,135706.54163223263,7.03061261096925,2.530249343521863,-10.894091083147277,False,0.0,600,4557.013543053523,6.256982465679613,70625.35068387636,490549.70651713526,490549.70651716914,0.0,False
312,design_000312,132,33.0,241.3913158555841,150817.32015010304,6.69909089859918,2.4091598963832683,-11.136269977424467,False,0.0,599,4556.4661799513415,2.0540079759548044,66382.03305954425,313243.7641920386,313243.76423818385,0.0,False
329,design_000329,132,33.0,235.0007177408721,142394.11106355584,6.648249394101347,2.4430249817769147,-11.068539806637174,False,0.0,599,4556.601142963321,0.7622929653599394,14215.562022471102,95463.84253559314,95463.84253560312,0.0,False
121,design_000121,133,33.25,227.53390138219305,137139.13340410625,7.016787878117051,2.505626432344708,-10.943336905501587,False,0.0,591,4516.397775342608,6.140092694091568,80011.08240799485,528760.5914707368,528760.5866247468,0.0,False
312,design_000312,133,33.25,242.50470599868274,152314.36707829995,6.708123613226971,2.386146683449774,-11.182296403291454,False,0.0,590,4515.855765007098,2.144333901853644,67817.85982057147,307024.40577470354,307024.4058552977,0.0,False
329,design_000329,133,33.25,236.3078526523852,144171.953253552,6.66574890107046,2.4188439634189174,-11.116901843353169,False,0.0,590,4515.989333715262,0.6083449256241873,9743.632666825979,68895.14038865546,68895.14038852106,0.0,False
121,design_000121,134,33.5,228.83438048146027,138555.69238525667,7.001057573010936,2.481585625150332,-10.99141851989034,False,0.0,580,4476.126631778375,5.998583049120542,88140.12530046621,559554.7554653359,559554.7554653338,0.0,False
312,design_000312,134,33.5,243.60415922129943,153808.63025899394,6.717731057828001,2.3634423938645686,-11.227704982461866,False,0.0,580,4475.588419134239,2.263952541490038,69815.60406912341,305302.26163472905,305302.261634729,0.0,False
329,design_000329,134,33.5,237.66082370861156,145999.46618923894,6.6814718614665685,2.394665315093781,-11.165259140003442,False,0.0,580,4475.719542417835,0.525149268549611,7686.985230578973,52178.38836688313,52178.38836688255,0.0,False
121,design_000121,135,33.75,230.13515575763176,139964.35367379675,6.983980488978169,2.4580685690397988,-11.038452632111406,False,0.0,569,4436.197379656974,5.800042038209281,93636.91591654802,577531.9090402119,577531.9053727236,0.0,False
312,design_000312,135,33.75,244.68930569361007,155301.97685549982,6.7281244084948755,2.3410540530064345,-11.272481664178134,False,0.0,569,4435.661642596325,2.3921599478270306,71852.70029693205,307174.6179639841,307174.61813290184,0.0,False
329,design_000329,135,33.75,239.05860894325028,147872.87728294672,6.695137404959029,2.3705180485410065,-11.21355367310899,False,0.0,569,4435.789343937065,0.5160483821345082,7787.147572961907,43973.99540287717,43973.99540172479,0.0,False
121,design_000121,136,34.0,231.4356628180023,141388.6887280532,6.968001025730698,2.434902508626588,-11.084784752937827,False,0.0,554,4396.601493977565,5.548781887775553,96212.46138606357,580748.7506655125,580748.7476701858,0.0,False
312,design_000312,136,34.0,245.7496846223218,156810.07859810485,6.741803160773333,2.3189372272207245,-11.316715315749555,False,0.0,554,4396.067537788187,2.504056610387655,73491.86603995186,312156.68482276006,312156.6850403812,0.0,False
329,design_000329,136,34.0,240.47684752542114,149792.96421548663,6.709493708860956,2.346434043179198,-11.261721683832608,False,0.0,554,4396.191401128231,0.5657829926407838,9496.118471699367,42583.235866582625,42583.23586421148,0.0,False
121,design_000121,137,34.25,232.74537177669035,142808.56436961459,6.949991797188826,2.4122499017530066,-11.13008996668499,False,0.0,546,4357.347199783342,5.290995118808594,96879.04199803327,572238.4025525249,572238.4004183816,0.0,False
312,design_000312,137,34.25,246.8096150111257,158306.82652392535,6.753843416368925,2.2972297963859334,-11.360130177419137,False,0.0,545,4356.814346256541,2.578851084881533,74523.73457895854,320332.42052043055,320332.4207365316,0.0,False
329,design_000329,137,34.25,241.92215787549145,151711.040874126,6.719419966934679,2.322661624509896,-11.309266521171212,False,0.0,545,4356.933952615562,0.6532269226094135,12307.405689537012,46858.607847439576,46858.60784448254,0.0,False
121,design_000121,138,34.5,234.0620379022609,144242.2846840998,6.932043149994568,2.389955897596295,-11.174677974998414,False,0.0,534,4318.425952902739,5.076300844488011,97209.0474336124,558727.15579438,558727.1557943847,0.0,False
312,design_000312,138,34.5,247.85972958297742,159803.1245367464,6.766228295207297,2.275903085472009,-11.402783599246986,False,0.0,534,4317.89433453866,2.599051546510466,74839.67485078546,331612.80757985846,331612.8075798547,0.0,False
329,design_000329,138,34.5,243.35862219137059,153614.35432858948,6.727855388276795,2.299292802690524,-11.356004164809955,False,0.0,534,4318.009608070558,0.7677713011993756,16024.89894580669,56810.23689779814,56810.236897798815,0.0,False
121,design_000121,139,34.75,235.38560295218187,145690.79133661804,6.914242692313344,2.367988923590022,-11.21861192301096,False,0.0,525,4279.834619391571,4.935596860686434,98537.16328496626,547987.334359327,547987.333331367,0.0,False
312,design_000312,139,34.75,248.90183065934403,161294.35380380382,6.77838085161203,2.2549923914690804,-11.444604987252843,False,0.0,523,4279.304903797263,2.558235901856381,74476.23425308368,345927.4695244303,345927.46974486613,0.0,False
329,design_000329,139,34.75,244.76377121308732,155476.58415674386,6.7350595050569755,2.2764667559437672,-11.401656258303468,False,0.0,523,4279.416151345584,0.9136218187979508,20928.048986644408,73919.13771775692,73919.13770751265,0.0,False
121,design_000121,140,35.0,236.71552067664334,147152.85162651987,6.896526804471715,2.3463246945006904,-11.261940381189623,False,0.0,510,4241.570438383477,4.862935399059535,101236.83578362108,545484.3237853317,545484.3267694456,0.0,False
312,design_000312,140,35.0,249.93827396019546,162774.96648577796,6.789599605403232,2.234531451091618,-11.485526868007767,False,0.0,509,4241.04349774014,2.462969421045092,73548.31742542467,362875.49511895137,362875.49532664043,0.0,False
329,design_000329,140,35.0,246.1202083354759,157276.10608426065,6.74118739673604,2.254286931648998,-11.446015906893008,False,0.0,509,4241.151336168539,1.1002007410294266,27529.033808695945,100323.25060127027,100323.2505823422,0.0,False
121,design_000121,141,35.25,238.0473926159041,148642.12446371585,6.880659901785639,2.3248498366406416,-11.30489009690972,False,0.0,503,4203.643049058727,4.821140610572078,104552.04866421832,552186.2157000876,552186.2174748897,0.0,False
312,design_000312,141,35.25,250.9622128517452,164256.00620551145,6.8015700872554525,2.214499467738416,-11.525590834714171,False,0.0,503,4203.101934159745,2.331391827098378,72138.63879241701,381011.50944335747,381011.50962252775,0.0,False
329,design_000329,141,35.25,247.40438726335887,159013.16020758846,6.748955280358938,2.2327700443149467,-11.48904968156111,False,0.0,503,4203.207074194641,1.330575992348079,36187.43501526537,137387.1826363789,137387.1826002315,0.0,False
121,design_000121,142,35.5,239.39050927080694,150132.4626135038,6.86311857264647,2.303705080274402,-11.347179609642199,False,0.0,492,4166.046178974949,4.765981900621754,107028.69438627298,564282.7898243292,564282.7898243284,0.0,False
312,design_000312,142,35.5,252.00131192869452,165710.74366367818,6.809106479658917,2.194980067015029,-11.564629636160946,False,0.0,492,4165.4882279108415,2.188511437587721,70210.86658769051,397265.2892770577,397265.2892770599,0.0,False
329,design_000329,142,35.5,248.64156553765685,160658.0489268553,6.753206822165532,2.211996141396141,-11.53059748739872,False,0.0,492,4165.591017170583,1.597010133765099,46827.23902288634,184111.55156132163,184111.55156132064,0.0,False
121,design_000121,143,35.75,240.74276868567,151643.92648427168,6.846002265625172,2.282755389284618,-11.389078991621767,False,0.0,483,4128.76795388867,4.661114112600307,107069.40135427182,574252.0381104971,574252.0381624368,0.0,False
312,design_000312,143,35.75,253.05399882053482,167162.1414970315,6.814328004798223,2.175893368782841,-11.60280303262532,False,0.0,481,4128.1939192488535,2.04861427380889,67354.3683897485,406218.53777997714,406218.53787598776,0.0,False
329,design_000329,143,35.75,249.8237740525372,162230.50408565474,6.7566274876845025,2.191884571537954,-11.570820627115095,False,0.0,481,4128.294760020086,1.8770364357423006,58485.69056792364,235867.5557350561,235867.5556671727,0.0,False
121,design_000121,144,36.0,242.10608548675933,153185.5408574523,6.829874526616772,2.261947516355857,-11.430694737479289,False,0.0,472,4091.803608456452,4.493460626690705,103666.24802460801,573467.0643477034,573467.0637210029,0.0,False
312,design_000312,144,36.0,254.1306843893006,168626.31667927073,6.817455053559756,2.157167855363584,-11.640254059463835,False,0.0,472,4091.21571801499,1.9086176320041228,62963.99978969837,401784.13569359627,401784.13576098037,0.0,False
329,design_000329,144,36.0,250.96094703526043,163744.6047948903,6.759419814893295,2.1723628588956707,-11.609864052399661,False,0.0,472,4091.3351459495216,2.131189483941273,69242.68019446428,284565.6635131395,284565.66343423043,0.0,False
121,design_000121,145,36.25,243.48079291061103,154766.1001164682,6.81542352039041,2.241232803303697,-11.47212416358361,False,0.0,465,4055.149249185808,4.270934285147876,96748.17256463924,555122.5636143265,555122.5624629484,0.0,False
312,design_000312,145,36.25,255.24121029838824,170123.51470459884,6.819075704218485,2.1387056356928196,-11.677178498805365,False,0.0,465,4054.550072378498,1.7512900131053768,56616.33723224552,379987.4453593867,379987.4453578096,0.0,False
329,design_000329,145,36.25,252.06525380265046,165218.32259325514,6.761833630504062,2.1533423399403437,-11.647905090310315,False,0.0,465,4054.688227455897,2.3102002232562495,76701.8557386236,321017.9372874333,321017.93720875966,0.0,False
121,design_000121,146,36.5,244.85892747395536,156404.64568260012,6.805115896963953,2.220511592528477,-11.513566585134049,False,0.0,453,4018.796360588443,4.011106400297181,87069.53279920538,516558.33351591416,516558.3335159178,0.0,False
312,design_000312,146,36.5,256.38236329427986,171688.65225325918,6.822296607953726,2.120370511147855,-11.713848747895293,False,0.0,453,4018.1874496970863,1.5608386592061978,48476.312568257126,341494.04847638943,341494.0484763921,0.0,False
329,design_000329,146,36.5,253.13480689287647,166682.5180377852,6.766633279596307,2.1347101159569526,-11.685169538277098,False,0.0,453,4018.3440800161334,2.379596533253139,79176.63860715531,339055.9836517933,339055.9836517914,0.0,False
121,design_000121,147,36.75,246.2423051273315,158068.92524142307,6.795827220504511,2.19992241185721,-11.554744946476584,False,0.0,444,3982.7520456991856,3.7325457875344514,75910.93598782082,460326.4546068382,460326.4531161259,0.0,False
312,design_000312,147,36.75,257.5764214227111,173306.00227980647,6.823430746743436,2.1021322760479055,-11.750325218095192,False,0.0,444,3982.142102319886,1.3404655102354894,39461.64081980354,292194.06777772243,292194.0676393039,0.0,False
329,design_000329,147,36.75,254.20770916324622,168126.6024540924,6.768898559856599,2.1164337471706784,-11.721722275849647,False,0.0,444,3982.310700086758,2.3463324808604367,76882.75701156372,338657.14787950314,338657.1478124457,0.0,False
121,design_000121,148,37.0,247.6135200382737,159759.56145178629,6.7894767136099,2.1794274452699938,-11.595734879651015,False,0.0,436,3947.0075078950317,3.449139382839895,64677.60440673004,393365.0726069728,393365.07131426636,0.0,False
312,design_000312,148,37.0,258.81034573039864,174995.4431879895,6.82538177252865,2.0839005988496364,-11.786788572491732,False,0.0,435,3946.396562070811,1.1101168129164567,30763.289506296846,240517.81707701125,240517.81693978657,0.0,False
329,design_000329,148,37.0,255.2791062637977,169573.73590125205,6.771051136179672,2.09842425865903,-11.757741252872943,False,0.0,435,3946.579349442577,2.256124785466023,71771.89499641878,326102.0622861133,326102.0622207311,0.0,False
121,design_000121,149,37.25,248.9560424487244,161454.44932583024,6.78592959023009,2.1590875700033765,-11.63641463018425,False,0.0,424,3911.5601365363405,3.1799820649155195,54905.10836754192,325317.8433157583,325317.8423664214,0.0,False
312,design_000312,149,37.25,260.0763156347728,176752.6496663827,6.828552448288746,2.0656590103476047,-11.823271749495794,False,0.0,424,3910.9471848412645,0.8984764516223356,23429.41031388465,194412.1433061362,194412.14320460887,0.0,False
329,design_000329,149,37.25,256.3566804085133,171031.4084034257,6.772876978530109,2.0806316481300677,-11.793326473930868,False,0.0,424,3911.1461064844175,2.1619082780363508,66338.727722766,310298.2803492789,310298.28028580284,0.0,False
121,design_000121,150,37.5,250.25221245511145,163126.73887771115,6.784824296207509,2.1389805561840007,-11.676628657823002,False,0.0,418,3876.4066590332995,2.955407030060671,48148.62697876505,265980.6778181054,265980.6778181052,0.0,False
312,design_000312,150,37.5,261.363570079498,178565.75452183888,6.833074117857044,2.047431733808388,-11.859726302574227,False,0.0,417,3875.79094207153,0.7296613079555067,18053.53946210794,159032.93813253113,159032.9381325286,0.0,False
329,design_000329,150,37.5,257.4488724936076,172506.85010572054,6.774054927770384,2.0630144711749563,-11.828560827841091,False,0.0,417,3876.007854383624,2.0906312644300167,62219.58596930841,298597.54733952624,298597.5473395238,0.0,False
121,design_000121,151,37.75,251.48110256165398,164765.05246135013,6.787483376597394,2.1191319930882515,-11.7163257840145,False,0.0,408,3841.53718953612,2.811178873018181,45576.23009301998,222692.16496687094,222692.16466374628,0.0,False
312,design_000312,151,37.75,262.6509516763952,180435.09581617743,6.841102762468716,2.0292516052384713,-11.89608655971406,False,0.0,408,3840.9188391224743,0.6161850979407216,14766.250396520423,136310.85006221503,136310.85003299054,0.0,False
329,design_000329,151,37.75,258.552049127689,174022.16931256265,6.776683769575453,2.0455220814703576,-11.863545607250288,False,0.0,408,3841.154964656557,2.0404483672756313,59827.22276111877,294831.1453365964,294831.145275787,0.0,False
121,design_000121,152,38.0,252.6430280542989,166319.99305400797,6.789841629378367,2.099723787681638,-11.755142194827727,False,0.0,399,3806.9601030540803,2.772253600627024,47443.95853295287,198490.68179632846,198490.68156704368,0.0,False
312,design_000312,152,38.0,263.94747969265825,182314.2309827192,6.8481152684647295,2.0112282281319946,-11.932133313927014,False,0.0,399,3806.339053100994,0.5588924525208993,13416.899627406943,126055.91077768689,126055.91076635191,0.0,False
329,design_000329,152,38.0,259.7059063934851,175566.04348814287,6.775693264136412,2.028143557965223,-11.898302654260558,False,0.0,399,3806.5939779123887,2.003349168974516,58996.363065506404,299532.5086655525,299532.5086180883,0.0,False
121,design_000121,153,38.25,253.72957152195153,167794.66854960864,6.793161990010973,2.0807540721831876,-11.793081625824628,False,0.0,390,3772.6659912624737,2.8359231839044603,52753.99817426901,191683.4497377481,191683.4493627579,0.0,False
312,design_000312,153,38.25,265.23626562689685,184206.14598109425,6.85609163853666,1.9934052074655895,-11.967779355259825,False,0.0,390,3772.042420710766,0.549312638409081,13666.270637591364,126841.57141646571,126841.57141126077,0.0,False
329,design_000329,153,38.25,260.90822154613204,177165.20543389415,6.773385697656041,2.010834826784007,-11.93292011662299,False,0.0,390,3772.3154529094395,1.9813381243335062,59441.37998790207,311424.2075438446,311424.207503453,0.0,False
121,design_000121,154,38.5,254.7449437722349,169187.95548190433,6.796989412144464,2.062256243300852,-11.8300772835893,False,0.0,384,3738.6511594737767,2.9724914784793484,59624.6290512319,197068.63486987515,197068.6348698754,0.0,False
312,design_000312,154,38.5,266.51279208350957,186102.20585649993,6.864846095104871,1.9758365625163368,-12.00291664515833,False,0.0,383,3738.0252899899665,0.5748652742868948,15128.36269411376,136990.43449712434,136990.4344971244,0.0,False
329,design_000329,154,38.5,262.1665366009295,178832.2092694028,6.769903161807555,1.9935796038828282,-11.967430562425347,False,0.0,383,3738.3151356193166,1.980883729091165,60759.05442019043,327892.6921385551,327892.6921385604,0.0,False
121,design_000121,155,38.75,255.6997647555875,170507.4110977537,6.800881485760469,2.0442443798125534,-11.866101010565897,False,0.0,376,3704.911242399531,3.1398111728906386,66048.13538089537,208257.65086515568,208257.6501350462,0.0,False
312,design_000312,155,38.75,267.7747940158963,187996.26100928464,6.8741601844564215,1.9585622407771175,-12.037465288636769,False,0.0,376,3704.2838499635277,0.623176485794265,17436.93606079027,154916.08552208135,154916.08551719823,0.0,False
329,design_000329,155,38.75,263.4817401691233,180573.34224829735,6.765582289168665,1.9763844534832122,-12.001820863224578,False,0.0,376,3704.5885335944686,1.999660390028416,62230.76670193192,345997.0509193833,345997.0508353076,0.0,False
121,design_000121,156,39.0,256.60317877503087,171781.02458565278,6.806161487400194,2.026673239131997,-11.90124329192701,False,0.0,367,3671.435992711816,3.3037718716290323,70705.30643776199,220413.7551787955,220413.75437719066,0.0,False
312,design_000312,156,39.0,269.01167385753814,189899.246972204,6.885920083515238,1.941597193318424,-12.071395383554156,False,0.0,367,3670.808194344338,0.6857168519896395,20318.856087084478,179365.5473886425,179365.54738302156,0.0,False
329,design_000329,156,39.0,264.83262921271916,182397.69170538688,6.763207424036716,1.9592804293262958,-12.036028911538411,False,0.0,367,3671.125835115426,2.025989629796104,63050.59486810886,364239.7342477368,364239.7341126961,0.0,False
121,design_000121,157,39.25,257.48288971809495,172995.86799877055,6.808915775171546,2.009621037988676,-11.935347694213652,False,0.0,359,3638.2335158003493,3.452933244327219,73466.54964091569,232082.98914134922,232082.9883638564,0.0,False
312,design_000312,157,39.25,270.24070868475565,191772.51502971663,6.895561612564709,1.9249918120018468,-12.10460614618731,False,0.0,359,3637.606180271765,0.7593332546021165,23681.659157281192,209746.14774053413,209746.14773436627,0.0,False
329,design_000329,157,39.25,266.23121954121115,184267.48197700075,6.758673644397365,1.9423473000402125,-12.069895170110579,False,0.0,359,3637.9354837686865,2.050707347106362,62867.306396921165,383579.4853806673,383579.48519748,0.0,False
121,design_000121,158,39.5,258.3486314335963,174181.34357404744,6.810493948267687,1.993027401582601,-11.968534967025802,False,0.0,352,3605.2938665419083,3.600822595043788,75310.3675272828,245467.64449448875,245467.64449448968,0.0,False
312,design_000312,158,39.5,271.4509178455966,193624.66191123283,6.904879231995713,1.9087498239962064,-12.137090122198591,False,0.0,352,3604.6679850941714,0.8451826339921241,27566.79817360713,245605.28716007312,245605.2871600712,0.0,False
329,design_000329,158,39.5,267.6418274266385,186170.92268528533,6.75472630041366,1.9256761224013839,-12.103237525388236,False,0.0,352,3605.0074673222057,2.07609989429516,61892.53138583252,407096.7418662285,407096.7418662241,0.0,False
121,design_000121,159,39.75,259.2122812200488,175349.84032327688,6.810648283721207,1.9768729211364895,-12.000843927918025,False,0.0,344,3572.6133314450844,3.770943950847731,77636.82097358606,264100.8350198338,264100.8343137406,0.0,False
312,design_000312,159,39.75,272.63989871269416,195448.4585611914,6.913641443108828,1.8928841111242503,-12.168821547942503,False,0.0,344,3571.9895716030196,0.9443834635189753,32039.568993869834,285841.157589761,285841.1575821571,0.0,False
329,design_000329,159,39.75,269.0380568855197,188077.67742887934,6.75180103002646,1.909379860903154,-12.135830048384696,False,0.0,344,3572.3381497197083,2.1142647306799307,60671.68983798948,437057.682557269,437057.68255624885,0.0,False
121,design_000121,160,40.0,260.0813231869523,176510.17317472596,6.809305480817157,1.961131581919753,-12.032326606351496,False,0.0,338,3540.1873273811448,3.971642392913369,81256.24905176945,289692.51338003244,289692.51279724867,0.0,False
312,design_000312,160,40.0,273.8050077309013,197238.06712082415,6.9217503030147505,1.8773973111846602,-12.199795147821684,False,0.0,337,3539.566848375534,1.053914394657559,37013.215572462774,327624.7164133082,327624.7164051724,0.0,False
329,design_000329,160,40.0,270.3929141143234,189955.66212001978,6.7503029056405355,1.8935651248011318,-12.16745952058874,False,0.0,337,3539.9238898379813,2.1774745639256503,59632.09412366753,471794.3756278352,471794.3758163437,0.0,False
121,design_000121,161,40.25,260.9533782160276,177682.696580264,6.808298356851032,1.9457285175564734,-12.063132735078057,False,0.0,328,3508.0051430094313,4.176429853421357,85680.44251068804,320130.99741342483,320130.99697269854,0.0,False
312,design_000312,161,40.25,274.93443427383346,199006.75059312422,6.93136981208265,1.8622681101307035,-12.230053549929597,False,0.0,328,3507.389449657145,1.166713537245629,42180.34955101354,366289.5399926734,366289.539984139,0.0,False
329,design_000329,161,40.25,271.6694345899622,191789.17909275802,6.752818623503361,1.878305047088219,-12.197979676014565,False,0.0,328,3507.7549098637683,2.2679853772746723,58808.11529723741,504039.53145530703,504039.5317919033,0.0,False
121,design_000121,162,40.5,261.84161420119193,178845.3336181887,6.804567831372229,1.9306796246211082,-12.093230520948786,False,0.0,322,3476.0747490117856,4.323398464664002,89209.92154605163,349486.9339511996,349486.93395119853,0.0,False
312,design_000312,162,40.5,276.0435937864233,200720.46647146947,6.9386123369153525,1.847485607981374,-12.259618554228256,False,0.0,322,3475.4652597540817,1.277179258437756,47167.92507957026,396917.9198140577,396917.91981405363,0.0,False
329,design_000329,162,40.5,272.8786571926328,193535.94563678768,6.755305597769049,1.8636204117810973,-12.227348946628808,False,0.0,322,3475.8380570111517,2.373115703239101,57896.453528725295,521793.40839989897,521793.4083999007,0.0,False
121,design_000121,163,40.75,262.7421513600858,180020.2380360543,6.800230858979395,1.9158721146837694,-12.122845540823464,False,0.0,317,3444.3856623502957,4.342146125487321,89800.68098606802,370788.7966835779,370788.7965405489,0.0,False
312,design_000312,163,40.75,277.1211767754826,202396.47724721342,6.945876231067908,1.8329987205549318,-12.288592329081139,False,0.0,317,3443.784063624309,1.3871705175643034,51683.36674409323,416297.7598467899,416297.75984087645,0.0,False
329,design_000329,163,40.75,274.0012253360476,195201.97388526562,6.760182024709417,1.8494659378699927,-12.255657894451017,False,0.0,317,3444.16270879041,2.4701088312470327,56476.04517854567,513806.76613257115,513806.76638571714,0.0,False
121,design_000121,164,41.0,263.6590177633006,181219.81090554068,6.795803714717369,1.9012165790524773,-12.15215661208605,False,0.0,309,3412.9335390184456,4.188450948573992,86168.51964961493,378866.8557548256,378866.8556693303,0.0,False
312,design_000312,164,41.0,278.1656921536862,204037.76322024598,6.953554270613074,1.8187599135683186,-12.317069943054367,False,0.0,308,3412.3414187445455,1.5038225134595482,55572.94634812731,424117.5479505078,424117.54795067466,0.0,False
329,design_000329,164,41.0,275.04066777844616,196793.5998733653,6.7675938215109515,1.8357441916219461,-12.283101386947111,False,0.0,308,3412.7239550011554,2.5385294339198508,54407.8708365427,475252.53320626233,475252.53332528134,0.0,False
121,design_000121,165,41.25,264.59885179299096,182460.00653225643,6.791779082470147,1.886623357985812,-12.18134305421938,False,0.0,301,3381.7140893969336,3.870153070501011,78473.26843150097,372720.5909963929,372720.590923286,0.0,False
312,design_000312,165,41.25,279.1778188280615,205649.80836528953,6.96198332695778,1.8047218110500522,-12.3451461480909,False,0.0,301,3381.1328132111853,1.6279416634990327,58602.010765944666,421960.1108585154,421960.1108711093,0.0,False
329,design_000329,165,41.25,276.0079101147753,198326.03055182289,6.777559275651886,1.8223272201571532,-12.309935329876696,False,0.0,301,3381.5173450080856,2.571144614604563,52018.94425801058,411030.79637852486,411030.7964051049,0.0,False
121,design_000121,166,41.5,265.5636839359363,183771.67007855373,6.79019717858627,1.8719869861317149,-12.210615797927574,False,0.0,297,3350.716593566371,3.4465586131612036,68211.43779908631,355834.86203701596,355834.8620370175,0.0,False
312,design_000312,166,41.5,280.1528736797017,207258.75104685844,6.9734136418263315,1.7908332296269673,-12.372923310937068,False,0.0,297,3350.147411065919,1.7434769480127381,60229.68235590446,411189.5261764585,411189.5261764624,0.0,False
329,design_000329,166,41.5,276.90508262562014,199830.76309195755,6.792051719121818,1.8090858677401147,-12.336418034710773,False,0.0,297,3350.531236484484,2.574037003273128,49925.855602875854,333653.33749651094,333653.33749651344,0.0,False
121,design_000121,167,41.75,266.5733905931075,185142.41817765564,6.788044490415964,1.8573199345697,-12.239949901051602,False,0.0,288,3319.948845152037,2.998844003814409,57457.53473963677,333944.85032263846,333944.85027260886,0.0,False
312,design_000312,167,41.75,281.1170835858529,208845.85052702908,6.9839761430836065,1.7770583933085855,-12.400472983573833,False,0.0,287,3319.392565445981,1.8210326190616863,59744.337312447235,391764.514330137,391764.51436493365,0.0,False
329,design_000329,167,41.75,277.7746807130937,201304.52866653263,6.806697683247314,1.7959023144636856,-12.362785141263632,False,0.0,288,3319.772926279264,2.556046672629762,48631.639625081996,256910.13418872058,256910.13398550282,0.0,False
121,design_000121,168,42.0,267.62776020604366,186595.9981465604,6.7870338131328465,1.842571582503099,-12.269446605184806,False,0.0,282,3289.4001943560465,2.596952692717878,47944.99965082118,312550.25385006744,312550.25382300955,0.0,False
312,design_000312,168,42.0,282.07441174242257,210447.4004395894,6.995719158774874,1.7633377378297572,-12.427914294531488,False,0.0,281,3288.857468109092,1.8357149077348593,56690.37709956695,362603.9763684407,362603.9763907665,0.0,False
329,design_000329,168,42.0,278.62048862933915,202777.5614212914,6.823192025559832,1.782692325903186,-12.389205118384632,False,0.0,281,3289.2319083934008,2.5198097529151986,48166.42747484288,190816.2090108635,190816.20866418845,0.0,False
121,design_000121,169,42.25,268.7293642835915,188137.20582474544,6.787172393545732,1.827744989906723,-12.299099790377557,False,0.0,278,3259.0660561782815,2.275109685250222,40519.07484562864,294443.37296436843,294443.3729521935,0.0,False
312,design_000312,169,42.25,283.039779204889,212087.24160637168,7.008727587934172,1.7496096462527144,-12.455370477685575,False,0.0,277,3258.536587880929,1.786095218356214,51409.79260350105,323802.1631431791,323802.16313418,0.0,False
329,design_000329,169,42.25,279.45817534268474,204266.1486605135,6.841093477507144,1.7693971845215453,-12.415795401147912,False,0.0,277,3258.90384385198,2.4608564994854727,48168.21343747803,139349.40519337085,139349.4047952006,0.0,False
121,design_000121,170,42.5,269.8774876753833,189765.77651966325,6.788426958048135,1.81285524522538,-12.328879279740244,False,0.0,271,3228.9418043853198,2.0323953487461073,35113.030388897765,279244.55704888084,279244.55704887933,0.0,False
312,design_000312,170,42.5,284.02743340894267,213789.03261116255,7.02311349588338,1.7358105615033828,-12.482968647184238,False,0.0,271,3228.4248184484054,1.6990795761411723,45141.64885729003,278606.38723514875,278606.3872351478,0.0,False
329,design_000329,170,42.5,280.3020746728202,205783.7757708467,6.8598878255820095,1.7559799353658767,-12.44262989945925,False,0.0,271,3228.7847475184053,2.3767055749550754,48255.499794709045,102233.28318146164,102233.28318146191,0.0,False
121,design_000121,171,42.75,271.0621593557924,191490.96848431896,6.792365015073621,1.7978925813216369,-12.358804607547729,False,0.0,266,3199.0169221574397,1.8489789476643737,31093.613686664215,264415.856283966,264415.85627309885,0.0,False
312,design_000312,171,42.75,285.03884026181095,215587.3116430488,7.040933208436874,1.721885550960883,-12.510818668269238,False,0.0,266,3198.510938334664,1.6158387373458227,39515.74961562584,233439.72973978435,233439.729681014,0.0,False
329,design_000329,171,42.75,281.1518273920651,207351.60511930686,6.880993708028901,1.7424253555009623,-12.469739059189079,False,0.0,266,3198.863824321162,2.2774857647592626,48373.1878377986,77694.71297562231,77694.7129733715,0.0,False
121,design_000121,172,43.0,272.28965835225796,193277.54376044092,6.795762733810415,1.7829254462687303,-12.388738877653543,False,0.0,260,3169.2991537027433,1.7016753461207024,27724.683974195657,246861.99931381014,246861.99929848983,0.0,False
312,design_000312,172,43.0,286.0942752245361,217454.27973957214,7.058285944907532,1.7078217175025259,-12.538946335185951,False,0.0,259,3168.8024457185024,1.5672518530902897,35703.16611523319,195472.25967265666,195472.25960521447,0.0,False
329,design_000329,172,43.0,282.0406865953604,208950.4342921007,6.899847677921359,1.7287283456140503,-12.497133078962902,False,0.0,260,3169.1493059377303,2.18586259239602,48760.49564269363,63886.484671743485,63886.48466995593,0.0,False
121,design_000121,173,43.25,273.54519515737445,195126.1190905842,6.800086711259062,1.7679443743860697,-12.418701021418864,False,0.0,254,3139.7779889078897,1.5788479062907967,24516.654509693097,224989.62898609223,224989.62897106315,0.0,False
312,design_000312,173,43.25,287.18004321333495,219395.99653903718,7.076856198417724,1.6936423010942752,-12.567305168002454,False,0.0,254,3139.2892919346696,1.5568028364001743,33791.02251261512,169072.3124952482,169072.3124373822,0.0,False
329,design_000329,173,43.25,282.95954565291237,210587.1341030659,6.91777242265018,1.7149237694437762,-12.52474223130345,False,0.0,254,3139.6313310072414,2.126019648367439,49437.0655144265,58495.73542081637,58495.73541615643,0.0,False
121,design_000121,174,43.5,274.8173550949936,197018.469107681,6.805143037793959,1.7529778961195186,-12.448633977951966,False,0.0,246,3110.4492966431117,1.4776340136621795,21359.441183854888,199480.60957422922,199480.6095742296,0.0,False
312,design_000312,174,43.5,288.2835120284195,221386.65208657892,7.096164074123845,1.679427669074316,-12.595734432042372,False,0.0,246,3109.9675589797966,1.5631192743288638,32978.13454215668,154826.36210313477,154826.3621031346,0.0,False
329,design_000329,174,43.5,283.9050266431233,212248.35180372754,6.934199385185226,1.7010809248846221,-12.55242792042176,False,0.0,246,3110.306195616101,2.103760670601019,49743.223715937915,58478.7713525041,58478.77135250384,0.0,False
121,design_000121,175,43.75,276.0922369661943,198930.7532776553,6.810626630576001,1.7380727680982568,-12.47844423399449,False,0.0,244,3081.3091985192355,1.3974060395082855,18449.580565352524,173131.315856144,173131.31585096096,0.0,False
312,design_000312,175,43.75,289.38790364434504,223390.42144575407,7.115535667664638,1.66530059469155,-12.623988580807904,False,0.0,244,3080.833615090786,1.5613451507672451,32452.372782055096,152085.78701299333,152085.78698163596,0.0,False
329,design_000329,175,43.75,284.8677170248619,213913.622756193,6.948706131911945,1.6873051010581481,-12.579979568074707,False,0.0,244,3081.170622214168,2.1024825576826127,48612.189052249734,62021.47100396802,62021.47099698768,0.0,False
121,design_000121,176,44.0,277.34834997714336,200849.62957594756,6.81772884217283,1.7232676414071495,-12.508054487376704,False,0.0,235,3052.3473975537345,1.337122111211677,16165.261779497101,149770.16848852485,149770.168487473,0.0,False
312,design_000312,176,44.0,290.46836244406643,225387.5561736499,7.136159098230931,1.6513961902968286,-12.651797389597347,False,0.0,235,3051.8778863078983,1.545490478653924,32196.258221081465,162311.39612119447,162311.39610589133,0.0,False
329,design_000329,176,44.0,285.8226754277164,215571.55272475624,6.962996540142416,1.6737237483869452,-12.607142273417113,False,0.0,235,3052.214165783089,2.102825973815442,45598.25233365889,71361.4573399533,71361.45733331233,0.0,False
121,design_000121,177,44.25,278.5849816296699,202722.41602345672,6.822958761277362,1.708677701270145,-12.537234367650713,False,0.0,233,3023.5728015301115,1.2964820079552504,14938.999106805495,132647.51949881268,132647.519498894,0.0,False
312,design_000312,177,44.25,291.5294247738171,227315.09550924634,7.153638200682168,1.637839374381137,-12.67891102142873,False,0.0,232,3023.109131177386,1.5314318318787166,32943.13191061178,188809.99551700518,188809.99551254246,0.0,False
329,design_000329,177,44.25,286.78058039082015,217179.64198767714,6.973314754145666,1.6604440453629832,-12.633701679465037,False,0.0,233,3023.4452271407845,2.1024985528493993,41562.89071196631,92179.1150235763,92179.11391847853,0.0,False
121,design_000121,178,44.5,279.78606416960866,204542.9845185096,6.827549557654445,1.694335231685339,-12.565919306820325,False,0.0,227,2994.974810863524,1.2819228570756236,15075.636139713,123514.10892243082,123514.10892243069,0.0,False
312,design_000312,178,44.5,292.55678848781304,229173.15763784634,7.169465473168714,1.6247033123614363,-12.705183145468132,False,0.0,227,2994.517137926278,1.541065775770175,35396.78800863532,232723.3425771779,232723.34257717602,0.0,False
329,design_000329,178,44.5,287.7198355588037,218736.62646167036,6.981742158110366,1.6475495910244045,-12.659490588142194,False,0.0,227,2994.853465194739,2.1181218047395505,38089.90045276025,128811.76619515494,128811.76619515488,0.0,False
121,design_000121,179,44.75,280.94671908129465,206300.5781157428,6.831326316425686,1.6802757824599224,-12.59403820527116,False,0.0,221,2966.5490331839997,1.298821083016739,16585.192612733954,122105.88399424737,122105.88399380606,0.0,False
312,design_000312,179,44.75,293.5499250036288,230957.85048275723,7.183524260434649,1.6120139056819203,-12.730561958827163,False,0.0,221,2966.098173050207,1.5844834839609965,39601.51731613567,290400.7197774245,290400.7198016783,0.0,False
329,design_000329,179,44.75,288.6350063618508,220238.24203868612,6.9885882651683,1.635075768638916,-12.684438232913172,False,0.0,221,2966.4345387728913,2.1648862900406054,36376.12797259647,180322.39675640286,180322.39580240397,0.0,False
121,design_000121,180,45.0,282.06651407208795,207992.723737251,6.834238947229535,1.6665128444924118,-12.62156408120618,False,0.0,216,2938.2913582286224,1.3463164013286795,19174.91580858925,126719.37141040989,126719.37140989401,0.0,False
312,design_000312,180,45.0,294.511950189789,232674.35703562867,7.195903967472519,1.5997563432473805,-12.755077083696243,False,0.0,216,2937.8476676300993,1.656285942787423,44963.14157251198,354663.8914716233,354663.8915065984,0.0,False
329,design_000329,180,45.0,289.5247123129925,221686.74295582247,6.994181376874133,1.6230185887604818,-12.70855259267004,False,0.0,216,2938.1843584734183,2.2444403772418386,36670.736138398024,241007.1159461013,241007.1152573126,0.0,False
