design_index,design_id,source_time_index,day,grid_nx,grid_ny,dx_km,operator_floor_relative,regularized_equation,reported_action,direct_action_qr,direct_action_svd,direct_qr_svd_relative_difference,direct_condition_number,direct_full_column_rank,direct_numerical_success,tangent_action,direct_tangent_lower_bound_valid,regularized_ritz_physical_action,regularized_ritz_regularizer_action,regularized_ritz_operator_action,regularized_ritz_identity_relative_error,regularized_ritz_cholesky_spectral_relative_difference,regularized_ritz_coefficient_relative_difference,regularized_ritz_condition_number,regularized_ritz_success,fv_physical_action,fv_iterations,fv_converged,fv_native_relative_residual,fv_stabilized_relative_residual,fv_unregularized_relative_residual_diagnostic,fv_weighted_mean_potential,fv_condition_proxy,fv_regularized_solve_success,underflow_cell_fraction,underflow_log10_probability_mass,compatibility_relative_residual,production_run,scientific_ranking_performed,final_test_accessed,direct_grid_relative_action_change,regularized_ritz_grid_relative_action_change,fv_grid_relative_action_change,regularization_bias_relative_to_unregularized_ritz,fv_regularized_ritz_relative_action_difference,regularized_ritz_floor_ladder_maximum_relative_change,fv_floor_ladder_maximum_relative_change,direct_reference_valid,regularized_grid_valid,regularization_bias_valid,fv_ritz_agreement_valid,floor_ladder_valid,combined_floor_case_valid
56,design_000056,48,12.0,219,117,16.666666666666668,2e-07,-div((q + epsilon * max(q)) grad(psi_epsilon)) = -q h,E_q[|grad(psi_epsilon)|^2],1449090.312820877,1449090.3128228763,1.3797047149953288e-12,2127305.67994478,True,True,679857.6682796652,True,1430888.102904035,1503.5811299671243,1432391.6840340022,1.6254677142369017e-16,3.2834447827585416e-14,1.6684530773452277e-10,7422895.138733886,True,1497709.339705409,278,True,9.73046739311323e-09,9.730355266964245e-09,7.7467365952238e-06,-3.157967714489336e-11,5000001.0,True,0.14846036763844983,-323.1022384257293,2.3175307744313495e-15,False,False,False,1.493059981846021e-11,2.6596992006587225e-06,0.0007509548753337275,0.012558502387602205,0.04533053544790987,0.011246641786725211,0.0013269986762905921,True,True,True,True,True,True
56,design_000056,48,12.0,219,117,16.666666666666668,2e-06,-div((q + epsilon * max(q)) grad(psi_epsilon)) = -q h,E_q[|grad(psi_epsilon)|^2],1449090.312820877,1449090.3128228763,1.3797047149953288e-12,2127305.67994478,True,True,679857.6682796652,True,1425948.6931933707,2026.6888714455438,1427975.3820648163,1.630494801088254e-16,6.0328307640265036e-15,1.6463591986851802e-11,852154.2769485223,True,1497506.487479442,293,True,9.341410147334958e-09,9.35781665771433e-09,5.856568090741819e-05,-2.463214817301682e-09,500001.00000000006,True,0.14846036763844983,-323.1022384257293,2.3175307744313495e-15,False,False,False,1.493059981846021e-11,2.6116863147280177e-06,0.000751124893602328,0.015967186628113358,0.04849737821546923,0.011246641786725211,0.0013269986762905921,True,True,True,True,True,True
56,design_000056,48,12.0,219,117,16.666666666666668,2e-05,-div((q + epsilon * max(q)) grad(psi_epsilon)) = -q h,E_q[|grad(psi_epsilon)|^2],1449090.312820877,1449090.3128228763,1.3797047149953288e-12,2127305.67994478,True,True,679857.6682796652,True,1414781.0815040146,5916.862289743081,1420697.9437937576,0.0,2.1305009841977348e-15,1.4418544938728379e-12,100815.74674277616,True,1495721.702769276,302,True,9.264077847853275e-09,9.255159262790041e-09,0.00044035739958255205,-1.8474111129762615e-09,50000.99999999999,True,0.14846036763844983,-323.1022384257293,2.3175307744313495e-15,False,False,False,1.493059981846021e-11,1.27922112741001e-05,0.0007510742095086789,0.02366390319659632,0.05481309917420895,0.011246641786725211,0.0013269986762905921,True,True,True,True,True,True
56,design_000056,48,12.0,511,273,7.142857142857143,2e-07,-div((q + epsilon * max(q)) grad(psi_epsilon)) = -q h,E_q[|grad(psi_epsilon)|^2],1449090.3127992412,1449090.312796625,1.8053292393082991e-12,2127305.6799420654,True,True,679857.6682796833,True,1430891.9086461007,1502.439249824186,1432394.347895925,1.9505576295735563e-15,3.2671840295356e-14,2.5788782476233975e-10,7435587.755738923,True,1498834.8970786906,599,True,9.348754434955785e-09,9.348957814285669e-09,7.757742643761252e-06,2.262136056705626e-10,5000001.0,True,0.14834089589471194,-322.29812420141565,1.3895165868488902e-15,False,False,False,1.493059981846021e-11,2.6596992006587225e-06,0.0007509548753337275,0.012558502387602205,0.04533053544790987,0.011246641786725211,0.0013269986762905921,True,True,True,True,True,True
56,design_000056,48,12.0,511,273,7.142857142857143,2e-06,-div((q + epsilon * max(q)) grad(psi_epsilon)) = -q h,E_q[|grad(psi_epsilon)|^2],1449090.3127992412,1449090.312796625,1.8053292393082991e-12,2127305.6799420654,True,True,679857.6682796833,True,1425952.4173337845,2026.5560332179166,1427978.9733670023,8.152453502339844e-16,9.782944202807724e-15,3.01472137866817e-11,853536.2657850919,True,1498632.1473917007,639,True,9.444416928055919e-09,9.447361054628231e-09,5.870506997430805e-05,9.86059306769119e-11,500001.00000000006,True,0.14834089589471194,-322.29812420141565,1.3895165868488902e-15,False,False,False,1.493059981846021e-11,2.6116863147280177e-06,0.000751124893602328,0.015967186628113358,0.04849737821546923,0.011246641786725211,0.0013269986762905921,True,True,True,True,True,True
56,design_000056,48,12.0,511,273,7.142857142857143,2e-05,-div((q + epsilon * max(q)) grad(psi_epsilon)) = -q h,E_q[|grad(psi_epsilon)|^2],1449090.3127992412,1449090.312796625,1.8053292393082991e-12,2127305.6799420654,True,True,679857.6682796833,True,1414799.1799140344,5909.24008825824,1420708.4200022926,1.6388348261742118e-16,2.786019204496152e-15,3.685767954828134e-12,100986.01224890849,True,1496845.945154289,662,True,9.463057358040044e-09,9.46325736866103e-09,0.0004430859363423798,1.3920837272034622e-10,50000.99999999999,True,0.14834089589471194,-322.29812420141565,1.3895165868488902e-15,False,False,False,1.493059981846021e-11,1.27922112741001e-05,0.0007510742095086789,0.02366390319659632,0.05481309917420895,0.011246641786725211,0.0013269986762905921,True,True,True,True,True,True
88,design_000088,48,12.0,219,117,16.666666666666668,2e-07,-div((q + epsilon * max(q)) grad(psi_epsilon)) = -q h,E_q[|grad(psi_epsilon)|^2],2702626.716082931,2702626.7160803815,9.433398748107544e-13,1756838.1282585936,True,True,1455044.5494484159,True,2682261.6257425123,2812.9199318392148,2685074.5456743515,5.896478291066121e-15,2.4106190660534585e-14,2.851926031592506e-10,10204825.92639991,True,2774676.078271253,256,True,9.808994546021805e-09,9.809029310287763e-09,8.024093552677837e-06,-1.0105496686365867e-09,5000001.0,True,0.1483823127658744,-323.0666232435132,2.420753374678852e-15,False,False,False,1.9854073748756755e-12,7.5821935778893676e-06,0.0005515917382542852,0.00754282033869334,0.03384693904477884,0.008574404966147522,0.0009314327408644028,True,True,True,True,True,True
88,design_000088,48,12.0,219,117,16.666666666666668,2e-06,-div((q + epsilon * max(q)) grad(psi_epsilon)) = -q h,E_q[|grad(psi_epsilon)|^2],2702626.716082931,2702626.7160803815,9.433398748107544e-13,1756838.1282585936,True,True,1455044.5494484159,True,2671566.2053817986,4565.949243441836,2676132.1546252402,0.0,3.654112154574034e-15,1.3013932832330698e-11,1179470.7381460092,True,2774396.21656361,280,True,9.207663009395606e-09,9.209428742359604e-09,6.141614059997399e-05,2.2105774001425333e-10,500001.00000000006,True,0.1483823127658744,-323.0666232435132,2.420753374678852e-15,False,False,False,1.9854073748756755e-12,9.151552182113264e-06,0.0005505811851391427,0.011501758451651094,0.03760290623339873,0.008574404966147522,0.0009314327408644028,True,True,True,True,True,True
88,design_000088,48,12.0,219,117,16.666666666666668,2e-05,-div((q + epsilon * max(q)) grad(psi_epsilon)) = -q h,E_q[|grad(psi_epsilon)|^2],2702626.716082931,2702626.7160803815,9.433398748107544e-13,1756838.1282585936,True,True,1455044.5494484159,True,2659279.0290631903,5641.519643962591,2664920.5487071527,0.0,1.7473739978238677e-15,2.315250459342615e-12,138717.71270476337,True,2772117.6385651375,299,True,8.916686742324477e-09,8.916455848885547e-09,0.00043837999643146563,-7.894919286223333e-11,50000.99999999999,True,0.1483823127658744,-323.0666232435132,2.420753374678852e-15,False,False,False,1.9854073748756755e-12,1.3674296714670993e-05,0.0005422233230219393,0.01605255010867001,0.041238104428463374,0.008574404966147522,0.0009314327408644028,True,True,True,True,True,True
88,design_000088,48,12.0,511,273,7.142857142857143,2e-07,-div((q + epsilon * max(q)) grad(psi_epsilon)) = -q h,E_q[|grad(psi_epsilon)|^2],2702626.716077565,2702626.716079208,6.078727083720412e-13,1756838.1282575035,True,True,1455044.5494484706,True,2682241.2883156394,2819.0483277853004,2685060.336643425,1.0058751490706475e-14,2.6014012475964952e-15,5.132721122723353e-10,10155837.431647647,True,2776207.41134303,602,True,9.707999978252226e-09,9.70455008421459e-09,8.212974256435821e-06,2.552153499873013e-10,5000001.0,True,0.14831939098083913,-322.28312396636846,6.394419581059732e-16,False,False,False,1.9854073748756755e-12,7.5821935778893676e-06,0.0005515917382542852,0.00754282033869334,0.03384693904477884,0.008574404966147522,0.0009314327408644028,True,True,True,True,True,True
88,design_000088,48,12.0,511,273,7.142857142857143,2e-06,-div((q + epsilon * max(q)) grad(psi_epsilon)) = -q h,E_q[|grad(psi_epsilon)|^2],2702626.716077565,2702626.716079208,6.078727083720412e-13,1756838.1282575035,True,True,1455044.5494484706,True,2671541.756404262,4567.355429945999,2676109.111834208,3.3061299405624333e-15,4.002157296470311e-15,2.5131758271374738e-11,1173993.6981337753,True,2775924.5884133554,634,True,9.294384251297323e-09,9.283729057597344e-09,6.272199108905013e-05,-4.6402790906782054e-10,500001.00000000006,True,0.14831939098083913,-322.28312396636846,6.394419581059732e-16,False,False,False,1.9854073748756755e-12,9.151552182113264e-06,0.0005505811851391427,0.011501758451651094,0.03760290623339873,0.008574404966147522,0.0009314327408644028,True,True,True,True,True,True
88,design_000088,48,12.0,511,273,7.142857142857143,2e-05,-div((q + epsilon * max(q)) grad(psi_epsilon)) = -q h,E_q[|grad(psi_epsilon)|^2],2702626.716077565,2702626.716079208,6.078727083720412e-13,1756838.1282575035,True,True,1455044.5494484706,True,2659242.6652927,5649.396316964101,2664892.061609664,1.7473926768593687e-16,1.2231748738015582e-15,2.7885301724730942e-12,138053.59097602873,True,2773621.560864675,668,True,9.593518905653371e-09,9.585226325426222e-09,0.0004478754965413412,2.0881255908051925e-10,50000.99999999999,True,0.14831939098083913,-322.28312396636846,6.394419581059732e-16,False,False,False,1.9854073748756755e-12,1.3674296714670993e-05,0.0005422233230219393,0.01605255010867001,0.041238104428463374,0.008574404966147522,0.0009314327408644028,True,True,True,True,True,True
138,design_000138,48,12.0,219,117,16.666666666666668,2e-07,-div((q + epsilon * max(q)) grad(psi_epsilon)) = -q h,E_q[|grad(psi_epsilon)|^2],2262305.068073953,2262305.0680714706,1.0973057337271584e-12,2203474.485833132,True,True,1403288.009680704,True,2227035.177580166,1803.3996720977104,2228838.5772522637,7.939170246913457e-15,1.1281978771929521e-14,2.098860869265192e-10,10951597.542383805,True,2346516.782515323,265,True,9.331644375180827e-09,9.335045052970451e-09,6.013937129073095e-06,3.4737644859382687e-10,5000001.0,True,0.14865550481988837,-322.9870933326387,3.4457205408336884e-16,False,False,False,1.1207503262997642e-11,2.5721167583624517e-06,0.00044382193086245776,0.01559277712412167,0.05134237203742887,0.010338597517563901,0.0008842577340466419,True,True,True,True,True,True
138,design_000138,48,12.0,219,117,16.666666666666668,2e-06,-div((q + epsilon * max(q)) grad(psi_epsilon)) = -q h,E_q[|grad(psi_epsilon)|^2],2262305.068073953,2262305.0680714706,1.0973057337271584e-12,2203474.485833132,True,True,1403288.009680704,True,2218434.0484327194,3823.3925336705693,2222257.44096639,1.047721291699753e-15,1.1524934208697295e-14,5.4709717536811385e-11,1287869.6276943816,True,2346299.4290562584,274,True,9.424169077206391e-09,9.424420759048355e-09,4.524190730079542e-05,1.2631870857957342e-10,500001.00000000006,True,0.14865550481988837,-322.9870933326387,3.4457205408336884e-16,False,False,False,1.1207503262997642e-11,4.369491863383176e-06,0.0004435033060573997,0.019396461474127883,0.05492008010272397,0.010338597517563901,0.0008842577340466419,True,True,True,True,True,True
138,design_000138,48,12.0,219,117,16.666666666666668,2e-05,-div((q + epsilon * max(q)) grad(psi_epsilon)) = -q h,E_q[|grad(psi_epsilon)|^2],2262305.068073953,2262305.0680714706,1.0973057337271584e-12,2203474.485833132,True,True,1403288.009680704,True,2204022.5280262707,6635.259841578771,2210657.787867849,8.425750740133563e-16,1.6851501480267111e-15,2.309689901662425e-12,148431.87393813184,True,2344451.167408086,278,True,8.031952295402873e-09,8.031965289763715e-09,0.0003349448088373056,-2.684272557315935e-10,50000.99999999999,True,0.14865550481988837,-322.9870933326387,3.4457205408336884e-16,False,False,False,1.1207503262997642e-11,7.91270386070111e-06,0.00043985238325415515,0.0257701671948182,0.06031924145662397,0.010338597517563901,0.0008842577340466419,True,True,True,True,True,True
138,design_000138,48,12.0,511,273,7.142857142857143,2e-07,-div((q + epsilon * max(q)) grad(psi_epsilon)) = -q h,E_q[|grad(psi_epsilon)|^2],2262305.068099308,2262305.06809969,1.6899043469888354e-13,2203474.485833118,True,True,1403288.0096807368,True,2227029.4493856644,1805.302922059606,2228834.752307724,1.0446294567724132e-15,6.97812477123924e-14,2.5067792132820473e-10,10929577.391440736,True,2347558.6805417337,582,True,9.882876436040764e-09,9.882741173351543e-09,6.057746051502263e-06,2.900174431673877e-11,5000001.0,True,0.1484627570733246,-322.2438085718971,1.2275915871996296e-15,False,False,False,1.1207503262997642e-11,2.5721167583624517e-06,0.00044382193086245776,0.01559277712412167,0.05134237203742887,0.010338597517563901,0.0008842577340466419,True,True,True,True,True,True
138,design_000138,48,12.0,511,273,7.142857142857143,2e-06,-div((q + epsilon * max(q)) grad(psi_epsilon)) = -q h,E_q[|grad(psi_epsilon)|^2],2262305.068099308,2262305.06809969,1.6899043469888354e-13,2203474.485833118,True,True,1403288.0096807368,True,2218424.3550031953,3824.9789885997734,2222249.3339917953,2.0954502277711494e-16,1.0896341184409977e-14,2.8804843694718056e-11,1285367.3999693966,True,2347340.48232061,623,True,9.757003130292946e-09,9.755885367646188e-09,4.561006166205077e-05,1.2180732613030285e-10,500001.00000000006,True,0.1484627570733246,-322.2438085718971,1.2275915871996296e-15,False,False,False,1.1207503262997642e-11,4.369491863383176e-06,0.0004435033060573997,0.019396461474127883,0.05492008010272397,0.010338597517563901,0.0008842577340466419,True,True,True,True,True,True
138,design_000138,48,12.0,511,273,7.142857142857143,2e-05,-div((q + epsilon * max(q)) grad(psi_epsilon)) = -q h,E_q[|grad(psi_epsilon)|^2],2262305.068099308,2262305.06809969,1.6899043469888354e-13,2203474.485833118,True,True,1403288.0096807368,True,2204005.088248704,6638.628820411182,2210643.7170691155,2.1064510925583058e-16,3.1596766388374588e-15,2.659666029679818e-12,148130.18162646645,True,2345482.8336223364,653,True,9.928705852573576e-09,9.928586612544237e-09,0.0003388024283513447,-4.060244204343428e-11,50000.99999999999,True,0.1484627570733246,-322.2438085718971,1.2275915871996296e-15,False,False,False,1.1207503262997642e-11,7.91270386070111e-06,0.00043985238325415515,0.0257701671948182,0.06031924145662397,0.010338597517563901,0.0008842577340466419,True,True,True,True,True,True
192,design_000192,48,12.0,219,117,16.666666666666668,2e-07,-div((q + epsilon * max(q)) grad(psi_epsilon)) = -q h,E_q[|grad(psi_epsilon)|^2],1434901.449190303,1434901.4491890694,8.596665302514474e-13,2378939.1010931022,True,True,663298.2950063141,True,1412232.9486697407,1881.972605100131,1414114.9212748408,0.0,7.903085334330312e-14,1.8970109060851133e-10,14589286.675609188,True,1526954.4097422722,259,True,9.133815952667301e-09,9.13257009323317e-09,4.8177696257625695e-06,-3.236916907351568e-10,5000001.0,True,0.14842134020216213,-322.9677154201706,1.6756107574073354e-15,False,False,False,1.5398707761582173e-13,8.124816452211498e-06,0.0006078126750178053,0.015805945883348684,0.07570055830133975,0.017205113225539723,0.0006192032068829379,True,True,True,True,True,True
192,design_000192,48,12.0,219,117,16.666666666666668,2e-06,-div((q + epsilon * max(q)) grad(psi_epsilon)) = -q h,E_q[|grad(psi_epsilon)|^2],1434901.449190303,1434901.4491890694,8.596665302514474e-13,2378939.1010931022,True,True,663298.2950063141,True,1403601.1278596309,4034.785293974396,1407635.9131536053,1.6540544431851398e-15,7.608650438651597e-15,1.55744165449803e-11,1593214.2427457212,True,1526859.7252877452,276,True,9.5984930113932e-09,9.599370968781044e-09,3.844467043516766e-05,1.973729821555834e-10,500001.00000000006,True,0.14842134020216213,-322.9677154201706,1.6756107574073354e-15,False,False,False,1.5398707761582173e-13,1.8170258378427253e-05,0.0006076096164195723,0.02183134259379711,0.08130211650348379,0.017205113225539723,0.0006192032068829379,True,True,True,True,True,True
192,design_000192,48,12.0,219,117,16.666666666666668,2e-05,-div((q + epsilon * max(q)) grad(psi_epsilon)) = -q h,E_q[|grad(psi_epsilon)|^2],1434901.449190303,1434901.4491890694,8.596665302514474e-13,2378939.1010931022,True,True,663298.2950063141,True,1387964.3212846948,6966.608352118861,1394930.9296368137,3.3382390297201266e-16,4.8404465930941616e-15,2.3104429614195144e-12,188309.8170704422,True,1526013.3578516648,289,True,9.82797884802169e-09,9.82892356592562e-09,0.00030158597224529913,5.368545114631869e-10,50000.99999999999,True,0.14842134020216213,-322.9677154201706,1.6756107574073354e-15,False,False,False,1.5398707761582173e-13,2.9018842031412812e-05,0.0006049028125607765,0.03273911602032864,0.09104040415339311,0.017205113225539723,0.0006192032068829379,True,True,True,True,True,True
192,design_000192,48,12.0,511,273,7.142857142857143,2e-07,-div((q + epsilon * max(q)) grad(psi_epsilon)) = -q h,E_q[|grad(psi_epsilon)|^2],1434901.449190082,1434901.4491890774,7.001625288855354e-13,2378939.1010971554,True,True,663298.295006325,True,1412221.474536245,1884.344216146628,1414105.8187523917,5.927352154546871e-15,8.660520092476869e-14,1.2046561104465163e-10,14521038.098211652,True,1527883.076442079,573,True,9.835751776258694e-09,9.836139014767706e-09,4.869110397903381e-06,9.860593067691183e-11,5000001.0,True,0.14823337132534783,-322.2087228682586,2.776203072939252e-16,False,False,False,1.5398707761582173e-13,8.124816452211498e-06,0.0006078126750178053,0.015805945883348684,0.07570055830133975,0.017205113225539723,0.0006192032068829379,True,True,True,True,True,True
192,design_000192,48,12.0,511,273,7.142857142857143,2e-06,-div((q + epsilon * max(q)) grad(psi_epsilon)) = -q h,E_q[|grad(psi_epsilon)|^2],1434901.449190082,1434901.4491890774,7.001625288855354e-13,2378939.1010971554,True,True,663298.295006325,True,1403575.6240644774,4040.7722994287506,1407616.396363906,1.8194851145584726e-15,7.443348195920968e-15,1.2623410859650675e-11,1585957.384370513,True,1527788.023982968,613,True,9.9031443283004e-09,9.902406618689415e-09,3.882838050174263e-05,-5.684341886080799e-10,500001.00000000006,True,0.14823337132534783,-322.2087228682586,2.776203072939252e-16,False,False,False,1.5398707761582173e-13,1.8170258378427253e-05,0.0006076096164195723,0.02183134259379711,0.08130211650348379,0.017205113225539723,0.0006192032068829379,True,True,True,True,True,True
192,design_000192,48,12.0,511,273,7.142857142857143,2e-05,-div((q + epsilon * max(q)) grad(psi_epsilon)) = -q h,E_q[|grad(psi_epsilon)|^2],1434901.449190082,1434901.4491890774,7.001625288855354e-13,2378939.1010971554,True,True,663298.295006325,True,1387924.0441673102,6973.202263742188,1394897.2464310525,3.33831963966642e-16,1.168411873883247e-15,1.621741375800352e-12,187466.25447439414,True,1526937.0063414038,645,True,9.842728298337384e-09,9.843342980652106e-09,0.0003054812447498646,6.960418636017306e-11,50000.99999999999,True,0.14823337132534783,-322.2087228682586,2.776203072939252e-16,False,False,False,1.5398707761582173e-13,2.9018842031412812e-05,0.0006049028125607765,0.03273911602032864,0.09104040415339311,0.017205113225539723,0.0006192032068829379,True,True,True,True,True,True
223,design_000223,48,12.0,219,117,16.666666666666668,2e-07,-div((q + epsilon * max(q)) grad(psi_epsilon)) = -q h,E_q[|grad(psi_epsilon)|^2],2455203.499885517,2455203.499871356,5.767841813917249e-12,1288639.5729991128,True,True,1543334.0039654274,True,2425563.7615462523,1046.2032651797633,2426609.964811432,4.413651045445298e-15,8.328367624883774e-14,1.7716458388614238e-10,7795991.6265669605,True,2499102.3957077595,266,True,8.994183563568704e-09,8.993988276518689e-09,4.1765259958455465e-06,2.842170943040402e-10,5000001.0,True,0.1487335596924638,-323.0750649806644,3.9017897373093555e-16,False,False,False,8.829761456279554e-12,3.9297395447876494e-07,0.0006214740232970825,0.01207260070402028,0.028822838865557122,0.008717004538346253,0.0012616805973889045,True,True,True,True,True,True
223,design_000223,48,12.0,219,117,16.666666666666668,2e-06,-div((q + epsilon * max(q)) grad(psi_epsilon)) = -q h,E_q[|grad(psi_epsilon)|^2],2455203.499885517,2455203.499871356,5.767841813917249e-12,1288639.5729991128,True,True,1543334.0039654274,True,2421047.2035531476,2347.019712128326,2423394.223265276,5.764575356794096e-16,1.8830946165527378e-14,1.1160124859410139e-11,839132.3330533657,True,2498786.9499648917,280,True,9.500316702139831e-09,9.499552907814126e-09,3.4043486155804394e-05,1.2631870857957342e-10,500001.00000000006,True,0.1487335596924638,-323.0750649806644,3.9017897373093555e-16,False,False,False,8.829761456279554e-12,1.8073670895105504e-06,0.0006266135972784439,0.013913580700590825,0.030505246785008277,0.008717004538346253,0.0012616805973889045,True,True,True,True,True,True
223,design_000223,48,12.0,219,117,16.666666666666668,2e-05,-div((q + epsilon * max(q)) grad(psi_epsilon)) = -q h,E_q[|grad(psi_epsilon)|^2],2455203.499885517,2455203.499871356,5.767841813917249e-12,1288639.5729991128,True,True,1543334.0039654274,True,2404432.103166404,7947.902718278997,2412380.005884683,1.9302982373084664e-16,3.4745368271552402e-15,3.132883544682922e-12,94247.76184951597,True,2496046.347948415,298,True,9.486757219335153e-09,9.486434872923695e-09,0.0002919786834345067,-2.7632217501781685e-10,50000.99999999999,True,0.1487335596924638,-323.0750649806644,3.9017897373093555e-16,False,False,False,8.829761456279554e-12,5.380402324972317e-06,0.0006603198356374601,0.02068436832723995,0.03607242586913523,0.008717004538346253,0.0012616805973889045,True,True,True,True,True,True
223,design_000223,48,12.0,511,273,7.142857142857143,2e-07,-div((q + epsilon * max(q)) grad(psi_epsilon)) = -q h,E_q[|grad(psi_epsilon)|^2],2455203.4998638383,2455203.49985853,2.1621583203195298e-12,1288639.5730009486,True,True,1543334.0039654355,True,2425562.808362869,1045.9295953627209,2426608.737958232,1.727081717053386e-15,1.5466976266053486e-13,5.136751118903347e-10,7787191.742213917,True,2497549.2684872677,567,True,9.358087386203047e-09,9.357070858275725e-09,4.347853585728499e-06,2.3201395453391028e-11,5000001.0,True,0.14853444011956732,-322.1957237547945,1.1606316518117328e-15,False,False,False,8.829761456279554e-12,3.9297395447876494e-07,0.0006214740232970825,0.01207260070402028,0.028822838865557122,0.008717004538346253,0.0012616805973889045,True,True,True,True,True,True
223,design_000223,48,12.0,511,273,7.142857142857143,2e-06,-div((q + epsilon * max(q)) grad(psi_epsilon)) = -q h,E_q[|grad(psi_epsilon)|^2],2455203.4998638383,2455203.49985853,2.1621583203195298e-12,1288639.5730009486,True,True,1543334.0039654355,True,2421042.8278321098,2348.6416250250054,2423391.4694571346,9.607636512231602e-16,5.380276446849669e-15,2.684016982603272e-11,838183.8475108299,True,2497221.1760853417,622,True,9.75072093447626e-09,9.750613690651087e-09,3.569942509497701e-05,-1.740104659004327e-11,500001.00000000006,True,0.14853444011956732,-322.1957237547945,1.1606316518117328e-15,False,False,False,8.829761456279554e-12,1.8073670895105504e-06,0.0006266135972784439,0.013913580700590825,0.030505246785008277,0.008717004538346253,0.0012616805973889045,True,True,True,True,True,True
223,design_000223,48,12.0,511,273,7.142857142857143,2e-05,-div((q + epsilon * max(q)) grad(psi_epsilon)) = -q h,E_q[|grad(psi_epsilon)|^2],2455203.4998638383,2455203.49985853,2.1621583203195298e-12,1288639.5730009486,True,True,1543334.0039654355,True,2404419.166354326,7951.516622459466,2412370.6829767856,3.860611394374339e-16,1.7372751274684527e-15,1.875624876586817e-12,94145.07793387449,True,2494398.1590341944,656,True,9.907109469776472e-09,9.909183489180738e-09,0.00030554344426902513,0.0,50000.99999999999,True,0.14853444011956732,-322.1957237547945,1.1606316518117328e-15,False,False,False,8.829761456279554e-12,5.380402324972317e-06,0.0006603198356374601,0.02068436832723995,0.03607242586913523,0.008717004538346253,0.0012616805973889045,True,True,True,True,True,True
241,design_000241,48,12.0,219,117,16.666666666666668,2e-07,-div((q + epsilon * max(q)) grad(psi_epsilon)) = -q h,E_q[|grad(psi_epsilon)|^2],2839164.731085242,2839164.731082689,8.991218963350753e-13,2681499.372100053,True,True,1497464.348966255,True,2809899.8987395708,1466.46866438235,2811366.367403953,4.637786165399905e-15,6.890425160022748e-14,1.4006003804317636e-10,13406755.267997911,True,2906140.055661787,271,True,8.065890657190828e-09,8.065806200336567e-09,4.52309210346429e-06,-7.89491928622334e-11,5000001.0,True,0.14885064200132694,-322.98339952351057,4.847644600823705e-15,False,False,False,7.68895193357611e-12,7.742582547025226e-07,0.0009083600043891271,0.010308316257606039,0.033995172058576086,0.007222839636860216,0.0010151728032391468,True,True,True,True,True,True
241,design_000241,48,12.0,219,117,16.666666666666668,2e-06,-div((q + epsilon * max(q)) grad(psi_epsilon)) = -q h,E_q[|grad(psi_epsilon)|^2],2839164.731085242,2839164.731082689,8.991218963350753e-13,2681499.372100053,True,True,1497464.348966255,True,2804818.999243802,2447.6835631729764,2807266.6828069747,1.6587711105598476e-15,7.298592886463288e-15,1.5398718650447988e-11,1437247.9512835233,True,2905843.466292455,286,True,9.029517376901594e-09,9.037477650649338e-09,3.636324347706761e-05,3.0000693287648693e-10,500001.00000000006,True,0.14885064200132694,-322.98339952351057,4.847644600823705e-15,False,False,False,7.68895193357611e-12,1.8641161109471839e-06,0.0009054395813556937,0.012098966993775103,0.03564172886966843,0.007222839636860216,0.0010151728032391468,True,True,True,True,True,True
241,design_000241,48,12.0,219,117,16.666666666666668,2e-05,-div((q + epsilon * max(q)) grad(psi_epsilon)) = -q h,E_q[|grad(psi_epsilon)|^2],2839164.731085242,2839164.731082689,8.991218963350753e-13,2681499.372100053,True,True,1497464.348966255,True,2789616.3630729606,7172.741457789751,2796789.1045307503,4.994956036049082e-16,5.161454570584025e-15,2.617271067402542e-12,164861.7792183279,True,2903254.9822662603,301,True,7.998398745415823e-09,7.998598329665956e-09,0.00029660203448103324,1.578983857244668e-10,50000.99999999999,True,0.14885064200132694,-322.98339952351057,4.847644600823705e-15,False,False,False,7.68895193357611e-12,5.047494009863058e-06,0.0008859357862738705,0.017456700579211528,0.03999790199828587,0.007222839636860216,0.0010151728032391468,True,True,True,True,True,True
241,design_000241,48,12.0,511,273,7.142857142857143,2e-07,-div((q + epsilon * max(q)) grad(psi_epsilon)) = -q h,E_q[|grad(psi_epsilon)|^2],2839164.731107072,2839164.731102673,1.549435343781858e-12,2681499.3720974936,True,True,1497464.34896625,True,2809897.7231513793,1466.464122983215,2811364.1872743624,1.1594474404664051e-15,3.229889298442129e-14,2.02144794862149e-10,13387555.829591,True,2908782.27714382,608,True,1.0006984653509315e-08,9.991680596727558e-09,4.683838868306485e-06,-2.3433409407924927e-09,5000001.0,True,0.14872081603979842,-322.26780487618163,3.2401697531416393e-15,False,False,False,7.68895193357611e-12,7.742582547025226e-07,0.0009083600043891271,0.010308316257606039,0.033995172058576086,0.007222839636860216,0.0010151728032391468,True,True,True,True,True,True
241,design_000241,48,12.0,511,273,7.142857142857143,2e-06,-div((q + epsilon * max(q)) grad(psi_epsilon)) = -q h,E_q[|grad(psi_epsilon)|^2],2839164.731107072,2839164.731102673,1.549435343781858e-12,2681499.3720974936,True,True,1497464.34896625,True,2804813.770735517,2449.2721758222624,2807263.0429113396,8.293866306607557e-16,7.630357002078895e-15,1.3945179846420446e-11,1435188.7413647634,True,2908476.9164140355,635,True,9.558350555150258e-09,9.557715676578653e-09,3.7846837029936915e-05,9.280558181356407e-11,500001.00000000006,True,0.14872081603979842,-322.26780487618163,3.2401697531416393e-15,False,False,False,7.68895193357611e-12,1.8641161109471839e-06,0.0009054395813556937,0.012098966993775103,0.03564172886966843,0.007222839636860216,0.0010151728032391468,True,True,True,True,True,True
241,design_000241,48,12.0,511,273,7.142857142857143,2e-05,-div((q + epsilon * max(q)) grad(psi_epsilon)) = -q h,E_q[|grad(psi_epsilon)|^2],2839164.731107072,2839164.731102673,1.549435343781858e-12,2681499.3720974936,True,True,1497464.34896625,True,2789602.282501078,7176.156698827761,2796778.439199906,1.6649916946619278e-16,4.162479236654802e-15,2.2835385352196357e-12,164637.40033144574,True,2905829.3604855197,669,True,9.655057875723834e-09,9.646782022125608e-09,0.00030907963329409303,-1.6240976817373712e-10,50000.99999999999,True,0.14872081603979842,-322.26780487618163,3.2401697531416393e-15,False,False,False,7.68895193357611e-12,5.047494009863058e-06,0.0008859357862738705,0.017456700579211528,0.03999790199828587,0.007222839636860216,0.0010151728032391468,True,True,True,True,True,True
56,design_000056,50,12.5,219,117,16.666666666666668,2e-07,-div((q + epsilon * max(q)) grad(psi_epsilon)) = -q h,E_q[|grad(psi_epsilon)|^2],1429859.8226810666,1429859.8226809711,6.676218352585968e-14,1394938.5442958723,True,True,523599.4764401368,True,1411731.3193085822,1466.694246771745,1413198.013555354,2.636070998351992e-15,1.2751993454527762e-13,1.6315950790215953e-10,7521500.519711614,True,1476328.6759473074,271,True,8.763152441945908e-09,8.770250468064498e-09,7.89334799870338e-06,7.026478164738768e-10,5000001.0,True,0.1319907895250361,-322.98791123147595,4.68874901401926e-16,False,False,False,1.1080731284636304e-11,1.936459729312918e-06,0.0008316406374219714,0.012676606010229937,0.044548804986227625,0.012352428940568467,0.0012518538097415083,True,True,True,True,True,True
56,design_000056,50,12.5,219,117,16.666666666666668,2e-06,-div((q + epsilon * max(q)) grad(psi_epsilon)) = -q h,E_q[|grad(psi_epsilon)|^2],1429859.8226810666,1429859.8226809711,6.676218352585968e-14,1394938.5442958723,True,True,523599.4764401368,True,1405545.3242454217,2685.0038801571886,1408230.3281255788,1.653356265688283e-15,1.950960393512139e-14,3.981044205859755e-11,831992.2905248394,True,1476142.448519214,289,True,8.391352453825387e-09,8.389492576285455e-09,5.961282545429893e-05,1.0263395072090335e-10,500001.00000000006,True,0.1319907895250361,-322.98791123147595,4.68874901401926e-16,False,False,False,1.1080731284636304e-11,2.772243945466874e-06,0.0008318683731543204,0.01700208757549278,0.04861486082466778,0.012352428940568467,0.0012518538097415083,True,True,True,True,True,True
56,design_000056,50,12.5,219,117,16.666666666666668,2e-05,-div((q + epsilon * max(q)) grad(psi_epsilon)) = -q h,E_q[|grad(psi_epsilon)|^2],1429859.8226810666,1429859.8226809711,6.676218352585968e-14,1394938.5442958723,True,True,523599.4764401368,True,1394284.0633043225,5648.100825012541,1399932.164129335,3.3263132260222735e-16,3.3263132260222636e-15,1.0433728993006619e-12,99861.75885994933,True,1474479.4237519226,305,True,7.81423459175864e-09,7.811559515933467e-09,0.00044908651489509,-7.105427357601002e-11,50000.99999999999,True,0.1319907895250361,-322.98791123147595,4.68874901401926e-16,False,False,False,1.1080731284636304e-11,8.352028012937345e-06,0.0008323891040082425,0.024872448075849454,0.05516815663613633,0.012352428940568467,0.0012518538097415083,True,True,True,True,True,True
56,design_000056,50,12.5,511,273,7.142857142857143,2e-07,-div((q + epsilon * max(q)) grad(psi_epsilon)) = -q h,E_q[|grad(psi_epsilon)|^2],1429859.8226969105,1429859.8226954767,1.0027354296285083e-12,1394938.5442949212,True,True,523599.4764401701,True,1411734.0530747245,1465.847520955437,1413199.9005956799,4.613118087229137e-15,5.0414790524715885e-14,1.738256121232604e-10,7530895.498526885,True,1477557.4727858026,602,True,9.84075885502677e-09,9.841574664269222e-09,7.913701132626623e-06,1.4500872158369388e-10,5000001.0,True,0.13247026945657084,-322.1871257162549,1.0649706133995415e-16,False,False,False,1.1080731284636304e-11,1.936459729312918e-06,0.0008316406374219714,0.012676606010229937,0.044548804986227625,0.012352428940568467,0.0012518538097415083,True,True,True,True,True,True
56,design_000056,50,12.5,511,273,7.142857142857143,2e-06,-div((q + epsilon * max(q)) grad(psi_epsilon)) = -q h,E_q[|grad(psi_epsilon)|^2],1429859.8226969105,1429859.8226954767,1.0027354296285083e-12,1394938.5442949212,True,True,523599.4764401701,True,1405549.220770739,2684.562034943139,1408233.7828056822,1.3226817677388268e-15,8.266761048367609e-15,2.2104947799652694e-11,832992.5109683047,True,1477371.4270848078,633,True,9.388664102452616e-09,9.389960229991836e-09,5.979377235909531e-05,2.552153499873012e-10,500001.00000000006,True,0.13247026945657084,-322.1871257162549,1.0649706133995415e-16,False,False,False,1.1080731284636304e-11,2.772243945466874e-06,0.0008318683731543204,0.01700208757549278,0.04861486082466778,0.012352428940568467,0.0012518538097415083,True,True,True,True,True,True
56,design_000056,50,12.5,511,273,7.142857142857143,2e-05,-div((q + epsilon * max(q)) grad(psi_epsilon)) = -q h,E_q[|grad(psi_epsilon)|^2],1429859.8226969105,1429859.8226954767,1.0027354296285083e-12,1394938.5442949212,True,True,523599.4764401701,True,1394295.7085011383,5643.717036997285,1399939.4255381355,3.3262959726185247e-16,4.15786996577314e-15,1.1781851329117631e-12,99981.59009110984,True,1475707.7868343836,666,True,9.58279517754182e-09,9.586142622417182e-09,0.0004519734962535996,2.6101569885064895e-10,50000.99999999999,True,0.13247026945657084,-322.1871257162549,1.0649706133995415e-16,False,False,False,1.1080731284636304e-11,8.352028012937345e-06,0.0008323891040082425,0.024872448075849454,0.05516815663613633,0.012352428940568467,0.0012518538097415083,True,True,True,True,True,True
88,design_000088,50,12.5,219,117,16.666666666666668,2e-07,-div((q + epsilon * max(q)) grad(psi_epsilon)) = -q h,E_q[|grad(psi_epsilon)|^2],2590021.388722687,2590021.3887230027,1.2189797125587082e-13,1214517.5482746519,True,True,1255736.3645411287,True,2573405.018791301,1994.9793153000346,2575399.998106601,1.2656787347792985e-15,3.453494833469114e-14,1.6198990237280602e-10,10020940.223995795,True,2666327.8478925116,264,True,8.899044549788416e-09,8.889020554765457e-09,8.852856903940538e-06,9.173896210591518e-09,5000001.0,True,0.1319907895250361,-322.9891375512088,4.2706292141328513e-16,False,False,False,2.1182918839731605e-12,1.577746398087552e-07,0.0005226924964171202,0.006415690629907053,0.03535511751681725,0.00953523021788967,0.0009443590995643064,True,True,True,True,True,True
88,design_000088,50,12.5,219,117,16.666666666666668,2e-06,-div((q + epsilon * max(q)) grad(psi_epsilon)) = -q h,E_q[|grad(psi_epsilon)|^2],2590021.388722687,2590021.3887230027,1.2189797125587082e-13,1214517.5482746519,True,True,1255736.3645411287,True,2562880.169197213,4708.112974957793,2567588.2821721705,0.0,1.178848800844195e-14,1.985608857116636e-11,1130374.0893988896,True,2666055.6012315415,271,True,6.861208411159906e-09,6.858471794808131e-09,6.81878277608401e-05,-9.473903143468005e-11,500001.00000000006,True,0.1319907895250361,-322.9891375512088,4.2706292141328513e-16,False,False,False,2.1182918839731605e-12,2.90438451413726e-07,0.0005222365113551665,0.010479436196175997,0.039201960212250905,0.00953523021788967,0.0009443590995643064,True,True,True,True,True,True
88,design_000088,50,12.5,219,117,16.666666666666668,2e-05,-div((q + epsilon * max(q)) grad(psi_epsilon)) = -q h,E_q[|grad(psi_epsilon)|^2],2590021.388722687,2590021.3887230027,1.2189797125587082e-13,1214517.5482746519,True,True,1255736.3645411287,True,2548867.467822977,6024.868382008147,2554892.336204985,1.8226258723662245e-16,2.1871510468394697e-15,3.3965120558415875e-12,135050.63499571147,True,2663822.275545548,290,True,9.914252357998119e-09,9.9142844305186e-09,0.0004945446668022767,-6.315935428978671e-11,50000.99999999999,True,0.1319907895250361,-322.9891375512088,4.2706292141328513e-16,False,False,False,2.1182918839731605e-12,3.3759162006449557e-07,0.0005180404609779647,0.015889745760633803,0.0436500908106931,0.00953523021788967,0.0009443590995643064,True,True,True,True,True,True
88,design_000088,50,12.5,511,273,7.142857142857143,2e-07,-div((q + epsilon * max(q)) grad(psi_epsilon)) = -q h,E_q[|grad(psi_epsilon)|^2],2590021.3887281734,2590021.3887284915,1.227969238459931e-13,1214517.5482747317,True,True,1255736.3645411597,True,2573404.6127732513,1995.125334069784,2575399.738107321,1.518814635066935e-14,8.85975203789051e-15,2.086336692173972e-10,10019681.861312153,True,2667722.246293174,586,True,9.960508360679337e-09,9.96091728537655e-09,9.016462669043173e-06,2.3201395453391035e-10,5000001.0,True,0.13247026945657084,-322.174280986412,5.1268548840428964e-17,False,False,False,2.1182918839731605e-12,1.577746398087552e-07,0.0005226924964171202,0.006415690629907053,0.03535511751681725,0.00953523021788967,0.0009443590995643064,True,True,True,True,True,True
88,design_000088,50,12.5,511,273,7.142857142857143,2e-06,-div((q + epsilon * max(q)) grad(psi_epsilon)) = -q h,E_q[|grad(psi_epsilon)|^2],2590021.3887281734,2590021.3887284915,1.227969238459931e-13,1214517.5482747317,True,True,1255736.3645411597,True,2562879.4248382654,4708.243632585703,2567587.668470851,2.1763367678973165e-15,4.171312138469866e-15,1.2033493170966393e-11,1130236.9929156376,True,2667448.6403036728,622,True,9.90039156711496e-09,9.903587863248683e-09,6.934949277800184e-05,1.6240976817373725e-10,500001.00000000006,True,0.13247026945657084,-322.174280986412,5.1268548840428964e-17,False,False,False,2.1182918839731605e-12,2.90438451413726e-07,0.0005222365113551665,0.010479436196175997,0.039201960212250905,0.00953523021788967,0.0009443590995643064,True,True,True,True,True,True
88,design_000088,50,12.5,511,273,7.142857142857143,2e-05,-div((q + epsilon * max(q)) grad(psi_epsilon)) = -q h,E_q[|grad(psi_epsilon)|^2],2590021.3887281734,2590021.3887284915,1.227969238459931e-13,1214517.5482747317,True,True,1255736.3645411597,True,2548866.607346679,6024.942674380756,2554891.55002106,0.0,1.8226264332194481e-16,1.3623920769695839e-12,135034.2198940223,True,2665202.958514777,663,True,9.37740433694319e-09,9.37865598371473e-09,0.0005036484073750163,4.640279090678207e-11,50000.99999999999,True,0.13247026945657084,-322.174280986412,5.1268548840428964e-17,False,False,False,2.1182918839731605e-12,3.3759162006449557e-07,0.0005180404609779647,0.015889745760633803,0.0436500908106931,0.00953523021788967,0.0009443590995643064,True,True,True,True,True,True
138,design_000138,50,12.5,219,117,16.666666666666668,2e-07,-div((q + epsilon * max(q)) grad(psi_epsilon)) = -q h,E_q[|grad(psi_epsilon)|^2],2292257.971366818,2292257.971368267,6.321879754383327e-13,1497051.3088383533,True,True,1220469.3411116535,True,2256868.2580880723,1533.0965301606327,2258401.3546182327,5.773338745991308e-15,1.422715619547858e-14,2.6689202331180964e-10,10983354.641691517,True,2379861.544076244,266,True,9.098907000913443e-09,9.09768506432091e-09,6.795999132268137e-06,-3.710612064524966e-10,5000001.0,True,0.13210787183389924,-323.25040348887046,8.423434596656248e-16,False,False,False,7.478385584721084e-12,3.577943654531331e-07,0.0004585566934717944,0.015438448133953581,0.052115376719359036,0.011759883351677264,0.0008835150359376131,True,True,True,True,True,True
138,design_000138,50,12.5,219,117,16.666666666666668,2e-06,-div((q + epsilon * max(q)) grad(psi_epsilon)) = -q h,E_q[|grad(psi_epsilon)|^2],2292257.971366818,2292257.971368267,6.321879754383327e-13,1497051.3088383533,True,True,1220469.3411116535,True,2250043.8005717113,3262.4521562403766,2253306.252727952,2.0665690105106183e-16,2.066569010510614e-15,1.762937733944806e-11,1248353.5170144371,True,2379641.236596727,273,True,9.057330739189294e-09,9.056971860765433e-09,5.1022105830825156e-05,-1.5789838572446664e-11,500001.00000000006,True,0.13210787183389924,-323.25040348887046,8.423434596656248e-16,False,False,False,7.478385584721084e-12,8.679884601234047e-07,0.00045855711423475084,0.018415125315504745,0.054893677034167206,0.011759883351677264,0.0008835150359376131,True,True,True,True,True,True
138,design_000138,50,12.5,219,117,16.666666666666668,2e-05,-div((q + epsilon * max(q)) grad(psi_epsilon)) = -q h,E_q[|grad(psi_epsilon)|^2],2292257.971366818,2292257.971368267,6.321879754383327e-13,1497051.3088383533,True,True,1220469.3411116535,True,2230323.31663894,9377.616789568665,2239700.9334285087,2.0791226201567468e-16,3.326596192250795e-15,2.6738674370284145e-12,148324.57711434065,True,2377761.4446279043,285,True,9.502428067480515e-09,9.501826130346855e-09,0.00037631603854640854,1.6105635343895597e-09,50000.99999999999,True,0.13210787183389924,-323.25040348887046,8.423434596656248e-16,False,False,False,7.478385584721084e-12,2.3458395421214308e-06,0.00045748726514230185,0.027016777136444632,0.062434035693339635,0.011759883351677264,0.0008835150359376131,True,True,True,True,True,True
138,design_000138,50,12.5,511,273,7.142857142857143,2e-07,-div((q + epsilon * max(q)) grad(psi_epsilon)) = -q h,E_q[|grad(psi_epsilon)|^2],2292257.9713839605,2292257.971384532,2.4925920496700847e-13,1497051.3088386906,True,True,1220469.3411116942,True,2256869.0655831075,1532.9319203597395,2258401.9975034674,1.154667420506183e-14,3.8557644220474326e-14,7.141240910848375e-11,10987774.450530173,True,2380953.346169974,579,True,9.995781892388106e-09,9.995948059619007e-09,6.839737403229939e-06,-5.220313977012981e-11,5000001.0,True,0.13252761589356502,-322.2335309248388,1.3583845077226236e-15,False,False,False,7.478385584721084e-12,3.577943654531331e-07,0.0004585566934717944,0.015438448133953581,0.052115376719359036,0.011759883351677264,0.0008835150359376131,True,True,True,True,True,True
138,design_000138,50,12.5,511,273,7.142857142857143,2e-06,-div((q + epsilon * max(q)) grad(psi_epsilon)) = -q h,E_q[|grad(psi_epsilon)|^2],2292257.9713839605,2292257.971384532,2.4925920496700847e-13,1497051.3088386906,True,True,1220469.3411116942,True,2250045.75358546,3261.8666864910897,2253307.6202719514,4.1331355125984834e-16,4.339792288228391e-15,1.1601901918292212e-11,1248836.4481057334,True,2380732.9386228253,611,True,9.982872821048464e-09,9.98235838296369e-09,5.1374927347100606e-05,3.7122232725425644e-10,500001.00000000006,True,0.13252761589356502,-322.2335309248388,1.3583845077226236e-15,False,False,False,7.478385584721084e-12,8.679884601234047e-07,0.00045855711423475084,0.018415125315504745,0.054893677034167206,0.011759883351677264,0.0008835150359376131,True,True,True,True,True,True
138,design_000138,50,12.5,511,273,7.142857142857143,2e-05,-div((q + epsilon * max(q)) grad(psi_epsilon)) = -q h,E_q[|grad(psi_epsilon)|^2],2292257.9713839605,2292257.971384532,2.4925920496700847e-13,1497051.3088386906,True,True,1220469.3411116942,True,2230328.5486318413,9376.313255417948,2239704.8618872594,0.0,2.0791189733604252e-16,2.219614023934978e-12,148383.3077003689,True,2378849.738088767,644,True,9.137904579237616e-09,9.137537235598542e-09,0.0003800389386626417,1.0440627954025962e-10,50000.99999999999,True,0.13252761589356502,-322.2335309248388,1.3583845077226236e-15,False,False,False,7.478385584721084e-12,2.3458395421214308e-06,0.00045748726514230185,0.027016777136444632,0.062434035693339635,0.011759883351677264,0.0008835150359376131,True,True,True,True,True,True
192,design_000192,50,12.5,219,117,16.666666666666668,2e-07,-div((q + epsilon * max(q)) grad(psi_epsilon)) = -q h,E_q[|grad(psi_epsilon)|^2],1305840.6786176374,1305840.678617689,3.958247260751162e-14,1570844.6392483527,True,True,608510.6856154578,True,1286733.1404138799,1717.4405563481712,1288450.580970228,1.8070591693050707e-16,7.770354428011744e-15,1.0004051964952028e-10,14409992.540621644,True,1372306.2699053453,255,True,9.556913660557666e-09,9.556683066303865e-09,4.046767817562702e-06,-2.3684757858670004e-11,5000001.0,True,0.1319517620887484,-323.0814379664713,2.189560441005742e-15,False,False,False,4.655398017036798e-12,1.1713061794542962e-05,0.0005241827620874041,0.014643907251225509,0.06285963884253674,0.017097635624481553,0.0005506703207322682,True,True,True,True,True,True
192,design_000192,50,12.5,219,117,16.666666666666668,2e-06,-div((q + epsilon * max(q)) grad(psi_epsilon)) = -q h,E_q[|grad(psi_epsilon)|^2],1305840.6786176374,1305840.678617689,3.958247260751162e-14,1570844.6392483527,True,True,608510.6856154578,True,1278376.5913909462,3850.631673770521,1282227.2230647167,1.089497896156202e-15,9.442315100020416e-15,2.124296103053709e-11,1562370.9859258938,True,1372232.8181163026,266,True,9.979256008406587e-09,9.978510522829324e-09,3.27000160637479e-05,-2.5263741715914673e-10,500001.00000000006,True,0.1319517620887484,-323.0814379664713,2.189560441005742e-15,False,False,False,4.655398017036798e-12,2.441311341409814e-05,0.0005238690874024905,0.021055628625812187,0.06890749168690424,0.017097635624481553,0.0005506703207322682,True,True,True,True,True,True
192,design_000192,50,12.5,219,117,16.666666666666668,2e-05,-div((q + epsilon * max(q)) grad(psi_epsilon)) = -q h,E_q[|grad(psi_epsilon)|^2],1305840.6786176374,1305840.678617689,3.958247260751162e-14,1570844.6392483527,True,True,608510.6856154578,True,1264761.990743088,6026.378944077796,1270788.3696871658,5.496524422343892e-16,3.6643496148959285e-16,2.1358996609064543e-12,180722.8886307841,True,1371555.6188553772,286,True,9.687624780620414e-09,9.688265664003789e-09,0.0002610255091088125,1.9737298215558336e-10,50000.99999999999,True,0.1319517620887484,-323.0814379664713,2.189560441005742e-15,False,False,False,4.655398017036798e-12,3.45982932691099e-05,0.0005205119945386973,0.031491166685406906,0.07837501173872138,0.017097635624481553,0.0005506703207322682,True,True,True,True,True,True
192,design_000192,50,12.5,511,273,7.142857142857143,2e-07,-div((q + epsilon * max(q)) grad(psi_epsilon)) = -q h,E_q[|grad(psi_epsilon)|^2],1305840.6786115582,1305840.678611033,4.022435054187633e-13,1570844.6392496387,True,True,608510.6856154767,True,1286718.0688290931,1721.479861259526,1288439.5486903526,2.4937630063352766e-14,2.0962065850354582e-14,1.9378195612320637e-10,14320954.80538404,True,1373025.9864593453,577,True,9.85196251983887e-09,9.852446547839792e-09,4.098824219958692e-06,1.2760767499365066e-10,5000001.0,True,0.1323985864103281,-322.15575300000904,2.3394546549391065e-17,False,False,False,4.655398017036798e-12,1.1713061794542962e-05,0.0005241827620874041,0.014643907251225509,0.06285963884253674,0.017097635624481553,0.0005506703207322682,True,True,True,True,True,True
192,design_000192,50,12.5,511,273,7.142857142857143,2e-06,-div((q + epsilon * max(q)) grad(psi_epsilon)) = -q h,E_q[|grad(psi_epsilon)|^2],1305840.6786115582,1305840.678611033,4.022435054187633e-13,1570844.6392496387,True,True,608510.6856154767,True,1278345.3822382346,3857.11412510877,1282202.4963633434,3.63172968878531e-16,3.57725374345353e-14,2.8419732848937396e-11,1552807.0028609124,True,1372952.0652617787,619,True,9.482585662699792e-09,9.48316109957038e-09,3.308310073957747e-05,5.220313977012981e-10,500001.00000000006,True,0.1323985864103281,-322.15575300000904,2.3394546549391065e-17,False,False,False,4.655398017036798e-12,2.441311341409814e-05,0.0005238690874024905,0.021055628625812187,0.06890749168690424,0.017097635624481553,0.0005506703207322682,True,True,True,True,True,True
192,design_000192,50,12.5,511,273,7.142857142857143,2e-05,-div((q + epsilon * max(q)) grad(psi_epsilon)) = -q h,E_q[|grad(psi_epsilon)|^2],1305840.6786115582,1305840.678611033,4.022435054187633e-13,1570844.6392496387,True,True,608510.6856154767,True,1264718.2321368167,6031.460193257785,1270749.6923300745,1.8322305727019002e-16,1.2825614008913286e-15,2.5432931031667547e-12,179655.78040866353,True,1372269.901799008,632,True,9.91835846323834e-09,9.918345965535349e-09,0.0002646837386790393,1.624097681737372e-10,50000.99999999999,True,0.1323985864103281,-322.15575300000904,2.3394546549391065e-17,False,False,False,4.655398017036798e-12,3.45982932691099e-05,0.0005205119945386973,0.031491166685406906,0.07837501173872138,0.017097635624481553,0.0005506703207322682,True,True,True,True,True,True
223,design_000223,50,12.5,219,117,16.666666666666668,2e-07,-div((q + epsilon * max(q)) grad(psi_epsilon)) = -q h,E_q[|grad(psi_epsilon)|^2],2069843.555925049,2069843.5559234694,7.631123048050534e-13,966187.8127817771,True,True,1511848.5633442595,True,2058432.9249890582,488.5845380753603,2058921.5095271335,5.654189403930779e-16,4.591201795991792e-14,1.6725353020004766e-10,8277639.4132790435,True,2095895.8159933574,266,True,8.631659367444355e-09,8.63182190255048e-09,3.053564515811274e-06,1.8947806286936016e-10,5000001.0,True,0.13218592670647464,-323.4982192509069,4.2525006682298034e-16,False,False,False,7.647996109029467e-13,2.3576415911820433e-07,0.0005858164522165474,0.005513033199831782,0.017298954277494984,0.006193658534740629,0.0011226801447373148,True,True,True,True,True,True
223,design_000223,50,12.5,219,117,16.666666666666668,2e-06,-div((q + epsilon * max(q)) grad(psi_epsilon)) = -q h,E_q[|grad(psi_epsilon)|^2],2069843.555925049,2069843.5559234694,7.631123048050534e-13,966187.8127817771,True,True,1511848.5633442595,True,2055812.3809657542,1357.2567461944516,2057169.6377119487,3.3954026841388465e-16,1.3581610736555386e-15,1.0934328112881566e-11,889764.7238886277,True,2095662.765392688,285,True,8.33705243971787e-09,8.335554664614457e-09,2.708604691314279e-05,-1.4210854715202011e-10,500001.00000000006,True,0.13218592670647464,-323.4982192509069,4.2525006682298034e-16,False,False,False,7.647996109029467e-13,1.1335004779528657e-06,0.0005906970331102361,0.0067799835330605955,0.01843695306724345,0.006193658534740629,0.0011226801447373148,True,True,True,True,True,True
223,design_000223,50,12.5,219,117,16.666666666666668,2e-05,-div((q + epsilon * max(q)) grad(psi_epsilon)) = -q h,E_q[|grad(psi_epsilon)|^2],2069843.555925049,2069843.5559234694,7.631123048050534e-13,966187.8127817771,True,True,1511848.5633442595,True,2045690.7809346467,4911.362037490932,2050602.1429721375,2.270851461380075e-16,7.947980114830257e-16,2.374833753019499e-12,99357.77922991598,True,2093618.4877068228,298,True,9.805092341379055e-09,9.807465793429464e-09,0.00024498168721157206,-5.052748343182938e-10,50000.99999999999,True,0.13218592670647464,-323.4982192509069,4.2525006682298034e-16,False,False,False,7.647996109029467e-13,3.699923079631468e-06,0.0006219491049181685,0.011672545889441966,0.022287810934501228,0.006193658534740629,0.0011226801447373148,True,True,True,True,True,True
223,design_000223,50,12.5,511,273,7.142857142857143,2e-07,-div((q + epsilon * max(q)) grad(psi_epsilon)) = -q h,E_q[|grad(psi_epsilon)|^2],2069843.555926632,2069843.5559221625,2.159301857757459e-12,966187.8127825615,True,True,1511848.5633442984,True,2058432.4396843505,488.5500384960825,2058920.9897228465,2.48784396582146e-15,1.5831734327954746e-15,1.106255306484201e-10,8269185.744670799,True,2094668.0057422167,598,True,8.785038959212672e-09,8.787833816947831e-09,3.235142109967068e-06,1.7401046590043263e-10,5000001.0,True,0.13262797215830485,-322.21064179128797,1.09506380143285e-15,False,False,False,7.647996109029467e-13,2.3576415911820433e-07,0.0005858164522165474,0.005513033199831782,0.017298954277494984,0.006193658534740629,0.0011226801447373148,True,True,True,True,True,True
223,design_000223,50,12.5,511,273,7.142857142857143,2e-06,-div((q + epsilon * max(q)) grad(psi_epsilon)) = -q h,E_q[|grad(psi_epsilon)|^2],2069843.555926632,2069843.5559221625,2.159301857757459e-12,966187.8127825615,True,True,1511848.5633442984,True,2055810.0507014378,1358.142450189526,2057168.1931516272,9.054413515782304e-16,9.054413515782311e-16,1.2582201144051479e-11,888850.6937402905,True,2094424.863614771,625,True,9.058790676570395e-09,9.058209306895425e-09,2.8697997811291125e-05,2.3201395453391018e-11,500001.00000000006,True,0.13262797215830485,-322.21064179128797,1.09506380143285e-15,False,False,False,7.647996109029467e-13,1.1335004779528657e-06,0.0005906970331102361,0.0067799835330605955,0.01843695306724345,0.006193658534740629,0.0011226801447373148,True,True,True,True,True,True
223,design_000223,50,12.5,511,273,7.142857142857143,2e-05,-div((q + epsilon * max(q)) grad(psi_epsilon)) = -q h,E_q[|grad(psi_epsilon)|^2],2069843.555926632,2069843.5559221625,2.159301857757459e-12,966187.8127825615,True,True,1511848.5633442984,True,2045683.2120361126,4913.704305911468,2050596.916342024,1.1354286247011757e-16,7.948000372908224e-16,1.4167239534767683e-12,99259.15990538351,True,2092316.3635623534,651,True,9.966050146515313e-09,9.966394799097326e-09,0.0002575426007954664,2.3201395453391018e-11,50000.99999999999,True,0.13262797215830485,-322.21064179128797,1.09506380143285e-15,False,False,False,7.647996109029467e-13,3.699923079631468e-06,0.0006219491049181685,0.011672545889441966,0.022287810934501228,0.006193658534740629,0.0011226801447373148,True,True,True,True,True,True
241,design_000241,50,12.5,219,117,16.666666666666668,2e-07,-div((q + epsilon * max(q)) grad(psi_epsilon)) = -q h,E_q[|grad(psi_epsilon)|^2],2639618.3064332036,2639618.3064287966,1.669566547685998e-12,1911403.366793119,True,True,1286691.2826560624,True,2623364.9849063377,989.5973202207972,2624354.5822265586,7.097536140297966e-16,6.920097736790517e-15,1.633873832148324e-10,13461919.674981616,True,2704120.689812998,273,True,9.368652004985276e-09,9.370769452939243e-09,4.845265089487406e-06,3.4737644859382687e-10,5000001.0,True,0.13249814619677633,-322.855342977164,1.0298305220720103e-15,False,False,False,1.4173498007262905e-11,1.435233313685875e-06,0.0009019137976429431,0.006158877816115578,0.030740312753398915,0.005883630284396764,0.0009861829347380877,True,True,True,True,True,True
241,design_000241,50,12.5,219,117,16.666666666666668,2e-06,-div((q + epsilon * max(q)) grad(psi_epsilon)) = -q h,E_q[|grad(psi_epsilon)|^2],2639618.3064332036,2639618.3064287966,1.669566547685998e-12,1911403.366793119,True,True,1286691.2826560624,True,2619477.048967621,1872.0232303509972,2621349.072197972,7.105673826451311e-16,5.862180906822302e-15,2.0483278833524457e-11,1447120.0959404176,True,2703850.760350246,279,True,9.368234628299957e-09,9.372379232116435e-09,3.7820929206483304e-05,3.4737644859382687e-10,500001.00000000006,True,0.13249814619677633,-322.855342977164,1.0298305220720103e-15,False,False,False,1.4173498007262905e-11,3.5061209691489655e-06,0.0008994249724648768,0.007633846750780324,0.0320797699599874,0.005883630284396764,0.0009861829347380877,True,True,True,True,True,True
241,design_000241,50,12.5,219,117,16.666666666666668,2e-05,-div((q + epsilon * max(q)) grad(psi_epsilon)) = -q h,E_q[|grad(psi_epsilon)|^2],2639618.3064332036,2639618.3064287966,1.669566547685998e-12,1911403.366793119,True,True,1286691.2826560624,True,2607953.192409413,5547.840574608433,2613501.0329840216,1.7817528343429057e-16,1.7817528343429055e-16,2.950462644380989e-12,163645.73324376502,True,2701507.448382196,301,True,7.901762732503388e-09,7.902715320049824e-09,0.0003001577901850598,-1.2631870857957342e-10,50000.99999999999,True,0.13249814619677633,-322.855342977164,1.0298305220720103e-15,False,False,False,1.4173498007262905e-11,1.0299327264826318e-05,0.0008821215001373687,0.012006271540475545,0.03549189697110425,0.005883630284396764,0.0009861829347380877,True,True,True,True,True,True
241,design_000241,50,12.5,511,273,7.142857142857143,2e-07,-div((q + epsilon * max(q)) grad(psi_epsilon)) = -q h,E_q[|grad(psi_epsilon)|^2],2639618.306395791,2639618.3063948057,3.7328854764937064e-13,1911403.3667931547,True,True,1286691.2826560526,True,2623361.2197655174,989.9625101958285,2624351.1822757134,3.0164567675607256e-15,1.7034108805048804e-14,9.959007584600679e-11,13417717.095118824,True,2706561.7752222437,610,True,9.38130632886476e-09,9.378104652594559e-09,4.983769058950337e-06,-2.320139545339103e-11,5000001.0,True,0.13271399181379612,-322.164815744371,1.3512532008663488e-15,False,False,False,1.4173498007262905e-11,1.435233313685875e-06,0.0009019137976429431,0.006158877816115578,0.030740312753398915,0.005883630284396764,0.0009861829347380877,True,True,True,True,True,True
241,design_000241,50,12.5,511,273,7.142857142857143,2e-06,-div((q + epsilon * max(q)) grad(psi_epsilon)) = -q h,E_q[|grad(psi_epsilon)|^2],2639618.306395791,2639618.3063948057,3.7328854764937064e-13,1911403.3667931547,True,True,1286691.2826560526,True,2619467.8647642112,1874.7723715166487,2621342.637135728,0.0,9.237398650967989e-15,1.9762584522717127e-11,1442322.2140135875,True,2706284.860536416,638,True,9.233555605204356e-09,9.233275204873843e-09,3.910415845120281e-05,-1.8561116362712825e-10,500001.00000000006,True,0.13271399181379612,-322.164815744371,1.3512532008663488e-15,False,False,False,1.4173498007262905e-11,3.5061209691489655e-06,0.0008994249724648768,0.007633846750780324,0.0320797699599874,0.005883630284396764,0.0009861829347380877,True,True,True,True,True,True
241,design_000241,50,12.5,511,273,7.142857142857143,2e-05,-div((q + epsilon * max(q)) grad(psi_epsilon)) = -q h,E_q[|grad(psi_epsilon)|^2],2639618.306395791,2639618.3063948057,3.7328854764937064e-13,1911403.3667931547,True,True,1286691.2826560526,True,2607926.332245993,5555.63094000281,2613481.963185996,3.563531670523329e-16,1.7817658352616653e-15,2.685393999338377e-12,163128.79791059485,True,2703892.610187705,671,True,9.728563619024053e-09,9.729153648442552e-09,0.00031113366302040556,9.280558181356412e-11,50000.99999999999,True,0.13271399181379612,-322.164815744371,1.3512532008663488e-15,False,False,False,1.4173498007262905e-11,1.0299327264826318e-05,0.0008821215001373687,0.012006271540475545,0.03549189697110425,0.005883630284396764,0.0009861829347380877,True,True,True,True,True,True
56,design_000056,60,15.0,219,117,16.666666666666668,2e-07,-div((q + epsilon * max(q)) grad(psi_epsilon)) = -q h,E_q[|grad(psi_epsilon)|^2],870624.2662124997,870624.2662124658,3.89109975064369e-14,221067.2995635427,True,True,171518.0777529633,True,863677.9914810819,709.5125112561155,864387.5039923381,1.1717121027507478e-14,8.175048808846504e-14,2.6491137868843784e-10,7286282.922900853,True,907616.3575799682,267,True,9.490948339754069e-09,9.489662502701616e-09,2.8461245477053023e-06,2.9211201359026355e-10,5000001.0,True,0.07344963509347072,-323.23320643877287,1.282356313871772e-15,False,False,False,2.352711344069232e-12,4.407002874019877e-06,0.0014551142084149268,0.0079828707222641,0.04979958385632396,0.012395268457235065,0.0008122455180169157,True,True,True,True,True,True
56,design_000056,60,15.0,219,117,16.666666666666668,2e-06,-div((q + epsilon * max(q)) grad(psi_epsilon)) = -q h,E_q[|grad(psi_epsilon)|^2],870624.2662124997,870624.2662124658,3.89109975064369e-14,221067.2995635427,True,True,171518.0777529633,True,860835.5853236858,1376.8224268399842,862212.4077505257,5.400772282118151e-16,1.8227606452148427e-14,3.131625779543652e-11,918732.582672346,True,907548.3758865233,280,True,9.891139457917594e-09,9.893481423671258e-09,2.7878273041825443e-05,0.0,500001.00000000006,True,0.07344963509347072,-323.23320643877287,1.282356313871772e-15,False,False,False,2.352711344069232e-12,1.113514805547376e-05,0.0014545644151988924,0.011254299705151636,0.05286164818998641,0.012395268457235065,0.0008122455180169157,True,True,True,True,True,True
56,design_000056,60,15.0,219,117,16.666666666666668,2e-05,-div((q + epsilon * max(q)) grad(psi_epsilon)) = -q h,E_q[|grad(psi_epsilon)|^2],870624.2662124997,870624.2662124658,3.89109975064369e-14,221067.2995635427,True,True,171518.0777529633,True,852997.3563344426,3826.4389810343578,856823.795315477,2.717369019474335e-16,9.510791568160166e-16,1.5155174660393654e-12,103029.25698019756,True,906884.5066598902,288,True,9.612698123102074e-09,9.612167511641896e-09,0.00027109383909034986,-5.526443500356338e-11,50000.99999999999,True,0.07344963509347072,-323.23320643877287,1.282356313871772e-15,False,False,False,2.352711344069232e-12,3.3580960471155605e-05,0.0014492163947181992,0.0202791893538373,0.060814724071641006,0.012395268457235065,0.0008122455180169157,True,True,True,True,True,True
56,design_000056,60,15.0,511,273,7.142857142857143,2e-07,-div((q + epsilon * max(q)) grad(psi_epsilon)) = -q h,E_q[|grad(psi_epsilon)|^2],870624.266214548,870624.2662143783,1.949561318359159e-13,221067.2995516163,True,True,171518.0777529769,True,863674.1852496912,709.783115083971,864383.9683647752,2.0202015438896973e-15,4.538719468605314e-14,1.3012967283042392e-10,7256309.140221766,True,908938.967586285,596,True,9.927293311460406e-09,9.930265234593043e-09,2.9363540608665187e-06,3.5962162952756083e-10,5000001.0,True,0.07391238898088213,-322.46815351954285,2.805958897287555e-16,False,False,False,2.352711344069232e-12,4.407002874019877e-06,0.0014551142084149268,0.0079828707222641,0.04979958385632396,0.012395268457235065,0.0008122455180169157,True,True,True,True,True,True
56,design_000056,60,15.0,511,273,7.142857142857143,2e-06,-div((q + epsilon * max(q)) grad(psi_epsilon)) = -q h,E_q[|grad(psi_epsilon)|^2],870624.266214548,870624.2662143783,1.949561318359159e-13,221067.2995516163,True,True,171518.0777529769,True,860825.9997919918,1379.541419658146,862205.5412116499,1.2151834410273408e-15,3.915591087754749e-15,9.75840701906733e-12,914418.0289728002,True,908870.3864086213,622,True,9.988852579202294e-09,9.989400486947639e-09,2.878870677429445e-05,3.016181408940833e-10,500001.00000000006,True,0.07391238898088213,-322.46815351954285,2.805958897287555e-16,False,False,False,2.352711344069232e-12,1.113514805547376e-05,0.0014545644151988924,0.011254299705151636,0.05286164818998641,0.012395268457235065,0.0008122455180169157,True,True,True,True,True,True
56,design_000056,60,15.0,511,273,7.142857142857143,2e-05,-div((q + epsilon * max(q)) grad(psi_epsilon)) = -q h,E_q[|grad(psi_epsilon)|^2],870624.266214548,870624.2662143783,1.949561318359159e-13,221067.2995516163,True,True,171518.0777529769,True,852968.7118639376,3835.994527018724,856804.7063909563,2.717429560285702e-16,1.3587147801428492e-15,2.882652189812327e-12,102544.35728994207,True,908200.6859837121,642,True,9.790517770862315e-09,9.791247633983476e-09,0.00027994442371791635,2.088125590805192e-10,50000.99999999999,True,0.07391238898088213,-322.46815351954285,2.805958897287555e-16,False,False,False,2.352711344069232e-12,3.3580960471155605e-05,0.0014492163947181992,0.0202791893538373,0.060814724071641006,0.012395268457235065,0.0008122455180169157,True,True,True,True,True,True
88,design_000088,60,15.0,219,117,16.666666666666668,2e-07,-div((q + epsilon * max(q)) grad(psi_epsilon)) = -q h,E_q[|grad(psi_epsilon)|^2],1462479.7747527265,1462479.7747524506,1.8865513047965735e-13,212596.65892483044,True,True,547565.1740110994,True,1448760.6493966624,1310.6062175626223,1450071.255614225,1.2524067444747213e-14,1.5783536279726297e-13,3.335031998326981e-10,7835890.189596198,True,1514607.8936860955,259,True,9.805034959270451e-09,9.828126893459433e-09,1.1743100336232467e-05,2.842170943040401e-10,5000001.0,True,0.07344963509347072,-323.1795728784741,1.7929056184387687e-15,False,False,False,1.2274523679307845e-13,1.2251590489766748e-06,0.00047536890945573066,0.009381941928585864,0.04393065324380699,0.0131755341490251,0.001076048551611121,True,True,True,True,True,True
88,design_000088,60,15.0,219,117,16.666666666666668,2e-06,-div((q + epsilon * max(q)) grad(psi_epsilon)) = -q h,E_q[|grad(psi_epsilon)|^2],1462479.7747527265,1462479.7747524506,1.8865513047965735e-13,212596.65892483044,True,True,547565.1740110994,True,1444423.4783660755,2284.5517885659947,1446708.0301546415,8.046911982267144e-16,2.7359500739708215e-15,1.47766018415031e-11,947346.0772155022,True,1514434.5565302656,276,True,9.671118280875166e-09,9.670408775408922e-09,9.077071222160195e-05,9.473903143468002e-11,500001.00000000006,True,0.07344963509347072,-323.1795728784741,1.7929056184387687e-15,False,False,False,1.2274523679307845e-13,4.534926206064365e-06,0.0004744249804578556,0.012350835240622061,0.04668600282927244,0.0131755341490251,0.001076048551611121,True,True,True,True,True,True
88,design_000088,60,15.0,219,117,16.666666666666668,2e-05,-div((q + epsilon * max(q)) grad(psi_epsilon)) = -q h,E_q[|grad(psi_epsilon)|^2],1462479.7747527265,1462479.7747524506,1.8865513047965735e-13,212596.65892483044,True,True,547565.1740110994,True,1429686.025412582,6779.080787953223,1436465.1062005353,3.2417166647327613e-16,5.024660830335756e-15,3.629721636359047e-12,105178.95570637053,True,1512991.9463597992,288,True,9.76655724974411e-09,9.763498388697797e-09,0.0006806162633292397,6.315935428978668e-11,50000.99999999999,True,0.07344963509347072,-323.1795728784741,1.7929056184387687e-15,False,False,False,1.2274523679307845e-13,1.071773919653834e-05,0.00046622289287229717,0.02243386398134671,0.05551106161666922,0.0131755341490251,0.001076048551611121,True,True,True,True,True,True
88,design_000088,60,15.0,511,273,7.142857142857143,2e-07,-div((q + epsilon * max(q)) grad(psi_epsilon)) = -q h,E_q[|grad(psi_epsilon)|^2],1462479.774752906,1462479.7747530227,7.976052351923138e-14,212596.65891237944,True,True,547565.1740111095,True,1448758.874434443,1310.0495525100357,1450068.923986953,1.156069623020847e-14,2.199743588248026e-13,4.4925606816623806e-10,7824112.044561773,True,1515328.233615977,576,True,9.417637021223526e-09,9.379813924290685e-09,1.2025452229759255e-05,-8.236495385953815e-10,5000001.0,True,0.07393389389475495,-322.4475337726201,2.226896266063767e-15,False,False,False,1.2274523679307845e-13,1.2251590489766748e-06,0.00047536890945573066,0.009381941928585864,0.04393065324380699,0.0131755341490251,0.001076048551611121,True,True,True,True,True,True
88,design_000088,60,15.0,511,273,7.142857142857143,2e-06,-div((q + epsilon * max(q)) grad(psi_epsilon)) = -q h,E_q[|grad(psi_epsilon)|^2],1462479.774752906,1462479.7747530227,7.976052351923138e-14,212596.65891237944,True,True,547565.1740111095,True,1444416.9280121909,2287.034706602465,1446703.9627187934,3.2187738425256065e-16,3.2187738425255963e-15,1.9971304082743213e-11,945735.9881079571,True,1515153.3831444546,604,True,9.79783750972815e-09,9.780560694870983e-09,9.284212062673804e-05,1.8561116362712822e-10,500001.00000000006,True,0.07393389389475495,-322.4475337726201,2.226896266063767e-15,False,False,False,1.2274523679307845e-13,4.534926206064365e-06,0.0004744249804578556,0.012350835240622061,0.04668600282927244,0.0131755341490251,0.001076048551611121,True,True,True,True,True,True
88,design_000088,60,15.0,511,273,7.142857142857143,2e-05,-div((q + epsilon * max(q)) grad(psi_epsilon)) = -q h,E_q[|grad(psi_epsilon)|^2],1462479.774752906,1462479.7747530227,7.976052351923138e-14,212596.65891237944,True,True,547565.1740111095,True,1429670.7024106288,6782.337695937706,1436453.0401065664,1.6208719474504822e-16,1.7829591421955275e-15,4.9408260308343995e-12,105002.1454939284,True,1513697.666864979,647,True,9.677864669991347e-09,9.665214659906511e-09,0.000697269274575984,2.9001744316738786e-10,50000.99999999999,True,0.07393389389475495,-322.4475337726201,2.226896266063767e-15,False,False,False,1.2274523679307845e-13,1.071773919653834e-05,0.00046622289287229717,0.02243386398134671,0.05551106161666922,0.0131755341490251,0.001076048551611121,True,True,True,True,True,True
138,design_000138,60,15.0,219,117,16.666666666666668,2e-07,-div((q + epsilon * max(q)) grad(psi_epsilon)) = -q h,E_q[|grad(psi_epsilon)|^2],1210983.8585251516,1210983.8585252345,6.844658461568617e-14,271246.8258266043,True,True,433112.5390135816,True,1202217.9170536047,1442.7210156354022,1203660.6380692401,8.704595492322924e-15,1.7776718349877415e-13,1.220814053500736e-10,10504779.872033864,True,1247560.8725487464,253,True,9.23549321030357e-09,9.235487316784151e-09,5.361316259671016e-06,-2.3684757858670003e-10,5000001.0,True,0.07344963509347072,-323.1285175315322,9.912906668593369e-17,False,False,False,1.3514355147856488e-12,8.578046196666663e-06,0.0004594628194504193,0.007247209852525751,0.03679631101098739,0.012186807316251422,0.0006856772867561208,True,True,True,True,True,True
138,design_000138,60,15.0,219,117,16.666666666666668,2e-06,-div((q + epsilon * max(q)) grad(psi_epsilon)) = -q h,E_q[|grad(psi_epsilon)|^2],1210983.8585251516,1210983.8585252345,6.844658461568617e-14,271246.8258266043,True,True,433112.5390135816,True,1197116.3090821283,2319.1861689297994,1199435.4952510581,0.0,1.9411685294934098e-16,3.000940624331713e-11,1255180.1643876925,True,1247476.6966850632,258,True,9.88615704517544e-09,9.886157709741915e-09,4.067298843226058e-05,2.3684757858670003e-10,500001.00000000006,True,0.07344963509347072,-323.1285175315322,9.912906668593369e-17,False,False,False,1.3514355147856488e-12,1.4929420878579327e-05,0.000458984176620907,0.011466231855092875,0.04082457751062343,0.012186807316251422,0.0006856772867561208,True,True,True,True,True,True
138,design_000138,60,15.0,219,117,16.666666666666668,2e-05,-div((q + epsilon * max(q)) grad(psi_epsilon)) = -q h,E_q[|grad(psi_epsilon)|^2],1210983.8585251516,1210983.8585252345,6.844658461568617e-14,271246.8258266043,True,True,433112.5390135816,True,1187595.7439965818,4501.062729722657,1192096.8067263043,3.9062371837612943e-16,2.148430451068708e-15,1.6143644199681682e-12,138167.0954100469,True,1246711.8607356788,278,True,9.722321647479328e-09,9.72496741496342e-09,0.00030494938156767237,2.8421709430404e-10,50000.99999999999,True,0.07344963509347072,-323.1285175315322,9.912906668593369e-17,False,False,False,1.3514355147856488e-12,3.3018013603881064e-05,0.0004543217535629924,0.019345696818724,0.047881842980422626,0.012186807316251422,0.0006856772867561208,True,True,True,True,True,True
138,design_000138,60,15.0,511,273,7.142857142857143,2e-07,-div((q + epsilon * max(q)) grad(psi_epsilon)) = -q h,E_q[|grad(psi_epsilon)|^2],1210983.858523515,1210983.858523326,1.561197379438654e-13,271246.8258153289,True,True,433112.53901360405,True,1202207.6043727738,1443.807519364563,1203651.4118921384,6.9637297715315814e-15,3.404490110526435e-14,8.788192008141407e-11,10446716.30883108,True,1248134.3438734354,555,True,9.693884955533623e-09,9.693436485783592e-09,5.4682057631354984e-06,1.5080907044704158e-10,5000001.0,True,0.0739769037225006,-322.37899953505746,1.3162175213184772e-15,False,False,False,1.3514355147856488e-12,8.578046196666663e-06,0.0004594628194504193,0.007247209852525751,0.03679631101098739,0.012186807316251422,0.0006856772867561208,True,True,True,True,True,True
138,design_000138,60,15.0,511,273,7.142857142857143,2e-06,-div((q + epsilon * max(q)) grad(psi_epsilon)) = -q h,E_q[|grad(psi_epsilon)|^2],1210983.858523515,1210983.858523326,1.561197379438654e-13,271246.8258153289,True,True,433112.53901360405,True,1197098.4368289094,2322.2231113019207,1199420.6599402113,3.882385078567442e-16,7.764770157134888e-16,1.1603570967199144e-11,1247544.785798482,True,1248049.5316717396,584,True,9.644903255058459e-09,9.64400654301187e-09,4.140703720128402e-05,2.668160477139967e-10,500001.00000000006,True,0.0739769037225006,-322.37899953505746,1.3162175213184772e-15,False,False,False,1.3514355147856488e-12,1.4929420878579327e-05,0.000458984176620907,0.011466231855092875,0.04082457751062343,0.012186807316251422,0.0006856772867561208,True,True,True,True,True,True
138,design_000138,60,15.0,511,273,7.142857142857143,2e-05,-div((q + epsilon * max(q)) grad(psi_epsilon)) = -q h,E_q[|grad(psi_epsilon)|^2],1210983.858523515,1210983.858523326,1.561197379438654e-13,271246.8258153289,True,True,433112.53901360405,True,1187556.5319441506,4511.46767188501,1192067.9996160355,1.9531657902809594e-16,9.765828951404786e-16,1.9118285038730792e-12,137330.0346283666,True,1247278.5265030211,615,True,9.35015851298479e-09,9.351739016358414e-09,0.0003106443535348031,1.972118613538236e-10,50000.99999999999,True,0.0739769037225006,-322.37899953505746,1.3162175213184772e-15,False,False,False,1.3514355147856488e-12,3.3018013603881064e-05,0.0004543217535629924,0.019345696818724,0.047881842980422626,0.012186807316251422,0.0006856772867561208,True,True,True,True,True,True
192,design_000192,60,15.0,219,117,16.666666666666668,2e-07,-div((q + epsilon * max(q)) grad(psi_epsilon)) = -q h,E_q[|grad(psi_epsilon)|^2],449617.01216928655,449617.01216915046,3.026787410891992e-13,246083.07495552022,True,True,230721.6870951067,True,445895.5998495051,418.64860290968784,446314.2484524148,1.8519435304547805e-14,2.7518315839856247e-14,5.218436522345645e-11,9298265.519078597,True,461954.67732347,256,True,9.94901866275443e-09,9.948147595098017e-09,6.54991787940878e-06,7.894919286223337e-11,5000001.0,True,0.0733715802208953,-323.1782726999283,4.064304619614951e-15,False,False,False,3.414262805268689e-12,1.9001785216477123e-06,0.0003984819604918154,0.008278733904187967,0.03514978106610475,0.010407970972685332,0.0008750777323347333,True,True,True,True,True,True
192,design_000192,60,15.0,219,117,16.666666666666668,2e-06,-div((q + epsilon * max(q)) grad(psi_epsilon)) = -q h,E_q[|grad(psi_epsilon)|^2],449617.01216928655,449617.01216915046,3.026787410891992e-13,246083.07495552022,True,True,230721.6870951067,True,444758.97715940885,560.9262599027281,445319.90341931157,1.307097672179707e-16,3.006324646013326e-15,2.6468144663470504e-11,1346893.6280777082,True,461913.0114969035,267,True,9.419692938933797e-09,9.421417299446856e-09,5.037787597042173e-05,7.894919286223337e-11,500001.00000000006,True,0.0733715802208953,-323.1782726999283,4.064304619614951e-15,False,False,False,3.414262805268689e-12,4.112934170429762e-06,0.0003977217692082821,0.010808897671249991,0.03752384706689396,0.010407970972685332,0.0008750777323347333,True,True,True,True,True,True
192,design_000192,60,15.0,219,117,16.666666666666668,2e-05,-div((q + epsilon * max(q)) grad(psi_epsilon)) = -q h,E_q[|grad(psi_epsilon)|^2],449617.01216928655,449617.01216915046,3.026787410891992e-13,246083.07495552022,True,True,230721.6870951067,True,441258.42388139083,1629.0187962610478,442887.4426776519,1.3142766153302944e-16,5.25710646132115e-15,4.114549604875797e-12,155625.01047088648,True,461553.8233176835,282,True,9.655803994504516e-09,9.65472943403132e-09,0.0003764639013707096,5.526443500356336e-11,50000.99999999999,True,0.0733715802208953,-323.1782726999283,4.064304619614951e-15,False,False,False,3.414262805268689e-12,1.0268256616573235e-05,0.0003911352141557196,0.018600540054707924,0.04435565104795837,0.010407970972685332,0.0008750777323347333,True,True,True,True,True,True
192,design_000192,60,15.0,511,273,7.142857142857143,2e-07,-div((q + epsilon * max(q)) grad(psi_epsilon)) = -q h,E_q[|grad(psi_epsilon)|^2],449617.01217082166,449617.012171077,5.679433862929978e-13,246083.0749417066,True,True,230721.68709512503,True,445894.7525682634,418.5756194844776,446313.32818774786,1.2259369775227055e-14,5.608009578029466e-14,1.1511864713954558e-10,9282131.06173452,True,462138.8313109902,560,True,8.752866811308275e-09,8.754455975956085e-09,6.693998722858286e-06,1.508090704470417e-10,5000001.0,True,0.07389805237163359,-322.4704375958163,5.713878268136991e-16,False,False,False,3.414262805268689e-12,1.9001785216477123e-06,0.0003984819604918154,0.008278733904187967,0.03514978106610475,0.010407970972685332,0.0008750777323347333,True,True,True,True,True,True
192,design_000192,60,15.0,511,273,7.142857142857143,2e-06,-div((q + epsilon * max(q)) grad(psi_epsilon)) = -q h,E_q[|grad(psi_epsilon)|^2],449617.01217082166,449617.012171077,5.679433862929978e-13,246083.0749417066,True,True,230721.68709512503,True,444757.1478950141,561.5217740153485,445318.6696690294,1.0456810347830878e-15,1.4378114228267265e-14,3.2305889565636664e-11,1344191.1821003645,True,462096.7974527319,605,True,9.87069783480275e-09,9.871546596854823e-09,5.1440670455604286e-05,1.9721186135382376e-10,500001.00000000006,True,0.07389805237163359,-322.4704375958163,5.713878268136991e-16,False,False,False,3.414262805268689e-12,4.112934170429762e-06,0.0003977217692082821,0.010808897671249991,0.03752384706689396,0.010407970972685332,0.0008750777323347333,True,True,True,True,True,True
192,design_000192,60,15.0,511,273,7.142857142857143,2e-05,-div((q + epsilon * max(q)) grad(psi_epsilon)) = -q h,E_q[|grad(psi_epsilon)|^2],449617.01217082166,449617.012171077,5.679433862929978e-13,246083.0749417066,True,True,230721.68709512503,True,441253.8929266602,1629.9674366626612,442883.86036332283,1.3142872459998057e-16,2.4971457673996308e-15,4.22402451297869e-12,155302.80431676836,True,461734.42391046276,631,True,9.936004627608698e-09,9.94094972220094e-09,0.00038546746467557586,1.392083727203462e-10,50000.99999999999,True,0.07389805237163359,-322.4704375958163,5.713878268136991e-16,False,False,False,3.414262805268689e-12,1.0268256616573235e-05,0.0003911352141557196,0.018600540054707924,0.04435565104795837,0.010407970972685332,0.0008750777323347333,True,True,True,True,True,True
223,design_000223,60,15.0,219,117,16.666666666666668,2e-07,-div((q + epsilon * max(q)) grad(psi_epsilon)) = -q h,E_q[|grad(psi_epsilon)|^2],1046631.7553331682,1046631.7553332575,8.531229000674458e-14,230890.49675305677,True,True,791307.9095529467,True,1041952.794244851,325.86557839724435,1042278.6598232483,3.6858718962358095e-15,1.2286239654119397e-15,7.849371734317751e-11,9614140.584007537,True,1060919.689063046,251,True,8.734861650985316e-09,8.7387795692871e-09,2.907100299204061e-06,-2.1316282072803e-10,5000001.0,True,0.07344963509347072,-323.2454733905019,6.426532832839871e-16,False,False,False,2.7050780873059245e-13,2.2107196809930077e-07,0.00043676324297074943,0.004470714185109414,0.01744886057146001,0.0036059332885435688,0.000914071540160834,True,True,True,True,True,True
223,design_000223,60,15.0,219,117,16.666666666666668,2e-06,-div((q + epsilon * max(q)) grad(psi_epsilon)) = -q h,E_q[|grad(psi_epsilon)|^2],1046631.7553331682,1046631.7553332575,8.531229000674458e-14,230890.49675305677,True,True,791307.9095529467,True,1041397.982946015,319.84840076815243,1041717.8313467831,6.705193190929302e-16,2.7938304962205423e-15,2.224609622539986e-11,1151209.9103361683,True,1060818.1286967706,268,True,9.281903392542948e-09,9.27671028032767e-09,1.9933180665747425e-05,-3.0000693287648667e-10,500001.00000000006,True,0.07344963509347072,-323.2454733905019,6.426532832839871e-16,False,False,False,2.7050780873059245e-13,1.0481848599836386e-06,0.0004384756618069406,0.0050016292152032975,0.017877154732231327,0.0036059332885435688,0.000914071540160834,True,True,True,True,True,True
223,design_000223,60,15.0,219,117,16.666666666666668,2e-05,-div((q + epsilon * max(q)) grad(psi_epsilon)) = -q h,E_q[|grad(psi_epsilon)|^2],1046631.7553331682,1046631.7553332575,8.531229000674458e-14,230890.49675305677,True,True,791307.9095529467,True,1038200.9291443314,1636.9323644286171,1039837.86150876,5.597763177137116e-16,2.3510605343975886e-15,1.437443752800404e-12,126228.8410090847,True,1059964.7341896426,284,True,8.339152874012247e-09,8.3388319697135e-09,0.00016007957729778592,-5.526443500356333e-11,50000.99999999999,True,0.07344963509347072,-323.2454733905019,6.426532832839871e-16,False,False,False,2.7050780873059245e-13,5.371485540912693e-06,0.0004507214016569762,0.008060526376549332,0.02009617223176419,0.0036059332885435688,0.000914071540160834,True,True,True,True,True,True
223,design_000223,60,15.0,511,273,7.142857142857143,2e-07,-div((q + epsilon * max(q)) grad(psi_epsilon)) = -q h,E_q[|grad(psi_epsilon)|^2],1046631.7553334513,1046631.7553334356,1.5015852869502458e-14,230890.49674956367,True,True,791307.909552946,True,1041952.5638982961,325.4304250433519,1042277.9943233394,2.233863181626763e-15,2.0551541270965796e-14,1.1641430334911189e-10,9597401.41452576,True,1060456.3183391192,565,True,9.969504689962944e-09,9.97024671920878e-09,2.957283660808647e-06,8.120488408686861e-11,5000001.0,True,0.07403425015949477,-322.4031137719033,1.3708993195601828e-15,False,False,False,2.7050780873059245e-13,2.2107196809930077e-07,0.00043676324297074943,0.004470714185109414,0.01744886057146001,0.0036059332885435688,0.000914071540160834,True,True,True,True,True,True
223,design_000223,60,15.0,511,273,7.142857142857143,2e-06,-div((q + epsilon * max(q)) grad(psi_epsilon)) = -q h,E_q[|grad(psi_epsilon)|^2],1046631.7553334513,1046631.7553334356,1.5015852869502458e-14,230890.49674956367,True,True,791307.909552946,True,1041396.891368416,320.2855930810093,1041717.176961497,3.3525987014968155e-16,0.0,9.74902509458687e-12,1148950.3513995614,True,1060352.9857657335,604,True,9.900362258148425e-09,9.896194322142678e-09,2.0368049620165868e-05,-4.756286067945162e-10,500001.00000000006,True,0.07403425015949477,-322.4031137719033,1.3708993195601828e-15,False,False,False,2.7050780873059245e-13,1.0481848599836386e-06,0.0004384756618069406,0.0050016292152032975,0.017877154732231327,0.0036059332885435688,0.000914071540160834,True,True,True,True,True,True
223,design_000223,60,15.0,511,273,7.142857142857143,2e-05,-div((q + epsilon * max(q)) grad(psi_epsilon)) = -q h,E_q[|grad(psi_epsilon)|^2],1046631.7553334513,1046631.7553334356,1.5015852869502458e-14,230890.49674956367,True,True,791307.909552946,True,1038195.3524630519,1639.1586493289633,1039834.5111123809,1.1195562426794e-16,1.3434674912152785e-15,2.4814166968329276e-12,125984.87449275653,True,1059486.9853989417,630,True,9.893939842972236e-09,9.88835428301051e-09,0.00016381295669264025,4.640279090678206e-11,50000.99999999999,True,0.07403425015949477,-322.4031137719033,1.3708993195601828e-15,False,False,False,2.7050780873059245e-13,5.371485540912693e-06,0.0004507214016569762,0.008060526376549332,0.02009617223176419,0.0036059332885435688,0.000914071540160834,True,True,True,True,True,True
241,design_000241,60,15.0,219,117,16.666666666666668,2e-07,-div((q + epsilon * max(q)) grad(psi_epsilon)) = -q h,E_q[|grad(psi_epsilon)|^2],1042113.3017239991,1042113.3017240259,2.569348647205517e-14,353660.357636421,True,True,444634.3946368991,True,1037540.5051045159,533.2217079234869,1038073.7268124394,3.4765112375173553e-15,9.868806093597591e-15,8.803917527852401e-11,11370862.306001287,True,1055061.7741451038,259,True,9.274963415387694e-09,9.273330961845157e-09,4.052191958024281e-06,-1.2631870857957347e-10,5000001.0,True,0.07344963509347072,-323.10234401372446,1.5824660788745611e-15,False,False,False,8.475499211455983e-13,1.8608953808418044e-06,0.0001687409355924705,0.004389856040959332,0.0167746339203796,0.002870297455881185,0.0008351199614562455,True,True,True,True,True,True
241,design_000241,60,15.0,219,117,16.666666666666668,2e-06,-div((q + epsilon * max(q)) grad(psi_epsilon)) = -q h,E_q[|grad(psi_epsilon)|^2],1042113.3017239991,1042113.3017240259,2.569348647205517e-14,353660.357636421,True,True,444634.3946368991,True,1036451.0314466984,522.7790858503073,1036973.8105325487,3.3679342904662695e-16,8.981158107910047e-16,1.2068621385849939e-11,1402849.1684931647,True,1054972.6637219565,272,True,8.49640083714279e-09,8.497121447284123e-09,2.7756262355583255e-05,9.47390314346801e-11,500001.00000000006,True,0.07344963509347072,-323.10234401372446,1.5824660788745611e-15,False,False,False,8.475499211455983e-13,3.109096246635799e-06,0.00016743008640136213,0.005436541970111495,0.017724049058784688,0.002870297455881185,0.0008351199614562455,True,True,True,True,True,True
241,design_000241,60,15.0,219,117,16.666666666666668,2e-05,-div((q + epsilon * max(q)) grad(psi_epsilon)) = -q h,E_q[|grad(psi_epsilon)|^2],1042113.3017239991,1042113.3017240259,2.569348647205517e-14,353660.357636421,True,True,444634.3946368991,True,1034567.5806803878,897.0632964172861,1035464.643976805,4.497123972474045e-16,6.7456859587110635e-16,1.4680938564978148e-12,154036.51989799866,True,1054193.1781233172,292,True,9.405990155738985e-09,9.409942262159542e-09,0.0002009506954477135,1.5789838572446681e-10,50000.99999999999,True,0.07344963509347072,-323.10234401372446,1.5824660788745611e-15,False,False,False,8.475499211455983e-13,6.815079722996725e-06,0.00015687862749738798,0.007247553304214467,0.018777344561005573,0.002870297455881185,0.0008351199614562455,True,True,True,True,True,True
241,design_000241,60,15.0,511,273,7.142857142857143,2e-07,-div((q + epsilon * max(q)) grad(psi_epsilon)) = -q h,E_q[|grad(psi_epsilon)|^2],1042113.3017231158,1042113.3017230572,5.630224861707441e-14,353660.3576223577,True,True,444634.39463691117,True,1037538.5743501825,532.3365262622383,1038070.9108764448,6.728749680230141e-16,9.980978692341376e-15,2.1258326119197936e-10,11321314.464509986,True,1055239.8363023559,594,True,9.980107314490477e-09,9.966319077293975e-09,4.1189620614608725e-06,-1.1600697726695509e-11,5000001.0,True,0.07406292337799188,-322.3253807193295,3.618229271665632e-16,False,False,False,8.475499211455983e-13,1.8608953808418044e-06,0.0001687409355924705,0.004389856040959332,0.0167746339203796,0.002870297455881185,0.0008351199614562455,True,True,True,True,True,True
241,design_000241,60,15.0,511,273,7.142857142857143,2e-06,-div((q + epsilon * max(q)) grad(psi_epsilon)) = -q h,E_q[|grad(psi_epsilon)|^2],1042113.3017231158,1042113.3017230572,5.630224861707441e-14,353660.3576223577,True,True,444634.39463691117,True,1036447.8090206867,523.2371976193394,1036971.0462183061,4.490591024753711e-16,3.8170023710406415e-15,1.045530322117067e-11,1395762.6851366933,True,1055149.3274650204,623,True,9.645280441925404e-09,9.634557817112583e-09,2.8324121520737875e-05,4.6402790906782036e-11,500001.00000000006,True,0.07406292337799188,-322.3253807193295,3.618229271665632e-16,False,False,False,8.475499211455983e-13,3.109096246635799e-06,0.00016743008640136213,0.005436541970111495,0.017724049058784688,0.002870297455881185,0.0008351199614562455,True,True,True,True,True,True
241,design_000241,60,15.0,511,273,7.142857142857143,2e-05,-div((q + epsilon * max(q)) grad(psi_epsilon)) = -q h,E_q[|grad(psi_epsilon)|^2],1042113.3017231158,1042113.3017230572,5.630224861707441e-14,353660.3576223577,True,True,444634.39463691117,True,1034560.5300198466,899.3662525766096,1035459.8962724232,2.248572296155961e-16,2.2485722961559563e-15,2.8473544675836458e-12,153264.8588327398,True,1054358.584450936,652,True,9.962985238876782e-09,9.961019713171091e-09,0.00020587250935860606,4.6402790906782033e-10,50000.99999999999,True,0.07406292337799188,-322.3253807193295,3.618229271665632e-16,False,False,False,8.475499211455983e-13,6.815079722996725e-06,0.00015687862749738798,0.007247553304214467,0.018777344561005573,0.002870297455881185,0.0008351199614562455,True,True,True,True,True,True
56,design_000056,90,22.5,219,117,16.666666666666668,2e-07,-div((q + epsilon * max(q)) grad(psi_epsilon)) = -q h,E_q[|grad(psi_epsilon)|^2],648932.3536866945,648932.353686697,3.7672983084858444e-15,5755.813300492994,True,True,114168.0093797635,True,648671.6643445735,50.566726507323864,648722.2310710808,3.589065280982459e-16,3.05070548883509e-15,1.9609694173922988e-11,3515788.7908592806,True,666634.8515845909,257,True,9.604981633526793e-09,9.605821100060587e-09,4.0052935614235955e-06,6.315935428978668e-11,5000001.0,True,0.015259727588494712,-323.5324193719363,3.6354750456469564e-15,False,False,False,2.4073455396362026e-08,7.274902236983967e-07,0.0006308702829228699,0.0004024716269553223,0.02756064504779367,0.002370942378800461,0.0007788876528403626,True,True,True,True,True,True
56,design_000056,90,22.5,219,117,16.666666666666668,2e-06,-div((q + epsilon * max(q)) grad(psi_epsilon)) = -q h,E_q[|grad(psi_epsilon)|^2],648932.3536866945,648932.353686697,3.7672983084858444e-15,5755.813300492994,True,True,114168.0093797635,True,648347.8046497117,162.61184412663084,648510.4164938383,3.590237530997033e-16,7.180475061994063e-16,7.229061102514905e-12,514393.1669081906,True,666587.4118581864,261,True,9.946557079589792e-09,9.902666986061764e-09,3.8012018356909744e-05,1.578983857244667e-11,500001.00000000006,True,0.015259727588494712,-323.5324193719363,3.6354750456469564e-15,False,False,False,2.4073455396362026e-08,2.9496235631461836e-06,0.0006301294314297367,0.0009037567992080701,0.027978418264622988,0.002370942378800461,0.0007788876528403626,True,True,True,True,True,True
56,design_000056,90,22.5,219,117,16.666666666666668,2e-05,-div((q + epsilon * max(q)) grad(psi_epsilon)) = -q h,E_q[|grad(psi_epsilon)|^2],648932.3536866945,648932.353686697,3.7672983084858444e-15,5755.813300492994,True,True,114168.0093797635,True,647140.6369609528,604.9089809732708,647745.5459419261,1.7972384766868325e-16,1.0783430860120986e-15,1.0885270048445788e-12,72744.71183229146,True,666120.8420648754,265,True,9.271078414183081e-09,9.304295590112791e-09,0.0003491355763851281,1.7368822429691338e-10,50000.99999999999,True,0.015259727588494712,-323.5324193719363,3.6354750456469564e-15,False,False,False,2.4073455396362026e-08,1.1445021868318903e-05,0.0006230325453819372,0.0027724597687191705,0.029110028514206424,0.002370942378800461,0.0007788876528403626,True,True,True,True,True,True
56,design_000056,90,22.5,511,273,7.142857142857143,2e-07,-div((q + epsilon * max(q)) grad(psi_epsilon)) = -q h,E_q[|grad(psi_epsilon)|^2],648932.369308739,648932.3693087392,3.587903064565685e-16,5755.80652936553,True,True,114168.00932791413,True,648671.1924422793,50.670114689447345,648721.8625569687,1.973987025886344e-15,3.768520685783014e-15,4.905266701621488e-11,3493598.1954588,True,667055.677188384,524,True,9.91105883600848e-09,1.0174743822255861e-08,4.179475311060282e-06,1.9837193112649327e-09,5000001.0,True,0.015010429883228317,-323.05372916983345,5.584541347093296e-16,False,False,False,2.4073455396362026e-08,7.274902236983967e-07,0.0006308702829228699,0.0004024716269553223,0.02756064504779367,0.002370942378800461,0.0007788876528403626,True,True,True,True,True,True
56,design_000056,90,22.5,511,273,7.142857142857143,2e-06,-div((q + epsilon * max(q)) grad(psi_epsilon)) = -q h,E_q[|grad(psi_epsilon)|^2],648932.369308739,648932.3693087392,3.587903064565685e-16,5755.80652936553,True,True,114168.00932791413,True,648345.89226775,163.30317446171046,648509.1954422117,1.7951221454547363e-16,3.949268720000405e-15,2.51901797843987e-11,511181.32005874254,True,667007.7130491693,545,True,9.221954599360909e-09,9.255366367056394e-09,3.9555988074202084e-05,5.220313977012981e-10,500001.00000000006,True,0.015010429883228317,-323.05372916983345,5.584541347093296e-16,False,False,False,2.4073455396362026e-08,2.9496235631461836e-06,0.0006301294314297367,0.0009037567992080701,0.027978418264622988,0.002370942378800461,0.0007788876528403626,True,True,True,True,True,True
56,design_000056,90,22.5,511,273,7.142857142857143,2e-05,-div((q + epsilon * max(q)) grad(psi_epsilon)) = -q h,E_q[|grad(psi_epsilon)|^2],648932.369308739,648932.3693087392,3.587903064565685e-16,5755.80652936553,True,True,114168.00932791413,True,647133.2304222109,607.7345756533578,647740.9649978642,3.5945023741803524e-16,1.7972511870901737e-15,1.0299527734175026e-12,72263.90366864442,True,666536.1157576649,575,True,9.833988937577446e-09,9.853334016602902e-09,0.0003616439511956436,5.800348863347757e-11,50000.99999999999,True,0.015010429883228317,-323.05372916983345,5.584541347093296e-16,False,False,False,2.4073455396362026e-08,1.1445021868318903e-05,0.0006230325453819372,0.0027724597687191705,0.029110028514206424,0.002370942378800461,0.0007788876528403626,True,True,True,True,True,True
88,design_000088,90,22.5,219,117,16.666666666666668,2e-07,-div((q + epsilon * max(q)) grad(psi_epsilon)) = -q h,E_q[|grad(psi_epsilon)|^2],938178.0905728149,938178.0905728195,4.8393770829569985e-15,5824.508585404722,True,True,322677.67170405993,True,937732.4679638911,205.74130616651996,937938.2092700576,1.6135382574167039e-15,9.308874562019359e-15,1.1806555533747096e-10,3870047.1168553354,True,952752.3765959591,245,True,9.76131772059118e-09,9.759644418235523e-09,5.351650604966218e-06,1.9737298215558333e-10,5000001.0,True,0.015259727588494712,-323.66225722922326,3.851864233480213e-15,False,False,False,7.470926300290323e-09,2.550301432899095e-07,5.6301737227535396e-05,0.0004752496025841236,0.015820421030597127,0.008313566339664586,0.0005292100334918544,True,True,True,True,True,True
88,design_000088,90,22.5,219,117,16.666666666666668,2e-06,-div((q + epsilon * max(q)) grad(psi_epsilon)) = -q h,E_q[|grad(psi_epsilon)|^2],938178.0905728149,938178.0905728195,4.8393770829569985e-15,5824.508585404722,True,True,322677.67170405993,True,935964.6851276009,874.9501980108089,936839.6353256117,2.1124858475592116e-15,9.444054377323465e-15,1.2541091374132306e-11,550497.4397448585,True,952704.1729929763,256,True,7.897153252596331e-09,7.894356993415036e-09,2.9755146108224785e-05,4.736951571734e-11,500001.00000000006,True,0.015259727588494712,-323.66225722922326,3.851864233480213e-15,False,False,False,7.470926300290323e-09,1.0014996248938808e-06,5.619981757200315e-05,0.0023602659540463843,0.017626695359985907,0.008313566339664586,0.0005292100334918544,True,True,True,True,True,True
88,design_000088,90,22.5,219,117,16.666666666666668,2e-05,-div((q + epsilon * max(q)) grad(psi_epsilon)) = -q h,E_q[|grad(psi_epsilon)|^2],938178.0905728149,938178.0905728195,4.8393770829569985e-15,5824.508585404722,True,True,322677.67170405993,True,929939.0622907357,2871.4127794128917,932810.4750701486,1.248006159216643e-16,4.867224020944884e-15,1.2936197059769142e-12,76347.89239111997,True,952249.0879123436,263,True,9.721467377613594e-09,9.71920514550115e-09,0.0001704070773872036,1.5789838572446667e-11,50000.99999999999,True,0.015259727588494712,-323.66225722922326,3.851864233480213e-15,False,False,False,7.470926300290323e-09,2.9384398252191453e-06,5.533835195925917e-05,0.008784864923149727,0.023485682075608375,0.008313566339664586,0.0005292100334918544,True,True,True,True,True,True
88,design_000088,90,22.5,511,273,7.142857142857143,2e-07,-div((q + epsilon * max(q)) grad(psi_epsilon)) = -q h,E_q[|grad(psi_epsilon)|^2],938178.0975818743,938178.0975818764,2.2335586369857146e-15,5824.5017387720545,True,True,322677.67163579713,True,937732.2288138454,205.84762078438962,937938.0764346299,0.0,3.438078158490074e-14,6.724989792294243e-11,3867835.376046641,True,952806.0212301952,535,True,9.246249885654426e-09,9.246604622621815e-09,5.655357758764645e-06,4.582275602044732e-10,5000001.0,True,0.015017598187852591,-323.0728552414563,3.557950899403695e-15,False,False,False,7.470926300290323e-09,2.550301432899095e-07,5.6301737227535396e-05,0.0004752496025841236,0.015820421030597127,0.008313566339664586,0.0005292100334918544,True,True,True,True,True,True
88,design_000088,90,22.5,511,273,7.142857142857143,2e-06,-div((q + epsilon * max(q)) grad(psi_epsilon)) = -q h,E_q[|grad(psi_epsilon)|^2],938178.0975818743,938178.0975818764,2.2335586369857146e-15,5824.5017387720545,True,True,322677.67163579713,True,935963.7477593198,875.2987341327682,936839.0464934526,2.858070884258565e-15,2.298883102555756e-14,1.940436152013087e-11,550181.0573272237,True,952757.7178029071,552,True,9.616924534387974e-09,9.626987607267212e-09,3.070929885162672e-05,4.582275602044732e-10,500001.00000000006,True,0.015017598187852591,-323.0728552414563,3.557950899403695e-15,False,False,False,7.470926300290323e-09,1.0014996248938808e-06,5.619981757200315e-05,0.0023602659540463843,0.017626695359985907,0.008313566339664586,0.0005292100334918544,True,True,True,True,True,True
88,design_000088,90,22.5,511,273,7.142857142857143,2e-05,-div((q + epsilon * max(q)) grad(psi_epsilon)) = -q h,E_q[|grad(psi_epsilon)|^2],938178.0975818743,938178.0975818764,2.2335586369857146e-15,5824.5017387720545,True,True,322677.67163579713,True,929936.32972076,2872.1962068249372,932808.525927585,4.992035067911559e-16,2.496017533955779e-16,1.5696645619415146e-12,76302.36193960343,True,952301.7867237887,572,True,9.906501744535312e-09,9.905306988236036e-09,0.00017429174602137705,4.582275602044732e-10,50000.99999999999,True,0.015017598187852591,-323.0728552414563,3.557950899403695e-15,False,False,False,7.470926300290323e-09,2.9384398252191453e-06,5.533835195925917e-05,0.008784864923149727,0.023485682075608375,0.008313566339664586,0.0005292100334918544,True,True,True,True,True,True
138,design_000138,90,22.5,219,117,16.666666666666668,2e-07,-div((q + epsilon * max(q)) grad(psi_epsilon)) = -q h,E_q[|grad(psi_epsilon)|^2],564669.5655230493,564669.5655230556,1.1132931120223094e-14,6106.66004178566,True,True,128964.88125775283,True,564063.4734411696,181.88834560200584,564245.3617867716,0.0,4.1264077548918566e-16,4.8912267528001475e-11,3856221.6726487395,True,587867.2941698701,249,True,8.807675051558832e-09,8.819408782046405e-09,4.2297185834623585e-06,9.868649107779166e-10,5000001.0,True,0.015259727588494712,-323.5631511970747,1.4314076280479883e-15,False,False,False,1.105739529729886e-08,3.5179627108808135e-07,0.0005995826508254487,0.001073016717125636,0.04106679402689512,0.009743630457013366,0.0007390489610285498,True,True,True,True,True,True
138,design_000138,90,22.5,219,117,16.666666666666668,2e-06,-div((q + epsilon * max(q)) grad(psi_epsilon)) = -q h,E_q[|grad(psi_epsilon)|^2],564669.5655230493,564669.5655230556,1.1132931120223094e-14,6106.66004178566,True,True,128964.88125775283,True,563034.8022646006,504.6663231098584,563539.4685877105,2.0657882600252276e-16,6.19736478007568e-16,4.7394172760999265e-12,572080.7338676152,True,587827.0313710237,261,True,8.448732010553047e-09,8.44667555060394e-09,3.8262194554838406e-05,3.9474596431116665e-11,500001.00000000006,True,0.015259727588494712,-323.5631511970747,1.4314076280479883e-15,False,False,False,1.105739529729886e-08,1.059132360971612e-06,0.0005993388730653736,0.0028940344139654637,0.042749108900438,0.009743630457013366,0.0007390489610285498,True,True,True,True,True,True
138,design_000138,90,22.5,219,117,16.666666666666668,2e-05,-div((q + epsilon * max(q)) grad(psi_epsilon)) = -q h,E_q[|grad(psi_epsilon)|^2],564669.5655230493,564669.5655230556,1.1132931120223094e-14,6106.66004178566,True,True,128964.88125775283,True,558565.0650792185,2249.7649765187616,560814.8300557373,1.0379122982122703e-15,1.2454947578547243e-15,1.5525109692722615e-12,75187.47494768866,True,587434.0972937993,263,True,8.621163214925396e-09,8.62191422562342e-09,0.0003260506434129545,1.1842378929335001e-10,50000.99999999999,True,0.015259727588494712,-323.5631511970747,1.4314076280479883e-15,False,False,False,1.105739529729886e-08,4.616852557454033e-06,0.0005974290804655668,0.010806192095773132,0.04970797248324616,0.009743630457013366,0.0007390489610285498,True,True,True,True,True,True
138,design_000138,90,22.5,511,273,7.142857142857143,2e-07,-div((q + epsilon * max(q)) grad(psi_epsilon)) = -q h,E_q[|grad(psi_epsilon)|^2],564669.571766824,564669.5717668195,8.04045016458811e-15,6106.652877111428,True,True,128964.88128029385,True,564063.671876666,181.82961372071276,564245.5014903868,3.09480504991455e-15,2.6615323429265213e-14,4.7742090494518645e-11,3858530.483970141,True,588219.9806651458,528,True,9.43202417333612e-09,9.540227443321753e-09,4.443887512853263e-06,5.568334908813845e-10,5000001.0,True,0.015017598187852591,-322.97375476781184,1.5720409756713114e-15,False,False,False,1.105739529729886e-08,3.5179627108808135e-07,0.0005995826508254487,0.001073016717125636,0.04106679402689512,0.009743630457013366,0.0007390489610285498,True,True,True,True,True,True
138,design_000138,90,22.5,511,273,7.142857142857143,2e-06,-div((q + epsilon * max(q)) grad(psi_epsilon)) = -q h,E_q[|grad(psi_epsilon)|^2],564669.571766824,564669.5717668195,8.04045016458811e-15,6106.652877111428,True,True,128964.88128029385,True,563035.3985936117,504.4465676502501,563539.845161262,1.0328934398030134e-15,1.4253929469281398e-14,2.560257091152128e-11,572437.6764963701,True,588179.5502398246,537,True,9.492139563095097e-09,9.460773105198896e-09,3.964079638515206e-05,2.9001744316738775e-10,500001.00000000006,True,0.015017598187852591,-322.97375476781184,1.5720409756713114e-15,False,False,False,1.105739529729886e-08,1.059132360971612e-06,0.0005993388730653736,0.0028940344139654637,0.042749108900438,0.009743630457013366,0.0007390489610285498,True,True,True,True,True,True
138,design_000138,90,22.5,511,273,7.142857142857143,2e-05,-div((q + epsilon * max(q)) grad(psi_epsilon)) = -q h,E_q[|grad(psi_epsilon)|^2],564669.571766824,564669.5717668195,8.04045016458811e-15,6106.652877111428,True,True,128964.88128029385,True,558567.6439036737,2248.838425772423,560816.4823294461,6.227455441932667e-16,4.359218809352867e-15,1.3839762558249869e-12,75236.97478532615,True,587785.257299579,578,True,9.942474920942979e-09,9.945733360535787e-09,0.0003354232950520054,3.2481953634747424e-10,50000.99999999999,True,0.015017598187852591,-322.97375476781184,1.5720409756713114e-15,False,False,False,1.105739529729886e-08,4.616852557454033e-06,0.0005974290804655668,0.010806192095773132,0.04970797248324616,0.009743630457013366,0.0007390489610285498,True,True,True,True,True,True
192,design_000192,90,22.5,219,117,16.666666666666668,2e-07,-div((q + epsilon * max(q)) grad(psi_epsilon)) = -q h,E_q[|grad(psi_epsilon)|^2],492266.4966777824,492266.4966777847,4.72976822971298e-15,6597.539237161552,True,True,99531.68210777514,True,491920.8430846238,109.39995673007977,492030.2430413539,1.4196117837067618e-15,3.1941265133402184e-15,6.458093766564886e-11,4380910.711454608,True,510741.33881638804,245,True,9.226968291712896e-09,9.209234467507793e-09,3.592141818518358e-06,1.2631870857957342e-10,5000001.0,True,0.015259727588494712,-323.5590076744984,1.8090805750060372e-15,False,False,False,7.255075861283548e-09,1.784858205621116e-07,0.0004025842684324006,0.000702353227996785,0.03723728949398669,0.006756282504413281,0.000824496505951268,True,True,True,True,True,True
192,design_000192,90,22.5,219,117,16.666666666666668,2e-06,-div((q + epsilon * max(q)) grad(psi_epsilon)) = -q h,E_q[|grad(psi_epsilon)|^2],492266.4966777824,492266.4966777847,4.72976822971298e-15,6597.539237161552,True,True,99531.68210777514,True,490866.5418076738,528.028851749934,491394.57065942377,5.922700858838955e-16,4.382798635540829e-15,8.102780838963108e-12,628035.011871458,True,510702.5792353837,253,True,9.023870860858616e-09,9.014005803333085e-09,3.407107795788652e-05,7.184376550463237e-10,500001.00000000006,True,0.015259727588494712,-323.5590076744984,1.8090805750060372e-15,False,False,False,7.255075861283548e-09,8.092584150647138e-07,0.00040224379038076945,0.0028447104946407458,0.039228081742107734,0.006756282504413281,0.000824496505951268,True,True,True,True,True,True
192,design_000192,90,22.5,219,117,16.666666666666668,2e-05,-div((q + epsilon * max(q)) grad(psi_epsilon)) = -q h,E_q[|grad(psi_epsilon)|^2],492266.4966777824,492266.4966777847,4.72976822971298e-15,6597.539237161552,True,True,99531.68210777514,True,488597.75290368753,976.3038131503097,489574.05671683786,3.566834891363564e-16,3.329045898605983e-15,3.15212298398863e-12,84187.5372379904,True,510322.0187984625,261,True,9.702937261417726e-09,9.70577347309445e-09,0.00031545119443378674,7.105427357601004e-11,50000.99999999999,True,0.015259727588494712,-323.5590076744984,1.8090805750060372e-15,False,False,False,7.255075861283548e-09,1.1322451587097046e-06,0.00039908898670665044,0.007453890435583832,0.042952904364497696,0.006756282504413281,0.000824496505951268,True,True,True,True,True,True
192,design_000192,90,22.5,511,273,7.142857142857143,2e-07,-div((q + epsilon * max(q)) grad(psi_epsilon)) = -q h,E_q[|grad(psi_epsilon)|^2],492266.5002492132,492266.5002492126,1.1824420488495438e-15,6597.531149099014,True,True,99531.68196862536,True,491920.7552837285,109.4368799017272,492030.1921636302,3.430728832041222e-15,1.7981751119664074e-14,2.6965103249735926e-11,4379081.7874945,True,510947.0380559115,526,True,9.419088455288583e-09,9.41650545275894e-09,3.7170925403771846e-06,2.9001744316738806e-10,5000001.0,True,0.015010429883228317,-322.96960508531254,3.1877655131667986e-15,False,False,False,7.255075861283548e-09,1.784858205621116e-07,0.0004025842684324006,0.000702353227996785,0.03723728949398669,0.006756282504413281,0.000824496505951268,True,True,True,True,True,True
192,design_000192,90,22.5,511,273,7.142857142857143,2e-06,-div((q + epsilon * max(q)) grad(psi_epsilon)) = -q h,E_q[|grad(psi_epsilon)|^2],492266.5002492132,492266.5002492126,1.1824420488495438e-15,6597.531149099014,True,True,99531.68196862536,True,490866.1445697942,528.1673430024931,491394.3119127967,2.369081590989071e-16,3.908984625131952e-15,5.675854238988098e-12,627765.5608208367,True,510908.08884157555,544,True,9.864337831780852e-09,9.86934976162268e-09,3.51884135165015e-05,3.364202340741701e-10,500001.00000000006,True,0.015010429883228317,-322.96960508531254,3.1877655131667986e-15,False,False,False,7.255075861283548e-09,8.092584150647138e-07,0.00040224379038076945,0.0028447104946407458,0.039228081742107734,0.006756282504413281,0.000824496505951268,True,True,True,True,True,True
192,design_000192,90,22.5,511,273,7.142857142857143,2e-05,-div((q + epsilon * max(q)) grad(psi_epsilon)) = -q h,E_q[|grad(psi_epsilon)|^2],492266.5002492132,492266.5002492126,1.1824420488495438e-15,6597.531149099014,True,True,99531.68196862536,True,488597.19969124725,976.373110206322,489573.5728014536,1.188946138991728e-16,2.258997664084284e-15,1.236678731808463e-12,84150.31518772086,True,510525.76400830824,588,True,9.706985967830704e-09,9.728132503925383e-09,0.00032423605525131886,4.756286067945164e-10,50000.99999999999,True,0.015010429883228317,-322.96960508531254,3.1877655131667986e-15,False,False,False,7.255075861283548e-09,1.1322451587097046e-06,0.00039908898670665044,0.007453890435583832,0.042952904364497696,0.006756282504413281,0.000824496505951268,True,True,True,True,True,True
223,design_000223,90,22.5,219,117,16.666666666666668,2e-07,-div((q + epsilon * max(q)) grad(psi_epsilon)) = -q h,E_q[|grad(psi_epsilon)|^2],1628469.463709706,1628469.4637097036,1.4297513637343492e-15,7447.4302360287775,True,True,509461.81777712144,True,1628075.5040519796,152.9195370373778,1628228.423589017,4.0038964606319005e-15,2.430937136812235e-15,2.06518251059575e-10,5891170.191997073,True,1644994.1434183267,229,True,9.73277295074529e-09,9.735237750426213e-09,1.0987029675239012e-05,2.842170943040402e-10,5000001.0,True,0.015298755024782422,-323.4901876048143,3.9883235372304935e-17,False,False,False,4.6458831002059405e-09,1.6835582300168318e-07,3.926340569046302e-05,0.00024209315946695098,0.01032394997181949,0.004067926987794939,0.00047823464284748007,True,True,True,True,True,True
223,design_000223,90,22.5,219,117,16.666666666666668,2e-06,-div((q + epsilon * max(q)) grad(psi_epsilon)) = -q h,E_q[|grad(psi_epsilon)|^2],1628469.463709706,1628469.4637097036,1.4297513637343492e-15,7447.4302360287775,True,True,509461.81777712144,True,1626159.0722066276,991.6836690656531,1627150.7558756932,4.292730273696718e-16,4.865094310189592e-15,6.5792955711033164e-12,833001.4578827538,True,1644908.2646053843,238,True,9.55899818305915e-09,9.564321520426347e-09,6.650196615720286e-05,5.84224027180527e-10,500001.00000000006,True,0.015298755024782422,-323.4901876048143,3.9883235372304935e-17,False,False,False,4.6458831002059405e-09,9.958364779458427e-07,3.8906610757499015e-05,0.0014197493401393103,0.011437768577836474,0.004067926987794939,0.00047823464284748007,True,True,True,True,True,True
223,design_000223,90,22.5,219,117,16.666666666666668,2e-05,-div((q + epsilon * max(q)) grad(psi_epsilon)) = -q h,E_q[|grad(psi_epsilon)|^2],1628469.463709706,1628469.4637097036,1.4297513637343492e-15,7447.4302360287775,True,True,509461.81777712144,True,1621454.2035592492,1946.1973355374173,1623400.4008947867,0.0,1.5776373338215988e-15,3.731073572282478e-12,116848.74943962271,True,1644211.4429596202,251,True,9.964479022838345e-09,9.963109917368455e-09,0.00037262113002293037,-1.2631870857957342e-10,50000.99999999999,True,0.015298755024782422,-323.4901876048143,3.9883235372304935e-17,False,False,False,4.6458831002059405e-09,1.150059838420794e-06,3.6835140821203184e-05,0.004309035329964934,0.013878282317443359,0.004067926987794939,0.00047823464284748007,True,True,True,True,True,True
223,design_000223,90,22.5,511,273,7.142857142857143,2e-07,-div((q + epsilon * max(q)) grad(psi_epsilon)) = -q h,E_q[|grad(psi_epsilon)|^2],1628469.4712753848,1628469.471275387,1.4297513570918895e-15,7447.421496233509,True,True,509461.8176703239,True,1628075.2299559882,153.04820023790504,1628228.278156226,1.5729594643158684e-15,1.286966834440256e-15,2.0067947904401362e-10,5886236.812168156,True,1645058.7340267855,490,True,9.695160584081422e-09,9.665370695018614e-09,1.1630136340464516e-05,-5.336320954279936e-10,5000001.0,True,0.015024766492476865,-323.1026764467429,1.693563984714818e-15,False,False,False,4.6458831002059405e-09,1.6835582300168318e-07,3.926340569046302e-05,0.00024209315946695098,0.01032394997181949,0.004067926987794939,0.00047823464284748007,True,True,True,True,True,True
223,design_000223,90,22.5,511,273,7.142857142857143,2e-06,-div((q + epsilon * max(q)) grad(psi_epsilon)) = -q h,E_q[|grad(psi_epsilon)|^2],1628469.4712753848,1628469.471275387,1.4297513570918895e-15,7447.421496233509,True,True,509461.8176703239,True,1626157.4528181045,992.3212578223935,1627149.774075927,1.430910954623684e-15,9.014739014129128e-15,1.1019072949278226e-11,832296.3046326303,True,1644972.2649010017,537,True,9.560219724802231e-09,9.58285172453524e-09,6.886749364838824e-05,1.2064725635763333e-09,500001.00000000006,True,0.015024766492476865,-323.1026764467429,1.693563984714818e-15,False,False,False,4.6458831002059405e-09,9.958364779458427e-07,3.8906610757499015e-05,0.0014197493401393103,0.011437768577836474,0.004067926987794939,0.00047823464284748007,True,True,True,True,True,True
223,design_000223,90,22.5,511,273,7.142857142857143,2e-05,-div((q + epsilon * max(q)) grad(psi_epsilon)) = -q h,E_q[|grad(psi_epsilon)|^2],1628469.4712753848,1628469.471275387,1.4297513570918895e-15,7447.421496233509,True,True,509461.8176703239,True,1621452.3387898898,1946.1285684948368,1623398.4673583847,1.4342174662314095e-16,1.864482706100829e-15,6.14737506101496e-12,116750.3428029543,True,1644272.009950655,551,True,9.13346535535058e-09,9.14557018223365e-09,0.00038371852480295675,-9.512572135890319e-10,50000.99999999999,True,0.015024766492476865,-323.1026764467429,1.693563984714818e-15,False,False,False,4.6458831002059405e-09,1.150059838420794e-06,3.6835140821203184e-05,0.004309035329964934,0.013878282317443359,0.004067926987794939,0.00047823464284748007,True,True,True,True,True,True
241,design_000241,90,22.5,219,117,16.666666666666668,2e-07,-div((q + epsilon * max(q)) grad(psi_epsilon)) = -q h,E_q[|grad(psi_epsilon)|^2],1677407.891987868,1677407.8919878672,4.1641149674921216e-16,9983.790278947528,True,True,340329.9613542154,True,1676916.670347562,237.24803749694985,1677153.918385059,5.136519505310703e-15,1.4021310000983344e-14,6.15331139021811e-11,5892535.156727892,True,1705009.603005339,240,True,8.192874440153584e-09,8.189501101437685e-09,1.4450947745068154e-05,-6.473833814703133e-10,5000001.0,True,0.015298755024782422,-323.4057381577451,6.261609257056225e-16,False,False,False,1.0681371291704872e-09,7.06988766108402e-07,4.589490915696504e-05,0.0002935535209302063,0.016522534567082123,0.004902246612104985,0.0006540228259900821,True,True,True,True,True,True
241,design_000241,90,22.5,219,117,16.666666666666668,2e-06,-div((q + epsilon * max(q)) grad(psi_epsilon)) = -q h,E_q[|grad(psi_epsilon)|^2],1677407.891987868,1677407.8919878672,4.1641149674921216e-16,9983.790278947528,True,True,340329.9613542154,True,1674218.5133664375,1350.5165283085407,1675569.0298947461,1.806430122243566e-15,3.75181640773663e-15,1.1891077267536412e-11,797954.992148455,True,1704885.998095035,242,True,9.345773767353486e-09,9.343039712680716e-09,8.570295879985334e-05,0.0,500001.00000000006,True,0.015298755024782422,-323.4057381577451,6.261609257056225e-16,False,False,False,1.0681371291704872e-09,3.2262865808906326e-06,4.5269474853457624e-05,0.0019045945435827339,0.01803562057524346,0.004902246612104985,0.0006540228259900821,True,True,True,True,True,True
241,design_000241,90,22.5,219,117,16.666666666666668,2e-05,-div((q + epsilon * max(q)) grad(psi_epsilon)) = -q h,E_q[|grad(psi_epsilon)|^2],1677407.891987868,1677407.8919878672,4.1641149674921216e-16,9983.790278947528,True,True,340329.9613542154,True,1668701.374109431,2327.7782160134125,1671029.1523254444,0.0,1.9506715407196758e-15,1.6924209561364888e-12,108955.36573510617,True,1703902.2468901372,259,True,8.836931761527024e-09,8.825132825888587e-09,0.0004788400419319634,1.4210854715202e-10,50000.99999999999,True,0.015298755024782422,-323.4057381577451,6.261609257056225e-16,False,False,False,1.0681371291704872e-09,3.920759758529472e-06,4.134138330830415e-05,0.00519436106128174,0.02070330124568018,0.004902246612104985,0.0006540228259900821,True,True,True,True,True,True
241,design_000241,90,22.5,511,273,7.142857142857143,2e-07,-div((q + epsilon * max(q)) grad(psi_epsilon)) = -q h,E_q[|grad(psi_epsilon)|^2],1677407.8937795695,1677407.8937795684,6.940191605073793e-16,9983.780586685787,True,True,340329.96131980297,True,1676915.4847863144,237.811941062193,1677153.2967273765,4.164747088561158e-16,1.7353112869004523e-14,5.952087483540816e-11,5879046.100877705,True,1705087.85785768,520,True,9.308085415204803e-09,9.303600641346841e-09,1.5187032340890286e-05,2.6681604771399683e-10,5000001.0,True,0.015031934797101137,-323.0296387667423,3.3818809404476895e-16,False,False,False,1.0681371291704872e-09,7.06988766108402e-07,4.589490915696504e-05,0.0002935535209302063,0.016522534567082123,0.004902246612104985,0.0006540228259900821,True,True,True,True,True,True
241,design_000241,90,22.5,511,273,7.142857142857143,2e-06,-div((q + epsilon * max(q)) grad(psi_epsilon)) = -q h,E_q[|grad(psi_epsilon)|^2],1677407.8937795695,1677407.8937795684,6.940191605073793e-16,9983.780586685787,True,True,340329.96131980297,True,1674213.1118577144,1352.3711660613822,1675565.4830237757,8.337387443683655e-16,1.2367124708130611e-14,3.0920666295408497e-11,796136.2096904691,True,1704963.1808828781,531,True,9.663580000913945e-09,9.739463618699476e-09,8.868888850430807e-05,3.1321883862077886e-09,500001.00000000006,True,0.015031934797101137,-323.0296387667423,3.3818809404476895e-16,False,False,False,1.0681371291704872e-09,3.2262865808906326e-06,4.5269474853457624e-05,0.0019045945435827339,0.01803562057524346,0.004902246612104985,0.0006540228259900821,True,True,True,True,True,True
241,design_000241,90,22.5,511,273,7.142857142857143,2e-05,-div((q + epsilon * max(q)) grad(psi_epsilon)) = -q h,E_q[|grad(psi_epsilon)|^2],1677407.8937795695,1677407.8937795684,6.940191605073793e-16,9983.780586685787,True,True,340329.96131980297,True,1668694.8315322343,2328.207969824383,1671023.0395020586,1.3933419118102037e-16,5.573367647240813e-16,1.483739731643953e-12,108709.8709085114,True,1703972.6914783225,561,True,9.337342720425355e-09,9.316610981809612e-09,0.000492916237492304,3.8282302498095195e-10,50000.99999999999,True,0.015031934797101137,-323.0296387667423,3.3818809404476895e-16,False,False,False,1.0681371291704872e-09,3.920759758529472e-06,4.134138330830415e-05,0.00519436106128174,0.02070330124568018,0.004902246612104985,0.0006540228259900821,True,True,True,True,True,True
56,design_000056,120,30.0,219,117,16.666666666666668,2e-07,-div((q + epsilon * max(q)) grad(psi_epsilon)) = -q h,E_q[|grad(psi_epsilon)|^2],1054129.7055469078,1054129.705546909,1.104373790192504e-15,626.7406395253104,True,True,184019.8302172188,True,1054097.369236431,15.721508700923343,1054113.090745132,8.835129577578292e-16,4.638443028228603e-15,1.0743430114540831e-11,363728.8583618031,True,1062252.7380669082,234,True,9.265576309699112e-09,9.30575817302693e-09,7.419602221548766e-06,2.0526790144180678e-10,5000001.0,True,0.005463841080279436,-325.35019790511376,3.7392691759873975e-16,False,False,False,9.843909769226232e-07,9.946051858251516e-07,0.00012210211825685962,3.0665622574928024e-05,0.0077976057594768755,0.0009010617254934016,0.00044971048826536003,True,True,True,True,True,True
56,design_000056,120,30.0,219,117,16.666666666666668,2e-06,-div((q + epsilon * max(q)) grad(psi_epsilon)) = -q h,E_q[|grad(psi_epsilon)|^2],1054129.7055469078,1054129.705546909,1.104373790192504e-15,626.7406395253104,True,True,184019.8302172188,True,1053926.085550235,85.69621473395122,1054011.7817649688,0.0,4.197089924379963e-15,5.7524127488166185e-12,219156.85367934988,True,1062208.2812364136,235,True,9.86199688536698e-09,9.83014224835905e-09,5.042088248957271e-05,2.842170943040402e-10,500001.00000000006,True,0.005463841080279436,-325.35019790511376,3.7392691759873975e-16,False,False,False,9.843909769226232e-07,1.0250822486444493e-06,0.00012159314467624704,0.0001931233983494071,0.007916776578623726,0.0009010617254934016,0.00044971048826536003,True,True,True,True,True,True
56,design_000056,120,30.0,219,117,16.666666666666668,2e-05,-div((q + epsilon * max(q)) grad(psi_epsilon)) = -q h,E_q[|grad(psi_epsilon)|^2],1054129.7055469078,1054129.705546909,1.104373790192504e-15,626.7406395253104,True,True,184019.8302172188,True,1053147.5693217954,410.5520845298891,1053558.1214063254,2.2099458864507569e-16,4.8618809501916426e-15,4.1800080527804667e-13,47169.21386248499,True,1061775.7740902773,255,True,9.527047351971205e-09,9.554033894127238e-09,0.00025857380232898673,2.684272557315935e-10,50000.99999999999,True,0.005463841080279436,-325.35019790511376,3.7392691759873975e-16,False,False,False,9.843909769226232e-07,9.880726542800098e-07,0.00012140316582595037,0.0009316997164495389,0.008245639022955638,0.0009010617254934016,0.00044971048826536003,True,True,True,True,True,True
56,design_000056,120,30.0,511,273,7.142857142857143,2e-07,-div((q + epsilon * max(q)) grad(psi_epsilon)) = -q h,E_q[|grad(psi_epsilon)|^2],1054130.7432237,1054130.7432237016,1.546121784279673e-15,626.7250816533378,True,True,184019.8189483813,True,1054098.4176481836,15.716405949362198,1054114.134054133,6.626340624759505e-16,2.2087802082531687e-16,8.394694939945903e-13,363713.44662790955,True,1062382.4572153331,498,True,1.0074426881573938e-08,9.939628972559746e-09,1.2915778094146046e-05,5.336320954279937e-10,5000001.0,True,0.005469416428320538,-323.18825300466824,1.4556441882094488e-15,False,False,False,9.843909769226232e-07,9.946051858251516e-07,0.00012210211825685962,3.0665622574928024e-05,0.0077976057594768755,0.0009010617254934016,0.00044971048826536003,True,True,True,True,True,True
56,design_000056,120,30.0,511,273,7.142857142857143,2e-06,-div((q + epsilon * max(q)) grad(psi_epsilon)) = -q h,E_q[|grad(psi_epsilon)|^2],1054130.7432237,1054130.7432237016,1.546121784279673e-15,626.7250816533378,True,True,184019.8189483813,True,1053927.165912264,85.68314855279928,1054012.849060817,6.626977380626838e-16,2.2089924602089474e-16,4.781998671202783e-12,219155.39109029173,True,1062337.4541881757,520,True,1.0027387844367887e-08,9.984129467939747e-09,6.215325253735302e-05,4.408265136144295e-10,500001.00000000006,True,0.005469416428320538,-323.18825300466824,1.4556441882094488e-15,False,False,False,9.843909769226232e-07,1.0250822486444493e-06,0.00012159314467624704,0.0001931233983494071,0.007916776578623726,0.0009010617254934016,0.00044971048826536003,True,True,True,True,True,True
56,design_000056,120,30.0,511,273,7.142857142857143,2e-05,-div((q + epsilon * max(q)) grad(psi_epsilon)) = -q h,E_q[|grad(psi_epsilon)|^2],1054130.7432237,1054130.7432237016,1.546121784279673e-15,626.7250816533378,True,True,184019.8189483813,True,1053148.6099091377,410.57603123711937,1053559.1859403749,2.209943653483995e-16,2.651932384180795e-15,1.8165533499897627e-13,47170.58114214355,True,1061904.6926817743,529,True,9.86807909473161e-09,9.848459476226559e-09,0.0002700737896131772,3.9442372270764747e-10,50000.99999999999,True,0.005469416428320538,-323.18825300466824,1.4556441882094488e-15,False,False,False,9.843909769226232e-07,9.880726542800098e-07,0.00012140316582595037,0.0009316997164495389,0.008245639022955638,0.0009010617254934016,0.00044971048826536003,True,True,True,True,True,True
88,design_000088,120,30.0,219,117,16.666666666666668,2e-07,-div((q + epsilon * max(q)) grad(psi_epsilon)) = -q h,E_q[|grad(psi_epsilon)|^2],864163.6514187149,864163.6514187137,1.3471443937246543e-15,615.2220069060464,True,True,201550.04333078588,True,864140.5080058904,11.285668448373135,864151.7936743388,4.0414886370347557e-16,8.621842425674075e-15,1.3960065696141631e-11,353709.6700094989,True,870534.3863802145,214,True,9.95458950144804e-09,9.95791412599491e-09,5.174143936342288e-06,-3.00006932876487e-10,5000001.0,True,0.005502868516567147,-325.43543914245214,2.985870310100023e-15,False,False,False,5.523490214623105e-07,5.399786101329829e-07,5.67599801424302e-05,2.67936548427805e-05,0.007400581162600637,0.0007435059221007701,0.00029767972940962094,True,True,True,True,True,True
88,design_000088,120,30.0,219,117,16.666666666666668,2e-06,-div((q + epsilon * max(q)) grad(psi_epsilon)) = -q h,E_q[|grad(psi_epsilon)|^2],864163.6514187149,864163.6514187137,1.3471443937246543e-15,615.2220069060464,True,True,201550.04333078588,True,864014.1393277014,63.369222456406256,864077.5085501578,2.6945573903958904e-16,5.119659041752167e-15,4.3722673298102e-12,223229.99039813294,True,870510.2528206366,222,True,9.40798532509876e-09,9.35371780731119e-09,3.59490862615914e-05,-9.473903143468008e-11,500001.00000000006,True,0.005502868516567147,-325.43543914245214,2.985870310100023e-15,False,False,False,5.523490214623105e-07,4.936064850134602e-07,5.633065684213818e-05,0.00017307236329029883,0.00751784082559691,0.0007435059221007701,0.00029767972940962094,True,True,True,True,True,True
88,design_000088,120,30.0,219,117,16.666666666666668,2e-05,-div((q + epsilon * max(q)) grad(psi_epsilon)) = -q h,E_q[|grad(psi_epsilon)|^2],864163.6514187149,864163.6514187137,1.3471443937246543e-15,615.2220069060464,True,True,201550.04333078588,True,863498.2820388731,265.80871265330705,863764.0907515264,4.0433026704888763e-16,9.434372897807382e-16,2.3485017541998413e-12,50465.36229508241,True,870276.0145764572,242,True,9.142225537987956e-09,9.127293162471044e-09,0.00019248930481439408,-3.157967714489336e-11,50000.99999999999,True,0.005502868516567147,-325.43543914245214,2.985870310100023e-15,False,False,False,5.523490214623105e-07,2.3005541028960063e-07,5.587681909891102e-05,0.0007702796557025002,0.007843239752857731,0.0007435059221007701,0.00029767972940962094,True,True,True,True,True,True
88,design_000088,120,30.0,511,273,7.142857142857143,2e-07,-div((q + epsilon * max(q)) grad(psi_epsilon)) = -q h,E_q[|grad(psi_epsilon)|^2],864164.1287389258,864164.1287389265,8.082861897784593e-16,615.2061373675051,True,True,201550.03684555672,True,864140.9746235328,11.290751500520086,864152.2653750334,0.0,1.2798040364748816e-14,2.1116417437288598e-11,353678.77759021026,True,870583.8006994545,475,True,9.81268826303505e-09,9.802104221606349e-09,9.020128717045017e-06,5.104306999746024e-10,5000001.0,True,0.005476584732944811,-323.27351636108307,1.7834542729783414e-16,False,False,False,5.523490214623105e-07,5.399786101329829e-07,5.67599801424302e-05,2.67936548427805e-05,0.007400581162600637,0.0007435059221007701,0.00029767972940962094,True,True,True,True,True,True
88,design_000088,120,30.0,511,273,7.142857142857143,2e-06,-div((q + epsilon * max(q)) grad(psi_epsilon)) = -q h,E_q[|grad(psi_epsilon)|^2],864164.1287389258,864164.1287389265,8.082861897784593e-16,615.2061373675051,True,True,201550.03684555672,True,864014.5658108942,63.388196994799905,864077.954007889,1.3472780006359464e-16,8.757307004133652e-15,1.6889479655366523e-11,223168.8479016182,True,870559.2919973749,493,True,9.725019685854105e-09,9.700003415846612e-09,4.492227310894247e-05,6.032362817881664e-10,500001.00000000006,True,0.005476584732944811,-323.27351636108307,1.7834542729783414e-16,False,False,False,5.523490214623105e-07,4.936064850134602e-07,5.633065684213818e-05,0.00017307236329029883,0.00751784082559691,0.0007435059221007701,0.00029767972940962094,True,True,True,True,True,True
88,design_000088,120,30.0,511,273,7.142857142857143,2e-05,-div((q + epsilon * max(q)) grad(psi_epsilon)) = -q h,E_q[|grad(psi_epsilon)|^2],864164.1287389258,864164.1287389265,8.082861897784593e-16,615.2061373675051,True,True,201550.03684555672,True,863498.4806913703,265.9317371291801,863764.4124284995,1.347767054903659e-16,2.5607574043169517e-15,6.70168398058044e-13,50440.415488497245,True,870324.6455492339,520,True,9.453708960795808e-09,9.54604782156721e-09,0.0002032722630106991,1.6008962862839804e-09,50000.99999999999,True,0.005476584732944811,-323.27351636108307,1.7834542729783414e-16,False,False,False,5.523490214623105e-07,2.3005541028960063e-07,5.587681909891102e-05,0.0007702796557025002,0.007843239752857731,0.0007435059221007701,0.00029767972940962094,True,True,True,True,True,True
138,design_000138,120,30.0,219,117,16.666666666666668,2e-07,-div((q + epsilon * max(q)) grad(psi_epsilon)) = -q h,E_q[|grad(psi_epsilon)|^2],1323249.8694950335,1323249.8694950328,5.278609483091512e-16,658.1955838918661,True,True,259188.0234789112,True,1323203.3768335164,22.514968074529477,1323225.891801591,3.5191367565649336e-16,5.4546619726756464e-15,1.8545903430848034e-11,401272.5824562574,True,1335520.5676530623,232,True,9.58352777950974e-09,9.576025488441551e-09,7.11999192333774e-06,3.3158661002137997e-10,5000001.0,True,0.005502868516567147,-325.39295777062205,1.29944767596504e-15,False,False,False,9.415551335162494e-07,9.417165849985897e-07,0.000119831136729424,3.513504815345847e-05,0.009340556897464066,0.0007974431332517921,0.0004384316231284675,True,True,True,True,True,True
138,design_000138,120,30.0,219,117,16.666666666666668,2e-06,-div((q + epsilon * max(q)) grad(psi_epsilon)) = -q h,E_q[|grad(psi_epsilon)|^2],1323249.8694950335,1323249.8694950328,5.278609483091512e-16,658.1955838918661,True,True,259188.0234789112,True,1322980.1672322412,108.66943483331146,1323088.8366670746,3.519501294265037e-16,3.6954763589782765e-15,3.639865362386864e-12,242265.79228479488,True,1335466.0962889753,248,True,8.99639003430427e-09,8.983686288685718e-09,4.8223403244843166e-05,2.2105774001425333e-10,500001.00000000006,True,0.005502868516567147,-325.39295777062205,1.29944767596504e-15,False,False,False,9.415551335162494e-07,9.455689476100435e-07,0.00011933412680424056,0.00020381407835976412,0.009466773401464559,0.0007974431332517921,0.0004384316231284675,True,True,True,True,True,True
138,design_000138,120,30.0,219,117,16.666666666666668,2e-05,-div((q + epsilon * max(q)) grad(psi_epsilon)) = -q h,E_q[|grad(psi_epsilon)|^2],1323249.8694950335,1323249.8694950328,5.278609483091512e-16,658.1955838918661,True,True,259188.0234789112,True,1322148.4533666403,440.35107807752155,1322588.8044447177,3.5208319149748495e-16,2.9927071277286133e-15,5.310365163058663e-13,52694.59635820817,True,1334936.1019860741,252,True,9.044604193733939e-09,9.042998511598824e-09,0.00024603711199932095,1.5789838572446666e-10,50000.99999999999,True,0.005502868516567147,-325.39295777062205,1.29944767596504e-15,False,False,False,9.415551335162494e-07,7.481077030537265e-07,0.0001190306070337223,0.0008325501632023641,0.009696371040322426,0.0007974431332517921,0.0004384316231284675,True,True,True,True,True,True
138,design_000138,120,30.0,511,273,7.142857142857143,2e-07,-div((q + epsilon * max(q)) grad(psi_epsilon)) = -q h,E_q[|grad(psi_epsilon)|^2],1323251.1154089142,1323251.1154089184,3.1671627077937827e-15,658.1790448729095,True,True,259188.01244392272,True,1323204.6229172552,22.514775532338632,1323227.1376927875,7.038266886207878e-16,2.463393410172759e-15,1.1096253652153839e-11,401244.64597861574,True,1335680.6237805174,504,True,9.338220084438807e-09,9.358554631466577e-09,1.2383398489184485e-05,9.048544226822494e-10,5000001.0,True,0.005469416428320538,-323.2309987159621,7.714036153658234e-16,False,False,False,9.415551335162494e-07,9.417165849985897e-07,0.000119831136729424,3.513504815345847e-05,0.009340556897464066,0.0007974431332517921,0.0004384316231284675,True,True,True,True,True,True
138,design_000138,120,30.0,511,273,7.142857142857143,2e-06,-div((q + epsilon * max(q)) grad(psi_epsilon)) = -q h,E_q[|grad(psi_epsilon)|^2],1323251.1154089142,1323251.1154089184,3.1671627077937827e-15,658.1790448729095,True,True,259188.01244392272,True,1322981.4182023886,108.6681097046371,1323090.0863120933,1.7597489850660785e-16,3.5194979701321555e-16,4.437989448869356e-12,242225.82586594424,True,1335625.481989606,524,True,9.879042411300193e-09,9.957790250326926e-09,5.9309775795069344e-05,9.512572135890315e-10,500001.00000000006,True,0.005469416428320538,-323.2309987159621,7.714036153658234e-16,False,False,False,9.415551335162494e-07,9.455689476100435e-07,0.00011933412680424056,0.00020381407835976412,0.009466773401464559,0.0007974431332517921,0.0004384316231284675,True,True,True,True,True,True
138,design_000138,120,30.0,511,273,7.142857142857143,2e-05,-div((q + epsilon * max(q)) grad(psi_epsilon)) = -q h,E_q[|grad(psi_epsilon)|^2],1323251.1154089142,1323251.1154089184,3.1671627077937827e-15,658.1790448729095,True,True,259188.01244392272,True,1322149.4424768228,440.5027880639026,1322589.9452648866,3.520828878027476e-16,1.4083315512109887e-15,1.4079917437617346e-12,52680.71196408719,True,1335095.019156652,519,True,9.818207819774728e-09,9.860158903866976e-09,0.00025660059067612883,6.264376772415573e-10,50000.99999999999,True,0.005469416428320538,-323.2309987159621,7.714036153658234e-16,False,False,False,9.415551335162494e-07,7.481077030537265e-07,0.0001190306070337223,0.0008325501632023641,0.009696371040322426,0.0007974431332517921,0.0004384316231284675,True,True,True,True,True,True
192,design_000192,120,30.0,219,117,16.666666666666668,2e-07,-div((q + epsilon * max(q)) grad(psi_epsilon)) = -q h,E_q[|grad(psi_epsilon)|^2],1040582.0187642773,1040582.0187642776,2.2375040069437584e-16,675.4046280389966,True,True,165212.57995834836,True,1040564.9935203653,8.274210221475425,1040573.2677305868,3.356284235923954e-16,4.36316950670114e-15,1.504215889880407e-11,422806.40669328737,True,1048087.7927761549,215,True,9.727764488679243e-09,9.695673712387135e-09,7.4045744993177756e-06,-1.5789838572446677e-11,5000001.0,True,0.005502868516567147,-325.3694546880621,1.5253608860779828e-15,False,False,False,6.570136976593329e-07,6.638760643946215e-07,2.7146651054418473e-05,1.6354408265559014e-05,0.007203934989711825,0.0005056624597598938,0.000393752714247546,True,True,True,True,True,True
192,design_000192,120,30.0,219,117,16.666666666666668,2e-06,-div((q + epsilon * max(q)) grad(psi_epsilon)) = -q h,E_q[|grad(psi_epsilon)|^2],1040582.0187642773,1040582.0187642776,2.2375040069437584e-16,675.4046280389966,True,True,165212.57995834836,True,1040475.664118257,44.59254382533244,1040520.2566620823,1.118818409171458e-15,8.950547273371657e-16,4.32723928813523e-12,256041.0132802771,True,1048049.3939774828,236,True,9.040293913630904e-09,9.012001428578373e-09,5.078503520446292e-05,3.157967714489335e-10,500001.00000000006,True,0.005502868516567147,-325.3694546880621,1.5253608860779828e-15,False,False,False,6.570136976593329e-07,6.878770949015605e-07,2.6668161602990483e-05,0.00010217602405888697,0.007252293427461534,0.0005056624597598938,0.000393752714247546,True,True,True,True,True,True
192,design_000192,120,30.0,219,117,16.666666666666668,2e-05,-div((q + epsilon * max(q)) grad(psi_epsilon)) = -q h,E_q[|grad(psi_epsilon)|^2],1040582.0187642773,1040582.0187642776,2.2375040069437584e-16,675.4046280389966,True,True,165212.57995834836,True,1040038.8591369664,236.1906154170091,1040275.0497523834,1.119082129814083e-16,1.3428985557768975e-15,1.7634982136843335e-12,55675.129009739394,True,1047675.9496910151,239,True,8.864860861848714e-09,8.890575339622933e-09,0.0002653068871932984,-6.158037043254204e-10,50000.99999999999,True,0.005502868516567147,-325.3694546880621,1.5253608860779828e-15,False,False,False,6.570136976593329e-07,6.251556463126282e-07,2.634076656746578e-05,0.0005220085982151413,0.007315082309251537,0.0005056624597598938,0.000393752714247546,True,True,True,True,True,True
192,design_000192,120,30.0,511,273,7.142857142857143,2e-07,-div((q + epsilon * max(q)) grad(psi_epsilon)) = -q h,E_q[|grad(psi_epsilon)|^2],1040582.7024413664,1040582.7024413666,2.2375025368729773e-16,675.389704700643,True,True,165212.5684967617,True,1040565.6843270166,8.270781246421468,1040573.9551082631,1.1187606729482554e-16,5.593803364741274e-16,3.917889022563119e-12,422784.87989811867,True,1048116.2456221393,476,True,8.872237831577952e-09,8.7075732349003e-09,1.2820783259229073e-05,-7.424446545085123e-10,5000001.0,True,0.005469416428320538,-323.2075078054261,1.796536292457967e-15,False,False,False,6.570136976593329e-07,6.638760643946215e-07,2.7146651054418473e-05,1.6354408265559014e-05,0.007203934989711825,0.0005056624597598938,0.000393752714247546,True,True,True,True,True,True
192,design_000192,120,30.0,511,273,7.142857142857143,2e-06,-div((q + epsilon * max(q)) grad(psi_epsilon)) = -q h,E_q[|grad(psi_epsilon)|^2],1040582.7024413664,1040582.7024413666,2.2375025368729773e-16,675.389704700643,True,True,165212.5684967617,True,1040476.3798381265,44.5819818791481,1040520.9618200057,4.47527060380636e-16,5.034679429282131e-15,7.0969005548661784e-12,256019.4212375782,True,1048077.3442734723,513,True,9.656904135208773e-09,9.638719064989689e-09,6.286059468388486e-05,6.264376772415572e-10,500001.00000000006,True,0.005469416428320538,-323.2075078054261,1.796536292457967e-15,False,False,False,6.570136976593329e-07,6.878770949015605e-07,2.6668161602990483e-05,0.00010217602405888697,0.007252293427461534,0.0005056624597598938,0.000393752714247546,True,True,True,True,True,True
192,design_000192,120,30.0,511,273,7.142857142857143,2e-05,-div((q + epsilon * max(q)) grad(psi_epsilon)) = -q h,E_q[|grad(psi_epsilon)|^2],1040582.7024413664,1040582.7024413666,2.2375025368729773e-16,675.389704700643,True,True,165212.5684967617,True,1040039.509323538,236.23117296038993,1040275.7404964984,3.357244160227342e-16,1.7905302187879163e-15,4.444131490684341e-13,55668.37827830527,True,1047703.5470055786,526,True,9.723829958863705e-09,9.496837244590963e-09,0.00027904468655609474,4.408265136144291e-10,50000.99999999999,True,0.005469416428320538,-323.2075078054261,1.796536292457967e-15,False,False,False,6.570136976593329e-07,6.251556463126282e-07,2.634076656746578e-05,0.0005220085982151413,0.007315082309251537,0.0005056624597598938,0.000393752714247546,True,True,True,True,True,True
223,design_000223,120,30.0,219,117,16.666666666666668,2e-07,-div((q + epsilon * max(q)) grad(psi_epsilon)) = -q h,E_q[|grad(psi_epsilon)|^2],708611.8894757176,708611.8894757166,1.3142914879745222e-15,636.4595667728144,True,True,162353.73301369147,True,708604.7299060817,3.5096539068399815,708608.2395599885,4.92861846621582e-16,7.721502263738062e-15,1.5249007268509865e-11,382187.2497548038,True,711453.1733357734,227,True,9.228058384502834e-09,9.249481339067104e-09,4.546337915319546e-06,3.3158661002137997e-10,5000001.0,True,0.005502868516567147,-325.40288801475657,1.7467646261481422e-15,False,False,False,5.94744188573337e-07,5.910220549311483e-07,3.9074941123907466e-06,1.0107376499472818e-05,0.003999217170982792,0.0003679846221016837,0.0002443617771715886,True,True,True,True,True,True
223,design_000223,120,30.0,219,117,16.666666666666668,2e-06,-div((q + epsilon * max(q)) grad(psi_epsilon)) = -q h,E_q[|grad(psi_epsilon)|^2],708611.8894757176,708611.8894757166,1.3142914879745222e-15,636.4595667728144,True,True,162353.73301369147,True,708561.7453557466,21.997784696355325,708583.743140443,8.214648088804728e-16,4.928788853282813e-15,9.023727833472506e-12,253978.2521815892,True,711437.0499126858,245,True,8.824607031424644e-09,8.814686239609753e-09,3.2286941437999907e-05,-3.1579677144893334e-11,500001.00000000006,True,0.005502868516567147,-325.40288801475657,1.7467646261481422e-15,False,False,False,5.94744188573337e-07,5.727039525961485e-07,4.2593473714972626e-06,7.078590917391159e-05,0.004036732042218125,0.0003679846221016837,0.0002443617771715886,True,True,True,True,True,True
223,design_000223,120,30.0,219,117,16.666666666666668,2e-05,-div((q + epsilon * max(q)) grad(psi_epsilon)) = -q h,E_q[|grad(psi_epsilon)|^2],708611.8894757176,708611.8894757166,1.3142914879745222e-15,636.4595667728144,True,True,162353.73301369147,True,708344.1645888007,115.79918934565578,708459.9637781464,3.2864333280346137e-16,1.9718599968207648e-15,1.867677790052994e-12,61445.22097535721,True,711279.9396051764,251,True,9.958994910690638e-09,9.942690157498321e-09,0.00017996799594861333,-1.1052887000712666e-10,50000.99999999999,True,0.005502868516567147,-325.40288801475657,1.7467646261481422e-15,False,False,False,5.94744188573337e-07,3.223300529607367e-07,4.776672003655828e-06,0.000378088279242035,0.004122375716549787,0.0003679846221016837,0.0002443617771715886,True,True,True,True,True,True
223,design_000223,120,30.0,511,273,7.142857142857143,2e-07,-div((q + epsilon * max(q)) grad(psi_epsilon)) = -q h,E_q[|grad(psi_epsilon)|^2],708612.3109187714,708612.310918772,8.214316914420603e-16,636.4434336051937,True,True,162353.72641009116,True,708605.1487073528,3.5109131305331225,708608.6596204833,9.8572310890994e-16,1.971446217819882e-15,6.284590618767847e-12,382148.63159947714,True,711450.3933366874,479,True,9.780193312498551e-09,9.693116384768457e-09,8.035164652516658e-06,5.104306999746026e-10,5000001.0,True,0.005469416428320538,-323.24098078074013,1.8842778582761807e-15,False,False,False,5.94744188573337e-07,5.910220549311483e-07,3.9074941123907466e-06,1.0107376499472818e-05,0.003999217170982792,0.0003679846221016837,0.0002443617771715886,True,True,True,True,True,True
223,design_000223,120,30.0,511,273,7.142857142857143,2e-06,-div((q + epsilon * max(q)) grad(psi_epsilon)) = -q h,E_q[|grad(psi_epsilon)|^2],708612.3109187714,708612.310918772,8.214316914420603e-16,636.4434336051937,True,True,162353.72641009116,True,708562.1511520912,22.00461320713588,708584.1557652984,0.0,2.7929787237768874e-15,8.811181747782245e-12,253881.55473837786,True,711434.0196551572,528,True,9.681144092704099e-09,9.677639926333778e-09,4.107755294668527e-05,-1.740104659004327e-10,500001.00000000006,True,0.005469416428320538,-323.24098078074013,1.8842778582761807e-15,False,False,False,5.94744188573337e-07,5.727039525961485e-07,4.2593473714972626e-06,7.078590917391159e-05,0.004036732042218125,0.0003679846221016837,0.0002443617771715886,True,True,True,True,True,True
223,design_000223,120,30.0,511,273,7.142857142857143,2e-05,-div((q + epsilon * max(q)) grad(psi_epsilon)) = -q h,E_q[|grad(psi_epsilon)|^2],708612.3109187714,708612.310918772,8.214316914420603e-16,636.4434336051937,True,True,162353.72641009116,True,708344.3929094864,115.89966727982116,708460.2925767662,6.572863605581417e-16,2.3005022619534923e-15,1.6275560921279974e-13,61398.50515377666,True,711276.5420542022,532,True,9.44245148991983e-09,9.440615362000198e-09,0.00019151511569473134,6.148369795148622e-10,50000.99999999999,True,0.005469416428320538,-323.24098078074013,1.8842778582761807e-15,False,False,False,5.94744188573337e-07,3.223300529607367e-07,4.776672003655828e-06,0.000378088279242035,0.004122375716549787,0.0003679846221016837,0.0002443617771715886,True,True,True,True,True,True
241,design_000241,120,30.0,219,117,16.666666666666668,2e-07,-div((q + epsilon * max(q)) grad(psi_epsilon)) = -q h,E_q[|grad(psi_epsilon)|^2],926464.5770474945,926464.5770474947,2.5131089673807753e-16,745.9602330111744,True,True,156824.84498242332,True,926460.6879365531,1.9260796329311525,926462.6140161861,0.0,1.2565571461354287e-16,5.328792536045773e-12,512498.9352159647,True,932640.4328276606,219,True,9.489652723643938e-09,9.488577934636765e-09,4.686463447575585e-06,5.052748343182937e-10,5000001.0,True,0.005502868516567147,-325.4770251712258,2.7095824111462485e-15,False,False,False,6.232772531549395e-07,6.210585620424546e-07,5.517317677497291e-06,4.200016459447398e-06,0.006630938213522495,0.0003210030041749387,0.0003162120179327514,True,True,True,True,True,True
241,design_000241,120,30.0,219,117,16.666666666666668,2e-06,-div((q + epsilon * max(q)) grad(psi_epsilon)) = -q h,E_q[|grad(psi_epsilon)|^2],926464.5770474945,926464.5770474947,2.5131089673807753e-16,745.9602330111744,True,True,156824.84498242332,True,926430.4710743382,16.419642292261976,926446.8907166305,0.0,2.513156943878015e-16,1.9813832532662136e-12,300754.71392167243,True,932613.0591021692,230,True,8.778434580684031e-09,8.736215945781197e-09,3.195704972674947e-05,1.7368822429691344e-10,500001.00000000006,True,0.005502868516567147,-325.4770251712258,2.7095824111462485e-15,False,False,False,6.232772531549395e-07,5.965247208433147e-07,5.163240717621651e-06,3.683978683885738e-05,0.006633853895594205,0.0003210030041749387,0.0003162120179327514,True,True,True,True,True,True
241,design_000241,120,30.0,219,117,16.666666666666668,2e-05,-div((q + epsilon * max(q)) grad(psi_epsilon)) = -q h,E_q[|grad(psi_epsilon)|^2],926464.5770474945,926464.5770474947,2.5131089673807753e-16,745.9602330111744,True,True,156824.84498242332,True,926163.585756912,147.43782913054682,926311.0235860426,5.027051124848079e-16,7.540576687272116e-16,2.5724479153059974e-12,62690.12974640324,True,932346.262741686,240,True,9.036997427942559e-09,9.033578361123672e-09,0.00016752184722946498,-1.2316074086508408e-09,50000.99999999999,True,0.005502868516567147,-325.4770251712258,2.7095824111462485e-15,False,False,False,6.232772531549395e-07,3.030970790512894e-07,4.721450496282523e-06,0.000325201672416485,0.006635698936428725,0.0003210030041749387,0.0003162120179327514,True,True,True,True,True,True
241,design_000241,120,30.0,511,273,7.142857142857143,2e-07,-div((q + epsilon * max(q)) grad(psi_epsilon)) = -q h,E_q[|grad(psi_epsilon)|^2],926465.1544921511,926465.1544921519,8.795875903559919e-16,745.9399920436979,True,True,156824.8425899718,True,926461.2633232531,1.9271166384192866,926463.1904398915,2.5131127286699856e-16,1.0052450914679932e-15,5.047223867785155e-13,512433.161461979,True,932645.5785295978,475,True,9.404895914556846e-09,9.36135092693033e-09,8.058145647455166e-06,3.0161814089408316e-10,5000001.0,True,0.005476584732944811,-323.14596746187374,1.0193986452472123e-15,False,False,False,6.232772531549395e-07,6.210585620424546e-07,5.517317677497291e-06,4.200016459447398e-06,0.006630938213522495,0.0003210030041749387,0.0003162120179327514,True,True,True,True,True,True
241,design_000241,120,30.0,511,273,7.142857142857143,2e-06,-div((q + epsilon * max(q)) grad(psi_epsilon)) = -q h,E_q[|grad(psi_epsilon)|^2],926465.1544921511,926465.1544921519,8.795875903559919e-16,745.9399920436979,True,True,156824.8425899718,True,926431.023713346,16.432737083250075,926447.4564504293,3.7697331138335436e-16,0.0,2.5383612814168023e-12,300609.94014172535,True,932617.8744327525,504,True,1.0065666237354039e-08,1.0009831518673582e-08,3.9187507219984136e-05,4.872293045212113e-10,500001.00000000006,True,0.005476584732944811,-323.14596746187374,1.0193986452472123e-15,False,False,False,6.232772531549395e-07,5.965247208433147e-07,5.163240717621651e-06,3.683978683885738e-05,0.006633853895594205,0.0003210030041749387,0.0003162120179327514,True,True,True,True,True,True
241,design_000241,120,30.0,511,273,7.142857142857143,2e-05,-div((q + epsilon * max(q)) grad(psi_epsilon)) = -q h,E_q[|grad(psi_epsilon)|^2],926465.1544921511,926465.1544921519,8.795875903559919e-16,745.9399920436979,True,True,156824.8425899718,True,926163.8664744747,147.58866337058925,926311.4551378452,0.0,1.6337908544215724e-15,3.6883333234854125e-13,62638.32459039198,True,932350.6647891949,519,True,9.946487633990779e-09,9.94058211846404e-09,0.00017540508294106602,5.336320954279934e-10,50000.99999999999,True,0.005476584732944811,-323.14596746187374,1.0193986452472123e-15,False,False,False,6.232772531549395e-07,3.030970790512894e-07,4.721450496282523e-06,0.000325201672416485,0.006635698936428725,0.0003210030041749387,0.0003162120179327514,True,True,True,True,True,True
56,design_000056,150,37.5,219,117,16.666666666666668,2e-07,-div((q + epsilon * max(q)) grad(psi_epsilon)) = -q h,E_q[|grad(psi_epsilon)|^2],313638.11932740663,313638.1193274065,3.7117720918804816e-16,149.35180265474813,True,True,73884.76411680198,True,313637.0172786789,0.5510053540320646,313637.5682840329,3.7117786132529903e-16,1.4847114453011965e-15,2.636621921198216e-13,22229.473131695682,True,316762.1952856169,230,True,9.67720613690927e-09,9.678160198642291e-09,1.6804210807523119e-06,3.1579677144893354e-11,5000001.0,True,0.00300511259415369,-323.5678244091743,1.1372423329548074e-15,False,False,False,3.5438326504980296e-07,3.5138978363631575e-07,3.350115776058821e-05,3.516752354653154e-06,0.009832487227032881,0.00034509953780025536,0.00030753049525671675,True,True,True,True,True,True
56,design_000056,150,37.5,219,117,16.666666666666668,2e-06,-div((q + epsilon * max(q)) grad(psi_epsilon)) = -q h,E_q[|grad(psi_epsilon)|^2],313638.11932740663,313638.1193274065,3.7117720918804816e-16,149.35180265474813,True,True,73884.76411680198,True,313627.10889914713,5.50336707900143,313632.61226622615,3.7118372667226326e-16,3.7118372667226316e-16,2.4257343273509773e-13,21564.457142146137,True,316753.35675898904,225,True,9.728655737715576e-09,9.73048798587939e-09,1.6088104028411454e-05,-4.736951571734003e-11,500001.00000000006,True,0.00300511259415369,-323.5678244091743,1.1372423329548074e-15,False,False,False,3.5438326504980296e-07,3.247850557990406e-07,3.3859886332321626e-05,3.513511395534736e-05,0.009835811335982126,0.00034509953780025536,0.00030753049525671675,True,True,True,True,True,True
56,design_000056,150,37.5,219,117,16.666666666666668,2e-05,-div((q + epsilon * max(q)) grad(psi_epsilon)) = -q h,E_q[|grad(psi_epsilon)|^2],313638.11932740663,313638.1193274065,3.7117720918804816e-16,149.35180265474813,True,True,73884.76411680198,True,313528.8657055428,54.47873834437901,313583.3444438872,0.0,5.568630663407201e-15,3.467397157292483e-13,16626.512730308506,True,316665.37228494545,241,True,9.196317567252458e-09,9.23646320898564e-09,0.0001284098756903762,-8.210716057672271e-10,50000.99999999999,True,0.00300511259415369,-323.5678244091743,1.1372423329548074e-15,False,False,False,3.5438326504980296e-07,8.214326083543484e-08,3.5367526409424686e-05,0.00034861507652529634,0.009869698315990095,0.00034509953780025536,0.00030753049525671675,True,True,True,True,True,True
56,design_000056,150,37.5,511,273,7.142857142857143,2e-07,-div((q + epsilon * max(q)) grad(psi_epsilon)) = -q h,E_q[|grad(psi_epsilon)|^2],313638.2304755468,313638.23047554644,1.1135312329471705e-15,149.35326513038765,True,True,73884.53189297371,True,313637.12748756126,0.551474778957829,313637.67896234023,0.0,3.340599573076856e-15,6.099056600634356e-13,22229.8602632506,True,316751.58338534005,511,True,9.669736352368135e-09,9.744287475760599e-09,6.032162440017987e-06,-6.728404681483395e-10,5000001.0,True,0.0030106879421947915,-323.3277238362478,7.819159395282127e-16,False,False,False,3.5438326504980296e-07,3.5138978363631575e-07,3.350115776058821e-05,3.516752354653154e-06,0.009832487227032881,0.00034509953780025536,0.00030753049525671675,True,True,True,True,True,True
56,design_000056,150,37.5,511,273,7.142857142857143,2e-06,-div((q + epsilon * max(q)) grad(psi_epsilon)) = -q h,E_q[|grad(psi_epsilon)|^2],313638.2304755468,313638.23047554644,1.1135312329471705e-15,149.35326513038765,True,True,73884.53189297371,True,313627.2107605783,5.50799115638183,313632.71875173465,3.7118360064686633e-16,3.711836006468663e-15,9.258305568901035e-13,21564.426325502893,True,316742.6315263338,534,True,9.763592414543178e-09,9.749906356455612e-09,3.795043706836345e-05,-6.960418636017306e-11,500001.00000000006,True,0.0030106879421947915,-323.3277238362478,7.819159395282127e-16,False,False,False,3.5438326504980296e-07,3.247850557990406e-07,3.3859886332321626e-05,3.513511395534736e-05,0.009835811335982126,0.00034509953780025536,0.00030753049525671675,True,True,True,True,True,True
56,design_000056,150,37.5,511,273,7.142857142857143,2e-05,-div((q + epsilon * max(q)) grad(psi_epsilon)) = -q h,E_q[|grad(psi_epsilon)|^2],313638.2304755468,313638.23047554644,1.1135312329471705e-15,149.35326513038765,True,True,73884.53189297371,True,313528.8914598283,54.52023457997193,313583.4116944083,0.0,3.712419646112622e-15,1.5244257905851596e-13,16624.18152105157,True,316654.1726140282,547,True,9.662197629312804e-09,9.571320357319399e-09,0.00019731498781026151,2.2041325680721465e-10,50000.99999999999,True,0.0030106879421947915,-323.3277238362478,7.819159395282127e-16,False,False,False,3.5438326504980296e-07,8.214326083543484e-08,3.5367526409424686e-05,0.00034861507652529634,0.009869698315990095,0.00034509953780025536,0.00030753049525671675,True,True,True,True,True,True
88,design_000088,150,37.5,219,117,16.666666666666668,2e-07,-div((q + epsilon * max(q)) grad(psi_epsilon)) = -q h,E_q[|grad(psi_epsilon)|^2],391644.4571286771,391644.45712867694,4.458711965966335e-16,139.62704590986132,True,True,79910.46223629553,True,391643.5204713677,0.4683121897230395,391643.98878355743,1.4862390992967835e-16,1.3376151893671053e-15,1.045300752806392e-12,19436.667762308483,True,393556.57177656906,229,True,9.070921144424675e-09,9.068001118669512e-09,1.4307901729946778e-06,7.105427357601e-11,5000001.0,True,0.00300511259415369,-323.6146884105023,4.460593547343681e-16,False,False,False,1.0217363872764111e-07,1.0226377673136015e-07,6.252414647000294e-05,2.3916912248721194e-06,0.004798808573192553,0.0002347226929047249,0.00021316050142603714,True,True,True,True,True,True
88,design_000088,150,37.5,219,117,16.666666666666668,2e-06,-div((q + epsilon * max(q)) grad(psi_epsilon)) = -q h,E_q[|grad(psi_epsilon)|^2],391644.4571286771,391644.45712867694,4.458711965966335e-16,139.62704590986132,True,True,79910.46223629553,True,391635.09924502106,4.677348073390517,391639.77659309446,4.458765252586482e-16,4.012888727327818e-15,1.1412341391414086e-12,18921.26230417029,True,393548.96213476587,228,True,8.638403990012536e-09,8.640101063225e-09,1.3786306194463818e-05,0.0,500001.00000000006,True,0.00300511259415369,-323.6146884105023,4.460593547343681e-16,False,False,False,1.0217363872764111e-07,1.0296267261328577e-07,6.277237992113312e-05,2.3894612828311296e-05,0.004800718556845621,0.0002347226929047249,0.00021316050142603714,True,True,True,True,True,True
88,design_000088,150,37.5,219,117,16.666666666666668,2e-05,-div((q + epsilon * max(q)) grad(psi_epsilon)) = -q h,E_q[|grad(psi_epsilon)|^2],391644.4571286771,391644.45712867694,4.458711965966335e-16,139.62704590986132,True,True,79910.46223629553,True,391551.5928694143,46.30928649324924,391597.90215590753,0.0,5.797014649790993e-15,2.160191256646852e-13,14975.50280410465,True,393473.1670703072,245,True,9.654220034984025e-09,9.619972616233395e-09,0.00011096622571264791,-1.5789838572446667e-11,50000.99999999999,True,0.00300511259415369,-323.6146884105023,4.460593547343681e-16,False,False,False,1.0217363872764111e-07,1.0231442226104828e-07,6.375924855788201e-05,0.0002371138227453921,0.00482027186696838,0.0002347226929047249,0.00021316050142603714,True,True,True,True,True,True
88,design_000088,150,37.5,511,273,7.142857142857143,2e-07,-div((q + epsilon * max(q)) grad(psi_epsilon)) = -q h,E_q[|grad(psi_epsilon)|^2],391644.41711293784,391644.41711293743,1.0403662316901486e-15,139.62851502758022,True,True,79910.34571228237,True,391643.48042042216,0.46832970806826124,391643.94875013025,1.486239251218561e-16,7.4311962560928e-16,6.951922718402655e-13,19437.073307556908,True,393531.9649878311,508,True,9.07827119194074e-09,9.062276375323567e-09,5.16345870536302e-06,2.0881255908051932e-10,5000001.0,True,0.0030106879421947915,-323.3745862455568,9.923137480250227e-16,False,False,False,1.0217363872764111e-07,1.0226377673136015e-07,6.252414647000294e-05,2.3916912248721194e-06,0.004798808573192553,0.0002347226929047249,0.00021316050142603714,True,True,True,True,True,True
88,design_000088,150,37.5,511,273,7.142857142857143,2e-06,-div((q + epsilon * max(q)) grad(psi_epsilon)) = -q h,E_q[|grad(psi_epsilon)|^2],391644.41711293784,391644.41711293743,1.0403662316901486e-15,139.62851502758022,True,True,79910.34571228237,True,391635.05892122455,4.677494091956536,391639.7364153165,2.972510473336688e-16,1.3376297130015077e-15,5.670562212533196e-13,18921.627631479743,True,393524.2581297972,542,True,9.909833185821508e-09,9.893733111323907e-09,3.320704250939308e-05,2.3201395453391035e-10,500001.00000000006,True,0.0030106879421947915,-323.3745862455568,9.923137480250227e-16,False,False,False,1.0217363872764111e-07,1.0296267261328577e-07,6.277237992113312e-05,2.3894612828311296e-05,0.004800718556845621,0.0002347226929047249,0.00021316050142603714,True,True,True,True,True,True
88,design_000088,150,37.5,511,273,7.142857142857143,2e-05,-div((q + epsilon * max(q)) grad(psi_epsilon)) = -q h,E_q[|grad(psi_epsilon)|^2],391644.41711293784,391644.41711293743,1.0403662316901486e-15,139.62851502758022,True,True,79910.34571228237,True,391551.5528080393,46.30882960670293,391597.861637646,4.459242499694357e-16,5.945656666259142e-16,1.7972517897032245e-13,14975.61561128014,True,393448.0795168471,535,True,9.873733545912361e-09,9.79698813709231e-09,0.0001746969204536921,1.6240976817373725e-10,50000.99999999999,True,0.0030106879421947915,-323.3745862455568,9.923137480250227e-16,False,False,False,1.0217363872764111e-07,1.0231442226104828e-07,6.375924855788201e-05,0.0002371138227453921,0.00482027186696838,0.0002347226929047249,0.00021316050142603714,True,True,True,True,True,True
138,design_000138,150,37.5,219,117,16.666666666666668,2e-07,-div((q + epsilon * max(q)) grad(psi_epsilon)) = -q h,E_q[|grad(psi_epsilon)|^2],306251.41786818096,306251.4178681805,1.5205196127717935e-15,156.93350683054146,True,True,64765.40250667004,True,306250.32834580675,0.5446700040152326,306250.87301581074,1.900652897419245e-16,1.1403917384515472e-15,1.2476115064012553e-13,24545.22457256357,True,308975.7233973146,232,True,9.836825682015038e-09,9.843178441432224e-09,1.337963558111547e-06,-7.894919286223337e-11,5000001.0,True,0.00300511259415369,-323.63079370817076,4.028641539642607e-15,False,False,False,1.1882853266245979e-07,1.232197793171843e-07,2.685544809199735e-05,3.5619988396952003e-06,0.00884748240518926,0.00033985657072066965,0.0002746831573494677,True,True,True,True,True,True
138,design_000138,150,37.5,219,117,16.666666666666668,2e-06,-div((q + epsilon * max(q)) grad(psi_epsilon)) = -q h,E_q[|grad(psi_epsilon)|^2],306251.41786818096,306251.4178681805,1.5205196127717935e-15,156.93350683054146,True,True,64765.40250667004,True,306240.5700685106,5.415255718826219,306245.9853242294,5.702049695623761e-16,1.5205465854996683e-15,3.538673030612874e-13,23824.02171545198,True,308968.0256646541,232,True,9.96907566697733e-09,9.968504575512176e-09,1.2837892696222154e-05,-7.894919286223337e-11,500001.00000000006,True,0.00300511259415369,-323.63079370817076,4.028641539642607e-15,False,False,False,1.1882853266245979e-07,1.6179711347705363e-07,2.654083038960096e-05,3.5464189750399256e-05,0.00885409749702218,0.00033985657072066965,0.0002746831573494677,True,True,True,True,True,True
138,design_000138,150,37.5,219,117,16.666666666666668,2e-05,-div((q + epsilon * max(q)) grad(psi_epsilon)) = -q h,E_q[|grad(psi_epsilon)|^2],306251.41786818096,306251.4178681805,1.5205196127717935e-15,156.93350683054146,True,True,64765.40250667004,True,306146.3581050752,51.97546728203923,306198.33357235725,3.801958046888746e-16,3.2316643398554343e-15,9.333457322449056e-14,18444.727555424313,True,308891.37032431725,239,True,8.957581125697928e-09,8.957652019453615e-09,0.00010278801310466009,1.5789838572446674e-10,50000.99999999999,True,0.00300511259415369,-323.63079370817076,4.028641539642607e-15,False,False,False,1.1882853266245979e-07,4.856138615202138e-07,2.5180615862430202e-05,0.00034341735899165427,0.00891209694645858,0.00033985657072066965,0.0002746831573494677,True,True,True,True,True,True
138,design_000138,150,37.5,511,273,7.142857142857143,2e-07,-div((q + epsilon * max(q)) grad(psi_epsilon)) = -q h,E_q[|grad(psi_epsilon)|^2],306251.38147677435,306251.381476774,1.1403898450896972e-15,156.93499486602505,True,True,64765.19900745363,True,306250.29060970887,0.5453417878620684,306250.83595149673,1.900653127447665e-16,1.1403918764685991e-15,5.672115721300205e-14,24545.619769876772,True,308984.02130165993,502,True,9.240584161572821e-09,9.066681150221421e-09,4.796181441094168e-06,9.280558181356414e-11,5000001.0,True,0.0030106879421947915,-323.39069356980747,2.1639578093648863e-16,False,False,False,1.1882853266245979e-07,1.232197793171843e-07,2.685544809199735e-05,3.5619988396952003e-06,0.00884748240518926,0.00033985657072066965,0.0002746831573494677,True,True,True,True,True,True
138,design_000138,150,37.5,511,273,7.142857142857143,2e-06,-div((q + epsilon * max(q)) grad(psi_epsilon)) = -q h,E_q[|grad(psi_epsilon)|^2],306251.38147677435,306251.381476774,1.1403898450896972e-15,156.93499486602505,True,True,64765.19900745363,True,306240.52051967033,5.421781871609906,306245.9423015419,1.900683498890373e-16,2.0907518487794105e-15,6.637508986144542e-14,23823.812371489723,True,308976.22615026677,529,True,9.509280596690483e-09,9.525462405369831e-09,3.0224788055797434e-05,5.916355840614714e-10,500001.00000000006,True,0.0030106879421947915,-323.39069356980747,2.1639578093648863e-16,False,False,False,1.1882853266245979e-07,1.6179711347705363e-07,2.654083038960096e-05,3.5464189750399256e-05,0.00885409749702218,0.00033985657072066965,0.0002746831573494677,True,True,True,True,True,True
138,design_000138,150,37.5,511,273,7.142857142857143,2e-05,-div((q + epsilon * max(q)) grad(psi_epsilon)) = -q h,E_q[|grad(psi_epsilon)|^2],306251.38147677435,306251.381476774,1.1403898450896972e-15,156.93499486602505,True,True,64765.19900745363,True,306146.20943616005,52.02858996289474,306198.23802612297,1.9009796166267123e-16,2.6613714632773974e-15,1.8180855838903187e-13,18441.170127764482,True,308899.14859511825,545,True,9.161568164325068e-09,9.096942054945598e-09,0.00015757891787967568,2.9001744316738796e-10,50000.99999999999,True,0.0030106879421947915,-323.39069356980747,2.1639578093648863e-16,False,False,False,1.1882853266245979e-07,4.856138615202138e-07,2.5180615862430202e-05,0.00034341735899165427,0.00891209694645858,0.00033985657072066965,0.0002746831573494677,True,True,True,True,True,True
192,design_000192,150,37.5,219,117,16.666666666666668,2e-07,-div((q + epsilon * max(q)) grad(psi_epsilon)) = -q h,E_q[|grad(psi_epsilon)|^2],304677.0788095351,304677.07880953496,3.8209412497259217e-16,152.0247125722163,True,True,77179.73720315317,True,304676.171605189,0.4535994459523613,304676.6252046349,3.8209469383726074e-16,5.922467754477541e-15,1.3410634774238168e-13,23035.826977710185,True,308831.4633664437,231,True,1.009627338399007e-08,9.939111397319513e-09,1.5431695551080453e-06,-2.1711028037114173e-09,5000001.0,True,0.00300511259415369,-323.57431538448776,1.7329891823005574e-15,False,False,False,1.834546844455604e-06,1.8345277894811394e-06,7.379337963911301e-05,2.977573974479464e-06,0.013383888904089054,0.0002942997158651422,0.0002841397724416004,True,True,True,True,True,True
192,design_000192,150,37.5,219,117,16.666666666666668,2e-06,-div((q + epsilon * max(q)) grad(psi_epsilon)) = -q h,E_q[|grad(psi_epsilon)|^2],304677.0788095351,304677.07880953496,3.8209412497259217e-16,152.0247125722163,True,True,77179.73720315317,True,304668.0082191825,4.5350275686678145,304672.5432467512,1.910499065428604e-16,1.3373493458000227e-15,2.844819504819644e-14,22376.78753669632,True,308823.4991960331,239,True,8.824489119787292e-09,8.781240908279446e-09,1.4853071559813695e-05,1.0263395072090335e-10,500001.00000000006,True,0.00300511259415369,-323.57431538448776,1.7329891823005574e-15,False,False,False,1.834546844455604e-06,1.8342926518832735e-06,7.410609826291472e-05,2.9770906769671605e-05,0.013384572251429161,0.0002942997158651422,0.0002841397724416004,True,True,True,True,True,True
192,design_000192,150,37.5,219,117,16.666666666666668,2e-05,-div((q + epsilon * max(q)) grad(psi_epsilon)) = -q h,E_q[|grad(psi_epsilon)|^2],304677.0788095351,304677.07880953496,3.8209412497259217e-16,152.0247125722163,True,True,77179.73720315317,True,304586.5034421674,45.26441437056765,304631.767856538,0.0,1.7196793095719235e-15,3.7574541159947357e-13,17426.869723476833,True,308744.1874925938,247,True,9.661868473796055e-09,9.653828028913895e-09,0.00011958778270351289,-1.578983857244667e-11,50000.99999999999,True,0.00300511259415369,-323.57431538448776,1.7329891823005574e-15,False,False,False,1.834546844455604e-06,1.827789856295779e-06,7.533314236065238e-05,0.000297276413540447,0.013393915716974875,0.0002942997158651422,0.0002841397724416004,True,True,True,True,True,True
192,design_000192,150,37.5,511,273,7.142857142857143,2e-07,-div((q + epsilon * max(q)) grad(psi_epsilon)) = -q h,E_q[|grad(psi_epsilon)|^2],304676.51986516156,304676.5198651616,1.9104741297172466e-16,152.02601883346594,True,True,77179.50219922051,True,304675.6126682854,0.4535956735803303,304676.066263959,1.9104769740278398e-16,9.55238487013919e-16,4.994016755754932e-13,23036.222070381995,True,308808.673649023,516,True,9.780681224921793e-09,9.711638856533818e-09,5.552065116449339e-06,1.0440627954025957e-10,5000001.0,True,0.0030106879421947915,-323.33421515597263,1.428560064853431e-15,False,False,False,1.834546844455604e-06,1.8345277894811394e-06,7.379337963911301e-05,2.977573974479464e-06,0.013383888904089054,0.0002942997158651422,0.0002841397724416004,True,True,True,True,True,True
192,design_000192,150,37.5,511,273,7.142857142857143,2e-06,-div((q + epsilon * max(q)) grad(psi_epsilon)) = -q h,E_q[|grad(psi_epsilon)|^2],304676.51986516156,304676.5198651616,1.9104741297172466e-16,152.02601883346594,True,True,77179.50219922051,True,304667.44936889375,4.534977004766511,304671.9843458985,0.0,3.056804112182939e-15,7.160954385950229e-14,22377.164795483874,True,308800.6134914558,527,True,9.775867153401324e-09,9.538569907304487e-09,3.529059861481646e-05,2.0881255908051914e-10,500001.00000000006,True,0.0030106879421947915,-323.33421515597263,1.428560064853431e-15,False,False,False,1.834546844455604e-06,1.8342926518832735e-06,7.410609826291472e-05,2.9770906769671605e-05,0.013384572251429161,0.0002942997158651422,0.0002841397724416004,True,True,True,True,True,True
192,design_000192,150,37.5,511,273,7.142857142857143,2e-05,-div((q + epsilon * max(q)) grad(psi_epsilon)) = -q h,E_q[|grad(psi_epsilon)|^2],304676.51986516156,304676.5198651616,1.9104741297172466e-16,152.02601883346594,True,True,77179.50219922051,True,304585.94672204606,45.26310342367341,304631.20982546976,1.1464549731489925e-15,9.553791442908274e-16,1.0646176914632404e-13,17427.127468270064,True,308720.92882276437,538,True,8.844171776329684e-09,8.826612832675514e-09,0.00018496948682205416,1.508090704470416e-10,50000.99999999999,True,0.0030106879421947915,-323.33421515597263,1.428560064853431e-15,False,False,False,1.834546844455604e-06,1.827789856295779e-06,7.533314236065238e-05,0.000297276413540447,0.013393915716974875,0.0002942997158651422,0.0002841397724416004,True,True,True,True,True,True
223,design_000223,150,37.5,219,117,16.666666666666668,2e-07,-div((q + epsilon * max(q)) grad(psi_epsilon)) = -q h,E_q[|grad(psi_epsilon)|^2],596724.6027474707,596724.6027474705,3.9018106942777047e-16,148.03853049546086,True,True,85615.06802183906,True,596722.7867894522,0.9079176991247754,596723.6947071513,0.0,1.3656358210955026e-15,1.3763636281824222e-13,21841.84666033576,True,598874.7059100335,229,True,8.909938294361727e-09,8.834260025815174e-09,2.099677413143335e-06,3.1579677144893354e-11,5000001.0,True,0.00300511259415369,-323.5976020643509,2.157888930043489e-15,False,False,False,6.405573507533674e-06,6.40167733299114e-06,4.3393256515135247e-05,3.047105752257713e-06,0.003630129906396452,0.0002972534766008584,0.00028518376950215736,True,True,True,True,True,True
223,design_000223,150,37.5,219,117,16.666666666666668,2e-06,-div((q + epsilon * max(q)) grad(psi_epsilon)) = -q h,E_q[|grad(psi_epsilon)|^2],596724.6027474707,596724.6027474705,3.9018106942777047e-16,148.03853049546086,True,True,85615.06802183906,True,596706.4750408024,9.05804472896907,596715.5330855313,1.1705609997276348e-15,7.803739998184241e-16,9.016005648132558e-13,21201.833471312944,True,598859.2194329923,228,True,9.466230148383648e-09,9.458962175691562e-09,2.0083457897739505e-05,1.421085471520201e-10,500001.00000000006,True,0.00300511259415369,-323.5976020643509,2.157888930043489e-15,False,False,False,6.405573507533674e-06,6.367169754865512e-06,4.302580926483351e-05,3.04170843611309e-05,0.003631269100423712,0.0002972534766008584,0.00028518376950215736,True,True,True,True,True,True
223,design_000223,150,37.5,219,117,16.666666666666668,2e-05,-div((q + epsilon * max(q)) grad(psi_epsilon)) = -q h,E_q[|grad(psi_epsilon)|^2],596724.6027474707,596724.6027474705,3.9018106942777047e-16,148.03853049546086,True,True,85615.06802183906,True,596545.6135589636,89.12425076227606,596634.7378097259,3.9023983837850566e-16,7.024317090813055e-15,1.2151522756860973e-13,16423.914902243523,True,598705.0725793908,248,True,9.423077904204489e-09,9.433763479834871e-09,0.00015582560470265273,2.368475785867002e-10,50000.99999999999,True,0.00300511259415369,-323.5976020643509,2.157888930043489e-15,False,False,False,6.405573507533674e-06,6.058549822246276e-06,4.14624769545683e-05,0.0003002996765903377,0.003642159229458148,0.0002972534766008584,0.00028518376950215736,True,True,True,True,True,True
223,design_000223,150,37.5,511,273,7.142857142857143,2e-07,-div((q + epsilon * max(q)) grad(psi_epsilon)) = -q h,E_q[|grad(psi_epsilon)|^2],596728.425135262,596728.425135262,0.0,148.04014297339296,True,True,85614.93706723985,True,596726.6068406452,0.9090853508533145,596727.515925996,5.852687468900235e-16,8.583941621053609e-15,6.97417204879205e-13,21842.24288417366,True,598900.6941614824,512,True,9.912100329192096e-09,9.654202052855097e-09,8.026187073642378e-06,1.2760767499365058e-10,5000001.0,True,0.0030106879421947915,-323.3574995379848,2.5528837391898446e-16,False,False,False,6.405573507533674e-06,6.40167733299114e-06,4.3393256515135247e-05,3.047105752257713e-06,0.003630129906396452,0.0002972534766008584,0.00028518376950215736,True,True,True,True,True,True
223,design_000223,150,37.5,511,273,7.142857142857143,2e-06,-div((q + epsilon * max(q)) grad(psi_epsilon)) = -q h,E_q[|grad(psi_epsilon)|^2],596728.425135262,596728.425135262,0.0,148.04014297339296,True,True,85614.93706723985,True,596710.2743964139,9.069500208042776,596719.343896622,1.9509225403475955e-16,1.9509225403475955e-15,6.572805704555802e-13,21201.54639708911,True,598884.9869442121,541,True,9.336596831456446e-09,9.219070800056977e-09,5.011306641484501e-05,1.3920837272034607e-10,500001.00000000006,True,0.0030106879421947915,-323.3574995379848,2.5528837391898446e-16,False,False,False,6.405573507533674e-06,6.367169754865512e-06,4.302580926483351e-05,3.04170843611309e-05,0.003631269100423712,0.0002972534766008584,0.00028518376950215736,True,True,True,True,True,True
223,design_000223,150,37.5,511,273,7.142857142857143,2e-05,-div((q + epsilon * max(q)) grad(psi_epsilon)) = -q h,E_q[|grad(psi_epsilon)|^2],596728.425135262,596728.425135262,0.0,148.04014297339296,True,True,85614.93706723985,True,596549.2277821816,89.2248815510207,596638.4526637326,5.853561129383671e-16,3.902374086255781e-15,9.136376734567524e-13,16419.83900404572,True,598729.897403964,553,True,9.9200216390204e-09,9.916010476996322e-09,0.00025302359695528957,3.248195363474742e-10,50000.99999999999,True,0.0030106879421947915,-323.3574995379848,2.5528837391898446e-16,False,False,False,6.405573507533674e-06,6.058549822246276e-06,4.14624769545683e-05,0.0003002996765903377,0.003642159229458148,0.0002972534766008584,0.00028518376950215736,True,True,True,True,True,True
241,design_000241,150,37.5,219,117,16.666666666666668,2e-07,-div((q + epsilon * max(q)) grad(psi_epsilon)) = -q h,E_q[|grad(psi_epsilon)|^2],233191.04186753512,233191.0418675353,7.488408703092343e-16,150.86900632035284,True,True,53687.18147179584,True,233190.45286231217,0.29450016475824586,233190.74736247692,1.2480696934125803e-16,9.984557547300633e-16,2.5924890484748584e-13,22679.31797283333,True,236113.7966566385,225,True,9.527953725925443e-09,9.523377923194492e-09,1.2771956864650406e-06,1.8947806286936014e-10,5000001.0,True,0.00300511259415369,-323.6245354704669,2.518679511535797e-16,False,False,False,2.2202958238529545e-06,2.2201686236887904e-06,4.751726873627804e-05,2.5259756128019306e-06,0.012331955979359654,0.00024951791538607867,0.0002278640273505286,True,True,True,True,True,True
241,design_000241,150,37.5,219,117,16.666666666666668,2e-06,-div((q + epsilon * max(q)) grad(psi_epsilon)) = -q h,E_q[|grad(psi_epsilon)|^2],233191.04186753512,233191.0418675353,7.488408703092343e-16,150.86900632035284,True,True,53687.18147179584,True,233185.15311888998,2.9441342642264985,233188.0972531542,2.4961677546635607e-16,5.616377447993013e-15,1.3069975384206744e-12,21966.426986079136,True,236108.90919031517,235,True,8.92921256625403e-09,8.91969812704531e-09,1.2341461228617472e-05,1.1842378929335012e-10,500001.00000000006,True,0.00300511259415369,-323.6245354704669,2.518679511535797e-16,False,False,False,2.2202958238529545e-06,2.218976769052594e-06,4.7715637250271004e-05,2.525421295199496e-05,0.01233376374495776,0.00024951791538607867,0.0002278640273505286,True,True,True,True,True,True
241,design_000241,150,37.5,219,117,16.666666666666668,2e-05,-div((q + epsilon * max(q)) grad(psi_epsilon)) = -q h,E_q[|grad(psi_epsilon)|^2],233191.04186753512,233191.0418675353,7.488408703092343e-16,150.86900632035284,True,True,53687.18147179584,True,233132.27146654497,29.364327626604517,233161.63579417157,1.2482255220762703e-16,1.3730480742838976e-15,1.8925948476541208e-13,16742.69752076764,True,236060.23076418156,234,True,9.786841483622427e-09,9.802110823147868e-09,0.00010164799473815052,4.342205607422837e-10,50000.99999999999,True,0.00300511259415369,-323.6245354704669,2.518679511535797e-16,False,False,False,2.2202958238529545e-06,2.2038692476181453e-06,4.851674649619553e-05,0.00025204326072271135,0.012353347707006381,0.00024951791538607867,0.0002278640273505286,True,True,True,True,True,True
241,design_000241,150,37.5,511,273,7.142857142857143,2e-07,-div((q + epsilon * max(q)) grad(psi_epsilon)) = -q h,E_q[|grad(psi_epsilon)|^2],233191.5596217811,233191.5596217817,2.496130692203253e-15,150.87102818863374,True,True,53687.11707256436,True,233190.9705855884,0.2945156707348789,233191.26510125914,2.496133844815832e-16,2.496133844815832e-16,4.438888160246518e-13,22679.913322620425,True,236102.57717391042,510,True,8.80462979506713e-09,8.796867727996878e-09,4.00595052143033e-06,-3.4802093180086537e-11,5000001.0,True,0.0030106879421947915,-323.38443569523224,3.9346488529745706e-16,False,False,False,2.2202958238529545e-06,2.2201686236887904e-06,4.751726873627804e-05,2.5259756128019306e-06,0.012331955979359654,0.00024951791538607867,0.0002278640273505286,True,True,True,True,True,True
241,design_000241,150,37.5,511,273,7.142857142857143,2e-06,-div((q + epsilon * max(q)) grad(psi_epsilon)) = -q h,E_q[|grad(psi_epsilon)|^2],233191.5596217811,233191.5596217817,2.496130692203253e-15,150.87102818863374,True,True,53687.11707256436,True,233185.6705524758,2.944296588266314,233188.6148490641,3.74424332108646e-16,4.99232442811528e-16,2.39711103911092e-13,21966.898416157983,True,236097.6431032527,511,True,8.36171291749413e-09,8.36017178652497e-09,2.6085195515597085e-05,1.044062795402596e-10,500001.00000000006,True,0.0030106879421947915,-323.38443569523224,3.9346488529745706e-16,False,False,False,2.2202958238529545e-06,2.218976769052594e-06,4.7715637250271004e-05,2.525421295199496e-05,0.01233376374495776,0.00024951791538607867,0.0002278640273505286,True,True,True,True,True,True
241,design_000241,150,37.5,511,273,7.142857142857143,2e-05,-div((q + epsilon * max(q)) grad(psi_epsilon)) = -q h,E_q[|grad(psi_epsilon)|^2],233191.5596217811,233191.5596217817,2.496130692203253e-15,150.87102818863374,True,True,53687.11707256436,True,233132.78526072102,29.366427162164815,233162.1516878832,1.248222760257112e-16,1.123400484231401e-15,2.480344696256045e-13,16742.474964371893,True,236048.77788980774,528,True,9.52189212628921e-09,9.512948095314115e-09,0.00014476780976310926,6.380383749682532e-11,50000.99999999999,True,0.0030106879421947915,-323.38443569523224,3.9346488529745706e-16,False,False,False,2.2202958238529545e-06,2.2038692476181453e-06,4.851674649619553e-05,0.00025204326072271135,0.012353347707006381,0.00024951791538607867,0.0002278640273505286,True,True,True,True,True,True
56,design_000056,180,45.0,219,117,16.666666666666668,2e-07,-div((q + epsilon * max(q)) grad(psi_epsilon)) = -q h,E_q[|grad(psi_epsilon)|^2],420191.767767534,420191.76776753395,1.3852641907461188e-16,54.43303895650463,True,True,55060.53683930506,True,420190.7085134275,0.5296263713264019,420191.23813979886,4.1557978103842477e-16,1.5237925304742243e-15,2.943979729853158e-14,2961.665994216001,True,421501.45214023755,241,True,9.481200285265056e-09,9.47944148058581e-09,7.929584260486042e-07,-1.5789838572446667e-11,5000001.0,True,0.0015610974515084103,-324.43705365668626,4.558256671231734e-16,False,False,False,5.822293468882996e-05,5.822321509292128e-05,3.4134730325904016e-05,2.5211629969954993e-06,0.0031337157276674996,0.00024949980625479516,0.000249037774960367,True,True,True,True,True,True
56,design_000056,180,45.0,219,117,16.666666666666668,2e-06,-div((q + epsilon * max(q)) grad(psi_epsilon)) = -q h,E_q[|grad(psi_epsilon)|^2],420191.767767534,420191.76776753395,1.3852641907461188e-16,54.43303895650463,True,True,55060.53683930506,True,420181.17559458374,5.296018321972496,420186.47161290573,1.3852816510259012e-16,4.571429448385454e-15,8.861565730648001e-14,2950.111237513537,True,421491.90825114574,252,True,9.41696551246578e-09,9.392623589468715e-09,7.853005315213379e-06,-4.736951571734e-11,500001.00000000006,True,0.0015610974515084103,-324.43705365668626,4.558256671231734e-16,False,False,False,5.822293468882996e-05,5.822573771501409e-05,3.415362159463111e-05,2.5210752828334855e-05,0.0031337437948849474,0.00024949980625479516,0.000249037774960367,True,True,True,True,True,True
56,design_000056,180,45.0,219,117,16.666666666666668,2e-05,-div((q + epsilon * max(q)) grad(psi_epsilon)) = -q h,E_q[|grad(psi_epsilon)|^2],420191.767767534,420191.76776753395,1.3852641907461188e-16,54.43303895650463,True,True,55060.53683930506,True,420085.8826330438,52.9358061988099,420138.8184392426,6.927193865315848e-16,4.156316319189507e-16,1.1273650972441533e-13,2839.5686671189987,True,421396.5583559469,253,True,9.263602858107786e-09,9.26127789530551e-09,7.712125242267203e-05,-6.315935428978667e-11,50000.99999999999,True,0.0015610974515084103,-324.43705365668626,4.558256671231734e-16,False,False,False,5.822293468882996e-05,5.825087444632877e-05,3.4315075649552146e-05,0.0002520203402221114,0.003134176425818436,0.00024949980625479516,0.000249037774960367,True,True,True,True,True,True
56,design_000056,180,45.0,511,273,7.142857142857143,2e-07,-div((q + epsilon * max(q)) grad(psi_epsilon)) = -q h,E_q[|grad(psi_epsilon)|^2],420167.3029696825,420167.3029696826,2.770689699177635e-16,54.43181553556801,True,True,55061.31193802928,True,420166.2436594257,0.52965444483882,420166.77331387054,5.541386383733435e-16,5.541386383733435e-16,4.947602930347097e-14,2961.5326238268835,True,421487.06430183677,541,True,9.919002117094781e-09,9.917869595915218e-09,1.4357741211089129e-06,-6.96041863601731e-11,5000001.0,True,0.0015698587127158557,-323.7935308121053,3.796392403149212e-16,False,False,False,5.822293468882996e-05,5.822321509292128e-05,3.4134730325904016e-05,2.5211629969954993e-06,0.0031337157276674996,0.00024949980625479516,0.000249037774960367,True,True,True,True,True,True
56,design_000056,180,45.0,511,273,7.142857142857143,2e-06,-div((q + epsilon * max(q)) grad(psi_epsilon)) = -q h,E_q[|grad(psi_epsilon)|^2],420167.3029696825,420167.3029696826,2.770689699177635e-16,54.43181553556801,True,True,55061.31193802928,True,420156.7102356608,5.296298780160581,420162.00653444097,4.1560869384816255e-16,2.2165797005235298e-15,5.860031016334235e-14,2949.97623894151,True,421477.51277600613,557,True,9.77732930088238e-09,9.370542886780736e-09,1.4057174397592748e-05,-3.480209318008655e-11,500001.00000000006,True,0.0015698587127158557,-323.7935308121053,3.796392403149212e-16,False,False,False,5.822293468882996e-05,5.822573771501409e-05,3.415362159463111e-05,2.5210752828334855e-05,0.0031337437948849474,0.00024949980625479516,0.000249037774960367,True,True,True,True,True,True
56,design_000056,180,45.0,511,273,7.142857142857143,2e-05,-div((q + epsilon * max(q)) grad(psi_epsilon)) = -q h,E_q[|grad(psi_epsilon)|^2],420167.3029696825,420167.3029696826,2.770689699177635e-16,54.43181553556801,True,True,55061.31193802928,True,420061.41226303787,52.938585355749,420114.35084839363,1.3855194614495035e-16,4.1565583843485085e-16,5.888121336042285e-14,2839.418996495155,True,421382.09810116846,565,True,9.73587118604852e-09,9.92684779130472e-09,0.00012085917740903656,1.4500872158369395e-09,50000.99999999999,True,0.0015698587127158557,-323.7935308121053,3.796392403149212e-16,False,False,False,5.822293468882996e-05,5.825087444632877e-05,3.4315075649552146e-05,0.0002520203402221114,0.003134176425818436,0.00024949980625479516,0.000249037774960367,True,True,True,True,True,True
88,design_000088,180,45.0,219,117,16.666666666666668,2e-07,-div((q + epsilon * max(q)) grad(psi_epsilon)) = -q h,E_q[|grad(psi_epsilon)|^2],338512.9636242692,338512.96362426935,5.158531622269688e-16,49.58897282689485,True,True,55605.030712459906,True,338512.2927727482,0.33542531413990295,338512.62819806236,1.719512244589302e-16,7.90975632511079e-15,1.2810222302530324e-13,2458.1372944289396,True,339432.3897845105,241,True,9.774160819665622e-09,9.677836521314583e-09,6.565362825837479e-07,9.473903143468002e-11,5000001.0,True,0.0015610974515084103,-324.4546678744601,1.2918104461840849e-15,False,False,False,2.464092276359565e-05,2.4641472759609736e-05,1.5495015599837485e-05,1.9823102157631987e-06,0.002719814831190639,0.00019617133493067467,0.00019471095063623101,True,True,True,True,True,True
88,design_000088,180,45.0,219,117,16.666666666666668,2e-06,-div((q + epsilon * max(q)) grad(psi_epsilon)) = -q h,E_q[|grad(psi_epsilon)|^2],338512.9636242692,338512.96362426935,5.158531622269688e-16,49.58897282689485,True,True,55605.030712459906,True,338506.2553498216,3.354092659444036,338509.609442481,3.439055157656194e-16,5.158582736484288e-16,2.0625281533164385e-14,2449.809972734489,True,339426.38046482083,246,True,9.098587118954113e-09,9.102390632766159e-09,6.51646422438296e-06,6.315935428978668e-11,500001.00000000006,True,0.0015610974515084103,-324.4546678744601,1.2918104461840849e-15,False,False,False,2.464092276359565e-05,2.4646419714971285e-05,1.5508771361806905e-05,1.9822387816490392e-05,0.0027199368323505475,0.00019617133493067467,0.00019471095063623101,True,True,True,True,True,True
88,design_000088,180,45.0,219,117,16.666666666666668,2e-05,-div((q + epsilon * max(q)) grad(psi_epsilon)) = -q h,E_q[|grad(psi_epsilon)|^2],338512.9636242692,338512.96362426935,5.158531622269688e-16,49.58897282689485,True,True,55605.030712459906,True,338445.904683916,33.525081856179824,338479.4297657722,3.43936179245794e-16,2.7514894339663534e-15,9.433673197932229e-14,2369.6851092471634,True,339366.34461150516,252,True,8.712544771344705e-09,8.697965521669958e-09,6.420307060522794e-05,3.157967714489334e-11,50000.99999999999,True,0.0015610974515084103,-324.4546678744601,1.2918104461840849e-15,False,False,False,2.464092276359565e-05,2.4695599814473535e-05,1.563064947704205e-05,0.00019815325627399658,0.0027212715271448733,0.00019617133493067467,0.00019471095063623101,True,True,True,True,True,True
88,design_000088,180,45.0,511,273,7.142857142857143,2e-07,-div((q + epsilon * max(q)) grad(psi_epsilon)) = -q h,E_q[|grad(psi_epsilon)|^2],338504.62235247804,338504.6223524779,3.4391058242541187e-16,49.5876941325765,True,True,55606.034177798145,True,338503.95133130706,0.3355101374172694,338504.2868414445,3.439109232949352e-16,1.7195546164746768e-16,9.353563733527341e-14,2458.010265347605,True,339427.1302743357,538,True,9.958443076743646e-09,9.806852120150185e-09,1.1138411164869795e-06,0.0,5000001.0,True,0.0015698587127158557,-323.8111419619428,5.217834567606682e-16,False,False,False,2.464092276359565e-05,2.4641472759609736e-05,1.5495015599837485e-05,1.9823102157631987e-06,0.002719814831190639,0.00019617133493067467,0.00019471095063623101,True,True,True,True,True,True
88,design_000088,180,45.0,511,273,7.142857142857143,2e-06,-div((q + epsilon * max(q)) grad(psi_epsilon)) = -q h,E_q[|grad(psi_epsilon)|^2],338504.62235247804,338504.6223524779,3.4391058242541187e-16,49.5876941325765,True,True,55606.034177798145,True,338497.9123825761,3.3549401925330966,338501.26732276863,3.4391399106913867e-16,3.4391399106913877e-16,9.8764995905663e-14,2449.681048560496,True,339421.11637869204,558,True,9.985312449973754e-09,9.926740301598039e-09,1.0943008434046335e-05,5.8003488633477606e-11,500001.00000000006,True,0.0015698587127158557,-323.8111419619428,5.217834567606682e-16,False,False,False,2.464092276359565e-05,2.4646419714971285e-05,1.5508771361806905e-05,1.9822387816490392e-05,0.0027199368323505475,0.00019617133493067467,0.00019471095063623101,True,True,True,True,True,True
88,design_000088,180,45.0,511,273,7.142857142857143,2e-05,-div((q + epsilon * max(q)) grad(psi_epsilon)) = -q h,E_q[|grad(psi_epsilon)|^2],338504.62235247804,338504.6223524779,3.4391058242541187e-16,49.5876941325765,True,True,55606.034177798145,True,338437.5465592951,33.533489674736735,338471.08004896983,0.0,1.203806323232464e-15,1.0644759543981308e-14,2369.53880695584,True,339361.04009512824,563,True,9.986136642569794e-09,9.990442693269297e-09,9.636924212997351e-05,1.740104659004328e-10,50000.99999999999,True,0.0015698587127158557,-323.8111419619428,5.217834567606682e-16,False,False,False,2.464092276359565e-05,2.4695599814473535e-05,1.563064947704205e-05,0.00019815325627399658,0.0027212715271448733,0.00019617133493067467,0.00019471095063623101,True,True,True,True,True,True
138,design_000138,180,45.0,219,117,16.666666666666668,2e-07,-div((q + epsilon * max(q)) grad(psi_epsilon)) = -q h,E_q[|grad(psi_epsilon)|^2],358538.05620521604,358538.0562052159,3.2469446356428705e-16,55.44299925406779,True,True,54678.71704410196,True,358537.39683104074,0.329686795762394,358537.7265178365,6.493895242633185e-16,3.0846002402507627e-15,8.843303459755659e-14,3072.6954493663475,True,359660.78327456926,243,True,9.169562510057049e-09,9.05634633316434e-09,5.163507531016445e-07,7.894919286223341e-11,5000001.0,True,0.0015610974515084103,-324.49746778770594,9.311593413319353e-16,False,False,False,2.9413109087497788e-05,2.9413197237431192e-05,3.619644642255529e-05,1.8391514369734839e-06,0.003116698731463255,0.00018202798022542117,0.0001809078325572183,True,True,True,True,True,True
138,design_000138,180,45.0,219,117,16.666666666666668,2e-06,-div((q + epsilon * max(q)) grad(psi_epsilon)) = -q h,E_q[|grad(psi_epsilon)|^2],358538.05620521604,358538.0562052159,3.2469446356428705e-16,55.44299925406779,True,True,54678.71704410196,True,358531.4626211538,3.296762829912949,358534.75938398374,0.0,1.623487246075579e-16,3.85149829735443e-14,3061.665446541477,True,359654.8679867027,242,True,9.738156863573788e-09,9.716361067599668e-09,5.120102299982391e-06,-1.1052887000712678e-10,500001.00000000006,True,0.0015610974515084103,-324.49746778770594,9.311593413319353e-16,False,False,False,2.9413109087497788e-05,2.941399043409027e-05,3.620969483787635e-05,1.839107438637929e-05,0.003116790298869963,0.00018202798022542117,0.0001809078325572183,True,True,True,True,True,True
138,design_000138,180,45.0,219,117,16.666666666666668,2e-05,-div((q + epsilon * max(q)) grad(psi_epsilon)) = -q h,E_q[|grad(psi_epsilon)|^2],358538.05620521604,358538.0562052159,3.2469446356428705e-16,55.44299925406779,True,True,54678.71704410196,True,358472.1361160362,32.957128995456394,358505.09324503166,3.247243177863781e-16,3.57196749565016e-15,1.0828614196104404e-13,2955.7782956210403,True,359595.76409389084,245,True,9.647469067002593e-09,9.620053971128192e-09,5.036615106537422e-05,-3.1579677144893367e-11,50000.99999999999,True,0.0015610974515084103,-324.49746778770594,9.311593413319353e-16,False,False,False,2.9413109087497788e-05,2.942190944609422e-05,3.6325119809051496e-05,0.00018386679688537326,0.0031178155900171015,0.00018202798022542117,0.0001809078325572183,True,True,True,True,True,True
138,design_000138,180,45.0,511,273,7.142857142857143,2e-07,-div((q + epsilon * max(q)) grad(psi_epsilon)) = -q h,E_q[|grad(psi_epsilon)|^2],358527.51048625686,358527.510486257,3.2470401411887535e-16,55.44180748231016,True,True,54680.17991295006,True,358526.85109987075,0.32969290072472585,358527.18079277145,6.494086254186838e-16,3.8964517525120874e-15,1.2121217573031492e-13,3072.5632299204844,True,359647.76483229717,540,True,9.493240240617417e-09,9.441563285347027e-09,9.157526252036491e-07,-8.120488408686861e-11,5000001.0,True,0.0015698587127158557,-323.85394424147296,3.364662180460852e-16,False,False,False,2.9413109087497788e-05,2.9413197237431192e-05,3.619644642255529e-05,1.8391514369734839e-06,0.003116698731463255,0.00018202798022542117,0.0001809078325572183,True,True,True,True,True,True
138,design_000138,180,45.0,511,273,7.142857142857143,2e-06,-div((q + epsilon * max(q)) grad(psi_epsilon)) = -q h,E_q[|grad(psi_epsilon)|^2],358527.51048625686,358527.510486257,3.2470401411887535e-16,55.44180748231016,True,True,54680.17991295006,True,358520.91678014194,3.296823846912336,358524.2136039889,3.247070000006259e-16,2.110595500004064e-15,4.5546823489243995e-14,3061.5326038797434,True,359641.84499368595,541,True,9.648025228502094e-09,9.75063805803024e-09,8.982047028980248e-06,-1.983719311264933e-09,500001.00000000006,True,0.0015698587127158557,-323.85394424147296,3.364662180460852e-16,False,False,False,2.9413109087497788e-05,2.941399043409027e-05,3.620969483787635e-05,1.839107438637929e-05,0.003116790298869963,0.00018202798022542117,0.0001809078325572183,True,True,True,True,True,True
138,design_000138,180,45.0,511,273,7.142857142857143,2e-05,-div((q + epsilon * max(q)) grad(psi_epsilon)) = -q h,E_q[|grad(psi_epsilon)|^2],358527.51048625686,358527.510486257,3.2470401411887535e-16,55.44180748231016,True,True,54680.17991295006,True,358461.58918130846,32.95773600932145,358494.5469173178,1.6236693532438098e-16,1.1365685472706656e-15,5.644857233379064e-14,2955.6399035104996,True,359582.7017346773,551,True,9.680863518271997e-09,9.689238092057886e-09,7.811363813973774e-05,1.8561116362712825e-10,50000.99999999999,True,0.0015698587127158557,-323.85394424147296,3.364662180460852e-16,False,False,False,2.9413109087497788e-05,2.942190944609422e-05,3.6325119809051496e-05,0.00018386679688537326,0.0031178155900171015,0.00018202798022542117,0.0001809078325572183,True,True,True,True,True,True
192,design_000192,180,45.0,219,117,16.666666666666668,2e-07,-div((q + epsilon * max(q)) grad(psi_epsilon)) = -q h,E_q[|grad(psi_epsilon)|^2],262204.76992411824,262204.76992411807,6.659794281810278e-16,53.36394207289802,True,True,29457.822744021858,True,262204.158597887,0.30566267060244506,262204.4642605576,6.659802045432606e-16,3.329901022716303e-15,6.733355745337863e-14,2846.6418147129543,True,263153.96884320216,245,True,1.0121045969428467e-08,9.952242824533955e-09,7.026498904828738e-07,1.405295632947755e-09,5000001.0,True,0.0015610974515084103,-324.43257188619725,1.530019536799642e-15,False,False,False,7.96354966476026e-06,7.961427616286873e-06,3.194198481134817e-05,2.333606081060811e-06,0.003633226971268429,0.00023092679180684647,0.00022873999314209267,True,True,True,True,True,True
192,design_000192,180,45.0,219,117,16.666666666666668,2e-06,-div((q + epsilon * max(q)) grad(psi_epsilon)) = -q h,E_q[|grad(psi_epsilon)|^2],262204.76992411824,262204.76992411807,6.659794281810278e-16,53.36394207289802,True,True,29457.822744021858,True,262198.6569019661,3.056466617325111,262201.7133685834,2.2199573056047674e-16,2.219957305604768e-15,1.326866459562508e-14,2837.0631309981513,True,263148.50043800357,241,True,9.624955623094318e-09,9.63381116074788e-09,6.9863407361595665e-06,1.263187085795735e-10,500001.00000000006,True,0.0015610974515084103,-324.43257188619725,1.530019536799642e-15,False,False,False,7.96354966476026e-06,7.942335954099483e-06,3.1910399499377804e-05,2.3335137665691458e-05,0.003633416030983704,0.00023092679180684647,0.00022873999314209267,True,True,True,True,True,True
192,design_000192,180,45.0,219,117,16.666666666666668,2e-05,-div((q + epsilon * max(q)) grad(psi_epsilon)) = -q h,E_q[|grad(psi_epsilon)|^2],262204.76992411824,262204.76992411807,6.659794281810278e-16,53.36394207289802,True,True,29457.822744021858,True,262143.66351364236,30.548810865297156,262174.21232450765,8.880760681591443e-16,1.1100950851989301e-15,1.205710056420774e-13,2744.8771296847294,True,263093.8605295677,246,True,9.879558320559647e-09,9.852117784108916e-09,6.894537673601608e-05,1.105288700071268e-10,50000.99999999999,True,0.0015610974515084103,-324.43257188619725,1.530019536799642e-15,False,False,False,7.96354966476026e-06,7.752074956082925e-06,3.161692709285295e-05,0.00023325985899574163,0.003635406323302263,0.00023092679180684647,0.00022873999314209267,True,True,True,True,True,True
192,design_000192,180,45.0,511,273,7.142857142857143,2e-07,-div((q + epsilon * max(q)) grad(psi_epsilon)) = -q h,E_q[|grad(psi_epsilon)|^2],262206.85802145454,262206.8580214547,6.659741246207753e-16,53.36261635665656,True,True,29460.308054143174,True,262206.24613393616,0.3059433108111795,262206.55207724695,4.4398326778896973e-16,1.1099581694724247e-15,6.577717365087898e-14,2846.4994509384032,True,263162.37477178004,539,True,9.362402346317977e-09,9.361501127541074e-09,1.2879618798586327e-06,-3.4802093180086575e-11,5000001.0,True,0.0015698587127158557,-323.7890457949996,7.45723051985417e-16,False,False,False,7.96354966476026e-06,7.961427616286873e-06,3.194198481134817e-05,2.333606081060811e-06,0.003633226971268429,0.00023092679180684647,0.00022873999314209267,True,True,True,True,True,True
192,design_000192,180,45.0,511,273,7.142857142857143,2e-06,-div((q + epsilon * max(q)) grad(psi_epsilon)) = -q h,E_q[|grad(psi_epsilon)|^2],262206.85802145454,262206.8580214547,6.659741246207753e-16,53.36261635665656,True,True,29460.308054143174,True,262200.7393883257,3.0592717551530195,262203.7986600809,8.879758601655867e-16,4.439879300827933e-15,1.0141220675107612e-14,2836.912959251601,True,263156.8978797459,536,True,1.011293048949395e-08,9.957086688310016e-09,1.2653838493230968e-05,-1.5080907044704181e-10,500001.00000000006,True,0.0015698587127158557,-323.7890457949996,7.45723051985417e-16,False,False,False,7.96354966476026e-06,7.942335954099483e-06,3.1910399499377804e-05,2.3335137665691458e-05,0.003633416030983704,0.00023092679180684647,0.00022873999314209267,True,True,True,True,True,True
192,design_000192,180,45.0,511,273,7.142857142857143,2e-05,-div((q + epsilon * max(q)) grad(psi_epsilon)) = -q h,E_q[|grad(psi_epsilon)|^2],262206.85802145454,262206.8580214547,6.659741246207753e-16,53.36261635665656,True,True,29460.308054143174,True,262145.69568672474,30.576738942922653,262176.2724256677,8.880690899283484e-16,1.9981554523387814e-15,3.272847155209008e-14,2744.6548359485914,True,263102.1790119795,539,True,9.69950071739008e-09,9.688009271267832e-09,0.00011055582398040028,1.5080907044704181e-10,50000.99999999999,True,0.0015698587127158557,-323.7890457949996,7.45723051985417e-16,False,False,False,7.96354966476026e-06,7.752074956082925e-06,3.161692709285295e-05,0.00023325985899574163,0.003635406323302263,0.00023092679180684647,0.00022873999314209267,True,True,True,True,True,True
223,design_000223,180,45.0,219,117,16.666666666666668,2e-07,-div((q + epsilon * max(q)) grad(psi_epsilon)) = -q h,E_q[|grad(psi_epsilon)|^2],298132.6459347381,298132.6459347381,0.0,56.151329203609954,True,True,52625.694365954754,True,298131.6546757826,0.4956262075447711,298132.15030199016,0.0,1.9524114005989124e-16,2.2628707668207744e-14,3151.340835421916,True,301934.64745152544,246,True,8.716682083205286e-09,8.728607292483802e-09,8.704300486054969e-07,1.1447632965023839e-10,5000001.0,True,0.0015610974515084103,-324.47293222238164,3.0766181506053795e-16,False,False,False,0.00026600028061242654,0.0002660034856248051,0.000319889565177747,3.32809821034606e-06,0.01254219256030448,0.00032883595690821925,0.0003089948920769755,True,True,True,True,True,True
223,design_000223,180,45.0,219,117,16.666666666666668,2e-06,-div((q + epsilon * max(q)) grad(psi_epsilon)) = -q h,E_q[|grad(psi_epsilon)|^2],298132.6459347381,298132.6459347381,0.0,56.151329203609954,True,True,52625.694365954754,True,298122.73510849295,4.955086791417823,298127.6901952844,1.366708426605308e-15,1.757196548492539e-15,4.3949244592808216e-14,3136.741781497707,True,301926.17162035673,248,True,9.679031520887914e-09,9.485935984694036e-09,8.6777374287132e-06,1.9895196601282813e-09,500001.00000000006,True,0.0015610974515084103,-324.47293222238164,3.0766181506053795e-16,False,False,False,0.00026600028061242654,0.00026603228159992386,0.00031995317415186767,3.3275017482035766e-05,0.012543981539140867,0.00032883595690821925,0.0003089948920769755,True,True,True,True,True,True
223,design_000223,180,45.0,219,117,16.666666666666668,2e-05,-div((q + epsilon * max(q)) grad(psi_epsilon)) = -q h,E_q[|grad(psi_epsilon)|^2],298132.6459347381,298132.6459347381,0.0,56.151329203609954,True,True,52625.694365954754,True,298033.7112769687,49.43538151924096,298083.14665848797,7.810929476017048e-16,2.9290985535063842e-15,4.526113077836727e-14,2998.204072789357,True,301841.52752901526,253,True,9.102831798886917e-09,9.131722240292022e-09,8.53584820437394e-05,-4.0264088359739024e-10,50000.99999999999,True,0.0015610974515084103,-324.47293222238164,3.0766181506053795e-16,False,False,False,0.00026600028061242654,0.00026631547850271563,0.0003204735964245856,0.0003321629607202056,0.012561790830445377,0.00032883595690821925,0.0003089948920769755,True,True,True,True,True,True
223,design_000223,180,45.0,511,273,7.142857142857143,2e-07,-div((q + epsilon * max(q)) grad(psi_epsilon)) = -q h,E_q[|grad(psi_epsilon)|^2],298053.34256725974,298053.3425672599,5.858782902291932e-16,56.14975102364032,True,True,52629.425922988965,True,298052.35061646375,0.49597210036635114,298052.8465885641,3.905861767783617e-16,2.7341032374485318e-15,2.595385102669432e-14,3151.162948277555,True,301838.0617084401,539,True,9.345773122177141e-09,9.321625110926404e-09,1.8655974289160464e-06,-1.7401046590043278e-11,5000001.0,True,0.0015698587127158557,-323.8294032416476,1.6921869107235175e-15,False,False,False,0.00026600028061242654,0.0002660034856248051,0.000319889565177747,3.32809821034606e-06,0.01254219256030448,0.00032883595690821925,0.0003089948920769755,True,True,True,True,True,True
223,design_000223,180,45.0,511,273,7.142857142857143,2e-06,-div((q + epsilon * max(q)) grad(psi_epsilon)) = -q h,E_q[|grad(psi_epsilon)|^2],298053.34256725974,298053.3425672599,5.858782902291932e-16,56.14975102364032,True,True,52629.425922988965,True,298043.42483707523,4.958536085258744,298048.3833731605,0.0,5.272992347339618e-15,3.506257114607272e-14,3136.5580601962233,True,301829.5693833873,540,True,9.2564948705359e-09,9.232608224102073e-09,1.8174929921752844e-05,-1.0440627954025966e-10,500001.00000000006,True,0.0015698587127158557,-323.8294032416476,1.6921869107235175e-15,False,False,False,0.00026600028061242654,0.00026603228159992386,0.00031995317415186767,3.3275017482035766e-05,0.012543981539140867,0.00032883595690821925,0.0003089948920769755,True,True,True,True,True,True
223,design_000223,180,45.0,511,273,7.142857142857143,2e-05,-div((q + epsilon * max(q)) grad(psi_epsilon)) = -q h,E_q[|grad(psi_epsilon)|^2],298053.34256725974,298053.3425672599,5.858782902291932e-16,56.14975102364032,True,True,52629.425922988965,True,297954.34028654004,49.468932849358595,298003.8092193894,3.9065044883782074e-16,9.766261220945523e-16,3.7697291197455837e-14,2997.96824667102,True,301744.79528913775,542,True,9.796372647618841e-09,9.712914584551995e-09,0.00014919400089451646,-1.4500872158369398e-10,50000.99999999999,True,0.0015698587127158557,-323.8294032416476,1.6921869107235175e-15,False,False,False,0.00026600028061242654,0.00026631547850271563,0.0003204735964245856,0.0003321629607202056,0.012561790830445377,0.00032883595690821925,0.0003089948920769755,True,True,True,True,True,True
241,design_000241,180,45.0,219,117,16.666666666666668,2e-07,-div((q + epsilon * max(q)) grad(psi_epsilon)) = -q h,E_q[|grad(psi_epsilon)|^2],284126.67348412937,284126.6734841295,4.0973035160473043e-16,52.69805866645998,True,True,31039.35324703856,True,284125.7536927379,0.45989458295522545,284126.2135873209,2.0486550740443516e-16,2.048655074044351e-16,6.496540420438431e-14,2775.682754073534,True,286166.3806227622,245,True,9.405253056678859e-09,9.360651499537475e-09,8.752897199521077e-07,6.315935428978667e-11,5000001.0,True,0.0015610974515084103,-324.4770521300735,7.028800673940676e-16,False,False,False,0.0001793847552549253,0.00017938451831594763,0.00019575049643589097,3.2370211766687184e-06,0.007114658330262619,0.00032023679921273945,0.0003207823587436954,True,True,True,True,True,True
241,design_000241,180,45.0,219,117,16.666666666666668,2e-06,-div((q + epsilon * max(q)) grad(psi_epsilon)) = -q h,E_q[|grad(psi_epsilon)|^2],284126.67348412937,284126.6734841295,4.0973035160473043e-16,52.69805866645998,True,True,31039.35324703856,True,284117.47616992745,4.598546143759334,284122.0747160712,2.0486849172714044e-16,2.2535534089985398e-15,5.019495975065012e-14,2763.1256579874557,True,286158.03253698046,245,True,9.851603286289467e-09,9.816026796607023e-09,8.728474692333344e-06,6.315935428978667e-11,500001.00000000006,True,0.0015610974515084103,-324.4770521300735,7.028800673940676e-16,False,False,False,0.0001793847552549253,0.00017938236997567183,0.00019577850051913508,3.2368085220671305e-05,0.007114589828480391,0.00032023679921273945,0.0003207823587436954,True,True,True,True,True,True
241,design_000241,180,45.0,219,117,16.666666666666668,2e-05,-div((q + epsilon * max(q)) grad(psi_epsilon)) = -q h,E_q[|grad(psi_epsilon)|^2],284126.67348412937,284126.6734841295,4.0973035160473043e-16,52.69805866645998,True,True,31039.35324703856,True,284034.7590285575,45.94645284316144,284080.70548140066,4.0979665137644034e-16,2.0489832568822026e-15,5.205843449875448e-14,2643.8165519773074,True,286074.65076588484,249,True,9.742898165741693e-09,9.720035307385922e-09,8.594268882260433e-05,3.1579677144893334e-11,50000.99999999999,True,0.0015610974515084103,-324.4770521300735,7.028800673940676e-16,False,False,False,0.0001793847552549253,0.0001793593771581174,0.00019598559774146006,0.00032347278377610754,0.007114116478384801,0.00032023679921273945,0.0003207823587436954,True,True,True,True,True,True
241,design_000241,180,45.0,511,273,7.142857142857143,2e-07,-div((q + epsilon * max(q)) grad(psi_epsilon)) = -q h,E_q[|grad(psi_epsilon)|^2],284075.705490345,284075.70549034554,1.8441173887677296e-15,52.69658286047712,True,True,31042.51301473389,True,284074.78593127057,0.4597784160385267,284075.2457096866,2.0490226372259576e-16,3.073533955838937e-15,3.588583857382715e-14,2775.527522412201,True,286110.36341169203,539,True,9.459556246422785e-09,9.449147267584704e-09,1.8255730491960198e-06,3.480209318008653e-11,5000001.0,True,0.0015698587127158557,-323.83352050853335,2.904337310501055e-16,False,False,False,0.0001793847552549253,0.00017938451831594763,0.00019575049643589097,3.2370211766687184e-06,0.007114658330262619,0.00032023679921273945,0.0003207823587436954,True,True,True,True,True,True
241,design_000241,180,45.0,511,273,7.142857142857143,2e-06,-div((q + epsilon * max(q)) grad(psi_epsilon)) = -q h,E_q[|grad(psi_epsilon)|^2],284075.705490345,284075.70549034554,1.8441173887677296e-15,52.69658286047712,True,True,31042.51301473389,True,284066.5105037006,4.597381554563073,284071.1078852551,4.098104967223855e-16,8.196209934447707e-16,7.327794793724616e-14,2762.9731942061253,True,286102.00894645887,541,True,9.792382861009254e-09,9.762509508626741e-09,1.7805736672437407e-05,-9.280558181356407e-11,500001.00000000006,True,0.0015698587127158557,-323.83352050853335,2.904337310501055e-16,False,False,False,0.0001793847552549253,0.00017938236997567183,0.00019577850051913508,3.2368085220671305e-05,0.007114589828480391,0.00032023679921273945,0.0003207823587436954,True,True,True,True,True,True
241,design_000241,180,45.0,511,273,7.142857142857143,2e-05,-div((q + epsilon * max(q)) grad(psi_epsilon)) = -q h,E_q[|grad(psi_epsilon)|^2],284075.705490345,284075.70549034554,1.8441173887677296e-15,52.69658286047712,True,True,31042.51301473389,True,283983.8147310869,45.934528043544994,284029.74925913045,2.04935085375027e-16,4.098701707500523e-15,1.633300776927135e-14,2643.6894162494395,True,286018.5842544558,558,True,9.930220793728177e-09,9.861825106198054e-09,0.00014732778034706688,-8.120488408686856e-11,50000.99999999999,True,0.0015698587127158557,-323.83352050853335,2.904337310501055e-16,False,False,False,0.0001793847552549253,0.0001793593771581174,0.00019598559774146006,0.00032347278377610754,0.007114116478384801,0.00032023679921273945,0.0003207823587436954,True,True,True,True,True,True
