repeat,design_id,style,validation_mmd_risk,feasible,projection_failure_count,minimum_ess_fraction,max_moment_residual,failure_reason_counts
2,design_000000,manual,0.049852807,False,5,0.00502895584834247,0.4885127842795305,"{""coordinate_support_infeasible"": 4, ""low_ess"": 2, ""moment_residual"": 5, ""native_nonconvergence"": 5}"
2,design_000001,manual,0.03568043,False,2,0.005728970879032443,0.33489675868396457,"{""low_ess"": 2, ""moment_residual"": 2, ""native_nonconvergence"": 2}"
2,design_000002,manual,0.045224678,False,5,0.005005450018198008,0.1438703215328283,"{""coordinate_support_infeasible"": 3, ""low_ess"": 3, ""moment_residual"": 5, ""native_nonconvergence"": 5}"
2,design_000003,manual,0.0682007,False,5,0.005014465320644466,0.30613986962629147,"{""coordinate_support_infeasible"": 5, ""low_ess"": 4, ""moment_residual"": 5, ""native_nonconvergence"": 5}"
2,design_000004,manual,0.07938772,False,6,0.005014639128299685,0.48721579044530866,"{""coordinate_support_infeasible"": 5, ""low_ess"": 3, ""moment_residual"": 6, ""native_nonconvergence"": 6}"
2,design_000005,manual,0.07873966,False,7,0.005124494049866715,0.3949041913506695,"{""coordinate_support_infeasible"": 5, ""low_ess"": 4, ""moment_residual"": 7, ""native_nonconvergence"": 7}"
2,design_000006,manual,0.11228857,False,7,0.0051895068630807215,0.4994499533244351,"{""coordinate_support_infeasible"": 6, ""low_ess"": 6, ""moment_residual"": 7, ""native_nonconvergence"": 7}"
2,design_000007,manual,0.03524914,False,4,0.005616833824464632,0.34120121171299694,"{""coordinate_support_infeasible"": 3, ""low_ess"": 3, ""moment_residual"": 4, ""native_nonconvergence"": 4}"
2,design_000008,manual,0.09962041,False,7,0.005003070331074591,0.47273749355935807,"{""coordinate_support_infeasible"": 6, ""low_ess"": 3, ""moment_residual"": 7, ""native_nonconvergence"": 7}"
2,design_000009,manual,0.081980884,False,5,0.0050055766823176,0.3737671097886209,"{""coordinate_support_infeasible"": 5, ""low_ess"": 3, ""moment_residual"": 5, ""native_nonconvergence"": 5}"
2,design_000010,manual,0.11122494,False,8,0.005092658078288604,0.5952253973202181,"{""coordinate_support_infeasible"": 5, ""low_ess"": 4, ""moment_residual"": 8, ""native_nonconvergence"": 8}"
2,design_000011,manual,0.08622394,False,7,0.005007535206245188,0.4014128867818107,"{""coordinate_support_infeasible"": 6, ""low_ess"": 3, ""moment_residual"": 7, ""native_nonconvergence"": 7}"
2,design_000012,support_random,0.044748012,False,4,0.006079836790349653,0.6417890759718657,"{""coordinate_support_infeasible"": 3, ""low_ess"": 3, ""moment_residual"": 4, ""native_nonconvergence"": 4}"
2,design_000013,support_random,0.1049899,False,6,0.005004273616132031,0.6001024048345797,"{""coordinate_support_infeasible"": 4, ""low_ess"": 4, ""moment_residual"": 6, ""native_nonconvergence"": 6}"
2,design_000014,support_random,0.020355819,False,4,0.024161683865485444,0.5145664712374669,"{""coordinate_support_infeasible"": 3, ""moment_residual"": 4, ""native_nonconvergence"": 4}"
2,design_000015,support_random,0.2903298,False,11,0.006238992488225686,0.9165651665615747,"{""coordinate_support_infeasible"": 2, ""low_ess"": 8, ""moment_residual"": 11, ""native_nonconvergence"": 11}"
2,design_000016,support_random,0.038410947,False,3,0.054351815065969825,0.14681466739029095,"{""coordinate_support_infeasible"": 3, ""moment_residual"": 3, ""native_nonconvergence"": 3}"
2,design_000017,support_random,0.04779848,False,4,0.0050502222009453455,0.6941999798278065,"{""coordinate_support_infeasible"": 4, ""low_ess"": 4, ""moment_residual"": 4, ""native_nonconvergence"": 4}"
2,design_000018,support_random,0.031073794,False,4,0.005211937357904001,0.33626975570116047,"{""coordinate_support_infeasible"": 4, ""low_ess"": 3, ""moment_residual"": 4, ""native_nonconvergence"": 4}"
2,design_000019,support_random,0.02521857,False,4,0.008764675245368371,0.19270394770242444,"{""coordinate_support_infeasible"": 3, ""low_ess"": 1, ""moment_residual"": 4, ""native_nonconvergence"": 4}"
2,design_000020,support_random,0.05918178,False,6,0.00517834503148368,0.6755018449683737,"{""coordinate_support_infeasible"": 5, ""low_ess"": 3, ""moment_residual"": 6, ""native_nonconvergence"": 6}"
2,design_000021,support_random,0.028093925,False,1,0.050612229599584745,0.27730543329753593,"{""coordinate_support_infeasible"": 1, ""moment_residual"": 1, ""native_nonconvergence"": 1}"
2,design_000022,support_random,0.06282931,False,5,0.00500009149622522,0.7575179057409839,"{""coordinate_support_infeasible"": 2, ""low_ess"": 2, ""moment_residual"": 5, ""native_nonconvergence"": 5}"
2,design_000023,support_random,0.04677699,False,2,0.044908911897975114,0.6538978455142797,"{""coordinate_support_infeasible"": 1, ""moment_residual"": 2, ""native_nonconvergence"": 2}"
2,design_000024,support_random,0.05340448,False,4,0.016303188031803622,0.19800075605218662,"{""low_ess"": 1, ""moment_residual"": 3, ""native_nonconvergence"": 3}"
2,design_000025,support_random,0.055559196,False,7,0.026405244278647367,0.6141791374271636,"{""coordinate_support_infeasible"": 5, ""moment_residual"": 6, ""native_nonconvergence"": 7}"
2,design_000026,support_random,0.07356743,False,7,0.02571646602481997,0.6705629697310173,"{""coordinate_support_infeasible"": 6, ""moment_residual"": 7, ""native_nonconvergence"": 7}"
2,design_000027,support_random,0.0290349,False,2,0.03248520923964231,0.4554755113016297,"{""coordinate_support_infeasible"": 1, ""moment_residual"": 2, ""native_nonconvergence"": 2}"
2,design_000028,support_random,0.031930756,False,4,0.011672865969291903,0.6621992690619797,"{""coordinate_support_infeasible"": 3, ""low_ess"": 1, ""moment_residual"": 4, ""native_nonconvergence"": 4}"
2,design_000029,support_random,0.087318785,False,6,0.005074600069969162,0.8223205616396226,"{""coordinate_support_infeasible"": 5, ""low_ess"": 2, ""moment_residual"": 6, ""native_nonconvergence"": 6}"
2,design_000030,support_random,0.044484686,False,8,0.0058688353591356,0.6234718663837665,"{""coordinate_support_infeasible"": 6, ""low_ess"": 2, ""moment_residual"": 7, ""native_nonconvergence"": 7}"
2,design_000031,support_random,0.057466462,False,6,0.005009412840188611,0.5779807066900232,"{""coordinate_support_infeasible"": 5, ""low_ess"": 3, ""moment_residual"": 6, ""native_nonconvergence"": 6}"
2,design_000032,support_random,0.06755922,False,5,0.0050131589112084735,0.5479804605276075,"{""coordinate_support_infeasible"": 4, ""low_ess"": 3, ""moment_residual"": 5, ""native_nonconvergence"": 5}"
2,design_000033,support_random,0.039518002,False,4,0.005364489171444912,0.3941160986279833,"{""coordinate_support_infeasible"": 3, ""low_ess"": 2, ""moment_residual"": 4, ""native_nonconvergence"": 4}"
2,design_000034,support_random,0.09454295,False,5,0.0050005242567146896,0.6913980289311641,"{""coordinate_support_infeasible"": 4, ""low_ess"": 5, ""moment_residual"": 5, ""native_nonconvergence"": 5}"
2,design_000035,support_random,0.01847544,False,2,0.0195768309840999,0.3705396584663987,"{""low_ess"": 1, ""moment_residual"": 1, ""native_nonconvergence"": 1}"
2,design_000036,support_random,0.09265395,False,14,0.014063249947349499,0.33120263959373347,"{""coordinate_support_infeasible"": 5, ""low_ess"": 6, ""moment_residual"": 13, ""native_nonconvergence"": 13}"
2,design_000037,support_random,0.02799749,False,3,0.050762385983050586,0.24683387811597093,"{""coordinate_support_infeasible"": 2, ""moment_residual"": 3, ""native_nonconvergence"": 3}"
2,design_000038,support_random,0.040767826,False,2,0.01636993216485755,0.7635424447294776,"{""coordinate_support_infeasible"": 1, ""low_ess"": 1, ""moment_residual"": 2, ""native_nonconvergence"": 2}"
2,design_000039,support_random,0.041043647,False,1,0.0050226550827881964,0.2633841584291606,"{""low_ess"": 1, ""moment_residual"": 1, ""native_nonconvergence"": 1}"
2,design_000040,support_random,0.020983363,False,3,0.017438399497885955,0.25474881201272687,"{""coordinate_support_infeasible"": 2, ""low_ess"": 1, ""moment_residual"": 2, ""native_nonconvergence"": 2}"
2,design_000041,support_random,0.24576525,False,12,0.00519666398098291,0.7723888126652911,"{""coordinate_support_infeasible"": 5, ""low_ess"": 5, ""moment_residual"": 11, ""native_nonconvergence"": 12}"
2,design_000042,support_random,0.11040684,False,7,0.026406750776548523,0.3218650585654978,"{""moment_residual"": 7, ""native_nonconvergence"": 7}"
2,design_000043,support_random,0.03595079,False,4,0.005160705939577345,0.3541076705725079,"{""coordinate_support_infeasible"": 3, ""low_ess"": 2, ""moment_residual"": 4, ""native_nonconvergence"": 4}"
2,design_000044,support_random,0.03661897,False,5,0.009155686995304013,0.5075381402304511,"{""coordinate_support_infeasible"": 4, ""low_ess"": 1, ""moment_residual"": 5, ""native_nonconvergence"": 5}"
2,design_000045,support_random,0.040136542,False,2,0.06468698360463464,0.4445892465166704,"{""coordinate_support_infeasible"": 1, ""moment_residual"": 2, ""native_nonconvergence"": 2}"
2,design_000046,support_random,0.06835848,False,7,0.0059485547588591856,0.5418166875456047,"{""coordinate_support_infeasible"": 5, ""low_ess"": 3, ""moment_residual"": 6, ""native_nonconvergence"": 6}"
2,design_000047,support_random,0.027643,False,4,0.006144413235754345,0.43726432038787477,"{""coordinate_support_infeasible"": 3, ""low_ess"": 2, ""moment_residual"": 4, ""native_nonconvergence"": 4}"
2,design_000048,support_random,0.06344164,False,7,0.04360743138953542,0.300148171125168,"{""coordinate_support_infeasible"": 1, ""moment_residual"": 7, ""native_nonconvergence"": 7}"
2,design_000049,support_random,0.024224715,False,2,0.013776372764724354,0.20621055922703024,"{""coordinate_support_infeasible"": 1, ""low_ess"": 1, ""moment_residual"": 1, ""native_nonconvergence"": 1}"
2,design_000050,support_random,0.050782908,False,6,0.012940821853981738,0.37846680113182546,"{""coordinate_support_infeasible"": 4, ""low_ess"": 1, ""moment_residual"": 6, ""native_nonconvergence"": 6}"
2,design_000051,support_random,0.035176303,False,4,0.005830107269917184,0.5244157200233568,"{""coordinate_support_infeasible"": 3, ""low_ess"": 2, ""moment_residual"": 4, ""native_nonconvergence"": 4}"
2,design_000052,support_random,0.019113475,False,6,0.017233414781822012,0.3969832949245204,"{""coordinate_support_infeasible"": 5, ""low_ess"": 1, ""moment_residual"": 4, ""native_nonconvergence"": 5}"
2,design_000053,support_random,0.034598373,False,1,0.012351047988209135,0.7096866944189513,"{""low_ess"": 1, ""moment_residual"": 1, ""native_nonconvergence"": 1}"
2,design_000054,support_random,0.03721108,False,5,0.005013718201251045,0.3387167681697101,"{""coordinate_support_infeasible"": 4, ""low_ess"": 1, ""moment_residual"": 5, ""native_nonconvergence"": 5}"
2,design_000055,support_random,0.034325834,False,4,0.0050130876054353376,0.4661364741139587,"{""coordinate_support_infeasible"": 3, ""low_ess"": 2, ""moment_residual"": 4, ""native_nonconvergence"": 4}"
2,design_000056,support_random,0.024787376,False,2,0.03441138110090408,0.40445204063207124,"{""coordinate_support_infeasible"": 2, ""moment_residual"": 2, ""native_nonconvergence"": 2}"
2,design_000057,support_random,0.041409697,False,5,0.005526355223083251,0.4088692298446369,"{""coordinate_support_infeasible"": 4, ""low_ess"": 2, ""moment_residual"": 5, ""native_nonconvergence"": 5}"
2,design_000058,support_random,0.04038179,False,4,0.0055020363202750175,0.6758230340471376,"{""coordinate_support_infeasible"": 4, ""low_ess"": 2, ""moment_residual"": 4, ""native_nonconvergence"": 4}"
2,design_000059,support_random,0.031340007,False,4,0.005013534372248985,0.6431368382165736,"{""coordinate_support_infeasible"": 4, ""low_ess"": 3, ""moment_residual"": 4, ""native_nonconvergence"": 4}"
2,design_000060,support_random,0.12310716,False,6,0.0060078077867418535,0.4699309608678486,"{""coordinate_support_infeasible"": 4, ""low_ess"": 5, ""moment_residual"": 4, ""native_nonconvergence"": 4}"
2,design_000061,support_random,0.027127367,False,5,0.005832291876390469,0.5923129075551017,"{""coordinate_support_infeasible"": 4, ""low_ess"": 2, ""moment_residual"": 5, ""native_nonconvergence"": 5}"
2,design_000062,support_random,0.093932986,False,7,0.005084422101637135,0.684013401273912,"{""coordinate_support_infeasible"": 5, ""low_ess"": 3, ""moment_residual"": 7, ""native_nonconvergence"": 7}"
2,design_000063,support_random,0.08876207,False,6,0.0050804952557930065,0.6260556756941696,"{""coordinate_support_infeasible"": 5, ""low_ess"": 2, ""moment_residual"": 6, ""native_nonconvergence"": 6}"
2,design_000064,support_random,0.14646351,False,4,0.005029129849804898,0.5523342058330388,"{""coordinate_support_infeasible"": 3, ""low_ess"": 2, ""moment_residual"": 4, ""native_nonconvergence"": 4}"
2,design_000065,support_random,0.023878478,False,3,0.03429620007150456,0.3982514149034622,"{""coordinate_support_infeasible"": 3, ""moment_residual"": 3, ""native_nonconvergence"": 3}"
2,design_000066,support_random,0.0470478,False,5,0.009483954380239783,0.3397369823696259,"{""coordinate_support_infeasible"": 5, ""low_ess"": 1, ""moment_residual"": 4, ""native_nonconvergence"": 4}"
2,design_000067,support_random,0.057141498,False,4,0.0050096565683386465,0.7424009160155361,"{""coordinate_support_infeasible"": 3, ""low_ess"": 4, ""moment_residual"": 4, ""native_nonconvergence"": 4}"
2,design_000068,support_random,0.055676367,False,5,0.005080585565480871,0.7422735017672432,"{""coordinate_support_infeasible"": 4, ""low_ess"": 3, ""moment_residual"": 5, ""native_nonconvergence"": 5}"
2,design_000069,support_random,0.10386114,False,7,0.005013746919021573,0.7908946439131348,"{""coordinate_support_infeasible"": 5, ""low_ess"": 3, ""moment_residual"": 7, ""native_nonconvergence"": 7}"
2,design_000070,support_random,0.03121786,False,5,0.006140613274914861,0.1999254381392144,"{""coordinate_support_infeasible"": 4, ""low_ess"": 1, ""moment_residual"": 5, ""native_nonconvergence"": 5}"
2,design_000071,support_random,0.03693368,False,1,0.005239509758589571,0.3883836556683437,"{""low_ess"": 1, ""moment_residual"": 1, ""native_nonconvergence"": 1}"
2,design_000072,support_random,0.01823371,False,1,0.02571685511325006,0.40348568457064254,"{""coordinate_support_infeasible"": 1, ""moment_residual"": 1, ""native_nonconvergence"": 1}"
2,design_000073,support_random,0.041247826,False,3,0.014166086421149459,0.28619206712468526,"{""coordinate_support_infeasible"": 2, ""low_ess"": 2, ""moment_residual"": 2, ""native_nonconvergence"": 2}"
2,design_000074,support_random,0.025647338,False,3,0.026914309007008246,0.28592602649604315,"{""coordinate_support_infeasible"": 3, ""moment_residual"": 3, ""native_nonconvergence"": 3}"
2,design_000075,support_random,0.023066849,False,3,0.03214852833486836,0.24704170094972103,"{""coordinate_support_infeasible"": 3, ""moment_residual"": 3, ""native_nonconvergence"": 3}"
2,design_000076,support_random,0.12104112,False,7,0.005030681354726318,0.608853154994324,"{""coordinate_support_infeasible"": 2, ""low_ess"": 3, ""moment_residual"": 7, ""native_nonconvergence"": 7}"
2,design_000077,support_random,0.05478859,False,5,0.0061856258115599964,0.6325295908354052,"{""coordinate_support_infeasible"": 4, ""low_ess"": 3, ""moment_residual"": 5, ""native_nonconvergence"": 5}"
2,design_000078,support_random,0.0539439,False,7,0.019264669958387486,0.5194802843457444,"{""coordinate_support_infeasible"": 6, ""low_ess"": 1, ""moment_residual"": 6, ""native_nonconvergence"": 7}"
2,design_000079,support_random,0.033238474,False,4,0.005046164931471158,0.6253620576693774,"{""coordinate_support_infeasible"": 3, ""low_ess"": 3, ""moment_residual"": 4, ""native_nonconvergence"": 4}"
2,design_000080,support_random,0.039693475,False,2,0.03557357879953403,0.4281714671071472,"{""coordinate_support_infeasible"": 2, ""moment_residual"": 2, ""native_nonconvergence"": 2}"
2,design_000081,support_random,0.035859905,False,4,0.028604198367696912,0.2407327853128515,"{""coordinate_support_infeasible"": 3, ""moment_residual"": 4, ""native_nonconvergence"": 4}"
2,design_000082,support_random,0.053583715,False,6,0.00523848989284358,0.5223415776861536,"{""coordinate_support_infeasible"": 5, ""low_ess"": 2, ""moment_residual"": 6, ""native_nonconvergence"": 6}"
2,design_000083,support_random,0.03658681,False,3,0.019799457942183667,0.37216785362520605,"{""coordinate_support_infeasible"": 2, ""low_ess"": 1, ""moment_residual"": 2, ""native_nonconvergence"": 2}"
2,design_000084,support_random,0.058282413,False,4,0.005036405604294711,0.7262241842674386,"{""coordinate_support_infeasible"": 4, ""low_ess"": 3, ""moment_residual"": 4, ""native_nonconvergence"": 4}"
2,design_000085,support_random,0.039547164,False,4,0.007865619046896595,0.6818142082758343,"{""coordinate_support_infeasible"": 2, ""low_ess"": 1, ""moment_residual"": 4, ""native_nonconvergence"": 4}"
2,design_000086,support_random,0.02366267,False,5,0.03961182688912681,0.4400997865812148,"{""coordinate_support_infeasible"": 4, ""moment_residual"": 5, ""native_nonconvergence"": 5}"
2,design_000087,support_random,0.06584737,False,5,0.005013369577681389,0.5467276447018303,"{""coordinate_support_infeasible"": 5, ""low_ess"": 1, ""moment_residual"": 5, ""native_nonconvergence"": 5}"
2,design_000088,support_random,0.030398965,False,3,0.02107108474621115,0.5730775225688217,"{""coordinate_support_infeasible"": 2, ""moment_residual"": 3, ""native_nonconvergence"": 3}"
2,design_000089,support_random,0.0563016,False,8,0.03785954176150575,0.18774709976417012,"{""coordinate_support_infeasible"": 3, ""moment_residual"": 8, ""native_nonconvergence"": 8}"
2,design_000090,support_random,0.03710165,False,2,0.006593203736175307,0.7475421810202437,"{""coordinate_support_infeasible"": 1, ""low_ess"": 1, ""moment_residual"": 2, ""native_nonconvergence"": 2}"
2,design_000091,support_random,0.028771479,False,7,0.0059987767407469325,0.04686098015769412,"{""coordinate_support_infeasible"": 5, ""low_ess"": 1, ""moment_residual"": 5, ""native_nonconvergence"": 6}"
2,design_000092,support_random,0.19053021,False,10,0.005553058401891867,0.8798782073836899,"{""coordinate_support_infeasible"": 2, ""low_ess"": 6, ""moment_residual"": 9, ""native_nonconvergence"": 9}"
2,design_000093,support_random,0.03520124,False,4,0.0050128327332167955,0.16209143075523977,"{""coordinate_support_infeasible"": 2, ""low_ess"": 2, ""moment_residual"": 4, ""native_nonconvergence"": 4}"
2,design_000094,support_random,0.023768775,False,2,0.044417524626329107,0.1388304876759862,"{""coordinate_support_infeasible"": 2, ""moment_residual"": 2, ""native_nonconvergence"": 2}"
2,design_000095,support_random,0.047024187,False,5,0.005646527080977328,0.6683806225008864,"{""coordinate_support_infeasible"": 5, ""low_ess"": 3, ""moment_residual"": 5, ""native_nonconvergence"": 5}"
2,design_000096,support_random,0.12473756,False,6,0.00513470203789258,0.8006558581393305,"{""coordinate_support_infeasible"": 5, ""low_ess"": 4, ""moment_residual"": 6, ""native_nonconvergence"": 6}"
2,design_000097,support_random,0.044648606,False,3,0.005000027062084394,0.49456239876164604,"{""coordinate_support_infeasible"": 1, ""low_ess"": 2, ""moment_residual"": 3, ""native_nonconvergence"": 3}"
2,design_000098,support_random,0.1852581,False,15,0.009868238063141528,0.20991724355369695,"{""low_ess"": 2, ""moment_residual"": 14, ""native_nonconvergence"": 14}"
2,design_000099,support_random,0.030674132,False,3,0.07323048016720689,0.5035971775879207,"{""coordinate_support_infeasible"": 2, ""moment_residual"": 3, ""native_nonconvergence"": 3}"
2,design_000100,support_random,0.027856432,False,4,0.005028549252230886,0.5488407022095082,"{""coordinate_support_infeasible"": 3, ""low_ess"": 2, ""moment_residual"": 4, ""native_nonconvergence"": 4}"
2,design_000101,support_random,0.11792779,False,7,0.0050877188095792576,0.5014170847071627,"{""coordinate_support_infeasible"": 6, ""low_ess"": 2, ""moment_residual"": 6, ""native_nonconvergence"": 7}"
2,design_000102,support_random,0.05332859,False,6,0.01327402651906919,0.3566605147171032,"{""coordinate_support_infeasible"": 5, ""low_ess"": 2, ""moment_residual"": 4, ""native_nonconvergence"": 5}"
2,design_000103,support_random,0.04454718,False,5,0.012410449476521455,0.5568576905942584,"{""coordinate_support_infeasible"": 5, ""low_ess"": 2, ""moment_residual"": 5, ""native_nonconvergence"": 5}"
2,design_000104,support_random,0.04389134,False,5,0.005223842416619623,0.6277730374632654,"{""coordinate_support_infeasible"": 5, ""low_ess"": 3, ""moment_residual"": 5, ""native_nonconvergence"": 5}"
2,design_000105,support_random,0.037071727,False,4,0.005277827528327527,0.33197465915780083,"{""coordinate_support_infeasible"": 4, ""low_ess"": 2, ""moment_residual"": 4, ""native_nonconvergence"": 4}"
2,design_000106,support_random,0.059894525,False,5,0.005110324695076834,0.7285918115538396,"{""coordinate_support_infeasible"": 4, ""low_ess"": 2, ""moment_residual"": 5, ""native_nonconvergence"": 5}"
2,design_000107,support_random,0.06567164,False,5,0.005087303429954371,0.6589803349833582,"{""coordinate_support_infeasible"": 4, ""low_ess"": 3, ""moment_residual"": 5, ""native_nonconvergence"": 5}"
2,design_000108,support_random,0.025724942,False,2,0.04713504414431238,0.4524966549692411,"{""coordinate_support_infeasible"": 2, ""moment_residual"": 2, ""native_nonconvergence"": 2}"
2,design_000109,support_random,0.05026699,False,6,0.02700334248683035,0.5613907206122211,"{""coordinate_support_infeasible"": 5, ""moment_residual"": 5, ""native_nonconvergence"": 5}"
2,design_000110,support_random,0.025713895,False,4,0.012964605805736997,0.44029181243289106,"{""coordinate_support_infeasible"": 3, ""low_ess"": 2, ""moment_residual"": 4, ""native_nonconvergence"": 4}"
2,design_000111,support_random,0.022424875,False,2,0.023482126776467698,0.3656484052200817,"{""coordinate_support_infeasible"": 2, ""moment_residual"": 2, ""native_nonconvergence"": 2}"
2,design_000112,support_random,0.059218463,False,4,0.005006144247758457,0.6505004516005367,"{""coordinate_support_infeasible"": 4, ""low_ess"": 4, ""moment_residual"": 4, ""native_nonconvergence"": 4}"
2,design_000113,support_random,0.016342314,False,3,0.036834379360722605,0.3146126038285769,"{""coordinate_support_infeasible"": 3, ""moment_residual"": 3, ""native_nonconvergence"": 3}"
2,design_000114,support_random,0.040591083,False,4,0.00501190518199036,0.4130229190023374,"{""coordinate_support_infeasible"": 4, ""low_ess"": 2, ""moment_residual"": 4, ""native_nonconvergence"": 4}"
2,design_000115,support_random,0.28028175,False,12,0.010928670608933471,0.22113502258910414,"{""coordinate_support_infeasible"": 2, ""low_ess"": 2, ""moment_residual"": 11, ""native_nonconvergence"": 11}"
2,design_000116,support_random,0.026053583,False,4,0.013354326460148025,0.5400902590697764,"{""coordinate_support_infeasible"": 4, ""low_ess"": 1, ""moment_residual"": 4, ""native_nonconvergence"": 4}"
2,design_000117,support_random,0.07133367,False,7,0.00500021507272028,0.4627134004617725,"{""coordinate_support_infeasible"": 6, ""low_ess"": 6, ""moment_residual"": 7, ""native_nonconvergence"": 7}"
2,design_000118,support_random,0.027123122,False,1,0.028096833290143598,0.46778705079725574,"{""moment_residual"": 1, ""native_nonconvergence"": 1}"
2,design_000119,support_random,0.04669555,False,5,0.005163298880011555,0.6897666668187795,"{""coordinate_support_infeasible"": 5, ""low_ess"": 4, ""moment_residual"": 5, ""native_nonconvergence"": 5}"
2,design_000120,support_random,0.045945335,False,5,0.005014483148622695,0.6448107102155436,"{""coordinate_support_infeasible"": 5, ""low_ess"": 2, ""moment_residual"": 5, ""native_nonconvergence"": 5}"
2,design_000121,support_random,0.03246862,False,5,0.00742385795843593,0.6120757566261762,"{""coordinate_support_infeasible"": 4, ""low_ess"": 2, ""moment_residual"": 5, ""native_nonconvergence"": 5}"
2,design_000122,support_random,0.1359138,False,10,0.06982119990196077,0.5966911332829307,"{""coordinate_support_infeasible"": 3, ""moment_residual"": 10, ""native_nonconvergence"": 10}"
2,design_000123,support_random,0.13239479,False,8,0.005039615520690829,0.6859858351792711,"{""coordinate_support_infeasible"": 4, ""low_ess"": 4, ""moment_residual"": 8, ""native_nonconvergence"": 8}"
2,design_000124,support_random,0.05195636,False,6,0.024870842272088342,0.6120474177940769,"{""coordinate_support_infeasible"": 5, ""moment_residual"": 6, ""native_nonconvergence"": 6}"
2,design_000125,support_random,0.044304993,False,4,0.022916260881719972,0.7059189424361434,"{""coordinate_support_infeasible"": 2, ""moment_residual"": 4, ""native_nonconvergence"": 4}"
2,design_000126,support_random,0.02632823,False,3,0.03803407663184683,0.592354031374782,"{""coordinate_support_infeasible"": 2, ""moment_residual"": 3, ""native_nonconvergence"": 3}"
2,design_000127,support_random,0.11267183,False,6,0.005000786551463004,0.4585779101963272,"{""coordinate_support_infeasible"": 2, ""low_ess"": 5, ""moment_residual"": 6, ""native_nonconvergence"": 6}"
2,design_000128,support_random,0.026580751,False,1,0.02544042425096358,0.28902474247807347,"{""coordinate_support_infeasible"": 1, ""moment_residual"": 1, ""native_nonconvergence"": 1}"
2,design_000129,support_random,0.10457239,False,7,0.0051759313070939205,0.6834567617417332,"{""coordinate_support_infeasible"": 6, ""low_ess"": 6, ""moment_residual"": 7, ""native_nonconvergence"": 7}"
2,design_000130,support_random,0.032103423,False,2,0.021987449508755537,0.2551106694495175,"{""coordinate_support_infeasible"": 2, ""moment_residual"": 2, ""native_nonconvergence"": 2}"
2,design_000131,support_random,0.08474056,False,5,0.005016417470986964,0.717876217499362,"{""coordinate_support_infeasible"": 5, ""low_ess"": 2, ""moment_residual"": 5, ""native_nonconvergence"": 5}"
2,design_000132,support_random,0.035226952,False,5,0.014520581702199291,0.5573048241822233,"{""coordinate_support_infeasible"": 3, ""low_ess"": 1, ""moment_residual"": 5, ""native_nonconvergence"": 5}"
2,design_000133,support_random,0.09487136,False,7,0.005011304245010876,0.46803652952308816,"{""coordinate_support_infeasible"": 5, ""low_ess"": 2, ""moment_residual"": 7, ""native_nonconvergence"": 7}"
2,design_000134,support_random,0.29248908,False,13,0.005070514104464842,0.8369014858069594,"{""coordinate_support_infeasible"": 1, ""low_ess"": 5, ""moment_residual"": 13, ""native_nonconvergence"": 13}"
2,design_000135,support_random,0.067786954,False,6,0.005530224637660434,0.5873597089010704,"{""coordinate_support_infeasible"": 5, ""low_ess"": 1, ""moment_residual"": 6, ""native_nonconvergence"": 6}"
2,design_000136,support_random,0.035458837,False,4,0.008636028689200638,0.4187787855587371,"{""coordinate_support_infeasible"": 3, ""low_ess"": 1, ""moment_residual"": 4, ""native_nonconvergence"": 4}"
2,design_000137,support_random,0.034027822,False,8,0.024152264877627717,0.46527611122913465,"{""coordinate_support_infeasible"": 7, ""moment_residual"": 6, ""native_nonconvergence"": 6}"
2,design_000138,support_random,0.030345973,False,2,0.027583976588885874,0.5125697396057399,"{""coordinate_support_infeasible"": 2, ""moment_residual"": 2, ""native_nonconvergence"": 2}"
2,design_000139,support_random,0.023361145,False,3,0.008908182055231069,0.34084114598931614,"{""coordinate_support_infeasible"": 3, ""low_ess"": 2, ""moment_residual"": 3, ""native_nonconvergence"": 3}"
2,design_000140,support_random,0.058925297,False,4,0.0050056900266733165,0.3644664551873573,"{""coordinate_support_infeasible"": 3, ""low_ess"": 1, ""moment_residual"": 4, ""native_nonconvergence"": 4}"
2,design_000141,support_random,0.032137107,True,0,0.03509780189780586,9.737133421289016e-09,{}
2,design_000142,support_random,0.037009966,False,3,0.008198270713744758,0.3841358028510528,"{""coordinate_support_infeasible"": 3, ""low_ess"": 1, ""moment_residual"": 3, ""native_nonconvergence"": 3}"
2,design_000143,support_random,0.038415022,False,5,0.005015483537395781,0.44477959632940894,"{""coordinate_support_infeasible"": 4, ""low_ess"": 2, ""moment_residual"": 5, ""native_nonconvergence"": 5}"
2,design_000144,support_random,0.03733162,False,2,0.027787659077636216,0.4923724979872029,"{""coordinate_support_infeasible"": 1, ""moment_residual"": 2, ""native_nonconvergence"": 2}"
2,design_000145,support_random,0.043834932,False,6,0.006259187297862125,0.3499818829731954,"{""coordinate_support_infeasible"": 5, ""low_ess"": 1, ""moment_residual"": 5, ""native_nonconvergence"": 5}"
2,design_000146,support_random,0.016460836,False,1,0.007521486372019909,0.052767169744853744,"{""low_ess"": 1, ""moment_residual"": 1, ""native_nonconvergence"": 1}"
2,design_000147,support_random,0.08281711,False,5,0.005089771571935777,0.6995887755526012,"{""coordinate_support_infeasible"": 5, ""low_ess"": 3, ""moment_residual"": 5, ""native_nonconvergence"": 5}"
2,design_000148,support_random,0.02688018,False,2,0.07687194209225436,0.38220424219677157,"{""moment_residual"": 2, ""native_nonconvergence"": 2}"
2,design_000149,support_random,0.04389574,False,7,0.005972542923674266,0.7104572639265311,"{""coordinate_support_infeasible"": 5, ""low_ess"": 2, ""moment_residual"": 7, ""native_nonconvergence"": 7}"
2,design_000150,support_random,0.030986167,False,5,0.028703394460948172,0.48536075800365575,"{""coordinate_support_infeasible"": 4, ""moment_residual"": 5, ""native_nonconvergence"": 5}"
2,design_000151,support_random,0.037815105,False,3,0.01077682358070836,0.17264294766731597,"{""coordinate_support_infeasible"": 3, ""low_ess"": 1, ""moment_residual"": 3, ""native_nonconvergence"": 3}"
2,design_000152,support_random,0.032781612,False,2,0.01642520949390959,0.26144023217177914,"{""low_ess"": 1, ""moment_residual"": 2, ""native_nonconvergence"": 2}"
2,design_000153,support_random,0.05079234,False,5,0.005189574271419373,0.4856392379219409,"{""coordinate_support_infeasible"": 5, ""low_ess"": 2, ""moment_residual"": 5, ""native_nonconvergence"": 5}"
2,design_000154,support_random,0.031820383,False,2,0.03963076369303157,0.6358050398756555,"{""coordinate_support_infeasible"": 1, ""moment_residual"": 2, ""native_nonconvergence"": 2}"
2,design_000155,support_random,0.032823753,False,4,0.009802893787205823,0.6878635877784236,"{""coordinate_support_infeasible"": 2, ""low_ess"": 1, ""moment_residual"": 4, ""native_nonconvergence"": 4}"
2,design_000156,support_random,0.123129,False,7,0.005035362039553221,0.7859547924575637,"{""coordinate_support_infeasible"": 6, ""low_ess"": 7, ""moment_residual"": 7, ""native_nonconvergence"": 7}"
2,design_000157,support_random,0.04281049,False,3,0.016322082583437224,0.4817454935858125,"{""coordinate_support_infeasible"": 2, ""low_ess"": 1, ""moment_residual"": 3, ""native_nonconvergence"": 3}"
2,design_000158,support_random,0.035935286,False,5,0.00586310323210984,0.3214310172729345,"{""coordinate_support_infeasible"": 4, ""low_ess"": 2, ""moment_residual"": 5, ""native_nonconvergence"": 5}"
2,design_000159,support_random,0.043432526,False,5,0.005009482718748639,0.32575540015722515,"{""coordinate_support_infeasible"": 5, ""low_ess"": 3, ""moment_residual"": 5, ""native_nonconvergence"": 5}"
2,design_000160,support_random,0.0342175,False,4,0.0076170890246213,0.2976289256658476,"{""coordinate_support_infeasible"": 3, ""low_ess"": 1, ""moment_residual"": 4, ""native_nonconvergence"": 4}"
2,design_000161,support_random,0.03887833,False,4,0.005324312021598852,0.690278039715534,"{""coordinate_support_infeasible"": 3, ""low_ess"": 1, ""moment_residual"": 4, ""native_nonconvergence"": 4}"
2,design_000162,support_random,0.030975878,False,3,0.013180785339383095,0.26424725862594045,"{""coordinate_support_infeasible"": 2, ""low_ess"": 2, ""moment_residual"": 2, ""native_nonconvergence"": 2}"
2,design_000163,support_random,0.028228907,False,3,0.006446905135809502,0.2879224805323264,"{""coordinate_support_infeasible"": 3, ""low_ess"": 1, ""moment_residual"": 3, ""native_nonconvergence"": 3}"
2,design_000164,support_random,0.039935533,False,5,0.005078480400136071,0.5190592582699748,"{""coordinate_support_infeasible"": 4, ""low_ess"": 2, ""moment_residual"": 5, ""native_nonconvergence"": 5}"
2,design_000165,support_random,0.0883151,False,6,0.005017817059830195,0.5984081738640752,"{""coordinate_support_infeasible"": 5, ""low_ess"": 3, ""moment_residual"": 6, ""native_nonconvergence"": 6}"
2,design_000166,support_random,0.07794007,False,6,0.0050001087571656146,0.6351269316300631,"{""coordinate_support_infeasible"": 5, ""low_ess"": 5, ""moment_residual"": 6, ""native_nonconvergence"": 6}"
2,design_000167,support_random,0.033622295,False,5,0.005007555919379767,0.4101371789930341,"{""coordinate_support_infeasible"": 4, ""low_ess"": 1, ""moment_residual"": 5, ""native_nonconvergence"": 5}"
2,design_000168,support_random,0.025249958,False,5,0.03917491399415136,0.5799077585913267,"{""coordinate_support_infeasible"": 4, ""moment_residual"": 5, ""native_nonconvergence"": 5}"
2,design_000169,support_random,0.03479287,False,5,0.007470708252329173,0.38408754024691705,"{""coordinate_support_infeasible"": 4, ""low_ess"": 2, ""moment_residual"": 5, ""native_nonconvergence"": 5}"
2,design_000170,support_random,0.023454877,False,2,0.01867252293350428,0.17400092853658006,"{""low_ess"": 2, ""moment_residual"": 2, ""native_nonconvergence"": 2}"
2,design_000171,support_random,0.04451696,False,4,0.005452984586779755,0.329617470341354,"{""coordinate_support_infeasible"": 4, ""low_ess"": 2, ""moment_residual"": 4, ""native_nonconvergence"": 4}"
2,design_000172,support_random,0.06056704,False,6,0.010469671725018578,0.3125292566398485,"{""coordinate_support_infeasible"": 5, ""low_ess"": 2, ""moment_residual"": 4, ""native_nonconvergence"": 5}"
2,design_000173,support_random,0.06816136,False,6,0.005030635349813694,0.5623728618909979,"{""coordinate_support_infeasible"": 5, ""low_ess"": 5, ""moment_residual"": 6, ""native_nonconvergence"": 6}"
2,design_000174,support_random,0.05529953,False,6,0.005008077997245581,0.19351192607988296,"{""coordinate_support_infeasible"": 5, ""low_ess"": 2, ""moment_residual"": 6, ""native_nonconvergence"": 6}"
2,design_000175,support_random,0.0781131,False,7,0.005100601663739536,0.6613100274909084,"{""coordinate_support_infeasible"": 5, ""low_ess"": 1, ""moment_residual"": 7, ""native_nonconvergence"": 7}"
2,design_000176,support_random,0.05497185,False,5,0.009734071351465716,0.3402296987041721,"{""coordinate_support_infeasible"": 5, ""low_ess"": 1, ""moment_residual"": 4, ""native_nonconvergence"": 5}"
2,design_000177,support_random,0.030944869,False,4,0.014685957052363396,0.5701484312654551,"{""coordinate_support_infeasible"": 4, ""low_ess"": 3, ""moment_residual"": 4, ""native_nonconvergence"": 4}"
2,design_000178,support_random,0.016945014,False,2,0.008693683771385765,0.3162512738506044,"{""coordinate_support_infeasible"": 2, ""low_ess"": 1, ""moment_residual"": 2, ""native_nonconvergence"": 2}"
2,design_000179,support_random,0.05117852,False,5,0.005011315631221286,0.27071028352394383,"{""coordinate_support_infeasible"": 5, ""low_ess"": 2, ""moment_residual"": 5, ""native_nonconvergence"": 5}"
2,design_000180,support_random,0.32436377,False,13,0.011799597134393682,0.5012311266605127,"{""low_ess"": 3, ""moment_residual"": 13, ""native_nonconvergence"": 13}"
2,design_000181,support_random,0.029773071,False,5,0.02056802086607689,0.20933626711134032,"{""coordinate_support_infeasible"": 5, ""moment_residual"": 4, ""native_nonconvergence"": 4}"
2,design_000182,support_random,0.042949867,False,4,0.0050141957557493415,0.6186802110804615,"{""coordinate_support_infeasible"": 4, ""low_ess"": 1, ""moment_residual"": 4, ""native_nonconvergence"": 4}"
2,design_000183,support_random,0.045629114,False,7,0.03096444681366886,0.7284823529851011,"{""coordinate_support_infeasible"": 5, ""moment_residual"": 7, ""native_nonconvergence"": 7}"
2,design_000184,support_random,0.03742254,False,5,0.005126737034511173,0.7473316817726698,"{""coordinate_support_infeasible"": 4, ""low_ess"": 3, ""moment_residual"": 5, ""native_nonconvergence"": 5}"
2,design_000185,support_random,0.029805807,False,4,0.024134596981166597,0.5043901160076147,"{""coordinate_support_infeasible"": 3, ""moment_residual"": 4, ""native_nonconvergence"": 4}"
2,design_000186,support_random,0.033016294,False,3,0.007742299245268986,0.4667957439229964,"{""coordinate_support_infeasible"": 3, ""low_ess"": 1, ""moment_residual"": 3, ""native_nonconvergence"": 3}"
2,design_000187,support_random,0.028237963,False,4,0.029391668868811106,0.19168088865165311,"{""coordinate_support_infeasible"": 3, ""moment_residual"": 4, ""native_nonconvergence"": 4}"
2,design_000188,support_random,0.05616114,False,6,0.005019969603147949,0.5932387201234458,"{""coordinate_support_infeasible"": 5, ""low_ess"": 2, ""moment_residual"": 6, ""native_nonconvergence"": 6}"
2,design_000189,support_random,0.06040926,False,1,0.023439232896013754,0.16534142659115633,"{""coordinate_support_infeasible"": 1, ""moment_residual"": 1, ""native_nonconvergence"": 1}"
2,design_000190,support_random,0.03220178,False,2,0.005000005219235038,0.26200144985407053,"{""coordinate_support_infeasible"": 1, ""low_ess"": 1, ""moment_residual"": 2, ""native_nonconvergence"": 2}"
2,design_000191,support_random,0.03106207,False,5,0.021041549382797467,0.2843671919469017,"{""coordinate_support_infeasible"": 4, ""moment_residual"": 5, ""native_nonconvergence"": 5}"
2,design_000192,support_random,0.08963233,False,5,0.020848368810055487,0.685392988783356,"{""coordinate_support_infeasible"": 1, ""moment_residual"": 5, ""native_nonconvergence"": 5}"
2,design_000193,support_random,0.030677604,False,4,0.005036294921286015,0.32265798441479243,"{""coordinate_support_infeasible"": 3, ""low_ess"": 1, ""moment_residual"": 4, ""native_nonconvergence"": 4}"
2,design_000194,support_random,0.13061923,False,2,0.0050000018126118385,1.059982711392148,"{""low_ess"": 2, ""moment_residual"": 2, ""native_nonconvergence"": 2}"
2,design_000195,support_random,0.041997448,False,6,0.011021376343085802,0.6558581886213911,"{""coordinate_support_infeasible"": 4, ""low_ess"": 1, ""moment_residual"": 6, ""native_nonconvergence"": 6}"
2,design_000196,support_random,0.0504794,False,5,0.00509201505865524,0.6357764968753936,"{""coordinate_support_infeasible"": 4, ""low_ess"": 1, ""moment_residual"": 5, ""native_nonconvergence"": 5}"
2,design_000197,support_random,0.112605155,False,8,0.00500000000527557,0.5921563767128267,"{""coordinate_support_infeasible"": 6, ""low_ess"": 6, ""moment_residual"": 8, ""native_nonconvergence"": 8}"
2,design_000198,support_random,0.04146097,False,7,0.05673123479768598,0.7327351096328557,"{""coordinate_support_infeasible"": 5, ""moment_residual"": 7, ""native_nonconvergence"": 7}"
2,design_000199,support_random,0.0401613,False,6,0.01770033130902361,0.2579372886569249,"{""coordinate_support_infeasible"": 5, ""low_ess"": 1, ""moment_residual"": 4, ""native_nonconvergence"": 5}"
2,design_000200,support_random,0.043944135,False,6,0.0051412253545386685,0.49695949174870285,"{""coordinate_support_infeasible"": 5, ""low_ess"": 3, ""moment_residual"": 6, ""native_nonconvergence"": 6}"
2,design_000201,support_random,0.016849402,False,2,0.011202317366810993,0.2651409771345014,"{""coordinate_support_infeasible"": 1, ""low_ess"": 1, ""moment_residual"": 2, ""native_nonconvergence"": 2}"
2,design_000202,support_random,0.055768847,False,5,0.010106104986301077,0.752232777913574,"{""coordinate_support_infeasible"": 4, ""low_ess"": 1, ""moment_residual"": 5, ""native_nonconvergence"": 5}"
2,design_000203,support_random,0.036541298,False,3,0.07925812568354222,0.7171493381915246,"{""coordinate_support_infeasible"": 2, ""moment_residual"": 3, ""native_nonconvergence"": 3}"
2,design_000204,support_random,0.03454984,False,5,0.015293071858376656,0.25001704240137806,"{""coordinate_support_infeasible"": 3, ""low_ess"": 1, ""moment_residual"": 5, ""native_nonconvergence"": 5}"
2,design_000205,support_random,0.05277301,False,5,0.005402249038633286,0.7299771810251893,"{""coordinate_support_infeasible"": 4, ""low_ess"": 4, ""moment_residual"": 5, ""native_nonconvergence"": 5}"
2,design_000206,support_random,0.04018115,False,4,0.005017788704918952,0.5232726953410246,"{""coordinate_support_infeasible"": 3, ""low_ess"": 1, ""moment_residual"": 4, ""native_nonconvergence"": 4}"
2,design_000207,support_random,0.046454128,False,7,0.009306887304449764,0.4884674883101176,"{""coordinate_support_infeasible"": 5, ""low_ess"": 1, ""moment_residual"": 7, ""native_nonconvergence"": 7}"
2,design_000208,support_random,0.044012208,False,6,0.0066029713002658495,0.3917513375031559,"{""coordinate_support_infeasible"": 4, ""low_ess"": 2, ""moment_residual"": 6, ""native_nonconvergence"": 6}"
2,design_000209,support_random,0.038928743,False,6,0.020155753115774642,0.1683104406520202,"{""coordinate_support_infeasible"": 6, ""moment_residual"": 5, ""native_nonconvergence"": 5}"
2,design_000210,support_random,0.07227771,False,5,0.005046051947240067,0.7486993062127497,"{""coordinate_support_infeasible"": 5, ""low_ess"": 3, ""moment_residual"": 5, ""native_nonconvergence"": 5}"
2,design_000211,support_random,0.046323605,False,4,0.005002557503295053,0.6060111848385685,"{""coordinate_support_infeasible"": 4, ""low_ess"": 4, ""moment_residual"": 4, ""native_nonconvergence"": 4}"
2,design_000212,support_random,0.030210821,False,1,0.009596937259375543,0.24452294811443512,"{""low_ess"": 1, ""moment_residual"": 1, ""native_nonconvergence"": 1}"
2,design_000213,support_random,0.037769362,False,4,0.009014978118040235,0.7398134650710015,"{""coordinate_support_infeasible"": 3, ""low_ess"": 2, ""moment_residual"": 4, ""native_nonconvergence"": 4}"
2,design_000214,support_random,0.065783516,False,6,0.006789860751215363,0.561614889329317,"{""coordinate_support_infeasible"": 4, ""low_ess"": 4, ""moment_residual"": 6, ""native_nonconvergence"": 6}"
2,design_000215,support_random,0.13322599,False,1,0.020314866258903868,0.29113417870215347,"{""coordinate_support_infeasible"": 1, ""moment_residual"": 1, ""native_nonconvergence"": 1}"
2,design_000216,support_random,0.06363994,False,4,0.005264773180339669,0.6545111230026248,"{""coordinate_support_infeasible"": 4, ""low_ess"": 3, ""moment_residual"": 4, ""native_nonconvergence"": 4}"
2,design_000217,support_random,0.0624417,False,6,0.008272894315453966,0.37495358235917764,"{""coordinate_support_infeasible"": 5, ""low_ess"": 3, ""moment_residual"": 4, ""native_nonconvergence"": 5}"
2,design_000218,support_random,0.027244544,False,3,0.05137547175523043,0.40532357847536205,"{""coordinate_support_infeasible"": 2, ""moment_residual"": 3, ""native_nonconvergence"": 3}"
2,design_000219,support_random,0.048580818,False,4,0.0050052452178971744,0.7279290997130615,"{""coordinate_support_infeasible"": 3, ""low_ess"": 3, ""moment_residual"": 4, ""native_nonconvergence"": 4}"
2,design_000220,support_random,0.061821707,False,7,0.030159898159726323,0.11086752551038453,"{""coordinate_support_infeasible"": 6, ""moment_residual"": 6, ""native_nonconvergence"": 6}"
2,design_000221,longitudinal_stratified,0.029816007,False,4,0.005010094537736203,0.49060113919038356,"{""coordinate_support_infeasible"": 3, ""low_ess"": 1, ""moment_residual"": 4, ""native_nonconvergence"": 4}"
2,design_000222,longitudinal_stratified,0.03443289,False,3,0.08612756066158872,0.6049777190487715,"{""coordinate_support_infeasible"": 2, ""moment_residual"": 3, ""native_nonconvergence"": 3}"
2,design_000223,longitudinal_stratified,0.085099265,False,10,0.005049129570674483,0.6115850167519016,"{""coordinate_support_infeasible"": 4, ""low_ess"": 3, ""moment_residual"": 10, ""native_nonconvergence"": 10}"
2,design_000224,longitudinal_stratified,0.03203011,False,3,0.08141295044937215,0.5651137617506248,"{""coordinate_support_infeasible"": 2, ""moment_residual"": 3, ""native_nonconvergence"": 3}"
2,design_000225,longitudinal_stratified,0.037971336,False,4,0.011241323238483744,0.5656769435121866,"{""coordinate_support_infeasible"": 3, ""low_ess"": 1, ""moment_residual"": 4, ""native_nonconvergence"": 4}"
2,design_000226,longitudinal_stratified,0.04058743,False,3,0.02092243930264216,0.5871661215205692,"{""coordinate_support_infeasible"": 2, ""moment_residual"": 3, ""native_nonconvergence"": 3}"
2,design_000227,longitudinal_stratified,0.01955992,False,3,0.018777218473529745,0.20422540925133104,"{""coordinate_support_infeasible"": 2, ""low_ess"": 1, ""moment_residual"": 2, ""native_nonconvergence"": 2}"
2,design_000228,longitudinal_stratified,0.06320629,False,5,0.005170368569073907,0.44109313951059714,"{""coordinate_support_infeasible"": 5, ""low_ess"": 2, ""moment_residual"": 5, ""native_nonconvergence"": 5}"
2,design_000229,longitudinal_stratified,0.3238509,False,13,0.005000419058204677,0.9298926306108946,"{""coordinate_support_infeasible"": 2, ""low_ess"": 10, ""moment_residual"": 13, ""native_nonconvergence"": 13}"
2,design_000230,longitudinal_stratified,0.033181027,False,4,0.005036829688174417,0.6358625145889744,"{""coordinate_support_infeasible"": 4, ""low_ess"": 3, ""moment_residual"": 4, ""native_nonconvergence"": 4}"
2,design_000231,longitudinal_stratified,0.03564188,False,4,0.005557718798062751,0.4849283741888472,"{""coordinate_support_infeasible"": 3, ""low_ess"": 1, ""moment_residual"": 4, ""native_nonconvergence"": 4}"
2,design_000232,longitudinal_stratified,0.13340819,False,15,0.005276678528460721,0.30026006886528367,"{""coordinate_support_infeasible"": 6, ""low_ess"": 1, ""moment_residual"": 14, ""native_nonconvergence"": 14}"
2,design_000233,longitudinal_stratified,0.07608988,False,7,0.01212913000794063,0.3148605696976476,"{""coordinate_support_infeasible"": 5, ""low_ess"": 3, ""moment_residual"": 6, ""native_nonconvergence"": 6}"
2,design_000234,longitudinal_stratified,0.026495581,False,3,0.018848092700749993,0.3058683145418422,"{""coordinate_support_infeasible"": 3, ""low_ess"": 1, ""moment_residual"": 3, ""native_nonconvergence"": 3}"
2,design_000235,longitudinal_stratified,0.029023767,False,4,0.013406985004716262,0.44250374922894364,"{""coordinate_support_infeasible"": 3, ""low_ess"": 1, ""moment_residual"": 4, ""native_nonconvergence"": 4}"
2,design_000236,longitudinal_stratified,0.021710569,False,3,0.05948864496534323,0.47809886847031746,"{""coordinate_support_infeasible"": 2, ""moment_residual"": 3, ""native_nonconvergence"": 3}"
2,design_000237,longitudinal_stratified,0.07139027,False,6,0.005567091459543867,0.5263428947307253,"{""coordinate_support_infeasible"": 5, ""low_ess"": 3, ""moment_residual"": 6, ""native_nonconvergence"": 6}"
2,design_000238,longitudinal_stratified,0.053604037,False,3,0.08965875608325562,0.2989015916163777,"{""coordinate_support_infeasible"": 2, ""moment_residual"": 3, ""native_nonconvergence"": 3}"
2,design_000239,longitudinal_stratified,0.05247909,False,5,0.00502695100965097,0.5111985944729776,"{""coordinate_support_infeasible"": 4, ""low_ess"": 2, ""moment_residual"": 5, ""native_nonconvergence"": 5}"
2,design_000240,longitudinal_stratified,0.033901155,False,4,0.0053717775995258885,0.38475841721051146,"{""coordinate_support_infeasible"": 3, ""low_ess"": 1, ""moment_residual"": 4, ""native_nonconvergence"": 4}"
2,design_000241,longitudinal_stratified,0.03815382,False,4,0.0050000076202198936,0.38553369679086236,"{""coordinate_support_infeasible"": 3, ""low_ess"": 1, ""moment_residual"": 4, ""native_nonconvergence"": 4}"
2,design_000242,longitudinal_stratified,0.024391884,False,3,0.006929150854680157,0.25639238312054635,"{""coordinate_support_infeasible"": 3, ""low_ess"": 2, ""moment_residual"": 3, ""native_nonconvergence"": 3}"
2,design_000243,longitudinal_stratified,0.05999789,False,5,0.005030002190620036,0.8589963076432284,"{""coordinate_support_infeasible"": 5, ""low_ess"": 3, ""moment_residual"": 5, ""native_nonconvergence"": 5}"
2,design_000244,longitudinal_stratified,0.032143716,False,3,0.026965420162181807,0.41949837889852076,"{""coordinate_support_infeasible"": 2, ""moment_residual"": 3, ""native_nonconvergence"": 3}"
2,design_000245,longitudinal_stratified,0.037073325,False,3,0.020303379996091088,0.7272283214097615,"{""coordinate_support_infeasible"": 2, ""moment_residual"": 3, ""native_nonconvergence"": 3}"
2,design_000246,longitudinal_stratified,0.056028377,False,3,0.052371311179264766,0.7462190580988284,"{""coordinate_support_infeasible"": 1, ""moment_residual"": 3, ""native_nonconvergence"": 3}"
2,design_000247,longitudinal_stratified,0.067475915,False,5,0.005245594065776264,0.6684650775210602,"{""coordinate_support_infeasible"": 5, ""low_ess"": 3, ""moment_residual"": 5, ""native_nonconvergence"": 5}"
2,design_000248,longitudinal_stratified,0.027771495,False,4,0.011618825615409412,0.639318251208266,"{""coordinate_support_infeasible"": 2, ""low_ess"": 2, ""moment_residual"": 4, ""native_nonconvergence"": 4}"
2,design_000249,longitudinal_stratified,0.035730645,False,3,0.08049236118921138,0.5113177035464085,"{""coordinate_support_infeasible"": 2, ""moment_residual"": 3, ""native_nonconvergence"": 3}"
2,design_000250,longitudinal_stratified,0.043133706,False,5,0.005390850638104898,0.7392291621139301,"{""coordinate_support_infeasible"": 4, ""low_ess"": 5, ""moment_residual"": 5, ""native_nonconvergence"": 5}"
2,design_000251,longitudinal_stratified,0.056219634,False,4,0.005008673836582461,0.6201752464269081,"{""coordinate_support_infeasible"": 4, ""low_ess"": 4, ""moment_residual"": 4, ""native_nonconvergence"": 4}"
2,design_000252,longitudinal_stratified,0.0346068,False,3,0.09997552120353523,0.5713757786309391,"{""coordinate_support_infeasible"": 2, ""moment_residual"": 3, ""native_nonconvergence"": 3}"
2,design_000253,longitudinal_stratified,0.023016328,False,3,0.01306232178036273,0.28778734640108633,"{""coordinate_support_infeasible"": 2, ""low_ess"": 1, ""moment_residual"": 2, ""native_nonconvergence"": 2}"
2,design_000254,longitudinal_stratified,0.06598697,False,7,0.005057705644983013,0.2984446983007153,"{""coordinate_support_infeasible"": 6, ""low_ess"": 2, ""moment_residual"": 6, ""native_nonconvergence"": 6}"
2,design_000255,longitudinal_stratified,0.03448916,False,3,0.013967415219118028,0.7237222303894227,"{""coordinate_support_infeasible"": 2, ""low_ess"": 1, ""moment_residual"": 3, ""native_nonconvergence"": 3}"
2,design_000256,longitudinal_stratified,0.053010512,False,5,0.005080173400888769,0.7445176522890069,"{""coordinate_support_infeasible"": 5, ""low_ess"": 2, ""moment_residual"": 5, ""native_nonconvergence"": 5}"
2,design_000257,longitudinal_stratified,0.062282752,False,5,0.006756621625981186,0.6432237035847741,"{""coordinate_support_infeasible"": 5, ""low_ess"": 3, ""moment_residual"": 5, ""native_nonconvergence"": 5}"
2,design_000258,longitudinal_stratified,0.29741794,False,10,0.012681051761368398,0.8989645005686417,"{""coordinate_support_infeasible"": 2, ""low_ess"": 4, ""moment_residual"": 10, ""native_nonconvergence"": 10}"
2,design_000259,longitudinal_stratified,0.041987963,False,5,0.0051996318888023725,0.34439281907296165,"{""coordinate_support_infeasible"": 5, ""low_ess"": 3, ""moment_residual"": 4, ""native_nonconvergence"": 4}"
2,design_000260,longitudinal_stratified,0.03367682,False,8,0.036959807280178725,0.5781083089440416,"{""coordinate_support_infeasible"": 6, ""moment_residual"": 6, ""native_nonconvergence"": 7}"
2,design_000261,longitudinal_stratified,0.14743233,False,4,0.006126460867679056,0.5392498491367087,"{""coordinate_support_infeasible"": 2, ""low_ess"": 1, ""moment_residual"": 4, ""native_nonconvergence"": 4}"
2,design_000262,longitudinal_stratified,0.086191714,False,3,0.04790951115001122,0.3019481101222142,"{""coordinate_support_infeasible"": 2, ""moment_residual"": 3, ""native_nonconvergence"": 3}"
2,design_000263,longitudinal_stratified,0.039637215,False,3,0.006171972389350877,0.6608618809698834,"{""coordinate_support_infeasible"": 2, ""low_ess"": 2, ""moment_residual"": 3, ""native_nonconvergence"": 3}"
2,design_000264,longitudinal_stratified,0.030751115,False,4,0.005002664216199598,0.7204684987921162,"{""coordinate_support_infeasible"": 3, ""low_ess"": 4, ""moment_residual"": 4, ""native_nonconvergence"": 4}"
2,design_000265,longitudinal_stratified,0.05350719,False,6,0.013955818795672564,0.5936671675420276,"{""coordinate_support_infeasible"": 6, ""low_ess"": 2, ""moment_residual"": 5, ""native_nonconvergence"": 5}"
2,design_000266,longitudinal_stratified,0.0465821,False,3,0.07388220865666068,0.7269419878339781,"{""coordinate_support_infeasible"": 2, ""moment_residual"": 3, ""native_nonconvergence"": 3}"
2,design_000267,longitudinal_stratified,0.042173624,False,4,0.0065569308537740695,0.5463049059109225,"{""coordinate_support_infeasible"": 3, ""low_ess"": 2, ""moment_residual"": 4, ""native_nonconvergence"": 4}"
2,design_000268,longitudinal_stratified,0.04393466,False,4,0.005000001474402853,0.6592994772948831,"{""coordinate_support_infeasible"": 4, ""low_ess"": 4, ""moment_residual"": 4, ""native_nonconvergence"": 4}"
2,design_000269,longitudinal_stratified,0.043943137,False,4,0.005039431678296797,0.6255999094271968,"{""coordinate_support_infeasible"": 3, ""low_ess"": 2, ""moment_residual"": 4, ""native_nonconvergence"": 4}"
2,design_000270,longitudinal_stratified,0.052923806,False,5,0.005836905655228066,0.38797210500839646,"{""coordinate_support_infeasible"": 4, ""low_ess"": 4, ""moment_residual"": 4, ""native_nonconvergence"": 5}"
2,design_000271,longitudinal_stratified,0.040852915,False,4,0.005016857323896795,0.44806904368286404,"{""coordinate_support_infeasible"": 3, ""low_ess"": 1, ""moment_residual"": 4, ""native_nonconvergence"": 4}"
2,design_000272,longitudinal_stratified,0.024180429,False,3,0.019091754207993084,0.33479189359303807,"{""coordinate_support_infeasible"": 3, ""low_ess"": 1, ""moment_residual"": 3, ""native_nonconvergence"": 3}"
2,design_000273,longitudinal_stratified,0.05282138,False,6,0.015824572177179596,0.3375739609532531,"{""coordinate_support_infeasible"": 6, ""low_ess"": 1, ""moment_residual"": 5, ""native_nonconvergence"": 5}"
2,design_000274,longitudinal_stratified,0.030656135,False,4,0.005039211487387971,0.36659800695410527,"{""coordinate_support_infeasible"": 3, ""low_ess"": 1, ""moment_residual"": 4, ""native_nonconvergence"": 4}"
2,design_000275,longitudinal_stratified,0.027962511,False,3,0.017697539120937383,0.33013376402960076,"{""coordinate_support_infeasible"": 2, ""low_ess"": 1, ""moment_residual"": 3, ""native_nonconvergence"": 3}"
2,design_000276,longitudinal_stratified,0.05960211,False,5,0.005022115271664903,0.4418469008654946,"{""coordinate_support_infeasible"": 4, ""low_ess"": 2, ""moment_residual"": 5, ""native_nonconvergence"": 5}"
2,design_000277,longitudinal_stratified,0.03497628,False,3,0.04497778044562922,0.3975414050518906,"{""coordinate_support_infeasible"": 2, ""moment_residual"": 3, ""native_nonconvergence"": 3}"
2,design_000278,longitudinal_stratified,0.027246233,False,3,0.045837805549666086,0.4385666637322537,"{""coordinate_support_infeasible"": 3, ""moment_residual"": 3, ""native_nonconvergence"": 3}"
2,design_000279,longitudinal_stratified,0.043433774,False,4,0.005048853694289011,0.45983678593608995,"{""coordinate_support_infeasible"": 4, ""low_ess"": 2, ""moment_residual"": 4, ""native_nonconvergence"": 4}"
2,design_000280,longitudinal_stratified,0.033136334,False,3,0.0351064179306776,0.225724060991639,"{""coordinate_support_infeasible"": 3, ""moment_residual"": 3, ""native_nonconvergence"": 3}"
2,design_000281,longitudinal_stratified,0.030358013,False,3,0.03684350149514634,0.3618834148305493,"{""coordinate_support_infeasible"": 3, ""moment_residual"": 3, ""native_nonconvergence"": 3}"
2,design_000282,longitudinal_stratified,0.048813105,False,3,0.05615956453674606,0.7520646423967241,"{""coordinate_support_infeasible"": 2, ""moment_residual"": 3, ""native_nonconvergence"": 3}"
2,design_000283,longitudinal_stratified,0.029698623,False,5,0.013864097307912998,0.3191653443880662,"{""coordinate_support_infeasible"": 4, ""low_ess"": 2, ""moment_residual"": 4, ""native_nonconvergence"": 5}"
2,design_000284,longitudinal_stratified,0.014451279,False,3,0.041774286822623394,0.20066908191146435,"{""coordinate_support_infeasible"": 3, ""moment_residual"": 3, ""native_nonconvergence"": 3}"
2,design_000285,longitudinal_stratified,0.04072715,False,5,0.010094173173813384,0.3942347610687446,"{""coordinate_support_infeasible"": 4, ""low_ess"": 4, ""moment_residual"": 4, ""native_nonconvergence"": 4}"
2,design_000286,longitudinal_stratified,0.025611257,False,2,0.03579246200023164,0.3577828679726569,"{""coordinate_support_infeasible"": 2, ""moment_residual"": 2, ""native_nonconvergence"": 2}"
2,design_000287,longitudinal_stratified,0.040342275,False,6,0.024515842118187286,0.571841334808596,"{""coordinate_support_infeasible"": 5, ""moment_residual"": 5, ""native_nonconvergence"": 5}"
2,design_000288,longitudinal_stratified,0.0206662,False,6,0.008411703034112554,0.15333922362016264,"{""coordinate_support_infeasible"": 6, ""low_ess"": 1, ""moment_residual"": 4, ""native_nonconvergence"": 4}"
2,design_000289,longitudinal_stratified,0.044199996,False,5,0.011655640862459859,0.5678336648298952,"{""coordinate_support_infeasible"": 4, ""low_ess"": 2, ""moment_residual"": 5, ""native_nonconvergence"": 5}"
2,design_000290,longitudinal_stratified,0.09136509,False,6,0.005026781897938267,0.6550060406545121,"{""coordinate_support_infeasible"": 5, ""low_ess"": 4, ""moment_residual"": 6, ""native_nonconvergence"": 6}"
2,design_000291,longitudinal_stratified,0.13304193,False,7,0.005000276511993371,0.7600102290740599,"{""coordinate_support_infeasible"": 2, ""low_ess"": 3, ""moment_residual"": 7, ""native_nonconvergence"": 7}"
2,design_000292,longitudinal_stratified,0.022737805,False,3,0.0067429761343367825,0.39829507800843006,"{""coordinate_support_infeasible"": 3, ""low_ess"": 2, ""moment_residual"": 3, ""native_nonconvergence"": 3}"
2,design_000293,longitudinal_stratified,0.037145887,False,3,0.0050568266037736365,0.3557409232975662,"{""coordinate_support_infeasible"": 3, ""low_ess"": 2, ""moment_residual"": 3, ""native_nonconvergence"": 3}"
2,design_000294,longitudinal_stratified,0.026647812,False,4,0.008491568378261288,0.3211198399714345,"{""coordinate_support_infeasible"": 3, ""low_ess"": 2, ""moment_residual"": 4, ""native_nonconvergence"": 4}"
2,design_000295,longitudinal_stratified,0.026504572,False,2,0.027521059225070706,0.3767548342593654,"{""coordinate_support_infeasible"": 2, ""moment_residual"": 2, ""native_nonconvergence"": 2}"
2,design_000296,longitudinal_stratified,0.021918764,False,5,0.007260076925278013,0.6410887516544894,"{""coordinate_support_infeasible"": 4, ""low_ess"": 3, ""moment_residual"": 4, ""native_nonconvergence"": 5}"
2,design_000297,longitudinal_stratified,0.04930428,False,4,0.005033638418168065,0.5105211286530879,"{""coordinate_support_infeasible"": 4, ""low_ess"": 3, ""moment_residual"": 4, ""native_nonconvergence"": 4}"
2,design_000298,longitudinal_stratified,0.042465035,False,5,0.0055199020604733895,0.2924796919035543,"{""coordinate_support_infeasible"": 5, ""low_ess"": 1, ""moment_residual"": 5, ""native_nonconvergence"": 5}"
2,design_000299,longitudinal_stratified,0.02719147,False,3,0.06558983822526772,0.21841003699508688,"{""coordinate_support_infeasible"": 2, ""moment_residual"": 3, ""native_nonconvergence"": 3}"
2,design_000300,longitudinal_stratified,0.04503685,False,5,0.0051648843043304435,0.44358044075375214,"{""coordinate_support_infeasible"": 5, ""low_ess"": 4, ""moment_residual"": 4, ""native_nonconvergence"": 4}"
2,design_000301,longitudinal_stratified,0.04646217,False,7,0.009875938216933236,0.39852457388851287,"{""coordinate_support_infeasible"": 5, ""low_ess"": 2, ""moment_residual"": 6, ""native_nonconvergence"": 6}"
2,design_000302,longitudinal_stratified,0.044873208,False,3,0.03538505207683966,0.3385365783101002,"{""coordinate_support_infeasible"": 2, ""moment_residual"": 3, ""native_nonconvergence"": 3}"
2,design_000303,longitudinal_stratified,0.06520785,False,5,0.0050434272208540465,0.41936728970391485,"{""coordinate_support_infeasible"": 4, ""low_ess"": 4, ""moment_residual"": 5, ""native_nonconvergence"": 5}"
2,design_000304,longitudinal_stratified,0.056117803,False,5,0.006363763796020045,0.3575280760550438,"{""coordinate_support_infeasible"": 5, ""low_ess"": 3, ""moment_residual"": 4, ""native_nonconvergence"": 4}"
2,design_000305,longitudinal_stratified,0.10524959,False,12,0.014699811891761666,0.21272542799731495,"{""coordinate_support_infeasible"": 5, ""low_ess"": 1, ""moment_residual"": 10, ""native_nonconvergence"": 11}"
2,design_000306,longitudinal_stratified,0.12382212,False,12,0.012640126088099626,0.5140787990592796,"{""coordinate_support_infeasible"": 2, ""low_ess"": 1, ""moment_residual"": 12, ""native_nonconvergence"": 12}"
2,design_000307,longitudinal_stratified,0.024145283,False,3,0.01748104023840896,0.4147722020462485,"{""coordinate_support_infeasible"": 2, ""low_ess"": 1, ""moment_residual"": 2, ""native_nonconvergence"": 2}"
2,design_000308,longitudinal_stratified,0.065876685,False,6,0.012824151914914613,0.28070960856038135,"{""coordinate_support_infeasible"": 5, ""low_ess"": 2, ""moment_residual"": 5, ""native_nonconvergence"": 6}"
2,design_000309,longitudinal_stratified,0.052776035,False,5,0.012600769833093379,0.5952557539297856,"{""coordinate_support_infeasible"": 5, ""low_ess"": 3, ""moment_residual"": 5, ""native_nonconvergence"": 5}"
2,design_000310,longitudinal_stratified,0.041728508,False,4,0.005021246700328995,0.30656602866946153,"{""coordinate_support_infeasible"": 4, ""low_ess"": 1, ""moment_residual"": 4, ""native_nonconvergence"": 4}"
2,design_000311,longitudinal_stratified,0.034296032,False,4,0.0059937369990756125,0.7355087376851548,"{""coordinate_support_infeasible"": 3, ""low_ess"": 3, ""moment_residual"": 4, ""native_nonconvergence"": 4}"
2,design_000312,longitudinal_stratified,0.026880309,False,3,0.02347182791822967,0.1938196672906282,"{""coordinate_support_infeasible"": 3, ""moment_residual"": 3, ""native_nonconvergence"": 3}"
2,design_000313,longitudinal_stratified,0.029838914,False,7,0.0198226303158123,0.5028426456453784,"{""coordinate_support_infeasible"": 6, ""low_ess"": 1, ""moment_residual"": 5, ""native_nonconvergence"": 6}"
2,design_000314,longitudinal_stratified,0.06369836,False,6,0.00781907986556919,0.5723135689242724,"{""coordinate_support_infeasible"": 6, ""low_ess"": 2, ""moment_residual"": 6, ""native_nonconvergence"": 6}"
2,design_000315,longitudinal_stratified,0.03513387,False,4,0.01918436727321124,0.37390440048819806,"{""coordinate_support_infeasible"": 3, ""low_ess"": 1, ""moment_residual"": 3, ""native_nonconvergence"": 3}"
2,design_000316,longitudinal_stratified,0.05652887,False,7,0.006878694082599004,0.28266215209162593,"{""coordinate_support_infeasible"": 5, ""low_ess"": 2, ""moment_residual"": 6, ""native_nonconvergence"": 6}"
2,design_000317,longitudinal_stratified,0.05716145,False,5,0.005311395343814944,0.6609765751623814,"{""coordinate_support_infeasible"": 4, ""low_ess"": 4, ""moment_residual"": 4, ""native_nonconvergence"": 5}"
2,design_000318,longitudinal_stratified,0.04646009,False,4,0.005418227511583377,0.7275544817654404,"{""coordinate_support_infeasible"": 4, ""low_ess"": 3, ""moment_residual"": 4, ""native_nonconvergence"": 4}"
2,design_000319,longitudinal_stratified,0.026222354,False,2,0.04949704677340697,0.3427242510793287,"{""coordinate_support_infeasible"": 1, ""moment_residual"": 2, ""native_nonconvergence"": 2}"
2,design_000320,longitudinal_stratified,0.026116986,False,3,0.038921894006315835,0.5093286441817815,"{""coordinate_support_infeasible"": 2, ""moment_residual"": 3, ""native_nonconvergence"": 3}"
2,design_000321,longitudinal_stratified,0.040784456,False,5,0.0050341299430511684,0.7182462283733331,"{""coordinate_support_infeasible"": 5, ""low_ess"": 4, ""moment_residual"": 5, ""native_nonconvergence"": 5}"
2,design_000322,longitudinal_stratified,0.036400795,False,4,0.010612596464464002,0.5074156335595671,"{""coordinate_support_infeasible"": 3, ""low_ess"": 2, ""moment_residual"": 4, ""native_nonconvergence"": 4}"
2,design_000323,longitudinal_stratified,0.06882298,False,5,0.005983271752645643,0.4368341339890463,"{""coordinate_support_infeasible"": 5, ""low_ess"": 3, ""moment_residual"": 5, ""native_nonconvergence"": 5}"
2,design_000324,longitudinal_stratified,0.03657132,False,3,0.005035937600387897,0.37566094828683066,"{""coordinate_support_infeasible"": 3, ""low_ess"": 1, ""moment_residual"": 3, ""native_nonconvergence"": 3}"
2,design_000325,longitudinal_stratified,0.03144057,False,4,0.005042344874505517,0.548083491704772,"{""coordinate_support_infeasible"": 3, ""low_ess"": 2, ""moment_residual"": 4, ""native_nonconvergence"": 4}"
2,design_000326,longitudinal_stratified,0.036713075,False,4,0.005023414726639226,0.5784443161341181,"{""coordinate_support_infeasible"": 3, ""low_ess"": 2, ""moment_residual"": 4, ""native_nonconvergence"": 4}"
2,design_000327,longitudinal_stratified,0.061853472,False,5,0.007180783604417495,0.5272207464428713,"{""coordinate_support_infeasible"": 5, ""low_ess"": 3, ""moment_residual"": 4, ""native_nonconvergence"": 4}"
2,design_000328,longitudinal_stratified,0.08878512,False,5,0.005498512697856786,0.7062551520352426,"{""coordinate_support_infeasible"": 4, ""low_ess"": 5, ""moment_residual"": 4, ""native_nonconvergence"": 5}"
2,design_000329,longitudinal_stratified,0.04187991,False,4,0.0050111152237971406,0.4637525078614707,"{""coordinate_support_infeasible"": 4, ""low_ess"": 2, ""moment_residual"": 4, ""native_nonconvergence"": 4}"
2,design_000330,longitudinal_stratified,0.036695838,False,5,0.009831597410941735,0.45250966530716774,"{""coordinate_support_infeasible"": 4, ""low_ess"": 1, ""moment_residual"": 5, ""native_nonconvergence"": 5}"
2,design_000331,longitudinal_stratified,0.04023802,False,3,0.08394969008702645,0.6319803139687296,"{""coordinate_support_infeasible"": 2, ""moment_residual"": 3, ""native_nonconvergence"": 3}"
2,design_000332,longitudinal_stratified,0.048543114,False,4,0.005014507281842494,0.39604186014296383,"{""coordinate_support_infeasible"": 4, ""low_ess"": 2, ""moment_residual"": 4, ""native_nonconvergence"": 4}"
2,design_000333,longitudinal_stratified,0.029400894,False,2,0.06483387770130886,0.5518090809599204,"{""coordinate_support_infeasible"": 1, ""moment_residual"": 2, ""native_nonconvergence"": 2}"
2,design_000334,longitudinal_stratified,0.03715067,False,3,0.010992476499318752,0.3376896345762189,"{""coordinate_support_infeasible"": 2, ""low_ess"": 2, ""moment_residual"": 3, ""native_nonconvergence"": 3}"
2,design_000335,longitudinal_stratified,0.030220913,False,5,0.006014143953480999,0.6617169882856079,"{""coordinate_support_infeasible"": 4, ""low_ess"": 4, ""moment_residual"": 5, ""native_nonconvergence"": 5}"
2,design_000336,longitudinal_stratified,0.0759706,False,5,0.0050271929650257,0.6426456314740235,"{""coordinate_support_infeasible"": 4, ""low_ess"": 2, ""moment_residual"": 5, ""native_nonconvergence"": 5}"
2,design_000337,longitudinal_stratified,0.041136157,False,3,0.1227749821102343,0.4569822287333252,"{""coordinate_support_infeasible"": 2, ""moment_residual"": 3, ""native_nonconvergence"": 3}"
2,design_000338,longitudinal_stratified,0.017050691,False,7,0.011133281376249375,0.4191924434603668,"{""coordinate_support_infeasible"": 5, ""low_ess"": 1, ""moment_residual"": 6, ""native_nonconvergence"": 7}"
2,design_000339,longitudinal_stratified,0.029022817,False,3,0.036059318948126765,0.29539757458192334,"{""coordinate_support_infeasible"": 2, ""moment_residual"": 3, ""native_nonconvergence"": 3}"
2,design_000340,longitudinal_stratified,0.038767233,False,4,0.011806903733885531,0.6887892926200031,"{""coordinate_support_infeasible"": 3, ""low_ess"": 1, ""moment_residual"": 4, ""native_nonconvergence"": 4}"
2,design_000341,longitudinal_stratified,0.033413284,False,5,0.012848720206447293,0.19669486439369208,"{""coordinate_support_infeasible"": 5, ""low_ess"": 1, ""moment_residual"": 5, ""native_nonconvergence"": 5}"
2,design_000342,longitudinal_stratified,0.033853684,False,4,0.005324276676954717,0.6004129684191648,"{""coordinate_support_infeasible"": 4, ""low_ess"": 2, ""moment_residual"": 4, ""native_nonconvergence"": 4}"
2,design_000343,longitudinal_stratified,0.05348984,False,4,0.005113615400733074,0.6055198061389284,"{""coordinate_support_infeasible"": 4, ""low_ess"": 3, ""moment_residual"": 4, ""native_nonconvergence"": 4}"
2,design_000344,longitudinal_stratified,0.056029707,False,8,0.01250476911535647,0.2582715294844323,"{""coordinate_support_infeasible"": 2, ""low_ess"": 1, ""moment_residual"": 8, ""native_nonconvergence"": 8}"
2,design_000345,longitudinal_stratified,0.035978246,False,3,0.051175435735018884,0.556141331272863,"{""coordinate_support_infeasible"": 2, ""moment_residual"": 3, ""native_nonconvergence"": 3}"
2,design_000346,longitudinal_stratified,0.08638231,False,5,0.005035670220295117,0.8524626529619946,"{""coordinate_support_infeasible"": 5, ""low_ess"": 4, ""moment_residual"": 5, ""native_nonconvergence"": 5}"
2,design_000347,longitudinal_stratified,0.036547523,False,3,0.06454966911027087,0.695476558501867,"{""coordinate_support_infeasible"": 2, ""moment_residual"": 3, ""native_nonconvergence"": 3}"
2,design_000348,longitudinal_stratified,0.021829622,False,3,0.01773088467565673,0.2146772581463143,"{""coordinate_support_infeasible"": 3, ""low_ess"": 1, ""moment_residual"": 3, ""native_nonconvergence"": 3}"
2,design_000349,lateral_discriminating,0.039054137,False,4,0.005000203255860056,0.08818413949913456,"{""coordinate_support_infeasible"": 2, ""low_ess"": 2, ""moment_residual"": 4, ""native_nonconvergence"": 4}"
2,design_000350,lateral_discriminating,0.14704414,False,9,0.005014061640648292,0.10515719739775306,"{""coordinate_support_infeasible"": 4, ""low_ess"": 4, ""moment_residual"": 9, ""native_nonconvergence"": 9}"
2,design_000351,lateral_discriminating,0.07505038,False,9,0.005405041761411365,0.03974259267637764,"{""coordinate_support_infeasible"": 5, ""low_ess"": 2, ""moment_residual"": 9, ""native_nonconvergence"": 9}"
2,design_000352,lateral_discriminating,0.05393113,False,4,0.005086716829492806,0.39100240238974915,"{""coordinate_support_infeasible"": 2, ""low_ess"": 3, ""moment_residual"": 4, ""native_nonconvergence"": 4}"
2,design_000353,lateral_discriminating,0.037024666,False,2,0.025964760198601684,0.23593510279112823,"{""moment_residual"": 2, ""native_nonconvergence"": 2}"
2,design_000354,lateral_discriminating,0.031590294,False,4,0.009210382238541107,0.25127608880369245,"{""coordinate_support_infeasible"": 3, ""low_ess"": 1, ""moment_residual"": 4, ""native_nonconvergence"": 4}"
2,design_000355,lateral_discriminating,0.05537439,False,5,0.005000381789631163,0.362873435306813,"{""coordinate_support_infeasible"": 3, ""low_ess"": 2, ""moment_residual"": 5, ""native_nonconvergence"": 5}"
2,design_000356,lateral_discriminating,0.037585028,False,5,0.005014697376524303,0.14491028934678477,"{""coordinate_support_infeasible"": 4, ""low_ess"": 2, ""moment_residual"": 5, ""native_nonconvergence"": 5}"
2,design_000357,lateral_discriminating,0.2684658,False,10,0.005002631260005347,0.8655438681917226,"{""coordinate_support_infeasible"": 5, ""low_ess"": 6, ""moment_residual"": 10, ""native_nonconvergence"": 10}"
2,design_000358,lateral_discriminating,0.091864325,False,6,0.005064209269717338,0.08526106565334925,"{""coordinate_support_infeasible"": 4, ""low_ess"": 3, ""moment_residual"": 6, ""native_nonconvergence"": 6}"
2,design_000359,lateral_discriminating,0.036205232,False,3,0.009070983619725274,0.33754403690235946,"{""coordinate_support_infeasible"": 2, ""low_ess"": 2, ""moment_residual"": 3, ""native_nonconvergence"": 3}"
2,design_000360,lateral_discriminating,0.13172895,False,7,0.005001012715461784,0.16710796141611536,"{""coordinate_support_infeasible"": 5, ""low_ess"": 4, ""moment_residual"": 7, ""native_nonconvergence"": 7}"
2,design_000361,lateral_discriminating,0.04140401,False,3,0.005001399296753371,0.33418736005056565,"{""low_ess"": 3, ""moment_residual"": 3, ""native_nonconvergence"": 3}"
2,design_000362,lateral_discriminating,0.031020287,False,3,0.006479091570272746,0.42397001394487016,"{""coordinate_support_infeasible"": 1, ""low_ess"": 2, ""moment_residual"": 3, ""native_nonconvergence"": 3}"
2,design_000363,lateral_discriminating,0.031962696,False,1,0.006671620856233599,0.026871749637938654,"{""low_ess"": 1, ""moment_residual"": 1, ""native_nonconvergence"": 1}"
2,design_000364,lateral_discriminating,0.046223626,False,5,0.005000196528019271,0.575932392950016,"{""coordinate_support_infeasible"": 3, ""low_ess"": 3, ""moment_residual"": 5, ""native_nonconvergence"": 5}"
2,design_000365,lateral_discriminating,0.028118491,False,4,0.00970142589598966,0.2078392535811028,"{""coordinate_support_infeasible"": 3, ""low_ess"": 2, ""moment_residual"": 4, ""native_nonconvergence"": 4}"
2,design_000366,lateral_discriminating,0.2520991,False,9,0.005001471097315231,0.9564881630154005,"{""coordinate_support_infeasible"": 4, ""low_ess"": 5, ""moment_residual"": 9, ""native_nonconvergence"": 9}"
2,design_000367,lateral_discriminating,0.07321692,False,6,0.005000118500232521,0.07294928386734931,"{""coordinate_support_infeasible"": 4, ""low_ess"": 1, ""moment_residual"": 6, ""native_nonconvergence"": 6}"
2,design_000368,lateral_discriminating,0.15127636,False,8,0.005004924783883041,0.6744631594401885,"{""coordinate_support_infeasible"": 4, ""low_ess"": 3, ""moment_residual"": 8, ""native_nonconvergence"": 8}"
2,design_000369,lateral_discriminating,0.16816619,False,8,0.005001693095834387,0.6877874099576565,"{""coordinate_support_infeasible"": 4, ""low_ess"": 4, ""moment_residual"": 8, ""native_nonconvergence"": 8}"
2,design_000370,lateral_discriminating,0.055335302,False,4,0.005005982985079164,0.5904149233341066,"{""coordinate_support_infeasible"": 3, ""low_ess"": 3, ""moment_residual"": 4, ""native_nonconvergence"": 4}"
2,design_000371,lateral_discriminating,0.024772178,False,5,0.017682186389221824,0.05804355967341015,"{""coordinate_support_infeasible"": 3, ""low_ess"": 1, ""moment_residual"": 5, ""native_nonconvergence"": 5}"
2,design_000372,lateral_discriminating,0.037303437,False,3,0.005442678943700137,0.5751049587458973,"{""coordinate_support_infeasible"": 1, ""low_ess"": 2, ""moment_residual"": 2, ""native_nonconvergence"": 2}"
2,design_000373,lateral_discriminating,0.12337512,False,7,0.005000103385475446,0.6328706916591127,"{""coordinate_support_infeasible"": 4, ""low_ess"": 5, ""moment_residual"": 7, ""native_nonconvergence"": 7}"
2,design_000374,lateral_discriminating,0.026386086,False,3,0.010163045358921959,0.2798406445729927,"{""coordinate_support_infeasible"": 1, ""low_ess"": 1, ""moment_residual"": 3, ""native_nonconvergence"": 3}"
2,design_000375,lateral_discriminating,0.04937171,False,6,0.005000002041630997,0.10668190172553835,"{""coordinate_support_infeasible"": 3, ""low_ess"": 2, ""moment_residual"": 5, ""native_nonconvergence"": 5}"
2,design_000376,lateral_discriminating,0.058291268,False,4,0.0050039205773730906,0.27142789435900705,"{""coordinate_support_infeasible"": 2, ""low_ess"": 1, ""moment_residual"": 4, ""native_nonconvergence"": 4}"
2,design_000377,lateral_discriminating,0.0820663,False,7,0.005002196499510946,0.19884637589597146,"{""coordinate_support_infeasible"": 4, ""low_ess"": 2, ""moment_residual"": 7, ""native_nonconvergence"": 7}"
2,design_000378,lateral_discriminating,0.04919113,False,3,0.028980078894717255,0.2880587566356581,"{""coordinate_support_infeasible"": 3, ""moment_residual"": 3, ""native_nonconvergence"": 3}"
2,design_000379,lateral_discriminating,0.08023534,False,6,0.005000000000871004,0.3511804903535856,"{""coordinate_support_infeasible"": 3, ""low_ess"": 4, ""moment_residual"": 6, ""native_nonconvergence"": 6}"
2,design_000380,lateral_discriminating,0.15207061,False,9,0.005002807834688682,0.5652231571208098,"{""coordinate_support_infeasible"": 4, ""low_ess"": 4, ""moment_residual"": 9, ""native_nonconvergence"": 9}"
2,design_000381,lateral_discriminating,0.1384996,False,8,0.006635942972284713,0.6585154248346309,"{""coordinate_support_infeasible"": 5, ""low_ess"": 3, ""moment_residual"": 8, ""native_nonconvergence"": 8}"
2,design_000382,lateral_discriminating,0.10216264,False,10,0.00687932276640345,0.46024434366949507,"{""coordinate_support_infeasible"": 5, ""low_ess"": 1, ""moment_residual"": 9, ""native_nonconvergence"": 9}"
2,design_000383,lateral_discriminating,0.044883355,False,5,0.006949803808471891,0.060703900686392934,"{""coordinate_support_infeasible"": 3, ""low_ess"": 2, ""moment_residual"": 5, ""native_nonconvergence"": 5}"
2,design_000384,lateral_discriminating,0.10561413,False,7,0.005731264164538231,0.2686940391056481,"{""coordinate_support_infeasible"": 3, ""low_ess"": 4, ""moment_residual"": 7, ""native_nonconvergence"": 7}"
2,design_000385,lateral_discriminating,0.027298206,False,4,0.006951380872038472,0.11533592268392524,"{""coordinate_support_infeasible"": 3, ""low_ess"": 3, ""moment_residual"": 4, ""native_nonconvergence"": 4}"
2,design_000386,lateral_discriminating,0.028779965,False,1,0.03246518031209316,0.1328895798183227,"{""moment_residual"": 1, ""native_nonconvergence"": 1}"
2,design_000387,lateral_discriminating,0.039118547,False,3,0.005785616377565021,0.09539728621119462,"{""coordinate_support_infeasible"": 3, ""low_ess"": 1, ""moment_residual"": 3, ""native_nonconvergence"": 3}"
2,design_000388,lateral_discriminating,0.03848905,False,4,0.006508629116645035,0.45566924300716355,"{""coordinate_support_infeasible"": 1, ""low_ess"": 3, ""moment_residual"": 4, ""native_nonconvergence"": 4}"
2,design_000389,lateral_discriminating,0.14742836,False,12,0.008232054695066693,0.7126372090443115,"{""coordinate_support_infeasible"": 5, ""low_ess"": 3, ""moment_residual"": 11, ""native_nonconvergence"": 11}"
2,design_000390,lateral_discriminating,0.041055944,False,6,0.007126314856211756,0.07373075981328327,"{""coordinate_support_infeasible"": 4, ""low_ess"": 1, ""moment_residual"": 6, ""native_nonconvergence"": 6}"
2,design_000391,lateral_discriminating,0.063579895,False,5,0.005000002041645516,0.6978256654616416,"{""coordinate_support_infeasible"": 4, ""low_ess"": 3, ""moment_residual"": 5, ""native_nonconvergence"": 5}"
2,design_000392,lateral_discriminating,0.06072636,False,6,0.005000015614718139,0.17370860017198175,"{""coordinate_support_infeasible"": 3, ""low_ess"": 3, ""moment_residual"": 6, ""native_nonconvergence"": 6}"
2,design_000393,lateral_discriminating,0.048768014,False,4,0.005065327854930791,0.48618602310071357,"{""coordinate_support_infeasible"": 3, ""low_ess"": 2, ""moment_residual"": 4, ""native_nonconvergence"": 4}"
2,design_000394,lateral_discriminating,0.08071758,False,6,0.0050000000001543705,0.19120408699272082,"{""coordinate_support_infeasible"": 3, ""low_ess"": 3, ""moment_residual"": 6, ""native_nonconvergence"": 6}"
2,design_000395,lateral_discriminating,0.06917815,False,7,0.0050388817908496265,0.3761276181718283,"{""coordinate_support_infeasible"": 3, ""low_ess"": 3, ""moment_residual"": 7, ""native_nonconvergence"": 7}"
2,design_000396,lateral_discriminating,0.03838268,False,3,0.005007308112416808,0.6231173485395561,"{""coordinate_support_infeasible"": 1, ""low_ess"": 2, ""moment_residual"": 3, ""native_nonconvergence"": 3}"
2,design_000397,lateral_discriminating,0.043056935,False,4,0.009172416897517485,0.26821072872354096,"{""coordinate_support_infeasible"": 3, ""low_ess"": 3, ""moment_residual"": 4, ""native_nonconvergence"": 4}"
2,design_000398,lateral_discriminating,0.025672106,False,3,0.023411902477992123,0.22718937136809922,"{""coordinate_support_infeasible"": 2, ""moment_residual"": 3, ""native_nonconvergence"": 3}"
2,design_000399,lateral_discriminating,0.040065404,False,4,0.005002403180001279,0.05280059216951512,"{""coordinate_support_infeasible"": 2, ""low_ess"": 3, ""moment_residual"": 3, ""native_nonconvergence"": 3}"
2,design_000400,lateral_discriminating,0.03451594,False,1,0.008999506375830656,0.18190718009959345,"{""low_ess"": 1, ""moment_residual"": 1, ""native_nonconvergence"": 1}"
2,design_000401,lateral_discriminating,0.16159746,False,9,0.005361094163330319,0.8920614551141148,"{""coordinate_support_infeasible"": 5, ""low_ess"": 2, ""moment_residual"": 8, ""native_nonconvergence"": 8}"
2,design_000402,lateral_discriminating,0.03331215,False,6,0.015178978267677347,0.016418541290959553,"{""coordinate_support_infeasible"": 5, ""low_ess"": 1, ""moment_residual"": 6, ""native_nonconvergence"": 6}"
2,design_000403,lateral_discriminating,0.037755378,False,1,0.007261671056511433,0.15072770542079508,"{""low_ess"": 1, ""moment_residual"": 1, ""native_nonconvergence"": 1}"
2,design_000404,lateral_discriminating,0.2059062,False,9,0.005000323750867548,0.8259083064142532,"{""coordinate_support_infeasible"": 4, ""low_ess"": 4, ""moment_residual"": 9, ""native_nonconvergence"": 9}"
2,design_000405,lateral_discriminating,0.035530493,False,5,0.005000003688250529,0.1832694782635837,"{""coordinate_support_infeasible"": 3, ""low_ess"": 2, ""moment_residual"": 5, ""native_nonconvergence"": 5}"
2,design_000406,lateral_discriminating,0.04024187,False,2,0.01240018160130566,0.25300290653496277,"{""low_ess"": 1, ""moment_residual"": 2, ""native_nonconvergence"": 2}"
2,design_000407,lateral_discriminating,0.18252358,False,8,0.0050005545716165604,0.869289167020021,"{""coordinate_support_infeasible"": 4, ""low_ess"": 4, ""moment_residual"": 8, ""native_nonconvergence"": 8}"
2,design_000408,lateral_discriminating,0.030784491,False,3,0.012515787881236085,0.2129668489516644,"{""coordinate_support_infeasible"": 2, ""low_ess"": 1, ""moment_residual"": 3, ""native_nonconvergence"": 3}"
2,design_000409,lateral_discriminating,0.043994468,False,4,0.005181279189292619,0.7245664490077798,"{""coordinate_support_infeasible"": 2, ""low_ess"": 3, ""moment_residual"": 4, ""native_nonconvergence"": 4}"
2,design_000410,lateral_discriminating,0.14427324,False,8,0.0066167228390188425,0.6925817606093806,"{""coordinate_support_infeasible"": 5, ""low_ess"": 3, ""moment_residual"": 7, ""native_nonconvergence"": 8}"
2,design_000411,lateral_discriminating,0.17803973,False,8,0.0050000355652728996,0.8341937094090452,"{""coordinate_support_infeasible"": 4, ""low_ess"": 4, ""moment_residual"": 8, ""native_nonconvergence"": 8}"
2,design_000412,lateral_discriminating,0.038393747,False,4,0.0051914200887222765,0.10893794449245219,"{""coordinate_support_infeasible"": 3, ""low_ess"": 3, ""moment_residual"": 4, ""native_nonconvergence"": 4}"
2,design_000413,lateral_discriminating,0.020805977,False,1,0.01756160767530016,0.08716397820657977,"{""low_ess"": 1, ""moment_residual"": 1, ""native_nonconvergence"": 1}"
2,design_000414,lateral_discriminating,0.043359272,False,2,0.005015981596516998,0.4120890653040444,"{""low_ess"": 1, ""moment_residual"": 2, ""native_nonconvergence"": 2}"
2,design_000415,lateral_discriminating,0.03648381,False,4,0.006743062391453738,0.6155482392671637,"{""coordinate_support_infeasible"": 2, ""low_ess"": 3, ""moment_residual"": 4, ""native_nonconvergence"": 4}"
2,design_000416,lateral_discriminating,0.030640088,False,4,0.031609487960023684,0.13248691434576473,"{""coordinate_support_infeasible"": 3, ""moment_residual"": 4, ""native_nonconvergence"": 4}"
2,design_000417,lateral_discriminating,0.095388144,False,7,0.005024648222729705,0.6023364411370231,"{""coordinate_support_infeasible"": 4, ""low_ess"": 2, ""moment_residual"": 7, ""native_nonconvergence"": 7}"
2,design_000418,lateral_discriminating,0.054227773,False,4,0.005008343197233976,0.5497023399746465,"{""coordinate_support_infeasible"": 2, ""low_ess"": 3, ""moment_residual"": 4, ""native_nonconvergence"": 4}"
2,design_000419,lateral_discriminating,0.36859265,False,15,0.005772193844357353,0.6518940481852018,"{""coordinate_support_infeasible"": 5, ""low_ess"": 6, ""moment_residual"": 14, ""native_nonconvergence"": 14}"
2,design_000420,upstream_focused,0.03193401,False,2,0.04091561513346945,0.7203908282767951,"{""coordinate_support_infeasible"": 1, ""moment_residual"": 2, ""native_nonconvergence"": 2}"
2,design_000421,upstream_focused,0.03638213,False,1,0.06261191766693346,0.3281455641553866,"{""moment_residual"": 1, ""native_nonconvergence"": 1}"
2,design_000422,upstream_focused,0.027923524,False,3,0.01968305687245606,0.3195915900665694,"{""coordinate_support_infeasible"": 2, ""low_ess"": 1, ""moment_residual"": 3, ""native_nonconvergence"": 3}"
2,design_000423,upstream_focused,0.033365596,False,2,0.016677546728482553,0.47480261970957255,"{""coordinate_support_infeasible"": 1, ""low_ess"": 1, ""moment_residual"": 2, ""native_nonconvergence"": 2}"
2,design_000424,upstream_focused,0.035638176,False,2,0.008066714298694926,0.3463133591440269,"{""coordinate_support_infeasible"": 1, ""low_ess"": 2, ""moment_residual"": 2, ""native_nonconvergence"": 2}"
2,design_000425,upstream_focused,0.06487777,False,9,0.005857877311796458,0.30101226236168593,"{""low_ess"": 1, ""moment_residual"": 9, ""native_nonconvergence"": 9}"
2,design_000426,upstream_focused,0.024678612,False,1,0.009970845864663392,0.1963814057885943,"{""low_ess"": 1, ""moment_residual"": 1, ""native_nonconvergence"": 1}"
2,design_000427,upstream_focused,0.03402978,False,2,0.03198978811036397,0.671526963910488,"{""moment_residual"": 2, ""native_nonconvergence"": 2}"
2,design_000428,upstream_focused,0.025983771,False,3,0.015107964575296359,0.21521926218779158,"{""coordinate_support_infeasible"": 2, ""low_ess"": 1, ""moment_residual"": 3, ""native_nonconvergence"": 3}"
2,design_000429,upstream_focused,0.021576473,False,2,0.05761141616773111,0.3991320935824536,"{""coordinate_support_infeasible"": 1, ""moment_residual"": 2, ""native_nonconvergence"": 2}"
2,design_000430,upstream_focused,0.042649105,False,3,0.05099283381387548,0.5457973277557753,"{""coordinate_support_infeasible"": 2, ""moment_residual"": 3, ""native_nonconvergence"": 3}"
2,design_000431,upstream_focused,0.021209227,False,1,0.009875731969084303,0.35073264691154515,"{""coordinate_support_infeasible"": 1, ""low_ess"": 1, ""moment_residual"": 1, ""native_nonconvergence"": 1}"
2,design_000432,upstream_focused,0.023194065,False,2,0.010802975827546215,0.23312581146307157,"{""coordinate_support_infeasible"": 1, ""low_ess"": 1, ""moment_residual"": 2, ""native_nonconvergence"": 2}"
2,design_000433,upstream_focused,0.03161971,False,2,0.007654113848353794,0.26402558702904516,"{""coordinate_support_infeasible"": 1, ""low_ess"": 1, ""moment_residual"": 2, ""native_nonconvergence"": 2}"
2,design_000434,upstream_focused,0.04654628,False,2,0.20407034497805282,0.2210571746317479,"{""moment_residual"": 2, ""native_nonconvergence"": 2}"
2,design_000435,upstream_focused,0.02875489,False,2,0.017097814155015843,0.40608120593385383,"{""coordinate_support_infeasible"": 1, ""low_ess"": 1, ""moment_residual"": 2, ""native_nonconvergence"": 2}"
2,design_000436,upstream_focused,0.034837898,False,1,0.008760715773883352,0.22344184613532567,"{""low_ess"": 1, ""moment_residual"": 1, ""native_nonconvergence"": 1}"
2,design_000437,upstream_focused,0.037313752,False,2,0.00537233393586542,0.19641617650441895,"{""low_ess"": 1, ""moment_residual"": 2, ""native_nonconvergence"": 2}"
2,design_000438,upstream_focused,0.025542108,False,3,0.00945922331110502,0.1682709092567017,"{""coordinate_support_infeasible"": 2, ""low_ess"": 1, ""moment_residual"": 3, ""native_nonconvergence"": 3}"
2,design_000439,upstream_focused,0.042109866,False,3,0.02374106256123675,0.25629146817477133,"{""coordinate_support_infeasible"": 2, ""moment_residual"": 3, ""native_nonconvergence"": 3}"
2,design_000440,upstream_focused,0.033344973,False,2,0.171173294446767,0.19483970322395963,"{""moment_residual"": 2, ""native_nonconvergence"": 2}"
2,design_000441,upstream_focused,0.021033945,True,0,0.023371315312934748,8.363423025133854e-09,{}
2,design_000442,upstream_focused,0.5481237,False,15,0.0051750101512698125,0.7063741458919514,"{""low_ess"": 13, ""moment_residual"": 15, ""native_nonconvergence"": 15}"
2,design_000443,upstream_focused,0.035226323,False,1,0.014323063639098023,0.4441608429218274,"{""low_ess"": 1, ""moment_residual"": 1, ""native_nonconvergence"": 1}"
2,design_000444,upstream_focused,0.017420545,False,1,0.07275307099028745,0.37508298430050624,"{""coordinate_support_infeasible"": 1, ""moment_residual"": 1, ""native_nonconvergence"": 1}"
2,design_000445,upstream_focused,0.016687207,False,1,0.009149698769787473,7.225309178447346e-09,"{""low_ess"": 1}"
2,design_000446,upstream_focused,0.029789053,False,3,0.01859751633853911,0.21957293093472016,"{""coordinate_support_infeasible"": 2, ""low_ess"": 1, ""moment_residual"": 2, ""native_nonconvergence"": 2}"
2,design_000447,upstream_focused,0.038327012,False,3,0.10937605437896762,0.38309507930315534,"{""coordinate_support_infeasible"": 2, ""moment_residual"": 3, ""native_nonconvergence"": 3}"
2,design_000448,upstream_focused,0.023265185,False,2,0.012008946899664813,0.08994562822269495,"{""coordinate_support_infeasible"": 1, ""low_ess"": 1, ""moment_residual"": 1, ""native_nonconvergence"": 1}"
2,design_000449,upstream_focused,0.031463377,False,3,0.05209037278881513,0.541913185338621,"{""coordinate_support_infeasible"": 2, ""moment_residual"": 3, ""native_nonconvergence"": 3}"
2,design_000450,upstream_focused,0.045416128,False,4,0.005000145907215894,0.6152888638267908,"{""coordinate_support_infeasible"": 1, ""low_ess"": 3, ""moment_residual"": 4, ""native_nonconvergence"": 4}"
2,design_000451,upstream_focused,0.094198495,False,5,0.020557545602802693,0.46147102702137566,"{""moment_residual"": 5, ""native_nonconvergence"": 5}"
2,design_000452,upstream_focused,0.038646102,False,2,0.03435036057529594,0.4159556109911677,"{""coordinate_support_infeasible"": 2, ""moment_residual"": 2, ""native_nonconvergence"": 2}"
2,design_000453,upstream_focused,0.03161089,False,1,0.04804054132849529,0.11707103376554252,"{""moment_residual"": 1, ""native_nonconvergence"": 1}"
2,design_000454,upstream_focused,0.031792108,False,2,0.0071490114787763305,0.16786086668335545,"{""coordinate_support_infeasible"": 1, ""low_ess"": 1, ""moment_residual"": 2, ""native_nonconvergence"": 2}"
2,design_000455,upstream_focused,0.02692979,False,3,0.01578300212987218,0.30405524034883447,"{""coordinate_support_infeasible"": 2, ""low_ess"": 2, ""moment_residual"": 3, ""native_nonconvergence"": 3}"
2,design_000456,upstream_focused,0.08113368,False,3,0.005036582509201617,0.7990958961337015,"{""low_ess"": 2, ""moment_residual"": 3, ""native_nonconvergence"": 3}"
2,design_000457,upstream_focused,0.03617972,False,3,0.00500018720463588,0.37366719484862926,"{""coordinate_support_infeasible"": 1, ""low_ess"": 1, ""moment_residual"": 3, ""native_nonconvergence"": 3}"
2,design_000458,upstream_focused,0.025270607,False,1,0.01912029968087286,0.06403474336213821,"{""coordinate_support_infeasible"": 1, ""low_ess"": 1, ""moment_residual"": 1, ""native_nonconvergence"": 1}"
2,design_000459,upstream_focused,0.03032875,False,3,0.022041976803054718,0.2114981993480122,"{""coordinate_support_infeasible"": 2, ""moment_residual"": 3, ""native_nonconvergence"": 3}"
2,design_000460,upstream_focused,0.026508313,True,0,0.024021678835436298,9.514688601911576e-09,{}
2,design_000461,upstream_focused,0.041088145,False,2,0.03898873859222096,0.49321670493266384,"{""coordinate_support_infeasible"": 1, ""moment_residual"": 2, ""native_nonconvergence"": 2}"
2,design_000462,upstream_focused,0.027452106,False,2,0.013980677777668081,0.3726867149157583,"{""coordinate_support_infeasible"": 1, ""low_ess"": 2, ""moment_residual"": 2, ""native_nonconvergence"": 2}"
2,design_000463,upstream_focused,0.03153469,False,3,0.005000126400265262,0.4761627258725284,"{""coordinate_support_infeasible"": 1, ""low_ess"": 2, ""moment_residual"": 3, ""native_nonconvergence"": 3}"
2,design_000464,upstream_focused,0.038934864,False,1,0.02272980805208126,0.26079175704263174,"{""coordinate_support_infeasible"": 1, ""moment_residual"": 1, ""native_nonconvergence"": 1}"
2,design_000465,upstream_focused,0.042128634,False,3,0.005002769400865919,0.44690113874919907,"{""coordinate_support_infeasible"": 2, ""low_ess"": 2, ""moment_residual"": 3, ""native_nonconvergence"": 3}"
2,design_000466,downstream_focused,0.061097108,False,7,0.005000195868002859,0.45760998415002224,"{""coordinate_support_infeasible"": 5, ""low_ess"": 4, ""moment_residual"": 7, ""native_nonconvergence"": 7}"
2,design_000467,downstream_focused,0.10959482,False,6,0.005129315772558864,0.7846742510176526,"{""coordinate_support_infeasible"": 5, ""low_ess"": 3, ""moment_residual"": 6, ""native_nonconvergence"": 6}"
2,design_000468,downstream_focused,0.12081423,False,8,0.005042512161406457,0.8228806981024782,"{""coordinate_support_infeasible"": 5, ""low_ess"": 5, ""moment_residual"": 8, ""native_nonconvergence"": 8}"
2,design_000469,downstream_focused,0.0333634,False,6,0.005000020839012947,0.08416878641147951,"{""coordinate_support_infeasible"": 5, ""low_ess"": 1, ""moment_residual"": 6, ""native_nonconvergence"": 6}"
2,design_000470,downstream_focused,0.19621575,False,9,0.0050020684291819046,0.9082775209317373,"{""coordinate_support_infeasible"": 5, ""low_ess"": 5, ""moment_residual"": 9, ""native_nonconvergence"": 9}"
2,design_000471,downstream_focused,0.03636858,False,5,0.005000065521588591,0.1331699552360162,"{""coordinate_support_infeasible"": 4, ""low_ess"": 2, ""moment_residual"": 5, ""native_nonconvergence"": 5}"
2,design_000472,downstream_focused,0.22471333,False,12,0.005020190095410417,0.599798480447677,"{""coordinate_support_infeasible"": 5, ""low_ess"": 5, ""moment_residual"": 12, ""native_nonconvergence"": 12}"
2,design_000473,downstream_focused,0.06860885,False,7,0.005029021671553864,0.37166234712413093,"{""coordinate_support_infeasible"": 5, ""low_ess"": 2, ""moment_residual"": 7, ""native_nonconvergence"": 7}"
2,design_000474,downstream_focused,0.078300215,False,7,0.005001091632874324,0.7028620683389378,"{""coordinate_support_infeasible"": 5, ""low_ess"": 4, ""moment_residual"": 7, ""native_nonconvergence"": 7}"
2,design_000475,downstream_focused,0.10066018,False,8,0.0050152481146671386,0.7422422667016386,"{""coordinate_support_infeasible"": 5, ""low_ess"": 4, ""moment_residual"": 8, ""native_nonconvergence"": 8}"
2,design_000476,downstream_focused,0.074252576,False,10,0.00511151146394809,0.2666889817954061,"{""coordinate_support_infeasible"": 5, ""low_ess"": 2, ""moment_residual"": 10, ""native_nonconvergence"": 10}"
2,design_000477,downstream_focused,0.1215939,False,7,0.005162332887460246,0.7115896337087213,"{""coordinate_support_infeasible"": 6, ""low_ess"": 3, ""moment_residual"": 7, ""native_nonconvergence"": 7}"
2,design_000478,downstream_focused,0.18586318,False,13,0.005004937062995767,0.6158161792192233,"{""coordinate_support_infeasible"": 5, ""low_ess"": 5, ""moment_residual"": 13, ""native_nonconvergence"": 13}"
2,design_000479,downstream_focused,0.09978211,False,6,0.005000303971286999,0.21054866505145545,"{""coordinate_support_infeasible"": 5, ""low_ess"": 5, ""moment_residual"": 6, ""native_nonconvergence"": 6}"
2,design_000480,downstream_focused,0.14352052,False,7,0.005012174471841837,0.5738231980275006,"{""coordinate_support_infeasible"": 5, ""low_ess"": 5, ""moment_residual"": 7, ""native_nonconvergence"": 7}"
2,design_000481,downstream_focused,0.040774237,False,7,0.005150195907980811,0.16211327352162258,"{""coordinate_support_infeasible"": 6, ""low_ess"": 1, ""moment_residual"": 7, ""native_nonconvergence"": 7}"
2,design_000482,downstream_focused,0.057996117,False,6,0.005011892850296001,0.7228226608859203,"{""coordinate_support_infeasible"": 5, ""low_ess"": 4, ""moment_residual"": 6, ""native_nonconvergence"": 6}"
2,design_000483,downstream_focused,0.04731515,False,6,0.0050000021368823795,0.4840264158043257,"{""coordinate_support_infeasible"": 4, ""low_ess"": 2, ""moment_residual"": 6, ""native_nonconvergence"": 6}"
2,design_000484,downstream_focused,0.19039655,False,10,0.005000221500255228,0.6206121789934398,"{""coordinate_support_infeasible"": 5, ""low_ess"": 4, ""moment_residual"": 10, ""native_nonconvergence"": 10}"
2,design_000485,downstream_focused,0.103940435,False,7,0.005006088783291757,0.7484231159092821,"{""coordinate_support_infeasible"": 5, ""low_ess"": 5, ""moment_residual"": 7, ""native_nonconvergence"": 7}"
2,design_000486,downstream_focused,0.14219542,False,9,0.005006510665221335,0.6216915802800713,"{""coordinate_support_infeasible"": 5, ""low_ess"": 3, ""moment_residual"": 8, ""native_nonconvergence"": 8}"
2,design_000487,downstream_focused,0.084166884,False,7,0.005007659849717284,0.545861316734,"{""coordinate_support_infeasible"": 5, ""low_ess"": 3, ""moment_residual"": 7, ""native_nonconvergence"": 7}"
2,design_000488,downstream_focused,0.14628321,False,7,0.005414629089961324,0.5788397320781971,"{""coordinate_support_infeasible"": 5, ""low_ess"": 5, ""moment_residual"": 7, ""native_nonconvergence"": 7}"
2,design_000489,downstream_focused,0.064456485,False,7,0.005042503220332764,0.12828662076409994,"{""coordinate_support_infeasible"": 5, ""low_ess"": 4, ""moment_residual"": 7, ""native_nonconvergence"": 7}"
2,design_000490,downstream_focused,0.10467047,False,6,0.005001697639090372,0.6462398169689455,"{""coordinate_support_infeasible"": 5, ""low_ess"": 4, ""moment_residual"": 6, ""native_nonconvergence"": 6}"
2,design_000491,downstream_focused,0.057180386,False,6,0.005098694915455775,0.7042942527466152,"{""coordinate_support_infeasible"": 5, ""low_ess"": 3, ""moment_residual"": 6, ""native_nonconvergence"": 6}"
2,design_000492,downstream_focused,0.049581114,False,7,0.005606190535521942,0.04542416456695394,"{""coordinate_support_infeasible"": 5, ""low_ess"": 1, ""moment_residual"": 7, ""native_nonconvergence"": 7}"
2,design_000493,downstream_focused,0.10356811,False,7,0.005050622830924189,0.1277447958258921,"{""coordinate_support_infeasible"": 6, ""low_ess"": 3, ""moment_residual"": 7, ""native_nonconvergence"": 7}"
2,design_000494,downstream_focused,0.08192626,False,7,0.005000090895528242,0.5410743850154428,"{""coordinate_support_infeasible"": 6, ""low_ess"": 5, ""moment_residual"": 7, ""native_nonconvergence"": 7}"
2,design_000495,downstream_focused,0.12011435,False,9,0.005000010959884714,0.3811071445202485,"{""coordinate_support_infeasible"": 5, ""low_ess"": 4, ""moment_residual"": 9, ""native_nonconvergence"": 9}"
2,design_000496,downstream_focused,0.12697686,False,8,0.005001322682508343,0.5064439817663368,"{""coordinate_support_infeasible"": 6, ""low_ess"": 4, ""moment_residual"": 8, ""native_nonconvergence"": 8}"
2,design_000497,uniform_control,0.17529024,False,7,0.005160607549420738,0.690363284400668,"{""coordinate_support_infeasible"": 6, ""low_ess"": 6, ""moment_residual"": 7, ""native_nonconvergence"": 7}"
2,design_000498,uniform_control,0.040561926,False,5,0.007459065383748849,0.5624000922355898,"{""coordinate_support_infeasible"": 4, ""low_ess"": 1, ""moment_residual"": 5, ""native_nonconvergence"": 5}"
2,design_000499,uniform_control,0.031224247,False,10,0.02351751882466112,0.38962857179764093,"{""coordinate_support_infeasible"": 5, ""moment_residual"": 7, ""native_nonconvergence"": 7}"
2,design_000500,uniform_control,0.7567903,False,18,0.0050008427496579765,0.8973306357659825,"{""coordinate_support_infeasible"": 4, ""low_ess"": 12, ""moment_residual"": 18, ""native_nonconvergence"": 18}"
2,design_000501,uniform_control,0.038787566,False,11,0.007808804443665505,0.3248252496170366,"{""coordinate_support_infeasible"": 4, ""low_ess"": 3, ""moment_residual"": 11, ""native_nonconvergence"": 11}"
2,design_000502,uniform_control,0.07832541,False,7,0.006321715726314371,0.5165760156618533,"{""coordinate_support_infeasible"": 6, ""low_ess"": 3, ""moment_residual"": 7, ""native_nonconvergence"": 7}"
2,design_000503,uniform_control,0.017287081,False,4,0.09450568502354711,0.31553357232808044,"{""coordinate_support_infeasible"": 3, ""moment_residual"": 4, ""native_nonconvergence"": 4}"
2,design_000504,uniform_control,0.154331,False,8,0.005162792496460181,0.7778706655364555,"{""coordinate_support_infeasible"": 4, ""low_ess"": 4, ""moment_residual"": 8, ""native_nonconvergence"": 8}"
2,design_000505,uniform_control,0.048246145,False,5,0.008769389097658103,0.4833728957673449,"{""coordinate_support_infeasible"": 4, ""low_ess"": 1, ""moment_residual"": 5, ""native_nonconvergence"": 5}"
2,design_000506,uniform_control,0.11616753,False,7,0.006716966139462751,0.6924691655255784,"{""coordinate_support_infeasible"": 5, ""low_ess"": 3, ""moment_residual"": 6, ""native_nonconvergence"": 7}"
2,design_000507,uniform_control,0.06819101,False,5,0.005056777038063769,0.6565115279698187,"{""coordinate_support_infeasible"": 5, ""low_ess"": 4, ""moment_residual"": 5, ""native_nonconvergence"": 5}"
2,design_000508,uniform_control,0.037019182,False,5,0.005094276905031491,0.7638918499927815,"{""coordinate_support_infeasible"": 4, ""low_ess"": 4, ""moment_residual"": 5, ""native_nonconvergence"": 5}"
2,design_000509,uniform_control,0.22061054,False,17,0.005006430171990592,0.16700632915806707,"{""coordinate_support_infeasible"": 6, ""low_ess"": 6, ""moment_residual"": 17, ""native_nonconvergence"": 17}"
2,design_000510,uniform_control,0.05013998,False,5,0.00504870230979705,0.5895695762403206,"{""coordinate_support_infeasible"": 4, ""low_ess"": 4, ""moment_residual"": 5, ""native_nonconvergence"": 5}"
2,design_000511,uniform_control,0.1413362,False,8,0.005197751211932184,0.5919057121312438,"{""coordinate_support_infeasible"": 7, ""low_ess"": 6, ""moment_residual"": 8, ""native_nonconvergence"": 8}"
