design_id,style,sigma_km,validation_mmd_risk,bootstrap_risk_se,minimum_ess_fraction,median_ess_fraction,worst_covariance_condition_raw,worst_covariance_condition_regularized,minimum_covariance_eigenvalue,projection_failure_count,conditioning_warning_count,mean_projection_kl,max_moment_residual,max_native_iterations,feasible,s1_x_km,s1_y_km,s2_x_km,s2_y_km,s3_x_km,s3_y_km,s4_x_km,s4_y_km
design_000425,upstream_focused,200.0,0.018716197,0.013356533,0.038001419721315384,0.198747774442409,35301.850717762485,35292.86788705747,2.325054833936701e-06,0,0,0.7528165861038058,2.6685464315279923e-09,17,True,381.2438573631847,-483.68672613075876,-318.78416428867945,543.4228365950712,54.32996489838831,131.03451616934308,-82.30714675711647,-468.88890360679375
design_000141,support_random,200.0,0.034068882,0.015168729,0.031646912210557834,0.5243034502139841,19115.982242009428,19113.19649027245,2.6756510610754595e-06,0,0,0.5163622386583115,9.452364763357116e-09,16,True,-284.6110884127404,-242.90564901648997,265.646479204371,-536.6520471122147,139.8986953466813,231.47367358713262,39.58225306536758,-353.7170504371032
design_000042,support_random,200.0,0.01587542,0.008794208,0.023500312474956882,0.7659410647157272,997658.1609782401,968188.7276779093,3.285396491377549e-08,1,0,0.5306889854084491,0.3635783782434487,200,False,-328.95557187347055,-27.155146268828595,133.73458104643115,-252.84322626007835,-79.31182016158085,50.27711299334371,550.6172489948844,-211.59611607471737
design_000436,upstream_focused,200.0,0.017656162,0.009813978,0.010022466990897304,0.6116487266122892,9042985.278831204,6833181.262450325,3.0922109887561024e-09,1,0,0.7604218699294452,0.10696002561735952,200,False,167.6691170496124,-408.0925522222633,465.5442640452509,-415.0548832215842,34.30657122352363,29.38861581558001,470.72379520689424,-105.65103872381991
design_000181,support_random,200.0,0.018191593,0.007700446,0.009709278129081783,0.490476457174685,5.030037809397779e+298,50300379.09397779,-7.34996319261596e-18,6,5,0.6384861150752472,0.37704631528036325,200,False,-111.00154464536675,-384.419222331888,228.08970551956838,82.01670319063192,1460.383230288386,466.81911886728176,12.460490869221239,258.9812030047637
design_000186,support_random,200.0,0.018313961,0.006810221,0.02121156072896505,0.7002454640091093,3090969968416952.5,71167840.97659919,1.2866107927882221e-17,4,2,0.7078994650156718,0.5587878238652757,200,False,375.6550363525842,-44.731713281247,9.005676686734091,-78.51381011450043,1053.3543935584169,310.2778572535912,-27.661000606285917,193.94356477369638
design_000146,support_random,200.0,0.018652046,0.014330335,0.005064411868692513,0.8648366831146753,105988599272.26465,56080045.59532417,2.200617069307617e-15,2,1,0.7499682388863019,0.43720313292386664,200,False,-129.77919858186573,-574.7903598740772,348.248352629672,-57.926009802628826,-53.82106555623081,370.99945363750743,119.22691666752462,-261.2353376022228
design_000035,support_random,200.0,0.01939649,0.00763112,0.01763680358376358,0.7730258113066247,36548.362111150185,36492.962213248036,6.587008928735342e-07,2,0,0.5277043003095029,0.3734268414303941,200,False,-277.0507673182781,-312.3731025177944,-258.57338639233336,59.485494496202456,203.18091531055907,-32.729518660962334,399.40712259666867,353.2847790155531
design_000185,support_random,200.0,0.020047253,0.009509278,0.02479336820467672,0.8370215521723006,2.23196916069968e+16,34305539.949265085,1.242186767484972e-18,4,2,0.5996541835482957,0.4009274832655828,200,False,1140.8123631697351,63.301377438374615,-42.325695342692185,73.90288312715776,286.3097016152506,-382.4955704700281,290.0375534170936,190.70529098135293
design_000286,longitudinal_stratified,200.0,0.02008464,0.009603704,0.016078387703640905,0.6099157416206705,5924952391.652221,24196490.050022088,4.100574477831248e-12,3,1,0.496240181856587,0.3895300668223205,200,False,-180.87146371507103,-362.22899296056255,198.15741117863342,2.062847956940427,525.1173570112666,305.175771833273,768.3136863195425,122.74469248443555
design_000098,support_random,200.0,0.020497983,0.0074106245,0.005514011440321093,0.6548807873973257,7864.981904075852,7787.269883872407,1.00193893602154e-07,2,0,0.7816345940442954,0.07181999194138612,200,False,198.07370246765635,71.26095830342854,-158.184795517378,323.52195814727776,-176.96101621955677,-190.46669404137648,-440.1695080179393,-36.96997879671727
design_000187,support_random,200.0,0.020567404,0.012158497,0.014602135484624797,0.8766334704740627,3.2909531023876814e+298,32909532.050031677,-7.947503199158898e-19,5,3,0.44701643090105997,0.16795271709259926,200,False,-170.79375429622968,245.23761995442365,-280.6840961247134,-440.6202529408441,1118.443274291884,361.8396527533067,-270.4823268868378,-3.3998735271262035
design_000255,longitudinal_stratified,200.0,0.020568235,0.01081078,0.026746228855632978,0.6654331712829326,73232022323.04927,35821720.57897682,4.893931554388341e-13,3,1,0.40879600038894565,0.3907071766919334,200,False,92.60370683064603,-210.43865556544606,61.34670846992092,281.2791822552505,551.3516736044734,220.55541720361427,871.6567314549786,22.47180975451984
design_000014,support_random,200.0,0.020770201,0.006810764,0.005105397380425015,0.8067565935285372,6279864623577850.0,203607400.66734388,1.5272531130574809e-18,4,4,0.8807634869082025,0.40454497738174167,200,False,644.263836956921,361.3499911641745,1161.7222778423975,49.865369125579974,293.99691684209057,-64.20897225389822,-241.10481350036173,-109.67460254291822
design_000052,support_random,200.0,0.020994736,0.006110025,0.006378888326988454,0.6113408336240993,1.4629315744554805e+299,146293159.46713406,-6.983142750287626e-18,7,6,0.9530606338450065,0.39927337549062875,200,False,250.02044023818397,268.17404474017,1717.084873180626,160.35836360439433,249.3038516719556,-25.60560815287037,-242.8036808769764,101.57631127643054
design_000201,support_random,200.0,0.020999387,0.009504807,0.014060879560320982,0.7398415216636387,10063790.502351005,6825976.24803487,2.1082047059789103e-09,2,0,0.4804271365316932,0.31355724179675887,200,False,238.31091929380418,3.680088031495373,-341.9529775888115,140.49597435640058,697.0895955814466,-220.44080173843994,47.331171946794726,-402.7266918259165
design_000444,upstream_focused,200.0,0.021033527,0.008609881,0.06351312711809341,0.6593455275473084,58585.734135504244,58540.771891083,1.3019761945742687e-06,1,0,0.44882182724674924,0.3548668213040041,200,False,518.4605720351796,-81.66763607730559,-27.18703914187813,474.22207007176394,-126.78469434901135,-219.9612747627694,-97.30763575187248,217.46729527406353
design_000499,uniform_control,200.0,0.021164121,0.008356764,0.039119167276072654,0.4987699349343312,8.533487753807853e+298,97989317.72018416,-1.2804050462840936e-17,11,9,0.5110892379396055,0.3954744812894255,200,False,288.19578282181817,-95.88148996079053,1931.9104928742117,-673.6694390072594,681.716705357494,-602.1612552212457,-99.73983839719142,-22.536346735131474
design_000241,longitudinal_stratified,200.0,0.021318424,0.0066920673,0.005003262214835026,0.8027566535493716,1.0242549864961776e+16,58521701.800262466,6.812949231629866e-19,4,3,1.0127812203489306,0.3798518620843875,200,False,-135.47353120696079,-583.5819018868308,114.50726643447253,-22.465061161415207,550.7435029118179,282.6962815075983,1146.5461928244474,27.03838938612812
design_000424,upstream_focused,200.0,0.021345915,0.015227206,0.00982253941505627,0.6778080579902934,846148.9359225803,835448.8448623037,7.375979248062559e-08,3,0,0.8731603374020696,0.36310978624965023,200,False,487.8454702939638,316.17753596101363,387.5812570364127,-485.4587343770498,437.27502920025313,-84.58302697261513,138.04117931728263,-62.1610482709857
design_000338,longitudinal_stratified,200.0,0.021620702,0.011160667,0.0197580115635765,0.6941918561797654,7.247737507591542e+37,138675984.239216,9.79407245169929e-41,7,7,0.509447171705352,0.4466199745811283,200,False,-306.2093036552819,52.529186036288536,259.37260551451567,-163.16511000919544,633.1650994223601,189.48920708587536,1799.042125578976,-407.0270487995978
design_000208,support_random,200.0,0.021761429,0.009674398,0.006316429640522198,0.5686134491698781,2.858115317253905e+24,45445763.6336779,1.5900604975359243e-26,5,5,0.9706381927353398,0.39352604712100403,200,False,1391.1241800526168,97.77394909078228,-12.601915923645102,212.2070084937808,216.07504340163774,100.73935573020908,-320.04578937299016,170.61094805618313
design_000113,support_random,200.0,0.021778636,0.013601943,0.0662410443157213,0.7902717059082442,2.7605193021814004e+16,40108083.22840149,7.950334610205945e-19,4,2,0.3986658870795969,0.5023403155461263,200,False,-129.44267258875936,54.25924916987856,402.5793551586444,30.378564198766114,146.42236143294645,404.54633170868385,1100.6063440641346,78.53191093951057
design_000086,support_random,200.0,0.021942127,0.010011592,0.0063783104613025195,0.8203513108501664,1.5908491465566527e+298,49980013.40713035,-1.47443737064051e-20,5,4,0.5433277335019415,0.5364979165846996,200,False,-267.352002573035,-319.25905991121545,1351.2013320693202,199.94058409146402,884.1021161444833,404.5200426005655,532.9226416830146,-140.1479697189866
design_000170,support_random,200.0,0.021953031,0.01295235,0.011888110479764803,0.7561257283755463,85442.54318618563,85368.17244446212,1.1478596349332977e-06,2,0,0.7666344268482659,0.34553750397134225,200,False,306.0352618587329,-489.8447069753083,327.16835794131293,28.18986933452325,103.88503678446949,418.3607674491365,-207.13930669713977,-30.54894642585448
design_000212,support_random,200.0,0.022193322,0.007835463,0.03975907538110746,0.681074363624659,9114.066517329424,9110.669196788247,2.681427638746875e-06,1,0,0.7200075256141713,0.29903005774724617,200,False,481.49116796459634,-18.060866769061853,189.65721626552943,432.04412777767135,-52.3609368411682,-31.05639090961745,-346.73853476185377,-338.77678441532885
design_000116,support_random,200.0,0.022277381,0.008604541,0.009232889382859159,0.8830120460198277,3.0919326865980304e+298,256657758.35417512,-6.51443527753542e-18,5,5,0.8431824991930505,0.43097421002384395,200,False,722.0838869668909,346.0985033788015,1143.29175785651,474.7912049508358,-17.10697400002885,66.4867019634404,202.94509162566973,228.77103618426008
design_000292,longitudinal_stratified,200.0,0.022283655,0.011238879,0.005642437223975991,0.8533089259301436,159068332566411.97,25329891.564313218,1.0802956299531694e-16,4,3,0.7611606339536333,0.4058335663250474,200,False,-165.59940750634996,348.4272754076244,191.5593956364716,-78.34501572968534,416.72058690736503,145.08825265229942,1060.7606520332222,46.61969512585547
design_000115,support_random,200.0,0.022486629,0.011956427,0.03297040546189578,0.6750126105602969,5500566762.300668,15002759.1781349,2.7349527176412346e-12,3,1,0.3697557134181661,0.4353922182480781,200,False,829.0097545568027,244.0421569049752,96.30849261547053,-35.37839063283174,-114.40381359058532,405.9476642622856,-361.9413132299388,154.03800993507966
design_000503,uniform_control,200.0,0.02249702,0.015571911,0.04060857708248493,0.5751259186099135,3.661004399107999e+16,8459089.738810148,6.969907390502247e-20,5,4,0.5760051966898644,0.4276529604768578,200,False,250.77449704461446,202.3720092870908,95.62772347336556,804.4397787903206,1068.5321114159876,-443.8412284015565,1194.855284726827,-190.35169823524473
design_000236,longitudinal_stratified,200.0,0.022568526,0.01211681,0.007646911380658708,0.8193436159223602,250036489159337.28,33062487.10556019,1.292433391096122e-16,3,2,0.4587433774559549,0.4194762280847605,200,False,-65.4592234441387,106.8934112705307,171.19171383133093,-49.270831914945376,387.3996105079552,102.21882013698627,1012.161397725287,34.83464130890772
design_000312,longitudinal_stratified,200.0,0.022682386,0.006447065,0.024349030384502965,0.7001544835477832,283346582718.35455,61012142.6110266,2.1537327682107787e-13,5,2,0.6625278313959285,0.579319070602626,200,False,-23.00300848279163,-317.520858325033,37.429636975991826,180.78666021490736,519.5175141034599,49.211105650136,831.6038074184944,550.0440691636926
design_000224,longitudinal_stratified,200.0,0.022738695,0.011943569,0.01902617007209505,0.829299723029935,421094136476.8309,30123786.48667914,5.700938512766174e-14,4,2,0.32716691749188037,0.2891782152996792,200,False,-335.24633210828813,212.04638806366634,91.98709985213287,-184.59232488875682,364.84923155971535,-96.29041254015158,907.387441573033,246.06727851970925
design_000049,support_random,200.0,0.022817766,0.012856659,0.005000108565479994,0.3553435853063798,157534596481475.34,259668.83246436328,2.1435722432251e-20,2,1,0.9866121268566488,0.21574459012940372,200,False,273.7528478745517,407.3389119554449,621.7896495948742,47.05180877981499,-200.24073505319984,538.8089734210873,80.11281139326101,91.1405072658321
design_000152,support_random,200.0,0.023026694,0.0128491875,0.006117849182400002,0.6870226835269103,63743.29975076222,63358.44724849139,1.6462786879297695e-07,2,0,0.7809366612345656,0.4347879991247799,200,False,303.5162758922755,-68.84052306019072,449.70608916598616,406.0979822341826,375.6103895589145,-510.68963728455583,27.169869067752273,-37.02752091442161
design_000429,upstream_focused,200.0,0.023104995,0.011298605,0.011292897246796356,0.7432489328129974,16027200.342787152,5409206.23180984,5.094375807025155e-10,2,0,0.5619179680937435,0.35806568061194316,200,False,-329.5230967409337,-187.02948648548346,237.37046128724796,418.3539188758141,726.7354650537679,-92.42659205658492,289.8113243008711,-78.12026865694929
design_000128,support_random,200.0,0.023217158,0.015185362,0.010003151351911715,0.6402739278092309,414602108.81068945,2662805.743691193,6.4640706139615715e-12,2,1,0.7897651478807158,0.23328556632936218,200,False,-280.33983882675795,-609.6153232798165,119.73702563955055,-55.14499929990069,560.6918181930089,-66.67124655852001,536.0195144254423,-491.95380202310895
design_000074,support_random,200.0,0.023562703,0.008300536,0.07551070159829684,0.8066297479383007,9765669945987576.0,42549841.88490229,3.244995347901378e-18,4,2,0.2999805270172066,0.34646553753109255,200,False,-207.61853663695746,29.495663445096262,1126.1196720431424,-1.0472615412437847,-28.81909854139792,-393.75274962449623,136.5901853384063,-79.85414563233525
design_000108,support_random,200.0,0.023771496,0.014898756,0.02678954681934018,0.6517034773840009,771884133.9901309,31028385.408138704,4.188181635565013e-11,2,1,0.37739625192482024,0.3503242204195581,200,False,-126.53813584883531,-341.2467747754652,311.84129563434925,43.74069298052545,344.55832576979975,-337.1744748374165,758.5966116554355,46.783605707987604
design_000047,support_random,200.0,0.023790924,0.010266234,0.00506789007186944,0.8554971411942872,2.4687961214160483e+17,105973868.80150211,8.900328059546532e-20,4,4,0.5951256140907254,0.18535287060993927,200,False,-236.353265779577,185.4100419502384,1124.0006513493609,235.38464733019535,805.3939728720017,336.31121889170754,171.5318400284603,-80.96542012901867
design_000058,support_random,200.0,0.024552073,0.0069550183,0.005013565849918293,0.5371813039637924,3.7625868151731835e+298,256198503.523705,-7.42804723354363e-23,4,5,1.039163355786751,0.39198176255381967,200,False,-25.088879721061875,-279.67955689142445,1304.6199762133735,-36.69541712244188,585.9715762478434,552.9524010302702,553.133064498358,261.713305711583
design_000252,longitudinal_stratified,200.0,0.02456235,0.011120449,0.04539492739736401,0.7564205534534618,5861807081419.07,31438820.013432913,4.2684737069452835e-15,3,2,0.340033448026912,0.41305290527305955,200,False,-131.15954531877838,56.002702937070744,144.7991075239547,-156.13148697043877,357.004114128309,163.90771123128326,933.0208251844628,120.86421945895759
design_000091,support_random,200.0,0.024606312,0.011057592,0.00948077777778275,0.6350479003734883,1.0048088967452194e+38,158540796.25661084,2.7298078775830987e-40,7,7,0.8777394031132907,0.3358395611423528,200,False,52.12020129706613,-262.7977786026846,426.0964676586186,120.1406807983781,-220.96695829047042,-599.6422294693081,1780.804866152689,-484.45083692345264
design_000150,support_random,200.0,0.024637213,0.011069846,0.019479188303663124,0.691262907959876,1.7243787092293455e+23,303736533.22446436,3.5256214475938404e-26,6,5,0.4868899411057795,0.3537812643173228,200,False,583.7526953688964,193.2646369963868,918.8667891690565,207.01561430897343,1341.4125485523878,171.39598427456218,161.45512378926028,-127.29140274988697
design_000281,longitudinal_stratified,200.0,0.024779812,0.008556064,0.017258402063055876,0.6528905436078307,31668827256320.844,35077124.64413705,9.494280603366536e-16,4,2,0.5038559797726653,0.47682947431550254,200,False,9.23049461034558,-73.3225522013582,2.4972664558728894,297.01182716105143,302.2075555523039,217.31819212280445,985.0899764138734,219.91236659876466
design_000460,upstream_focused,200.0,0.02479141,0.014130611,0.009966607667602727,0.5885092747006062,119950.4353917801,119760.22947497491,6.29629358994298e-07,1,0,0.5498965703384213,0.42021132801928773,200,False,-217.38837690195888,-44.00433670806581,-52.082899320346655,193.1982483940136,-73.56318862876441,523.2029918093833,-298.546727317287,-368.3491269582935
design_000331,longitudinal_stratified,200.0,0.024914207,0.008217964,0.03496999844526245,0.684777239267037,5023206495718.723,32616450.996668123,6.02140312668238e-15,3,2,0.33950629815345656,0.4309106466218585,200,False,-5.687532927690556,-173.6292300789002,276.34976195473575,194.60320276355068,281.19960812994043,-192.07253400784776,943.0581487664679,133.65607102418807
design_000421,upstream_focused,200.0,0.024929503,0.016590279,0.017843964444600728,0.9167327145784724,46439.962759606424,46393.75978935639,1.004107734595819e-06,1,0,0.37886050900821694,0.2120061814684123,200,False,-317.287937984527,42.36926204441227,296.70570038753783,289.2270073619611,403.2869588244607,-258.2831165997514,-275.6424928589323,-392.4880926759646
design_000094,support_random,200.0,0.024937328,0.015916258,0.04905161254454028,0.6468966962495054,661846155.4443387,5426132.532028774,8.266249265150222e-12,2,1,0.536726520586377,0.14293157271939722,200,False,-38.18555575577172,-567.2439422052879,831.0465041705387,-185.10750667714623,226.54127579456502,-191.7252340315561,296.91570666659817,-452.91611428776815
design_000413,lateral_discriminating,200.0,0.024992466,0.012955951,0.005088906560091791,0.8753452897081911,27968.210108147072,26111.029296840294,1.4058959223506265e-08,2,0,0.6201352417235234,0.25570921752487275,200,False,1.8889204277419935,-529.824736017374,162.23028716825914,-266.7693123669666,-87.36406332808912,201.44508435481185,265.67571770762345,529.4637215428804
design_000071,support_random,200.0,0.02500921,0.008344878,0.006177674433775767,0.637964499789154,411006.55679645814,408687.9648902493,1.7626515636315178e-07,1,0,0.8170842277923894,0.3393103930826988,200,False,-283.41606855366103,179.1338036489136,101.36634916474186,80.2801367393371,12.123744165931143,-324.50470217051367,-170.84379178627947,-107.67393741028472
design_000227,longitudinal_stratified,200.0,0.025051115,0.014286752,0.01146834260166525,0.8831998277366058,6567912876.314316,123718948.23468305,3.880821961553447e-12,3,1,0.4524640911141777,0.21784746260836585,200,False,-228.63769912687246,-324.48035104888436,212.29187739655907,-306.55764781328946,372.3218188733915,281.8330690550018,807.642757357101,227.96820694645425
design_000222,longitudinal_stratified,200.0,0.025102561,0.011142451,0.025817442018774776,0.7855753393944124,157228476185.87128,21036816.77592581,1.2996043483613374e-13,3,2,0.3539247075328854,0.3245199823955166,200,False,-150.24352263395076,-535.8809781943629,7.711279408873963,37.69573579783611,461.06456220401276,278.8170451375899,907.1060080742924,186.0227177233907
design_000213,support_random,200.0,0.025152797,0.01155496,0.005530524203995326,0.7668752086250127,135636448518209.95,24580818.699909035,3.5390684677863146e-17,4,3,0.8647863025754062,0.45683041819129616,200,False,172.2535759460133,-105.18511204709733,993.8705260835785,327.56729490406235,363.62381527396224,-296.2570201832035,713.6728147517761,267.24505821957786
design_000284,longitudinal_stratified,200.0,0.025189806,0.01548426,0.010162583550012604,0.9082793411159689,2833763828939011.0,17768386.147352137,6.233846660575276e-18,4,2,0.6285383704265857,0.40203206365490873,200,False,-17.333552628001428,-417.79136762497774,276.79154227098115,308.4781657058557,472.32199102870425,108.28261859360292,1062.168652105625,141.93973086219708
design_000432,upstream_focused,200.0,0.025429811,0.012464613,0.011349753996377028,0.5905673721836874,8171736.425339133,6562647.316268742,4.078485323948365e-09,2,0,0.49220038583429987,0.4211379749262122,200,False,-240.16156305093187,-345.01811881965284,713.7145869949088,15.6199880140897,105.81291104334349,193.30203313129743,252.9641734155498,516.9492829709657
design_000266,longitudinal_stratified,200.0,0.025683673,0.0067356494,0.014209169961264407,0.7104577857060864,8929979663424.53,34617254.5126745,3.86425448980217e-15,4,2,0.5230004136342598,0.4521975061928505,200,False,-25.469140101883564,-371.35338958910285,2.4431079128747086,-117.48134637807337,440.8869367422368,230.69349759015176,908.6323145675535,280.590038802191
design_000270,longitudinal_stratified,200.0,0.025690794,0.007877493,0.007591422213638246,0.5399482769292533,6.32857226252768e+25,62415750.75039307,2.338352219003863e-28,5,4,0.9999954199667751,0.5552861634041371,200,False,-111.73995685969773,-81.21814017480146,231.30068792090475,240.18507724823678,397.15539725701734,-122.14969218521244,1446.9208275722465,183.32294728345414
design_000024,support_random,200.0,0.025707468,0.007167364,0.005016107271344471,0.6857490020630485,3517385.3740839036,1426625.310603422,1.5199933661711752e-10,2,0,0.8306551481959596,0.43047985663392624,200,False,-258.11972822138506,91.62502827987011,590.111246055697,-251.91555578213104,-79.5955944611205,-282.6347876451688,42.823368268840056,52.631488123479045
design_000143,support_random,200.0,0.02571777,0.011019693,0.005020177633234248,0.6343087062019617,6.920443812227478e+20,125119341.67719369,1.5062467640671325e-23,5,4,0.7394921927496865,0.60685991855363,200,False,94.4306613319857,36.332272005087916,465.16333226355624,327.9457440623564,768.2552274120294,157.2605754669856,1307.8701455919713,-1.3310304349608657
design_000426,upstream_focused,200.0,0.025728632,0.014236842,0.01059199823698463,0.4070161533451272,21821.830101228767,21807.328933746478,1.503763676985467e-06,1,0,0.7118526308552844,0.15829678721566517,200,False,257.54697709322693,-493.7819396661851,-172.8265990014363,-88.55172565153435,-34.27939088086055,135.0361560026763,-153.18584240711215,551.5460437459371
design_000274,longitudinal_stratified,200.0,0.025854444,0.010898928,0.005028801331486904,0.782338971836298,5.7254677470882515e+17,19287802.45127163,3.368773051202745e-20,4,4,1.0681770787944245,0.5895515840969344,200,False,-407.1082122371125,-46.84260533630014,87.64729437929695,194.4212177554416,417.63535578826895,159.8731455996754,1184.4254297500697,-5.690253257117371
design_000105,support_random,200.0,0.025873046,0.008367671,0.005301340066649889,0.5983076702117188,5.245988290011243e+298,52459883.90012932,-3.0931351670178494e-21,4,3,1.1056447448768856,0.3003718260781598,200,False,147.8042441776338,83.51785295900532,-115.43589902893751,210.88198995441678,1292.2236992475844,95.15121743213342,-77.4785637231395,-101.69515405203973
design_000278,longitudinal_stratified,200.0,0.025876755,0.0066818865,0.00543502748281173,0.6085631800498896,37664977433429.15,18951105.589274064,3.9333104020865355e-16,4,2,0.5759219486974348,0.6699718665313427,200,False,-32.694172721081515,-87.82704034236579,286.8709490695334,222.46616735122254,484.208976692644,-118.0150380512115,977.4759643363352,304.3049140221627
design_000455,upstream_focused,200.0,0.026287338,0.012700785,0.014054177885206133,0.6949310019214759,813223939.794409,36520168.27017535,4.701942826736474e-11,3,1,0.5226774972607307,0.3202489405328016,200,False,58.846573049407084,455.6691072984322,-125.71555520931554,-211.10084390419803,640.2445355803884,-569.2324162375401,724.5691499682871,349.576825764844
design_000067,support_random,200.0,0.026458282,0.010225281,0.005009605211928118,0.6901626275571272,1.275240981312348e+19,134025603.08329332,2.6813009546227352e-21,4,4,1.0655275506489212,0.5356906577133946,200,False,-92.27995079498882,247.2147164595969,124.45653291837365,-15.093775594919094,610.6321290884059,-248.79799935714072,1228.7796158443666,31.747861270196683
design_000028,support_random,200.0,0.026481723,0.010026888,0.010876449530785079,0.6978562756975613,1338729743349788.0,173130737.06729066,1.875302729725181e-17,4,4,0.5609108074782224,0.40560198256175184,200,False,44.757072070298435,52.98390125844814,-79.4666521218852,-478.5462555386335,765.9588651061922,180.61807698783736,1117.7099218291676,-69.72290530714787
design_000043,support_random,200.0,0.026599366,0.015531946,0.005863215906200226,0.901146320919972,120308819203026.94,53368847.680300504,5.337483487452661e-17,4,4,0.7955543963803213,0.2953630569629646,200,False,519.0528185762851,553.6177178591208,-328.984816987096,92.69749317256642,1017.9631037187127,193.9891703649589,750.9143064262234,260.6780407411358
design_000171,support_random,200.0,0.026626917,0.007890043,0.011831106074975842,0.8071748925750405,4.935720980242308e+21,185844300.6361102,8.293982977202874e-24,4,5,0.38476006414619945,0.34114104867825457,200,False,-53.31720838841308,-374.3798092037546,-88.78968855022119,25.835307013983766,1345.3210677706568,-245.64161063093465,959.5570037686642,385.450266992233
design_000182,support_random,200.0,0.026627734,0.0076551056,0.005008913934467784,0.6371023887127463,1.8224754255503276e+22,32327140.119523868,1.529967305724559e-24,5,4,0.8905504229275113,0.38193945266236,200,False,1325.7260636824508,88.44443653639964,750.7603741753419,28.930197576159372,340.27419049782225,222.30820547749266,-166.23851650547948,-184.48218420037546
design_000333,longitudinal_stratified,200.0,0.026755566,0.012937528,0.03634712055389197,0.6996382359549379,140251998.947004,13379974.086745933,1.054603889350956e-10,2,0,0.394966213768094,0.5656904022566994,200,False,-67.81594955810579,-0.9804120069072155,234.75069976794367,246.3048608869077,319.41642777320266,-310.1671119528211,747.0546447169774,23.032012357000895
design_000443,upstream_focused,200.0,0.026794374,0.009628149,0.005000010689072745,0.6303148130358802,877484.0036019781,842776.45972995,2.213664140150055e-13,2,1,0.8694670868839361,0.6255952994045381,200,False,-15.74860847319917,-154.04229814694577,138.23045207664848,260.5469822081461,-255.1633447458255,349.7876242624251,455.5182478431735,-433.8806767743606
design_000142,support_random,200.0,0.02681016,0.011675864,0.01820592323699691,0.8111236489722188,1066908889880767.8,32744156.75633052,2.3769689802917545e-17,4,2,0.5990123198129289,0.5802809489380117,200,False,52.69726391186396,226.40405902073508,111.74598413307241,-72.43437115079048,770.8079018695582,-431.2280612568067,1078.2095451756832,-17.447026250437297
design_000055,support_random,200.0,0.027057871,0.008787812,0.0050694437447741094,0.7508402468406801,2.323745687381449e+16,121081169.79539149,2.5807296763720208e-18,4,4,0.8912691564954428,0.3854393402785688,200,False,566.0820302476546,192.3883438337708,1192.9554468823665,199.60160507835394,76.82599870445888,58.3798959092582,-255.78884745201486,-109.0576350295324
design_000240,longitudinal_stratified,200.0,0.02709055,0.008735197,0.006534157111179409,0.6795374818702762,1.095031050398131e+19,209704723.22679272,3.095489898400234e-21,4,4,0.9292721624468179,0.48130440863566526,200,False,-19.32096848585911,-325.17864662931544,180.74865552459462,3.163708789660994,550.2046604349783,100.1543748390802,1176.6283291398372,164.720998575862
design_000154,support_random,200.0,0.027093962,0.011428834,0.017004930333709818,0.8058538583145783,191636.9037909907,188087.4489013283,5.2990235049646665e-08,3,0,0.6181241463404551,0.7224136794752395,200,False,512.253348433524,307.7116953566095,-187.0569100576042,-20.4761568460809,232.71302717428878,46.49379815427477,453.5991220259799,-288.3871545126223
design_000263,longitudinal_stratified,200.0,0.02730751,0.0110923415,0.02949698833383408,0.7494457578962002,1763902348.1559694,16167701.197263544,9.250660691196758e-12,3,1,0.5032602977221221,0.5993106201459948,200,False,-142.29714567040944,-667.1929731199842,79.16223740859661,-162.59597080519177,500.9501908455619,410.56575216537516,815.294772580286,234.33866541257345
design_000302,longitudinal_stratified,200.0,0.027388861,0.012865251,0.005221744893135863,0.811215770440569,508328755.7462388,21377758.511828963,4.390125009136818e-11,3,1,0.6785699754686657,0.6036469709152321,200,False,39.87395153415849,-481.9770879884953,98.05933297916746,127.3545431668158,464.4616090641654,277.7965941869102,758.4129901359307,211.84833731190753
design_000260,longitudinal_stratified,200.0,0.027482152,0.008922956,0.01668143905180907,0.6684314599428491,9.272932107900009e+44,124615397.90858012,1.1545684258927772e-47,8,7,0.5879784171657729,0.6115912869706878,200,False,-215.85213664073984,-43.50004279304138,143.10369620262364,98.14823362770184,403.001668166765,116.89697743228135,1978.0367417861787,-83.61091422596152
design_000456,upstream_focused,200.0,0.02768523,0.011545899,0.007393326001459676,0.5488049285961043,21645840.535342686,9824916.56546954,8.311461600217853e-10,2,0,0.7851819696986978,0.3440364959352962,200,False,-174.64800731456245,585.9008165972691,59.89185978832211,-150.40727833520742,-259.2948070432917,8.026200749891245,-187.13880368548243,-232.36943268216265
design_000139,support_random,200.0,0.027790671,0.014458433,0.005989158867603236,0.7975362328306383,24643589599835.695,30284064.07618675,4.464331263628052e-16,4,3,0.7335335298631508,0.3656453190893995,200,False,634.0769531155202,230.25371080697875,289.92620033833873,430.38356969165335,128.17618547033445,92.615205178717,1021.1000658247441,91.51945704695359
design_000296,longitudinal_stratified,200.0,0.02785415,0.008383658,0.005211284256852628,0.6654608992798058,2.3039951378089102e+24,48084850.64430399,5.8046066659104656e-27,6,7,1.4672477592783617,0.679430031353346,200,False,-291.99116307190326,96.28025140279979,233.551324665739,-222.0857547209319,343.8886459304683,187.6386701058072,1363.7762234299678,471.6812426000917
design_000088,support_random,200.0,0.027862815,0.008460245,0.00848481340619799,0.845862121593886,20075162372.20965,12048879.029480038,6.005487649549349e-13,4,1,0.5091861184413674,0.45566899294024144,200,False,334.6271315536252,372.67242839355947,786.0425225858475,374.501016185359,-76.3474912570415,-55.531832909148804,358.4932010551553,-179.43338280690756
design_000293,longitudinal_stratified,200.0,0.02791566,0.013169403,0.0052412666591784346,0.8105034211847846,4.5145143551090424e+16,44419424.55733879,7.89305344040722e-19,4,3,0.7586069415190101,0.32694307116719284,200,False,26.537128712022714,-302.67087618497214,84.09666516978564,363.6562568206599,480.65223439247063,-369.4722026058842,1150.3795694663936,-163.2322958393982
design_000316,longitudinal_stratified,200.0,0.027934872,0.0061685243,0.005017759271914809,0.6197869674703881,3.040775245576896e+296,171440866.2301738,-2.583450489125622e-20,7,6,0.9457515111186818,0.2942055699355272,200,False,10.911475705516807,-4.196401996529737,234.8028067593773,191.7159646256879,410.5946318536288,-54.568706742424695,1816.5890929902416,-125.87276045245228
design_000458,upstream_focused,200.0,0.028220808,0.020337893,0.01254755922476646,0.7516218486121774,492486.11094921903,480106.1684864324,3.8780888516211106e-08,1,0,0.48471732944734225,0.06909432684917964,200,False,-187.03003661565103,357.38365455173664,636.8494484328243,-268.80462563706857,129.8927342710765,541.5217467122809,144.3810199010801,97.36730321596156
design_000079,support_random,200.0,0.028247507,0.015492178,0.005063091791947746,0.7392693357863597,3.0483839089294156e+16,40300884.598472945,3.209909429191568e-20,4,4,1.0241728209294798,0.5029164744694572,200,False,286.7679910249304,310.9593470391047,34.9499602654561,-662.9801925251771,559.8035053799348,80.381341702833,1210.3756634402414,-116.46393729312564
design_000341,longitudinal_stratified,200.0,0.028507186,0.006852963,0.01717405065298614,0.431142161805392,1.077490577607673e+29,72598930.15719682,1.4833666829016808e-31,6,5,0.9258153237288486,0.25371679031758326,200,False,-84.74183745915272,0.7446891200370231,204.6156644152339,-400.6252593926908,200.65991645921713,338.2007691158616,1509.2571169483322,447.3833956944804
design_000435,upstream_focused,200.0,0.028608974,0.008735244,0.07333166038489468,0.6071627468846648,9775777.866360711,6541927.685353866,2.022952925826968e-09,2,0,0.572957123730617,0.7159646593266014,200,False,634.4526910497293,-61.357239630968934,409.0592408059043,-381.66473085603775,403.128573831547,37.484611175862256,-59.774043707847795,-120.1721871029236
design_000148,support_random,200.0,0.028627506,0.012423993,0.16484299492781093,0.6978590933211987,236267009.1361409,24584192.29626365,1.16136924400717e-10,2,0,0.3044883403902398,0.3534914324311188,200,False,672.5900896653723,-430.5257516198664,-47.704719265801685,-156.09609236974347,414.56087373924396,-386.5914393399421,-318.8369789521505,24.496886179393655
design_000053,support_random,200.0,0.028703043,0.0070533566,0.029399613351746616,0.7346979576635846,25582.195918930778,25244.03828699012,7.464873154606144e-08,1,0,0.7098633303650166,0.7137562094291737,200,False,-92.81822629939217,-436.49814941162555,333.5451947630866,178.29125711394596,301.7874599557006,-167.58595422770642,-96.77407596956637,-149.8694132705062
design_000335,longitudinal_stratified,200.0,0.028757365,0.0063599087,0.005034497037432137,0.5839083304224907,9.118496870871693e+25,120544202.28022711,6.376249898391069e-30,5,5,1.1404662315807912,0.5513302413858848,200,False,-46.07668988856331,43.42574249345558,248.73707654013023,259.12981896810254,368.8571110499987,-31.051619012717634,1394.0568105247514,247.96165204779535
design_000061,support_random,200.0,0.028901609,0.007914891,0.006169869219381353,0.6306421664326934,7.21680970997049e+18,24378950.39553856,3.3780784550741053e-21,5,6,1.2303053576824232,0.650603854499974,200,False,32.8415727242986,-402.3045398618529,397.91494058777437,73.41115929451246,1380.8776879217482,306.78723429673914,167.81759840453643,470.48446247883436
design_000235,longitudinal_stratified,200.0,0.029086985,0.009995936,0.007737675326006457,0.6493558621295202,3.653768919466523e+17,359244071.57416075,1.1071264440574842e-19,4,3,0.731381823182127,0.5335740740413043,200,False,-59.80704604716964,-274.7122330221834,265.20704658176015,-12.045450523247567,568.9753780539237,127.73240211955158,1133.7678351962504,92.43659885522315
design_000066,support_random,200.0,0.029281346,0.007918763,0.019043712630110753,0.46726669105960156,6.732524231320915e+298,67325243.31326126,-7.74079684634922e-22,6,5,0.9630701654374164,0.26995197090221446,200,False,167.9162640904167,-16.65764203598303,-116.15051448717173,43.01445045832445,1596.8002178351903,254.10751888420776,-186.58258494191023,338.619682542054
design_000244,longitudinal_stratified,200.0,0.029281823,0.013123171,0.008097241507079678,0.8662117924959715,166819084004.8131,33228457.853063468,1.630150972276496e-13,4,2,0.4877063821504815,0.693118124414816,200,False,106.51940437914844,169.46217514851395,53.59359969813504,-424.5305825442281,340.2658716758234,277.9040754363451,874.2681103360459,273.72749054679673
design_000161,support_random,200.0,0.029324234,0.011609457,0.009259918087857349,0.5673838683670833,1089272386039400.9,249918606.07154974,3.496064997827158e-17,5,4,0.8044401111464584,0.5217672992696728,200,False,1024.5263963847108,405.99405016916165,44.17234952604954,83.76048644873197,656.8928381335346,95.7528573169335,-164.32981628880867,-162.6666128195161
design_000272,longitudinal_stratified,200.0,0.029512113,0.009820896,0.0565254616118726,0.7398797878328989,418054628482106.56,47779635.173184454,9.750667814957715e-17,4,2,0.34193679954110556,0.5651289088796027,200,False,-137.94608508239938,-250.08796059769475,236.8588559610447,204.44243280402964,469.0043096011982,-253.67982810778068,1003.9316607089878,297.0587834574065
design_000233,longitudinal_stratified,200.0,0.029814469,0.008053688,0.013794402674697717,0.6077424557080477,6.019444437181262e+42,187946135.37060055,5.622026231386289e-45,7,7,0.9968343181090334,0.2971452849990924,200,False,-3.8073364741243694,189.2175898697454,59.824931135356856,-55.84962644549149,466.2504871176711,0.747784023907073,1902.6157154327334,-26.425403922460546
design_000056,support_random,200.0,0.029969871,0.008451642,0.025248362449670603,0.6138849164726434,300941592.74167514,28925697.188377243,1.0633825692259828e-10,3,0,0.5778125835321211,0.5086090763166817,200,False,140.0430555381094,-125.53873423766807,345.31811201799474,70.05601277720818,-179.93437670033893,-189.16325128126658,729.9899195510037,132.88144503630093
design_000072,support_random,200.0,0.030076219,0.010979026,0.01940444518213821,0.7555376903846771,644357.5606620498,606812.9248568866,1.6162413400569926e-08,2,0,0.5375801433500527,0.7467283382149151,200,False,554.1333574396923,-215.31516493070586,-173.97143264516643,-74.55125521060931,460.2675529268098,229.53315733051332,289.63328393189283,-284.0317760793666
design_000084,support_random,200.0,0.030180288,0.0061219675,0.005022290793520877,0.597246778250976,2.577243454259704e+298,39654111.43183589,-1.1155810432681497e-25,5,4,1.0647276716925298,0.6624981189855375,200,False,107.03736666789662,-330.09411433721084,598.5029043818143,20.256671627360344,1365.2537181419777,168.94375514612005,117.04674316267571,89.24759502004656
design_000463,upstream_focused,200.0,0.03032218,0.010801538,0.005000147126583262,0.7358243390154816,2841482.9247900452,2115479.593467667,7.13129068243423e-12,3,1,0.9994800827357082,0.3190157321572898,200,False,-231.20371881581352,-527.285540366971,185.75966433949054,-193.55893003937246,275.562139730579,-530.6786726523328,697.4871374518336,107.97210446387282
design_000402,lateral_discriminating,200.0,0.030426791,0.010895484,0.02780253876180864,0.5810119507594208,6520019478498.914,2309412.0111294305,2.786608895123977e-32,8,6,0.31811114050318406,0.01833184537171787,200,False,1243.8235085528386,-513.0334018236459,1206.4170611349336,-204.86700043090548,1579.4660515236794,87.4793401265703,1185.9975894686472,584.5326961157917
design_000199,support_random,200.0,0.030441388,0.008442125,0.018635045614023737,0.592296920554587,9.886688866164744e+298,98866889.79027748,-2.3852447980974645e-18,7,6,0.8180206552863981,0.23326736674737564,200,False,75.66198617805875,159.58248397821586,1769.269798648057,130.73424919255797,-135.00196827381376,-208.6544794946912,-257.9739657919986,64.6899710708525
design_000294,longitudinal_stratified,200.0,0.030462071,0.013501272,0.005043302266276416,0.7212495019874122,8.416974948504774e+16,20551058.31414093,7.925800815715087e-20,4,3,0.7594374516855081,0.37189738830707947,200,False,-140.89677158545413,442.1648984774749,253.80848474451682,-60.717038890285934,559.5975849573067,153.07195024055414,1198.4624412341625,-91.80463985311405
design_000313,longitudinal_stratified,200.0,0.030484602,0.0067073363,0.05614615240299184,0.5314456351907361,6.653841959392397e+48,85914900.10222873,6.3667478235765e-51,8,8,0.575916572269454,0.5605091574743257,200,False,-213.80053608519808,-174.30241225065788,69.79274164001518,-254.88087628638806,393.91872054915467,67.5984209130234,2012.5412548299944,398.8904548603801
design_000083,support_random,200.0,0.030561833,0.009196982,0.07091185014329145,0.7670351201083441,725620.8237313101,686042.3513286705,1.733369960188047e-08,3,0,0.39981782609879174,0.6091886748496366,200,False,390.64047006011737,-186.28020106915076,227.58843709604707,56.50451428231987,551.6698360234528,457.66290235951146,1.451631014936467,-79.07217733028324
design_000223,longitudinal_stratified,200.0,0.030573236,0.00827262,0.0050247354471112645,0.7494468320643934,1.898292117318064e+19,76766878.56223266,6.68862744555636e-22,5,4,1.0358552648463601,0.5273048582360216,200,False,-545.9633210990346,-316.9275643204888,-55.08453803436943,-17.254820283737786,515.7804360224798,195.71429937042984,1218.0893151895941,270.9222839337147
design_000459,upstream_focused,200.0,0.030659584,0.015313693,0.02841635241965566,0.8022751190287206,2844368156.6462584,17143861.092158865,2.8251171795249833e-12,4,2,0.41226452062545604,0.3491308993353878,200,False,178.1381151623416,136.83582698625503,702.2143193162847,552.7256111193847,290.3049825248678,430.62580342301226,39.319019204468475,521.5991531124978
design_000372,lateral_discriminating,200.0,0.030702211,0.018460844,0.005871564829951243,0.713246705825999,1596894.8767403767,1031361.2234824658,1.8236938112188984e-09,3,0,0.6537047313352199,0.45882158859704114,200,False,644.348736601361,-517.249026965979,285.2305972109418,-185.92590953364376,268.55912910075153,142.98856246049124,540.27530686334,551.6701693346582
design_000342,longitudinal_stratified,200.0,0.030738097,0.008344655,0.005135490044945886,0.7070181153462864,2.7939959382526715e+20,52222603.16022454,1.8691008617891418e-22,5,4,1.1840610554952153,0.6320067137767893,200,False,-106.25805873269756,-82.46979476964688,-6.115239524970576,-336.3706298894859,361.0200171384199,94.18663364266217,1217.1694023198556,357.34595605836427
design_000258,longitudinal_stratified,200.0,0.030830516,0.014008148,0.0067666060333056366,0.8372361115181962,12646583.804995669,4595965.886140293,5.708834939708257e-10,3,0,0.5932164696624939,0.5451112184982798,200,False,-458.8895847342839,-69.8328536459108,106.71630883991588,-7.695728654610335,256.3448236570537,-537.9075691507825,671.9477979211302,260.58849218819813
design_000448,upstream_focused,200.0,0.030872505,0.0141444495,0.011134614434737898,0.28324670599747703,357691.78840539145,353003.5245555947,5.764465389259102e-08,4,0,0.8189361130019449,0.33797697061846355,200,False,538.4273846216871,249.62193476359187,-289.01145886830875,592.2867445776651,-265.923388664052,253.1813950208824,319.8271451206789,430.6889163909723
design_000320,longitudinal_stratified,200.0,0.030902555,0.01801289,0.011773218881062876,0.7679100646377117,34904703157.751816,32250420.335169334,9.248107547240582e-13,3,1,0.4824984907871047,0.5644216097721855,200,False,-132.51292660958916,284.925160218203,117.82354662852838,63.7706422967644,414.98663151625476,240.57830969854214,835.5577162736287,124.53692902810658
design_000038,support_random,200.0,0.030939369,0.00651655,0.027276343357911473,0.4821932954209821,9758812.11155682,7916019.287004825,4.295663723853115e-09,2,0,0.701726416077728,0.7078940274196597,200,False,-168.49480366897572,-509.00399017691706,697.6395810325207,-33.01222907842883,140.11499508925172,49.558144300633074,-86.69110312395934,-194.12771707390945
design_000162,support_random,200.0,0.030990798,0.011257521,0.023900042001531136,0.7233856600673398,14363762046.872,20966196.61038049,1.46179279334845e-12,3,1,0.32181132807368984,0.4248754336712581,200,False,830.0053563094924,271.85922134045614,391.23720416204173,-241.84953464672247,72.1607750805467,-183.20327929518683,185.076392042746,54.258114443028234
design_000462,upstream_focused,200.0,0.030997267,0.018157257,0.005033816141047224,0.9467413421309351,77111315.33849187,13529740.237429535,1.4342162650032112e-11,3,1,0.780679474861605,0.45644404650047127,200,False,-316.7967560502474,178.76003019847883,324.3698625868843,-149.9920098996849,167.74628081119818,-468.2147590297514,461.7628193380177,211.1566838548148
design_000218,support_random,200.0,0.031006377,0.009694033,0.0084567239191654,0.6699520650240054,35973553443.929504,16794009.188442163,4.670612272199358e-13,3,1,0.5462919256389909,0.7460640245113589,200,False,517.5133668729543,190.0646657115374,-68.93096273541235,-102.24729048609731,802.1730976831662,165.79917543029092,346.0203456183288,-337.6529796634454
design_000130,support_random,200.0,0.03100663,0.015911413,0.03524126032556917,0.8169994376264199,163338986.93929037,25961233.678956483,1.8897697817025272e-10,3,0,0.38844336352646525,0.5934022623402901,200,False,749.8366431321274,280.3645563350981,66.8194458215276,25.123579835563703,-209.3783919679214,131.7068408698644,416.5272215937278,-405.85920108085804
design_000422,upstream_focused,200.0,0.031132754,0.010586586,0.034063390923100186,0.8815898313369842,160170337481.1204,39275724.64730021,2.3798403196720504e-13,4,2,0.40996503980491467,0.33320959583345566,200,False,6.391147169971418,-375.96520834903527,498.3035754719243,579.4605452235678,-207.00391866163304,-164.97696679697304,743.714040416867,513.4487843817351
design_000193,support_random,200.0,0.031159686,0.014323861,0.006019948435322292,0.7113996616230773,7.889830690727669e+16,100798986.92707273,6.715389184118699e-23,5,5,0.5564588698211029,0.6142856290695885,200,False,1250.1368287167886,36.985389723567536,484.37031341792175,378.7258957544207,782.9244851659654,36.700155384406386,595.9700176411934,-240.0458557400935
design_000036,support_random,200.0,0.0311979,0.008599762,0.00983666700639632,0.4902320960047231,1.3623762407636987e+29,192421072.10621747,2.9221571897768008e-31,6,5,1.1112409686107299,0.36057494850193034,200,False,6.537180744978457,176.2768095600939,-379.4622951298225,-173.28156435203243,17.476560263018257,-87.28128275917345,1523.0035840963494,341.45922800949114
design_000280,longitudinal_stratified,200.0,0.031276554,0.0107336985,0.02101905958474591,0.744634246398096,210430966398347.34,70430996.89361283,2.5987661426540495e-16,4,2,0.4751021369486626,0.4228995336373589,200,False,59.86869895934531,-248.10167535450177,5.3668013594015065,131.57137227180033,327.7382417358147,-374.05034443551773,1022.2061208957466,258.9606413707515
design_000445,upstream_focused,200.0,0.03128303,0.0147715425,0.005375299494607038,0.7007168930118863,64969.547778213506,64036.35934281847,6.861996667983825e-08,1,0,0.7021831184687547,0.28758282432406623,200,False,222.51180169427766,-346.36475333464307,-92.24799355130739,-591.930148598793,-149.70815561320313,-27.783225732720098,-93.78759239689498,545.9039087068859
design_000353,lateral_discriminating,200.0,0.03139924,0.011410111,0.028113979888130632,0.7413387622342591,197747.16217884584,196484.7922957505,1.5564676797736166e-07,2,0,0.675040590821408,0.2601005055623729,200,False,210.26526031061354,-590.5923651894765,86.71702589390969,-138.90471322705991,74.71379181015936,239.7544928016694,447.47071163359686,548.2672667032654
design_000431,upstream_focused,200.0,0.031423528,0.010776892,0.005180144585196254,0.23187182388031585,1066443278.5933858,3633140.8486999604,3.418427920164169e-12,2,1,1.1027905192929168,0.4533658572851791,200,False,-116.46788246967304,21.255637994685117,451.9121945510476,264.91395861067826,-313.90951129967857,474.5793832106033,87.37664853186845,-146.83146667731495
design_000037,support_random,200.0,0.03143545,0.018012833,0.027888276943842095,0.8829710496027865,406461725458.33844,10965730.194758462,1.0359884669845875e-14,3,2,0.308068224290406,0.24806275584749035,200,False,570.2291596186928,257.24347604301306,9.141690086297658,-521.0628725130323,268.2768503488426,-93.3872135554503,895.110826781293,212.50158934316326
design_000441,upstream_focused,200.0,0.03145984,0.016106816,0.005498014213519448,0.8771784933979548,273646.0579973682,264154.13129774574,2.7829242645568637e-08,1,0,0.48656014457537683,0.46502917326316395,200,False,-243.48440656970922,201.0210011993895,29.11404167004514,526.9665302266756,-273.7102136612541,-527.5827852100455,106.1944912528391,-331.1628969712965
design_000409,lateral_discriminating,200.0,0.031486258,0.018234298,0.006836659966793704,0.8194988516639988,1092363651.8309658,26318951.307030935,4.684083697246424e-13,4,3,0.7208681404787806,0.1658416683016622,200,False,851.100921365331,-512.6292820158508,561.1275011248604,-187.30156335498472,649.2017260875112,242.7011657463198,665.2026260853477,494.151325520431
design_000225,longitudinal_stratified,200.0,0.03152123,0.007454112,0.005005770375871674,0.752245430348822,2.7100243649254524e+16,83401197.0739644,7.137374613656545e-19,5,4,1.127855689328377,0.34400806197329903,200,False,-79.0377005787745,-117.48696891999721,305.42210576252387,-484.26870832419235,571.9752750318379,290.9053166950662,1078.927521607233,434.23821509517404
design_000140,support_random,200.0,0.03172718,0.015393633,0.041054638382711936,0.9083897168977111,3993600484166851.5,176311535.2351343,1.2717002854632039e-18,5,5,0.40990013715305157,0.4750952307589943,200,False,213.84488603364855,-596.8285008110302,1135.3528298337437,-5.45292751442156,155.83882340136714,7.877522403030163,1049.4276774554414,-275.6672612604189
design_000307,longitudinal_stratified,200.0,0.03174854,0.009319959,0.0659438487501363,0.5655128970199942,328824021019.7866,21700051.141979113,6.599725354143253e-14,3,1,0.4276655467867656,0.629842296416934,200,False,-46.24243368926736,-130.8326774811826,283.2981775528517,63.50269524555869,594.0034486609981,-393.0104768947821,912.056511337735,-9.012582934143538
design_000089,support_random,200.0,0.031791363,0.014650911,0.025015959622040274,0.8812237540264435,628793614186064.2,22308638.22599992,2.6197811945896038e-17,4,2,0.30441148315492644,0.29103056289922735,200,False,1097.2251517179227,83.89649565226622,3.576438839544693,-476.0715800746754,-310.00296535805944,-39.98290257389344,-244.84179042912734,-434.8118568579348
design_000311,longitudinal_stratified,200.0,0.032131586,0.015131232,0.0050134288251084845,0.8833436726086598,189522975784743.66,105005969.16847667,2.153970293204898e-16,4,3,0.8216758948211785,0.732540034387658,200,False,-81.31637877463099,188.6153483260639,175.11633083338612,-442.4967781483913,669.0502725476448,168.99981998917502,978.5710419301903,213.0219199978079
design_000176,support_random,200.0,0.032396168,0.009498242,0.01091577500274572,0.5936729550069147,5.886231903776423e+33,120503840.76372544,4.746093871470295e-36,6,6,1.151861115411568,0.6723749332821626,200,False,1664.2484029345344,164.30507409876697,432.250224939445,146.890045285305,-196.27368220252734,241.84181674730502,24.456345763429365,-60.71020664562789
design_000271,longitudinal_stratified,200.0,0.032453306,0.009112534,0.005006652507350282,0.807204930630101,2.0262572229609394e+19,108949500.62068038,2.2816719175927554e-21,4,5,1.173772019561685,0.5713031813894042,200,False,-216.1546742335741,236.89285105130583,39.73516120496947,135.31332244654507,398.6026898213642,228.53151881629503,1170.7237568830672,224.1365065896242
design_000136,support_random,200.0,0.032586925,0.010158613,0.005087212937555722,0.9196524707521273,5.959038674733879e+17,59923819.43739995,5.308884796878868e-20,5,5,0.7830036940227373,0.21634281442537667,200,False,109.94236314352965,-373.57537485174805,814.8287467891441,398.9531980182343,-32.043984676002985,312.90855250341724,1074.4084255468654,455.4136606763983
design_000015,support_random,200.0,0.03262019,0.015083326,0.025074228954762766,0.8506649586551928,79625401.13179138,21466746.231676523,3.6910663199733193e-10,3,0,0.4132932148712358,0.6674360361682903,200,False,-19.566400178328166,51.31855703150478,733.8283032299984,318.65017643170347,405.61454719219194,-391.303950852987,-279.27014995915926,64.55579997547501
design_000329,longitudinal_stratified,200.0,0.032627165,0.0065613887,0.005008244717099641,0.7785962939141752,1.7561214379163312e+21,91594254.24241032,1.5759030283635006e-23,5,6,1.193599473446594,0.5227542892475953,200,False,-75.68535290002659,-461.70921592383075,72.20194891566564,80.59921246559382,567.6470638379728,284.3098700882197,1255.3286698504442,360.4587625921169
design_000238,longitudinal_stratified,200.0,0.032699514,0.019894449,0.023614184310207637,0.9721536551070304,255344919917.92697,2703760.7797510596,5.071250742370257e-15,3,2,0.2957520097717855,0.30071452693205736,200,False,-467.4208739781034,45.60175040651903,262.75153299380185,339.2437115735757,431.54999757935906,148.8035800728373,905.5171339384586,212.54513967728852
design_000453,upstream_focused,200.0,0.032773778,0.019019864,0.06284670949474706,0.8818108881782921,741430965.6608847,35091194.31389177,4.968033053975244e-11,2,1,0.16645337417107758,0.12958856032344454,200,False,733.5678353469598,-517.86178293937,-25.692761041729057,394.4181274747325,-319.45853878846594,149.81794646747937,-10.5365505424179,-390.99389881160016
design_000465,upstream_focused,200.0,0.03285444,0.015214331,0.005010475515345563,0.8474631285979982,64687231.153436884,9330886.122206097,1.6856035413721455e-10,4,0,0.7580841680109648,0.4746938358317618,200,False,331.96538119987076,-29.76706385139323,13.049967041204354,-448.6778957569807,690.2301955034166,-364.7108747868616,650.6369298308058,584.2494762875774
design_000440,upstream_focused,200.0,0.03285836,0.019231433,0.20934891009746462,0.7428518598842456,52235666.66461434,9647586.403753433,2.2653252611200022e-10,2,0,0.18445554471731457,0.20214257215794404,200,False,412.3084423706098,-164.37260339120712,-322.7365416249046,-296.2185709068486,142.2231851303605,396.8642937105161,691.6848264613673,-529.5812948742168
design_000301,longitudinal_stratified,200.0,0.03287477,0.01230453,0.005981183009937054,0.8356801270003786,1.8090486342628755e+35,202164926.43468165,1.9200877789762716e-37,7,8,0.9344027317939934,0.45014307400272235,200,False,-20.81689813718822,215.58925515829645,220.4985525591207,-501.69185469499433,499.10734881182395,188.33379176756898,1720.491289380367,-379.3379860298755
design_000041,support_random,200.0,0.03294556,0.014014526,0.04554096441542042,0.7527741712103531,9.60558196833576e+31,100714389.8159064,2.0205236859636085e-34,6,6,0.518236123353226,0.4493786825102729,200,False,444.53063110142864,-189.29741244803577,-410.7507336832476,-329.9925389110138,55.43282203337448,-374.349763685577,1637.2910148564526,-190.8392928776256
design_000110,support_random,200.0,0.03302754,0.016892675,0.02404036680431556,0.7847366084994609,370242266866603.5,313035605.129461,4.1386476318596915e-17,4,4,0.5682742206347277,0.5922676444889363,200,False,623.053426784008,-124.19812472576635,-187.09365101014805,43.74677563649482,1089.4577665727145,42.62871766037462,384.0081098821468,-48.27392518503342
design_000230,longitudinal_stratified,200.0,0.033078216,0.009606296,0.005013836164722947,0.7915472512550996,2.01804213628173e+19,18482249.36990663,5.794607209471214e-22,4,4,1.1531164681066683,0.5686415293659153,200,False,-296.1794941963314,-353.59081207138934,77.95869370340702,-543.4043905194179,515.0844560297506,111.64523853016752,1230.5097067585918,193.90262493762367
design_000396,lateral_discriminating,200.0,0.03318966,0.02130725,0.009723435557767255,0.6802276733814545,185437673.92722443,75315684.9773812,2.1793053310355085e-10,3,0,0.6230187807206855,0.22608018183223128,200,False,674.717511733254,-565.9736944063287,522.3549647233046,-230.47923267847727,367.77116491082114,122.23968043675711,516.491456575922,543.9401617798295
design_000018,support_random,200.0,0.033276528,0.0066572893,0.005149853021154009,0.59149964378758,1.1431974579334489e+21,29017039.37868469,3.722106722005526e-24,5,4,1.3669963913939807,0.6463818563415362,200,False,-90.97647794406971,368.9042638788177,-29.646403539641184,16.96576204392572,148.5928994335805,203.69485454037567,1288.2958704631728,261.47068016355473
design_000168,support_random,200.0,0.03339281,0.011236391,0.0051586417980018714,0.625601766517668,2.20877890967357e+22,175411665.74851677,2.8581268007145898e-25,5,5,0.6667399473166459,0.6287927160535352,200,False,497.6346447929642,74.27204688665307,812.8809099337667,166.77699039451693,1352.4079255894355,1.4587350520240818,186.68528134892196,125.25160872082229
design_000012,support_random,200.0,0.033410735,0.01789071,0.015834479959498302,0.8974541206864143,2872713701746931.5,163298230.90993008,2.4217839297093523e-18,4,4,0.5259340957492175,0.45108503447922565,200,False,605.7423186777089,210.11240998728468,1071.9819404305492,118.93213155427242,192.32889854616656,-235.9268352655097,297.77869244629335,39.85045927225555
design_000452,upstream_focused,200.0,0.033439863,0.014974671,0.005610764095419992,0.8570236714720267,14824680.203743266,7200922.409399634,9.445370122778935e-10,3,0,0.5506251682891189,0.5654346121575259,200,False,218.83101849079628,387.8613659008374,-327.3704184154607,-594.5487847311276,-149.74127004011916,13.534215646567873,698.5196001658803,235.8089234233347
design_000045,support_random,200.0,0.033505432,0.011795555,0.02997343169066365,0.6823499721742002,3313557.0999529017,2338317.2982021444,2.397683414893837e-09,2,0,0.47922453706074597,0.486693388433265,200,False,-149.3631469711213,-576.1155510856229,656.5245412521391,59.898010202762535,109.97545518617953,-12.657249772152653,353.89695627251723,85.11437432840549
design_000361,lateral_discriminating,200.0,0.033575643,0.014507591,0.005309454403054318,0.6579621022424118,373696179.364134,37997517.86156575,1.131893606351929e-10,3,0,1.2093788867142072,0.447976045407695,200,False,280.1496170073577,-591.5898910628932,162.27497746985125,-140.45088904867475,338.6293257772629,203.2480788478793,-42.77358156397321,592.3323788822993
design_000446,upstream_focused,200.0,0.03358872,0.018725501,0.014149840803907056,0.780347968056426,44262830.1294629,6845415.166662791,1.8294727664827755e-10,3,0,0.4335556202073834,0.3232094872511358,200,False,136.37220043265864,53.50424858343797,561.6807817768691,493.49217116693035,700.0199017165626,258.325836136367,421.0669129943491,-144.27661641967364
design_000267,longitudinal_stratified,200.0,0.03360389,0.008406802,0.005029926311454869,0.6543686170324943,7.20520377178358e+17,202455689.26182798,2.023303880386329e-20,5,4,0.817476725449775,0.5024067365276773,200,False,-65.55057455073262,-86.0554298848673,257.61624747507136,13.519153933679522,568.4909092234986,156.65462620399643,1151.7415566508546,327.6571520111981
design_000326,longitudinal_stratified,200.0,0.033625025,0.0066842283,0.005047327983068609,0.7577116391988821,5.37186189300884e+18,49039548.46252545,2.493155532335088e-21,5,4,1.4078045075460042,0.7170398987347342,200,False,-77.14640552853008,-21.754980113986846,172.578326866032,-128.33761565226857,463.32576358494606,176.5903323310961,1183.831640520401,232.4779310669274
design_000501,uniform_control,200.0,0.03371911,0.014428397,0.010284666834027435,0.9702348953757732,7.138073317690551e+29,71259677.36024743,1.6494047167551657e-32,7,7,0.5576883433650812,0.3034103086947115,200,False,5.139597710594558,377.7619469101469,1109.3602464291955,-704.2431044098397,759.9252960966926,320.0858850421587,1451.338682783379,-769.8500834623256
design_000325,longitudinal_stratified,200.0,0.0338985,0.012917815,0.0050061256967734915,0.6942872743824973,2.3152508294694067e+20,171561168.03594035,5.360465332388725e-23,5,4,0.7339755613562118,0.5260669454340147,200,False,-162.7857492779902,8.381547174060387,284.10378939805236,499.0160048840279,714.3443889520439,48.37272753877144,1245.0691457864314,94.21329021213951
design_000090,support_random,200.0,0.0341249,0.013254127,0.019666016500975228,0.8087522372699799,29940.126658980258,29905.076420631325,8.531775482645651e-07,2,0,0.5229299166738461,0.7820811745323987,200,False,473.7571903101393,188.44135966534157,233.54926937681554,111.20100145219473,-184.38890811258025,-363.9342088942956,343.24506616571273,-163.78056475881922
design_000178,support_random,200.0,0.034339488,0.018565228,0.007755335822182862,0.8572100396068069,7442344477.850746,32327534.232614692,4.36268006923476e-12,3,1,0.48879356292457554,0.6855827485263056,200,False,454.1649087768967,413.78353358187064,-20.416004085823637,244.00503076570274,786.8642138807885,235.8472184703229,259.2059829555443,59.039368309968495
design_000149,support_random,200.0,0.03438444,0.011404573,0.005002119033594525,0.7334106701023776,2.101299897666523e+27,185480667.05438632,1.1319294141633163e-30,6,5,0.9538150188601084,0.6122776298260466,200,False,816.2667687196587,127.49634035652873,974.0969146633412,609.3553885084386,1467.2894627555418,388.32275721086523,209.87652949191704,-53.07740823320674
design_000322,longitudinal_stratified,200.0,0.034466427,0.006740501,0.005006189445749735,0.8013956148214121,2.3083721832373984e+16,94931332.92555638,5.7567731403231305e-19,4,3,0.9651171332882997,0.654876083448082,200,False,-30.562023743102166,-7.151726769641456,260.6314458110276,-136.10012416089887,417.28561867805035,318.56616422519767,1097.111145879114,287.27094531927
design_000190,support_random,200.0,0.034553755,0.011911364,0.0059326339651269485,0.6989993337711757,53970133.009261064,20103525.22850882,5.936090310153371e-10,2,0,0.5680882169572815,0.5782513375702707,200,False,139.83295151366215,64.39071952934931,-190.14425966704732,-419.49146707248565,590.2669905302453,123.2637166072128,214.20108762308294,-408.3232171925322
design_000298,longitudinal_stratified,200.0,0.03457163,0.008223456,0.005399270951740856,0.39153817673633134,4.1499846546050075e+29,91738851.38682576,2.7345194974193564e-32,6,5,1.1022403141266506,0.5041225681584158,200,False,-15.622356535780858,-35.02364722486555,386.66046474638506,-384.80320080314675,451.2779159403517,-135.32817105190495,1527.2475343065794,464.94323752119783
design_000249,longitudinal_stratified,200.0,0.034576014,0.011361999,0.010245876475743154,0.7860062952692948,918569963535.3237,18758205.514351867,1.6726524269635405e-14,4,2,0.46502938607712324,0.5210866508065497,200,False,25.29454490278691,-89.03389188099386,150.91068609071033,368.24054091824075,480.10431087062307,-325.45564124885016,942.1960185034666,234.30096326414218
design_000111,support_random,200.0,0.034658004,0.015361125,0.044069807422500606,0.891671419440112,1715920480.1546502,15648011.790591154,9.203237176243351e-12,3,1,0.3575704832722339,0.704208204899377,200,False,367.95877086736516,213.94362281936935,377.25687319596943,-301.53483739094975,-176.09303351806795,38.91792056391917,723.9830192660112,293.1048926803736
design_000021,support_random,200.0,0.03468049,0.01965932,0.027373100722995543,0.7939109497955211,22989.84575587183,22973.162984468338,1.376999206478643e-06,1,0,0.40674132007853353,0.2404348345256714,200,False,-67.15531089150022,99.68734148064632,534.2266435457154,-0.387930798845435,333.14866678240134,-441.7824745037475,322.81118541481453,238.78994413636786
design_000242,longitudinal_stratified,200.0,0.03482936,0.01978441,0.009879932523024186,0.9006489844934623,50541117764053.06,98684316.37469791,2.5380764155126e-16,4,3,0.5449675106141025,0.4134398865134203,200,False,-237.92045811674996,318.3928548608253,249.96487178924625,-43.63602082578667,538.7125052339509,117.16388138082708,1048.4917128420789,10.08694900437498
design_000268,longitudinal_stratified,200.0,0.03501121,0.007149578,0.005026392669627402,0.7815411570424493,2.5569318603480144e+20,11412297.219430063,4.213963132154534e-25,6,4,1.3457550651860455,0.6805857277642186,200,False,-172.37696002556237,-535.9483521182898,106.16706349475662,23.891536912443556,431.3481113296617,-55.026005886855536,1234.8080242768117,465.0499194620871
design_000138,support_random,200.0,0.035030123,0.009576836,0.06360706017304281,0.5821906884942408,1804301130.2566423,35774288.71590308,2.0228297855370152e-11,3,1,0.4942700421771196,0.7963495786582823,200,False,297.48528639667154,10.12260677979178,-51.18487653817453,-209.12153076670103,503.9014956011337,-384.90398931163287,773.8076548372371,184.13757568537602
design_000137,support_random,200.0,0.035071984,0.014966409,0.006367082880369574,0.6474176930017013,6.096182271347614e+48,204568411.68516806,3.8169625040786435e-51,8,8,0.669546700232701,0.465761091338782,200,False,190.55800126853373,-70.82107232389595,456.6834629117841,6.772380395183724,60.96327302879817,151.89537989391238,2047.9809063867986,-46.663183270294724
design_000065,support_random,200.0,0.035185665,0.010761421,0.021557717676686485,0.7999040737550657,438964628068960.06,42391404.155387186,8.915517060729077e-17,4,2,0.33575837809081516,0.6261260578601282,200,False,-199.60382938318725,8.368357045622888,260.34571632880164,-165.8656841624362,-25.394676844036574,-211.12591671904372,1043.1029413671613,138.11927813309413
design_000226,longitudinal_stratified,200.0,0.03533692,0.011001114,0.061110556625470436,0.7781647407248172,335564737070.3847,33823390.49487523,1.0080558337806133e-13,4,1,0.35329973390210295,0.5951061843171144,200,False,-2.0937003702553127,34.0926407486893,85.94930070108038,-305.5218356213718,268.58498656461626,259.67376726602464,857.1174614157627,267.61638081800714
design_000027,support_random,200.0,0.035348557,0.018887924,0.028221292797995155,0.883342721277434,28030476.866863802,13948158.354789572,9.904730774858113e-10,3,0,0.4439005262137409,0.6170349625959424,200,False,394.49678347223494,-46.870460865207576,27.133858063579083,132.7017477942657,309.7265567623242,270.18570857865484,555.1348107518161,334.16902140295645
design_000221,longitudinal_stratified,200.0,0.035437606,0.0068626064,0.005001568443257297,0.7812871300512048,4.285085347071779e+17,183387634.96191671,7.153232561070932e-20,4,5,0.9516424264363166,0.5121663881194382,200,False,-286.41762424208576,-89.54540908286987,23.791159220818713,-201.21066988812703,478.25707882138755,306.1883396410537,1177.457965744285,196.55080017737006
design_000415,lateral_discriminating,200.0,0.03545003,0.018907418,0.005358582487667047,0.7632054490568356,755300365820899.9,29645702.897458117,2.2904943264956778e-17,4,2,0.7181355829449375,0.2186501041121162,200,False,776.0326982279171,-568.2080737032185,472.97484826357777,-173.4296512070212,595.1044318541217,207.35311345155677,645.9551952048054,482.4106502533136
design_000282,longitudinal_stratified,200.0,0.03548943,0.009629549,0.021397164413449788,0.7284239399580432,430257884521.1458,38642807.198014565,8.982119452413547e-14,3,2,0.5602412506824075,0.42478713944506646,200,False,-27.21080821448136,-240.67173221641485,234.54568353142326,-485.1738368375191,347.14647252613327,264.05314337395714,908.2695510870825,213.89044542544528
design_000449,upstream_focused,200.0,0.03550653,0.009646908,0.018509805550831065,0.7634741008459175,12118541.19791514,9581385.662956575,3.7764277873146055e-09,4,0,0.6028507652904307,0.7413045760334692,200,False,609.721081719251,335.25895566405336,-238.55234904831673,119.46636855238171,-189.58590238245245,-223.65083648119105,421.26228055043714,149.43782960235228
design_000306,longitudinal_stratified,200.0,0.035587892,0.017099889,0.009776409148786693,0.8809415869048489,120188056727.19777,15453387.978475273,7.000735740719868e-14,4,2,0.49720836926312595,0.3585216574900686,200,False,-546.3954438481619,-326.66445492886,176.96294422659582,-253.52391062839774,487.7377881911394,485.95194351383844,882.2992055384789,318.655617671832
design_000192,support_random,200.0,0.03559015,0.008918592,0.01777721044504572,0.6067367195923036,12788082.554939134,9297404.176472446,2.6634946472944363e-09,2,0,0.5135851045947754,0.6935192332157888,200,False,641.2179588404421,141.0264204615432,-345.08453387650457,-268.0953235655889,16.26785093774626,-374.9214347509183,174.07206558205596,84.68499759525552
design_000231,longitudinal_stratified,200.0,0.035617594,0.013363496,0.005175267868924379,0.6812958485600528,169968039369417.12,243692067.296558,1.9177834857101723e-16,5,4,0.9629947506514032,0.7651388495804372,200,False,-52.4083553069881,99.40460090478487,111.23231114677827,-110.0159663515388,763.3154204269686,118.2653924781925,981.8559948232206,248.0023623918614
design_000206,support_random,200.0,0.035623003,0.018099505,0.010032739785341808,0.7846134698554396,5293263181613553.0,90459330.84975043,6.3312208975050926e-18,4,3,0.45638150531621946,0.2764423453522582,200,False,623.8152817989654,-22.33079700813829,-111.0058878600808,-350.3009870021269,246.008386029711,-241.7305884804301,1092.8833809593812,-29.03747976629593
design_000319,longitudinal_stratified,200.0,0.035633836,0.015554713,0.02002172657735972,0.8688334619628229,21973287.95988305,14578327.353927849,1.971386614580184e-09,3,0,0.43320144883929607,0.6628579674942126,200,False,-117.07547719450827,238.47368006717193,161.47393748128718,-279.6339136847188,391.8034389798827,-101.66745401092572,656.9200879582099,171.24421327798865
design_000283,longitudinal_stratified,200.0,0.035656374,0.0067879707,0.005063067744661447,0.660976033881141,9.877389126446214e+23,18995466.099771243,1.9231261274208423e-26,5,4,1.2669751264754938,0.47532280097006696,200,False,-295.8395024045571,53.090004315870644,130.5646806262162,-184.00873333090422,233.25730777710265,200.89967318294129,1360.6429787697377,327.25444890471925
design_000203,support_random,200.0,0.036016155,0.01301556,0.06229289757180185,0.7657754749576745,428136439828.2051,13130435.77195844,2.719087636068709e-14,4,2,0.4075618947045261,0.6136706767860294,200,False,508.71789437199516,204.00138760694603,-89.55534142285273,-35.55301358946217,208.36913043523597,181.77701557472784,869.0340711711406,289.03465075657493
design_000209,support_random,200.0,0.036186118,0.0067509953,0.022513157727392322,0.6991670691571304,6.3920474094904535e+298,77910728.43135232,-1.8608799938177393e-26,8,7,0.582378746897044,0.72831286845483,200,False,258.6283609705949,132.52877360853037,330.0243004502664,-239.76373316130721,1921.8888812515625,214.96729331931513,-93.32114027828288,-324.99590169376006
design_000269,longitudinal_stratified,200.0,0.036296055,0.008233652,0.005482030168690018,0.7687689558173403,9.761774422058046e+16,75107482.85124263,1.1778032484769322e-19,4,4,1.0252808765035386,0.7096840559191442,200,False,-184.58458774451475,-19.90841455690493,135.77347730454287,-96.18008306990318,441.8176878769702,-250.25763803250223,1184.9994093309858,121.49558758348707
design_000318,longitudinal_stratified,200.0,0.036400925,0.008936555,0.005319536851903553,0.5930984036864482,1.2782584637622906e+21,42206969.782523476,3.301911935579707e-23,4,4,1.217009080324667,0.8283135690954138,200,False,-129.32217049007556,-304.9170157371253,76.84968685157446,18.50539919348876,516.1516111832213,-124.91843485656443,1293.8014988585624,23.7947183455337
design_000085,support_random,200.0,0.0364529,0.009368788,0.005343398493389414,0.5646075935050962,8221744961543.208,99844089.07329522,7.083233356669624e-15,5,2,0.6597712000263115,0.5178698540934887,200,False,-48.36440288715949,-277.79723896361054,683.1910012144103,49.01158934022838,-20.220236375194474,59.17332527622784,912.809949124718,323.7337951836353
design_000123,support_random,200.0,0.03647368,0.0087415045,0.005129477621646217,0.6352704424369786,1.3881061022342772e+298,13881062.03094942,-6.200281301546087e-19,5,4,1.3727592113192926,0.7551714892063747,200,False,484.4946821632227,-40.12505265418507,1228.38295129978,394.58573861103935,-37.621107192574414,-1.8149411180630466,-531.0731056403592,-533.9356017120867
design_000386,lateral_discriminating,200.0,0.03651131,0.020913491,0.00981352624460839,0.8877608091317504,10540.310851761911,10532.952421940085,1.4312771443034496e-06,1,0,0.41128034353706433,0.12531228243828854,200,False,150.63062083818963,-528.1282927791462,391.7361246988646,-178.32412840804147,19.526491457792076,225.07445735375498,257.834448914326,520.6869230916053
design_000151,support_random,200.0,0.03654324,0.012175531,0.006274112715167122,0.49859648046409744,22581518576643.504,5404932.879129723,1.5628287046494204e-16,4,2,0.7948103723078219,0.5475235005968464,200,False,325.8743568437194,235.67369387912217,1013.8336959253963,274.20596558426655,147.6808838752226,-464.521027293289,590.9961558517261,-661.721512932405
design_000229,longitudinal_stratified,200.0,0.0365473,0.02223155,0.0071743655232879835,0.7912662390587069,84834266444153.83,17851710.742838755,2.1043045749837597e-16,3,3,0.5725485542372022,0.0889794795065042,200,False,-528.6353837958758,222.38779525266978,82.00739622728744,-467.366752508755,567.070106780199,187.32661035500604,1047.3648297532332,-138.34823959918913
design_000420,upstream_focused,200.0,0.036588836,0.013599203,0.014491679731902641,0.7833789904561557,1353795.3454846593,1312402.9353650226,3.1706342577583187e-08,3,0,0.5061579280776985,0.7297451208213405,200,False,-120.40696243353489,493.22244215992305,-75.10944658795313,-249.3609069952148,386.52963769177575,-167.69812518900972,484.80678090149434,409.771939907891
design_000339,longitudinal_stratified,200.0,0.036637183,0.02089749,0.05926859535745018,0.8451145515882548,49610350876.356224,39364623.74687887,7.941061036445845e-13,3,1,0.2528247911688153,0.31819440511368907,200,False,-86.86976304390465,146.10536348021995,222.44976975069585,76.32502374096217,490.7552453355247,-202.3953207159414,862.7835025397268,49.64912107495912
design_000288,longitudinal_stratified,200.0,0.036672927,0.0077799642,0.007938936714479074,0.4594171054916504,9.15295072724365e+38,102292769.59997678,9.057519144938695e-42,9,7,0.6318406906530406,0.7239239294609477,200,False,-153.8973530852388,-289.9233613774911,313.3117672869473,-220.7187102950846,339.55852413612666,122.36690622515069,1727.9250222181104,730.5016858549234
design_000013,support_random,200.0,0.036720674,0.0072658877,0.005000000970176931,0.545907385937859,7.366055392578944e+295,5314074.97897572,-1.4285745011911321e-21,6,6,1.4186003803418386,0.5942876205153782,200,False,550.2033910443116,224.09279482963632,1244.1747624663246,150.42713006853793,1544.2431273921711,-110.93004558952718,-470.7912472971211,-551.4826141964402
design_000489,downstream_focused,200.0,0.03677569,0.008030754,0.005000000060977211,0.7260993500810417,6.363924520394096e+23,41801924.87902563,1.486571445615349e-34,7,7,0.7275069726790013,0.13310973122988484,200,False,1171.3083157386534,-187.01118699712805,806.6696181909539,281.0291892893973,1328.1444263904025,67.50671329031093,1616.0877984608296,-203.68022331583848
design_000234,longitudinal_stratified,200.0,0.036813088,0.007221792,0.0050502253252123755,0.8197489688736951,390068636903188.3,62685528.65618472,1.286239812599857e-16,4,4,0.9561581738015688,0.3741136631665173,200,False,-46.652408544693536,123.82353153080815,106.55905186124713,-292.69547191184563,572.7883388354294,433.445735386363,1029.796176235432,203.87324291937387
design_000287,longitudinal_stratified,200.0,0.036839247,0.006959415,0.01234457826562378,0.6409454370821791,2.5780904049395763e+38,196768134.72120863,9.137184453416461e-41,7,7,0.7437015934789801,0.6379973809271919,200,False,-7.029696190424705,61.76334621629568,255.85355708048826,198.91855888995462,494.4480239303699,115.81033125244346,1768.642181316215,297.8341165950834
design_000378,lateral_discriminating,200.0,0.036857445,0.013324275,0.05316908289319459,0.7469323616443774,15512480304.800238,20819495.25949627,8.671061158682359e-13,5,2,0.38317770139664087,0.5165723994646653,200,False,424.76247232945485,-461.7542678399592,105.87689278150225,-136.01283992314484,221.81926152987862,165.2632377456173,806.8548124040249,521.4777226475736
design_000157,support_random,200.0,0.036858175,0.011527656,0.052533635679238626,0.8087228805081816,222369432.9333555,11628116.481334195,5.517719864856935e-11,4,1,0.37540499575297764,0.6567328826977008,200,False,227.425172553072,-256.5081538878206,273.2910416317008,358.18045024827154,28.48544041459407,-69.63799167972626,659.9282962341191,444.3703278992667
design_000299,longitudinal_stratified,200.0,0.037446737,0.022422899,0.05931758815900264,0.8259401149899872,196524894565038.22,31407774.757643964,1.5981577726636442e-16,3,2,0.23046594961244007,0.23703608628576806,200,False,-142.41613763486316,260.320660039632,265.26778924460973,180.71801134765266,496.67946459984773,-510.75456804945975,1062.3045974286838,-165.8029313672045
design_000044,support_random,200.0,0.037581433,0.011542736,0.019661463411017543,0.562817914900312,1.6799549121389508e+26,23065140.906684794,4.589291075688189e-30,7,5,0.9280016021559253,0.7918552424459384,200,False,303.7586111965529,22.0178974123226,346.11824444019044,-231.98631089427832,1164.6385511135968,-234.7377331538659,1509.6935346549653,62.840238427397665
design_000121,support_random,200.0,0.03771446,0.008760622,0.005049947146824079,0.585352701963093,7.884718021357661e+297,130780209.22096509,-1.0348171182060635e-18,5,5,0.8250833981157416,0.511557903852989,200,False,487.90466760400136,278.23583284255886,1362.8812712641147,45.04178222155025,209.2638023760258,266.63882640929455,845.5434761464949,144.03899281008339
design_000007,manual,200.0,0.03774483,0.01304451,0.005601468725499346,0.8196961339988916,1.2109443451879188e+21,138385105.09072614,7.858895008121253e-24,5,5,0.7176951577356693,0.4323956618027111,200,False,-200.0,0.0,300.0,450.0,800.0,0.0,1300.0,-450.0
design_000277,longitudinal_stratified,200.0,0.03782905,0.017790625,0.020636400991151747,0.9443447465292995,470023686.2335369,17531496.70316573,3.874430566715676e-11,4,1,0.42058529870564193,0.6220188145412756,200,False,-385.6930328869397,29.636202625799292,102.28838568857213,163.77564616895455,355.375765760952,178.11601875219964,735.3293343786295,362.73289478821437
design_000245,longitudinal_stratified,200.0,0.037939936,0.009440419,0.05066322326131814,0.6754466537001719,260846098.3859027,32028077.671418585,1.3997182814277887e-10,3,0,0.5151792140846783,0.8346244753958922,200,False,-129.62839698127434,-180.73211045656342,169.82666246184382,-332.3880223294057,418.0014908344374,25.074689057087646,704.9489925867658,186.0584316963719
design_000464,upstream_focused,200.0,0.038108375,0.020419378,0.005019388423569976,0.6688741051194976,8519876253.072818,1212224.5891241536,1.4230207754066424e-13,2,1,0.5832773587269856,0.21583899057565548,200,False,476.95823124378194,-567.6877971121687,-134.98615266422965,-428.690994587507,-312.4136301477059,-149.64053320117074,536.2157452765981,115.416855247395
design_000295,longitudinal_stratified,200.0,0.03811979,0.0155278,0.01636079685795742,0.747685210108241,1129211052.8593903,46054973.35602177,4.2519239126773086e-11,3,1,0.4648882013584686,0.522634651211941,200,False,-215.2335759511091,-216.67146696883515,-77.97531795403009,77.45566040080935,314.4068232663884,-482.5203694389417,815.3736768497349,83.38844211695535
design_000423,upstream_focused,200.0,0.038476188,0.020493349,0.05134795290605493,0.7821765286933361,16516037.526498953,11776823.182783417,2.484973526972914e-09,2,0,0.2943796179762354,0.4029211577764687,200,False,-273.12286431210674,-124.80258216206653,466.1892367971715,-449.31635082258106,735.0361621699171,-1.021691841998063,-129.54772649103361,225.71510887614716
design_000033,support_random,200.0,0.038550664,0.0168582,0.005042865157576855,0.8394930344411339,3.586535002577017e+16,33076151.39871488,1.7436079857189642e-19,4,4,0.6494002081078957,0.2260840220762057,200,False,139.99570653331216,-534.9193660718087,1194.8964593130918,-101.27051718096078,699.1083934671836,130.75971058835552,-347.67189721795773,97.72343137174526
design_000256,longitudinal_stratified,200.0,0.03860923,0.0065612686,0.00537457173183269,0.5278397971451855,1.5189827867945143e+31,155280736.11856323,2.20298670495384e-33,6,5,1.0135587177936127,0.7178884353254543,200,False,-99.57995182875263,295.4412065615975,81.09169413841057,57.239854872228506,375.4080598027002,-36.878128120411816,1590.3537729344548,266.5802342789192
design_000064,support_random,200.0,0.03876184,0.014702028,0.005001783206326075,0.7816450446315313,2.5947234886312216e+16,31208018.4544875,6.174506940305866e-19,4,4,0.9595251862483497,0.5458672990670428,200,False,-214.98870740377373,68.84334381256723,516.5101468245595,-278.206922808332,1131.4754936567945,287.13655457433913,-516.8261612560315,-456.1935841891325
design_000510,uniform_control,200.0,0.038889263,0.007144098,0.005003130986822662,0.5080844949429173,9.932455960774165e+24,11698979.1053938,4.6886932978180055e-28,5,5,1.271026967377264,0.6552504782861707,200,False,1418.9029797520948,165.29437360217844,464.52685720243176,69.10318835695136,-311.1202979803659,-426.74510427721106,446.5087066438723,730.8341189654861
design_000349,lateral_discriminating,200.0,0.03918086,0.016043894,0.005970979642191381,0.7324874415947117,341337826.0507438,2344183.444196596,3.703860753783243e-13,4,4,0.6356507755988559,0.07758071129803933,200,False,794.2781229212753,-580.3814397278807,918.7956195009723,-184.58578510373232,829.0415454496826,240.876148543142,529.5225025266475,585.5344694687924
design_000290,longitudinal_stratified,200.0,0.03923739,0.007866541,0.0051682203516576096,0.45366234913417774,4.7643222230728995e+26,36534938.71776679,5.293614169522207e-29,7,8,1.4973958485469503,0.725476113528067,200,False,-67.71430540001347,-767.4141757685383,56.116955749800475,-294.226924290954,372.2637503687222,68.70806129784128,1449.0255361536924,488.70874070263824
design_000427,upstream_focused,200.0,0.039352108,0.0108074155,0.023920379950760434,0.8012775061204847,94489.34720254187,94306.03236953913,5.144429985549641e-07,2,0,0.44515577025341746,0.7348280920479314,200,False,-52.60110117073384,-306.8684719127375,133.83345258719618,227.8331126305054,435.9254473726246,424.0378389266384,-337.1904759513201,-34.547671795047336
design_000106,support_random,200.0,0.039353244,0.0061305515,0.0050384075810215425,0.6127595448050904,2.609506592482677e+298,26095066.964436073,-1.5178847700352574e-18,5,4,1.099651575561712,0.6908711226020985,200,False,558.464604203528,58.86889231984269,1416.1330313826552,14.744749199623037,105.4546061236862,237.3690113947721,148.2958095679222,-264.9394872526219
design_000324,longitudinal_stratified,200.0,0.03936305,0.011707983,0.008932672659126756,0.7466014451399383,3.800867934852978e+17,127985460.99525781,2.979323700182956e-19,4,3,0.9135529374266423,0.47222141194590783,200,False,6.00780462801869,-402.25827996153345,133.86153752795258,-43.631501536521135,465.40733218181316,122.45582959702753,1126.061433993024,110.3117212963085
design_000030,support_random,200.0,0.039528143,0.007829106,0.012197298348153895,0.5241839754754234,7.943378355891802e+298,133433204.14776802,-1.1709383462843516e-17,9,8,0.7650667481930766,0.6413279529774703,200,False,408.614958532067,450.2130212802838,2054.761984181498,513.6636815879732,-223.74240672232102,-339.1552326255313,189.0775006991334,108.36550100518026
design_000104,support_random,200.0,0.039595034,0.007187852,0.005097291482855334,0.5033973066153785,2.7365632419162164e+298,171623679.4409853,-1.5511439544257413e-19,6,7,1.448671771276234,0.6842890876144604,200,False,561.9517814242059,122.87129856861046,1507.9779042230855,357.1843438044782,242.75233617827396,249.3043284262203,65.73683920277898,-685.5926688422969
design_000039,support_random,200.0,0.0396192,0.020706791,0.007124749375011038,0.7477848179241925,4547341.325711003,4132225.5874812985,9.954391527296757e-09,1,0,0.5443166007376559,0.08982497982473188,200,False,464.18896726645363,-65.84232151425792,-222.30978479705593,45.728626879150404,515.784948670729,-467.3251916276884,147.05098798432718,130.03373462622125
design_000191,support_random,200.0,0.039661966,0.0063742558,0.00914338285997804,0.49894559215681733,1.0269936698930277e+21,54731794.540486164,2.307089438253013e-23,6,5,0.6345881923333953,0.5445969439238953,200,False,-200.68425060066542,-188.14332961363854,1405.0558501310638,20.871068000107186,1265.1575278272649,410.87012611771434,66.73233395646575,-19.175522622461443
design_000348,longitudinal_stratified,200.0,0.04003206,0.015730042,0.027930903186142754,0.9301434109760209,41146790298060.99,31036123.36825961,7.542786582701606e-16,4,2,0.41149973998221695,0.5759646655126439,200,False,-198.75632820169406,-334.792637154765,23.94762238052961,-481.05440960042563,293.970460464168,476.28941779617026,989.8618970418142,288.9781157272228
design_000180,support_random,200.0,0.040068436,0.012998631,0.01043101996595385,0.6741556146395428,154086.44966992055,151714.81748565845,6.397021363279469e-08,2,0,0.7662022269952388,0.2846286284266265,200,False,228.1426978626795,-236.36062049701138,50.58691122362194,18.348562625115253,-404.0177342754328,-30.472994314863964,-142.07340110908413,309.8269335180285
design_000332,longitudinal_stratified,200.0,0.04037558,0.0076814294,0.005007684829059652,0.6429749037398981,2.135411681642779e+23,192276743.26362118,4.7172944303679014e-26,5,6,1.1182696033026118,0.5249380905718246,200,False,-188.0334950211684,-73.67484761977806,277.8686194611074,-129.79885149439966,582.2221883045103,349.5000319510057,1388.9801921976775,119.17065749723946
design_000315,longitudinal_stratified,200.0,0.040413354,0.010778291,0.02959417999955029,0.7851797059642698,11254211454177.4,53292987.300554425,3.0088656480637037e-15,5,3,0.5005490171203423,0.5099923683468369,200,False,-36.796811035914025,-426.12066689629114,-49.03621494508377,-140.8771500097074,322.9170053872839,-520.3689137516246,921.3007830790433,531.3546028696123
design_000505,uniform_control,200.0,0.0405354,0.0136612635,0.005254916358601101,0.6124133119159816,3.3571903231855037e+18,231146067.2138585,1.4400913097509637e-21,6,5,0.7214947044789995,0.6171649672712088,200,False,144.01556068498962,-58.06162370748609,906.4458030426808,257.35700681848425,746.2795591531562,-742.6289356002702,1180.443560822093,446.07311618950985
design_000305,longitudinal_stratified,200.0,0.040542234,0.007753425,0.026138929877541003,0.27817114832784817,2.931300326602611e+35,109712756.03214477,2.3677369588544247e-38,7,6,0.9037263178100898,0.2532645780131539,200,False,-378.5406449883804,64.71632984476955,121.45655329277403,-18.15657197220108,376.1081636659031,-184.2822447139415,1680.3065982862672,612.6760919368483
design_000253,longitudinal_stratified,200.0,0.040660024,0.020288063,0.054349014765951505,0.8788918021844259,33844091253.6458,11103147.77237632,1.979418373899505e-13,3,1,0.27358822993125004,0.3097240039772469,200,False,-90.44748213528281,-592.6090057087767,212.97128155283485,-286.9914272732273,272.22066353940255,36.80430681761709,908.5025584171599,97.68413362646162
design_000430,upstream_focused,200.0,0.040666737,0.014257501,0.028259026627508607,0.8293784082631653,278974789.26994044,12829381.93073965,4.8204404723725626e-11,4,1,0.45049783391953896,0.6479478618050076,200,False,100.74196386408693,-588.1451509220913,735.2295444528547,373.9829616446892,399.6325746563201,-135.63744321813402,101.16391635837715,-155.8124554003146
design_000347,longitudinal_stratified,200.0,0.04067192,0.011163968,0.09377537570870614,0.7568070843205009,89347179093.63234,19745876.802938912,1.9393400559063492e-13,4,2,0.42505034467285574,0.7366351310828414,200,False,-253.68689882435967,44.69806312137647,13.525896404408101,-114.03940407610824,451.3293733260867,-76.00742358389351,867.0774886716968,284.24790868508893
design_000418,lateral_discriminating,200.0,0.041142352,0.016730249,0.005000000006063749,0.7740118632164857,2.3225507232037325e+17,279772.99273693573,1.2045893764221199e-21,4,4,0.906428973643684,0.17479511716964602,200,False,829.8995301337889,-531.7365204614772,791.1776079594329,-138.71794856730403,663.8076038017349,229.49676438102088,689.3344239813529,525.1407432388506
design_000082,support_random,200.0,0.041149136,0.007046144,0.005112892645161708,0.5064906651302175,2.5675850228281884e+29,224337758.71567285,3.681657832534542e-32,6,7,1.2292281227180981,0.5765067312354479,200,False,1527.1485040402308,306.2092439831928,348.7316435578475,22.058282820538594,81.71761999668391,5.720590254464511,1092.6018623144455,411.9556324996866
design_000403,lateral_discriminating,200.0,0.041163035,0.021981966,0.005877240448643914,0.7657076236196954,14469.925781816492,14425.189539156603,3.2242738060989187e-07,1,0,0.5861035624243407,0.0343983801201991,200,False,321.88748538015307,-525.1255050361133,472.946487258043,-186.4905773134039,101.45453556399207,61.70012830518044,207.77248658515296,574.4054965299953
design_000317,longitudinal_stratified,200.0,0.04117761,0.007879069,0.006353040171792193,0.5738357291114256,5.047006879370276e+25,124806818.33273476,7.352119201677971e-28,5,4,1.1978726897004845,0.6974626122316516,200,False,-108.25494428156233,214.12824843009847,113.4737135744057,-13.605254793459387,365.3381148207813,-163.55523955280054,1449.5434603703723,52.03152268203192
design_000097,support_random,200.0,0.04125433,0.016148124,0.005000233439913942,0.9052911857053115,21080989.960634097,7719250.694550303,2.5515987883600512e-12,4,1,0.720904942215738,0.6402360592887888,200,False,671.9745400708147,221.8174566779615,652.3638935048579,-168.59631640265553,151.74447974942984,-295.2299545108055,233.98245361575988,322.3182517735465
design_000160,support_random,200.0,0.041392077,0.007165792,0.0050022095783102405,0.8245063091592191,1835303114193054.5,25713820.56937602,8.89925300717913e-18,4,4,1.0353203571560794,0.2923715759708992,200,False,602.1621003239677,429.4882958203771,-299.1401198542801,-377.1754531827313,1061.3934148809183,338.17149128835996,-68.93049962524552,-17.211054904099917
design_000334,longitudinal_stratified,200.0,0.041448444,0.017104315,0.018057822075396884,0.8247291784956214,107820660792.49876,22994286.55521658,2.1330967821969286e-13,4,1,0.4745348396958048,0.6347266799463724,200,False,15.529189699217511,76.67411504461947,273.3846014538045,-414.4835770976506,589.1328004700922,446.2677176275811,860.4015198952414,244.1987417296348
design_000023,support_random,200.0,0.041457288,0.010155157,0.01178401034057031,0.7718743859646392,14023865.22385532,11218002.50141828,3.998057856399635e-09,3,0,0.5576644811938616,0.7478757271614725,200,False,53.50298039503217,135.78938846991844,271.74353035940015,384.4563717881964,525.3705214323088,341.6809327136274,13.717373605350012,-250.38185502111025
design_000275,longitudinal_stratified,200.0,0.04158747,0.010888502,0.005000009608109788,0.6962652332238837,73506487672.3717,30182138.848444622,2.419215929777268e-13,4,2,0.5043744328786469,0.44178106849322285,200,False,-281.77470107198343,-170.23886343265542,175.46514374443808,136.52413774738966,604.7183752801704,-355.365263735882,878.5401671551873,156.63825376546194
design_000075,support_random,200.0,0.042049184,0.010029587,0.0050009049450058605,0.8335488307611335,87876180553225.25,29426765.98769701,3.3486633871060263e-16,4,2,0.7756994587620496,0.6675736325276637,200,False,-101.35588145466033,46.18366438685725,481.56612759956533,392.1676756756484,1050.7607962282316,154.59483668434586,-69.86515335935053,-480.31264790112846
design_000439,upstream_focused,200.0,0.042082082,0.019044636,0.014807374386504878,0.9171297198342266,848384576.1251775,1165052.4402206272,1.3751470636007887e-12,4,1,0.3811183663979914,0.19786230421307474,200,False,-321.9570820199065,-530.80704116668,782.3880688207255,382.3683767872909,381.57077415951176,291.0312762201438,423.87414874863134,-370.1148229226119
design_000279,longitudinal_stratified,200.0,0.042267103,0.007500014,0.005118559789082579,0.7874168285140982,8.97312805954002e+20,251458359.9289041,3.678379257878655e-23,5,6,1.0685632853513298,0.5391110459272681,200,False,-39.6469460061338,-154.34556739415672,171.30173265626007,227.2946141951373,636.6806531327045,439.340053802459,1216.1337599685871,438.51686143706513
design_000163,support_random,200.0,0.042372383,0.011964175,0.005000594014890008,0.8100607005834466,3273530222230.407,18294452.19667968,2.124217841392105e-15,4,3,0.7426514532843346,0.4339545186693254,200,False,970.481355846634,235.60904493543714,538.1499710285215,-468.72392003609247,480.1585283530012,354.2916422179801,183.93866355370622,167.89682524790837
design_000394,lateral_discriminating,200.0,0.04278026,0.012496655,0.005001788412959982,0.9483381724050598,433605266238272.44,85219043.17467085,4.982348117695489e-18,6,5,1.1100058231023437,0.2747262993665387,200,False,1024.673663437361,-688.1938608478689,876.2643306910701,-52.68912896474947,759.0312587396471,213.78201422579605,913.2541428016757,547.2076649208476
design_000303,longitudinal_stratified,200.0,0.042790834,0.006459447,0.005010456363675141,0.5336353427435285,2.246528978836993e+25,79770425.63348901,5.119682304978283e-28,5,6,1.0816818543199571,0.5501973905843882,200,False,-139.90478985532738,-455.50353846973337,177.1655793835906,-80.93561515805078,562.0865619081056,393.2313426144277,1457.054516690364,2.463844377257743
design_000099,support_random,200.0,0.042795047,0.013992692,0.04682773274698936,0.8176055088413443,35647636210.18663,33154989.067483526,9.309412051135774e-13,4,1,0.35288655142039227,0.6881484521771372,200,False,677.283590431828,-337.96136018518825,-279.0182782551866,226.60017626452122,58.42053160704447,-173.0076134803287,844.3790291828938,331.86350501299586
design_000397,lateral_discriminating,200.0,0.042814236,0.017467724,0.0050461607027965484,0.6358509800666243,860824296.6024802,16587090.55566033,9.978062415098415e-15,5,4,1.1902214226805738,0.35322377090275653,200,False,439.01630836799893,-537.7276096737954,537.6338105163811,-182.53897021816513,554.3973460919858,181.4282505900715,902.3481126488516,541.9755936448172
design_000276,longitudinal_stratified,200.0,0.042902738,0.006228448,0.005007050869788709,0.5796649905919363,8.121467740974168e+25,246965152.16075101,3.4105803133015635e-28,5,5,0.8935311565524199,0.4526030125450865,200,False,-54.364036659017124,-368.66483820054975,405.2690040335438,-131.1426717465523,709.2449854028666,338.8586702770793,1451.8663028961032,101.93188788892482
design_000412,lateral_discriminating,200.0,0.04302872,0.020908227,0.00989568717590037,0.5692326494096099,131506904460.3866,7366630.750168518,5.602019498891562e-14,5,3,0.9044013001328262,0.21039330096365738,200,False,531.5453418672323,-566.8978180652118,695.2125992106527,-140.03415291564409,656.2721576558487,270.5526263132742,763.7642973899976,575.2604676866446
design_000388,lateral_discriminating,200.0,0.043094598,0.024216548,0.00762482005382965,0.6493282451552781,37060854548.030334,53025595.5852469,1.7982748719851252e-13,3,2,0.784610507271935,0.11617833464693325,200,False,600.6996664665662,-537.7569659504006,655.1091315369363,-151.009914078088,567.6584457865717,128.33980783341866,243.05084584784916,555.1174954105763
design_000080,support_random,200.0,0.043132514,0.0100385975,0.024083341087601764,0.7981624752788283,2579590.90235283,2253252.414562303,6.904645020015665e-09,3,0,0.5085783470271857,0.5790998145015815,200,False,593.2798644902313,361.18109716281356,-80.38165133756564,-474.5417988882787,167.55933713567495,175.36139423440102,15.680472526869323,-53.377040925968245
design_000109,support_random,200.0,0.043137185,0.016899496,0.01703036759279999,0.37708155694771306,1.459703745101847e+299,145970375.55668858,-3.185842511474036e-19,7,7,0.7694079144102559,0.19906393157417845,200,False,156.3690722859853,285.57568774472,1621.2002791415887,-19.29087601261038,192.13517140723582,-511.15173756061336,1491.9688448818986,245.24764418634183
design_000216,support_random,200.0,0.043172225,0.007886457,0.005062189773784174,0.6709057229186272,7.192781984965477e+298,106016165.20218778,-8.587607536451506e-19,5,5,1.2582107448937718,0.7188144215245081,200,False,520.0520758159645,179.78145994183757,1276.6655593952084,193.87601217529402,135.26474410132448,91.66361422942292,26.937949164558333,-171.6351398605406
design_000399,lateral_discriminating,200.0,0.043190617,0.017073518,0.0050000100737807645,0.5426647773933254,387450.33517582924,1886.1954951498562,1.4682932691565456e-13,3,2,0.8777412772545525,0.08516681320401509,200,False,476.8354721383042,-611.9573036835864,889.3029441251143,-180.00284996685252,801.2123591867131,105.8362440191858,637.1970026341546,552.8028101994444
design_000073,support_random,200.0,0.043199733,0.021175805,0.03975839997283009,0.8797122496972011,47901538261.54852,6628748.923162677,3.2187479164955623e-14,3,1,0.2768388134067216,0.37544855216273987,200,False,860.8042544855882,194.06595248519466,390.2708733244639,384.39034150932895,-404.37887619328376,-452.4650398497271,306.58630099307493,30.351857380103475
design_000447,upstream_focused,200.0,0.043715585,0.023937352,0.013959879722052202,0.9525847311284592,37932737.77793861,2076262.186564923,5.7904775980393e-11,4,1,0.46220561395737486,0.3744639085912873,200,False,193.14022533654213,385.4733079063694,357.049545138031,-351.9700331494672,505.65444332713093,52.37024705081717,712.9662793738419,228.20939965734453
design_000194,support_random,200.0,0.04377245,0.01962392,0.012177792881735656,0.9287572222088825,556949.6840279173,551653.8981493204,1.0416827847568941e-07,1,0,0.3316661938182656,0.22589985249900735,200,False,151.32631054711527,-546.554891507986,-200.4479015210262,163.33408888701535,-103.61357989601395,-598.7049991267716,132.43511981912042,171.26997802622256
design_000092,support_random,200.0,0.0437923,0.015872266,0.0050001323385691545,0.8132964672524768,494336673197.27795,16258050.154027527,5.252498932995937e-15,4,3,0.47574117563223284,0.3503051039079736,200,False,-530.0876927490625,-52.12893809976965,948.4442164152802,99.0169645155458,204.89274514123372,-16.715651266765732,628.0073168981766,-455.8512053455652
design_000057,support_random,200.0,0.04390295,0.013082887,0.005200709767066347,0.9020487343665227,7.681642039427253e+25,181908426.4877592,2.8603800834903085e-28,6,5,0.5557853326734036,0.3427758854264767,200,False,1390.4594096366072,262.44767812726536,66.18884678900297,216.5215554599305,932.1701988680031,224.28854038729156,398.33543754755556,-103.7627558578207
design_000257,longitudinal_stratified,200.0,0.043938648,0.007330859,0.009075234759658093,0.6494198653298743,5.957485026581825e+30,98755014.79550193,2.9867417219496563e-33,6,5,1.0874500913803216,0.7001229645075031,200,False,-173.75207892293636,-410.40816992279224,183.86074449559618,-5.532567268507554,452.4630514468944,-185.35994224704757,1617.239864169715,-82.02448253316561
design_000310,longitudinal_stratified,200.0,0.04398782,0.007439412,0.005042437700993528,0.7362081162980815,8.105217761121561e+20,49237438.07255964,2.4053251285131983e-23,5,5,1.0480017815165938,0.4421940721954594,200,False,-187.9058918866091,-470.12833191944895,125.98932339701521,107.27407110663478,671.3841595507766,328.8452789169013,1341.153804137063,-108.019071155484
design_000304,longitudinal_stratified,200.0,0.044006117,0.008285457,0.006841832295941361,0.6682492898624132,3.4371362772943053e+30,83294257.15655686,4.6526060983976025e-33,6,5,1.1594945919611679,0.3312959068676602,200,False,-151.91908782700972,10.666758372471921,229.807978024028,-332.2410650138755,272.8778552913492,168.79135519066102,1607.92295029851,-71.67039639363625
design_000289,longitudinal_stratified,200.0,0.044378232,0.006728621,0.005001478334039687,0.6184007560782196,1.324312825934321e+26,58730313.50447903,2.0296586368613217e-28,6,7,1.5050337395654745,0.6576796107765068,200,False,32.68964221787839,107.84483144828296,128.76422422798368,-491.5027887391186,365.56982692036166,204.62949545728355,1498.0015992042297,-16.64798250478058
design_000500,uniform_control,200.0,0.04453598,0.006104589,0.005010880726716142,0.565778523411598,1.9019822609225098e+23,17185075.896106273,5.145903878391344e-26,6,5,1.1006186473657251,0.6159286193581412,200,False,69.32694596221631,-87.57652465352544,790.4352167877764,90.3600941064251,1480.7172181619876,188.14140703118937,-516.3822662371955,-29.278069430191977
design_000032,support_random,200.0,0.045137282,0.006583753,0.005016617288299177,0.8661903132453731,1.8022051987201191e+298,86666181.13829803,-2.068323071738019e-26,6,6,0.9509947815800138,0.3350993865783399,200,False,180.3226817089893,-116.38195083388626,807.4816827983761,348.260238636861,1432.3546210409954,308.42555651779014,320.22198912626163,292.0876806983081
design_000177,support_random,200.0,0.04514669,0.012650415,0.005017978354806291,0.74594952091944,1.797378187458067e+20,13129929.670783069,5.0842266374026497e-23,5,6,1.472823855514319,0.5940852839543542,200,False,1280.5981063055417,266.7503955885036,161.29020408780417,-158.2707936121292,-360.8743652220249,-480.470029318762,250.984354704093,106.86106968059572
design_000132,support_random,200.0,0.04516619,0.020251937,0.005040384705665522,0.8930773097705046,3.9012698251097083e+18,197971110.32779717,1.5720725292356895e-22,5,6,0.7135881121793137,0.5129515865690323,200,False,900.9500135702575,134.9051062348979,605.2475676468209,57.64533908206678,313.9530225371418,36.044105176020004,1189.6728008613843,199.1984374316438
design_000196,support_random,200.0,0.04523297,0.012992165,0.005057136381791205,0.8672058399314874,1.1665374746934582e+28,136829533.9117693,3.2479034930738136e-30,6,5,0.7643286906336918,0.5779386552196932,200,False,1533.5263751856262,-216.6676773831087,-90.23317202818993,163.84209494090354,831.7128467475833,186.9293903446848,432.99570190956194,318.6936373940111
design_000457,upstream_focused,200.0,0.045376483,0.023031525,0.006021265843955406,0.6579961690992012,412479811060.5322,9248249.896707766,2.242159739519065e-14,3,1,0.5771512678794504,0.3160494894584611,200,False,578.2432927758215,345.4145888897651,613.074524529162,33.03509318908618,743.1370880531736,-223.14897283826195,499.13072923772756,-486.5913958177397
design_000153,support_random,200.0,0.045428388,0.007535194,0.005028180886348836,0.5584258558089574,2.2818032229139555e+299,228180325.83337733,-1.114023205357936e-17,5,5,0.9151291358951246,0.35688982912975886,200,False,370.709474465653,-438.02592028350136,1572.4459822068209,-13.006207269909652,-24.992458073134607,-219.09588721733954,757.419135161867,239.19708311051252
design_000165,support_random,200.0,0.04544364,0.006299263,0.005012727119192416,0.6779171875220927,4.531604186819932e+32,213865967.4507573,6.54536484272203e-35,6,6,0.6522339095036567,0.40929992324327147,200,False,1626.3440655011618,267.2767961483214,980.8666581207777,338.6516167707198,-92.01990446665906,-143.01157918370436,160.97228898268676,317.3708782515695
design_000155,support_random,200.0,0.045650333,0.020455154,0.010893455677021081,0.773818743418998,4182656378122.554,28468244.120602738,3.867865361058296e-15,4,3,0.5572767740235689,0.39392044719037067,200,False,676.6478440575222,34.759961080110514,462.12924613473507,-373.4510713876299,60.810378512175646,65.13109751317143,976.2180492975422,153.48258738113557
design_000205,support_random,200.0,0.045796636,0.013487294,0.006505919082588902,0.734876913300724,2.3493550365884445e+21,133114427.01216471,4.373763001629539e-24,6,5,0.7910377126716955,0.7296583473235638,200,False,1297.963156542859,262.13397847378343,798.02972259143,49.53805907021436,641.1548135214219,-337.1274959934513,135.7734909125428,-167.4696576930724
design_000309,longitudinal_stratified,200.0,0.045877784,0.008895857,0.005683309257937737,0.40003914771531957,1.0980408614175187e+28,44355934.37385967,1.1302092842982475e-30,7,5,1.2953346647743884,0.6755771809224733,200,False,16.47761945101037,-1.0357730708534056,298.5408255359648,-460.123776553693,513.1154810278331,44.67424966250543,1462.3609285449222,559.7199085479718
design_000285,longitudinal_stratified,200.0,0.045910854,0.0072077196,0.006759392509400779,0.5568191166611887,1.5060524729453954e+27,127061671.50207756,2.542598122894054e-29,5,5,1.2973043410109348,0.6932487339993844,200,False,-149.96633896840422,-330.64745425224805,174.79330299428068,208.12124795288653,460.28583240815783,-295.04566524122816,1487.9706739088083,181.68673705270265
design_000259,longitudinal_stratified,200.0,0.0460077,0.007858625,0.005060563724215626,0.5687242673515812,2.294050316859937e+29,104641346.47373982,2.1915639002750902e-32,6,5,1.274133194856251,0.3132091494121527,200,False,-309.7551105278745,-39.31135579155049,222.44852443695424,184.26969676554918,304.28857363279405,-256.5165600658491,1574.809038692853,118.58204130774773
design_000370,lateral_discriminating,200.0,0.046009533,0.019388935,0.0050172048125530855,0.5813585799129783,25984895.951017816,2126312.042428929,1.5300132108314051e-12,5,4,1.0134118568041341,0.43879094454340234,200,False,521.9550528596473,-589.3341129179129,776.4720485184884,-120.10287198479702,605.2591925778102,202.09018698681498,775.7188573215608,580.4722887519662
design_000359,lateral_discriminating,200.0,0.04623824,0.02611697,0.009953193457347737,0.6479235888085346,7734136.350385104,7008302.180898384,9.655512891952126e-09,2,0,0.4940544761976622,0.20456584147784387,200,False,421.45244548066205,-536.7571297353046,600.2646094193276,-97.52192946330743,416.63867136505206,109.65784282717482,505.44449392407375,562.1542439183839
design_000016,support_random,200.0,0.046442766,0.021627486,0.04308621629473393,0.5700621498405608,168033181027336.6,56130862.600327775,2.461014259110397e-16,3,2,0.4889961370554438,0.15051894309448255,200,False,-75.68066917090515,154.43560322382152,1078.909021161489,-207.12831140927096,431.81133561245207,-705.2086917550665,183.81431092785988,303.9366880636362
design_000408,lateral_discriminating,200.0,0.04662703,0.022864034,0.005000178575244251,0.6551033670365229,3089825.6983350543,130013.19218081809,8.350803214606047e-12,3,2,0.46413365704983106,0.27194918100953436,200,False,512.4418458705987,-525.337506226456,861.6108259840539,-144.03618613013492,465.3029015628187,187.94468940334505,534.6755101001752,602.7231009364968
design_000122,support_random,200.0,0.04663137,0.01135501,0.005170157623406652,0.7563842294346342,4850516550735.962,38367139.196116336,7.909679923833593e-15,4,2,0.6042758182466774,0.7499924163740436,200,False,-318.7194660934855,-279.9256097945479,947.3033536334351,264.2016289923316,522.4514368588607,-270.7002744693723,13.564088304971165,-202.00915336991773
design_000087,support_random,200.0,0.046650384,0.00710933,0.005023703553953139,0.6148893082736356,1.0738878159439212e+30,211566902.3437829,3.0916174211927966e-33,6,7,1.0790769022777134,0.648404468852706,200,False,1586.7529963126347,139.53739235448253,768.1088309950137,430.05572482177257,205.75770337996977,37.05527969519568,529.6829018508529,93.65188404728615
design_000126,support_random,200.0,0.046746653,0.009196094,0.005000243670608928,0.6797881137541285,476036726.71030897,28761263.347504098,5.582925257706468e-11,4,2,0.6710253097926234,0.7532469553504636,200,False,506.8940057435277,-53.85307744396495,-128.91942726572978,-182.2253240784641,728.8875675137255,149.5746523597398,722.0221901718744,-424.5410521407205
design_000340,longitudinal_stratified,200.0,0.046830747,0.011363904,0.011593768090193144,0.5667202567046864,7325921073003844.0,247802036.89790547,3.9436114668868495e-18,4,5,0.7474889969568079,0.7388135251394183,200,False,-96.61883681939986,-156.32881124399924,198.61521761865035,-93.91376187614073,643.6560948881964,-102.73443555313474,1092.8308601936883,94.80052081310293
design_000337,longitudinal_stratified,200.0,0.04704077,0.015991608,0.0719854349720881,0.7021924547678831,254625988.4547143,18687663.869802937,7.920571150397177e-11,4,1,0.4099945740339941,0.596876675182181,200,False,-224.40570298812844,-340.52405977387855,238.30924575698737,-43.351295347781665,512.466978253524,-132.19124401869618,760.8998939064733,188.6253274205436
design_000416,lateral_discriminating,200.0,0.047252923,0.020523991,0.006523628623980511,0.6176738034834979,11180331.14275824,6313664.002867026,3.527531502252072e-13,5,2,0.8127658188576795,0.27319320540115777,200,False,475.07413370807467,-549.548571447563,622.0935544331263,-211.46943943490686,531.9280041916095,272.6835084393272,815.0733039263037,530.1488716670527
design_000017,support_random,200.0,0.04725721,0.0070525175,0.005013173001839826,0.7027758249932815,2.6514330096867717e+298,26514331.110224586,-5.037604598003059e-19,5,5,1.327766691673381,0.7086932613787802,200,False,183.8552691569037,-46.20808190012461,1270.251410054752,240.79053477895505,324.69799055417207,229.1971029016826,-208.8118589287703,-221.77791781017294
design_000158,support_random,200.0,0.047290932,0.009997275,0.005842563754990344,0.7111511410130803,1.4963389769889382e+298,46115267.40242888,-2.7106596777725424e-20,7,5,0.9473722541920939,0.47854763505025194,200,False,1140.8561013454942,-1.3871024242197691,1324.6499523950135,376.7569061340759,69.84652871514393,60.42714798497962,352.88299332762904,233.80423806244144
design_000189,support_random,200.0,0.047447085,0.026866252,0.010435528406528971,0.9753399044418906,2723330.5582609586,2387371.84696531,7.106143602463076e-09,2,0,0.511581714199823,0.21040344250828463,200,False,-284.5728947951063,325.7261270795903,472.97236165594603,178.343677741718,503.18576443506356,-193.65361637983892,-285.2189468570282,-522.7447877424149
design_000398,lateral_discriminating,200.0,0.04749183,0.019675057,0.0077608805473688884,0.6693884934677773,9152541.499420594,1710775.6954340483,1.0150778673141173e-11,5,1,0.7306659108573271,0.6760805951076206,200,False,479.1795657250576,-551.5797868028845,422.80095811872076,-191.47078763228689,510.95286410634867,222.37940431478285,737.4632447131866,557.5184080055317
design_000433,upstream_focused,200.0,0.04759697,0.024982499,0.0076103465394216805,0.7577909513192718,863136.7309846538,847412.1915531523,5.389100235619683e-08,2,0,0.5791699438420418,0.4031920300041971,200,False,-330.61221234070047,452.80384415794106,138.07170531201808,-381.3632608469784,497.02740613062485,339.31280097825174,473.6937778006984,19.150999826744396
design_000247,longitudinal_stratified,200.0,0.047683477,0.008421119,0.005000000649584228,0.5214047564586073,6.197512099615057e+27,36783097.77771919,1.9558848871476869e-31,6,5,1.2691969225907496,0.7277492832550472,200,False,12.722852919580042,258.3358203041598,133.88579091609415,-176.449934760344,499.9952821623815,-10.104035689544688,1482.2670263286589,360.64671198828046
design_000001,manual,200.0,0.047747683,0.022795098,0.005001287023506323,0.836502019121313,5841217396.834096,14480927.516207034,4.770118343277334e-16,3,2,0.9315340679559039,0.44415554060186535,200,False,250.0,-500.0,250.0,-150.0,250.0,200.0,250.0,550.0
design_000387,lateral_discriminating,200.0,0.047761638,0.018223798,0.005000885793823768,0.5884013987927073,4191028245916173.0,2976142.5686158724,3.429063267545819e-22,4,3,0.9579052053293831,0.2525344410234297,200,False,674.0339821737629,-632.7855762623428,842.5111499408767,-140.419777674001,663.6664347422727,243.5026433082589,592.6775962050305,643.746747582924
design_000364,lateral_discriminating,200.0,0.047813307,0.016950916,0.005354138416188048,0.9076061943481332,896145077144.492,22728527.58058091,2.076311156575442e-18,4,5,0.7849714085174587,0.4926396530205676,200,False,1059.9807932762362,-588.7547370049332,845.8304686181303,-213.08540712902894,609.2306415540913,67.14043332451855,742.4949449526979,569.8303659493415
design_000344,longitudinal_stratified,200.0,0.047967196,0.022489443,0.02089693057809401,0.880094918193927,255640735266.58066,8600936.727008894,8.973959404591617e-15,3,2,0.5505477681449065,0.13540044454707797,200,False,-422.88845763800487,-594.2671557424115,313.71307191641824,-529.0524759831086,267.58380299023503,-228.8082338581546,991.1889575200834,111.60624215962784
design_000374,lateral_discriminating,200.0,0.048023593,0.024130298,0.05334608059726362,0.5760419759297679,302350.91959377535,277909.95226228103,1.1370620012415436e-08,3,0,0.36867200126946464,0.31758529622671117,200,False,494.49292707109424,-555.6808064222007,340.429423759868,-149.33889534398736,235.98036837553445,209.51078660532605,546.35944097457,545.0390758933131
design_000022,support_random,200.0,0.048223466,0.010695509,0.005000091984641772,0.7666128353898405,495893922.2499609,43176689.06740984,9.456523965998906e-12,6,2,1.189690463701776,0.5044341193158786,200,False,784.8126427557736,126.79706106873621,-65.36443414047895,-601.8732709811113,-110.17729362375351,-304.27389458847426,-283.2073038640264,76.53900465843702
design_000328,longitudinal_stratified,200.0,0.048399378,0.0067188977,0.005074999710532105,0.5046125520125707,1.1429781298472718e+22,17044267.514660437,1.3069177980896004e-24,5,5,1.3799326154765124,0.7460913481138647,200,False,-469.5080761516906,-552.2576923947602,-26.508630607130897,8.74508492496581,316.2373610952224,288.50876152772025,1354.872882381226,178.01954517829574
design_000048,support_random,200.0,0.048440237,0.02089586,0.005000804514352853,0.9456381106305204,6363211065.515173,16177998.623387132,2.5489070961008372e-12,3,2,0.8193656092426673,0.5611361885690702,200,False,-194.1204141411044,-630.1862336039336,480.2081443728431,51.95483360121999,150.5333145539323,212.99889491496123,131.92894126752384,-592.7913556574222
design_000059,support_random,200.0,0.048563644,0.0076585775,0.005090088449460137,0.609798201758535,1.9788411102739873e+298,85242844.08913384,-2.441670285660941e-20,5,5,1.165178796567645,0.7865046598301367,200,False,-34.764307789612545,-42.72575031244111,1338.7391790949816,277.60014743467553,388.61398767342035,-381.2311203771076,626.5431671043402,119.45349615834203
design_000405,lateral_discriminating,200.0,0.04860573,0.011840371,0.005154142420260359,0.965895152598156,537334547317.72784,5845042.483897716,2.3820676088632593e-21,6,5,0.907393382858907,0.3043054528206939,200,False,1198.0445781496833,-517.3383218489806,768.3278716111563,-196.67560511187236,809.5724511907786,176.40760306742877,928.8895822538371,560.0558128891996
design_000172,support_random,200.0,0.04861741,0.008162364,0.005572186036574319,0.4982049239843552,3.466875584643677e+34,221212046.5992107,6.533752581351342e-37,6,5,1.160248088036672,0.5722690290538424,200,False,106.19658659129522,-143.19257883437223,158.9839100175834,247.98125129453717,-375.79082528781214,178.47983108723741,1711.5917902616068,-13.411837795817817
design_000125,support_random,200.0,0.048672307,0.014626925,0.00772892072442079,0.7422493869674327,28421974834.377613,218496508.9412392,7.747147547548413e-12,4,1,0.7905457634349794,0.7926588029750817,200,False,193.14528546271555,-150.93742180272955,688.1889439541947,460.19271497782313,-55.62399109747666,-321.0084169214523,606.37764681063,216.93221222172895
design_000248,longitudinal_stratified,200.0,0.048743226,0.018751476,0.0050514216105846076,0.9295420483024044,718716497957.7781,59472322.428483725,4.8756154557265597e-14,5,2,0.9256097615710136,0.7277131524213526,200,False,-24.403384033114015,218.24461654222335,321.6254516756304,211.47965087608463,608.7667501617294,61.72670915043562,869.2735549612502,366.7207412954454
design_000040,support_random,200.0,0.048817217,0.015814655,0.005005927318996933,0.9475901091402497,3889356139.082672,32101777.838962976,8.322442295097253e-12,4,1,0.5955314609431133,0.5990948046300149,200,False,356.3222413195185,-26.359567016707594,-93.22039723858032,-696.715109184339,779.44607047922,271.1947431575731,-91.67202653140109,261.52371667996124
design_000068,support_random,200.0,0.048897672,0.0075618536,0.005054142522445468,0.6523726243465912,3.0673995697213343e+298,30673996.95398962,-8.371138458089485e-18,6,4,1.240588618650574,0.7302235420380131,200,False,545.1261509617154,-2.5652649403006365,1368.8918333365923,452.11978630035196,-284.1045050174538,9.407174260141218,267.0440813752943,79.90861010344568
design_000169,support_random,200.0,0.04898666,0.018644178,0.012442414992202172,0.6138767249980429,2.123827870011585e+298,259481920.28547627,-3.3747466364064488e-18,6,6,0.6260585712748308,0.3855869172466398,200,False,638.4671633307859,41.4378773196498,1490.5373898606585,63.5267918721476,930.8758719014394,76.84434771257456,319.90815804807886,-328.40721630692656
design_000385,lateral_discriminating,200.0,0.04900949,0.009322212,0.007514802484941927,0.6830652723584717,1999636015456.7822,34274431.02852391,3.014182176939219e-16,6,4,1.096503746952532,0.3736948055142062,200,False,704.4508191005116,-541.7737963734868,618.1890889149986,-118.50495934490655,686.4019050476386,248.66643707596282,956.4410963533455,554.1614173720379
design_000379,lateral_discriminating,200.0,0.049010966,0.013959108,0.005000013300708228,0.69014362729463,39445412889802.05,82085.88853438338,6.895873617990207e-22,5,3,0.9585263130633713,0.3424081585288627,200,False,800.7162810101772,-550.4449911097153,847.9066336211079,-164.7782866973834,780.3385600368172,136.5695382887506,823.7009044286261,519.0442467433195
design_000482,downstream_focused,200.0,0.049137093,0.00699005,0.005921458227355949,0.767430336646159,1.5109759592250678e+22,55348974.12566381,1.4370757100035967e-32,7,7,1.2889687437060153,0.39135322128955286,200,False,1545.770889009858,297.695263278064,841.6921743737227,34.00374460214505,1267.0760236782442,-231.92689431075667,786.5425313955508,295.3322165156434
design_000054,support_random,200.0,0.049316466,0.013484518,0.005003751914039525,0.9178494628897242,1.0811161376398292e+298,170739251.6361118,-1.5250016442321995e-19,6,5,0.8272752498848331,0.622060549878349,200,False,760.4562661700803,90.19163050067682,1277.8606934706143,393.1307648099181,298.9540304598307,71.6203900860096,280.04219785104834,-233.142764727674
design_000219,support_random,200.0,0.04934314,0.0076226955,0.005002751271197644,0.7975035290562693,6.3483249576788984e+16,93987830.80359402,4.558006812985709e-19,5,4,1.50916017348297,0.7562458850827295,200,False,144.59212128094674,199.04191591980157,-147.28159365616432,-405.6254388005881,614.1196446902383,-245.40743497069667,1092.6843139530297,512.4210990284114
design_000461,upstream_focused,200.0,0.049396764,0.023467248,0.01505351759600332,0.75929824101371,4392615.936717444,4273395.234781064,3.584439753644022e-08,3,0,0.6011026188576905,0.48974601963759806,200,False,-276.5458773617682,-46.92380034043765,640.0982943119105,-67.73875838961908,377.8628487650718,-509.69721049903575,520.0256802214006,259.1626620591452
design_000365,lateral_discriminating,200.0,0.04946964,0.012913841,0.005425368084692972,0.8572915338836471,367908621071.02576,27745346.331258304,7.923079383993004e-15,5,4,0.9562753296319898,0.47263202372937735,200,False,866.6499830546395,-582.4190039629793,274.61139027950514,-127.1817358299884,747.7219431413058,202.54055613648046,876.37555262545,611.5369391807114
design_000343,longitudinal_stratified,200.0,0.049754262,0.0062249,0.005001546096981864,0.564866653117062,1.7420664635008938e+30,11385032.669631315,5.548863994381379e-34,5,4,1.3588672151723629,0.551157316937252,200,False,-35.04762777520074,-647.8830121496143,1.6028247009756171,-60.91650164678198,364.2134650079346,-133.66801530204907,1354.8653605344198,89.49165392182081
design_000330,longitudinal_stratified,200.0,0.04985713,0.00929443,0.005444172260223282,0.7352891470370398,1.9074119327646242e+26,47071778.60355135,2.4678349125836176e-28,6,7,1.560510499185403,0.7525014169752323,200,False,-74.90743334377768,56.242616267009936,7.354530266933011,-206.5889823005324,419.3361240568445,233.70124304030662,1475.441851954985,-212.11821272667467
design_000363,lateral_discriminating,200.0,0.049936008,0.025009466,0.009923961631993296,0.912166583318735,1609237748.4283571,19604484.81078073,1.2332708593531956e-11,2,1,0.6168511019851262,0.18714320764080483,200,False,100.65062229039002,-598.1041451590611,397.03680192935053,-155.96967822648713,339.84822554168136,209.22445897865,239.91974925205727,601.1318755281658
design_000498,uniform_control,200.0,0.0500001,0.015931528,0.006342751183579306,0.7911338792819218,1.6128271270587073e+24,92304793.28155915,2.3576428875647813e-26,6,5,0.6693877921511592,0.2343501873890029,200,False,-33.4492171836589,-286.8956291741423,-149.5966106607347,687.1067978327346,1320.2504980039505,300.7745933156384,1067.6568395078023,257.55232584900773
design_000254,longitudinal_stratified,200.0,0.05019826,0.00938628,0.005136644169480967,0.7035248234337454,2.6574147028522944e+47,160989264.8510945,9.251647715579262e-51,8,7,1.095463470319899,0.3280666476385848,200,False,-3.012392845097068,29.004917049388617,182.33115139395082,-391.4646717456191,366.99929893145486,-36.51585399173192,1903.7910091968372,222.00209324937998
design_000107,support_random,200.0,0.05025557,0.006367082,0.005068331832159755,0.5610426307432403,2.584259327774196e+298,25842594.277741957,-5.483114225268184e-26,5,5,1.329536556548621,0.7541882130936757,200,False,289.070011274626,247.35033053223754,-92.69786444594574,-535.7420536308284,1499.1693128198328,73.18287871974717,629.6899083442147,58.61285509415745
design_000211,support_random,200.0,0.050313216,0.0073425123,0.0050028734276919146,0.7453749085366691,6.936004229407095e+16,32106720.195004802,2.167882279277182e-19,5,5,1.463245555073897,0.756758814222518,200,False,74.14516674148159,-58.23895064751612,1253.4355686778329,364.5918349344756,-93.7697777640851,-514.4213027008616,348.54114394732295,385.76179223845907
design_000114,support_random,200.0,0.05045399,0.0112318825,0.005003021461956294,0.8952458187361065,6.824206824671535e+17,62307258.41023357,2.811698657549909e-21,5,4,1.09799466660258,0.5124153081500872,200,False,1197.332655573754,454.29298539377265,319.89419394797994,-266.24693041880715,-392.8050020429355,-445.52036837896003,682.4791528926289,162.15579241247798
design_000251,longitudinal_stratified,200.0,0.05048805,0.007755544,0.005019494278577775,0.7053454549748757,2.8858102403561077e+21,22479782.793177698,4.419641024035658e-24,5,5,1.3740252753946103,0.7022157758263914,200,False,-49.88499779949579,-30.641900873624515,182.66391002069798,-367.3281151496363,579.0660904073804,-289.5000189366087,1301.3561839106458,318.11026425667654
design_000406,lateral_discriminating,200.0,0.050525177,0.02631548,0.005000131461139619,0.7134045720869236,56640.16606257241,11579.169069434973,5.2139526761995405e-11,2,1,0.7502681210672811,0.20535358123370323,200,False,401.3710923525562,-504.9307923544993,526.3927446775868,-238.31957423661555,242.0587686834386,179.5075063238905,408.7059928442781,508.8756135163704
design_000207,support_random,200.0,0.050642066,0.0065629836,0.005424727589594823,0.28807568824157953,1.0194607372156511e+299,101946074.72156528,-1.7570927913290908e-24,8,7,1.1047565637746068,0.489723776986399,200,False,116.82942623940622,-218.99304639101683,1690.1157913013096,240.07909469530466,1526.8795042878126,586.8802138281565,378.47502013107083,-195.33429914981073
design_000167,support_random,200.0,0.050810408,0.019858135,0.03649226942936689,0.7943609056143117,4.56695133504519e+18,92487217.81018955,2.0335533544997694e-21,5,4,0.4688445330063099,0.4803336057667008,200,False,-169.35182414874316,-464.9844498265787,1298.1452405374143,131.03037327659337,388.22113032634394,-215.9412568944557,855.0272608218378,143.493677574436
design_000204,support_random,200.0,0.05081476,0.015663916,0.005552550795346808,0.8626119687583048,57098320733304.83,41041759.76426892,7.187915115128462e-16,6,4,0.6680444322063469,0.3753239331335886,200,False,925.0268981252244,54.06360626766437,-267.0729173975523,-237.26739957627552,940.2259916261837,492.24612892829686,-154.42406616005815,286.51601574192955
design_000437,upstream_focused,200.0,0.050855797,0.026044771,0.00699025239224121,0.6839328256226657,11156553.717951447,3693996.092669342,4.950038952000319e-10,2,0,0.4304431427176305,0.19325980774649085,200,False,364.69331698695953,507.5275336762945,614.6361513159142,-526.370947376097,-137.70450671568307,452.4337036943298,316.01190234164324,-446.5543310056366
design_000002,manual,200.0,0.05087592,0.0127469925,0.005125779524667112,0.8596494043366406,553508889.0290698,25809735.050240085,1.3403791728758556e-13,5,4,0.8835257766021621,0.07144116112660434,200,False,850.0,-550.0,850.0,-200.0,850.0,150.0,850.0,500.0
design_000145,support_random,200.0,0.051038116,0.008914274,0.005000002609779453,0.6895252479008617,5.6449528914665206e+38,71820377.0546336,5.192908032311048e-41,7,6,1.1683582479289005,0.3760677412523237,200,False,1797.6116461970355,259.93171828889353,-131.5957479454368,-49.80132489298265,232.23682884540796,-295.62399932789873,41.993400794069714,230.47697717211423
design_000471,downstream_focused,200.0,0.051099747,0.012905497,0.005000000001320464,0.9016023470690899,6425821008697.143,9341876.5053701,5.486246449056225e-26,7,4,0.9061668685080099,0.18608479557109323,200,False,1205.244523552528,480.64315255479323,1201.0842972711807,-257.66411347602286,978.1864857779224,-53.396441166817,771.8095944963909,282.3090775506498
design_000019,support_random,200.0,0.051474635,0.0077678156,0.0050014235588434165,0.9109979967234584,1.7708660035556982e+17,27099693.31634033,1.5203217954608808e-19,5,3,0.8487502565391707,0.7624801829596795,200,False,-188.21385784601227,139.02263276526662,734.8707195946488,500.25656880907974,450.57975390671095,321.3636949139103,1030.1921578940926,533.1946804539684
design_000060,support_random,200.0,0.05156793,0.017819965,0.005778161418010818,0.6907385662397871,2.354861867513632e+298,57751309.71098743,-7.284788059242269e-20,5,5,1.070357024071072,0.544384491352692,200,False,64.52145695386295,185.15022382959333,1318.17313828814,294.94916941757214,376.43332022541097,-407.64698800538224,-448.6059384294291,46.66955806589266
design_000025,support_random,200.0,0.05204417,0.0071133105,0.02811122422982945,0.7078462625799536,1.0532640407942154e+299,149394395.15434524,-1.0131312810110919e-18,8,7,0.6431340526646476,0.6986903684227929,200,False,629.2577132783737,285.62333231936316,23.944361449357466,-214.19281781938454,1852.7617392747625,-301.2422649777002,231.42167572550855,-26.136998835508997
design_000264,longitudinal_stratified,200.0,0.052304108,0.0070735207,0.005003419827572848,0.8116594901418398,2.5035469955232928e+17,52227262.377900235,4.283583341557655e-20,5,5,1.33034837534975,0.7531977120671888,200,False,-246.24565020248144,-53.74369385142641,157.75101603164183,-277.4620847195684,341.5884265522477,294.26933065557034,1122.5656362001275,394.64744490468223
design_000300,longitudinal_stratified,200.0,0.052355014,0.007113674,0.0051219064195869735,0.4797360730627846,1.333417775896068e+27,60256238.68954971,6.418369571694471e-30,6,6,1.5043033423293182,0.48023376869055856,200,False,-254.85925310326786,-435.0531248357861,207.7703799181399,-13.616095661044135,289.369606448411,485.1791885171437,1434.0553932157645,518.044902764048
design_000354,lateral_discriminating,200.0,0.05242462,0.023721017,0.005205296491968784,0.5263985602279861,2647399475.5520577,25126202.722076856,9.581839536868876e-12,3,1,0.9400578608838949,0.15035543581400493,200,False,458.43184283802293,-558.9627022848354,503.0040147217681,-227.00185716498322,498.61338611042794,225.11496544105233,619.7964761260183,666.2677547077842
design_000454,upstream_focused,200.0,0.05249901,0.027235007,0.00812993814330234,0.7494026358330282,940327.3208318623,878775.699590836,2.9978209570618024e-09,2,0,0.403070871638049,0.1583744005454596,200,False,432.8341133703775,171.74078587099973,136.23497975939108,568.5828278343968,-163.5923553962317,590.1632283950364,731.8934414756468,-99.40566905111956
design_000262,longitudinal_stratified,200.0,0.052531075,0.018778633,0.005007181908114892,0.7216294926210945,914779241.7827356,15403897.831633607,1.712732835654777e-11,4,1,0.6296424213611657,0.45206789894926824,200,False,-465.13614395627707,-611.764633150702,102.81438697182706,232.91476658067035,475.7951340575631,236.04606789187133,744.9744248235678,322.9669386544684
design_000369,lateral_discriminating,200.0,0.052927922,0.016700843,0.0050035499026300214,0.7657920411832451,121427505640.3525,38578646.79014256,1.6965244183888884e-26,8,6,0.49680194448745346,0.13191993961842977,200,False,1240.059388980626,-609.2603220242974,1417.6808156370853,-142.73720838306775,1044.8878530269578,165.13799390551802,1275.728824578544,565.9039604698343
design_000400,lateral_discriminating,200.0,0.053153846,0.025246339,0.005000024662308281,0.8921221338758762,1736070.9652370003,115690.2281787456,2.280175205852664e-13,2,1,0.6035940875672634,0.39129498117042844,200,False,81.22517880741071,-542.5995365687239,415.7676103314089,-172.52683102267585,311.212775503996,273.9950935180376,119.79676097297585,584.8701069171461
design_000020,support_random,200.0,0.053157065,0.006887052,0.005065080761357535,0.7358293429116539,5.058564554677203e+298,50585646.60026718,-1.0575165353322212e-18,6,5,1.047943724436901,0.41693624774516885,200,False,250.98245311369914,39.929821441187926,1445.1212666499073,400.66952866600843,434.9118294214649,227.06213297600232,1005.4623314024085,378.7053912943853
design_000487,downstream_focused,200.0,0.053392354,0.01366682,0.0050104156494024995,0.5935405772141085,1.4421866199385493e+289,74774812.10461305,-4.2027612653085116e-33,8,8,0.6737012897472149,0.11407801440430815,200,False,991.9676540485514,83.07076124297669,1742.0499384922725,-192.8821351813222,1395.1165637717868,-176.2076154348087,1232.0301933557748,-380.590077584221
design_000297,longitudinal_stratified,200.0,0.053447586,0.008221002,0.005013781272300908,0.5904576178393923,4.14015999448997e+22,52696062.22540435,5.678096589938486e-25,5,5,1.3519839194555228,0.5176139911148341,200,False,-192.50756522027083,-145.0420099255737,193.63913261184567,-239.31124250378085,447.36625775596104,-400.6177809029117,1341.9203010115014,217.6743699153934
design_000164,support_random,200.0,0.053668693,0.007416234,0.005001518289245813,0.6431423409798289,3.3402294148567724e+298,320970426.35051435,-3.8834978338406024e-18,6,6,1.3156812234874071,0.48365054801706975,200,False,1048.0332290267331,45.099954477185356,1356.2265406569184,208.691201747484,575.3540072897209,418.81858631449666,-81.48264431796599,-152.3951556711333
design_000368,lateral_discriminating,200.0,0.053720664,0.016774083,0.005001754012376537,0.8286589816452845,91306551162.47134,7231186.931654603,1.948514967719154e-29,8,6,0.4427702440069491,0.11763047874667848,200,False,1250.3830491412998,-479.46755858573607,1491.0296027006166,-156.96547438702305,1161.991432454509,105.07689891107242,1263.2030387238535,532.0251978308855
design_000118,support_random,200.0,0.053837683,0.024860924,0.04158374325102179,0.8559094198247438,243886.05098079622,241434.73665706097,9.849154566566082e-08,2,0,0.3626587376215514,0.4758088150035861,200,False,475.4704074002207,-0.039873058822053054,314.7883647242132,-254.89664502215834,192.99286452545084,41.81379013920969,-59.29938088553316,323.4438826433517
design_000414,lateral_discriminating,200.0,0.05410803,0.028006896,0.008030579015143955,0.7650906781347043,24490.947571914654,24344.164409435434,1.6584439249209417e-07,1,0,0.4926998301883334,0.11345379620056223,200,False,372.09597681766553,-520.1602923671637,468.54038879153364,-190.7319165872074,204.43955738495427,214.77021155414988,304.3481140606741,620.0981600054442
design_000184,support_random,200.0,0.054297805,0.015661608,0.005034337495333751,0.9096783868492476,1.869124755606792e+19,324631805.74611694,2.0527349818828133e-21,6,5,1.0143576130142955,0.6734685548787437,200,False,-84.66789407047023,185.72791373734321,847.2147696331856,62.511059733857564,495.20395592435443,114.90090735077877,1192.969233225059,489.974825621734
design_000355,lateral_discriminating,200.0,0.05441454,0.010931187,0.00500141651708688,0.829851629788834,26248638910.12655,14134.778896857295,5.571372925510563e-18,5,5,0.9020719392330444,0.1266814911015329,200,False,772.2329737027885,-424.9750568751331,1065.818039415442,-202.44350805790322,931.2497636032829,213.12840100641188,852.6586987642526,525.0199806942601
design_000376,lateral_discriminating,200.0,0.054441124,0.026028011,0.012014122413430096,0.6103915194939689,1251690.7759670708,316119.470608012,2.8216088600478735e-10,4,0,0.49633391966325896,0.32974784404533625,200,False,466.5135231001179,-550.5221999222357,581.2575191323743,-215.5775888364859,354.1437490502507,215.4396251285793,660.6237826225902,538.7096626591382
design_000010,manual,200.0,0.05502148,0.0062403963,0.00562972625856663,0.7440975715337163,1.3168751031207486e+45,255808386.27915493,1.4160706568579295e-47,8,8,1.1554071255415215,0.33243060569212696,200,False,100.0,-250.0,700.0,-250.0,1300.0,-250.0,1900.0,-250.0
design_000371,lateral_discriminating,200.0,0.05534436,0.014691851,0.005574481929319226,0.915791293836795,30193832284.045628,50217322.98049344,3.047459501675676e-17,6,4,0.6582784765444099,0.10970092037875302,200,False,927.9751718615479,-531.7000910218029,904.8299384977538,-119.93879635275076,1067.5900790342998,168.48198155835595,948.3873651584631,501.2779557645235
design_000356,lateral_discriminating,200.0,0.055900246,0.011014373,0.005000021703119297,0.912067810065748,2411932651.328705,5202430.4143302655,3.3612626676732495e-19,7,5,0.9580261597898637,0.23523675696482677,200,False,981.721444541733,-523.9764466378293,983.1738382780522,-235.26628083531722,906.2557362947405,131.53331295859283,1097.2864654051436,554.0150747969412
design_000195,support_random,200.0,0.056118745,0.009730233,0.005017666235736661,0.8379677081678559,9.660844900621773e+23,198137893.1301469,1.0070517954684781e-26,7,8,1.0699143266270317,0.5942087198768974,200,False,969.3001718479645,32.04989401694726,987.6703183314006,419.8667897225082,1301.9116635196751,654.3020017009212,76.15733082303102,8.896836130187285
design_000239,longitudinal_stratified,200.0,0.056281697,0.0070399996,0.00500580460168989,0.7981799223959419,2.50671477466231e+26,318608195.5183299,7.31750469157348e-29,6,7,1.2342978942218215,0.4749864066992625,200,False,80.8025920502674,116.71714711289712,404.01372759708477,37.936402401350584,655.2206844355501,332.3411598276366,1414.5976296953536,376.7511037633043
design_000480,downstream_focused,200.0,0.056296192,0.00701451,0.005000000000000031,0.7152942326254849,8.475953569248314e+29,155109295.41447428,4.752234507459867e-43,7,8,1.0643033883292985,0.3088823199272061,200,False,834.3098942124909,203.61612565372536,1021.6912660527041,-118.04204283538667,1308.8517522652546,508.7232317843245,1807.5853045526994,-285.1040709285882
design_000081,support_random,200.0,0.056305572,0.023971288,0.017028446277620533,0.9435494953536812,7202005259973463.0,171221033.94989896,8.302016950618324e-20,5,5,0.5750191725010371,0.4372706336260696,200,False,1121.967343950186,179.5148555704742,351.3093970188313,-67.45389520199966,752.1573331758007,24.08525577568748,-250.42898970372158,-604.4524788050167
design_000112,support_random,200.0,0.05672674,0.00978089,0.005008592988245278,0.6735944726604802,1.3620813690076108e+23,49139260.15983697,3.607659591999193e-25,5,5,1.5130090386660817,0.7675476820791057,200,False,183.46340283007635,207.9079495636465,293.12074009949134,-125.60909196830777,469.9461088863062,-321.4460844210403,1326.0359395614162,308.00472460708056
design_000144,support_random,200.0,0.057139665,0.020915965,0.00566578415998659,0.9014278499379653,418053.27072428854,416173.9012017765,1.4452497091366572e-07,3,0,0.5456172618914334,0.578831597699774,200,False,536.6989193767963,310.0262152082389,388.66405847491313,-222.30397502548,201.0594521703444,156.9413556009172,-157.84304721539425,-497.3500916197505
design_000246,longitudinal_stratified,200.0,0.05721568,0.012350783,0.0072850519282449495,0.6151700916246224,6067400997.802169,3639001.0668932623,6.001225095662555e-13,3,1,0.7716784824992212,0.8038877690281543,200,False,-190.6073786621812,-185.98120179630732,150.14677701883238,-171.89753632323036,574.1702575817952,322.1117635536685,583.6670197976434,70.82383184467797
design_000050,support_random,200.0,0.057222415,0.014050661,0.005190483962020404,0.5593880975515144,1.322334967857434e+298,62718246.23192515,-8.305496243983751e-21,7,5,0.8991833341550229,0.7373095591772274,200,False,319.5287228930851,-178.02210334627006,1422.4628492358759,183.46649601643614,1179.2099571583055,72.90705464964074,-272.8796673636563,-567.9927451419169
design_000308,longitudinal_stratified,200.0,0.057357475,0.01505279,0.016939734952016734,0.4207497745977097,1.4557133794890373e+34,50134711.16859567,1.9279034747259037e-36,9,7,0.9041891187678635,0.26747064262984865,200,False,14.16252412263367,-175.0216476666203,238.96106462258763,254.54259585537415,737.8218882143095,-261.35170995873716,1583.0937548597735,780.1867042935468
design_000450,upstream_focused,200.0,0.057536695,0.017016608,0.0052640394588555055,0.7741354563588472,26854.798143578144,26843.956367112103,4.788369997230418e-07,2,0,0.7871604799906713,0.7937783026443392,200,False,402.06460501440756,240.35443652380116,-168.66454412546597,185.07435543415988,-158.56865593946537,-276.303674261649,218.27251113319733,-558.0543227561523
design_000077,support_random,200.0,0.058014322,0.0073249224,0.005070122525766518,0.5505592927511668,2.36966621951088e+298,25668588.935067788,-1.612750752960625e-18,6,7,1.57353969811753,0.6997188875861109,200,False,175.89170353453957,-37.01419360002639,1430.7888058645685,201.17235117987593,-25.90179272134225,-385.1171592259194,365.7659856858188,185.84821500555637
design_000393,lateral_discriminating,200.0,0.058019068,0.012061687,0.005000011635797954,0.7492028642767481,4688233581909194.0,5535437.173129487,2.473900143882559e-22,5,4,0.9310878044792646,0.8657390098976565,200,False,780.6614996033185,-514.2218794574163,804.7371211056478,-139.07398311020378,934.5482893074493,114.76226330916079,834.2361603034162,517.4137186873651
design_000031,support_random,200.0,0.058129944,0.011417455,0.005100117613413805,0.5387211546590513,4.393647023980604e+30,53114876.78526775,3.118543028103494e-33,7,6,1.5540897884147507,0.7369869545528465,200,False,-51.15697421243926,-80.44634461891664,518.6581710568158,212.62531157262885,1236.089798472578,150.25788853187854,1541.3084138133058,144.90602767131116
design_000120,support_random,200.0,0.058261715,0.007848953,0.00500794460936412,0.6515743129167898,2.5472604886831966e+298,82268832.65275016,-7.163214834903789e-29,6,5,1.0038304165408343,0.6619434596531409,200,False,-205.18997138591806,220.40420994664345,830.1091435684438,169.19662392773887,1522.9222084285254,281.5274289611808,284.08225638175486,-430.3125373912203
design_000159,support_random,200.0,0.058729857,0.0071168235,0.005011034805324123,0.5587223506613327,2.9877007979617835e+28,154065637.1488824,1.5833936281012463e-31,6,6,1.4517487590206062,0.632093219001671,200,False,438.7255294357035,-136.1451030537021,-329.2289626742179,51.85620495086222,541.5304693307297,490.755899788534,1558.0610107244133,141.26771656157624
design_000228,longitudinal_stratified,200.0,0.058960747,0.007332176,0.0050655481754380725,0.6305681291881094,4.1732627149926413e+33,98680801.64428113,3.6135833557832356e-36,6,6,1.507394606110933,0.7069946297709084,200,False,41.38391034021787,332.75482737133467,188.00165536134534,-42.20042263654889,402.669119342502,251.0421842597157,1684.8868244504235,176.82057019291437
design_000273,longitudinal_stratified,200.0,0.059099883,0.009760929,0.01077647017381039,0.17878217722270565,1.6034981947189725e+36,124396764.91318238,9.735859539873606e-39,9,7,1.0850625184728175,0.6047951834182932,200,False,-253.1773377091538,114.07958108243723,112.15350800914965,-50.59501719892365,535.8060959467693,161.3452425433714,1654.3745466537418,732.9759496467651
design_000051,support_random,200.0,0.059236463,0.02003202,0.005011929897654104,0.747465905173265,66621132142314.03,81756517.30128141,7.479304929577482e-17,6,7,0.905444778803413,0.6891495178553416,200,False,1011.96488775165,312.6252210812303,639.6712732496602,-29.913029021433502,142.04952330916748,-21.002888933811303,985.84424934403,-27.1277457105811
design_000243,longitudinal_stratified,200.0,0.0592833,0.0078526335,0.007352147497675426,0.5253811536550966,4.0336140841041115e+27,83188687.2655215,3.108389832805493e-30,6,5,1.25496981777889,0.8086838130900412,200,False,-249.89648902158405,47.48489729250965,169.822368680829,-5.4945486071001906,589.6361753235825,-154.60085071290524,1517.9739283257206,299.0500471948702
design_000070,support_random,200.0,0.05949049,0.017324213,0.005017610817521448,0.9568470952866204,2.656381673103694e+21,17318598.17807505,6.5196192826613886e-24,6,4,0.7025515633316637,0.1714158256059304,200,False,-127.79670695255234,350.4098442707173,992.6637798945826,28.030599976917856,1282.7811701582646,334.1388069825764,329.64147478307535,-476.18424559409044
design_000451,upstream_focused,200.0,0.05955997,0.02810847,0.23412735489960432,0.8215489893201504,39331213.321719006,3349148.6390655725,9.307825075085702e-11,2,1,0.10915681129270621,0.06903177048446453,200,False,-272.2245458955353,-523.3282726128197,203.27542182191655,-455.0713183781944,467.98807979636706,-292.73165338097033,659.1539481448751,-474.4896491583816
design_000217,support_random,200.0,0.06006584,0.015240092,0.009053887329563968,0.3303625611490836,7.387657329470577e+42,99878910.91146676,9.703330908017834e-46,8,6,1.3564317085465964,0.33085111219208435,200,False,-223.4153258119463,212.66059158151455,-99.39363307120914,-112.76282715663308,238.8558444334447,-11.058633922838464,1523.3875821354359,702.854844230822
design_000174,support_random,200.0,0.060068086,0.006622111,0.005039506863906424,0.8813886900762756,4.89804573371394e+297,63639836.74886808,-3.008228807513713e-28,7,6,0.9885472785371495,0.32526778942974766,200,False,1087.714415571335,85.8904234045156,-332.02286217306585,60.70163108152458,1477.502186806075,360.67253126867894,817.7707787323976,475.55398565822253
design_000198,support_random,200.0,0.060361624,0.020062555,0.01497518342762296,0.4586895453540155,1.4473474906011953e+30,200900107.34616596,2.5080477209175837e-33,10,9,0.7353553945608917,0.7303320910294033,200,False,173.14970526816617,-25.194861235828995,1532.9646372108832,525.623610017199,1474.9559627248932,209.69174235777737,1251.323224788619,370.33271686192757
design_000327,longitudinal_stratified,200.0,0.06056981,0.008703793,0.0073709496835222005,0.44811046799077675,2.5547187219540906e+28,119447035.23836817,1.618920787434058e-30,6,5,1.3452926694550538,0.5702549441899166,200,False,-107.36954668648943,-248.49130779031387,169.61025954846906,-83.24548703154898,319.5960238434334,-372.7358731268432,1497.4260563365826,404.3222567747274
design_000250,longitudinal_stratified,200.0,0.060648967,0.006679546,0.005042779757825037,0.5761669606218811,2.4003160356712386e+27,42018243.447291896,1.750529589556388e-29,5,6,1.402145025730241,0.7288241873144048,200,False,-229.56294212106204,-404.0096108236571,4.588607381277953,220.12908001810916,326.6874820271262,307.2582790400257,1520.229824279182,42.70066766281728
design_000183,support_random,200.0,0.061245725,0.010156441,0.007488836237746667,0.42635821513245076,3.39701514061804e+34,156027640.9694791,8.811146311752448e-38,8,9,0.9176843558303638,0.6730095617399466,200,False,218.3238339101391,-123.35884332902265,1699.311779315417,57.36347181609584,1312.4524892708912,27.197948655862167,1312.41900618739,448.54339833888025
design_000034,support_random,200.0,0.061742514,0.009199581,0.005435446130773989,0.3073017288505473,1.2324596893642593e+299,123245970.60381113,-5.4150672070445315e-18,5,4,1.5716317093044243,0.7819315126143639,200,False,509.64644883997687,-139.52188240603493,1361.068187256716,265.6482502794475,444.38791460957304,-705.4991399329548,150.0029322953539,-123.95980397802114
design_000428,upstream_focused,200.0,0.061837774,0.02615939,0.016075416402722507,0.6192925977106755,195960274.90141785,23483123.188653182,1.3615207553845087e-10,4,0,0.4457370288195879,0.3884643354655818,200,False,-204.41477529185394,202.3655150952053,469.5906938263947,-574.4898394320942,579.718461536473,536.5001745146913,236.9842828357148,387.5343872599683
design_000321,longitudinal_stratified,200.0,0.06243781,0.0072847125,0.005035507809535727,0.5109635523516297,4.0115114244522294e+29,28385313.27056455,7.075964460063966e-32,6,6,1.6754742540584446,0.7839471811439314,200,False,-178.2514267680637,-619.2486172322879,-63.692705271966624,81.17748845773714,426.6149998793222,358.1278155540498,1597.046874687863,21.803878916522123
design_000261,longitudinal_stratified,200.0,0.06258018,0.025548883,0.013237769922898048,0.7089518286813156,3047003.8878741697,2080624.7671899928,2.153009851575593e-09,4,0,0.6390911150883369,0.5076540717284034,200,False,-496.73205647998844,-594.3806860836122,184.41139653293348,127.81722577673975,453.6352872597251,2.17217598482668,673.4867738879816,271.7255533591571
design_000373,lateral_discriminating,200.0,0.06273648,0.009195098,0.005014599078212509,0.97166285026024,7323213772089.154,25999887.92885235,6.3057964995178636e-27,6,6,0.8201838567140297,0.22910257601173126,200,False,1391.2586445200923,-481.2959542941069,1112.3648840254564,-187.76895949913134,1043.055954229615,153.37346870654395,862.8755425522584,638.7726013060818
design_000507,uniform_control,200.0,0.06274049,0.007438588,0.005014696268042886,0.5643530386239067,1.739123583240273e+26,144582031.1880198,3.532367571518743e-30,8,7,1.2069264439902543,0.554949402770807,200,False,808.7780726622493,-18.943621861619818,-159.07625067691583,578.2893419463037,1453.233327296796,-713.9085413418355,1474.3494045532634,315.8844769332409
design_000005,manual,200.0,0.062899366,0.010691189,0.0065276274953768275,0.7933067413843198,3.2580843624367457e+37,189326793.8500348,1.1862362027399383e-39,7,7,1.072955408855287,0.5266058244837899,200,False,-100.0,-300.0,500.0,-300.0,1100.0,-300.0,1700.0,-300.0
design_000434,upstream_focused,200.0,0.06348185,0.02651686,0.21380308385658645,0.768981574901785,3821030873.2811546,20776913.410305366,5.467243144721693e-12,2,1,0.22054327572170218,0.22600968984241285,200,False,367.20520738556274,-149.7180451660829,-235.65170480851287,164.02501695390674,700.8347176508896,-460.8108530853258,420.1479633236298,-432.3328300900907
design_000076,support_random,200.0,0.063855134,0.016065402,0.005005850820280325,0.6979710495453206,17153195364.36139,5972916.33544311,2.6029867124140143e-14,5,3,0.8488520728985958,0.30909280047640536,200,False,943.7768255442751,105.21052617922354,817.5431624422966,476.92542681117175,-413.95241016690363,-778.3300676433856,339.3240956562953,80.0853039613482
design_000179,support_random,200.0,0.064022556,0.0077144713,0.005005574311471742,0.6404190407539768,2.362632249951678e+16,84982633.6288783,4.785927919907211e-20,6,6,1.1461995286082698,0.2950880488110168,200,False,679.2540235014296,-585.7644416768795,1454.8818607641442,362.4185331393162,774.1635030422849,455.3276236573294,327.6549103668331,-79.0745841287204
design_000202,support_random,200.0,0.06524023,0.016577026,0.0069941539705211135,0.6416634908048027,1.6598023808908126e+20,194967359.4030252,2.352181992164242e-22,7,7,0.9042106796516196,0.7924871638381797,200,False,1247.7277553792178,367.4996353370821,1113.5954446087608,-62.25839160818901,740.7128798364506,-4.896923072602348,-35.600961015422556,-258.40766338606807
design_000391,lateral_discriminating,200.0,0.06556579,0.013550377,0.005000110998189925,0.6741038241886713,1725903676947687.0,88289733.59172626,8.492287793918957e-25,7,7,1.0751438903490176,0.4635489646721517,200,False,751.179399783734,-533.3072019595928,954.5191612514658,-142.33942659891437,807.390327239327,124.9635845280558,1308.3827589546822,504.45271080252775
design_000336,longitudinal_stratified,200.0,0.06568583,0.00695019,0.005026095298131357,0.5793113761635285,1.4271658525180573e+25,17840146.68052579,3.040770952272122e-28,5,5,1.1383055695745512,0.7479323894922856,200,False,-323.0320963371106,-475.08372528987405,241.39791569914922,54.58497610299871,607.7720334031743,94.05646760302878,1428.3531435505438,256.9539919301635
design_000323,longitudinal_stratified,200.0,0.06608904,0.007987105,0.0055785629710216516,0.5319385569531185,1.820764204534872e+32,61562586.0159245,5.393248688371616e-35,6,6,1.459695801140716,0.5131038384340522,200,False,-43.116372470867894,-478.6549407144577,146.73226631069082,-43.26922187191038,505.2362591771884,-411.8064413762167,1641.003650542283,334.3377992102961
design_000351,lateral_discriminating,200.0,0.067450225,0.015067929,0.0052502660350350235,0.9040642412141723,18784938778291.91,17333535.240836427,1.6050239827968375e-34,9,9,0.35838318680324305,0.04243731997920015,200,False,1601.7268110658026,-577.6805803589752,1283.8613002194575,-179.01571893452888,1492.8891539013161,224.87944198917802,1390.6231399977144,607.3922327014733
design_000100,support_random,200.0,0.06892056,0.014830764,0.0050005011205028725,0.905914514997163,9414034109504494.0,42621038.94924759,6.835255289482213e-19,5,4,1.364074820924542,0.6650215186259137,200,False,-124.2195091492905,-437.7590026624488,1099.5434241731466,449.9136771684855,432.475556269211,90.82064155250123,243.93364697484566,-279.78378720052126
design_000362,lateral_discriminating,200.0,0.06907714,0.019797139,0.005767337271968677,0.6348540767285805,454855772.8793403,13229646.911727814,2.995666500196603e-11,5,2,1.0773623116918334,0.5777487211972255,200,False,388.5051507031561,-584.3823426857551,311.75232597975565,-153.0319751337844,502.89813544794936,207.3349563069226,116.92673941625173,508.97049478618936
design_000375,lateral_discriminating,200.0,0.07002374,0.00884057,0.005000084635986247,0.9683607509152121,241706738.26826715,26619945.262583792,1.8121745026923187e-16,5,5,0.9233978334105043,0.2745902384350561,200,False,963.0009540675135,-605.3275701585965,1036.0431385197624,-242.28125255641856,1006.5399758121742,166.5461434110419,934.6278809322845,574.1053302262517
design_000103,support_random,200.0,0.07014231,0.008033211,0.005144307841072985,0.5220172344191334,2.8290227488303117e+33,72662958.69485109,1.4150009364332797e-35,7,8,1.7174412235019398,0.7668582829095245,200,False,-299.0889066161456,-304.1190863225244,470.33800007356,216.84466806675607,14.583244081460933,125.30552173008809,1623.2399332585346,352.6018291168342
design_000345,longitudinal_stratified,200.0,0.07031886,0.022690242,0.02020873716781182,0.8825231865648412,17315505543.03816,16055446.053075626,9.2808990823782e-13,4,1,0.41693737009600546,0.6952424033263033,200,False,-109.0622845544108,-443.7652772248051,239.7102547698714,249.77979778065077,584.8931265558684,-39.39772656289353,802.1597616226081,242.69220394640882
design_000476,downstream_focused,200.0,0.07055108,0.007767422,0.005056596027236872,0.7470512075038264,1.9811523959321605e+25,22079003.639543932,2.1464395810710086e-42,9,8,0.6877634443121358,0.20612578046089527,200,False,1117.7304323957892,-95.31800626334967,1556.251160989346,-189.6354965829213,1317.4475952655912,-363.5349385489278,1802.7763786038417,-306.21802143978016
design_000475,downstream_focused,200.0,0.070669465,0.0075150314,0.005000000287353643,0.6948109949337159,1.8044278470431624e+29,95096013.0417556,1.5850519527465765e-41,10,8,0.9135424558765394,0.422971710355199,200,False,1714.1047254609243,536.8077713951529,892.2956555784151,193.24463183508897,1819.5007058539022,-65.83146743001271,1464.1019136447271,136.93835745057902
design_000504,uniform_control,200.0,0.070971414,0.0072411764,0.005216693565852217,0.6492385481565512,9.286026630499086e+18,22888264.454604268,1.5812754670969647e-24,9,5,0.8592445471436154,0.6131101460384278,200,False,1365.7203410538812,-144.59099611855606,554.0926093127127,769.9106371114171,-138.7269135788202,-781.0364449885908,1200.0457438874057,-776.82623355649
design_000062,support_random,200.0,0.07127466,0.013595912,0.005005988679478199,0.7517718826887687,5.747995414197427e+37,113178905.96583194,2.554143050027869e-40,8,7,0.8986481620966249,0.805050665336934,200,False,1770.0199975233618,239.14838705627773,116.0939697217948,150.65164437046354,1179.350133564557,378.5960531473625,930.3537413079114,-158.655359799125
design_000472,downstream_focused,200.0,0.071348555,0.0076330462,0.005060962336002855,0.6412006336234849,3.248295552349162e+30,40035108.784493856,1.2087393534588665e-41,8,8,1.2600994377725767,0.5157203294476492,200,False,849.8197513002503,-111.38923531897245,869.2917501151649,343.1651882270786,1602.0624304332846,-170.08762374800676,1794.8172183277181,-488.8195826243302
design_000360,lateral_discriminating,200.0,0.071983665,0.008148607,0.006065537119271908,0.814140531650276,44651435224191.98,6790095.88591575,4.634910165459871e-33,7,7,0.6019081964025138,0.08065030233458467,200,False,1158.6956387413154,-512.7779515732608,1610.6731855731916,-150.10530643498032,1228.154075377778,242.47153567949437,1174.734558055697,605.7049821732066
design_000215,support_random,200.0,0.07309649,0.014939805,0.005095609309686637,0.6662997275753111,1.0314869567310752e+17,17883067.044062883,1.733717128507103e-19,6,5,1.4822104176272348,0.724459422784529,200,False,-491.20336787414516,-614.3814313647158,480.72800755788535,191.16485913891202,-48.00659724587334,164.45068403805573,340.5518472003284,-242.86490651498042
design_000491,downstream_focused,200.0,0.073197655,0.0077369697,0.005001810131374393,0.6573683395784585,1.178826563280681e+289,192465846.5174505,-5.767303804307086e-36,7,6,1.1790256716549312,0.7945361239152938,200,False,897.9387728464751,-508.13061797502576,873.3376178363885,-15.537732192591761,1642.3640428335311,-123.60388738872939,1135.486945250398,-360.85198891448454
design_000069,support_random,200.0,0.073634945,0.006853482,0.005007815544300574,0.5989899129277135,8.688792688817983e+31,184267293.83712697,2.4970744848208456e-35,8,7,1.2978797707023417,0.6684344187658434,200,False,692.2547751452149,139.07266792831172,235.15777775707943,32.79034854189583,1376.0480227704093,216.61219470666938,1637.594261788725,151.88041027828984
design_000214,support_random,200.0,0.07388502,0.008645342,0.006264258111477692,0.8472303094237079,2.7316633038585626e+298,27316634.038585626,-2.64697809749106e-23,7,6,0.9465862749763992,0.5432409809836891,200,False,-361.23928259209197,-35.08951657063221,821.2991570737393,191.68803320371717,1635.600069259166,-393.3391212511657,-305.7237781857057,270.38219732349455
design_000127,support_random,200.0,0.07401532,0.00815509,0.005003019379287738,0.5515995601507181,1672632061168.112,147662349.51862645,8.828922327941111e-14,6,4,1.1661867370258188,0.7358635416353034,200,False,900.7876234360525,-42.0053590299957,-183.53158245082327,-244.8528032072254,-355.54749835920995,-646.5294991744051,661.094750098626,404.6404888734686
design_000265,longitudinal_stratified,200.0,0.074311554,0.00886327,0.010023164666987426,0.23427896360149084,4.4026105425313165e+37,79127302.43784967,6.2325214508884846e-40,9,8,1.0485912064280511,0.6642193496670334,200,False,-103.45432823289127,-411.98538281803025,113.9622052933933,41.43736622035419,431.494311236586,206.97967951351905,1672.6652078101195,765.5558361593171
design_000147,support_random,200.0,0.07431723,0.008921702,0.005025241023332731,0.5972362038280475,5.170631144069639e+298,120527929.18922995,-2.6923121495879963e-26,7,6,1.3736145622730744,0.7754749685899582,200,False,-15.909578983213414,-7.968449914152998,284.02356200840006,-100.63185398114584,1635.1050314230438,375.1984188580908,710.5086076085216,-253.01892187460592
design_000124,support_random,200.0,0.07451863,0.023606738,0.01197679068044248,0.4244059494512767,1.5995262357162121e+298,79052123.07032295,-4.726609332886149e-28,9,6,0.8339827039445366,0.5653598044927041,200,False,128.93052317939882,17.602896985282317,1309.7281557086321,265.9350843123107,1451.8413897183013,565.0451284482424,285.9353124264399,-547.6527976086257
design_000000,manual,200.0,0.07573926,0.011501621,0.00501012300634267,0.5203149219446813,5.947483257909946e+26,229305214.3478912,3.8579067958394993e-29,6,5,0.7486888139543532,0.7645035342752657,200,False,-150.0,-150.0,350.0,-100.0,850.0,-50.0,1450.0,50.0
design_000404,lateral_discriminating,200.0,0.07574758,0.0070072473,0.0050000264355979825,0.5735244426322145,402278115.18225163,6399984.928224201,3.622726670003954e-25,8,6,0.8181435900468975,0.29066319771015847,200,False,1305.211409465008,-551.0045812049863,1354.5976499344918,-200.095567739954,1152.782193170601,116.59670306285356,1045.7027043496803,517.2497636963443
design_000095,support_random,200.0,0.07609767,0.008495535,0.008174720819364297,0.6097175514528927,4.134151542184306e+24,266200080.84737036,6.804955954658425e-27,8,7,1.5477232000399062,0.7757651476755152,200,False,599.4869061638207,145.6663241175257,-162.21110781785785,116.22286466890226,469.11056092615235,-218.1310953922648,1350.8750042525492,594.9662540495298
design_000133,support_random,200.0,0.07631793,0.0061329533,0.005192700119218469,0.6290278050109255,3.3876105604377463e+298,90885130.64128998,-4.930795368268321e-19,8,7,0.9346898966534856,0.7267303722516801,200,False,-99.3496236743038,-484.5985937364582,1846.5495197067146,75.38059524889374,1349.4095630924653,-53.026985434544955,908.431324188658,116.21586643808519
design_000392,lateral_discriminating,200.0,0.07678114,0.0076261745,0.005000006290566323,0.9868321071886199,14629610437.24182,3437904.749397981,2.8524579937257677e-22,7,6,1.085576997791317,0.45326268885857063,200,False,1226.0491055934033,-551.4217621209367,992.8880543337713,-174.11004398882486,1029.251316825575,224.89754036649862,971.9917150599722,574.3970932882866
design_000438,upstream_focused,200.0,0.07692592,0.012019602,0.005020080039615406,0.4930196030008011,5206173531.450651,20884123.9476062,1.3908053089414968e-12,6,3,1.0495724425912234,0.3486914704817856,200,False,-346.529467758626,593.690718693198,184.8928426271574,-242.9630318790958,-297.8145330859191,-252.5514081984141,752.5539019596058,458.7850334590962
design_000237,longitudinal_stratified,200.0,0.07712438,0.008385324,0.005486449428070495,0.5128978388285219,8.349923576676962e+32,38962455.65899576,1.0599158466894604e-35,7,8,1.4951822316633687,0.7290618518256968,200,False,-396.4385893669429,-278.7570802550287,201.59861797071304,198.59828058286232,541.9019098739459,279.3603542191776,1630.3696678325648,367.8279506448389
design_000004,manual,200.0,0.07895126,0.009104556,0.005020914778504441,0.7002520383155791,2.0270322024444177e+38,33585394.477809705,1.6568751812284362e-40,7,6,1.4373802206110344,0.5095761901595658,200,False,-100.0,250.0,500.0,250.0,1100.0,250.0,1700.0,250.0
design_000131,support_random,200.0,0.07916043,0.0070209564,0.005018411072629865,0.7857716212285736,1.0499259697026136e+27,251472529.3682137,9.306151188404334e-30,6,6,0.9950138230549483,0.7059010729283848,200,False,522.5283510412131,-61.3518784192599,741.2657502586578,215.90181731524402,43.96504277309568,-443.20723934073277,1458.3446463043854,456.4722320351394
design_000352,lateral_discriminating,200.0,0.07933394,0.012758108,0.0050045784060931044,0.47067905415005745,34620748.776847966,1418191.1763000293,7.432619476294822e-13,6,1,1.7421784795476645,0.703975162160268,200,False,470.83373112936795,-588.680948154892,469.5056274872936,-221.68392615665778,546.1137347920851,221.13599656517,621.6178606232788,567.0626020965643
design_000063,support_random,200.0,0.080524266,0.007940879,0.005051393635852348,0.5444505596770425,6.971119979487526e+298,245012518.84590715,-3.3153159727231893e-18,8,8,1.4225970645741675,0.6688406815654899,200,False,587.43001365164,-262.59100371376286,1776.0081273297237,494.3432744506227,662.1306859350843,69.84183655818387,771.831480332839,449.1227416416592
design_000093,support_random,200.0,0.08076582,0.024992878,0.005394717697176429,0.9143643297052149,25934103847301.55,18865165.53540223,7.274274202616744e-16,6,4,0.8657915081925993,0.2549497686765384,200,False,860.8472838109608,351.1360960646675,873.8070337921561,66.415702985288,272.2332617236045,-559.8535149722389,444.3313530318379,385.3872895388078
design_000119,support_random,200.0,0.08085017,0.006897558,0.005048042421588465,0.43184100381073853,3.281588998651648e+298,32815891.28493585,-9.093745721722971e-18,6,6,1.6482579046301014,0.7136732895877232,200,False,441.55315478717534,245.77398419901704,1550.8738100891658,430.7168728417353,-52.384817871901646,114.29257367842723,422.54581391330214,-121.18654635619146
design_000466,downstream_focused,200.0,0.08108728,0.0135075,0.005000361119115785,0.8270800623883005,1.0298731218596184e+294,61040744.84745713,-1.3969781810169272e-22,10,10,1.1533050286372444,0.34381898234900027,200,False,1419.1856177956856,338.4127574436385,1529.4762633585426,591.7905067454064,1280.2455385678056,106.23050468116799,729.7028732625132,-353.8344214352454
design_000486,downstream_focused,200.0,0.081265636,0.011581923,0.005034427905657451,0.8245636068610269,4.536842427931896e+282,38812322.365113236,-7.583860751919314e-35,9,10,0.40132750170108256,0.07449547476491014,200,False,1487.9587574317393,100.99101805816622,1889.3565845223482,-109.10188511879443,1827.8167180141963,260.1045458037977,1348.0647862456576,-579.9655076652493
design_000200,support_random,200.0,0.08177223,0.009943193,0.005084111125849022,0.7295156896298526,6.117184432615038e+298,61171845.32669344,-8.87741202552772e-21,7,7,1.2968373646922147,0.7445538471327001,200,False,702.737517478364,218.66967116518967,355.77175676865664,464.15301115350655,1765.706468935616,208.72278909973414,1022.0186916288917,166.9935528073005
design_000411,lateral_discriminating,200.0,0.0819574,0.010044624,0.0050296485120148015,0.7354857172229383,56852343426.51011,51272144.49634281,1.5286779546628692e-23,7,7,0.9717248055416086,0.2396797067853117,200,False,1208.4171028308122,-514.7794532339489,1304.6550265684104,-167.5005318477543,973.6093553449691,172.96732350417895,1263.026831410744,435.1886007418283
design_000390,lateral_discriminating,200.0,0.08278108,0.011568536,0.005006484290867248,0.8446201812533202,660978990442.2767,10616308.573256105,4.166319557352065e-24,8,7,0.7852257507517597,0.507140425871804,200,False,880.4998756038979,-523.1130831348212,997.1521394161582,-193.80001218918764,1234.4423041164146,155.37159208070955,1257.8552044090738,614.2324312607742
design_000395,lateral_discriminating,200.0,0.08289428,0.008487203,0.005000058946032194,0.978798930912613,2394811542265.9995,33298518.68301756,1.3163598008478206e-20,7,6,1.0654101029014345,0.33005500183689546,200,False,1135.2648037423783,-608.9722900033107,981.4462485532748,-309.4758501911341,935.26124717843,145.1042476896079,953.7512526302678,585.0539159582654
design_000496,downstream_focused,200.0,0.08365866,0.007398488,0.00501149674358157,0.8853940211487883,1.033652521523294e+30,35717641.42836495,2.7100431867755087e-48,8,9,0.8621951437134117,0.1317198568235943,200,False,1164.0971929292837,-110.76176880600252,1199.2245832441897,-389.8240086854417,1370.501221283375,639.8052906079574,1883.9315945792193,617.0763929620473
design_000346,longitudinal_stratified,200.0,0.083826326,0.011492777,0.005022756686695609,0.6391223363618345,8.307716595362642e+29,69718305.11558422,2.6246964457488215e-32,7,5,1.4530577104535534,0.8163187952042134,200,False,20.60999343755219,-476.5807979385107,92.16092981599101,87.40549578812391,722.036720854012,136.17762684238113,1556.1056399308243,415.96331775778634
design_000367,lateral_discriminating,200.0,0.084045395,0.009465798,0.005000015400144229,0.9523941801467353,10138842383.66524,447631.79660584335,5.3011527621465625e-24,7,6,0.5576192137267109,0.43046415053611037,200,False,973.5522040379993,-599.869864962772,1156.6533006019695,-229.7881853869649,1307.133850423747,311.5157077126611,1135.7605228466123,654.2880202383031
design_000481,downstream_focused,200.0,0.08561166,0.014099514,0.005017462119973588,0.6115101476570648,7.856981188064658e+298,78569812.89759089,-7.629128311346244e-18,11,9,0.5201452890600133,0.5367913794964883,200,False,1308.1664848086516,281.8244947549333,1772.6269544977856,620.9284209340203,1066.617867115849,148.6386231605013,1693.4614124281647,224.9589083774746
design_000492,downstream_focused,200.0,0.08580166,0.009975237,0.005013758322620334,0.6255713287983629,4.140185121150532e+283,2101968.389973945,-3.976226332364418e-34,8,7,0.6966958584509845,0.09328537155267004,200,False,1389.5556877385086,264.2194985394033,1667.6575082853913,149.76083461460553,1077.6472483256528,-477.88633651160114,1457.6422859151676,-445.9121847337601
design_000495,downstream_focused,200.0,0.085912965,0.011695135,0.005000007862873748,0.5175949363475421,3.0232791428149582e+295,17084566.82351969,-2.2810881754597564e-22,9,8,1.574891565917948,0.7091392832651776,200,False,1723.4023635091935,-291.11768948496047,1858.746368535549,-64.99350654805653,1606.8452899902031,178.07571061202884,704.2993995000127,347.32802124810667
design_000003,manual,200.0,0.08666946,0.0069730743,0.005009733241469587,0.6045214186211008,3.0813515027904185e+33,52413935.19764428,1.0190337645383823e-35,7,6,1.49783335771508,0.5291834513625645,200,False,-100.0,-350.0,450.0,300.0,1050.0,-300.0,1650.0,300.0
design_000210,support_random,200.0,0.08786569,0.008295625,0.005030333773953052,0.6293429512366471,1.1696689347316666e+299,196193815.9301381,-4.337283336745448e-18,7,6,1.1150961253584826,0.8555287112132025,200,False,885.3962269475765,-40.007758978273245,1498.7135695508166,558.4086958725247,-222.31699617819189,-229.82583550290244,338.8230185947582,-110.53465747198851
design_000173,support_random,200.0,0.08810793,0.007701416,0.005074746052883801,0.43124376253228847,6.178431131383925e+31,28989657.109522786,7.77201757609656e-35,9,7,1.7299849696909433,0.6470140431591026,200,False,1575.5534866880216,648.5873727060831,363.6876078917883,213.75905120700295,-372.0698504420315,203.77603744529668,1297.0238266995561,190.7404312268228
design_000009,manual,200.0,0.08983147,0.007506513,0.005005029788291187,0.7305357965026466,1.787910745862219e+28,20875798.683972023,2.4301977480512684e-31,6,6,1.210050548310535,0.4618731070544323,200,False,-300.0,-450.0,300.0,350.0,900.0,-350.0,1500.0,450.0
design_000175,support_random,200.0,0.09037685,0.006904422,0.00512369526749164,0.549692872475285,2.744334594114945e+36,127404054.78596668,4.319806571096192e-39,8,7,1.097587368531759,0.49736990894554733,200,False,1240.8212150423635,49.0410023096293,146.45090822582995,163.10694192555192,301.20077779687176,-298.0325270378658,1741.34418959873,10.94460706206859
design_000166,support_random,200.0,0.09123391,0.0072595715,0.00500000000000011,0.39990532805330203,4.210587972717158e+295,144449680.84302053,-1.5736516344177247e-25,8,7,1.8373144642434516,0.7597335574305355,200,False,660.3728722078413,43.54721310364484,1528.1065963794192,348.5533910846642,1546.2387663308664,72.5822123893056,124.54754551381535,-742.8577191858737
design_000502,uniform_control,200.0,0.0922796,0.008441527,0.005019492763556281,0.5099495558161576,2.084781834174642e+299,208478187.4206162,-3.428111860299642e-17,9,9,1.4486121150216054,0.7912643261935465,200,False,1534.6269072187556,-560.3816933944032,1756.6913341133823,649.9538144128439,77.28564384902143,-241.50445950517837,690.898378557988,511.7514566819991
design_000484,downstream_focused,200.0,0.094049,0.007449956,0.005076878200048355,0.7675243131713109,1.779958208428638e+286,58002532.75099889,-2.2984211106106296e-40,8,8,0.8730625211675952,0.5419458948316256,200,False,979.2756728560037,-423.8320245818496,1363.6866504510372,-460.86127643892553,1742.0404553293895,-382.75621939370444,1316.1434522437098,131.85488306387867
design_000197,support_random,200.0,0.09449337,0.013019491,0.005000016031399784,0.4440309377597713,6.090457604564836e+295,282145771.58790594,-4.138554751840638e-25,10,8,1.9883912681334774,0.6358469161081407,200,False,466.62566072198956,213.6451881974331,2006.4405234338672,239.93356383845708,1309.150213414733,41.740414069791534,1498.520192503389,727.5313516641613
design_000314,longitudinal_stratified,200.0,0.0946326,0.011976178,0.006714329778691847,0.4351536807769919,1.914573467370486e+41,211588140.18812674,1.5961282518778904e-43,8,9,1.503350769883924,0.7288961465713382,200,False,-176.34761696119264,180.43180626703668,253.601995365119,-70.44137770600321,669.3282614056408,295.82252147664894,1804.273453962669,569.2553843907691
design_000026,support_random,200.0,0.0947602,0.008116874,0.00825107618189988,0.8462086428393983,2.991370330669665e+47,121778752.37554267,7.575327532683861e-50,8,8,0.8378130470449751,0.6404999175439922,200,False,449.8414478019695,175.32105367104018,869.8022086217841,80.14584770931121,-36.4099261841495,-391.2406677630899,1985.6956569549766,396.1431354328321
design_000469,downstream_focused,200.0,0.09535811,0.006695434,0.005000346577168394,0.810831765221659,4.554900566288586e+288,3378715.468371891,-3.846695218180622e-29,8,7,0.845922331114475,0.3918411846575232,200,False,1510.9062568417785,452.1191210592292,1511.1719334887903,-468.97077224736336,833.1393454592828,463.3012460973914,1195.6417356485902,348.04523583175444
design_000381,lateral_discriminating,200.0,0.09639283,0.014907299,0.005000128671382884,0.9292240326121115,749180117496.9268,6514496.497252088,1.0862205026134737e-31,9,10,0.3909554304364197,0.6463831881003148,200,False,1529.4454967114139,-533.2457615992681,1271.1521511149529,-128.2810769011012,1365.2899422766689,135.4246126484391,1473.5462394686297,553.3887464200003
design_000383,lateral_discriminating,200.0,0.097927496,0.0081531275,0.005000014020175988,0.8636150584861901,203026055314.94464,7981.900391232142,1.269601093955956e-21,6,7,1.1374305620381384,0.3279813143411258,200,False,985.7280757596725,-573.6961364533242,1259.8023625297733,-177.22415012644927,1133.8034039327515,313.2190223275686,735.9818176926641,474.2404680978802
design_000506,uniform_control,200.0,0.098418176,0.015346264,0.005322318874101734,0.41862325793233707,2.7354333748200702e+298,34499022.99771067,-1.1591665056727015e-25,8,7,1.369753590498706,0.6558615952774651,200,False,1709.1049623273389,215.56258510140833,1418.5625479098323,246.15803447789358,388.7568918708282,-159.34103572053255,-516.3660040967769,340.58865476020696
design_000508,uniform_control,200.0,0.098817974,0.00806689,0.005048759365289577,0.8051121646972991,2.939582882458043e+16,12439187.563628366,3.406011805477173e-19,7,6,1.7494333917721976,0.7579020334896823,200,False,359.815128028457,332.8683200972123,1160.2075219922572,747.4627069834553,974.5496731978685,-601.8249225547463,-227.2641543148506,48.69404288230908
design_000384,lateral_discriminating,200.0,0.09895147,0.0074945115,0.005000052131390488,0.9672625560787446,1659020502241.1243,518867.31476947694,1.1791770394434035e-25,8,7,0.8732130995972678,0.4492661596111953,200,False,1336.716658299864,-570.3089572766986,1197.4710035551436,-174.6168515114923,1179.3461511802775,226.74816740350187,966.3535138438756,582.6056039083345
design_000134,support_random,200.0,0.09937231,0.009337233,0.005036095032150532,0.25768341175079795,400413085.944733,5990155.857502164,1.518713644812024e-11,6,1,1.3257642675836636,0.8333501241867752,200,False,384.84908023235295,222.82787658953197,165.19518815252826,-130.92165470058603,-505.68457472846524,-768.4614584490037,754.1950968600731,10.238926059876555
design_000096,support_random,200.0,0.100466564,0.012134049,0.005101531012525097,0.540418450439147,1.7251095646722063e+299,172510957.46722347,-2.255427340849588e-22,8,7,1.3721548033214441,0.8361184776178122,200,False,1109.9972118381052,139.70581183067378,436.9314651702779,-198.31188780145368,1810.0586275580981,458.09820493908086,545.1738747822027,-522.3641434088969
design_000389,lateral_discriminating,200.0,0.10105346,0.011083856,0.005000013028149353,0.8535941953852585,140336822609944.36,10342402.291911658,3.410090855081829e-40,10,11,0.4822737479634944,0.19509477861924326,200,False,1755.1088527526213,-544.857456121364,1451.5621121961747,-204.116802704098,1489.625841938069,224.17934922706272,1607.2346224034095,546.3126982711082
design_000008,manual,200.0,0.10106951,0.0094197085,0.005004192443521828,0.4328206702873741,1.8402545539277164e+34,27611403.116375174,4.1109258623547934e-41,9,8,1.005460145218421,0.5205723294282614,200,False,500.0,-550.0,900.0,-150.0,1300.0,250.0,1750.0,600.0
design_000380,lateral_discriminating,200.0,0.102452815,0.007317055,0.005000032741621642,0.8440961804793666,76893676807052.1,88176957.03921397,8.353488393183113e-36,8,8,0.7580849651647618,0.21099999307964235,200,False,1645.8844847907276,-480.35493645270856,1290.9796122528844,-246.3151671638785,1291.238317835735,203.2932822914862,1294.665182230304,585.5962061267459
design_000494,downstream_focused,200.0,0.10343387,0.010627678,0.005040045067650586,0.7425276847935566,2.022512866544938e+298,20225129.66544938,-5.62788315154085e-30,9,8,1.8475196702815702,0.8338595107652671,200,False,766.6816070915862,203.3023343894149,1611.449896979958,-197.38554927821468,752.8644307770626,453.05548550564254,1984.0819635075597,64.35008489590552
design_000117,support_random,200.0,0.103634916,0.011326044,0.005288185571242618,0.2746941018807463,1.7807412569646076e+47,105826080.65505034,6.774300159603801e-51,9,9,2.1324625613589325,0.5852518402741473,200,False,1991.4971705938037,554.4184616235806,418.66276331503855,-584.7409933843023,513.6445486215891,233.74174869255125,297.4996742186861,-189.303573850744
design_000473,downstream_focused,200.0,0.104909696,0.009412821,0.005000092642276354,0.8163527357341768,4.905400792132523e+22,22865282.595990244,1.7951971920234733e-38,9,8,1.1522895698975661,0.6970704388233894,200,False,1049.8380181974126,176.19046244606557,1094.4713243094575,-247.94847072728527,1663.592512099091,483.26789256873576,1404.581543518812,359.06841787508995
design_000029,support_random,200.0,0.105112456,0.008988727,0.005051093261736662,0.7542235294991319,8.912545456259716e+36,47062243.65581846,1.7158158392861562e-39,7,6,1.1175544507993083,0.6174229315118849,200,False,-271.43976560769784,-314.9224767627308,445.63308558856477,-156.37717180046417,873.6106456078071,225.61979197185298,1729.000395405884,244.17073795568396
design_000474,downstream_focused,200.0,0.10532744,0.011100753,0.005044715692137468,0.4484870210117833,9.117646935211933e+27,41285330.11742232,8.444548975845658e-37,8,7,1.7491247945691615,0.8438457664524405,200,False,722.7274782344958,-151.00373739844838,1328.8668923813261,60.98586896909535,1679.19962516045,-61.92392451825913,1394.5065860101627,-407.39747795870227
design_000358,lateral_discriminating,200.0,0.105828464,0.008421286,0.005016976972476399,0.8679315198905254,1325135443662.3008,3406800.9369402663,1.393329782205501e-25,9,6,1.1902551220498574,0.13917024606267187,200,False,884.5635096663109,-580.0268201182693,1371.9705221362317,-210.2712978726077,1207.151323766822,326.7062586871318,1297.904245176957,583.4205465996401
design_000350,lateral_discriminating,200.0,0.107098244,0.007352148,0.005000010613663955,0.8898545163092036,32094195899.477894,1400103.279443679,1.36048584730348e-26,8,8,0.7932595625650739,0.480186849449316,200,False,1302.8352320830559,-559.4862314113553,1187.8886895427213,-212.45355495531095,1409.9408763486476,112.45792339982903,1254.4534150816683,506.3229298057996
design_000493,downstream_focused,200.0,0.10758503,0.011719287,0.005055114945218155,0.746539814708347,5.2819922955255965e+293,18877133.3754832,-5.994801013938378e-23,9,8,1.1428004360259465,0.3248429290354312,200,False,1201.8919812684114,-448.6492869907635,1848.2253041105694,557.2599485437597,798.4374030250602,566.2522148434798,1436.3900537177224,57.24185683864414
design_000078,support_random,200.0,0.108069144,0.012268162,0.00756044103112796,0.29359814603567463,1.2830869772298132e+299,128308698.79594663,-5.686700422547904e-19,9,9,1.0911745895111293,0.710412387590005,200,False,874.5198755465424,76.59402063665536,-40.39056402065172,-506.05693100765,1899.1150705820676,669.1968497910283,251.86885612354374,171.8240989532071
design_000046,support_random,200.0,0.113908954,0.0098016495,0.005117453858121373,0.23923884184345,2.8195997119927173e+298,113559923.08983137,-3.075130342379031e-18,10,9,1.6212848079423254,0.6132168380735499,200,False,1466.4539270100436,155.79720648785994,1606.4966025596775,689.7977026251697,-16.324404309907713,-89.3395787163705,315.5915367960564,160.68877463118645
design_000102,support_random,200.0,0.11474782,0.01604617,0.007167744194498585,0.5378544687605814,2.8057577837818316e+34,298571913.95054144,7.831209904526674e-37,7,7,1.5470246414152715,0.8070157745075905,200,False,-89.57631346667102,-477.8139744421329,195.00663020671868,115.76634528534207,-31.299386492053923,-104.77928151112023,1680.6096231712065,353.10892165443784
design_000509,uniform_control,200.0,0.11550537,0.010084638,0.005289095271288838,0.45135711897873093,4.805299686900222e+37,3353055.7806205438,3.3383326235150325e-51,15,10,1.0175852915217938,0.08379625245486964,200,False,1964.1827331735617,-682.520724688564,839.7303248355086,-683.1211609149102,1326.4605643797588,-630.3894223802936,1991.7211079985577,381.97084581971376
design_000483,downstream_focused,200.0,0.12145888,0.007123353,0.00500107697102866,0.8927544052958365,3.4124531664387625e+18,3920596.161393001,3.7586943401492176e-32,7,7,1.147397203524024,0.6364284460835388,200,False,997.8966617481119,197.5418749978695,1331.9729514079454,265.98780213411703,1534.6142559226323,-461.8479254336819,932.3253564121471,-460.233527300417
design_000410,lateral_discriminating,200.0,0.12166653,0.009828429,0.005000113752358955,0.7300688112222368,20616390946.919743,1763737.800165308,2.3923053276555482e-30,10,7,1.089058828824485,0.1380680218927288,200,False,1293.6075194071163,-498.17949223058656,1394.1085858567706,-133.54877651532522,1393.3966337364195,185.40062507129107,1468.4669525296497,550.5738707382341
design_000011,manual,200.0,0.12489029,0.014571868,0.0050556310252348425,0.8472236626601833,3.594902766466888e+46,127588577.61189872,2.2615338599503384e-49,8,8,1.5711584931195897,0.3410808072570397,200,False,100.0,350.0,700.0,350.0,1300.0,350.0,1900.0,350.0
design_000485,downstream_focused,200.0,0.12541674,0.011316066,0.005000001069999678,0.7357402342845596,1.5786906393351922e+294,2944405.836552643,-3.487339311451489e-24,7,7,1.7318612544040395,0.6392045569847737,200,False,1276.9841185823325,603.8911837570083,1732.8924691601082,-282.03592646069075,1155.5203976143,-388.4938097108625,723.9824995507029,92.33589792116652
design_000291,longitudinal_stratified,200.0,0.12690957,0.0072181234,0.005024144541396894,0.668565281153645,214135370.33877,10034802.794455474,4.916596712685137e-11,8,1,1.216243931089281,0.7843717200678298,200,False,23.632192875621868,-447.3020392400804,196.98895828816083,-653.6335570317044,531.9064091317606,-102.56805209360948,773.4332907941789,154.8427422088841
design_000511,uniform_control,200.0,0.1290251,0.0107298605,0.005000784754635531,0.7233091866472094,1.047982138034651e+296,153012586.2268791,-1.3534776321138402e-22,9,8,1.7487580148700705,0.660765251556216,200,False,218.11940270157186,-623.8896910632166,1448.8211558662465,-318.2119138988138,579.3324464561113,83.49719903652522,2037.8573984459263,-16.77134221001586
design_000129,support_random,200.0,0.12961107,0.0074325665,0.005028493439238905,0.12674883618428096,7.399090390527631e+35,238942862.95056182,3.4427595689404596e-39,10,8,2.0792337889903347,0.6643573577704653,200,False,1246.5461069409805,181.10935153332065,-119.19194426335235,206.6225275656857,290.4982369690283,234.24581109995998,1571.9772146265439,841.0230228948283
design_000479,downstream_focused,200.0,0.13039248,0.012577263,0.005000151037199322,0.6043823302964128,2.778651205054718e+295,3470101.5010607946,-5.859662681616516e-21,8,8,1.594227650881189,0.4059380949199767,200,False,919.4911839140427,544.3918078045024,1839.4004347788493,113.46256226293485,1265.9888345091986,-205.4621793653966,701.2014241850293,-505.20038041309533
design_000156,support_random,200.0,0.13221218,0.022852845,0.00503370862290495,0.43662581660831556,8.574645438875193e+41,180779192.48486367,1.5133559959758346e-45,8,9,2.0969474390442016,0.7507474027325041,200,False,1928.2681548694914,103.91842453426139,278.69356127968894,266.77859957521724,-386.18931488601055,-777.6588858154696,491.50727079578826,-311.13606781426677
design_000377,lateral_discriminating,200.0,0.13455372,0.0094722435,0.005000265168754668,0.9263767938705174,210075851161.34866,69539.40711391979,5.774739153488301e-27,7,8,0.9189353850482108,0.4469505547191295,200,False,1038.2264729479525,-506.96696403131403,1408.1673450849448,-324.90369939459714,1366.2188110601976,201.1426731152728,950.0349555538003,610.4887079057673
design_000232,longitudinal_stratified,200.0,0.1358302,0.01565722,0.005077628838320386,0.326787056605346,8.319191926688323e+41,35513234.538714014,2.683682951143251e-44,8,9,1.9593378950210125,0.6325925161980097,200,False,-417.9817937077812,-431.29783805922466,72.90861715754173,-309.11588517092366,400.98635744753585,215.4874585862411,1839.0962290445711,550.5062306299437
design_000401,lateral_discriminating,200.0,0.143197,0.009306675,0.005000006372695863,0.8203728873970313,723458488.0309933,2533537.9617103525,2.2435977275193347e-34,10,9,0.6337287208930178,0.43129265506610226,200,False,1556.8643538300496,-450.4315460187795,1520.282452257716,-198.85400602215898,1620.9762394440568,268.2164296954399,1526.756003348777,625.755295206312
design_000477,downstream_focused,200.0,0.14675303,0.016059384,0.005056576820461624,0.5288581821439765,1.8628446505059248e+298,218241604.25652477,-2.0885339556143418e-20,9,10,1.391895108102829,0.7102131193047047,200,False,916.4423186964335,-54.72547316707255,1811.4463604026882,538.7345260954846,973.8211068526363,323.8653584441672,1599.4577109394888,-558.5609905781232
design_000101,support_random,200.0,0.14723077,0.008921249,0.005054572296969963,0.3620732100531663,5.328113165999707e+298,78455297.33227965,-4.7173407055140914e-20,9,8,1.225618888241713,0.5415321945910001,200,False,153.3569006243752,-73.22521927710072,1365.1871851047931,169.5737688345409,1789.9883364932793,517.7865219316254,-370.98021236761576,112.34006922308356
design_000135,support_random,200.0,0.1503986,0.024689265,0.005090948202566124,0.5357746098727779,1.1476092880473165e+299,114760930.13996576,-3.156595474079933e-18,8,7,1.4894916854032956,0.7603314259179257,200,False,76.32465154718689,-178.43846225148633,1658.7243675074862,700.8601590515457,1009.3556229341206,181.6694928026426,-234.45724692514105,-347.5496657806311
design_000478,downstream_focused,200.0,0.15150812,0.011047124,0.005059323686173951,0.8407298280141663,6.59570978383347e+24,52161362.29169992,3.0828536378791624e-42,10,9,1.15798695222905,0.8854405447172219,200,False,1796.7415393726355,-373.018140714792,1129.9522415265437,-69.00240747590158,1491.6376246883747,-365.6889436198223,1805.4145670782602,-7.123409092398447
design_000497,uniform_control,200.0,0.15410763,0.020392995,0.005006902159582933,0.16139941850417408,6.945588296631302e+294,81636227.29384767,-6.773865368769381e-32,10,10,2.2300324594519734,0.8575331685426882,200,False,724.2533230773395,414.42684310895834,1075.7740126093906,-226.3071550939345,1658.1825159102582,847.4231709781188,-468.00607207460496,-671.3413469172758
design_000366,lateral_discriminating,200.0,0.15445282,0.010924644,0.005000369149040491,0.598007021414703,954583141.5539087,5223509.835375073,2.317911206820771e-25,9,9,1.0996343843291554,0.7895986404411196,200,False,1289.276274215576,-525.1749254912493,1352.4119995593317,-193.3616293538702,1253.4278506702449,92.03331428176713,1326.1707131660107,491.2594373552091
design_000417,lateral_discriminating,200.0,0.15633473,0.012001451,0.005000017478494694,0.9764447737901583,238980798706.45016,9820066.456065578,1.1269969934402314e-26,8,9,1.2305955306781426,0.5929371777032514,200,False,1358.755610613949,-553.051069550786,1134.0466156996415,-285.94429660073314,1155.3606396161358,148.89439896597725,1355.5056566011615,483.62310539632324
design_000220,support_random,200.0,0.15858051,0.034382273,0.006101661447358769,0.6635262706478041,1.2260050350550903e+299,122600506.9297114,-1.9773183997818088e-17,8,9,0.8875333859800885,0.2784985236585436,200,False,178.72034865676255,-8.862193717952577,2097.750903481203,405.86122190197096,83.15653821321995,241.53144093380186,-362.23112735496215,-773.0669858508861
design_000470,downstream_focused,200.0,0.15904197,0.009471912,0.005000000307782344,0.6165566162756394,6.7407834337773665e+298,67407835.37570824,-5.627620880402676e-19,8,7,1.368818708272928,0.5513756053330643,200,False,1126.5065374567198,229.15513021809295,1813.4397833600156,-80.97808863966623,1641.7505004337524,-546.1287564979095,732.2941953797409,48.073340623140666
design_000357,lateral_discriminating,200.0,0.16157775,0.010217969,0.005230028983047954,0.7786224445052501,32959492835544.742,47058195.475354776,3.522445510448518e-31,11,10,1.173945111214527,0.35829715592548217,200,False,1417.116422945496,-652.8504414977017,1374.1431062749393,-133.94800706493558,1198.1786661498693,133.33563378278876,1506.207741636799,508.7404519916305
design_000006,manual,200.0,0.16235663,0.011289165,0.005010738935209461,0.663960725200173,6.140085057648593e+42,33028498.051714648,9.663022749203505e-46,8,8,2.0430726099516785,0.6014607811746754,200,False,0.0,-500.0,500.0,400.0,1200.0,-450.0,1900.0,350.0
design_000467,downstream_focused,200.0,0.17302994,0.018433906,0.005001845517321256,0.6838019821102073,5.668411023941422e+292,12376077.070575481,-3.7134780017527387e-28,8,7,1.5752986789895258,0.5681417239849663,200,False,1419.4105854559427,-381.6839074060598,995.1810819906077,-585.9276951090061,1790.5640741350792,20.937320123683662,931.0645097897072,219.905204835326
design_000188,support_random,200.0,0.17523688,0.018948812,0.005000345781816085,0.7883610661113771,2.6043503946800147e+298,157779344.2822118,-5.421341004141731e-20,8,8,1.5400151834889217,0.6479233229216385,200,False,1391.6297810165393,-398.9577353838275,164.6536975572751,240.48936951838726,1592.0146590372701,296.7380587938328,909.608935635277,160.91466400353215
design_000490,downstream_focused,200.0,0.18192938,0.019938972,0.0050002890968195495,0.6881626858104057,1.4699748276027523e+293,2532231.094900195,-1.299406888353384e-26,8,8,1.6430468921468389,0.620809349556015,200,False,1318.7391215648959,-505.73178032180675,769.0830348708566,-585.4829653711555,1622.1138290936558,496.7732972471845,983.8006969097216,287.4116592135092
design_000468,downstream_focused,200.0,0.18194872,0.022318529,0.005000000002578648,0.5243738325579939,1.868234753142989e+21,17586489.33388165,1.4599323325649673e-33,8,9,1.7656795015508624,0.6733027864911697,200,False,1391.1166381106636,-286.848191024955,1629.438196005819,-176.91978958386687,1587.4608138002,477.9684789905257,897.4734807773842,135.1390942874035
design_000488,downstream_focused,200.0,0.18312746,0.017709037,0.005046709159312053,0.7173757241934438,2.2196799549472927e+27,65030500.94959406,8.5538571900206e-41,9,8,1.420304328313454,0.606337919015406,200,False,946.4878198196584,-353.7398058937583,1205.1026805306003,153.4693509888382,1723.0229859293408,-450.52651409878814,1777.9097850870062,452.3922414135966
design_000407,lateral_discriminating,200.0,0.20214772,0.013307992,0.005003070839606728,0.6378928190935345,5122232571.526691,2585112.322966111,1.1113424109020069e-24,9,9,1.2524895558606632,0.8870832661612993,200,False,1249.2117388027668,-548.8342790394704,1339.5847892582851,-240.6908563025495,1283.3094850088983,100.58191947187728,1234.856144242811,507.7927717270912
design_000382,lateral_discriminating,200.0,0.29097506,0.02321309,0.005000006050735395,0.8358555427450048,34008221573.879177,48757047.21423738,7.978618186866023e-36,11,10,1.3391621815177366,0.9360165935642091,200,False,1570.218602624019,-587.5950861529217,1534.6680850815706,-185.65360515315703,1664.9534711110275,195.5905261507315,1506.215846171339,484.26976097877053
design_000419,lateral_discriminating,200.0,0.3059088,0.01904893,0.005350111102078955,0.9148648645353326,4018579978223.653,67158386.16405766,3.0193593226064175e-38,14,12,1.2605915023563734,0.8558269977225488,200,False,1690.8654567440144,-598.9269655007447,1578.7366529415747,-244.09976380998395,1545.0955057436631,177.02770401174035,1594.2726608031833,522.815585124312
design_000442,upstream_focused,200.0,0.46628726,0.0514268,0.009716205960440084,0.01908894237799567,3927139068.8617406,13550282.870605087,7.575146909323943e-13,12,7,2.950687364924253,0.9364975818025034,200,False,-338.66149385184366,525.8233412933268,-177.8878795419698,308.4679360970773,-271.38025369118634,-266.5520507179034,-133.5898891500269,-519.3642448116512
