design_index,design_id,source_time_index,day,grid_nx,grid_ny,dx_km,compatibility_residual,compatibility_relative_residual,compatibility_pass,a_tan,minimum_log_q_mass,maximum_log_q_mass,log_q_range,operator_floor,density_floored_clipped_thresholded_or_truncated,final_test_accessed,formulation,solver,preconditioner,convergence,physical_residual_pass,physical_relative_residual,physical_absolute_residual,physical_log10_absolute_residual,gauge_residual,a_full,lower_bound_pass,iteration_count,condition_proxy,log10_condition_proxy,scaled_relative_residual,unrepresentable_equilibrated_coefficient_count,unrepresentable_equilibrated_coefficient_fraction,solver_error
56,design_000056,0,0.0,219,117,16.666666666666668,-2.4890443928171635e-08,5.1268576160018134e-11,True,288908.4067755734,-299204.16228880605,-1.2240876060109827,299202.93820120004,0.0,False,False,native_unfloored_ic0_pcg_baseline,native PCG,native IC(0),False,False,42397540.43535224,1833044538.4979362,nan,6753848888.889001,4.72362436293939e+25,True,1200,4.49423283715579e+307,307.6526555685888,347709142.4331765,,,
56,design_000056,0,0.0,219,117,16.666666666666668,-2.4890443928171635e-08,5.1268576160018134e-11,True,288908.4067755734,-299204.16228880605,-1.2240876060109827,299202.93820120004,0.0,False,False,equilibrated_log_conductance_finite_volume,row-equilibrated sparse solve,not attempted,False,False,inf,inf,inf,nan,nan,False,0,inf,1419.6186263386035,inf,64277,0.5043588113901901,positive locally equilibrated conductances/RHS exceed float64 exponent range; solve rejected rather than thresholding them
56,design_000056,0,0.0,219,117,16.666666666666668,-2.4890443928171635e-08,5.1268576160018134e-11,True,288908.4067755734,-299204.16228880605,-1.2240876060109827,299202.93820120004,0.0,False,False,divided_log_density_central_difference,row-equilibrated sparse solve,SuperLU sparse direct,True,False,1365.6741283341657,17360.60851557953,4.239564943785557,-2.8109591446531944e-08,319742324520.72516,True,0,inf,129942.18503002083,1.1213138783337131e-13,0,0.0,
56,design_000056,0,0.0,219,117,16.666666666666668,-2.4890443928171635e-08,5.1268576160018134e-11,True,288908.4067755734,-299204.16228880605,-1.2240876060109827,299202.93820120004,0.0,False,False,cosine_ritz_variational_mode_5,dense eigensolved Ritz normal equations,none,True,False,518.4553526000743,6590.664802499842,3.818929224229078,0.0025255564802861416,11496504754975.72,True,1,759331527043.5228,11.880431431929525,0.000351323166699991,,,
56,design_000056,10,2.5,219,117,16.666666666666668,-5.465114852700773e-10,2.8875116761744743e-12,True,1027696.4455192434,-278303.2763843477,-2.870083804114522,278300.4063005436,0.0,False,False,native_unfloored_ic0_pcg_baseline,native PCG,native IC(0),False,False,154936.65442584598,36804747.23550581,nan,182777.77777777764,1.628551787256946e+20,True,1200,4.49423283715579e+307,307.6526555685888,155538.60901422694,,,
56,design_000056,10,2.5,219,117,16.666666666666668,-5.465114852700773e-10,2.8875116761744743e-12,True,1027696.4455192434,-278303.2763843477,-2.870083804114522,278300.4063005436,0.0,False,False,equilibrated_log_conductance_finite_volume,row-equilibrated sparse solve,not attempted,False,False,inf,inf,inf,nan,nan,False,0,inf,13234.430333397588,inf,27957,0.21936865892987453,positive locally equilibrated conductances/RHS exceed float64 exponent range; solve rejected rather than thresholding them
56,design_000056,10,2.5,219,117,16.666666666666668,-5.465114852700773e-10,2.8875116761744743e-12,True,1027696.4455192434,-278303.2763843477,-2.870083804114522,278300.4063005436,0.0,False,False,divided_log_density_central_difference,row-equilibrated sparse solve,SuperLU sparse direct,True,False,0.9867913043718505,13.289646243353356,1.1235134206263773,-5.686173853539347e-10,14233765.438169587,True,0,inf,120864.33076775903,2.567934029522059e-13,0,0.0,
56,design_000056,10,2.5,219,117,16.666666666666668,-5.465114852700773e-10,2.8875116761744743e-12,True,1027696.4455192434,-278303.2763843477,-2.870083804114522,278300.4063005436,0.0,False,False,cosine_ritz_variational_mode_5,dense eigensolved Ritz normal equations,none,True,False,4.446363227546308,59.88155155173349,1.77729304453719,1.3176883618898398e-06,157949950.3253797,True,1,403161689668.12177,11.605479256680974,5.5126019469732015e-06,,,
56,design_000056,40,10.0,219,117,16.666666666666668,3.518579547461043e-14,2.5483178392287693e-15,True,2244527.487826061,-36113.02617967148,-5.548860641167814,36107.47731903031,0.0,False,False,native_unfloored_ic0_pcg_baseline,native PCG,native IC(0),True,True,9.888842112780793e-09,9.62865064659487e-07,nan,-1.1052887000712675e-10,2734574.695956837,True,820,4.49423283715579e+307,307.6526555685888,9.889525788128056e-09,,,
56,design_000056,40,10.0,219,117,16.666666666666668,3.518579547461043e-14,2.5483178392287693e-15,True,2244527.487826061,-36113.02617967148,-5.548860641167814,36107.47731903031,0.0,False,False,equilibrated_log_conductance_finite_volume,row-equilibrated sparse solve,not attempted,False,False,inf,inf,inf,nan,nan,False,0,inf,5885.268044583146,inf,2651,0.02080145633734297,positive locally equilibrated conductances/RHS exceed float64 exponent range; solve rejected rather than thresholding them
56,design_000056,40,10.0,219,117,16.666666666666668,3.518579547461043e-14,2.5483178392287693e-15,True,2244527.487826061,-36113.02617967148,-5.548860641167814,36107.47731903031,0.0,False,False,divided_log_density_central_difference,row-equilibrated sparse solve,SuperLU sparse direct,True,False,0.15832587538840642,0.059997385739896665,-1.2218676726742266,-6.593007596315511e-10,2623620.0464434456,True,0,inf,15681.278155101683,6.657015747923246e-13,0,0.0,
56,design_000056,40,10.0,219,117,16.666666666666668,3.518579547461043e-14,2.5483178392287693e-15,True,2244527.487826061,-36113.02617967148,-5.548860641167814,36107.47731903031,0.0,False,False,cosine_ritz_variational_mode_5,dense eigensolved Ritz normal equations,none,True,False,0.6470431209504401,0.2451961539626698,-0.6104863462494199,1.2944192527322074e-07,2560912.739970745,True,1,724463184545.5887,11.860016320580213,3.144158571112065e-09,,,
56,design_000056,90,22.5,219,117,16.666666666666668,1.762479051592436e-15,6.189899325668191e-16,True,116017.35103259399,-5050.687910353935,-6.9547503674380104,5043.7331599864965,0.0,False,False,native_unfloored_ic0_pcg_baseline,native PCG,native IC(0),False,False,1.8972933030651362e-08,7.352159274010833e-07,nan,2.368475785867e-11,677136.2361065898,True,1200,4.49423283715579e+307,307.6526555685888,1.897388720405927e-08,,,
56,design_000056,90,22.5,219,117,16.666666666666668,1.762479051592436e-15,6.189899325668191e-16,True,116017.35103259399,-5050.687910353935,-6.9547503674380104,5043.7331599864965,0.0,False,False,equilibrated_log_conductance_finite_volume,row-equilibrated sparse solve,not attempted,False,False,inf,inf,inf,nan,nan,False,0,inf,709.9953263288298,inf,36,0.00028247922600692073,positive locally equilibrated conductances/RHS exceed float64 exponent range; solve rejected rather than thresholding them
56,design_000056,90,22.5,219,117,16.666666666666668,1.762479051592436e-15,6.189899325668191e-16,True,116017.35103259399,-5050.687910353935,-6.9547503674380104,5043.7331599864965,0.0,False,False,divided_log_density_central_difference,row-equilibrated sparse solve,SuperLU sparse direct,True,False,0.46451141715728483,0.01717382837089923,-1.765132881599394,3.8313508909749546e-11,671021.3341927411,True,0,inf,2190.4654795745864,1.2817978085532864e-12,0,0.0,
56,design_000056,90,22.5,219,117,16.666666666666668,1.762479051592436e-15,6.189899325668191e-16,True,116017.35103259399,-5050.687910353935,-6.9547503674380104,5043.7331599864965,0.0,False,False,cosine_ritz_variational_mode_5,dense eigensolved Ritz normal equations,none,True,False,1.0886879726706977,0.04025076607703264,-1.3952258494610352,2.4788643790578015e-09,642683.9309465751,True,1,51568667.655649625,7.712385910982551,7.674987792697533e-14,,,
56,design_000056,180,45.0,219,117,16.666666666666668,4.671555243335179e-11,3.456023081726548e-11,True,55700.09552557365,-2055.825744895631,-8.04841533996141,2047.7773295556697,0.0,False,False,native_unfloored_ic0_pcg_baseline,native PCG,native IC(0),True,True,9.587262817007127e-09,5.155633510107807e-07,nan,-7.894919286223333e-11,425477.6906055863,True,640,4.49423283715579e+307,307.6526555685888,9.588257354045915e-09,,,
56,design_000056,180,45.0,219,117,16.666666666666668,4.671555243335179e-11,3.456023081726548e-11,True,55700.09552557365,-2055.825744895631,-8.04841533996141,2047.7773295556697,0.0,False,False,equilibrated_log_conductance_finite_volume,row-equilibrated sparse solve,not attempted,False,False,inf,inf,inf,nan,nan,False,0,inf,323.97652464754174,inf,1,7.84664516685891e-06,positive locally equilibrated conductances/RHS exceed float64 exponent range; solve rejected rather than thresholding them
56,design_000056,180,45.0,219,117,16.666666666666668,4.671555243335179e-11,3.456023081726548e-11,True,55700.09552557365,-2055.825744895631,-8.04841533996141,2047.7773295556697,0.0,False,False,divided_log_density_central_difference,row-equilibrated sparse solve,SuperLU sparse direct,True,False,0.35265107341708307,0.006061083189188329,-2.217449755198452,-2.2005892610510403e-10,451291.34038161545,True,0,inf,889.3383943926041,2.084611615334934e-12,0,0.0,
56,design_000056,180,45.0,219,117,16.666666666666668,4.671555243335179e-11,3.456023081726548e-11,True,55700.09552557365,-2055.825744895631,-8.04841533996141,2047.7773295556697,0.0,False,False,cosine_ritz_variational_mode_5,dense eigensolved Ritz normal equations,none,True,False,0.4248898914390285,0.00730266592783437,-2.1365185664017687,-1.1215979060671335e-10,421181.68898044777,True,1,4187.828770020746,3.6219889161406655,9.539181659789144e-15,,,
88,design_000088,0,0.0,219,117,16.666666666666668,-1.6466297714928801e-07,4.697568845895159e-09,True,1212630.973749706,-298947.56139390275,-1.378859662254925,298946.1825342405,0.0,False,False,native_unfloored_ic0_pcg_baseline,native PCG,native IC(0),False,False,1197.9362444172034,45409.89808754499,nan,16319.588555230059,1436629960206720.0,True,1200,4.49423283715579e+307,307.6526555685888,1540.661834611345,,,
88,design_000088,0,0.0,219,117,16.666666666666668,-1.6466297714928801e-07,4.697568845895159e-09,True,1212630.973749706,-298947.56139390275,-1.378859662254925,298946.1825342405,0.0,False,False,equilibrated_log_conductance_finite_volume,row-equilibrated sparse solve,not attempted,False,False,inf,inf,inf,nan,nan,False,0,inf,1419.6186263386035,inf,63906,0.5014477060332855,positive locally equilibrated conductances/RHS exceed float64 exponent range; solve rejected rather than thresholding them
88,design_000088,0,0.0,219,117,16.666666666666668,-1.6466297714928801e-07,4.697568845895159e-09,True,1212630.973749706,-298947.56139390275,-1.378859662254925,298946.1825342405,0.0,False,False,divided_log_density_central_difference,row-equilibrated sparse solve,SuperLU sparse direct,True,False,3666.3524843373493,35004.17895305486,4.544119895433487,4.645662977615741e-08,673590858184.5563,True,0,inf,129830.6774606629,7.490747976012405e-13,0,0.0,
88,design_000088,0,0.0,219,117,16.666666666666668,-1.6466297714928801e-07,4.697568845895159e-09,True,1212630.973749706,-298947.56139390275,-1.378859662254925,298946.1825342405,0.0,False,False,cosine_ritz_variational_mode_5,dense eigensolved Ritz normal equations,none,True,False,183.06865859276294,1747.8319701808437,3.2424996789100073,4.1273217779941835e-05,5818589836.12964,True,1,566114366823.8363,11.75290417652943,2.03302229235474e-05,,,
88,design_000088,10,2.5,219,117,16.666666666666668,-1.2595862179514524e-09,8.25369020099856e-12,True,8002988.7245573215,-278320.6514051029,-2.6492718022156083,278318.0021333007,0.0,False,False,native_unfloored_ic0_pcg_baseline,native PCG,native IC(0),False,False,975499.5449168572,132768822.91442493,nan,-3921388.888888886,1.1308513457464209e+20,True,1200,4.49423283715579e+307,307.6526555685888,971408.0445812179,,,
88,design_000088,10,2.5,219,117,16.666666666666668,-1.2595862179514524e-09,8.25369020099856e-12,True,8002988.7245573215,-278320.6514051029,-2.6492718022156083,278318.0021333007,0.0,False,False,equilibrated_log_conductance_finite_volume,row-equilibrated sparse solve,not attempted,False,False,inf,inf,inf,nan,nan,False,0,inf,13234.430333397575,inf,27956,0.21936081228470766,positive locally equilibrated conductances/RHS exceed float64 exponent range; solve rejected rather than thresholding them
88,design_000088,10,2.5,219,117,16.666666666666668,-1.2595862179514524e-09,8.25369020099856e-12,True,8002988.7245573215,-278320.6514051029,-2.6492718022156083,278318.0021333007,0.0,False,False,divided_log_density_central_difference,row-equilibrated sparse solve,SuperLU sparse direct,True,False,1.4951599929884165,14.387739859977371,1.1579925768808563,2.734425850787507e-07,2600551461.065109,True,0,inf,120871.97254082996,1.5251824350140476e-11,0,0.0,
88,design_000088,10,2.5,219,117,16.666666666666668,-1.2595862179514524e-09,8.25369020099856e-12,True,8002988.7245573215,-278320.6514051029,-2.6492718022156083,278318.0021333007,0.0,False,False,cosine_ritz_variational_mode_5,dense eigensolved Ritz normal equations,none,True,False,5.394779098392912,51.9132926467501,1.7152785752661472,-2.1067878350445193e-05,386069221.6322076,True,1,618714356356.6764,11.791490193301637,5.209512680305212e-06,,,
88,design_000088,40,10.0,219,117,16.666666666666668,-1.1233545973291172e-10,7.671295370547704e-12,True,2365430.981150525,-36112.28954853939,-5.968403561968177,36106.321144977424,0.0,False,False,native_unfloored_ic0_pcg_baseline,native PCG,native IC(0),True,True,9.627532364493845e-09,1.3286791556928325e-06,nan,2.7790115887506162e-09,2991725.4782157387,True,773,4.49423283715579e+307,307.6526555685888,9.651375290826473e-09,,,
88,design_000088,40,10.0,219,117,16.666666666666668,-1.1233545973291172e-10,7.671295370547704e-12,True,2365430.981150525,-36112.28954853939,-5.968403561968177,36106.321144977424,0.0,False,False,equilibrated_log_conductance_finite_volume,row-equilibrated sparse solve,not attempted,False,False,inf,inf,inf,nan,nan,False,0,inf,5885.268044583148,inf,2651,0.02080145633734297,positive locally equilibrated conductances/RHS exceed float64 exponent range; solve rejected rather than thresholding them
88,design_000088,40,10.0,219,117,16.666666666666668,-1.1233545973291172e-10,7.671295370547704e-12,True,2365430.981150525,-36112.28954853939,-5.968403561968177,36106.321144977424,0.0,False,False,divided_log_density_central_difference,row-equilibrated sparse solve,SuperLU sparse direct,True,False,0.2617560607400496,0.09241812390395246,-1.034242851944028,-1.6823755580237013e-09,3027691.9962080745,True,0,inf,15680.776035090395,3.4823797536557564e-13,0,0.0,
88,design_000088,40,10.0,219,117,16.666666666666668,-1.1233545973291172e-10,7.671295370547704e-12,True,2365430.981150525,-36112.28954853939,-5.968403561968177,36106.321144977424,0.0,False,False,cosine_ritz_variational_mode_5,dense eigensolved Ritz normal equations,none,True,False,0.6130217944313309,0.21643939778663435,-0.6646636831034619,-1.5690995507086464e-07,2912167.103023122,True,1,378919938330.04926,11.578547457950894,9.734197335027327e-09,,,
88,design_000088,90,22.5,219,117,16.666666666666668,1.7911887251198522e-14,5.121551030137592e-15,True,327208.0591338314,-5050.986400691805,-7.2985814266492515,5043.687819265156,0.0,False,False,native_unfloored_ic0_pcg_baseline,native PCG,native IC(0),False,False,1.590363204660173e-08,1.2208311174932882e-06,nan,3.947459643111669e-11,965671.1518467002,True,1200,4.49423283715579e+307,307.6526555685888,1.5903797589960254e-08,,,
88,design_000088,90,22.5,219,117,16.666666666666668,1.7911887251198522e-14,5.121551030137592e-15,True,327208.0591338314,-5050.986400691805,-7.2985814266492515,5043.687819265156,0.0,False,False,equilibrated_log_conductance_finite_volume,row-equilibrated sparse solve,not attempted,False,False,inf,inf,inf,nan,nan,False,0,inf,709.9953263168001,inf,36,0.00028247922600692073,positive locally equilibrated conductances/RHS exceed float64 exponent range; solve rejected rather than thresholding them
88,design_000088,90,22.5,219,117,16.666666666666668,1.7911887251198522e-14,5.121551030137592e-15,True,327208.0591338314,-5050.986400691805,-7.2985814266492515,5043.687819265156,0.0,False,False,divided_log_density_central_difference,row-equilibrated sparse solve,SuperLU sparse direct,True,False,0.15634929626851327,0.008119355605799596,-2.0904784372551988,-5.70209782051791e-11,967456.2394038276,True,0,inf,2190.4457883495024,3.048086997785405e-12,0,0.0,
88,design_000088,90,22.5,219,117,16.666666666666668,1.7911887251198522e-14,5.121551030137592e-15,True,327208.0591338314,-5050.986400691805,-7.2985814266492515,5043.687819265156,0.0,False,False,cosine_ritz_variational_mode_5,dense eigensolved Ritz normal equations,none,True,False,0.4648183400312671,0.02413842265289026,-1.6172911126780802,-2.783978093296499e-09,942342.1827998997,True,1,68304580.57111374,7.8344498288653455,1.62157481369661e-14,,,
88,design_000088,180,45.0,219,117,16.666666666666668,1.1173082858223493e-11,8.983823784061834e-12,True,56212.22721175095,-2055.8665766851313,-8.229871301574766,2047.6367053835565,0.0,False,False,native_unfloored_ic0_pcg_baseline,native PCG,native IC(0),True,True,8.841239890837661e-09,4.791853359279941e-07,nan,3.157967714489332e-11,342258.3669990705,True,551,4.49423283715579e+307,307.6526555685888,8.854822819465171e-09,,,
88,design_000088,180,45.0,219,117,16.666666666666668,1.1173082858223493e-11,8.983823784061834e-12,True,56212.22721175095,-2055.8665766851313,-8.229871301574766,2047.6367053835565,0.0,False,False,equilibrated_log_conductance_finite_volume,row-equilibrated sparse solve,not attempted,False,False,inf,inf,inf,nan,nan,False,0,inf,323.9765246498231,inf,1,7.84664516685891e-06,positive locally equilibrated conductances/RHS exceed float64 exponent range; solve rejected rather than thresholding them
88,design_000088,180,45.0,219,117,16.666666666666668,1.1173082858223493e-11,8.983823784061834e-12,True,56212.22721175095,-2055.8665766851313,-8.229871301574766,2047.6367053835565,0.0,False,False,divided_log_density_central_difference,row-equilibrated sparse solve,SuperLU sparse direct,True,False,0.291006487123963,0.004204412533863964,-2.376294677898113,-6.135211501963221e-10,357423.4025967089,True,0,inf,889.2773220906331,2.0314701126929472e-12,0,0.0,
88,design_000088,180,45.0,219,117,16.666666666666668,1.1173082858223493e-11,8.983823784061834e-12,True,56212.22721175095,-2055.8665766851313,-8.229871301574766,2047.6367053835565,0.0,False,False,cosine_ritz_variational_mode_5,dense eigensolved Ritz normal equations,none,True,False,0.27668998200210154,0.003997570087943365,-2.398203913187678,3.6002051343170256e-10,341045.2091877891,True,1,4395.939703940922,3.64305172687581,8.492967553706808e-15,,,
138,design_000138,0,0.0,219,117,16.666666666666668,1.281959540175917e-10,2.4518659824267957e-12,True,95802.87083758872,-298886.7223025021,-1.672902994126673,298885.04939950793,0.0,False,False,native_unfloored_ic0_pcg_baseline,native PCG,native IC(0),False,False,18876.11005555117,603613.2613445139,nan,9999.999999999973,2.1222994909828837e+19,True,1200,4.49423283715579e+307,307.6526555685888,18920.756479548178,,,
138,design_000138,0,0.0,219,117,16.666666666666668,1.281959540175917e-10,2.4518659824267957e-12,True,95802.87083758872,-298886.7223025021,-1.672902994126673,298885.04939950793,0.0,False,False,equilibrated_log_conductance_finite_volume,row-equilibrated sparse solve,not attempted,False,False,inf,inf,inf,nan,nan,False,0,inf,1419.6186263386035,inf,64400,0.5053239487457137,positive locally equilibrated conductances/RHS exceed float64 exponent range; solve rejected rather than thresholding them
138,design_000138,0,0.0,219,117,16.666666666666668,1.281959540175917e-10,2.4518659824267957e-12,True,95802.87083758872,-298886.7223025021,-1.672902994126673,298885.04939950793,0.0,False,False,divided_log_density_central_difference,row-equilibrated sparse solve,SuperLU sparse direct,True,False,2205.1429145762195,13235.808466591485,4.121750473922669,1.4262684971721619e-08,256106269311.7694,True,0,inf,129804.12767758711,2.311620881373613e-13,0,0.0,
138,design_000138,0,0.0,219,117,16.666666666666668,1.281959540175917e-10,2.4518659824267957e-12,True,95802.87083758872,-298886.7223025021,-1.672902994126673,298885.04939950793,0.0,False,False,cosine_ritz_variational_mode_5,dense eigensolved Ritz normal equations,none,True,False,244.80316350370276,1469.368612225924,3.167130758468291,-3.7732428212935716e-05,154051531186.42346,True,1,380100168703.6129,11.579898062360357,4.9065101973572895e-05,,,
138,design_000138,10,2.5,219,117,16.666666666666668,-8.648392958801875e-10,4.027961450617301e-12,True,2742613.5840938985,-278290.23136121914,-3.0003604577918495,278287.2310007613,0.0,False,False,native_unfloored_ic0_pcg_baseline,native PCG,native IC(0),False,False,726271.5436291962,200449820.4130969,nan,-3862222.222222223,9.586651293233973e+20,True,1200,4.49423283715579e+307,307.6526555685888,729269.8922181237,,,
138,design_000138,10,2.5,219,117,16.666666666666668,-8.648392958801875e-10,4.027961450617301e-12,True,2742613.5840938985,-278290.23136121914,-3.0003604577918495,278287.2310007613,0.0,False,False,equilibrated_log_conductance_finite_volume,row-equilibrated sparse solve,not attempted,False,False,inf,inf,inf,nan,nan,False,0,inf,13234.430333397588,inf,27956,0.21936081228470766,positive locally equilibrated conductances/RHS exceed float64 exponent range; solve rejected rather than thresholding them
138,design_000138,10,2.5,219,117,16.666666666666668,-8.648392958801875e-10,4.027961450617301e-12,True,2742613.5840938985,-278290.23136121914,-3.0003604577918495,278287.2310007613,0.0,False,False,divided_log_density_central_difference,row-equilibrated sparse solve,SuperLU sparse direct,True,False,0.831000504786496,11.414790374172371,1.0574679403399518,-1.532858575027923e-10,32036192.897161603,True,0,inf,120858.60880776618,1.1603219433505635e-13,0,0.0,
138,design_000138,10,2.5,219,117,16.666666666666668,-8.648392958801875e-10,4.027961450617301e-12,True,2742613.5840938985,-278290.23136121914,-3.0003604577918495,278287.2310007613,0.0,False,False,cosine_ritz_variational_mode_5,dense eigensolved Ritz normal equations,none,True,False,9.094518233665662,124.92413493545796,2.096646350757747,3.1599586492024746e-05,849676707.3693926,True,1,407842939787.4426,11.610492948590235,1.7538785840824485e-05,,,
138,design_000138,40,10.0,219,117,16.666666666666668,-6.01357874749922e-14,4.13594268952302e-15,True,2820598.5442881295,-36113.7432652179,-5.871691014121874,36107.871574203775,0.0,False,False,native_unfloored_ic0_pcg_baseline,native PCG,native IC(0),True,True,9.391307419359388e-09,1.3302598882309962e-06,nan,2.3684757858670014e-11,3497525.7553203916,True,763,4.49423283715579e+307,307.6526555685888,9.391513355261302e-09,,,
138,design_000138,40,10.0,219,117,16.666666666666668,-6.01357874749922e-14,4.13594268952302e-15,True,2820598.5442881295,-36113.7432652179,-5.871691014121874,36107.871574203775,0.0,False,False,equilibrated_log_conductance_finite_volume,row-equilibrated sparse solve,not attempted,False,False,inf,inf,inf,nan,nan,False,0,inf,5885.268044583146,inf,2651,0.02080145633734297,positive locally equilibrated conductances/RHS exceed float64 exponent range; solve rejected rather than thresholding them
138,design_000138,40,10.0,219,117,16.666666666666668,-6.01357874749922e-14,4.13594268952302e-15,True,2820598.5442881295,-36113.7432652179,-5.871691014121874,36107.871574203775,0.0,False,False,divided_log_density_central_difference,row-equilibrated sparse solve,SuperLU sparse direct,True,False,0.16742092660330515,0.06683087896533718,-1.1750228269612168,-2.4034954195069e-10,3504054.309587218,True,0,inf,15681.449377947982,6.085772370070086e-13,0,0.0,
138,design_000138,40,10.0,219,117,16.666666666666668,-6.01357874749922e-14,4.13594268952302e-15,True,2820598.5442881295,-36113.7432652179,-5.871691014121874,36107.871574203775,0.0,False,False,cosine_ritz_variational_mode_5,dense eigensolved Ritz normal equations,none,True,False,0.7033290023023491,0.28075400357240476,-0.5516740419516122,-9.866364203327992e-07,3285957.251197902,True,1,463965720268.99646,11.666485894244584,8.29324999664885e-09,,,
138,design_000138,90,22.5,219,117,16.666666666666668,7.0403752272518716e-15,2.1962521457630006e-15,True,130481.47310308846,-5050.757468595264,-6.970126838483029,5043.787341756781,0.0,False,False,native_unfloored_ic0_pcg_baseline,native PCG,native IC(0),False,False,1.3208825130365767e-08,6.523335693827737e-07,nan,9.473903143468008e-11,596008.5999254516,True,1200,4.49423283715579e+307,307.6526555685888,1.3208861846744102e-08,,,
138,design_000138,90,22.5,219,117,16.666666666666668,7.0403752272518716e-15,2.1962521457630006e-15,True,130481.47310308846,-5050.757468595264,-6.970126838483029,5043.787341756781,0.0,False,False,equilibrated_log_conductance_finite_volume,row-equilibrated sparse solve,not attempted,False,False,inf,inf,inf,nan,nan,False,0,inf,709.9953263293158,inf,36,0.00028247922600692073,positive locally equilibrated conductances/RHS exceed float64 exponent range; solve rejected rather than thresholding them
138,design_000138,90,22.5,219,117,16.666666666666668,7.0403752272518716e-15,2.1962521457630006e-15,True,130481.47310308846,-5050.757468595264,-6.970126838483029,5043.787341756781,0.0,False,False,divided_log_density_central_difference,row-equilibrated sparse solve,SuperLU sparse direct,True,False,0.37976106293707307,0.017620910591997774,-1.7539716524017495,3.2456866854663463e-10,590865.3778847383,True,0,inf,2190.4890104184406,1.0196514443128504e-12,0,0.0,
138,design_000138,90,22.5,219,117,16.666666666666668,7.0403752272518716e-15,2.1962521457630006e-15,True,130481.47310308846,-5050.757468595264,-6.970126838483029,5043.787341756781,0.0,False,False,cosine_ritz_variational_mode_5,dense eigensolved Ritz normal equations,none,True,False,0.9870850016002763,0.045800736982828986,-1.339127533677337,3.97342048432674e-09,549756.9753090503,True,1,54724625.05228662,7.738182794666086,9.411182047217825e-14,,,
138,design_000138,180,45.0,219,117,16.666666666666668,2.1796002069168763e-11,1.3377994956742239e-11,True,55256.809903667265,-2055.9659499884533,-8.259579972719365,2047.706370015734,0.0,False,False,native_unfloored_ic0_pcg_baseline,native PCG,native IC(0),True,True,9.767466975322068e-09,6.886151338826556e-07,nan,-1.5789838572446666e-10,362255.7044372097,True,495,4.49423283715579e+307,307.6526555685888,9.772642964342293e-09,,,
138,design_000138,180,45.0,219,117,16.666666666666668,2.1796002069168763e-11,1.3377994956742239e-11,True,55256.809903667265,-2055.9659499884533,-8.259579972719365,2047.706370015734,0.0,False,False,equilibrated_log_conductance_finite_volume,row-equilibrated sparse solve,not attempted,False,False,inf,inf,inf,nan,nan,False,0,inf,323.9765246475988,inf,1,7.84664516685891e-06,positive locally equilibrated conductances/RHS exceed float64 exponent range; solve rejected rather than thresholding them
138,design_000138,180,45.0,219,117,16.666666666666668,2.1796002069168763e-11,1.3377994956742239e-11,True,55256.809903667265,-2055.9659499884533,-8.259579972719365,2047.706370015734,0.0,False,False,divided_log_density_central_difference,row-equilibrated sparse solve,SuperLU sparse direct,True,False,0.22991609948587177,0.004194440031916451,-2.3773260103492992,-4.7773626791418033e-11,377469.74407921114,True,0,inf,889.3075770559716,1.2455051785291958e-12,0,0.0,
138,design_000138,180,45.0,219,117,16.666666666666668,2.1796002069168763e-11,1.3377994956742239e-11,True,55256.809903667265,-2055.9659499884533,-8.259579972719365,2047.706370015734,0.0,False,False,cosine_ritz_variational_mode_5,dense eigensolved Ritz normal equations,none,True,False,0.23367743971293992,0.0042630594807386585,-2.370278607775958,6.641250842592259e-10,360746.66436444205,True,1,5036.108713331951,3.702095096553096,6.572474335674551e-15,,,
192,design_000192,0,0.0,219,117,16.666666666666668,-6.397436263970898e-10,2.240194125620786e-11,True,78443.90343178832,-298918.8235080895,-2.6953015829899982,298916.12820650655,0.0,False,False,native_unfloored_ic0_pcg_baseline,native PCG,native IC(0),False,False,49753352.35830003,3470533683.497675,nan,-4327395555.555545,9.385456238282089e+21,True,1200,4.49423283715579e+307,307.6526555685888,297831318.84300286,,,
192,design_000192,0,0.0,219,117,16.666666666666668,-6.397436263970898e-10,2.240194125620786e-11,True,78443.90343178832,-298918.8235080895,-2.6953015829899982,298916.12820650655,0.0,False,False,equilibrated_log_conductance_finite_volume,row-equilibrated sparse solve,not attempted,False,False,inf,inf,inf,nan,nan,False,0,inf,1419.6186263386035,inf,65005,0.5100711690716634,positive locally equilibrated conductances/RHS exceed float64 exponent range; solve rejected rather than thresholding them
192,design_000192,0,0.0,219,117,16.666666666666668,-6.397436263970898e-10,2.240194125620786e-11,True,78443.90343178832,-298918.8235080895,-2.6953015829899982,298916.12820650655,0.0,False,False,divided_log_density_central_difference,row-equilibrated sparse solve,SuperLU sparse direct,True,False,2278.942750853387,10733.780898582367,4.030752726081647,-4.348583755666591e-08,310270278252.98157,True,0,inf,129817.62503197075,1.454969898128029e-13,0,0.0,
192,design_000192,0,0.0,219,117,16.666666666666668,-6.397436263970898e-10,2.240194125620786e-11,True,78443.90343178832,-298918.8235080895,-2.6953015829899982,298916.12820650655,0.0,False,False,cosine_ritz_variational_mode_5,dense eigensolved Ritz normal equations,none,True,False,83.56016350194434,393.5669233216695,2.5950185917346498,1.5167747966179974e-06,16102359830.938864,True,1,56614389886.73727,10.752926831437659,4.015276410797399e-05,,,
192,design_000192,10,2.5,219,117,16.666666666666668,-8.054383577035127e-10,3.851715270677437e-12,True,1442931.6294387577,-278290.1907257332,-3.4741178728650923,278286.7166078603,0.0,False,False,native_unfloored_ic0_pcg_baseline,native PCG,native IC(0),False,False,2.879596278965972e-07,0.0001424625425458527,nan,0.00030782151346405356,13132908686.603045,True,1200,4.49423283715579e+307,307.6526555685888,5.985592565104015e-06,,,
192,design_000192,10,2.5,219,117,16.666666666666668,-8.054383577035127e-10,3.851715270677437e-12,True,1442931.6294387577,-278290.1907257332,-3.4741178728650923,278286.7166078603,0.0,False,False,equilibrated_log_conductance_finite_volume,row-equilibrated sparse solve,not attempted,False,False,inf,inf,inf,nan,nan,False,0,inf,13234.4303333976,inf,27956,0.21936081228470766,positive locally equilibrated conductances/RHS exceed float64 exponent range; solve rejected rather than thresholding them
192,design_000192,10,2.5,219,117,16.666666666666668,-8.054383577035127e-10,3.851715270677437e-12,True,1442931.6294387577,-278290.1907257332,-3.4741178728650923,278286.7166078603,0.0,False,False,divided_log_density_central_difference,row-equilibrated sparse solve,SuperLU sparse direct,True,False,6.0886686436207516,93.3471805792186,1.9701012052269409,5.0948931994432234e-08,3651105712.166223,True,0,inf,120858.38540976774,1.265578366939534e-11,0,0.0,
192,design_000192,10,2.5,219,117,16.666666666666668,-8.054383577035127e-10,3.851715270677437e-12,True,1442931.6294387577,-278290.1907257332,-3.4741178728650923,278286.7166078603,0.0,False,False,cosine_ritz_variational_mode_5,dense eigensolved Ritz normal equations,none,True,False,2.533838485658151,38.84702757262379,1.589357793839795,-3.790937250355213e-06,156977380.19267777,True,1,616067661764.9547,11.789628412679741,4.357834491421971e-06,,,
192,design_000192,40,10.0,219,117,16.666666666666668,-1.9204892520211704e-09,1.5423636011780667e-10,True,1961607.4043390553,-36112.2742576248,-6.08014388922698,36106.19411373557,0.0,False,False,native_unfloored_ic0_pcg_baseline,native PCG,native IC(0),True,True,9.790734826606486e-09,1.5266597658469309e-06,nan,6.276460832547551e-10,2896713.9756869315,True,647,4.49423283715579e+307,307.6526555685888,9.789656786875564e-09,,,
192,design_000192,40,10.0,219,117,16.666666666666668,-1.9204892520211704e-09,1.5423636011780667e-10,True,1961607.4043390553,-36112.2742576248,-6.08014388922698,36106.19411373557,0.0,False,False,equilibrated_log_conductance_finite_volume,row-equilibrated sparse solve,not attempted,False,False,inf,inf,inf,nan,nan,False,0,inf,5885.268044583147,inf,2650,0.02079360969217611,positive locally equilibrated conductances/RHS exceed float64 exponent range; solve rejected rather than thresholding them
192,design_000192,40,10.0,219,117,16.666666666666668,-1.9204892520211704e-09,1.5423636011780667e-10,True,1961607.4043390553,-36112.2742576248,-6.08014388922698,36106.19411373557,0.0,False,False,divided_log_density_central_difference,row-equilibrated sparse solve,SuperLU sparse direct,True,False,0.08554676543166806,0.03051810935986469,-1.5154423750425663,1.7714873709636415e-10,2822250.0251659458,True,0,inf,15680.720866123027,8.74948029951217e-13,0,0.0,
192,design_000192,40,10.0,219,117,16.666666666666668,-1.9204892520211704e-09,1.5423636011780667e-10,True,1961607.4043390553,-36112.2742576248,-6.08014388922698,36106.19411373557,0.0,False,False,cosine_ritz_variational_mode_5,dense eigensolved Ritz normal equations,none,True,False,0.8593459063296963,0.3065646283057875,-0.5134779558671718,1.1177991021962828e-06,2566610.3811992537,True,1,715790965240.8019,11.854786212395942,1.072665634075222e-08,,,
192,design_000192,90,22.5,219,117,16.666666666666668,-7.45931094670027e-17,2.5189165371368423e-17,True,101890.02768677227,-5050.748403151522,-7.016417520252028,5043.731985631271,0.0,False,False,native_unfloored_ic0_pcg_baseline,native PCG,native IC(0),False,False,1.6756288161008123e-08,7.507837012297779e-07,nan,-7.894919286223335e-12,522044.52976780065,True,1200,4.49423283715579e+307,307.6526555685888,1.675610366077409e-08,,,
192,design_000192,90,22.5,219,117,16.666666666666668,-7.45931094670027e-17,2.5189165371368423e-17,True,101890.02768677227,-5050.748403151522,-7.016417520252028,5043.731985631271,0.0,False,False,equilibrated_log_conductance_finite_volume,row-equilibrated sparse solve,not attempted,False,False,inf,inf,inf,nan,nan,False,0,inf,709.9953263264956,inf,36,0.00028247922600692073,positive locally equilibrated conductances/RHS exceed float64 exponent range; solve rejected rather than thresholding them
192,design_000192,90,22.5,219,117,16.666666666666668,-7.45931094670027e-17,2.5189165371368423e-17,True,101890.02768677227,-5050.748403151522,-7.016417520252028,5043.731985631271,0.0,False,False,divided_log_density_central_difference,row-equilibrated sparse solve,SuperLU sparse direct,True,False,0.16946814457760614,0.006811357549911367,-2.166766321614643,-2.61011910012631e-11,518481.28700204974,True,0,inf,2190.464969558592,1.3211618511568552e-12,0,0.0,
192,design_000192,90,22.5,219,117,16.666666666666668,-7.45931094670027e-17,2.5189165371368423e-17,True,101890.02768677227,-5050.748403151522,-7.016417520252028,5043.731985631271,0.0,False,False,cosine_ritz_variational_mode_5,dense eigensolved Ritz normal equations,none,True,False,0.5928731208166228,0.023829084915510678,-1.6228926351094766,4.295981931909203e-09,493605.072933732,True,1,57248776.08417104,7.757766206373102,7.151801559042035e-14,,,
192,design_000192,180,45.0,219,117,16.666666666666668,2.7585603940005754e-11,2.5420028731177334e-11,True,29782.016520473157,-2055.815280967024,-8.187840190958921,2047.6274407760652,0.0,False,False,native_unfloored_ic0_pcg_baseline,native PCG,native IC(0),True,True,9.7587443587191e-09,4.619097875416749e-07,nan,-6.315935428978675e-11,265795.61249669245,True,559,4.49423283715579e+307,307.6526555685888,9.818401950661403e-09,,,
192,design_000192,180,45.0,219,117,16.666666666666668,2.7585603940005754e-11,2.5420028731177334e-11,True,29782.016520473157,-2055.815280967024,-8.187840190958921,2047.6274407760652,0.0,False,False,equilibrated_log_conductance_finite_volume,row-equilibrated sparse solve,not attempted,False,False,inf,inf,inf,nan,nan,False,0,inf,323.9765246476146,inf,1,7.84664516685891e-06,positive locally equilibrated conductances/RHS exceed float64 exponent range; solve rejected rather than thresholding them
192,design_000192,180,45.0,219,117,16.666666666666668,2.7585603940005754e-11,2.5420028731177334e-11,True,29782.016520473157,-2055.815280967024,-8.187840190958921,2047.6274407760652,0.0,False,False,divided_log_density_central_difference,row-equilibrated sparse solve,SuperLU sparse direct,True,False,0.3695435159362198,0.004862896163588979,-2.3131050037326206,5.91547470072801e-10,281738.0121863236,True,0,inf,889.2732985227226,1.8972176750565017e-12,0,0.0,
192,design_000192,180,45.0,219,117,16.666666666666668,2.7585603940005754e-11,2.5420028731177334e-11,True,29782.016520473157,-2055.815280967024,-8.187840190958921,2047.6274407760652,0.0,False,False,cosine_ritz_variational_mode_5,dense eigensolved Ritz normal equations,none,True,False,0.3606435060564072,0.004745779174563215,-2.323692473767196,-2.2105180156577e-10,263993.1854002736,True,1,4117.240092808457,3.6146061931916975,1.0550335546050163e-14,,,
223,design_000223,0,0.0,219,117,16.666666666666668,-1.8922252050994808e-06,4.29670107703133e-08,True,291901.952150585,-298932.81631630746,-2.1961918337780304,298930.6201244737,0.0,False,False,native_unfloored_ic0_pcg_baseline,native PCG,native IC(0),False,False,78667.96418105843,7951861.947206928,nan,189127.60416666596,6.735955750256641e+18,True,1200,4.49423283715579e+307,307.6526555685888,80870.71640813841,,,
223,design_000223,0,0.0,219,117,16.666666666666668,-1.8922252050994808e-06,4.29670107703133e-08,True,291901.952150585,-298932.81631630746,-2.1961918337780304,298930.6201244737,0.0,False,False,equilibrated_log_conductance_finite_volume,row-equilibrated sparse solve,not attempted,False,False,inf,inf,inf,nan,nan,False,0,inf,1759.0417298721318,inf,61605,0.4833925755043431,positive locally equilibrated conductances/RHS exceed float64 exponent range; solve rejected rather than thresholding them
223,design_000223,0,0.0,219,117,16.666666666666668,-1.8922252050994808e-06,4.29670107703133e-08,True,291901.952150585,-298932.81631630746,-2.1961918337780304,298930.6201244737,0.0,False,False,divided_log_density_central_difference,row-equilibrated sparse solve,SuperLU sparse direct,True,False,1639.9092932132648,18437.27581584814,4.265696752642536,-1.663119375245972e-08,886804670356.0621,True,0,inf,129823.91879197607,2.3333445753796305e-13,0,0.0,
223,design_000223,0,0.0,219,117,16.666666666666668,-1.8922252050994808e-06,4.29670107703133e-08,True,291901.952150585,-298932.81631630746,-2.1961918337780304,298930.6201244737,0.0,False,False,cosine_ritz_variational_mode_5,dense eigensolved Ritz normal equations,none,True,False,1.3529611979128058,15.211157639811422,1.1821622671398222,-1.072451721826474e-06,2661673.5125266407,True,1,646471115091.547,11.810549124983469,7.928584585210287e-07,,,
223,design_000223,10,2.5,219,117,16.666666666666668,-1.1280567345548832e-08,2.3616736155991017e-10,True,2036266.6943963487,-278303.9046822268,-2.9514428122676577,278300.95323941455,0.0,False,False,native_unfloored_ic0_pcg_baseline,native PCG,native IC(0),False,False,1859.4182688384137,173140.26773466935,nan,-5393.202039930561,9.940871316545224e+16,True,1200,4.49423283715579e+307,307.6526555685888,1904.4364658488068,,,
223,design_000223,10,2.5,219,117,16.666666666666668,-1.1280567345548832e-08,2.3616736155991017e-10,True,2036266.6943963487,-278303.9046822268,-2.9514428122676577,278300.95323941455,0.0,False,False,equilibrated_log_conductance_finite_volume,row-equilibrated sparse solve,not attempted,False,False,inf,inf,inf,nan,nan,False,0,inf,13234.430333397575,inf,27963,0.2194157388008757,positive locally equilibrated conductances/RHS exceed float64 exponent range; solve rejected rather than thresholding them
223,design_000223,10,2.5,219,117,16.666666666666668,-1.1280567345548832e-08,2.3616736155991017e-10,True,2036266.6943963487,-278303.9046822268,-2.9514428122676577,278300.95323941455,0.0,False,False,divided_log_density_central_difference,row-equilibrated sparse solve,SuperLU sparse direct,True,False,0.3876091477443365,1.8863387320365503,0.275619682168658,-2.974648356072616e-11,4640213.19511647,True,0,inf,120864.56830029264,7.843590642010395e-14,0,0.0,
223,design_000223,10,2.5,219,117,16.666666666666668,-1.1280567345548832e-08,2.3616736155991017e-10,True,2036266.6943963487,-278303.9046822268,-2.9514428122676577,278300.95323941455,0.0,False,False,cosine_ritz_variational_mode_5,dense eigensolved Ritz normal equations,none,True,False,0.3447989734385368,1.6779987318373526,0.22479162827084115,-2.4654277181767656e-07,4147529.9537557806,True,1,230145776580.13846,11.362003009537313,7.375345335250728e-07,,,
223,design_000223,40,10.0,219,117,16.666666666666668,-8.203952081115793e-12,2.202323682448303e-13,True,2219583.155896695,-36113.88989886403,-5.563001590536597,36108.326897273495,0.0,False,False,native_unfloored_ic0_pcg_baseline,native PCG,native IC(0),False,False,3.470427615887997e-08,6.469043112927316e-06,nan,-3.789561257387202e-10,14228701.24649059,True,1200,4.49423283715579e+307,307.6526555685888,3.4704234028631506e-08,,,
223,design_000223,40,10.0,219,117,16.666666666666668,-8.203952081115793e-12,2.202323682448303e-13,True,2219583.155896695,-36113.88989886403,-5.563001590536597,36108.326897273495,0.0,False,False,equilibrated_log_conductance_finite_volume,row-equilibrated sparse solve,not attempted,False,False,inf,inf,inf,nan,nan,False,0,inf,5885.268044583148,inf,2651,0.02080145633734297,positive locally equilibrated conductances/RHS exceed float64 exponent range; solve rejected rather than thresholding them
223,design_000223,40,10.0,219,117,16.666666666666668,-8.203952081115793e-12,2.202323682448303e-13,True,2219583.155896695,-36113.88989886403,-5.563001590536597,36108.326897273495,0.0,False,False,divided_log_density_central_difference,row-equilibrated sparse solve,SuperLU sparse direct,True,False,0.15791220310012502,0.1129514613011244,-0.9471081460547341,1.3587005850124543e-09,17906138.637664244,True,0,inf,15681.647122244643,5.066626030346509e-13,0,0.0,
223,design_000223,40,10.0,219,117,16.666666666666668,-8.203952081115793e-12,2.202323682448303e-13,True,2219583.155896695,-36113.88989886403,-5.563001590536597,36108.326897273495,0.0,False,False,cosine_ritz_variational_mode_5,dense eigensolved Ritz normal equations,none,True,False,0.8749559251837653,0.625838588680328,-0.2035376621322169,6.408847459285934e-06,8064766.821797443,True,1,371973021535.2268,11.570511442507538,8.100145565392348e-09,,,
223,design_000223,90,22.5,219,117,16.666666666666668,2.1399880695618934e-10,4.81376943158423e-11,True,517073.48768915347,-5051.3659820359,-7.538206007619753,5043.82777602828,0.0,False,False,native_unfloored_ic0_pcg_baseline,native PCG,native IC(0),True,True,9.93331675491954e-09,1.1198433622836858e-06,nan,-1.3895057943753075e-09,1668371.916345849,True,1158,4.49423283715579e+307,307.6526555685888,9.996281607929518e-09,,,
223,design_000223,90,22.5,219,117,16.666666666666668,2.1399880695618934e-10,4.81376943158423e-11,True,517073.48768915347,-5051.3659820359,-7.538206007619753,5043.82777602828,0.0,False,False,equilibrated_log_conductance_finite_volume,row-equilibrated sparse solve,not attempted,False,False,inf,inf,inf,nan,nan,False,0,inf,709.9953263202526,inf,36,0.00028247922600692073,positive locally equilibrated conductances/RHS exceed float64 exponent range; solve rejected rather than thresholding them
223,design_000223,90,22.5,219,117,16.666666666666668,2.1399880695618934e-10,4.81376943158423e-11,True,517073.48768915347,-5051.3659820359,-7.538206007619753,5043.82777602828,0.0,False,False,divided_log_density_central_difference,row-equilibrated sparse solve,SuperLU sparse direct,True,False,0.09489117153778147,0.005694918739726796,-2.244512468448802,5.408569181920307e-10,1675890.665978023,True,0,inf,2190.5065707994327,8.599937277759539e-12,0,0.0,
223,design_000223,90,22.5,219,117,16.666666666666668,2.1399880695618934e-10,4.81376943158423e-11,True,517073.48768915347,-5051.3659820359,-7.538206007619753,5043.82777602828,0.0,False,False,cosine_ritz_variational_mode_5,dense eigensolved Ritz normal equations,none,True,False,0.24318388007530936,0.014594744836604133,-1.8358034934833332,1.5970149031156477e-09,1648670.442117503,True,1,91157762.48623666,7.95979365665965,5.074886952101203e-14,,,
223,design_000223,180,45.0,219,117,16.666666666666668,3.106710114858524e-11,1.8019181399265294e-11,True,53238.20119431855,-2055.9088708177037,-7.955908307378037,2047.9529625103257,0.0,False,False,native_unfloored_ic0_pcg_baseline,native PCG,native IC(0),True,True,9.974365622567464e-09,5.972788288632146e-07,nan,1.5789838572446667e-11,304822.56895384705,True,546,4.49423283715579e+307,307.6526555685888,9.977241536985152e-09,,,
223,design_000223,180,45.0,219,117,16.666666666666668,3.106710114858524e-11,1.8019181399265294e-11,True,53238.20119431855,-2055.9088708177037,-7.955908307378037,2047.9529625103257,0.0,False,False,equilibrated_log_conductance_finite_volume,row-equilibrated sparse solve,not attempted,False,False,inf,inf,inf,nan,nan,False,0,inf,323.97652464486777,inf,1,7.84664516685891e-06,positive locally equilibrated conductances/RHS exceed float64 exponent range; solve rejected rather than thresholding them
223,design_000223,180,45.0,219,117,16.666666666666668,3.106710114858524e-11,1.8019181399265294e-11,True,53238.20119431855,-2055.9088708177037,-7.955908307378037,2047.9529625103257,0.0,False,False,divided_log_density_central_difference,row-equilibrated sparse solve,SuperLU sparse direct,True,False,0.4515984450899661,0.00948063002261498,-2.023162801242779,-3.066052605599827e-10,346213.05649408227,True,0,inf,889.4146708156516,1.2435479251936036e-12,0,0.0,
223,design_000223,180,45.0,219,117,16.666666666666668,3.106710114858524e-11,1.8019181399265294e-11,True,53238.20119431855,-2055.9088708177037,-7.955908307378037,2047.9529625103257,0.0,False,False,cosine_ritz_variational_mode_5,dense eigensolved Ritz normal equations,none,True,False,0.5053231669648386,0.010608499741170112,-1.9743460298781705,-6.799132810553044e-10,291807.12695803813,True,1,4298.053544763372,3.6332718215906077,6.9795531788534765e-15,,,
241,design_000241,0,0.0,219,117,16.666666666666668,-0.0001069540558363716,1.4731436940221576e-06,True,1668728.5279025922,-298902.0854617402,-1.7283577150095084,298900.3571040252,0.0,False,False,native_unfloored_ic0_pcg_baseline,native PCG,native IC(0),False,False,5.456682375643681,414.4700914717594,nan,-54.080738789505745,5581580632296.72,True,1200,4.49423283715579e+307,307.6526555685888,6.6181824796743065,,,
241,design_000241,0,0.0,219,117,16.666666666666668,-0.0001069540558363716,1.4731436940221576e-06,True,1668728.5279025922,-298902.0854617402,-1.7283577150095084,298900.3571040252,0.0,False,False,equilibrated_log_conductance_finite_volume,row-equilibrated sparse solve,not attempted,False,False,inf,inf,inf,nan,nan,False,0,inf,1598.4815767149184,inf,61809,0.48499329111838235,positive locally equilibrated conductances/RHS exceed float64 exponent range; solve rejected rather than thresholding them
241,design_000241,0,0.0,219,117,16.666666666666668,-0.0001069540558363716,1.4731436940221576e-06,True,1668728.5279025922,-298902.0854617402,-1.7283577150095084,298900.3571040252,0.0,False,False,divided_log_density_central_difference,row-equilibrated sparse solve,SuperLU sparse direct,True,False,400.74048687529694,5405.1969755556465,3.7328115250863965,5.155468266021327e-10,56547787772.20125,True,0,inf,129810.77572918957,3.8403544282042864e-14,0,0.0,
241,design_000241,0,0.0,219,117,16.666666666666668,-0.0001069540558363716,1.4731436940221576e-06,True,1668728.5279025922,-298902.0854617402,-1.7283577150095084,298900.3571040252,0.0,False,False,cosine_ritz_variational_mode_5,dense eigensolved Ritz normal equations,none,True,False,3.474043023704776,46.8579728269946,1.6707834961880974,-9.672439436276272e-06,79233240.11551236,True,1,923683718806.7863,11.965523288654053,4.122607499917905e-06,,,
241,design_000241,10,2.5,219,117,16.666666666666668,-4.1851122446788655e-09,3.88091855037367e-11,True,1427733.018545838,-278301.01554308675,-4.13705344419561,278296.8784896426,0.0,False,False,native_unfloored_ic0_pcg_baseline,native PCG,native IC(0),False,False,49957.89330615004,12401832.920058675,nan,-87083.33333333324,5.816680145743873e+19,True,1200,4.49423283715579e+307,307.6526555685888,50513.23039338254,,,
241,design_000241,10,2.5,219,117,16.666666666666668,-4.1851122446788655e-09,3.88091855037367e-11,True,1427733.018545838,-278301.01554308675,-4.13705344419561,278296.8784896426,0.0,False,False,equilibrated_log_conductance_finite_volume,row-equilibrated sparse solve,not attempted,False,False,inf,inf,inf,nan,nan,False,0,inf,13234.430333397588,inf,27958,0.2193765055750414,positive locally equilibrated conductances/RHS exceed float64 exponent range; solve rejected rather than thresholding them
241,design_000241,10,2.5,219,117,16.666666666666668,-4.1851122446788655e-09,3.88091855037367e-11,True,1427733.018545838,-278301.01554308675,-4.13705344419561,278296.8784896426,0.0,False,False,divided_log_density_central_difference,row-equilibrated sparse solve,SuperLU sparse direct,True,False,0.2614024839859554,1.0363154859914943,0.01549198800334233,6.068441626967101e-10,10147495.029511409,True,0,inf,120862.79865895153,2.452378202665832e-14,0,0.0,
241,design_000241,10,2.5,219,117,16.666666666666668,-4.1851122446788655e-09,3.88091855037367e-11,True,1427733.018545838,-278301.01554308675,-4.13705344419561,278296.8784896426,0.0,False,False,cosine_ritz_variational_mode_5,dense eigensolved Ritz normal equations,none,True,False,5.794136104866463,22.97052760117675,1.3611709704518062,0.0003825446789657403,1575763029.9876556,True,1,649387100795.5044,11.812503657697787,7.460955131365639e-07,,,
241,design_000241,40,10.0,219,117,16.666666666666668,-8.004722551568802e-11,2.635153474182133e-12,True,1883981.6910694083,-36115.27513477467,-6.068985529984116,36109.20614924468,0.0,False,False,native_unfloored_ic0_pcg_baseline,native PCG,native IC(0),True,True,9.82669249934232e-09,2.3471634661488936e-06,nan,-1.1613426270034523e-08,3119783.309072538,True,461,4.49423283715579e+307,307.6526555685888,9.947960875879618e-09,,,
241,design_000241,40,10.0,219,117,16.666666666666668,-8.004722551568802e-11,2.635153474182133e-12,True,1883981.6910694083,-36115.27513477467,-6.068985529984116,36109.20614924468,0.0,False,False,equilibrated_log_conductance_finite_volume,row-equilibrated sparse solve,not attempted,False,False,inf,inf,inf,nan,nan,False,0,inf,5885.268044583146,inf,2651,0.02080145633734297,positive locally equilibrated conductances/RHS exceed float64 exponent range; solve rejected rather than thresholding them
241,design_000241,40,10.0,219,117,16.666666666666668,-8.004722551568802e-11,2.635153474182133e-12,True,1883981.6910694083,-36115.27513477467,-6.068985529984116,36109.20614924468,0.0,False,False,divided_log_density_central_difference,row-equilibrated sparse solve,SuperLU sparse direct,True,False,0.20501078904335626,0.11328848297580539,-0.9458142387181571,7.693132707663351e-11,3020448.237737364,True,0,inf,15682.028976523932,5.515044789730052e-14,0,0.0,
241,design_000241,40,10.0,219,117,16.666666666666668,-8.004722551568802e-11,2.635153474182133e-12,True,1883981.6910694083,-36115.27513477467,-6.068985529984116,36109.20614924468,0.0,False,False,cosine_ritz_variational_mode_5,dense eigensolved Ritz normal equations,none,True,False,0.6127366536761369,0.3385968430371765,-0.4703170954235555,2.4790339653231555e-07,2420432.655551606,True,1,68932401866.33623,10.838423411224824,8.00570687617319e-09,,,
241,design_000241,90,22.5,219,117,16.666666666666668,7.058301534391964e-12,1.4518359191231084e-12,True,346776.19519312953,-5051.748858010417,-7.3035582340622245,5044.445299776355,0.0,False,False,native_unfloored_ic0_pcg_baseline,native PCG,native IC(0),False,False,1.4387490121445935e-08,1.2636690633158664e-06,nan,-4.354837478280792e-08,1734596.5963958793,True,1200,4.49423283715579e+307,307.6526555685888,3.154445743589018e-08,,,
241,design_000241,90,22.5,219,117,16.666666666666668,7.058301534391964e-12,1.4518359191231084e-12,True,346776.19519312953,-5051.748858010417,-7.3035582340622245,5044.445299776355,0.0,False,False,equilibrated_log_conductance_finite_volume,row-equilibrated sparse solve,not attempted,False,False,inf,inf,inf,nan,nan,False,0,inf,709.9953263290066,inf,36,0.00028247922600692073,positive locally equilibrated conductances/RHS exceed float64 exponent range; solve rejected rather than thresholding them
241,design_000241,90,22.5,219,117,16.666666666666668,7.058301534391964e-12,1.4518359191231084e-12,True,346776.19519312953,-5051.748858010417,-7.3035582340622245,5044.445299776355,0.0,False,False,divided_log_density_central_difference,row-equilibrated sparse solve,SuperLU sparse direct,True,False,0.04137055561261289,0.0024459334094647004,-2.6115553708057413,2.669253529665655e-10,1733815.3215680353,True,0,inf,2190.774757955666,1.0150165806959362e-11,0,0.0,
241,design_000241,90,22.5,219,117,16.666666666666668,7.058301534391964e-12,1.4518359191231084e-12,True,346776.19519312953,-5051.748858010417,-7.3035582340622245,5044.445299776355,0.0,False,False,cosine_ritz_variational_mode_5,dense eigensolved Ritz normal equations,none,True,False,0.4052348938096183,0.023958526801792317,-1.6205398900190573,1.1706018231549069e-09,1700264.2075720178,True,1,119274611.12231605,8.076548009278689,3.465243621179351e-14,,,
241,design_000241,180,45.0,219,117,16.666666666666668,2.441872572200854e-11,1.7070595982783002e-11,True,31426.409908866004,-2055.9184372339364,-7.995042274260768,2047.9233949596755,0.0,False,False,native_unfloored_ic0_pcg_baseline,native PCG,native IC(0),True,True,9.357449724115842e-09,4.5816075332189613e-07,nan,-1.5789838572446677e-11,289356.8858262128,True,616,4.49423283715579e+307,307.6526555685888,9.358687259191826e-09,,,
241,design_000241,180,45.0,219,117,16.666666666666668,2.441872572200854e-11,1.7070595982783002e-11,True,31426.409908866004,-2055.9184372339364,-7.995042274260768,2047.9233949596755,0.0,False,False,equilibrated_log_conductance_finite_volume,row-equilibrated sparse solve,not attempted,False,False,inf,inf,inf,nan,nan,False,0,inf,323.9765246475416,inf,1,7.84664516685891e-06,positive locally equilibrated conductances/RHS exceed float64 exponent range; solve rejected rather than thresholding them
241,design_000241,180,45.0,219,117,16.666666666666668,2.441872572200854e-11,1.7070595982783002e-11,True,31426.409908866004,-2055.9184372339364,-7.995042274260768,2047.9233949596755,0.0,False,False,divided_log_density_central_difference,row-equilibrated sparse solve,SuperLU sparse direct,True,False,0.4254415932660594,0.007022594400874974,-2.1535024141052332,3.660131433644987e-11,318437.7818848508,True,0,inf,889.4018297915608,1.4751558044154014e-12,0,0.0,
241,design_000241,180,45.0,219,117,16.666666666666668,2.441872572200854e-11,1.7070595982783002e-11,True,31426.409908866004,-2055.9184372339364,-7.995042274260768,2047.9233949596755,0.0,False,False,cosine_ritz_variational_mode_5,dense eigensolved Ritz normal equations,none,True,False,0.48146399202579593,0.007947333754245332,-2.099778548077428,-8.705627215823401e-10,282422.9479334116,True,1,4373.751499594463,3.6408541043941898,1.0864990939036838e-14,,,
56,design_000056,0,0.0,511,273,7.142857142857143,-9.692255314996956e-08,4.4712869661804775e-10,True,286760.0169583321,-300135.2067086802,-2.6336421027039023,300132.5730665775,0.0,False,False,native_unfloored_ic0_pcg_baseline,native PCG,native IC(0),False,False,35324.83966141324,2995229.709525049,nan,-27397.95918367327,3.241074980019493e+19,True,1200,4.49423283715579e+307,307.6526555685888,35520.865425741074,,,
56,design_000056,0,0.0,511,273,7.142857142857143,-9.692255314996956e-08,4.4712869661804775e-10,True,286760.0169583321,-300135.2067086802,-2.6336421027039023,300132.5730665775,0.0,False,False,equilibrated_log_conductance_finite_volume,row-equilibrated sparse solve,not attempted,False,False,inf,inf,inf,nan,nan,False,0,inf,610.3273948194726,inf,219747,0.3157524926467102,positive locally equilibrated conductances/RHS exceed float64 exponent range; solve rejected rather than thresholding them
56,design_000056,0,0.0,511,273,7.142857142857143,-9.692255314996956e-08,4.4712869661804775e-10,True,286760.0169583321,-300135.2067086802,-2.6336421027039023,300132.5730665775,0.0,False,False,divided_log_density_central_difference,row-equilibrated sparse solve,none,False,False,inf,inf,inf,nan,nan,False,0,inf,130345.92032223914,inf,0,0.0,RuntimeError: Factor is exactly singular
56,design_000056,0,0.0,511,273,7.142857142857143,-9.692255314996956e-08,4.4712869661804775e-10,True,286760.0169583321,-300135.2067086802,-2.6336421027039023,300132.5730665775,0.0,False,False,cosine_ritz_variational_mode_5,dense eigensolved Ritz normal equations,none,True,False,21.86394259401565,133.1380468274015,2.1243021814401692,7.328855075098766e-05,768624430.439027,True,1,753788965562.8694,11.877249775684252,2.4395299503171852e-05,,,
56,design_000056,10,2.5,511,273,7.142857142857143,-2.2216798576775006e-07,1.140393508223062e-09,True,1027033.89659955,-289361.4573561567,-4.534978255519032,289356.9223779012,0.0,False,False,native_unfloored_ic0_pcg_baseline,native PCG,native IC(0),False,False,111415.93157405264,53553664.6325147,nan,8785102.040816316,1.72048524837185e+20,True,1200,4.49423283715579e+307,307.6526555685888,313132.85933462635,,,
56,design_000056,10,2.5,511,273,7.142857142857143,-2.2216798576775006e-07,1.140393508223062e-09,True,1027033.89659955,-289361.4573561567,-4.534978255519032,289356.9223779012,0.0,False,False,equilibrated_log_conductance_finite_volume,row-equilibrated sparse solve,not attempted,False,False,inf,inf,inf,nan,nan,False,0,inf,7676.24134728458,inf,86884,0.12484284004385392,positive locally equilibrated conductances/RHS exceed float64 exponent range; solve rejected rather than thresholding them
56,design_000056,10,2.5,511,273,7.142857142857143,-2.2216798576775006e-07,1.140393508223062e-09,True,1027033.89659955,-289361.4573561567,-4.534978255519032,289356.9223779012,0.0,False,False,divided_log_density_central_difference,row-equilibrated sparse solve,none,False,False,inf,inf,inf,nan,nan,False,0,inf,125666.11468923005,inf,0,0.0,RuntimeError: Factor is exactly singular
56,design_000056,10,2.5,511,273,7.142857142857143,-2.2216798576775006e-07,1.140393508223062e-09,True,1027033.89659955,-289361.4573561567,-4.534978255519032,289356.9223779012,0.0,False,False,cosine_ritz_variational_mode_5,dense eigensolved Ritz normal equations,none,True,False,5.318562083222929,27.42332432364463,1.4381200999029753,1.8724939443412672e-05,117166104.01359062,True,1,459100014330.8303,11.661907306322545,5.279754201446174e-06,,,
56,design_000056,40,10.0,511,273,7.142857142857143,4.1124742722053446e-14,2.9784438321971335e-15,True,2244527.487826104,-50562.69549438043,-7.23157267421918,50555.463921706214,0.0,False,False,native_unfloored_ic0_pcg_baseline,native PCG,native IC(0),False,False,1.1900616593880239e-08,2.671807813656389e-06,nan,2.320139545339102e-11,2740311.76112499,True,1200,4.49423283715579e+307,307.6526555685888,1.1900596290204716e-08,,,
56,design_000056,40,10.0,511,273,7.142857142857143,4.1124742722053446e-14,2.9784438321971335e-15,True,2244527.487826104,-50562.69549438043,-7.23157267421918,50555.463921706214,0.0,False,False,equilibrated_log_conductance_finite_volume,row-equilibrated sparse solve,not attempted,False,False,inf,inf,inf,nan,nan,False,0,inf,7462.41199941588,inf,8579,0.012327088125963614,positive locally equilibrated conductances/RHS exceed float64 exponent range; solve rejected rather than thresholding them
56,design_000056,40,10.0,511,273,7.142857142857143,4.1124742722053446e-14,2.9784438321971335e-15,True,2244527.487826104,-50562.69549438043,-7.23157267421918,50555.463921706214,0.0,False,False,divided_log_density_central_difference,row-equilibrated sparse solve,none,False,False,inf,inf,inf,nan,nan,False,0,inf,21955.959011255938,inf,0,0.0,RuntimeError: Factor is exactly singular
56,design_000056,40,10.0,511,273,7.142857142857143,4.1124742722053446e-14,2.9784438321971335e-15,True,2244527.487826104,-50562.69549438043,-7.23157267421918,50555.463921706214,0.0,False,False,cosine_ritz_variational_mode_5,dense eigensolved Ritz normal equations,none,True,False,0.6718101320026301,0.10910639176008016,-0.962149806471047,7.424739762713416e-08,2560690.686311909,True,1,724380109194.4818,11.859966516482332,3.14400435609433e-09,,,
56,design_000056,90,22.5,511,273,7.142857142857143,3.66200125778704e-15,1.2861099888148496e-15,True,116017.35097800105,-6593.4982620247065,-8.641999628163843,6584.856262396543,0.0,False,False,native_unfloored_ic0_pcg_baseline,native PCG,native IC(0),False,False,3.4648223889293e-08,3.109908903997687e-06,nan,4.292258158877343e-10,677561.9288019368,True,1200,4.49423283715579e+307,307.6526555685888,3.467030684466278e-08,,,
56,design_000056,90,22.5,511,273,7.142857142857143,3.66200125778704e-15,1.2861099888148496e-15,True,116017.35097800105,-6593.4982620247065,-8.641999628163843,6584.856262396543,0.0,False,False,equilibrated_log_conductance_finite_volume,row-equilibrated sparse solve,not attempted,False,False,inf,inf,inf,nan,nan,False,0,inf,675.1740156536086,inf,88,0.00012644641043067935,positive locally equilibrated conductances/RHS exceed float64 exponent range; solve rejected rather than thresholding them
56,design_000056,90,22.5,511,273,7.142857142857143,3.66200125778704e-15,1.2861099888148496e-15,True,116017.35097800105,-6593.4982620247065,-8.641999628163843,6584.856262396543,0.0,False,False,divided_log_density_central_difference,row-equilibrated sparse solve,none,False,False,inf,inf,inf,nan,nan,False,0,inf,2859.7667388848895,inf,0,0.0,RuntimeError: Factor is exactly singular
56,design_000056,90,22.5,511,273,7.142857142857143,3.66200125778704e-15,1.2861099888148496e-15,True,116017.35097800105,-6593.4982620247065,-8.641999628163843,6584.856262396543,0.0,False,False,cosine_ritz_variational_mode_5,dense eigensolved Ritz normal equations,none,True,False,1.1491046211948275,0.018207633830508448,-1.739746489192573,-1.6932134251948236e-09,642640.3844567336,True,1,51568547.80362712,7.712384901626776,1.228456013926295e-13,,,
56,design_000056,180,45.0,511,273,7.142857142857143,2.0208219733003352e-10,1.4950060520376326e-10,True,55700.87161369439,-2947.824590086211,-9.742740335336388,2938.081849750875,0.0,False,False,native_unfloored_ic0_pcg_baseline,native PCG,native IC(0),True,True,9.95939000706476e-09,1.249327120365164e-06,nan,-2.436146522606058e-10,425463.19013266655,True,1017,4.49423283715579e+307,307.6526555685888,1.0107957739786423e-08,,,
56,design_000056,180,45.0,511,273,7.142857142857143,2.0208219733003352e-10,1.4950060520376326e-10,True,55700.87161369439,-2947.824590086211,-9.742740335336388,2938.081849750875,0.0,False,False,equilibrated_log_conductance_finite_volume,row-equilibrated sparse solve,not attempted,False,False,inf,inf,inf,nan,nan,False,0,inf,403.509420777192,inf,5,7.184455138106781e-06,positive locally equilibrated conductances/RHS exceed float64 exponent range; solve rejected rather than thresholding them
56,design_000056,180,45.0,511,273,7.142857142857143,2.0208219733003352e-10,1.4950060520376326e-10,True,55700.87161369439,-2947.824590086211,-9.742740335336388,2938.081849750875,0.0,False,False,divided_log_density_central_difference,row-equilibrated sparse solve,"SuperLU ILU(drop=1e-05,fill=8)",True,False,0.16818356665218812,0.0012388211753332626,-2.906991379799113,-2.197766877326682e-10,423605.7690009678,True,700,inf,1275.9927347269038,2.11151956056942e-09,0,0.0,
56,design_000056,180,45.0,511,273,7.142857142857143,2.0208219733003352e-10,1.4950060520376326e-10,True,55700.87161369439,-2947.824590086211,-9.742740335336388,2938.081849750875,0.0,False,False,cosine_ritz_variational_mode_5,dense eigensolved Ritz normal equations,none,True,False,0.4331665433071377,0.003190655882596086,-2.496120032643994,-4.400298741425628e-10,421165.37934748974,True,1,4187.783986270679,3.621984271863023,9.279974982552756e-15,,,
88,design_000088,0,0.0,511,273,7.142857142857143,-4.92787971678732e-07,1.0757927719414764e-08,True,1291495.623141272,-299915.9200825783,-2.664960713419248,299913.2551218649,0.0,False,False,native_unfloored_ic0_pcg_baseline,native PCG,native IC(0),False,False,0.5328921110475581,53.613409295439055,nan,15.191447978116924,28678458587170.082,True,1200,4.49423283715579e+307,307.6526555685888,0.9268159616083216,,,
88,design_000088,0,0.0,511,273,7.142857142857143,-4.92787971678732e-07,1.0757927719414764e-08,True,1291495.623141272,-299915.9200825783,-2.664960713419248,299913.2551218649,0.0,False,False,equilibrated_log_conductance_finite_volume,row-equilibrated sparse solve,not attempted,False,False,inf,inf,inf,nan,nan,False,0,inf,610.3273948194726,inf,223588,0.3212715910838038,positive locally equilibrated conductances/RHS exceed float64 exponent range; solve rejected rather than thresholding them
88,design_000088,0,0.0,511,273,7.142857142857143,-4.92787971678732e-07,1.0757927719414764e-08,True,1291495.623141272,-299915.9200825783,-2.664960713419248,299913.2551218649,0.0,False,False,divided_log_density_central_difference,row-equilibrated sparse solve,none,False,False,inf,inf,inf,nan,nan,False,0,inf,130250.67174906809,inf,0,0.0,RuntimeError: Factor is exactly singular
88,design_000088,0,0.0,511,273,7.142857142857143,-4.92787971678732e-07,1.0757927719414764e-08,True,1291495.623141272,-299915.9200825783,-2.664960713419248,299913.2551218649,0.0,False,False,cosine_ritz_variational_mode_5,dense eigensolved Ritz normal equations,none,True,False,5.846711342066116,40.94190578426747,1.6121680545533388,1.770947859094391e-07,69550993.8549856,True,1,407597047265.67084,11.610231029208602,1.4776587137679711e-05,,,
88,design_000088,10,2.5,511,273,7.142857142857143,3.061403554369123e-12,2.1576254373978407e-14,True,8002967.469791693,-289378.8349590534,-4.26233695676504,289374.57262209663,0.0,False,False,native_unfloored_ic0_pcg_baseline,native PCG,native IC(0),False,False,151832.96611248815,43505317.094075166,nan,-339579.0816326526,8.035326521201163e+18,True,1200,4.49423283715579e+307,307.6526555685888,152742.0195291076,,,
88,design_000088,10,2.5,511,273,7.142857142857143,3.061403554369123e-12,2.1576254373978407e-14,True,8002967.469791693,-289378.8349590534,-4.26233695676504,289374.57262209663,0.0,False,False,equilibrated_log_conductance_finite_volume,row-equilibrated sparse solve,not attempted,False,False,inf,inf,inf,nan,nan,False,0,inf,7676.24134728458,inf,86884,0.12484284004385392,positive locally equilibrated conductances/RHS exceed float64 exponent range; solve rejected rather than thresholding them
88,design_000088,10,2.5,511,273,7.142857142857143,3.061403554369123e-12,2.1576254373978407e-14,True,8002967.469791693,-289378.8349590534,-4.26233695676504,289374.57262209663,0.0,False,False,divided_log_density_central_difference,row-equilibrated sparse solve,none,False,False,inf,inf,inf,nan,nan,False,0,inf,125673.78009288837,inf,0,0.0,RuntimeError: Factor is exactly singular
88,design_000088,10,2.5,511,273,7.142857142857143,3.061403554369123e-12,2.1576254373978407e-14,True,8002967.469791693,-289378.8349590534,-4.26233695676504,289374.57262209663,0.0,False,False,cosine_ritz_variational_mode_5,dense eigensolved Ritz normal equations,none,True,False,6.647900855156954,26.838075836733758,1.4287513757501473,3.721113144192344e-06,236861665.9415077,True,1,358271712922.6058,11.554212520120947,4.617194854623246e-06,,,
88,design_000088,40,10.0,511,273,7.142857142857143,-1.1237134770630879e-10,7.673746130484368e-12,True,2365430.9811505596,-50561.95886324834,-7.659942168748345,50554.29892107959,0.0,False,False,native_unfloored_ic0_pcg_baseline,native PCG,native IC(0),False,False,1.2148787166020661e-08,3.900202496020201e-06,nan,1.6240976817373727e-10,2995373.118887269,True,1200,4.49423283715579e+307,307.6526555685888,1.214834160862648e-08,,,
88,design_000088,40,10.0,511,273,7.142857142857143,-1.1237134770630879e-10,7.673746130484368e-12,True,2365430.9811505596,-50561.95886324834,-7.659942168748345,50554.29892107959,0.0,False,False,equilibrated_log_conductance_finite_volume,row-equilibrated sparse solve,not attempted,False,False,inf,inf,inf,nan,nan,False,0,inf,7462.41199941588,inf,8579,0.012327088125963614,positive locally equilibrated conductances/RHS exceed float64 exponent range; solve rejected rather than thresholding them
88,design_000088,40,10.0,511,273,7.142857142857143,-1.1237134770630879e-10,7.673746130484368e-12,True,2365430.9811505596,-50561.95886324834,-7.659942168748345,50554.29892107959,0.0,False,False,divided_log_density_central_difference,row-equilibrated sparse solve,none,False,False,inf,inf,inf,nan,nan,False,0,inf,21955.453057912382,inf,0,0.0,RuntimeError: Factor is exactly singular
88,design_000088,40,10.0,511,273,7.142857142857143,-1.1237134770630879e-10,7.673746130484368e-12,True,2365430.9811505596,-50561.95886324834,-7.659942168748345,50554.29892107959,0.0,False,False,cosine_ritz_variational_mode_5,dense eigensolved Ritz normal equations,none,True,False,0.6415742103188408,0.09708016697769921,-1.0128694853537925,-5.809783594393781e-08,2913119.6836330704,True,1,378907723857.3013,11.578533458255768,9.73357688771491e-09,,,
88,design_000088,90,22.5,511,273,7.142857142857143,2.736526283353413e-15,7.824557411342646e-16,True,327208.05906130193,-6593.796752349313,-8.992514917506877,6584.804237431806,0.0,False,False,native_unfloored_ic0_pcg_baseline,native PCG,native IC(0),False,False,2.0270278669427368e-08,3.6283416375632932e-06,nan,1.6821011703708495e-10,965725.6530923893,True,1200,4.49423283715579e+307,307.6526555685888,2.0268999616334194e-08,,,
88,design_000088,90,22.5,511,273,7.142857142857143,2.736526283353413e-15,7.824557411342646e-16,True,327208.05906130193,-6593.796752349313,-8.992514917506877,6584.804237431806,0.0,False,False,equilibrated_log_conductance_finite_volume,row-equilibrated sparse solve,not attempted,False,False,inf,inf,inf,nan,nan,False,0,inf,675.1740156490896,inf,88,0.00012644641043067935,positive locally equilibrated conductances/RHS exceed float64 exponent range; solve rejected rather than thresholding them
88,design_000088,90,22.5,511,273,7.142857142857143,2.736526283353413e-15,7.824557411342646e-16,True,327208.05906130193,-6593.796752349313,-8.992514917506877,6584.804237431806,0.0,False,False,divided_log_density_central_difference,row-equilibrated sparse solve,none,False,False,inf,inf,inf,nan,nan,False,0,inf,2859.744144729783,inf,0,0.0,RuntimeError: Factor is exactly singular
88,design_000088,90,22.5,511,273,7.142857142857143,2.736526283353413e-15,7.824557411342646e-16,True,327208.05906130193,-6593.796752349313,-8.992514917506877,6584.804237431806,0.0,False,False,cosine_ritz_variational_mode_5,dense eigensolved Ritz normal equations,none,True,False,0.4781381832576993,0.010641485884810746,-1.9729977266914311,-2.48531136691861e-09,942366.3645247894,True,1,68304422.27422792,7.83444882238023,1.7838494543357284e-14,,,
88,design_000088,180,45.0,511,273,7.142857142857143,4.8321833080039456e-11,3.8854370363714924e-11,True,56213.23682203578,-2947.865413531367,-9.92409944980447,2937.9413140815623,0.0,False,False,native_unfloored_ic0_pcg_baseline,native PCG,native IC(0),True,True,9.872575125102538e-09,1.248042940097278e-06,nan,2.0881255908051912e-10,342253.126633435,True,974,4.49423283715579e+307,307.6526555685888,1.0006489569099662e-08,,,
88,design_000088,180,45.0,511,273,7.142857142857143,4.8321833080039456e-11,3.8854370363714924e-11,True,56213.23682203578,-2947.865413531367,-9.92409944980447,2937.9413140815623,0.0,False,False,equilibrated_log_conductance_finite_volume,row-equilibrated sparse solve,not attempted,False,False,inf,inf,inf,nan,nan,False,0,inf,403.50942077788017,inf,5,7.184455138106781e-06,positive locally equilibrated conductances/RHS exceed float64 exponent range; solve rejected rather than thresholding them
88,design_000088,180,45.0,511,273,7.142857142857143,4.8321833080039456e-11,3.8854370363714924e-11,True,56213.23682203578,-2947.865413531367,-9.92409944980447,2937.9413140815623,0.0,False,False,divided_log_density_central_difference,row-equilibrated sparse solve,none,False,False,inf,inf,inf,nan,nan,False,0,inf,1275.9317008612109,inf,0,0.0,RuntimeError: Factor is exactly singular
88,design_000088,180,45.0,511,273,7.142857142857143,4.8321833080039456e-11,3.8854370363714924e-11,True,56213.23682203578,-2947.865413531367,-9.92409944980447,2937.9413140815623,0.0,False,False,cosine_ritz_variational_mode_5,dense eigensolved Ritz normal equations,none,True,False,0.2879453973062961,0.001782902494986021,-2.7488724072718878,-2.752397653216195e-10,341045.1142151258,True,1,4395.839674594444,3.6430418444182697,8.267383604655463e-15,,,
138,design_000138,0,0.0,511,273,7.142857142857143,-8.675057729674066e-07,5.091576037741954e-09,True,93967.09452103483,-299831.2886150896,-2.9496774897348956,299828.33893759985,0.0,False,False,native_unfloored_ic0_pcg_baseline,native PCG,native IC(0),False,False,78056.00192398492,6192408.966806042,nan,26428.571428571355,1.0591878539806093e+19,True,1200,4.49423283715579e+307,307.6526555685888,78294.59793073955,,,
138,design_000138,0,0.0,511,273,7.142857142857143,-8.675057729674066e-07,5.091576037741954e-09,True,93967.09452103483,-299831.2886150896,-2.9496774897348956,299828.33893759985,0.0,False,False,equilibrated_log_conductance_finite_volume,row-equilibrated sparse solve,not attempted,False,False,inf,inf,inf,nan,nan,False,0,inf,610.3273948194726,inf,222808,0.32015081608225915,positive locally equilibrated conductances/RHS exceed float64 exponent range; solve rejected rather than thresholding them
138,design_000138,0,0.0,511,273,7.142857142857143,-8.675057729674066e-07,5.091576037741954e-09,True,93967.09452103483,-299831.2886150896,-2.9496774897348956,299828.33893759985,0.0,False,False,divided_log_density_central_difference,row-equilibrated sparse solve,none,False,False,inf,inf,inf,nan,nan,False,0,inf,130213.7931188175,inf,0,0.0,RuntimeError: Factor is exactly singular
138,design_000138,0,0.0,511,273,7.142857142857143,-8.675057729674066e-07,5.091576037741954e-09,True,93967.09452103483,-299831.2886150896,-2.9496774897348956,299828.33893759985,0.0,False,False,cosine_ritz_variational_mode_5,dense eigensolved Ritz normal equations,none,True,False,91.57366832977488,380.3603889352212,2.5801952828116814,5.7078313907288216e-05,18730728653.356106,True,1,437021815974.6313,11.640503117338643,3.3641461943054696e-05,,,
138,design_000138,10,2.5,511,273,7.142857142857143,-6.956862703663001e-11,3.2144233009409605e-13,True,2752032.439408802,-289348.412200356,-4.591353279210668,289343.82084707683,0.0,False,False,native_unfloored_ic0_pcg_baseline,native PCG,native IC(0),False,False,440203.26852870866,257108245.08067775,nan,-32653.061224489782,5.027536894049435e+20,True,1200,4.49423283715579e+307,307.6526555685888,440226.1506535698,,,
138,design_000138,10,2.5,511,273,7.142857142857143,-6.956862703663001e-11,3.2144233009409605e-13,True,2752032.439408802,-289348.412200356,-4.591353279210668,289343.82084707683,0.0,False,False,equilibrated_log_conductance_finite_volume,row-equilibrated sparse solve,not attempted,False,False,inf,inf,inf,nan,nan,False,0,inf,7676.24134728458,inf,86884,0.12484284004385392,positive locally equilibrated conductances/RHS exceed float64 exponent range; solve rejected rather than thresholding them
138,design_000138,10,2.5,511,273,7.142857142857143,-6.956862703663001e-11,3.2144233009409605e-13,True,2752032.439408802,-289348.412200356,-4.591353279210668,289343.82084707683,0.0,False,False,divided_log_density_central_difference,row-equilibrated sparse solve,none,False,False,inf,inf,inf,nan,nan,False,0,inf,125660.42476668853,inf,0,0.0,RuntimeError: Factor is exactly singular
138,design_000138,10,2.5,511,273,7.142857142857143,-6.956862703663001e-11,3.2144233009409605e-13,True,2752032.439408802,-289348.412200356,-4.591353279210668,289343.82084707683,0.0,False,False,cosine_ritz_variational_mode_5,dense eigensolved Ritz normal equations,none,True,False,10.804877213649583,63.985738011840816,1.806083183468313,5.476517544278551e-06,483043782.6213012,True,1,384910284219.60913,11.585359514940158,1.6395468903976958e-05,,,
138,design_000138,40,10.0,511,273,7.142857142857143,-2.245507122113526e-14,1.5443863223441559e-15,True,2820598.5442881733,-50563.41257992685,-7.563846326816571,50555.84873360003,0.0,False,False,native_unfloored_ic0_pcg_baseline,native PCG,native IC(0),False,False,1.2326147191813403e-08,4.064009530436827e-06,nan,4.6402790906782036e-11,3504165.510493713,True,1200,4.49423283715579e+307,307.6526555685888,1.2325740393516265e-08,,,
138,design_000138,40,10.0,511,273,7.142857142857143,-2.245507122113526e-14,1.5443863223441559e-15,True,2820598.5442881733,-50563.41257992685,-7.563846326816571,50555.84873360003,0.0,False,False,equilibrated_log_conductance_finite_volume,row-equilibrated sparse solve,not attempted,False,False,inf,inf,inf,nan,nan,False,0,inf,7462.41199941588,inf,8579,0.012327088125963614,positive locally equilibrated conductances/RHS exceed float64 exponent range; solve rejected rather than thresholding them
138,design_000138,40,10.0,511,273,7.142857142857143,-2.245507122113526e-14,1.5443863223441559e-15,True,2820598.5442881733,-50563.41257992685,-7.563846326816571,50555.84873360003,0.0,False,False,divided_log_density_central_difference,row-equilibrated sparse solve,none,False,False,inf,inf,inf,nan,nan,False,0,inf,21956.126132937996,inf,0,0.0,RuntimeError: Factor is exactly singular
138,design_000138,40,10.0,511,273,7.142857142857143,-2.245507122113526e-14,1.5443863223441559e-15,True,2820598.5442881733,-50563.41257992685,-7.563846326816571,50555.84873360003,0.0,False,False,cosine_ritz_variational_mode_5,dense eigensolved Ritz normal equations,none,True,False,0.728789534784408,0.124678846081137,-0.9042072258282569,3.2641549700709375e-07,3286101.7922345675,True,1,463986196204.5222,11.666505060293286,8.293502329089113e-09,,,
138,design_000138,90,22.5,511,273,7.142857142857143,4.0956821267812415e-15,1.2776521669900931e-15,True,130481.47312389973,-6593.56782026713,-8.665563063881741,6584.902257203248,0.0,False,False,native_unfloored_ic0_pcg_baseline,native PCG,native IC(0),False,False,2.1148156974052574e-08,2.439045343483854e-06,nan,1.6240976817373722e-10,596367.7936777861,True,1200,4.49423283715579e+307,307.6526555685888,2.1172634352172463e-08,,,
138,design_000138,90,22.5,511,273,7.142857142857143,4.0956821267812415e-15,1.2776521669900931e-15,True,130481.47312389973,-6593.56782026713,-8.665563063881741,6584.902257203248,0.0,False,False,equilibrated_log_conductance_finite_volume,row-equilibrated sparse solve,not attempted,False,False,inf,inf,inf,nan,nan,False,0,inf,675.1740156538133,inf,88,0.00012644641043067935,positive locally equilibrated conductances/RHS exceed float64 exponent range; solve rejected rather than thresholding them
138,design_000138,90,22.5,511,273,7.142857142857143,4.0956821267812415e-15,1.2776521669900931e-15,True,130481.47312389973,-6593.56782026713,-8.665563063881741,6584.902257203248,0.0,False,False,divided_log_density_central_difference,row-equilibrated sparse solve,none,False,False,inf,inf,inf,nan,nan,False,0,inf,2859.786714175638,inf,0,0.0,RuntimeError: Factor is exactly singular
138,design_000138,90,22.5,511,273,7.142857142857143,4.0956821267812415e-15,1.2776521669900931e-15,True,130481.47312389973,-6593.56782026713,-8.665563063881741,6584.902257203248,0.0,False,False,cosine_ritz_variational_mode_5,dense eigensolved Ritz normal equations,none,True,False,1.0356911081002236,0.02059545425772199,-1.6862286247104106,2.4226867509541146e-09,549715.9827131394,True,1,54724499.12587074,7.738181795313228,1.2769209407304955e-13,,,
138,design_000138,180,45.0,511,273,7.142857142857143,9.427072837631112e-11,5.786269881519276e-11,True,55258.286249858014,-2947.9647936635324,-9.954076927423968,2938.0107167361084,0.0,False,False,native_unfloored_ic0_pcg_baseline,native PCG,native IC(0),True,True,9.590809615194926e-09,1.5775124648133185e-06,nan,-1.3920837272034612e-10,362242.71289543057,True,873,4.49423283715579e+307,307.6526555685888,9.589955903720249e-09,,,
138,design_000138,180,45.0,511,273,7.142857142857143,9.427072837631112e-11,5.786269881519276e-11,True,55258.286249858014,-2947.9647936635324,-9.954076927423968,2938.0107167361084,0.0,False,False,equilibrated_log_conductance_finite_volume,row-equilibrated sparse solve,not attempted,False,False,inf,inf,inf,nan,nan,False,0,inf,403.509420777212,inf,5,7.184455138106781e-06,positive locally equilibrated conductances/RHS exceed float64 exponent range; solve rejected rather than thresholding them
138,design_000138,180,45.0,511,273,7.142857142857143,9.427072837631112e-11,5.786269881519276e-11,True,55258.286249858014,-2947.9647936635324,-9.954076927423968,2938.0107167361084,0.0,False,False,divided_log_density_central_difference,row-equilibrated sparse solve,none,False,False,inf,inf,inf,nan,nan,False,0,inf,1275.9618420511097,inf,0,0.0,RuntimeError: Factor is exactly singular
138,design_000138,180,45.0,511,273,7.142857142857143,9.427072837631112e-11,5.786269881519276e-11,True,55258.286249858014,-2947.9647936635324,-9.954076927423968,2938.0107167361084,0.0,False,False,cosine_ritz_variational_mode_5,dense eigensolved Ritz normal equations,none,True,False,0.2410549119183108,0.001884659217750176,-2.7247671670658367,-6.90100716132674e-10,360752.12125159946,True,1,5036.013850268922,3.702086915853437,6.189155591486965e-15,,,
192,design_000192,0,0.0,511,273,7.142857142857143,-1.9459318128613428e-08,5.3511731868780445e-11,True,89768.29999268682,-299858.6269973783,-3.3599795243061834,299855.267017854,0.0,False,False,native_unfloored_ic0_pcg_baseline,native PCG,native IC(0),False,False,1030018.0179175365,317042169.4667881,nan,-1018775.5102040812,6.069578856879268e+20,True,1200,4.49423283715579e+307,307.6526555685888,1031233.9581680218,,,
192,design_000192,0,0.0,511,273,7.142857142857143,-1.9459318128613428e-08,5.3511731868780445e-11,True,89768.29999268682,-299858.6269973783,-3.3599795243061834,299855.267017854,0.0,False,False,equilibrated_log_conductance_finite_volume,row-equilibrated sparse solve,not attempted,False,False,inf,inf,inf,nan,nan,False,0,inf,610.3273948194726,inf,217248,0.3121617019686844,positive locally equilibrated conductances/RHS exceed float64 exponent range; solve rejected rather than thresholding them
192,design_000192,0,0.0,511,273,7.142857142857143,-1.9459318128613428e-08,5.3511731868780445e-11,True,89768.29999268682,-299858.6269973783,-3.3599795243061834,299855.267017854,0.0,False,False,divided_log_density_central_difference,row-equilibrated sparse solve,none,False,False,inf,inf,inf,nan,nan,False,0,inf,130225.48783548013,inf,0,0.0,RuntimeError: Factor is exactly singular
192,design_000192,0,0.0,511,273,7.142857142857143,-1.9459318128613428e-08,5.3511731868780445e-11,True,89768.29999268682,-299858.6269973783,-3.3599795243061834,299855.267017854,0.0,False,False,cosine_ritz_variational_mode_5,dense eigensolved Ritz normal equations,none,True,False,24.429916536556853,261.2002726014515,2.4169736258543546,0.0004128293240106562,1862976239.1004565,True,1,269367859687.79553,11.430345775526007,3.701658919251965e-05,,,
192,design_000192,10,2.5,511,273,7.142857142857143,-1.2657937258931408e-06,6.070423265626182e-09,True,1443355.481766908,-289348.371209277,-5.091313030398192,289343.2798962466,0.0,False,False,native_unfloored_ic0_pcg_baseline,native PCG,native IC(0),False,False,1.2850502304565311e-06,0.001359167514510033,nan,-0.00031429761070377987,13957168591.471424,True,1200,4.49423283715579e+307,307.6526555685888,6.801133985317962e-06,,,
192,design_000192,10,2.5,511,273,7.142857142857143,-1.2657937258931408e-06,6.070423265626182e-09,True,1443355.481766908,-289348.371209277,-5.091313030398192,289343.2798962466,0.0,False,False,equilibrated_log_conductance_finite_volume,row-equilibrated sparse solve,not attempted,False,False,inf,inf,inf,nan,nan,False,0,inf,7676.24134728458,inf,86881,0.12483852937077106,positive locally equilibrated conductances/RHS exceed float64 exponent range; solve rejected rather than thresholding them
192,design_000192,10,2.5,511,273,7.142857142857143,-1.2657937258931408e-06,6.070423265626182e-09,True,1443355.481766908,-289348.371209277,-5.091313030398192,289343.2798962466,0.0,False,False,divided_log_density_central_difference,row-equilibrated sparse solve,none,False,False,inf,inf,inf,nan,nan,False,0,inf,125660.189834728,inf,0,0.0,RuntimeError: Factor is exactly singular
192,design_000192,10,2.5,511,273,7.142857142857143,-1.2657937258931408e-06,6.070423265626182e-09,True,1443355.481766908,-289348.371209277,-5.091313030398192,289343.2798962466,0.0,False,False,cosine_ritz_variational_mode_5,dense eigensolved Ritz normal equations,none,True,False,3.008054355466759,19.5663314896483,1.2915094069993496,-6.644356583182565e-05,138910768.08970612,True,1,608375086569.8394,11.78417142105029,4.3651282577913315e-06,,,
192,design_000192,40,10.0,511,273,7.142857142857143,-1.9204938629301807e-09,1.542367304243954e-10,True,1961607.4043390742,-50561.94357233375,-7.775811007269074,50554.167761326484,0.0,False,False,native_unfloored_ic0_pcg_baseline,native PCG,native IC(0),True,True,9.979677007554173e-09,3.634842059531918e-06,nan,8.642519806388154e-10,2902294.4229276334,True,1007,4.49423283715579e+307,307.6526555685888,9.980267792953283e-09,,,
192,design_000192,40,10.0,511,273,7.142857142857143,-1.9204938629301807e-09,1.542367304243954e-10,True,1961607.4043390742,-50561.94357233375,-7.775811007269074,50554.167761326484,0.0,False,False,equilibrated_log_conductance_finite_volume,row-equilibrated sparse solve,not attempted,False,False,inf,inf,inf,nan,nan,False,0,inf,7462.41199941588,inf,8579,0.012327088125963614,positive locally equilibrated conductances/RHS exceed float64 exponent range; solve rejected rather than thresholding them
192,design_000192,40,10.0,511,273,7.142857142857143,-1.9204938629301807e-09,1.542367304243954e-10,True,1961607.4043390742,-50561.94357233375,-7.775811007269074,50554.167761326484,0.0,False,False,divided_log_density_central_difference,row-equilibrated sparse solve,none,False,False,inf,inf,inf,nan,nan,False,0,inf,21955.39609595536,inf,0,0.0,RuntimeError: Factor is exactly singular
192,design_000192,40,10.0,511,273,7.142857142857143,-1.9204938629301807e-09,1.542367304243954e-10,True,1961607.4043390742,-50561.94357233375,-7.775811007269074,50554.167761326484,0.0,False,False,cosine_ritz_variational_mode_5,dense eigensolved Ritz normal equations,none,True,False,0.8859142948594662,0.13544686446845935,-0.8682310442285072,2.2304942687562603e-06,2567372.6598501853,True,1,715777490456.9119,11.854778036713856,1.0726169868042427e-08,,,
192,design_000192,90,22.5,511,273,7.142857142857143,5.3871837546459744e-15,1.819184956750005e-15,True,101890.0275429923,-6593.558754819976,-8.710453423999512,6584.848301395976,0.0,False,False,native_unfloored_ic0_pcg_baseline,native PCG,native IC(0),False,False,1.9286694747281084e-08,2.015247920306077e-06,nan,-4.548401564682779e-07,522253.1883506201,True,1200,4.49423283715579e+307,307.6526555685888,6.049021617254967e-07,,,
192,design_000192,90,22.5,511,273,7.142857142857143,5.3871837546459744e-15,1.819184956750005e-15,True,101890.0275429923,-6593.558754819976,-8.710453423999512,6584.848301395976,0.0,False,False,equilibrated_log_conductance_finite_volume,row-equilibrated sparse solve,not attempted,False,False,inf,inf,inf,nan,nan,False,0,inf,675.1740156527433,inf,88,0.00012644641043067935,positive locally equilibrated conductances/RHS exceed float64 exponent range; solve rejected rather than thresholding them
192,design_000192,90,22.5,511,273,7.142857142857143,5.3871837546459744e-15,1.819184956750005e-15,True,101890.0275429923,-6593.558754819976,-8.710453423999512,6584.848301395976,0.0,False,False,divided_log_density_central_difference,row-equilibrated sparse solve,none,False,False,inf,inf,inf,nan,nan,False,0,inf,2859.763281466273,inf,0,0.0,RuntimeError: Factor is exactly singular
192,design_000192,90,22.5,511,273,7.142857142857143,5.3871837546459744e-15,1.819184956750005e-15,True,101890.0275429923,-6593.558754819976,-8.710453423999512,6584.848301395976,0.0,False,False,cosine_ritz_variational_mode_5,dense eigensolved Ritz normal equations,none,True,False,0.6000767802013174,0.010336550720242397,-1.9856243599923011,-7.364534995184766e-10,493535.98423304723,True,1,57248638.9875262,7.757765166344097,5.900647477822318e-14,,,
192,design_000192,180,45.0,511,273,7.142857142857143,1.193079012321019e-10,1.0994166144954819e-10,True,29784.53514147202,-2947.814118731763,-9.881496279844189,2937.9326224519186,0.0,False,False,native_unfloored_ic0_pcg_baseline,native PCG,native IC(0),True,True,9.619016384481313e-09,1.061345961108721e-06,nan,-1.2760767499365076e-10,265804.197866024,True,977,4.49423283715579e+307,307.6526555685888,1.058064432915314e-08,,,
192,design_000192,180,45.0,511,273,7.142857142857143,1.193079012321019e-10,1.0994166144954819e-10,True,29784.53514147202,-2947.814118731763,-9.881496279844189,2937.9326224519186,0.0,False,False,equilibrated_log_conductance_finite_volume,row-equilibrated sparse solve,not attempted,False,False,inf,inf,inf,nan,nan,False,0,inf,403.5094207772167,inf,5,7.184455138106781e-06,positive locally equilibrated conductances/RHS exceed float64 exponent range; solve rejected rather than thresholding them
192,design_000192,180,45.0,511,273,7.142857142857143,1.193079012321019e-10,1.0994166144954819e-10,True,29784.53514147202,-2947.814118731763,-9.881496279844189,2937.9326224519186,0.0,False,False,divided_log_density_central_difference,row-equilibrated sparse solve,"SuperLU ILU(drop=1e-05,fill=8)",True,False,0.17606140888814256,0.0009929129446782348,-3.003088827338696,-9.46775479984752e-11,264860.3622193084,True,897,inf,1275.927926134418,7.867735665245465e-09,0,0.0,
192,design_000192,180,45.0,511,273,7.142857142857143,1.193079012321019e-10,1.0994166144954819e-10,True,29784.53514147202,-2947.814118731763,-9.881496279844189,2937.9326224519186,0.0,False,False,cosine_ritz_variational_mode_5,dense eigensolved Ritz normal equations,none,True,False,0.3696254508576417,0.002084533442943489,-2.680991132934274,-1.8146016415880296e-10,263999.17306947534,True,1,4117.157575192138,3.6145974889860293,1.0463604457146438e-14,,,
223,design_000223,0,0.0,511,273,7.142857142857143,-8.151686889599832e-05,1.958866428726767e-06,True,303633.9335572757,-299878.61149915226,-3.7167492062274334,299874.894749946,0.0,False,False,native_unfloored_ic0_pcg_baseline,native PCG,native IC(0),False,False,2101.790525138406,350142.2582010362,nan,437.79509408133254,58207155983848.45,True,1200,4.49423283715579e+307,307.6526555685888,2101.5027047839567,,,
223,design_000223,0,0.0,511,273,7.142857142857143,-8.151686889599832e-05,1.958866428726767e-06,True,303633.9335572757,-299878.61149915226,-3.7167492062274334,299874.894749946,0.0,False,False,equilibrated_log_conductance_finite_volume,row-equilibrated sparse solve,not attempted,False,False,inf,inf,inf,nan,nan,False,0,inf,754.2314369064195,inf,241752,0.3473712797095181,positive locally equilibrated conductances/RHS exceed float64 exponent range; solve rejected rather than thresholding them
223,design_000223,0,0.0,511,273,7.142857142857143,-8.151686889599832e-05,1.958866428726767e-06,True,303633.9335572757,-299878.61149915226,-3.7167492062274334,299874.894749946,0.0,False,False,divided_log_density_central_difference,row-equilibrated sparse solve,none,False,False,inf,inf,inf,nan,nan,False,0,inf,130234.01205121996,inf,0,0.0,RuntimeError: Factor is exactly singular
223,design_000223,0,0.0,511,273,7.142857142857143,-8.151686889599832e-05,1.958866428726767e-06,True,303633.9335572757,-299878.61149915226,-3.7167492062274334,299874.894749946,0.0,False,False,cosine_ritz_variational_mode_5,dense eigensolved Ritz normal equations,none,True,False,2.2239588359575007,9.007788323704235,0.9546181720313236,-3.7716205953715767e-06,3638841.3691176637,True,1,456452047402.7512,11.659395159433835,6.139695370300228e-06,,,
223,design_000223,10,2.5,511,273,7.142857142857143,-4.063163463832949e-06,7.960221029751927e-08,True,2036829.603779412,-289362.08545725216,-4.634903467236844,289357.4505537849,0.0,False,False,native_unfloored_ic0_pcg_baseline,native PCG,native IC(0),False,False,6245.107553516787,1342060.7593630382,nan,-25780.888771524234,2.8247479725792424e+16,True,1200,4.49423283715579e+307,307.6526555685888,6512.91891183641,,,
223,design_000223,10,2.5,511,273,7.142857142857143,-4.063163463832949e-06,7.960221029751927e-08,True,2036829.603779412,-289362.08545725216,-4.634903467236844,289357.4505537849,0.0,False,False,equilibrated_log_conductance_finite_volume,row-equilibrated sparse solve,not attempted,False,False,inf,inf,inf,nan,nan,False,0,inf,7676.24134728458,inf,86888,0.1248485876079644,positive locally equilibrated conductances/RHS exceed float64 exponent range; solve rejected rather than thresholding them
223,design_000223,10,2.5,511,273,7.142857142857143,-4.063163463832949e-06,7.960221029751927e-08,True,2036829.603779412,-289362.08545725216,-4.634903467236844,289357.4505537849,0.0,False,False,divided_log_density_central_difference,row-equilibrated sparse solve,none,False,False,inf,inf,inf,nan,nan,False,0,inf,125666.3440731018,inf,0,0.0,RuntimeError: Factor is exactly singular
223,design_000223,10,2.5,511,273,7.142857142857143,-4.063163463832949e-06,7.960221029751927e-08,True,2036829.603779412,-289362.08545725216,-4.634903467236844,289357.4505537849,0.0,False,False,cosine_ritz_variational_mode_5,dense eigensolved Ritz normal equations,none,True,False,0.767797548843192,1.601643948974986,0.20456597730273174,-5.368160922992765e-07,5654185.55508125,True,1,307295102083.7325,11.487555638177108,1.2936128768264843e-06,,,
223,design_000223,40,10.0,511,273,7.142857142857143,-8.034378941634572e-12,2.1568023364806635e-13,True,2219583.155896702,-50563.55921357298,-7.2532274628357705,50556.30598611014,0.0,False,False,native_unfloored_ic0_pcg_baseline,native PCG,native IC(0),False,False,3.777236634076791e-08,1.6357247772904867e-05,nan,-3.6240579698196798e-06,14278044.364952996,True,1200,4.49423283715579e+307,307.6526555685888,5.609467202674367e-07,,,
223,design_000223,40,10.0,511,273,7.142857142857143,-8.034378941634572e-12,2.1568023364806635e-13,True,2219583.155896702,-50563.55921357298,-7.2532274628357705,50556.30598611014,0.0,False,False,equilibrated_log_conductance_finite_volume,row-equilibrated sparse solve,not attempted,False,False,inf,inf,inf,nan,nan,False,0,inf,7462.41199941588,inf,8579,0.012327088125963614,positive locally equilibrated conductances/RHS exceed float64 exponent range; solve rejected rather than thresholding them
223,design_000223,40,10.0,511,273,7.142857142857143,-8.034378941634572e-12,2.1568023364806635e-13,True,2219583.155896702,-50563.55921357298,-7.2532274628357705,50556.30598611014,0.0,False,False,divided_log_density_central_difference,row-equilibrated sparse solve,none,False,False,inf,inf,inf,nan,nan,False,0,inf,21956.32471517997,inf,0,0.0,RuntimeError: Factor is exactly singular
223,design_000223,40,10.0,511,273,7.142857142857143,-8.034378941634572e-12,2.1568023364806635e-13,True,2219583.155896702,-50563.55921357298,-7.2532274628357705,50556.30598611014,0.0,False,False,cosine_ritz_variational_mode_5,dense eigensolved Ritz normal equations,none,True,False,0.9043422635041383,0.2772248796858237,-0.5571677963351399,2.184505112916784e-06,8034910.31744091,True,1,371968556906.30707,11.5705062298302,8.103603077207475e-09,,,
223,design_000223,90,22.5,511,273,7.142857142857143,-2.6516310414753663e-11,5.964678324016104e-12,True,517073.4875932774,-6594.176333693389,-9.231718127880711,6584.944615565509,0.0,False,False,native_unfloored_ic0_pcg_baseline,native PCG,native IC(0),False,False,2.050867088711538e-08,5.3889815272249465e-06,nan,2.724307854137173e-07,1668436.09777807,True,1200,4.49423283715579e+307,307.6526555685888,1.4567036765670948e-07,,,
223,design_000223,90,22.5,511,273,7.142857142857143,-2.6516310414753663e-11,5.964678324016104e-12,True,517073.4875932774,-6594.176333693389,-9.231718127880711,6584.944615565509,0.0,False,False,equilibrated_log_conductance_finite_volume,row-equilibrated sparse solve,not attempted,False,False,inf,inf,inf,nan,nan,False,0,inf,675.1740156501667,inf,88,0.00012644641043067935,positive locally equilibrated conductances/RHS exceed float64 exponent range; solve rejected rather than thresholding them
223,design_000223,90,22.5,511,273,7.142857142857143,-2.6516310414753663e-11,5.964678324016104e-12,True,517073.4875932774,-6594.176333693389,-9.231718127880711,6584.944615565509,0.0,False,False,divided_log_density_central_difference,row-equilibrated sparse solve,none,False,False,inf,inf,inf,nan,nan,False,0,inf,2859.80511017863,inf,0,0.0,RuntimeError: Factor is exactly singular
223,design_000223,90,22.5,511,273,7.142857142857143,-2.6516310414753663e-11,5.964678324016104e-12,True,517073.4875932774,-6594.176333693389,-9.231718127880711,6584.944615565509,0.0,False,False,cosine_ritz_variational_mode_5,dense eigensolved Ritz normal equations,none,True,False,0.24948398162750868,0.006416934468823343,-2.1926723957989966,2.3508385013367624e-09,1648733.1948348726,True,1,91157546.3293945,7.959792626842413,4.4048219636691484e-14,,,
223,design_000223,180,45.0,511,273,7.142857142857143,1.344364741057147e-10,7.79764530182055e-11,True,53241.98853192449,-2947.9077005156696,-9.650063530984653,2938.2576369846847,0.0,False,False,native_unfloored_ic0_pcg_baseline,native PCG,native IC(0),True,True,9.704840349849874e-09,1.355341776254064e-06,nan,5.684341886080799e-10,304725.26285079925,True,933,4.49423283715579e+307,307.6526555685888,9.704469543317428e-09,,,
223,design_000223,180,45.0,511,273,7.142857142857143,1.344364741057147e-10,7.79764530182055e-11,True,53241.98853192449,-2947.9077005156696,-9.650063530984653,2938.2576369846847,0.0,False,False,equilibrated_log_conductance_finite_volume,row-equilibrated sparse solve,not attempted,False,False,inf,inf,inf,nan,nan,False,0,inf,403.5094207762948,inf,5,7.184455138106781e-06,positive locally equilibrated conductances/RHS exceed float64 exponent range; solve rejected rather than thresholding them
223,design_000223,180,45.0,511,273,7.142857142857143,1.344364741057147e-10,7.79764530182055e-11,True,53241.98853192449,-2947.9077005156696,-9.650063530984653,2938.2576369846847,0.0,False,False,divided_log_density_central_difference,row-equilibrated sparse solve,none,False,False,inf,inf,inf,nan,nan,False,0,inf,1276.0690781525366,inf,0,0.0,RuntimeError: Factor is exactly singular
223,design_000223,180,45.0,511,273,7.142857142857143,1.344364741057147e-10,7.79764530182055e-11,True,53241.98853192449,-2947.9077005156696,-9.650063530984653,2938.2576369846847,0.0,False,False,cosine_ritz_variational_mode_5,dense eigensolved Ritz normal equations,none,True,False,0.5080173427883039,0.004570562232194971,-2.3400303733828696,-1.319674167247569e-10,291736.95051926107,True,1,4297.990753792952,3.63326547686482,7.412748932887225e-15,,,
241,design_000241,0,0.0,511,273,7.142857142857143,-6.847248246026422e-05,9.204147451372192e-07,True,1678761.7213744444,-299848.94337944017,-3.328650937372302,299845.6147285028,0.0,False,False,native_unfloored_ic0_pcg_baseline,native PCG,native IC(0),False,False,0.22646800914869877,43.91590884292428,nan,-0.08756560938698911,28686106970.988792,True,1200,4.49423283715579e+307,307.6526555685888,0.22662665676712762,,,
241,design_000241,0,0.0,511,273,7.142857142857143,-6.847248246026422e-05,9.204147451372192e-07,True,1678761.7213744444,-299848.94337944017,-3.328650937372302,299845.6147285028,0.0,False,False,equilibrated_log_conductance_finite_volume,row-equilibrated sparse solve,not attempted,False,False,inf,inf,inf,nan,nan,False,0,inf,685.7111722794749,inf,243066,0.34925935451981255,positive locally equilibrated conductances/RHS exceed float64 exponent range; solve rejected rather than thresholding them
241,design_000241,0,0.0,511,273,7.142857142857143,-6.847248246026422e-05,9.204147451372192e-07,True,1678761.7213744444,-299848.94337944017,-3.328650937372302,299845.6147285028,0.0,False,False,divided_log_density_central_difference,row-equilibrated sparse solve,none,False,False,inf,inf,inf,nan,nan,False,0,inf,130221.29589947718,inf,0,0.0,RuntimeError: Factor is exactly singular
241,design_000241,0,0.0,511,273,7.142857142857143,-6.847248246026422e-05,9.204147451372192e-07,True,1678761.7213744444,-299848.94337944017,-3.328650937372302,299845.6147285028,0.0,False,False,cosine_ritz_variational_mode_5,dense eigensolved Ritz normal equations,none,True,False,1.520179218102509,10.56562200907847,1.0238950695055826,-2.4174410938579197e-06,7599509.89310441,True,1,526234551293.72375,11.721179359415943,2.5388864577744133e-06,,,
241,design_000241,10,2.5,511,273,7.142857142857143,-1.276331231839269e-06,1.5923362619564995e-08,True,1430339.7355549643,-289359.1962965818,-5.811423891338533,289353.3848726905,0.0,False,False,native_unfloored_ic0_pcg_baseline,native PCG,native IC(0),False,False,17528.553213963332,9966149.304378575,nan,633.3705357142852,5.389888491068604e+17,True,1200,4.49423283715579e+307,307.6526555685888,17528.095582617694,,,
241,design_000241,10,2.5,511,273,7.142857142857143,-1.276331231839269e-06,1.5923362619564995e-08,True,1430339.7355549643,-289359.1962965818,-5.811423891338533,289353.3848726905,0.0,False,False,equilibrated_log_conductance_finite_volume,row-equilibrated sparse solve,not attempted,False,False,inf,inf,inf,nan,nan,False,0,inf,7676.24134728458,inf,86884,0.12484284004385392,positive locally equilibrated conductances/RHS exceed float64 exponent range; solve rejected rather than thresholding them
241,design_000241,10,2.5,511,273,7.142857142857143,-1.276331231839269e-06,1.5923362619564995e-08,True,1430339.7355549643,-289359.1962965818,-5.811423891338533,289353.3848726905,0.0,False,False,divided_log_density_central_difference,row-equilibrated sparse solve,none,False,False,inf,inf,inf,nan,nan,False,0,inf,125664.57837023733,inf,0,0.0,RuntimeError: Factor is exactly singular
241,design_000241,10,2.5,511,273,7.142857142857143,-1.276331231839269e-06,1.5923362619564995e-08,True,1430339.7355549643,-289359.1962965818,-5.811423891338533,289353.3848726905,0.0,False,False,cosine_ritz_variational_mode_5,dense eigensolved Ritz normal equations,none,True,False,3.682975278840533,6.267737413623194,0.7971107934437636,0.00040094118439818756,51946360.88522059,True,1,894881709112.2041,11.951765631433139,2.3696045687378705e-07,,,
241,design_000241,40,10.0,511,273,7.142857142857143,-7.981799275386692e-11,2.6276071350702837e-12,True,1883981.6910694283,-50564.94444948362,-7.756963109567556,50557.18748637405,0.0,False,False,native_unfloored_ic0_pcg_baseline,native PCG,native IC(0),True,True,9.938060301980812e-09,5.5022480005967195e-06,nan,1.0440627954025957e-10,3114463.2722072345,True,723,4.49423283715579e+307,307.6526555685888,9.93833956446993e-09,,,
241,design_000241,40,10.0,511,273,7.142857142857143,-7.981799275386692e-11,2.6276071350702837e-12,True,1883981.6910694283,-50564.94444948362,-7.756963109567556,50557.18748637405,0.0,False,False,equilibrated_log_conductance_finite_volume,row-equilibrated sparse solve,not attempted,False,False,inf,inf,inf,nan,nan,False,0,inf,7462.41199941588,inf,8579,0.012327088125963614,positive locally equilibrated conductances/RHS exceed float64 exponent range; solve rejected rather than thresholding them
241,design_000241,40,10.0,511,273,7.142857142857143,-7.981799275386692e-11,2.6276071350702837e-12,True,1883981.6910694283,-50564.94444948362,-7.756963109567556,50557.18748637405,0.0,False,False,divided_log_density_central_difference,row-equilibrated sparse solve,none,False,False,inf,inf,inf,nan,nan,False,0,inf,21956.707545880385,inf,0,0.0,RuntimeError: Factor is exactly singular
241,design_000241,40,10.0,511,273,7.142857142857143,-7.981799275386692e-11,2.6276071350702837e-12,True,1883981.6910694283,-50564.94444948362,-7.756963109567556,50557.18748637405,0.0,False,False,cosine_ritz_variational_mode_5,dense eigensolved Ritz normal equations,none,True,False,0.6166759637242448,0.14604586995632363,-0.8355107199676645,6.137039806629198e-07,2405783.043026722,True,1,68932201021.24158,10.83842214583959,8.005710897750376e-09,,,
241,design_000241,90,22.5,511,273,7.142857142857143,-9.843551754956659e-13,2.0247395128519313e-13,True,346776.19515513664,-6594.559209680929,-8.995486150463654,6585.563723530465,0.0,False,False,native_unfloored_ic0_pcg_baseline,native PCG,native IC(0),False,False,2.6205222922336413e-08,5.3561699173420206e-06,nan,1.508090704470416e-10,1734673.6314148065,True,1200,4.49423283715579e+307,307.6526555685888,2.620232053225373e-08,,,
241,design_000241,90,22.5,511,273,7.142857142857143,-9.843551754956659e-13,2.0247395128519313e-13,True,346776.19515513664,-6594.559209680929,-8.995486150463654,6585.563723530465,0.0,False,False,equilibrated_log_conductance_finite_volume,row-equilibrated sparse solve,not attempted,False,False,inf,inf,inf,nan,nan,False,0,inf,675.1740156536955,inf,88,0.00012644641043067935,positive locally equilibrated conductances/RHS exceed float64 exponent range; solve rejected rather than thresholding them
241,design_000241,90,22.5,511,273,7.142857142857143,-9.843551754956659e-13,2.0247395128519313e-13,True,346776.19515513664,-6594.559209680929,-8.995486150463654,6585.563723530465,0.0,False,False,divided_log_density_central_difference,row-equilibrated sparse solve,none,False,False,inf,inf,inf,nan,nan,False,0,inf,2860.073985351513,inf,0,0.0,RuntimeError: Factor is exactly singular
241,design_000241,90,22.5,511,273,7.142857142857143,-9.843551754956659e-13,2.0247395128519313e-13,True,346776.19515513664,-6594.559209680929,-8.995486150463654,6585.563723530465,0.0,False,False,cosine_ritz_variational_mode_5,dense eigensolved Ritz normal equations,none,True,False,0.40819271262106493,0.010342885987509405,-1.9853582626376776,-1.7590629699775387e-09,1700297.0602805659,True,1,119274325.48535296,8.076546969235848,3.3314725362383464e-14,,,
241,design_000241,180,45.0,511,273,7.142857142857143,1.056397747056792e-10,7.38523727247794e-11,True,31429.62797097932,-2947.917262184944,-9.689767006647157,2938.2274951782965,0.0,False,False,native_unfloored_ic0_pcg_baseline,native PCG,native IC(0),True,True,9.432500232890546e-09,1.0777215692891451e-06,nan,-9.280558181356416e-11,289300.4718146945,True,1027,4.49423283715579e+307,307.6526555685888,9.786759270337788e-09,,,
241,design_000241,180,45.0,511,273,7.142857142857143,1.056397747056792e-10,7.38523727247794e-11,True,31429.62797097932,-2947.917262184944,-9.689767006647157,2938.2274951782965,0.0,False,False,equilibrated_log_conductance_finite_volume,row-equilibrated sparse solve,not attempted,False,False,inf,inf,inf,nan,nan,False,0,inf,403.50942077719367,inf,5,7.184455138106781e-06,positive locally equilibrated conductances/RHS exceed float64 exponent range; solve rejected rather than thresholding them
241,design_000241,180,45.0,511,273,7.142857142857143,1.056397747056792e-10,7.38523727247794e-11,True,31429.62797097932,-2947.917262184944,-9.689767006647157,2938.2274951782965,0.0,False,False,divided_log_density_central_difference,row-equilibrated sparse solve,"SuperLU ILU(drop=1e-05,fill=8)",False,False,3.972327254168116,0.028100395232118717,-1.5512875716991508,2.493479997712987e-10,303081.52907341166,True,1200,inf,1276.0559877323476,0.20349492880617084,0,0.0,
241,design_000241,180,45.0,511,273,7.142857142857143,1.056397747056792e-10,7.38523727247794e-11,True,31429.62797097932,-2947.917262184944,-9.689767006647157,2938.2274951782965,0.0,False,False,cosine_ritz_variational_mode_5,dense eigensolved Ritz normal equations,none,True,False,0.48691677810117234,0.003444467948967661,-2.462877852035725,9.797888800987775e-11,282379.96098301344,True,1,4373.631010556921,3.640842140192538,1.1204637311707291e-14,,,
