time_parameterization,t,s,empirical_lhs_second_moment,analytic_rhs_second_moment,absolute_identity_error,second_moment_deficit,mean_squared_endpoint_displacement,candidate_rank,pair_id,coupling
identity,0.1,0.1,0.024045412190790115,0.02404541214912898,4.166113634629376e-11,0.0016305411973143657,0.01811712441460406,1,v6_F0280_k06025__v6_F0280_k05800,maximal_same_ic
identity,0.2,0.2,0.02277721347330921,0.022777213440106695,3.3202513655128385e-11,0.0028987399063366503,0.01811712441460406,1,v6_F0280_k06025__v6_F0280_k05800,maximal_same_ic
identity,0.3,0.3,0.02187135724412037,0.02187135721937649,2.4743880555622155e-11,0.0038045961270668526,0.01811712441460406,1,v6_F0280_k06025__v6_F0280_k05800,maximal_same_ic
identity,0.4,0.4,0.021327843503223625,0.02132784348693837,1.628525439500983e-11,0.004348109859504974,0.01811712441460406,1,v6_F0280_k06025__v6_F0280_k05800,maximal_same_ic
identity,0.5,0.5,0.021146672250618958,0.02114667224279233,7.826628234397504e-12,0.004529281103651015,0.01811712441460406,1,v6_F0280_k06025__v6_F0280_k05800,maximal_same_ic
identity,0.6,0.6,0.02132784348630637,0.02132784348693837,6.320013956617743e-13,0.004348109859504974,0.01811712441460406,1,v6_F0280_k06025__v6_F0280_k05800,maximal_same_ic
identity,0.7,0.7,0.021871357210285866,0.02187135721937649,9.090624086827148e-12,0.003804596127066853,0.01811712441460406,1,v6_F0280_k06025__v6_F0280_k05800,maximal_same_ic
identity,0.8,0.8,0.022777213422557445,0.022777213440106695,1.7549250247439474e-11,0.0028987399063366494,0.01811712441460406,1,v6_F0280_k06025__v6_F0280_k05800,maximal_same_ic
identity,0.9,0.9,0.0240454121231211,0.02404541214912898,2.6007879877498752e-11,0.0016305411973143653,0.01811712441460406,1,v6_F0280_k06025__v6_F0280_k05800,maximal_same_ic
smoothstep_reparameterization,0.1,0.028000000000000004,0.025182877736126826,0.02518287768837548,4.775134454515495e-11,0.0004930756580678642,0.01811712441460406,1,v6_F0280_k06025__v6_F0280_k05800,maximal_same_ic
smoothstep_reparameterization,0.2,0.10400000000000002,0.02398772726631567,0.02398772722499288,4.132279241009229e-11,0.001688226121450465,0.01811712441460406,1,v6_F0280_k06025__v6_F0280_k05800,maximal_same_ic
smoothstep_reparameterization,0.3,0.216,0.022607927061425764,0.022607927029576633,3.184913097142861e-11,0.00306802631686671,0.01811712441460406,1,v6_F0280_k06025__v6_F0280_k05800,maximal_same_ic
smoothstep_reparameterization,0.4,0.3520000000000001,0.02154350975631521,0.021543509735969815,2.0345395507215258e-11,0.004132443610473528,0.01811712441460406,1,v6_F0280_k06025__v6_F0280_k05800,maximal_same_ic
smoothstep_reparameterization,0.5,0.5,0.021146672250618958,0.02114667224279233,7.826628234397504e-12,0.004529281103651015,0.01811712441460406,1,v6_F0280_k06025__v6_F0280_k05800,maximal_same_ic
smoothstep_reparameterization,0.6,0.648,0.021543509731277673,0.021543509735969815,4.692142507867203e-12,0.004132443610473528,0.01811712441460406,1,v6_F0280_k06025__v6_F0280_k05800,maximal_same_ic
smoothstep_reparameterization,0.7,0.7839999999999999,0.02260792701338076,0.022607927029576633,1.619587103318665e-11,0.003068026316866711,0.01811712441460406,1,v6_F0280_k06025__v6_F0280_k05800,maximal_same_ic
smoothstep_reparameterization,0.8,0.8960000000000001,0.023987727199323343,0.023987727224992882,2.5669539410744235e-11,0.0016882261214504629,0.01811712441460406,1,v6_F0280_k06025__v6_F0280_k05800,maximal_same_ic
smoothstep_reparameterization,0.9,0.972,0.02518287765627739,0.02518287768837548,3.2098091545806895e-11,0.0004930756580678646,0.01811712441460406,1,v6_F0280_k06025__v6_F0280_k05800,maximal_same_ic
identity,0.1,0.1,0.02451289155354587,0.024512891511884738,4.166113287684681e-11,0.0011630618345586075,0.012922909272873415,1,v6_F0280_k06025__v6_F0280_k05800,geometric_l2_ot
identity,0.2,0.2,0.02360828789598611,0.023608287862783597,3.3202513655128385e-11,0.0020676654836597466,0.012922909272873415,1,v6_F0280_k06025__v6_F0280_k05800,geometric_l2_ot
identity,0.3,0.3,0.022962142423883804,0.022962142399139927,2.4743877086175203e-11,0.002713810947303417,0.012922909272873415,1,v6_F0280_k06025__v6_F0280_k05800,geometric_l2_ot
identity,0.4,0.4,0.022574455137238977,0.022574455120953726,1.6285250925562877e-11,0.0031014982254896194,0.012922909272873415,1,v6_F0280_k06025__v6_F0280_k05800,geometric_l2_ot
identity,0.5,0.5,0.02244522603605162,0.02244522602822499,7.826628234397504e-12,0.0032307273182183537,0.012922909272873415,1,v6_F0280_k06025__v6_F0280_k05800,geometric_l2_ot
identity,0.6,0.6,0.022574455120321725,0.022574455120953726,6.320013956617743e-13,0.0031014982254896194,0.012922909272873415,1,v6_F0280_k06025__v6_F0280_k05800,geometric_l2_ot
identity,0.7,0.7,0.022962142390049296,0.022962142399139927,9.090631025721052e-12,0.0027138109473034172,0.012922909272873415,1,v6_F0280_k06025__v6_F0280_k05800,geometric_l2_ot
identity,0.8,0.8,0.023608287845234343,0.023608287862783597,1.7549253716886426e-11,0.002067665483659746,0.012922909272873415,1,v6_F0280_k06025__v6_F0280_k05800,geometric_l2_ot
identity,0.9,0.9,0.024512891485876855,0.024512891511884738,2.6007883346945704e-11,0.001163061834558607,0.012922909272873415,1,v6_F0280_k06025__v6_F0280_k05800,geometric_l2_ot
smoothstep_reparameterization,0.1,0.028000000000000004,0.025324243495424167,0.025324243447672822,4.775134454515495e-11,0.0003517098987705229,0.012922909272873415,1,v6_F0280_k06025__v6_F0280_k05800,geometric_l2_ot
smoothstep_reparameterization,0.2,0.10400000000000002,0.0244717450100827,0.02447174496875991,4.132279241009229e-11,0.0012042083776834364,0.012922909272873415,1,v6_F0280_k06025__v6_F0280_k05800,geometric_l2_ot
smoothstep_reparameterization,0.3,0.216,0.023487536230386998,0.02348753619853787,3.1849127501981656e-11,0.0021884171479054754,0.012922909272873415,1,v6_F0280_k06025__v6_F0280_k05800,geometric_l2_ot
smoothstep_reparameterization,0.4,0.3520000000000001,0.022728289453283403,0.02272828943293801,2.0345392037768306e-11,0.002947663913505335,0.012922909272873415,1,v6_F0280_k06025__v6_F0280_k05800,geometric_l2_ot
smoothstep_reparameterization,0.5,0.5,0.02244522603605162,0.02244522602822499,7.826628234397504e-12,0.0032307273182183537,0.012922909272873415,1,v6_F0280_k06025__v6_F0280_k05800,geometric_l2_ot
smoothstep_reparameterization,0.6,0.648,0.022728289428245868,0.02272828943293801,4.692142507867203e-12,0.0029476639135053344,0.012922909272873415,1,v6_F0280_k06025__v6_F0280_k05800,geometric_l2_ot
smoothstep_reparameterization,0.7,0.7839999999999999,0.023487536182341992,0.023487536198537867,1.61958745026336e-11,0.0021884171479054763,0.012922909272873415,1,v6_F0280_k06025__v6_F0280_k05800,geometric_l2_ot
smoothstep_reparameterization,0.8,0.8960000000000001,0.02447174494309037,0.02447174496875991,2.5669539410744235e-11,0.0012042083776834349,0.012922909272873415,1,v6_F0280_k06025__v6_F0280_k05800,geometric_l2_ot
smoothstep_reparameterization,0.9,0.972,0.025324243415574724,0.025324243447672822,3.20980984847008e-11,0.0003517098987705232,0.012922909272873415,1,v6_F0280_k06025__v6_F0280_k05800,geometric_l2_ot
identity,0.1,0.1,0.023572254179953785,0.02357225413829265,4.166113634629376e-11,0.002103699208150695,0.02337443564611883,1,v6_F0280_k06025__v6_F0280_k05800,independent
identity,0.2,0.2,0.02193604367626684,0.02193604364306433,3.320251018568143e-11,0.0037399097033790135,0.02337443564611883,1,v6_F0280_k06025__v6_F0280_k05800,independent
identity,0.3,0.3,0.020767321885502267,0.02076732186075839,2.4743877086175203e-11,0.004908631485684954,0.02337443564611883,1,v6_F0280_k06025__v6_F0280_k05800,independent
identity,0.4,0.4,0.020066088807660077,0.020066088791374826,1.6285250925562877e-11,0.005609864555068519,0.02337443564611883,1,v6_F0280_k06025__v6_F0280_k05800,independent
identity,0.5,0.5,0.019832344442740263,0.019832344434913635,7.826628234397504e-12,0.005843608911529708,0.02337443564611883,1,v6_F0280_k06025__v6_F0280_k05800,independent
identity,0.6,0.6,0.020066088790742825,0.020066088791374826,6.320013956617743e-13,0.005609864555068519,0.02337443564611883,1,v6_F0280_k06025__v6_F0280_k05800,independent
identity,0.7,0.7,0.020767321851667762,0.02076732186075839,9.0906275562741e-12,0.004908631485684955,0.02337443564611883,1,v6_F0280_k06025__v6_F0280_k05800,independent
identity,0.8,0.8,0.02193604362551508,0.021936043643064333,1.7549253716886426e-11,0.003739909703379012,0.02337443564611883,1,v6_F0280_k06025__v6_F0280_k05800,independent
identity,0.9,0.9,0.02357225411228477,0.02357225413829265,2.6007879877498752e-11,0.0021036992081506943,0.02337443564611883,1,v6_F0280_k06025__v6_F0280_k05800,independent
smoothstep_reparameterization,0.1,0.028000000000000004,0.025039794753649917,0.025039794705898573,4.775134454515495e-11,0.0006361586405447702,0.02337443564611883,1,v6_F0280_k06025__v6_F0280_k05800,independent
smoothstep_reparameterization,0.2,0.10400000000000002,0.023497829976518197,0.023497829935195405,4.132279241009229e-11,0.0021781234112479377,0.02337443564611883,1,v6_F0280_k06025__v6_F0280_k05800,independent
smoothstep_reparameterization,0.3,0.216,0.021717632948236126,0.021717632916386998,3.1849127501981656e-11,0.003958320430056347,0.02337443564611883,1,v6_F0280_k06025__v6_F0280_k05800,independent
smoothstep_reparameterization,0.4,0.3520000000000001,0.020344338093651618,0.020344338073306222,2.0345395507215258e-11,0.005331615273137121,0.02337443564611883,1,v6_F0280_k06025__v6_F0280_k05800,independent
smoothstep_reparameterization,0.5,0.5,0.019832344442740263,0.019832344434913635,7.826628234397504e-12,0.005843608911529708,0.02337443564611883,1,v6_F0280_k06025__v6_F0280_k05800,independent
smoothstep_reparameterization,0.6,0.648,0.020344338068614083,0.020344338073306222,4.692139038420251e-12,0.005331615273137121,0.02337443564611883,1,v6_F0280_k06025__v6_F0280_k05800,independent
smoothstep_reparameterization,0.7,0.7839999999999999,0.021717632900191124,0.021717632916386995,1.619587103318665e-11,0.003958320430056349,0.02337443564611883,1,v6_F0280_k06025__v6_F0280_k05800,independent
smoothstep_reparameterization,0.8,0.8960000000000001,0.02349782990952587,0.02349782993519541,2.5669539410744235e-11,0.0021781234112479347,0.02337443564611883,1,v6_F0280_k06025__v6_F0280_k05800,independent
smoothstep_reparameterization,0.9,0.972,0.025039794673800478,0.025039794705898573,3.209809501525385e-11,0.0006361586405447707,0.02337443564611883,1,v6_F0280_k06025__v6_F0280_k05800,independent
identity,0.1,0.1,0.02562675158961549,0.02562675154726281,4.235268039054496e-11,0.0018075524177959504,0.020083915753288335,2,v6_F0300_k06100__v6_F0280_k05800,maximal_same_ic
identity,0.2,0.2,0.024220877464772028,0.024220877444532628,2.0239400433386123e-11,0.0032134265205261345,0.020083915753288335,2,v6_F0300_k06100__v6_F0280_k05800,maximal_same_ic
identity,0.3,0.3,0.02321668165499432,0.023216681656868212,1.8738934015605224e-12,0.00421762230819055,0.020083915753288335,2,v6_F0300_k06100__v6_F0280_k05800,maximal_same_ic
identity,0.4,0.4,0.02261416416028239,0.022614164184269564,2.398717335871936e-11,0.0048201397807892,0.020083915753288335,2,v6_F0300_k06100__v6_F0280_k05800,maximal_same_ic
identity,0.5,0.5,0.022413324980636223,0.02241332502673668,4.610045678532515e-11,0.005020978938322084,0.020083915753288335,2,v6_F0300_k06100__v6_F0280_k05800,maximal_same_ic
identity,0.6,0.6,0.022614164116055824,0.022614164184269564,6.821374021193094e-11,0.0048201397807892,0.020083915753288335,2,v6_F0300_k06100__v6_F0280_k05800,maximal_same_ic
identity,0.7,0.7,0.023216681566541192,0.023216681656868212,9.032702016908978e-11,0.004217622308190551,0.020083915753288335,2,v6_F0300_k06100__v6_F0280_k05800,maximal_same_ic
identity,0.8,0.8,0.024220877332092324,0.024220877444532628,1.1244030359569557e-10,0.003213426520526133,0.020083915753288335,2,v6_F0300_k06100__v6_F0280_k05800,maximal_same_ic
identity,0.9,0.9,0.025626751412709224,0.02562675154726281,1.3455358702230136e-10,0.0018075524177959498,0.020083915753288335,2,v6_F0300_k06100__v6_F0280_k05800,maximal_same_ic
smoothstep_reparameterization,0.1,0.028000000000000004,0.026887700172191505,0.02688770011391727,5.827423613102845e-11,0.0005466038511414954,0.020083915753288335,2,v6_F0300_k06100__v6_F0280_k05800,maximal_same_ic
smoothstep_reparameterization,0.2,0.10400000000000002,0.025562804400972486,0.02556280435950434,4.146814489014439e-11,0.0018714996055544206,0.020083915753288335,2,v6_F0300_k06100__v6_F0280_k05800,maximal_same_ic
smoothstep_reparameterization,0.3,0.216,0.024033213352435173,0.024033213335733904,1.6701268840124683e-11,0.00340109062932486,0.020083915753288335,2,v6_F0300_k06100__v6_F0280_k05800,maximal_same_ic
smoothstep_reparameterization,0.4,0.3520000000000001,0.02285324310402391,0.022853243117396706,1.33727959261698e-11,0.0045810608476620565,0.020083915753288335,2,v6_F0300_k06100__v6_F0280_k05800,maximal_same_ic
smoothstep_reparameterization,0.5,0.5,0.022413324980636223,0.02241332502673668,4.610045678532515e-11,0.005020978938322084,0.020083915753288335,2,v6_F0300_k06100__v6_F0280_k05800,maximal_same_ic
smoothstep_reparameterization,0.6,0.648,0.02285324303856859,0.022853243117396706,7.882811417503355e-11,0.004581060847662056,0.020083915753288335,2,v6_F0300_k06100__v6_F0280_k05800,maximal_same_ic
smoothstep_reparameterization,0.7,0.7839999999999999,0.02403321322683172,0.0240332133357339,1.0890217894132803e-10,0.0034010906293248607,0.020083915753288335,2,v6_F0300_k06100__v6_F0280_k05800,maximal_same_ic
smoothstep_reparameterization,0.8,0.8960000000000001,0.02556280422583529,0.025562804359504344,1.3366905499134774e-10,0.001871499605554418,0.020083915753288335,2,v6_F0300_k06100__v6_F0280_k05800,maximal_same_ic
smoothstep_reparameterization,0.9,0.972,0.026887699963442115,0.026887700113917265,1.5047514970167875e-10,0.0005466038511414958,0.020083915753288335,2,v6_F0300_k06100__v6_F0280_k05800,maximal_same_ic
identity,0.1,0.1,0.02620617535485492,0.02620617531250225,4.2352669982204105e-11,0.00122812865255651,0.013645873917294552,2,v6_F0300_k06100__v6_F0280_k05800,geometric_l2_ot
identity,0.2,0.2,0.025250964158531026,0.025250964138291632,2.023939349449222e-11,0.0021833398267671286,0.013645873917294552,2,v6_F0300_k06100__v6_F0280_k05800,geometric_l2_ot
identity,0.3,0.3,0.024568670440553008,0.024568670442426905,1.8738968710074744e-12,0.002865633522631856,0.013645873917294552,2,v6_F0300_k06100__v6_F0280_k05800,geometric_l2_ot
identity,0.4,0.4,0.02415929420092089,0.02415929422490807,2.3987180297613264e-11,0.003275009740150692,0.013645873917294552,2,v6_F0300_k06100__v6_F0280_k05800,geometric_l2_ot
identity,0.5,0.5,0.02402283543963466,0.024022835485735125,4.6100463724219054e-11,0.003411468479323638,0.013645873917294552,2,v6_F0300_k06100__v6_F0280_k05800,geometric_l2_ot
identity,0.6,0.6,0.024159294156694322,0.02415929422490807,6.821374715082484e-11,0.003275009740150692,0.013645873917294552,2,v6_F0300_k06100__v6_F0280_k05800,geometric_l2_ot
identity,0.7,0.7,0.024568670352099878,0.024568670442426905,9.032702710798368e-11,0.0028656335226318564,0.013645873917294552,2,v6_F0300_k06100__v6_F0280_k05800,geometric_l2_ot
identity,0.8,0.8,0.025250964025851322,0.025250964138291636,1.1244031400403642e-10,0.002183339826767128,0.013645873917294552,2,v6_F0300_k06100__v6_F0280_k05800,geometric_l2_ot
identity,0.9,0.9,0.026206175177948658,0.02620617531250225,1.3455359396119526e-10,0.0012281286525565095,0.013645873917294552,2,v6_F0300_k06100__v6_F0280_k05800,geometric_l2_ot
smoothstep_reparameterization,0.1,0.028000000000000004,0.027062917918799907,0.027062917860525674,5.827423266158149e-11,0.0003713861045330886,0.013645873917294552,2,v6_F0300_k06100__v6_F0280_k05800,geometric_l2_ot
smoothstep_reparameterization,0.2,0.10400000000000002,0.02616272689141773,0.026162726849949587,4.1468141420697435e-11,0.0012715771151091757,0.013645873917294552,2,v6_F0300_k06100__v6_F0280_k05800,geometric_l2_ot
smoothstep_reparameterization,0.3,0.216,0.0251234571091097,0.025123457092408433,1.670126537067773e-11,0.0023108468726503284,0.013645873917294552,2,v6_F0300_k06100__v6_F0280_k05800,geometric_l2_ot
smoothstep_reparameterization,0.4,0.3520000000000001,0.02432173469464674,0.024321734708019543,1.3372802865063704e-11,0.0031125692570392184,0.013645873917294552,2,v6_F0300_k06100__v6_F0280_k05800,geometric_l2_ot
smoothstep_reparameterization,0.5,0.5,0.02402283543963466,0.024022835485735125,4.6100463724219054e-11,0.003411468479323638,0.013645873917294552,2,v6_F0300_k06100__v6_F0280_k05800,geometric_l2_ot
smoothstep_reparameterization,0.6,0.648,0.024321734629191422,0.024321734708019543,7.882812111392745e-11,0.003112569257039218,0.013645873917294552,2,v6_F0300_k06100__v6_F0280_k05800,geometric_l2_ot
smoothstep_reparameterization,0.7,0.7839999999999999,0.025123456983506244,0.025123457092408433,1.0890218934966889e-10,0.0023108468726503292,0.013645873917294552,2,v6_F0300_k06100__v6_F0280_k05800,geometric_l2_ot
smoothstep_reparameterization,0.8,0.8960000000000001,0.026162726716280525,0.026162726849949587,1.3366906193024164e-10,0.001271577115109174,0.013645873917294552,2,v6_F0300_k06100__v6_F0280_k05800,geometric_l2_ot
smoothstep_reparameterization,0.9,0.972,0.027062917710050514,0.027062917860525674,1.504751601100196e-10,0.00037138610453308886,0.013645873917294552,2,v6_F0300_k06100__v6_F0280_k05800,geometric_l2_ot
identity,0.1,0.1,0.025214221399472787,0.025214221357120106,4.235268039054496e-11,0.002220082607938655,0.02466758453265172,2,v6_F0300_k06100__v6_F0280_k05800,independent
identity,0.2,0.2,0.02348749046007389,0.023487490439834488,2.0239400433386123e-11,0.003946813525224276,0.02466758453265172,2,v6_F0300_k06100__v6_F0280_k05800,independent
identity,0.3,0.3,0.02225411121132801,0.0222541112132019,1.8738899321135705e-12,0.005180192751856861,0.02466758453265172,2,v6_F0300_k06100__v6_F0280_k05800,independent
identity,0.4,0.4,0.021514083653235178,0.02151408367722235,2.398717335871936e-11,0.005920220287836413,0.02466758453265172,2,v6_F0300_k06100__v6_F0280_k05800,independent
identity,0.5,0.5,0.021267407785795382,0.021267407831895832,4.6100449846431246e-11,0.00616689613316293,0.02466758453265172,2,v6_F0300_k06100__v6_F0280_k05800,independent
identity,0.6,0.6,0.021514083609008614,0.02151408367722235,6.821373674248399e-11,0.005920220287836413,0.02466758453265172,2,v6_F0300_k06100__v6_F0280_k05800,independent
identity,0.7,0.7,0.022254111122874884,0.0222541112132019,9.032701669964283e-11,0.005180192751856862,0.02466758453265172,2,v6_F0300_k06100__v6_F0280_k05800,independent
identity,0.8,0.8,0.023487490327394188,0.023487490439834488,1.1244030012624862e-10,0.003946813525224275,0.02466758453265172,2,v6_F0300_k06100__v6_F0280_k05800,independent
identity,0.9,0.9,0.025214221222566523,0.025214221357120106,1.345535835528544e-10,0.0022200826079386542,0.02466758453265172,2,v6_F0300_k06100__v6_F0280_k05800,independent
smoothstep_reparameterization,0.1,0.028000000000000004,0.026762951042692353,0.026762950984418114,5.82742396004754e-11,0.0006713529806406494,0.02466758453265172,2,v6_F0300_k06100__v6_F0280_k05800,independent
smoothstep_reparameterization,0.2,0.10400000000000002,0.025135679809436297,0.025135679767968145,4.146815182903829e-11,0.0022986241970906185,0.02466758453265172,2,v6_F0300_k06100__v6_F0280_k05800,independent
smoothstep_reparameterization,0.3,0.216,0.02325699654666266,0.02325699652996139,1.6701272309571635e-11,0.004177307435097373,0.02466758453265172,2,v6_F0300_k06100__v6_F0280_k05800,independent
smoothstep_reparameterization,0.4,0.3520000000000001,0.02180772659012624,0.021807726603499035,1.33727959261698e-11,0.005626577361559727,0.02466758453265172,2,v6_F0300_k06100__v6_F0280_k05800,independent
smoothstep_reparameterization,0.5,0.5,0.021267407785795382,0.021267407831895832,4.6100449846431246e-11,0.00616689613316293,0.02466758453265172,2,v6_F0300_k06100__v6_F0280_k05800,independent
smoothstep_reparameterization,0.6,0.648,0.021807726524670924,0.021807726603499035,7.88281107055866e-11,0.005626577361559726,0.02466758453265172,2,v6_F0300_k06100__v6_F0280_k05800,independent
smoothstep_reparameterization,0.7,0.7839999999999999,0.02325699642105921,0.02325699652996139,1.0890217894132803e-10,0.004177307435097374,0.02466758453265172,2,v6_F0300_k06100__v6_F0280_k05800,independent
smoothstep_reparameterization,0.8,0.8960000000000001,0.025135679634299093,0.02513567976796815,1.3366905499134774e-10,0.002298624197090615,0.02466758453265172,2,v6_F0300_k06100__v6_F0280_k05800,independent
smoothstep_reparameterization,0.9,0.972,0.026762950833942964,0.026762950984418114,1.5047514970167875e-10,0.0006713529806406498,0.02466758453265172,2,v6_F0300_k06100__v6_F0280_k05800,independent
identity,0.1,0.1,0.026326474352836932,0.026326474372102702,1.926576953525938e-11,0.0017512111641654995,0.019457901824061104,3,v6_F0300_k06075__v6_F0280_k05800,maximal_same_ic
identity,0.2,0.2,0.024964421209566514,0.024964421244418424,3.4851909552768845e-11,0.003113264291849777,0.019457901824061104,3,v6_F0300_k06075__v6_F0280_k05800,maximal_same_ic
identity,0.3,0.3,0.023991526102777307,0.02399152615321537,5.043806344806612e-11,0.0040861593830528314,0.019457901824061104,3,v6_F0300_k06075__v6_F0280_k05800,maximal_same_ic
identity,0.4,0.4,0.023407789032469328,0.023407789098493538,6.602421040446949e-11,0.004669896437774664,0.019457901824061104,3,v6_F0300_k06075__v6_F0280_k05800,maximal_same_ic
identity,0.5,0.5,0.023213209998642573,0.023213210080252927,8.16103538914259e-11,0.004864475456015276,0.019457901824061104,3,v6_F0300_k06075__v6_F0280_k05800,maximal_same_ic
identity,0.6,0.6,0.02340778900129704,0.023407789098493538,9.719649737838232e-11,0.004669896437774664,0.019457901824061104,3,v6_F0300_k06075__v6_F0280_k05800,maximal_same_ic
identity,0.7,0.7,0.023991526040432733,0.02399152615321537,1.1278263739589178e-10,0.004086159383052832,0.019457901824061104,3,v6_F0300_k06075__v6_F0280_k05800,maximal_same_ic
identity,0.8,0.8,0.024964421116049643,0.024964421244418424,1.283687808828482e-10,0.0031132642918497763,0.019457901824061104,3,v6_F0300_k06075__v6_F0280_k05800,maximal_same_ic
identity,0.9,0.9,0.026326474228147774,0.026326474372102702,1.4395492783925157e-10,0.001751211164165499,0.019457901824061104,3,v6_F0300_k06075__v6_F0280_k05800,maximal_same_ic
smoothstep_reparameterization,0.1,0.028000000000000004,0.027548119272180805,0.027548119280224555,8.043749694097713e-12,0.0005295662560436471,0.019457901824061104,3,v6_F0300_k06075__v6_F0280_k05800,maximal_same_ic
smoothstep_reparameterization,0.2,0.10400000000000002,0.026264520392805676,0.02626452041269489,1.9889215274737637e-11,0.0018131651235733103,0.019457901824061104,3,v6_F0300_k06075__v6_F0280_k05800,maximal_same_ic
smoothstep_reparameterization,0.3,0.216,0.0247826065724287,0.024782606609774396,3.7345695980128824e-11,0.0032950789264938034,0.019457901824061104,3,v6_F0300_k06075__v6_F0280_k05800,maximal_same_ic
smoothstep_reparameterization,0.4,0.3520000000000001,0.0236394159032643,0.02363941596180716,5.854285806128345e-11,0.004438269574461042,0.019457901824061104,3,v6_F0300_k06075__v6_F0280_k05800,maximal_same_ic
smoothstep_reparameterization,0.5,0.5,0.023213209998642573,0.023213210080252927,8.16103538914259e-11,0.004864475456015276,0.019457901824061104,3,v6_F0300_k06075__v6_F0280_k05800,maximal_same_ic
smoothstep_reparameterization,0.6,0.648,0.023639415857129316,0.02363941596180716,1.0467784278267445e-10,0.004438269574461041,0.019457901824061104,3,v6_F0300_k06075__v6_F0280_k05800,maximal_same_ic
smoothstep_reparameterization,0.7,0.7839999999999999,0.0247826064838994,0.024782606609774396,1.2587499792493517e-10,0.0032950789264938043,0.019457901824061104,3,v6_F0300_k06075__v6_F0280_k05800,maximal_same_ic
smoothstep_reparameterization,0.8,0.8960000000000001,0.02626452026936341,0.026264520412694895,1.4333148556922026e-10,0.0018131651235733079,0.019457901824061104,3,v6_F0300_k06075__v6_F0280_k05800,maximal_same_ic
smoothstep_reparameterization,0.9,0.972,0.0275481191250476,0.027548119280224555,1.5517695461930714e-10,0.0005295662560436475,0.019457901824061104,3,v6_F0300_k06075__v6_F0280_k05800,maximal_same_ic
identity,0.1,0.1,0.026898713273212076,0.026898713292477842,1.926576606581243e-11,0.0011789722437903585,0.01309969159767065,3,v6_F0300_k06075__v6_F0280_k05800,geometric_l2_ot
identity,0.2,0.2,0.025981734845788987,0.025981734880640896,3.4851909552768845e-11,0.0020959506556273043,0.01309969159767065,3,v6_F0300_k06075__v6_F0280_k05800,geometric_l2_ot
identity,0.3,0.3,0.025326750250319302,0.025326750300757365,5.043806344806612e-11,0.002750935235510836,0.01309969159767065,3,v6_F0300_k06075__v6_F0280_k05800,geometric_l2_ot
identity,0.4,0.4,0.024933759486803042,0.024933759552827246,6.602420346557558e-11,0.0031439259834409555,0.01309969159767065,3,v6_F0300_k06075__v6_F0280_k05800,geometric_l2_ot
identity,0.5,0.5,0.02480276255524019,0.02480276263685054,8.161035042197895e-11,0.0032749228994176623,0.01309969159767065,3,v6_F0300_k06075__v6_F0280_k05800,geometric_l2_ot
identity,0.6,0.6,0.02493375945563075,0.024933759552827246,9.719649390893537e-11,0.0031439259834409555,0.01309969159767065,3,v6_F0300_k06075__v6_F0280_k05800,geometric_l2_ot
identity,0.7,0.7,0.025326750187974725,0.025326750300757365,1.1278264086533873e-10,0.0027509352355108365,0.01309969159767065,3,v6_F0300_k06075__v6_F0280_k05800,geometric_l2_ot
identity,0.8,0.8,0.025981734752272116,0.0259817348806409,1.2836878435229515e-10,0.0020959506556273034,0.01309969159767065,3,v6_F0300_k06075__v6_F0280_k05800,geometric_l2_ot
identity,0.9,0.9,0.026898713148522914,0.026898713292477842,1.4395492783925157e-10,0.0011789722437903583,0.01309969159767065,3,v6_F0300_k06075__v6_F0280_k05800,geometric_l2_ot
smoothstep_reparameterization,0.1,0.028000000000000004,0.027721164321702248,0.027721164329745997,8.043749694097713e-12,0.00035652120652220445,0.01309969159767065,3,v6_F0300_k06075__v6_F0280_k05800,geometric_l2_ot
smoothstep_reparameterization,0.2,0.10400000000000002,0.026857003854541647,0.02685700387443086,1.9889211805290685e-11,0.001220681661837342,0.01309969159767065,3,v6_F0300_k06075__v6_F0280_k05800,geometric_l2_ot
smoothstep_reparameterization,0.3,0.216,0.025859331325006566,0.025859331362352262,3.7345695980128824e-11,0.002218354173915938,0.01309969159767065,3,v6_F0300_k06075__v6_F0280_k05800,geometric_l2_ot
smoothstep_reparameterization,0.4,0.3520000000000001,0.02508969822306306,0.025089698281605916,5.85428545918365e-11,0.002987987254662285,0.01309969159767065,3,v6_F0300_k06075__v6_F0280_k05800,geometric_l2_ot
smoothstep_reparameterization,0.5,0.5,0.02480276255524019,0.02480276263685054,8.161035042197895e-11,0.0032749228994176623,0.01309969159767065,3,v6_F0300_k06075__v6_F0280_k05800,geometric_l2_ot
smoothstep_reparameterization,0.6,0.648,0.025089698176928073,0.025089698281605916,1.0467784278267445e-10,0.0029879872546622844,0.01309969159767065,3,v6_F0300_k06075__v6_F0280_k05800,geometric_l2_ot
smoothstep_reparameterization,0.7,0.7839999999999999,0.02585933123647726,0.025859331362352262,1.2587500139438212e-10,0.002218354173915939,0.01309969159767065,3,v6_F0300_k06075__v6_F0280_k05800,geometric_l2_ot
smoothstep_reparameterization,0.8,0.8960000000000001,0.026857003731099376,0.026857003874430862,1.4333148556922026e-10,0.0012206816618373403,0.01309969159767065,3,v6_F0300_k06075__v6_F0280_k05800,geometric_l2_ot
smoothstep_reparameterization,0.9,0.972,0.027721164174569043,0.027721164329745997,1.5517695461930714e-10,0.0003565212065222047,0.01309969159767065,3,v6_F0300_k06075__v6_F0280_k05800,geometric_l2_ot
identity,0.1,0.1,0.02588279941827693,0.025882799437542695,1.926576606581243e-11,0.0021948860987255053,0.02438762331917228,3,v6_F0300_k06075__v6_F0280_k05800,independent
identity,0.2,0.2,0.024175665770348728,0.024175665805200634,3.485190608332189e-11,0.0039020197310675655,0.02438762331917228,3,v6_F0300_k06075__v6_F0280_k05800,independent
identity,0.3,0.3,0.022956284588803964,0.02295628463924202,5.0438056509172213e-11,0.005121400897026179,0.02438762331917228,3,v6_F0300_k06075__v6_F0280_k05800,independent
identity,0.4,0.4,0.02222465587364265,0.022224655939666854,6.602420346557558e-11,0.0058530295966013465,0.02438762331917228,3,v6_F0300_k06075__v6_F0280_k05800,independent
identity,0.5,0.5,0.021980779624864784,0.02198077970647513,8.1610346952532e-11,0.00609690582979307,0.02438762331917228,3,v6_F0300_k06075__v6_F0280_k05800,independent
identity,0.6,0.6,0.02222465584247036,0.022224655939666854,9.719649390893537e-11,0.0058530295966013465,0.02438762331917228,3,v6_F0300_k06075__v6_F0280_k05800,independent
identity,0.7,0.7,0.022956284526459383,0.02295628463924202,1.1278263739589178e-10,0.005121400897026179,0.02438762331917228,3,v6_F0300_k06075__v6_F0280_k05800,independent
identity,0.8,0.8,0.024175665676831853,0.024175665805200638,1.2836878435229515e-10,0.003902019731067564,0.02438762331917228,3,v6_F0300_k06075__v6_F0280_k05800,independent
identity,0.9,0.9,0.02588279929358777,0.025882799437542698,1.4395492783925157e-10,0.002194886098725505,0.02438762331917228,3,v6_F0300_k06075__v6_F0280_k05800,independent
smoothstep_reparameterization,0.1,0.028000000000000004,0.027413951971969865,0.027413951980013607,8.043742755203809e-12,0.0006637335562545929,0.02438762331917228,3,v6_F0300_k06075__v6_F0280_k05800,independent
smoothstep_reparameterization,0.2,0.10400000000000002,0.02580514922500524,0.02580514924489445,1.9889211805290685e-11,0.00227253629137375,0.02438762331917228,3,v6_F0300_k06075__v6_F0280_k05800,independent
smoothstep_reparameterization,0.3,0.216,0.023947787815560596,0.023947787852906292,3.7345695980128824e-11,0.00412989768336191,0.02438762331917228,3,v6_F0300_k06075__v6_F0280_k05800,independent
smoothstep_reparameterization,0.4,0.3520000000000001,0.022514966149115426,0.02251496620765828,5.85428545918365e-11,0.00556271932860992,0.02438762331917228,3,v6_F0300_k06075__v6_F0280_k05800,independent
smoothstep_reparameterization,0.5,0.5,0.021980779624864784,0.02198077970647513,8.1610346952532e-11,0.00609690582979307,0.02438762331917228,3,v6_F0300_k06075__v6_F0280_k05800,independent
smoothstep_reparameterization,0.6,0.648,0.022514966102980438,0.02251496620765828,1.0467784278267445e-10,0.00556271932860992,0.02438762331917228,3,v6_F0300_k06075__v6_F0280_k05800,independent
smoothstep_reparameterization,0.7,0.7839999999999999,0.02394778772703129,0.02394778785290629,1.2587499792493517e-10,0.004129897683361912,0.02438762331917228,3,v6_F0300_k06075__v6_F0280_k05800,independent
smoothstep_reparameterization,0.8,0.8960000000000001,0.025805149101562973,0.025805149244894455,1.433314820997733e-10,0.002272536291373747,0.02438762331917228,3,v6_F0300_k06075__v6_F0280_k05800,independent
smoothstep_reparameterization,0.9,0.972,0.027413951824836656,0.027413951980013607,1.551769511498602e-10,0.0006637335562545934,0.02438762331917228,3,v6_F0300_k06075__v6_F0280_k05800,independent
identity,0.1,0.1,0.02709174703526357,0.027091747097654734,6.239116515094345e-11,0.0016928302510647352,0.01880922501183039,4,v6_F0300_k06050__v6_F0280_k05800,maximal_same_ic
identity,0.2,0.2,0.02577510127628184,0.025775101346826604,7.054476447443392e-11,0.003009476001892863,0.01880922501183039,4,v6_F0300_k06050__v6_F0280_k05800,maximal_same_ic
identity,0.3,0.3,0.024834640017536717,0.024834640096235087,7.869837073681829e-11,0.003949937252484382,0.01880922501183039,4,v6_F0300_k06050__v6_F0280_k05800,maximal_same_ic
identity,0.4,0.4,0.024270363259028208,0.024270363345880175,8.685196659086181e-11,0.004514214002839293,0.01880922501183039,4,v6_F0300_k06050__v6_F0280_k05800,maximal_same_ic
identity,0.5,0.5,0.0240822710007563,0.024082271095761873,9.500557285324618e-11,0.004702306252957597,0.01880922501183039,4,v6_F0300_k06050__v6_F0280_k05800,maximal_same_ic
identity,0.6,0.6,0.024270363242721006,0.024270363345880175,1.031591687072897e-10,0.004514214002839293,0.01880922501183039,4,v6_F0300_k06050__v6_F0280_k05800,maximal_same_ic
identity,0.7,0.7,0.02483463998492232,0.024834640096235087,1.1131276803078016e-10,0.003949937252484382,0.01880922501183039,4,v6_F0300_k06050__v6_F0280_k05800,maximal_same_ic
identity,0.8,0.8,0.02577510122736024,0.025775101346826607,1.1946636735427063e-10,0.003009476001892862,0.01880922501183039,4,v6_F0300_k06050__v6_F0280_k05800,maximal_same_ic
identity,0.9,0.9,0.027091746970034768,0.027091747097654734,1.276199666777611e-10,0.0016928302510647347,0.01880922501183039,4,v6_F0300_k06050__v6_F0280_k05800,maximal_same_ic
smoothstep_reparameterization,0.1,0.028000000000000004,0.028272665424276915,0.028272665480797494,5.652057988303483e-11,0.0005119118679219759,0.01880922501183039,4,v6_F0300_k06050__v6_F0280_k05800,maximal_same_ic
smoothstep_reparameterization,0.2,0.10400000000000002,0.027031858462499756,0.027031858525217067,6.271731051166185e-11,0.0017527188235024033,0.01880922501183039,4,v6_F0300_k06050__v6_F0280_k05800,maximal_same_ic
smoothstep_reparameterization,0.3,0.216,0.02559934787646672,0.025599347948316063,7.184934244786056e-11,0.0031852294004034052,0.01880922501183039,4,v6_F0300_k06050__v6_F0280_k05800,maximal_same_ic
smoothstep_reparameterization,0.4,0.3520000000000001,0.024494268277482762,0.024494268360421005,8.293824307892272e-11,0.004290308988298465,0.01880922501183039,4,v6_F0300_k06050__v6_F0280_k05800,maximal_same_ic
smoothstep_reparameterization,0.5,0.5,0.0240822710007563,0.024082271095761873,9.500557285324618e-11,0.004702306252957597,0.01880922501183039,4,v6_F0300_k06050__v6_F0280_k05800,maximal_same_ic
smoothstep_reparameterization,0.6,0.648,0.024494268253348106,0.024494268360421005,1.0707289915812268e-10,0.004290308988298464,0.01880922501183039,4,v6_F0300_k06050__v6_F0280_k05800,maximal_same_ic
smoothstep_reparameterization,0.7,0.7839999999999999,0.025599347830154273,0.025599347948316063,1.1816178938084398e-10,0.0031852294004034065,0.01880922501183039,4,v6_F0300_k06050__v6_F0280_k05800,maximal_same_ic
smoothstep_reparameterization,0.8,0.8960000000000001,0.027031858397923242,0.027031858525217067,1.2729382478648965e-10,0.001752718823502401,0.01880922501183039,4,v6_F0300_k06050__v6_F0280_k05800,maximal_same_ic
smoothstep_reparameterization,0.9,0.972,0.028272665347306936,0.02827266548079749,1.3349055541511667e-10,0.0005119118679219764,0.01880922501183039,4,v6_F0300_k06050__v6_F0280_k05800,maximal_same_ic
identity,0.1,0.1,0.027632984984642305,0.027632985047033463,6.239115821204955e-11,0.0011515923016860048,0.012795470018733386,4,v6_F0300_k06050__v6_F0280_k05800,geometric_l2_ot
identity,0.2,0.2,0.02673730207517737,0.026737302145722126,7.054475753554001e-11,0.0020472752029973423,0.012795470018733386,4,v6_F0300_k06050__v6_F0280_k05800,geometric_l2_ot
identity,0.3,0.3,0.026097528566087092,0.026097528644785456,7.869836379792439e-11,0.002687048703934011,0.012795470018733386,4,v6_F0300_k06050__v6_F0280_k05800,geometric_l2_ot
identity,0.4,0.4,0.025713664457371492,0.025713664544223455,8.685196312141485e-11,0.0030709128044960126,0.012795470018733386,4,v6_F0300_k06050__v6_F0280_k05800,geometric_l2_ot
identity,0.5,0.5,0.025585709749030558,0.025585709844036124,9.500556591435227e-11,0.0031988675046833465,0.012795470018733386,4,v6_F0300_k06050__v6_F0280_k05800,geometric_l2_ot
identity,0.6,0.6,0.025713664441064293,0.025713664544223455,1.0315916176839579e-10,0.0030709128044960126,0.012795470018733386,4,v6_F0300_k06050__v6_F0280_k05800,geometric_l2_ot
identity,0.7,0.7,0.02609752853347269,0.026097528644785456,1.1131276456133321e-10,0.0026870487039340114,0.012795470018733386,4,v6_F0300_k06050__v6_F0280_k05800,geometric_l2_ot
identity,0.8,0.8,0.026737302026255766,0.026737302145722126,1.1946636041537673e-10,0.0020472752029973415,0.012795470018733386,4,v6_F0300_k06050__v6_F0280_k05800,geometric_l2_ot
identity,0.9,0.9,0.027632984919413503,0.027632985047033463,1.276199597388672e-10,0.0011515923016860046,0.012795470018733386,4,v6_F0300_k06050__v6_F0280_k05800,geometric_l2_ot
smoothstep_reparameterization,0.1,0.028000000000000004,0.028436335780169048,0.02843633583668962,5.6520572944140923e-11,0.0003482415120298479,0.012795470018733386,4,v6_F0300_k06050__v6_F0280_k05800,geometric_l2_ot
smoothstep_reparameterization,0.2,0.10400000000000002,0.027592244207776513,0.027592244270493817,6.271730357276795e-11,0.0011923330782256521,0.012795470018733386,4,v6_F0300_k06050__v6_F0280_k05800,geometric_l2_ot
smoothstep_reparameterization,0.3,0.216,0.026617741202017743,0.026617741273867082,7.184933897841361e-11,0.0021668360748523866,0.012795470018733386,4,v6_F0300_k06050__v6_F0280_k05800,geometric_l2_ot
smoothstep_reparameterization,0.4,0.3520000000000001,0.02586598173638822,0.025865981819326457,8.293823614002882e-11,0.0029185955293930107,0.012795470018733386,4,v6_F0300_k06050__v6_F0280_k05800,geometric_l2_ot
smoothstep_reparameterization,0.5,0.5,0.025585709749030558,0.025585709844036124,9.500556591435227e-11,0.0031988675046833465,0.012795470018733386,4,v6_F0300_k06050__v6_F0280_k05800,geometric_l2_ot
smoothstep_reparameterization,0.6,0.648,0.025865981712253565,0.025865981819326457,1.0707289221922878e-10,0.0029185955293930103,0.012795470018733386,4,v6_F0300_k06050__v6_F0280_k05800,geometric_l2_ot
smoothstep_reparameterization,0.7,0.7839999999999999,0.026617741155705296,0.026617741273867082,1.1816178591139703e-10,0.002166836074852387,0.012795470018733386,4,v6_F0300_k06050__v6_F0280_k05800,geometric_l2_ot
smoothstep_reparameterization,0.8,0.8960000000000001,0.027592244143199995,0.027592244270493817,1.272938213170427e-10,0.0011923330782256504,0.012795470018733386,4,v6_F0300_k06050__v6_F0280_k05800,geometric_l2_ot
smoothstep_reparameterization,0.9,0.972,0.02843633570319907,0.02843633583668962,1.3349055194566972e-10,0.00034824151202984816,0.012795470018733386,4,v6_F0300_k06050__v6_F0280_k05800,geometric_l2_ot
identity,0.1,0.1,0.02663019107687057,0.026630191139261728,6.239115821204955e-11,0.0021543862094577397,0.02393762454953044,4,v6_F0300_k06050__v6_F0280_k05800,independent
identity,0.2,0.2,0.024954557350249845,0.024954557420794596,7.054475059664611e-11,0.003830019927924871,0.02393762454953044,4,v6_F0300_k06050__v6_F0280_k05800,independent
identity,0.3,0.3,0.023757676114619715,0.023757676193318075,7.869836032847743e-11,0.0050269011554013926,0.02393762454953044,4,v6_F0300_k06050__v6_F0280_k05800,independent
identity,0.4,0.4,0.023039547369980207,0.023039547456832163,8.685195618252095e-11,0.005745029891887305,0.02393762454953044,4,v6_F0300_k06050__v6_F0280_k05800,independent
identity,0.5,0.5,0.022800171116331303,0.02280017121133686,9.500555550601142e-11,0.00598440613738261,0.02393762454953044,4,v6_F0300_k06050__v6_F0280_k05800,independent
identity,0.6,0.6,0.023039547353673005,0.023039547456832163,1.0315915829894884e-10,0.005745029891887305,0.02393762454953044,4,v6_F0300_k06050__v6_F0280_k05800,independent
identity,0.7,0.7,0.02375767608200532,0.023757676193318075,1.1131275415299235e-10,0.0050269011554013926,0.02393762454953044,4,v6_F0300_k06050__v6_F0280_k05800,independent
identity,0.8,0.8,0.024954557301328242,0.0249545574207946,1.1946635694592977e-10,0.00383001992792487,0.02393762454953044,4,v6_F0300_k06050__v6_F0280_k05800,independent
identity,0.9,0.9,0.02663019101164177,0.026630191139261728,1.276199597388672e-10,0.0021543862094577392,0.02393762454953044,4,v6_F0300_k06050__v6_F0280_k05800,independent
smoothstep_reparameterization,0.1,0.028000000000000004,0.02813309090245888,0.028133090958979447,5.652056600524702e-11,0.0006514863897400206,0.02393762454953044,4,v6_F0300_k06050__v6_F0280_k05800,independent
smoothstep_reparameterization,0.2,0.10400000000000002,0.026553973679978724,0.026553973742696024,6.2717300103321e-11,0.002230603606023445,0.02393762454953044,4,v6_F0300_k06050__v6_F0280_k05800,independent
smoothstep_reparameterization,0.3,0.216,0.024730884185154456,0.024730884257003788,7.184933203951971e-11,0.0040536930917156825,0.02393762454953044,4,v6_F0300_k06050__v6_F0280_k05800,independent
smoothstep_reparameterization,0.4,0.3520000000000001,0.02332450085653154,0.023324500939469774,8.293823267058187e-11,0.005460076409249695,0.02393762454953044,4,v6_F0300_k06050__v6_F0280_k05800,independent
smoothstep_reparameterization,0.5,0.5,0.022800171116331303,0.02280017121133686,9.500555550601142e-11,0.00598440613738261,0.02393762454953044,4,v6_F0300_k06050__v6_F0280_k05800,independent
smoothstep_reparameterization,0.6,0.648,0.023324500832396886,0.023324500939469774,1.0707288874978182e-10,0.005460076409249695,0.02393762454953044,4,v6_F0300_k06050__v6_F0280_k05800,independent
smoothstep_reparameterization,0.7,0.7839999999999999,0.024730884138842002,0.024730884257003784,1.1816178244195008e-10,0.004053693091715684,0.02393762454953044,4,v6_F0300_k06050__v6_F0280_k05800,independent
smoothstep_reparameterization,0.8,0.8960000000000001,0.026553973615402213,0.026553973742696028,1.272938143781488e-10,0.0022306036060234418,0.02393762454953044,4,v6_F0300_k06050__v6_F0280_k05800,independent
smoothstep_reparameterization,0.9,0.972,0.0281330908254889,0.028133090958979447,1.3349054847622277e-10,0.000651486389740021,0.02393762454953044,4,v6_F0300_k06050__v6_F0280_k05800,independent
identity,0.1,0.1,0.027085041054671993,0.027085041114511797,5.98398032514158e-11,0.001622878620098971,0.018031984667766343,5,v6_F0300_k06050__v6_F0280_k05800,maximal_same_ic
identity,0.2,0.2,0.02582280211788214,0.02582280218776815,6.988601017332563e-11,0.0028851175468426154,0.018031984667766343,5,v6_F0300_k06050__v6_F0280_k05800,maximal_same_ic
identity,0.3,0.3,0.024921202874447598,0.024921202954379836,7.993223791191717e-11,0.003786716780230932,0.018031984667766343,5,v6_F0300_k06050__v6_F0280_k05800,maximal_same_ic
identity,0.4,0.4,0.024380243324368396,0.024380243414346844,8.997844830327395e-11,0.004327676320263922,0.018031984667766343,5,v6_F0300_k06050__v6_F0280_k05800,maximal_same_ic
identity,0.5,0.5,0.02419992346764451,0.02419992356766918,1.0002466910297159e-10,0.004507996166941586,0.018031984667766343,5,v6_F0300_k06050__v6_F0280_k05800,maximal_same_ic
identity,0.6,0.6,0.02438024330427596,0.024380243414346844,1.1007088296377532e-10,0.004327676320263922,0.018031984667766343,5,v6_F0300_k06050__v6_F0280_k05800,maximal_same_ic
identity,0.7,0.7,0.024921202834262735,0.024921202954379836,1.20117100294026e-10,0.0037867167802309322,0.018031984667766343,5,v6_F0300_k06050__v6_F0280_k05800,maximal_same_ic
identity,0.8,0.8,0.02582280205760484,0.02582280218776815,1.3016331068538278e-10,0.0028851175468426146,0.018031984667766343,5,v6_F0300_k06050__v6_F0280_k05800,maximal_same_ic
identity,0.9,0.9,0.02708504097430227,0.027085041114511797,1.4020952801563347e-10,0.0016228786200989706,0.018031984667766343,5,v6_F0300_k06050__v6_F0280_k05800,maximal_same_ic
smoothstep_reparameterization,0.1,0.028000000000000004,0.02821716118728631,0.02821716123989284,5.260653024308226e-11,0.0004907584947179288,0.018031984667766343,5,v6_F0300_k06050__v6_F0280_k05800,maximal_same_ic
smoothstep_reparameterization,0.2,0.10400000000000002,0.02702762721508798,0.027027627275329626,6.024164500573193e-11,0.0016802924592811393,0.018031984667766343,5,v6_F0300_k06050__v6_F0280_k05800,maximal_same_ic
smoothstep_reparameterization,0.3,0.216,0.025654311251539132,0.025654311323032544,7.149341188505964e-11,0.0030536084115782235,0.018031984667766343,5,v6_F0300_k06050__v6_F0280_k05800,maximal_same_ic
smoothstep_reparameterization,0.4,0.3520000000000001,0.024594896074675666,0.024594896159831934,8.515626745420057e-11,0.0041130235747788325,0.018031984667766343,5,v6_F0300_k06050__v6_F0280_k05800,maximal_same_ic
smoothstep_reparameterization,0.5,0.5,0.02419992346764451,0.02419992356766918,1.0002466910297159e-10,0.004507996166941586,0.018031984667766343,5,v6_F0300_k06050__v6_F0280_k05800,maximal_same_ic
smoothstep_reparameterization,0.6,0.648,0.02459489604493887,0.024594896159831934,1.148930638128487e-10,0.004113023574778832,0.018031984667766343,5,v6_F0300_k06050__v6_F0280_k05800,maximal_same_ic
smoothstep_reparameterization,0.7,0.7839999999999999,0.02565431119447662,0.02565431132303254,1.2855591938198963e-10,0.0030536084115782244,0.018031984667766343,5,v6_F0300_k06050__v6_F0280_k05800,maximal_same_ic
smoothstep_reparameterization,0.8,0.8960000000000001,0.027027627135521946,0.02702762727532963,1.398076827918704e-10,0.0016802924592811369,0.018031984667766343,5,v6_F0300_k06050__v6_F0280_k05800,maximal_same_ic
smoothstep_reparameterization,0.9,0.972,0.02821716109245003,0.028217161239892836,1.4744280449341396e-10,0.0004907584947179293,0.018031984667766343,5,v6_F0300_k06050__v6_F0280_k05800,maximal_same_ic
identity,0.1,0.1,0.02760613861205847,0.027606138671898272,5.98398032514158e-11,0.0011017810627124956,0.012242011807916616,5,v6_F0300_k06050__v6_F0280_k05800,geometric_l2_ot
identity,0.2,0.2,0.026749197775458092,0.026749197845344106,6.988601364277258e-11,0.001958721889266659,0.012242011807916616,5,v6_F0300_k06050__v6_F0280_k05800,geometric_l2_ot
identity,0.3,0.3,0.026137097175016038,0.026137097254948276,7.993223791191717e-11,0.0025708224796624894,0.012242011807916616,5,v6_F0300_k06050__v6_F0280_k05800,geometric_l2_ot
identity,0.4,0.4,0.025769836810732326,0.025769836900710778,8.99784517727209e-11,0.002938082833899988,0.012242011807916616,5,v6_F0300_k06050__v6_F0280_k05800,geometric_l2_ot
identity,0.5,0.5,0.025647416682606942,0.02564741678263161,1.0002466910297159e-10,0.003060502951979154,0.012242011807916616,5,v6_F0300_k06050__v6_F0280_k05800,geometric_l2_ot
identity,0.6,0.6,0.02576983679063989,0.025769836900710778,1.1007088643322227e-10,0.002938082833899988,0.012242011807916616,5,v6_F0300_k06050__v6_F0280_k05800,geometric_l2_ot
identity,0.7,0.7,0.026137097134831175,0.026137097254948276,1.20117100294026e-10,0.00257082247966249,0.012242011807916616,5,v6_F0300_k06050__v6_F0280_k05800,geometric_l2_ot
identity,0.8,0.8,0.026749197715180792,0.02674919784534411,1.3016331762427669e-10,0.001958721889266658,0.012242011807916616,5,v6_F0300_k06050__v6_F0280_k05800,geometric_l2_ot
identity,0.9,0.9,0.027606138531688737,0.027606138671898272,1.4020953495452737e-10,0.0011017810627124952,0.012242011807916616,5,v6_F0300_k06050__v6_F0280_k05800,geometric_l2_ot
smoothstep_reparameterization,0.1,0.028000000000000004,0.02837474108863998,0.02837474114124651,5.260653024308226e-11,0.00033317859336425866,0.012242011807916616,5,v6_F0300_k06050__v6_F0280_k05800,geometric_l2_ot
smoothstep_reparameterization,0.2,0.10400000000000002,0.027567160046060215,0.027567160106301863,6.024164847517888e-11,0.0011407596283089022,0.012242011807916616,5,v6_F0300_k06050__v6_F0280_k05800,geometric_l2_ot
smoothstep_reparameterization,0.3,0.216,0.02663480841551752,0.026634808487010934,7.14934153545066e-11,0.0020731112475998316,0.012242011807916616,5,v6_F0300_k06050__v6_F0280_k05800,geometric_l2_ot
smoothstep_reparameterization,0.4,0.3520000000000001,0.02591556572411595,0.025915565809272217,8.515626745420057e-11,0.002792353925338549,0.012242011807916616,5,v6_F0300_k06050__v6_F0280_k05800,geometric_l2_ot
smoothstep_reparameterization,0.5,0.5,0.025647416682606942,0.02564741678263161,1.0002466910297159e-10,0.003060502951979154,0.012242011807916616,5,v6_F0300_k06050__v6_F0280_k05800,geometric_l2_ot
smoothstep_reparameterization,0.6,0.648,0.025915565694379146,0.025915565809272217,1.148930707517426e-10,0.0027923539253385484,0.012242011807916616,5,v6_F0300_k06050__v6_F0280_k05800,geometric_l2_ot
smoothstep_reparameterization,0.7,0.7839999999999999,0.02663480835845501,0.026634808487010934,1.2855592285143658e-10,0.002073111247599832,0.012242011807916616,5,v6_F0300_k06050__v6_F0280_k05800,geometric_l2_ot
smoothstep_reparameterization,0.8,0.8960000000000001,0.02756715996649418,0.027567160106301867,1.3980768626131734e-10,0.0011407596283089007,0.012242011807916616,5,v6_F0300_k06050__v6_F0280_k05800,geometric_l2_ot
smoothstep_reparameterization,0.9,0.972,0.028374740993803698,0.028374741141246506,1.474428079628609e-10,0.00033317859336425893,0.012242011807916616,5,v6_F0300_k06050__v6_F0280_k05800,geometric_l2_ot
identity,0.1,0.1,0.026553588440239646,0.026553588500079446,5.983979978196885e-11,0.0021543312345313217,0.02393701371701468,5,v6_F0300_k06050__v6_F0280_k05800,independent
identity,0.2,0.2,0.024877997470002407,0.024877997539888418,6.988601017332563e-11,0.0038299221947223497,0.02393701371701468,5,v6_F0300_k06050__v6_F0280_k05800,independent
identity,0.3,0.3,0.023681146774105447,0.023681146854037684,7.993223791191717e-11,0.005026772880573083,0.02393701371701468,5,v6_F0300_k06050__v6_F0280_k05800,independent
identity,0.4,0.4,0.022963036352548795,0.022963036442527243,8.997844830327395e-11,0.005744883292083523,0.02393701371701468,5,v6_F0300_k06050__v6_F0280_k05800,independent
identity,0.5,0.5,0.022723666205332435,0.022723666305357097,1.0002466216407768e-10,0.00598425342925367,0.02393701371701468,5,v6_F0300_k06050__v6_F0280_k05800,independent
identity,0.6,0.6,0.022963036332456364,0.022963036442527243,1.1007087949432837e-10,0.005744883292083523,0.02393701371701468,5,v6_F0300_k06050__v6_F0280_k05800,independent
identity,0.7,0.7,0.023681146733920588,0.02368114685403768,1.201170933551321e-10,0.005026772880573084,0.02393701371701468,5,v6_F0300_k06050__v6_F0280_k05800,independent
identity,0.8,0.8,0.024877997409725107,0.024877997539888418,1.3016331068538278e-10,0.0038299221947223484,0.02393701371701468,5,v6_F0300_k06050__v6_F0280_k05800,independent
identity,0.9,0.9,0.026553588359869918,0.026553588500079446,1.4020952801563347e-10,0.002154331234531321,0.02393701371701468,5,v6_F0300_k06050__v6_F0280_k05800,independent
smoothstep_reparameterization,0.1,0.028000000000000004,0.02805644991668197,0.028056449969288494,5.260652330418836e-11,0.0006514697653222716,0.02393701371701468,5,v6_F0300_k06050__v6_F0280_k05800,independent
smoothstep_reparameterization,0.2,0.10400000000000002,0.026477372988162825,0.02647737304840447,6.024164500573193e-11,0.0022305466862062966,0.02393701371701468,5,v6_F0300_k06050__v6_F0280_k05800,independent
smoothstep_reparameterization,0.3,0.216,0.02465433001222322,0.024654330083716633,7.149341188505964e-11,0.0040535896508941335,0.02393701371701468,5,v6_F0300_k06050__v6_F0280_k05800,independent
smoothstep_reparameterization,0.4,0.3520000000000001,0.02324798256865832,0.023247982653814586,8.515626745420057e-11,0.005459937080796181,0.02393701371701468,5,v6_F0300_k06050__v6_F0280_k05800,independent
smoothstep_reparameterization,0.5,0.5,0.022723666205332435,0.022723666305357097,1.0002466216407768e-10,0.00598425342925367,0.02393701371701468,5,v6_F0300_k06050__v6_F0280_k05800,independent
smoothstep_reparameterization,0.6,0.648,0.023247982538921522,0.023247982653814586,1.148930638128487e-10,0.00545993708079618,0.02393701371701468,5,v6_F0300_k06050__v6_F0280_k05800,independent
smoothstep_reparameterization,0.7,0.7839999999999999,0.024654329955160714,0.024654330083716633,1.2855591938198963e-10,0.004053589650894135,0.02393701371701468,5,v6_F0300_k06050__v6_F0280_k05800,independent
smoothstep_reparameterization,0.8,0.8960000000000001,0.026477372908596794,0.026477373048404473,1.3980767932242344e-10,0.0022305466862062935,0.02393701371701468,5,v6_F0300_k06050__v6_F0280_k05800,independent
smoothstep_reparameterization,0.9,0.972,0.028056449821845693,0.028056449969288494,1.47442801023967e-10,0.0006514697653222721,0.02393701371701468,5,v6_F0300_k06050__v6_F0280_k05800,independent
identity,0.1,0.1,0.026571828263623178,0.02657182840464243,1.4101925183140906e-10,0.0014773456013235777,0.016414951125817527,6,v6_F0280_k05950__v6_F0280_k05800,maximal_same_ic
identity,0.2,0.2,0.025422781697525577,0.025422781825835204,1.283096268123174e-10,0.0026263921801308048,0.016414951125817527,6,v6_F0280_k05950__v6_F0280_k05800,maximal_same_ic
identity,0.3,0.3,0.024602034153944324,0.024602034269544326,1.1560000179322572e-10,0.0034471397364216807,0.016414951125817527,6,v6_F0280_k05950__v6_F0280_k05800,maximal_same_ic
identity,0.4,0.4,0.02410958563287943,0.024109585735769802,1.0289037330468709e-10,0.0039395882701962065,0.016414951125817527,6,v6_F0280_k05950__v6_F0280_k05800,maximal_same_ic
identity,0.5,0.5,0.02394543613433088,0.023945436224511625,9.018074481614846e-11,0.004103737781454382,0.016414951125817527,6,v6_F0280_k05950__v6_F0280_k05800,maximal_same_ic
identity,0.6,0.6,0.02410958565829868,0.024109585735769802,7.747112326650374e-11,0.0039395882701962065,0.016414951125817527,6,v6_F0280_k05950__v6_F0280_k05800,maximal_same_ic
identity,0.7,0.7,0.02460203420478283,0.024602034269544326,6.476149477796511e-11,0.003447139736421681,0.016414951125817527,6,v6_F0280_k05950__v6_F0280_k05800,maximal_same_ic
identity,0.8,0.8,0.025422781773783338,0.025422781825835204,5.2051866289426485e-11,0.002626392180130804,0.016414951125817527,6,v6_F0280_k05950__v6_F0280_k05800,maximal_same_ic
identity,0.9,0.9,0.02657182836530019,0.026571828404642433,3.934224127033481e-11,0.0014773456013235772,0.016414951125817527,6,v6_F0280_k05950__v6_F0280_k05800,maximal_same_ic
smoothstep_reparameterization,0.1,0.028000000000000004,0.027602424545955573,0.027602424696125758,1.5017018531460202e-10,0.0004467493098402499,0.016414951125817527,6,v6_F0280_k05950__v6_F0280_k05800,maximal_same_ic
smoothstep_reparameterization,0.2,0.10400000000000002,0.02651956305974696,0.026519563200257827,1.405108668306454e-10,0.0015296108057081808,0.016414951125817527,6,v6_F0280_k05950__v6_F0280_k05800,maximal_same_ic
smoothstep_reparameterization,0.3,0.216,0.02526940039623948,0.025269400522515566,1.2627608680926272e-10,0.002779773483450443,0.016414951125817527,6,v6_F0280_k05950__v6_F0280_k05800,maximal_same_ic
smoothstep_reparameterization,0.4,0.3520000000000001,0.02430498920498054,0.024304989313971535,1.0899099678329804e-10,0.003744184691994475,0.016414951125817527,6,v6_F0280_k05950__v6_F0280_k05800,maximal_same_ic
smoothstep_reparameterization,0.5,0.5,0.02394543613433088,0.023945436224511625,9.018074481614846e-11,0.004103737781454382,0.016414951125817527,6,v6_F0280_k05950__v6_F0280_k05800,maximal_same_ic
smoothstep_reparameterization,0.6,0.648,0.024304989242601036,0.024304989313971535,7.137049978789278e-11,0.0037441846919944745,0.016414951125817527,6,v6_F0280_k05950__v6_F0280_k05800,maximal_same_ic
smoothstep_reparameterization,0.7,0.7839999999999999,0.025269400468430157,0.025269400522515563,5.408540629248115e-11,0.0027797734834504443,0.016414951125817527,6,v6_F0280_k05950__v6_F0280_k05800,maximal_same_ic
smoothstep_reparameterization,0.8,0.8960000000000001,0.026519563160407204,0.02651956320025783,3.985062627109848e-11,0.0015296108057081786,0.016414951125817527,6,v6_F0280_k05950__v6_F0280_k05800,maximal_same_ic
smoothstep_reparameterization,0.9,0.972,0.027602424665934447,0.027602424696125758,3.0191311256588804e-11,0.0004467493098402502,0.016414951125817527,6,v6_F0280_k05950__v6_F0280_k05800,maximal_same_ic
identity,0.1,0.1,0.02705953037636282,0.027059530517382076,1.4101925530085602e-10,0.0009896434885839332,0.010996038762043702,6,v6_F0280_k05950__v6_F0280_k05800,geometric_l2_ot
identity,0.2,0.2,0.026289807675729394,0.026289807804039014,1.2830961987342349e-10,0.0017593662019269928,0.010996038762043702,6,v6_F0280_k05950__v6_F0280_k05800,geometric_l2_ot
identity,0.3,0.3,0.02574000575033683,0.025740005865936832,1.1560000179322572e-10,0.0023091681400291774,0.010996038762043702,6,v6_F0280_k05950__v6_F0280_k05800,geometric_l2_ot
identity,0.4,0.4,0.025410124600185144,0.02541012470307552,1.0289037677413404e-10,0.0026390493028904884,0.010996038762043702,6,v6_F0280_k05950__v6_F0280_k05800,geometric_l2_ot
identity,0.5,0.5,0.025300164225274334,0.025300164315455082,9.018074828559541e-11,0.0027490096905109255,0.010996038762043702,6,v6_F0280_k05950__v6_F0280_k05800,geometric_l2_ot
identity,0.6,0.6,0.0254101246256044,0.02541012470307552,7.747111979705679e-11,0.0026390493028904884,0.010996038762043702,6,v6_F0280_k05950__v6_F0280_k05800,geometric_l2_ot
identity,0.7,0.7,0.025740005801175338,0.025740005865936832,6.476149477796511e-11,0.002309168140029178,0.010996038762043702,6,v6_F0280_k05950__v6_F0280_k05800,geometric_l2_ot
identity,0.8,0.8,0.02628980775198715,0.026289807804039018,5.2051866289426485e-11,0.0017593662019269921,0.010996038762043702,6,v6_F0280_k05950__v6_F0280_k05800,geometric_l2_ot
identity,0.9,0.9,0.027059530478039835,0.027059530517382076,3.934224127033481e-11,0.000989643488583933,0.010996038762043702,6,v6_F0280_k05950__v6_F0280_k05800,geometric_l2_ot
smoothstep_reparameterization,0.1,0.028000000000000004,0.027749905664848043,0.02774990581501823,1.5017018531460202e-10,0.00029926819094778145,0.010996038762043702,6,v6_F0280_k05950__v6_F0280_k05800,geometric_l2_ot
smoothstep_reparameterization,0.2,0.10400000000000002,0.02702451898945286,0.027024519129963728,1.405108668306454e-10,0.0010246548760022805,0.010996038762043702,6,v6_F0280_k05950__v6_F0280_k05800,geometric_l2_ot
smoothstep_reparameterization,0.3,0.216,0.026187060691570393,0.02618706081784648,1.2627608680926272e-10,0.0018621131881195287,0.010996038762043702,6,v6_F0280_k05950__v6_F0280_k05800,geometric_l2_ot
smoothstep_reparameterization,0.4,0.3520000000000001,0.025541021439507892,0.02554102154849889,1.0899099678329804e-10,0.0025081524574671206,0.010996038762043702,6,v6_F0280_k05950__v6_F0280_k05800,geometric_l2_ot
smoothstep_reparameterization,0.5,0.5,0.025300164225274334,0.025300164315455082,9.018074828559541e-11,0.0027490096905109255,0.010996038762043702,6,v6_F0280_k05950__v6_F0280_k05800,geometric_l2_ot
smoothstep_reparameterization,0.6,0.648,0.02554102147712839,0.02554102154849889,7.137049978789278e-11,0.00250815245746712,0.010996038762043702,6,v6_F0280_k05950__v6_F0280_k05800,geometric_l2_ot
smoothstep_reparameterization,0.7,0.7839999999999999,0.026187060763761073,0.02618706081784648,5.408540629248115e-11,0.0018621131881195292,0.010996038762043702,6,v6_F0280_k05950__v6_F0280_k05800,geometric_l2_ot
smoothstep_reparameterization,0.8,0.8960000000000001,0.0270245190901131,0.02702451912996373,3.985062974054543e-11,0.0010246548760022792,0.010996038762043702,6,v6_F0280_k05950__v6_F0280_k05800,geometric_l2_ot
smoothstep_reparameterization,0.9,0.972,0.027749905784826917,0.02774990581501823,3.0191311256588804e-11,0.00029926819094778167,0.010996038762043702,6,v6_F0280_k05950__v6_F0280_k05800,geometric_l2_ot
identity,0.1,0.1,0.02606665229938737,0.026066652440406624,1.4101925183140906e-10,0.0019825215655593837,0.022028017395104262,6,v6_F0280_k05950__v6_F0280_k05800,independent
identity,0.2,0.2,0.024524691094439707,0.024524691222749327,1.2830961987342349e-10,0.0035244827832166827,0.022028017395104262,6,v6_F0280_k05950__v6_F0280_k05800,independent
identity,0.3,0.3,0.023423290237394114,0.023423290352994112,1.1559999832377876e-10,0.004625883652971895,0.022028017395104262,6,v6_F0280_k05950__v6_F0280_k05800,independent
identity,0.4,0.4,0.022762449728250613,0.022762449831140986,1.0289037330468709e-10,0.005286724174825023,0.022028017395104262,6,v6_F0280_k05950__v6_F0280_k05800,independent
identity,0.5,0.5,0.022542169567009197,0.022542169657189942,9.018074481614846e-11,0.0055070043487760656,0.022028017395104262,6,v6_F0280_k05950__v6_F0280_k05800,independent
identity,0.6,0.6,0.022762449753669867,0.022762449831140986,7.747111979705679e-11,0.005286724174825023,0.022028017395104262,6,v6_F0280_k05950__v6_F0280_k05800,independent
identity,0.7,0.7,0.02342329028823262,0.023423290352994112,6.476149130851816e-11,0.004625883652971895,0.022028017395104262,6,v6_F0280_k05950__v6_F0280_k05800,independent
identity,0.8,0.8,0.024524691170697464,0.024524691222749327,5.205186281997953e-11,0.0035244827832166814,0.022028017395104262,6,v6_F0280_k05950__v6_F0280_k05800,independent
identity,0.9,0.9,0.02606665240106439,0.026066652440406624,3.9342234331440906e-11,0.0019825215655593833,0.022028017395104262,6,v6_F0280_k05950__v6_F0280_k05800,independent
smoothstep_reparameterization,0.1,0.028000000000000004,0.027449659334370664,0.02744965948454085,1.5017018531460202e-10,0.0005995145214251577,0.022028017395104262,6,v6_F0280_k05950__v6_F0280_k05800,independent
smoothstep_reparameterization,0.2,0.10400000000000002,0.025996515092509748,0.025996515233020615,1.405108668306454e-10,0.002052658772945396,0.022028017395104262,6,v6_F0280_k05950__v6_F0280_k05800,independent
smoothstep_reparameterization,0.3,0.216,0.024318861301933392,0.024318861428209472,1.2627607987036882e-10,0.003730312577756536,0.022028017395104262,6,v6_F0280_k05950__v6_F0280_k05800,independent
smoothstep_reparameterization,0.4,0.3520000000000001,0.023024671241221314,0.023024671350212307,1.0899099331385109e-10,0.005024502655753702,0.022028017395104262,6,v6_F0280_k05950__v6_F0280_k05800,independent
smoothstep_reparameterization,0.5,0.5,0.022542169567009197,0.022542169657189942,9.018074481614846e-11,0.0055070043487760656,0.022028017395104262,6,v6_F0280_k05950__v6_F0280_k05800,independent
smoothstep_reparameterization,0.6,0.648,0.023024671278841807,0.023024671350212307,7.137049978789278e-11,0.0050245026557537015,0.022028017395104262,6,v6_F0280_k05950__v6_F0280_k05800,independent
smoothstep_reparameterization,0.7,0.7839999999999999,0.024318861374124066,0.024318861428209472,5.408540629248115e-11,0.0037303125777565374,0.022028017395104262,6,v6_F0280_k05950__v6_F0280_k05800,independent
smoothstep_reparameterization,0.8,0.8960000000000001,0.02599651519316999,0.025996515233020615,3.9850622801651525e-11,0.002052658772945393,0.022028017395104262,6,v6_F0280_k05950__v6_F0280_k05800,independent
smoothstep_reparameterization,0.9,0.972,0.027449659454349542,0.02744965948454085,3.019130778714185e-11,0.0005995145214251581,0.022028017395104262,6,v6_F0280_k05950__v6_F0280_k05800,independent
identity,0.1,0.1,0.026289147911215623,0.02628914801116796,9.995233807291726e-11,0.0013667189040352992,0.015185765600392212,7,v6_F0280_k05950__v6_F0280_k05800,maximal_same_ic
identity,0.2,0.2,0.025226144326220723,0.025226144419140503,9.291977950964814e-11,0.0024297224960627543,0.015185765600392212,7,v6_F0280_k05950__v6_F0280_k05800,maximal_same_ic
identity,0.3,0.3,0.02446685605323367,0.024466856139120894,8.588722441582597e-11,0.0031890107760823645,0.015185765600392212,7,v6_F0280_k05950__v6_F0280_k05800,maximal_same_ic
identity,0.4,0.4,0.024011283092254462,0.024011283171109128,7.885466585255685e-11,0.0036445837440941308,0.015185765600392212,7,v6_F0280_k05950__v6_F0280_k05800,maximal_same_ic
identity,0.5,0.5,0.023859425443283098,0.023859425515105205,7.182210728928773e-11,0.003796441400098053,0.015185765600392212,7,v6_F0280_k05950__v6_F0280_k05800,maximal_same_ic
identity,0.6,0.6,0.02401128310631958,0.024011283171109128,6.478954872601861e-11,0.0036445837440941308,0.015185765600392212,7,v6_F0280_k05950__v6_F0280_k05800,maximal_same_ic
identity,0.7,0.7,0.024466856081363904,0.024466856139120894,5.775699016274949e-11,0.003189010776082365,0.015185765600392212,7,v6_F0280_k05950__v6_F0280_k05800,maximal_same_ic
identity,0.8,0.8,0.025226144368416074,0.025226144419140506,5.072443159948037e-11,0.0024297224960627534,0.015185765600392212,7,v6_F0280_k05950__v6_F0280_k05800,maximal_same_ic
identity,0.9,0.9,0.026289147967476088,0.02628914801116796,4.369187303621125e-11,0.0013667189040352987,0.015185765600392212,7,v6_F0280_k05950__v6_F0280_k05800,maximal_same_ic
smoothstep_reparameterization,0.1,0.028000000000000004,0.0272425710136072,0.027242571118622983,1.0501578426302949e-10,0.0004132957965802745,0.015185765600392212,7,v6_F0280_k05950__v6_F0280_k05800,maximal_same_ic
smoothstep_reparameterization,0.2,0.10400000000000002,0.026240796433825278,0.02624079653349631,9.96710318446059e-11,0.0014150703817069482,0.015185765600392212,7,v6_F0280_k05950__v6_F0280_k05800,maximal_same_ic
smoothstep_reparameterization,0.3,0.216,0.025084248533575867,0.02508424862537044,9.179457194363749e-11,0.0025716182898328187,0.015185765600392212,7,v6_F0280_k05950__v6_F0280_k05800,maximal_same_ic
smoothstep_reparameterization,0.4,0.3520000000000001,0.024192054442585903,0.024192054524816195,8.223029202003573e-11,0.0034638123903870622,0.015185765600392212,7,v6_F0280_k05950__v6_F0280_k05800,maximal_same_ic
smoothstep_reparameterization,0.5,0.5,0.023859425443283098,0.023859425515105205,7.182210728928773e-11,0.003796441400098053,0.015185765600392212,7,v6_F0280_k05950__v6_F0280_k05800,maximal_same_ic
smoothstep_reparameterization,0.6,0.648,0.024192054463402272,0.024192054524816195,6.141392255853972e-11,0.003463812390387062,0.015185765600392212,7,v6_F0280_k05950__v6_F0280_k05800,maximal_same_ic
smoothstep_reparameterization,0.7,0.7839999999999999,0.025084248573520797,0.02508424862537044,5.1849642634937965e-11,0.0025716182898328195,0.015185765600392212,7,v6_F0280_k05950__v6_F0280_k05800,maximal_same_ic
smoothstep_reparameterization,0.8,0.8960000000000001,0.026240796489523134,0.026240796533496313,4.39731792645226e-11,0.0014150703817069463,0.015185765600392212,7,v6_F0280_k05950__v6_F0280_k05800,maximal_same_ic
smoothstep_reparameterization,0.9,0.972,0.02724257107999455,0.027242571118622983,3.862843378499292e-11,0.0004132957965802748,0.015185765600392212,7,v6_F0280_k05950__v6_F0280_k05800,maximal_same_ic
identity,0.1,0.1,0.026698405347972763,0.0266984054479251,9.995233807291726e-11,0.0009574614672781571,0.010638460747535078,7,v6_F0280_k05950__v6_F0280_k05800,geometric_l2_ot
identity,0.2,0.2,0.02595371310267787,0.025953713195597646,9.291977604020119e-11,0.0017021537196056128,0.010638460747535078,7,v6_F0280_k05950__v6_F0280_k05800,geometric_l2_ot
identity,0.3,0.3,0.025421790072333666,0.02542179015822089,8.588722441582597e-11,0.0022340767569823663,0.010638460747535078,7,v6_F0280_k05950__v6_F0280_k05800,geometric_l2_ot
identity,0.4,0.4,0.025102636256940175,0.02510263633579484,7.885466585255685e-11,0.0025532305794084185,0.010638460747535078,7,v6_F0280_k05950__v6_F0280_k05800,geometric_l2_ot
identity,0.5,0.5,0.024996251656497385,0.02499625172831949,7.182210381984078e-11,0.0026596151868837695,0.010638460747535078,7,v6_F0280_k05950__v6_F0280_k05800,geometric_l2_ot
identity,0.6,0.6,0.025102636271005292,0.02510263633579484,6.478954872601861e-11,0.0025532305794084185,0.010638460747535078,7,v6_F0280_k05950__v6_F0280_k05800,geometric_l2_ot
identity,0.7,0.7,0.0254217901004639,0.02542179015822089,5.775699016274949e-11,0.0022340767569823668,0.010638460747535078,7,v6_F0280_k05950__v6_F0280_k05800,geometric_l2_ot
identity,0.8,0.8,0.025953713144873217,0.025953713195597646,5.0724428130033417e-11,0.0017021537196056122,0.010638460747535078,7,v6_F0280_k05950__v6_F0280_k05800,geometric_l2_ot
identity,0.9,0.9,0.02669840540423323,0.0266984054479251,4.3691869566764296e-11,0.0009574614672781569,0.010638460747535078,7,v6_F0280_k05950__v6_F0280_k05800,geometric_l2_ot
smoothstep_reparameterization,0.1,0.028000000000000004,0.02736633046248256,0.027366330567498345,1.0501578426302949e-10,0.00028953634770491473,0.010638460747535078,7,v6_F0280_k05950__v6_F0280_k05800,geometric_l2_ot
smoothstep_reparameterization,0.2,0.10400000000000002,0.026664532489233915,0.02666453258890495,9.967103531405286e-11,0.0009913343262983089,0.010638460747535078,7,v6_F0280_k05950__v6_F0280_k05800,geometric_l2_ot
smoothstep_reparameterization,0.3,0.216,0.025854307326578112,0.025854307418372677,9.179456500474359e-11,0.0018015594968305803,0.010638460747535078,7,v6_F0280_k05950__v6_F0280_k05800,geometric_l2_ot
smoothstep_reparameterization,0.4,0.3520000000000001,0.025229276490303206,0.025229276572533498,8.223029202003573e-11,0.0024265903426697612,0.010638460747535078,7,v6_F0280_k05950__v6_F0280_k05800,geometric_l2_ot
smoothstep_reparameterization,0.5,0.5,0.024996251656497385,0.02499625172831949,7.182210381984078e-11,0.0026596151868837695,0.010638460747535078,7,v6_F0280_k05950__v6_F0280_k05800,geometric_l2_ot
smoothstep_reparameterization,0.6,0.648,0.02522927651111958,0.025229276572533498,6.141391908909277e-11,0.0024265903426697612,0.010638460747535078,7,v6_F0280_k05950__v6_F0280_k05800,geometric_l2_ot
smoothstep_reparameterization,0.7,0.7839999999999999,0.025854307366523038,0.025854307418372677,5.184963916549101e-11,0.0018015594968305807,0.010638460747535078,7,v6_F0280_k05950__v6_F0280_k05800,geometric_l2_ot
smoothstep_reparameterization,0.8,0.8960000000000001,0.026664532544931775,0.02666453258890495,4.397317579507565e-11,0.0009913343262983076,0.010638460747535078,7,v6_F0280_k05950__v6_F0280_k05800,geometric_l2_ot
smoothstep_reparameterization,0.9,0.972,0.027366330528869914,0.027366330567498345,3.862843031554597e-11,0.00028953634770491495,0.010638460747535078,7,v6_F0280_k05950__v6_F0280_k05800,geometric_l2_ot
identity,0.1,0.1,0.02565405297685825,0.025654053076810592,9.995234154236421e-11,0.002001813838392667,0.022242375982140742,7,v6_F0280_k05950__v6_F0280_k05800,independent
identity,0.2,0.2,0.02409708666514096,0.02409708675806074,9.291977950964814e-11,0.0035587801571425196,0.022242375982140742,7,v6_F0280_k05950__v6_F0280_k05800,independent
identity,0.3,0.3,0.022984967873066475,0.022984967958953703,8.588722788527292e-11,0.004670898956249556,0.022242375982140742,7,v6_F0280_k05950__v6_F0280_k05800,independent
identity,0.4,0.4,0.022317696600634814,0.02231769667948948,7.885466585255685e-11,0.005338170235713778,0.022242375982140742,7,v6_F0280_k05950__v6_F0280_k05800,independent
identity,0.5,0.5,0.022095272847845966,0.022095272919668073,7.182210728928773e-11,0.0055605939955351855,0.022242375982140742,7,v6_F0280_k05950__v6_F0280_k05800,independent
identity,0.6,0.6,0.02231769661469993,0.02231769667948948,6.478954872601861e-11,0.005338170235713778,0.022242375982140742,7,v6_F0280_k05950__v6_F0280_k05800,independent
identity,0.7,0.7,0.02298496790119671,0.022984967958953703,5.775699363219644e-11,0.004670898956249557,0.022242375982140742,7,v6_F0280_k05950__v6_F0280_k05800,independent
identity,0.8,0.8,0.02409708670733631,0.02409708675806074,5.0724428130033417e-11,0.0035587801571425183,0.022242375982140742,7,v6_F0280_k05950__v6_F0280_k05800,independent
identity,0.9,0.9,0.02565405303311872,0.025654053076810592,4.369187303621125e-11,0.0020018138383926663,0.022242375982140742,7,v6_F0280_k05950__v6_F0280_k05800,independent
smoothstep_reparameterization,0.1,0.028000000000000004,0.027050518305457533,0.027050518410473314,1.0501578079358254e-10,0.0006053485047299425,0.022242375982140742,7,v6_F0280_k05950__v6_F0280_k05800,independent
smoothstep_reparameterization,0.2,0.10400000000000002,0.025583233252012418,0.025583233351683454,9.967103531405286e-11,0.0020726335635198032,0.022242375982140742,7,v6_F0280_k05950__v6_F0280_k05800,independent
smoothstep_reparameterization,0.3,0.216,0.023889253905089045,0.023889253996883617,9.179457194363749e-11,0.0037666129183196416,0.022242375982140742,7,v6_F0280_k05950__v6_F0280_k05800,independent
smoothstep_reparameterization,0.4,0.3520000000000001,0.022582469840950588,0.022582469923180883,8.223029548948269e-11,0.005073396992022375,0.022242375982140742,7,v6_F0280_k05950__v6_F0280_k05800,independent
smoothstep_reparameterization,0.5,0.5,0.022095272847845966,0.022095272919668073,7.182210728928773e-11,0.0055605939955351855,0.022242375982140742,7,v6_F0280_k05950__v6_F0280_k05800,independent
smoothstep_reparameterization,0.6,0.648,0.02258246986176696,0.022582469923180883,6.141392255853972e-11,0.005073396992022375,0.022242375982140742,7,v6_F0280_k05950__v6_F0280_k05800,independent
smoothstep_reparameterization,0.7,0.7839999999999999,0.023889253945033974,0.023889253996883617,5.1849642634937965e-11,0.003766612918319643,0.022242375982140742,7,v6_F0280_k05950__v6_F0280_k05800,independent
smoothstep_reparameterization,0.8,0.8960000000000001,0.02558323330771028,0.025583233351683457,4.397317579507565e-11,0.0020726335635198006,0.022242375982140742,7,v6_F0280_k05950__v6_F0280_k05800,independent
smoothstep_reparameterization,0.9,0.972,0.027050518371844884,0.027050518410473314,3.862843031554597e-11,0.000605348504729943,0.022242375982140742,7,v6_F0280_k05950__v6_F0280_k05800,independent
identity,0.1,0.1,0.026438686496770003,0.026438686633489344,1.3671934070980107e-10,0.0014010215549878872,0.015566906166532078,8,v6_F0280_k05950__v6_F0280_k05825,maximal_same_ic
identity,0.2,0.2,0.025349003066258376,0.025349003201832098,1.3557372238737209e-10,0.002490704986645133,0.015566906166532078,8,v6_F0280_k05950__v6_F0280_k05825,maximal_same_ic
identity,0.3,0.3,0.024570657759077377,0.024570657893505495,1.344281179427309e-10,0.003269050294971736,0.015566906166532078,8,v6_F0280_k05950__v6_F0280_k05825,maximal_same_ic
identity,0.4,0.4,0.02410365057522703,0.024103650708509533,1.3328250308974887e-10,0.0037360574799676985,0.015566906166532078,8,v6_F0280_k05950__v6_F0280_k05825,maximal_same_ic
identity,0.5,0.5,0.023947981514707322,0.02394798164684421,1.3213688823676684e-10,0.0038917265416330196,0.015566906166532078,8,v6_F0280_k05950__v6_F0280_k05825,maximal_same_ic
identity,0.6,0.6,0.02410365057751826,0.024103650708509533,1.309912733837848e-10,0.0037360574799676985,0.015566906166532078,8,v6_F0280_k05950__v6_F0280_k05825,maximal_same_ic
identity,0.7,0.7,0.024570657763659833,0.024570657893505495,1.2984566200024972e-10,0.0032690502949717366,0.015566906166532078,8,v6_F0280_k05950__v6_F0280_k05825,maximal_same_ic
identity,0.8,0.8,0.02534900307313205,0.025349003201832098,1.2870004714726768e-10,0.002490704986645132,0.015566906166532078,8,v6_F0280_k05950__v6_F0280_k05825,maximal_same_ic
identity,0.9,0.9,0.02643868650593491,0.026438686633489344,1.2755443229428565e-10,0.0014010215549878867,0.015566906166532078,8,v6_F0280_k05950__v6_F0280_k05825,maximal_same_ic
smoothstep_reparameterization,0.1,0.028000000000000004,0.027416039132704708,0.027416039270248896,1.3754418784484024e-10,0.0004236689182283371,0.015566906166532078,8,v6_F0280_k05950__v6_F0280_k05825,maximal_same_ic
smoothstep_reparameterization,0.2,0.10400000000000002,0.026389121467581593,0.026389121604255106,1.3667351278501272e-10,0.0014505865842221253,0.015566906166532078,8,v6_F0280_k05950__v6_F0280_k05825,maximal_same_ic
smoothstep_reparameterization,0.3,0.216,0.025203545895221596,0.025203546030612024,1.3539042803545343e-10,0.0026361621578652084,0.015566906166532078,8,v6_F0280_k05950__v6_F0280_k05825,maximal_same_ic
smoothstep_reparameterization,0.4,0.3520000000000001,0.024288959025683534,0.02428895915951593,1.338323965538457e-10,0.0035507490289613014,0.015566906166532078,8,v6_F0280_k05950__v6_F0280_k05825,maximal_same_ic
smoothstep_reparameterization,0.5,0.5,0.023947981514707322,0.02394798164684421,1.3213688823676684e-10,0.0038917265416330196,0.015566906166532078,8,v6_F0280_k05950__v6_F0280_k05825,maximal_same_ic
smoothstep_reparameterization,0.6,0.648,0.02428895902907455,0.02428895915951593,1.3044137991968796e-10,0.003550749028961301,0.015566906166532078,8,v6_F0280_k05950__v6_F0280_k05825,maximal_same_ic
smoothstep_reparameterization,0.7,0.7839999999999999,0.02520354590172868,0.025203546030612024,1.288833449686333e-10,0.0026361621578652092,0.015566906166532078,8,v6_F0280_k05950__v6_F0280_k05825,maximal_same_ic
smoothstep_reparameterization,0.8,0.8960000000000001,0.02638912147665485,0.02638912160425511,1.27600260219074e-10,0.0014505865842221234,0.015566906166532078,8,v6_F0280_k05950__v6_F0280_k05825,maximal_same_ic
smoothstep_reparameterization,0.9,0.972,0.0274160391435193,0.027416039270248896,1.2672959556758734e-10,0.0004236689182283374,0.015566906166532078,8,v6_F0280_k05950__v6_F0280_k05825,maximal_same_ic
identity,0.1,0.1,0.02690558298327625,0.02690558311999559,1.3671934070980107e-10,0.0009341250684816407,0.010379167427573784,8,v6_F0280_k05950__v6_F0280_k05825,geometric_l2_ot
identity,0.2,0.2,0.0261790412644917,0.026179041400065425,1.3557372585681904e-10,0.0016606667884118058,0.010379167427573784,8,v6_F0280_k05950__v6_F0280_k05825,geometric_l2_ot
identity,0.3,0.3,0.02566008289425862,0.025660083028686737,1.344281179427309e-10,0.0021796251597904943,0.010379167427573784,8,v6_F0280_k05950__v6_F0280_k05825,geometric_l2_ot
identity,0.4,0.4,0.025348707872577023,0.025348708005859522,1.3328249962030192e-10,0.002491000182617708,0.010379167427573784,8,v6_F0280_k05950__v6_F0280_k05825,geometric_l2_ot
identity,0.5,0.5,0.025244916199446896,0.025244916331583787,1.321368917062138e-10,0.002594791856893446,0.010379167427573784,8,v6_F0280_k05950__v6_F0280_k05825,geometric_l2_ot
identity,0.6,0.6,0.025348707874868245,0.025348708005859522,1.3099127685323175e-10,0.002491000182617708,0.010379167427573784,8,v6_F0280_k05950__v6_F0280_k05825,geometric_l2_ot
identity,0.7,0.7,0.025660082898841072,0.025660083028686737,1.2984566546969667e-10,0.0021796251597904948,0.010379167427573784,8,v6_F0280_k05950__v6_F0280_k05825,geometric_l2_ot
identity,0.8,0.8,0.02617904127136538,0.026179041400065425,1.2870004367782073e-10,0.0016606667884118051,0.010379167427573784,8,v6_F0280_k05950__v6_F0280_k05825,geometric_l2_ot
identity,0.9,0.9,0.026905582992441154,0.02690558311999559,1.275544357637326e-10,0.0009341250684816403,0.010379167427573784,8,v6_F0280_k05950__v6_F0280_k05825,geometric_l2_ot
smoothstep_reparameterization,0.1,0.028000000000000004,0.0275572286302242,0.027557228767768383,1.3754418437539329e-10,0.00028247942070884816,0.010379167427573784,8,v6_F0280_k05950__v6_F0280_k05825,geometric_l2_ot
smoothstep_reparameterization,0.2,0.10400000000000002,0.02687253571423268,0.026872535850906196,1.3667351625445967e-10,0.0009671723375710357,0.010379167427573784,8,v6_F0280_k05950__v6_F0280_k05825,geometric_l2_ot
smoothstep_reparameterization,0.3,0.216,0.026082058324231747,0.026082058459622175,1.3539042803545343e-10,0.0017576497288550547,0.010379167427573784,8,v6_F0280_k05950__v6_F0280_k05825,geometric_l2_ot
smoothstep_reparameterization,0.4,0.3520000000000001,0.025472261481084963,0.025472261614917363,1.3383240002329266e-10,0.00236744657355987,0.010379167427573784,8,v6_F0280_k05950__v6_F0280_k05825,geometric_l2_ot
smoothstep_reparameterization,0.5,0.5,0.025244916199446896,0.025244916331583787,1.321368917062138e-10,0.002594791856893446,0.010379167427573784,8,v6_F0280_k05950__v6_F0280_k05825,geometric_l2_ot
smoothstep_reparameterization,0.6,0.648,0.02547226148447598,0.025472261614917363,1.304413833891349e-10,0.00236744657355987,0.010379167427573784,8,v6_F0280_k05950__v6_F0280_k05825,geometric_l2_ot
smoothstep_reparameterization,0.7,0.7839999999999999,0.02608205833073883,0.026082058459622175,1.288833449686333e-10,0.0017576497288550553,0.010379167427573784,8,v6_F0280_k05950__v6_F0280_k05825,geometric_l2_ot
smoothstep_reparameterization,0.8,0.8960000000000001,0.026872535723305935,0.026872535850906196,1.27600260219074e-10,0.0009671723375710344,0.010379167427573784,8,v6_F0280_k05950__v6_F0280_k05825,geometric_l2_ot
smoothstep_reparameterization,0.9,0.972,0.02755722864103879,0.027557228767768383,1.2672959209814039e-10,0.0002824794207088484,0.010379167427573784,8,v6_F0280_k05950__v6_F0280_k05825,geometric_l2_ot
identity,0.1,0.1,0.02586755082697606,0.0258675509636954,1.3671934070980107e-10,0.0019721572247818303,0.021912858053131444,8,v6_F0280_k05950__v6_F0280_k05825,independent
identity,0.2,0.2,0.024333650764402477,0.0243336508999762,1.3557372238737209e-10,0.0035060572885010316,0.021912858053131444,8,v6_F0280_k05950__v6_F0280_k05825,independent
identity,0.3,0.3,0.023238007862891513,0.023238007997319628,1.3442811447328396e-10,0.004601700191157603,0.021912858053131444,8,v6_F0280_k05950__v6_F0280_k05825,independent
identity,0.4,0.4,0.022580622122443182,0.022580622255725685,1.3328250308974887e-10,0.005259085932751546,0.021912858053131444,8,v6_F0280_k05950__v6_F0280_k05825,independent
identity,0.5,0.5,0.022361493543057484,0.02236149367519437,1.3213688476731988e-10,0.005478214513282861,0.021912858053131444,8,v6_F0280_k05950__v6_F0280_k05825,independent
identity,0.6,0.6,0.02258062212473441,0.022580622255725685,1.3099127685323175e-10,0.005259085932751546,0.021912858053131444,8,v6_F0280_k05950__v6_F0280_k05825,independent
identity,0.7,0.7,0.023238007867473966,0.023238007997319628,1.2984566200024972e-10,0.004601700191157604,0.021912858053131444,8,v6_F0280_k05950__v6_F0280_k05825,independent
identity,0.8,0.8,0.024333650771276156,0.0243336508999762,1.2870004367782073e-10,0.0035060572885010307,0.021912858053131444,8,v6_F0280_k05950__v6_F0280_k05825,independent
identity,0.9,0.9,0.02586755083614097,0.0258675509636954,1.2755443229428565e-10,0.0019721572247818294,0.021912858053131444,8,v6_F0280_k05950__v6_F0280_k05825,independent
smoothstep_reparameterization,0.1,0.028000000000000004,0.027243327706159025,0.027243327843703206,1.3754418090594633e-10,0.0005963803447740255,0.021912858053131444,8,v6_F0280_k05950__v6_F0280_k05825,independent
smoothstep_reparameterization,0.2,0.10400000000000002,0.025797780286980716,0.02579778042365423,1.3667351278501272e-10,0.0020419277648230007,0.021912858053131444,8,v6_F0280_k05950__v6_F0280_k05825,independent
smoothstep_reparameterization,0.3,0.216,0.024128897018937313,0.02412889715432774,1.3539042803545343e-10,0.003710811034149491,0.021912858053131444,8,v6_F0280_k05950__v6_F0280_k05825,independent
smoothstep_reparameterization,0.4,0.3520000000000001,0.022841472784157765,0.02284147291799016,1.338323965538457e-10,0.00499823527048707,0.021912858053131444,8,v6_F0280_k05950__v6_F0280_k05825,independent
smoothstep_reparameterization,0.5,0.5,0.022361493543057484,0.02236149367519437,1.3213688476731988e-10,0.005478214513282861,0.021912858053131444,8,v6_F0280_k05950__v6_F0280_k05825,independent
smoothstep_reparameterization,0.6,0.648,0.02284147278754878,0.02284147291799016,1.3044137991968796e-10,0.0049982352704870696,0.021912858053131444,8,v6_F0280_k05950__v6_F0280_k05825,independent
smoothstep_reparameterization,0.7,0.7839999999999999,0.024128897025444393,0.024128897154327738,1.288833449686333e-10,0.0037108110341494923,0.021912858053131444,8,v6_F0280_k05950__v6_F0280_k05825,independent
smoothstep_reparameterization,0.8,0.8960000000000001,0.025797780296053972,0.025797780423654233,1.27600260219074e-10,0.002041927764822998,0.021912858053131444,8,v6_F0280_k05950__v6_F0280_k05825,independent
smoothstep_reparameterization,0.9,0.972,0.027243327716973614,0.027243327843703206,1.2672959209814039e-10,0.0005963803447740259,0.021912858053131444,8,v6_F0280_k05950__v6_F0280_k05825,independent
identity,0.1,0.1,0.027959319305562703,0.02795931936411787,5.855516765906899e-11,0.001511356288817361,0.016792847653526233,9,v6_F0300_k06025__v6_F0280_k05800,maximal_same_ic
identity,0.2,0.2,0.026783819958594142,0.026783820028371035,6.977689259723974e-11,0.002686855624564198,0.016792847653526233,9,v6_F0300_k06025__v6_F0280_k05800,maximal_same_ic
identity,0.3,0.3,0.025944177564696094,0.025944177645694722,8.099862794375134e-11,0.003526498007240509,0.016792847653526233,9,v6_F0300_k06025__v6_F0280_k05800,maximal_same_ic
identity,0.4,0.4,0.025440392123868578,0.025440392216088938,9.2220359820816e-11,0.004030283436846296,0.016792847653526233,9,v6_F0300_k06025__v6_F0280_k05800,maximal_same_ic
identity,0.5,0.5,0.025272463636111585,0.025272463739553674,1.034420882284337e-10,0.004198211913381558,0.016792847653526233,9,v6_F0300_k06025__v6_F0280_k05800,maximal_same_ic
identity,0.6,0.6,0.025440392101425117,0.025440392216088938,1.1466382010549836e-10,0.004030283436846296,0.016792847653526233,9,v6_F0300_k06025__v6_F0280_k05800,maximal_same_ic
identity,0.7,0.7,0.025944177519809177,0.025944177645694722,1.258855450436691e-10,0.0035264980072405093,0.016792847653526233,9,v6_F0300_k06025__v6_F0280_k05800,maximal_same_ic
identity,0.8,0.8,0.026783819891263758,0.026783820028371035,1.3710727692073377e-10,0.002686855624564197,0.016792847653526233,9,v6_F0300_k06025__v6_F0280_k05800,maximal_same_ic
identity,0.9,0.9,0.02795931921578887,0.02795931936411787,1.4832900185890452e-10,0.0015113562888173606,0.016792847653526233,9,v6_F0300_k06025__v6_F0280_k05800,maximal_same_ic
smoothstep_reparameterization,0.1,0.028000000000000004,0.029013641460721336,0.029013641511196862,5.047552653625331e-11,0.00045703414173837,0.016792847653526233,9,v6_F0300_k06025__v6_F0280_k05800,maximal_same_ic
smoothstep_reparameterization,0.2,0.10400000000000002,0.027905850878185007,0.027905850937189045,5.900403776681884e-11,0.0015648247157461887,0.016792847653526233,9,v6_F0300_k06025__v6_F0280_k05800,maximal_same_ic
smoothstep_reparameterization,0.3,0.216,0.026626907588324113,0.026626907659896486,7.157237302823916e-11,0.0028437679930387464,0.016792847653526233,9,v6_F0300_k06025__v6_F0280_k05800,maximal_same_ic
smoothstep_reparameterization,0.4,0.3520000000000001,0.02564029418772258,0.02564029427455651,8.68339289361586e-11,0.0038303813783787197,0.016792847653526233,9,v6_F0300_k06025__v6_F0280_k05800,maximal_same_ic
smoothstep_reparameterization,0.5,0.5,0.025272463636111585,0.025272463739553674,1.034420882284337e-10,0.004198211913381558,0.016792847653526233,9,v6_F0300_k06025__v6_F0280_k05800,maximal_same_ic
smoothstep_reparameterization,0.6,0.648,0.025640294154506266,0.025640294274556514,1.200502475207088e-10,0.0038303813783787193,0.016792847653526233,9,v6_F0300_k06025__v6_F0280_k05800,maximal_same_ic
smoothstep_reparameterization,0.7,0.7839999999999999,0.026626907524584686,0.026626907659896483,1.3531179648973435e-10,0.0028437679930387472,0.016792847653526233,9,v6_F0300_k06025__v6_F0280_k05800,maximal_same_ic
smoothstep_reparameterization,0.8,0.8960000000000001,0.02790585078930891,0.027905850937189045,1.4788013522060162e-10,0.0015648247157461867,0.016792847653526233,9,v6_F0300_k06025__v6_F0280_k05800,maximal_same_ic
smoothstep_reparameterization,0.9,0.972,0.029013641354788212,0.029013641511196862,1.564086499206141e-10,0.0004570341417383704,0.016792847653526233,9,v6_F0300_k06025__v6_F0280_k05800,maximal_same_ic
identity,0.1,0.1,0.02842302651459108,0.02842302657314625,5.855517112851594e-11,0.0010476490797889835,0.011640545330988704,9,v6_F0300_k06025__v6_F0280_k05800,geometric_l2_ot
identity,0.2,0.2,0.027608188330200144,0.02760818839997704,6.977689606668669e-11,0.001862487252958193,0.011640545330988704,9,v6_F0300_k06025__v6_F0280_k05800,geometric_l2_ot
identity,0.3,0.3,0.02702616105242897,0.027026161133427606,8.099863488264525e-11,0.0024445145195076275,0.011640545330988704,9,v6_F0300_k06025__v6_F0280_k05800,geometric_l2_ot
identity,0.4,0.4,0.026676944681277584,0.026676944773497944,9.2220359820816e-11,0.002793730879437289,0.011640545330988704,9,v6_F0300_k06025__v6_F0280_k05800,geometric_l2_ot
identity,0.5,0.5,0.026560539216745966,0.026560539320188058,1.0344209169788066e-10,0.002910136332747176,0.011640545330988704,9,v6_F0300_k06025__v6_F0280_k05800,geometric_l2_ot
identity,0.6,0.6,0.02667694465883412,0.026676944773497944,1.1466382357494531e-10,0.002793730879437289,0.011640545330988704,9,v6_F0300_k06025__v6_F0280_k05800,geometric_l2_ot
identity,0.7,0.7,0.027026161007542057,0.027026161133427602,1.258855450436691e-10,0.002444514519507628,0.011640545330988704,9,v6_F0300_k06025__v6_F0280_k05800,geometric_l2_ot
identity,0.8,0.8,0.027608188262869763,0.02760818839997704,1.3710727692073377e-10,0.0018624872529581923,0.011640545330988704,9,v6_F0300_k06025__v6_F0280_k05800,geometric_l2_ot
identity,0.9,0.9,0.02842302642481724,0.02842302657314625,1.4832900879779842e-10,0.0010476490797889833,0.011640545330988704,9,v6_F0300_k06025__v6_F0280_k05800,geometric_l2_ot
smoothstep_reparameterization,0.1,0.028000000000000004,0.029153866520731514,0.029153866571207044,5.0475530005700264e-11,0.0003168090817281886,0.011640545330988704,9,v6_F0300_k06025__v6_F0280_k05800,geometric_l2_ot
smoothstep_reparameterization,0.2,0.10400000000000002,0.028385963017808342,0.02838596307681238,5.900403776681884e-11,0.0010847125761228515,0.011640545330988704,9,v6_F0300_k06025__v6_F0280_k05800,geometric_l2_ot
smoothstep_reparameterization,0.3,0.216,0.027499419072831904,0.02749941914440428,7.157237649768611e-11,0.001971256508530951,0.011640545330988704,9,v6_F0300_k06025__v6_F0280_k05800,geometric_l2_ot
smoothstep_reparameterization,0.4,0.3520000000000001,0.0268155137382841,0.026815513825118032,8.683393240560555e-11,0.0026551618278172,0.011640545330988704,9,v6_F0300_k06025__v6_F0280_k05800,geometric_l2_ot
smoothstep_reparameterization,0.5,0.5,0.026560539216745966,0.026560539320188058,1.0344209169788066e-10,0.002910136332747176,0.011640545330988704,9,v6_F0300_k06025__v6_F0280_k05800,geometric_l2_ot
smoothstep_reparameterization,0.6,0.648,0.02681551370506778,0.026815513825118032,1.2005025099015576e-10,0.0026551618278171994,0.011640545330988704,9,v6_F0300_k06025__v6_F0280_k05800,geometric_l2_ot
smoothstep_reparameterization,0.7,0.7839999999999999,0.02749941900909248,0.02749941914440428,1.353117999591813e-10,0.0019712565085309515,0.011640545330988704,9,v6_F0300_k06025__v6_F0280_k05800,geometric_l2_ot
smoothstep_reparameterization,0.8,0.8960000000000001,0.02838596292893224,0.028385963076812383,1.4788014215949552e-10,0.0010847125761228502,0.011640545330988704,9,v6_F0300_k06025__v6_F0280_k05800,geometric_l2_ot
smoothstep_reparameterization,0.9,0.972,0.029153866414798387,0.029153866571207044,1.56408656859508e-10,0.00031680908172818887,0.011640545330988704,9,v6_F0300_k06025__v6_F0280_k05800,geometric_l2_ot
identity,0.1,0.1,0.027355848346883684,0.027355848405438855,5.855517112851594e-11,0.0021148272474963764,0.02349808052773751,9,v6_F0300_k06025__v6_F0280_k05800,independent
identity,0.2,0.2,0.025710982698720332,0.025710982768497228,6.977689606668669e-11,0.0037596928844380027,0.02349808052773751,9,v6_F0300_k06025__v6_F0280_k05800,independent
identity,0.3,0.3,0.02453607866111172,0.024536078742110355,8.099863488264525e-11,0.004934596910824877,0.02349808052773751,9,v6_F0300_k06025__v6_F0280_k05800,independent
identity,0.4,0.4,0.023831136234057866,0.02383113632627823,9.222036329026295e-11,0.0056395393266570025,0.02349808052773751,9,v6_F0300_k06025__v6_F0280_k05800,independent
identity,0.5,0.5,0.023596155417558766,0.023596155521000854,1.034420882284337e-10,0.005874520131934378,0.02349808052773751,9,v6_F0300_k06025__v6_F0280_k05800,independent
identity,0.6,0.6,0.02383113621161441,0.02383113632627823,1.1466382010549836e-10,0.0056395393266570025,0.02349808052773751,9,v6_F0300_k06025__v6_F0280_k05800,independent
identity,0.7,0.7,0.024536078616224803,0.024536078742110355,1.2588555198256302e-10,0.004934596910824878,0.02349808052773751,9,v6_F0300_k06025__v6_F0280_k05800,independent
identity,0.8,0.8,0.025710982631389954,0.02571098276849723,1.3710727692073377e-10,0.0037596928844380014,0.02349808052773751,9,v6_F0300_k06025__v6_F0280_k05800,independent
identity,0.9,0.9,0.02735584825710985,0.027355848405438858,1.4832900879779842e-10,0.0021148272474963755,0.02349808052773751,9,v6_F0300_k06025__v6_F0280_k05800,independent
smoothstep_reparameterization,0.1,0.028000000000000004,0.028831151842816802,0.02883115189329233,5.047552653625331e-11,0.0006395237596429042,0.02349808052773751,9,v6_F0300_k06025__v6_F0280_k05800,independent
smoothstep_reparameterization,0.2,0.10400000000000002,0.0272810304580345,0.027281030517038538,5.900403776681884e-11,0.002189645135896693,0.02349808052773751,9,v6_F0300_k06025__v6_F0280_k05800,independent
smoothstep_reparameterization,0.3,0.216,0.025491416632473674,0.02549141670404605,7.157237649768611e-11,0.003979258948889181,0.02349808052773751,9,v6_F0300_k06025__v6_F0280_k05800,independent
smoothstep_reparameterization,0.4,0.3520000000000001,0.024110857390046488,0.024110857476880417,8.68339289361586e-11,0.005359818176054815,0.02349808052773751,9,v6_F0300_k06025__v6_F0280_k05800,independent
smoothstep_reparameterization,0.5,0.5,0.023596155417558766,0.023596155521000854,1.034420882284337e-10,0.005874520131934378,0.02349808052773751,9,v6_F0300_k06025__v6_F0280_k05800,independent
smoothstep_reparameterization,0.6,0.648,0.024110857356830162,0.024110857476880417,1.200502544596027e-10,0.005359818176054815,0.02349808052773751,9,v6_F0300_k06025__v6_F0280_k05800,independent
smoothstep_reparameterization,0.7,0.7839999999999999,0.02549141656873425,0.02549141670404605,1.353117999591813e-10,0.003979258948889182,0.02349808052773751,9,v6_F0300_k06025__v6_F0280_k05800,independent
smoothstep_reparameterization,0.8,0.8960000000000001,0.027281030369158403,0.02728103051703854,1.4788013869004857e-10,0.0021896451358966898,0.02349808052773751,9,v6_F0300_k06025__v6_F0280_k05800,independent
smoothstep_reparameterization,0.9,0.972,0.028831151736883675,0.02883115189329233,1.5640865339006105e-10,0.0006395237596429047,0.02349808052773751,9,v6_F0300_k06025__v6_F0280_k05800,independent
identity,0.1,0.1,0.027110795989657842,0.027110796034913905,4.525606278615868e-11,0.0016533705232020415,0.018370783591133793,10,v6_F0300_k06050__v6_F0280_k05825,maximal_same_ic
identity,0.2,0.2,0.0258248411439142,0.02582484118353454,3.9620338260215604e-11,0.0029393253745814076,0.018370783591133793,10,v6_F0300_k06050__v6_F0280_k05825,maximal_same_ic
identity,0.3,0.3,0.02490630196999323,0.02490630200397785,3.398462067316643e-11,0.0038578645541380964,0.018370783591133793,10,v6_F0300_k06050__v6_F0280_k05825,maximal_same_ic
identity,0.4,0.4,0.024355178467894943,0.024355178496243836,2.8348892677776405e-11,0.00440898806187211,0.018370783591133793,10,v6_F0300_k06050__v6_F0280_k05825,maximal_same_ic
identity,0.5,0.5,0.024171470637619326,0.024171470660332497,2.271317162128028e-11,0.004592695897783448,0.018370783591133793,10,v6_F0300_k06050__v6_F0280_k05825,maximal_same_ic
identity,0.6,0.6,0.024355178479166385,0.024355178496243836,1.7077450564784158e-11,0.00440898806187211,0.018370783591133793,10,v6_F0300_k06050__v6_F0280_k05825,maximal_same_ic
identity,0.7,0.7,0.02490630199253612,0.02490630200397785,1.1441729508288034e-11,0.003857864554138097,0.018370783591133793,10,v6_F0300_k06050__v6_F0280_k05825,maximal_same_ic
identity,0.8,0.8,0.025824841177728538,0.02582484118353454,5.806001512898007e-12,0.0029393253745814063,0.018370783591133793,10,v6_F0300_k06050__v6_F0280_k05825,maximal_same_ic
identity,0.9,0.9,0.027110796034743624,0.027110796034913905,1.7028045640188338e-13,0.001653370523202041,0.018370783591133793,10,v6_F0300_k06050__v6_F0280_k05825,maximal_same_ic
smoothstep_reparameterization,0.1,0.028000000000000004,0.028264187262585862,0.028264187311899648,4.9313785693838597e-11,0.0004999792462162974,0.018370783591133793,10,v6_F0300_k06050__v6_F0280_k05825,maximal_same_ic
smoothstep_reparameterization,0.2,0.10400000000000002,0.0270523034149291,0.027052303459959737,4.5030635470455493e-11,0.0017118630981562116,0.018370783591133793,10,v6_F0300_k06050__v6_F0280_k05825,maximal_same_ic
smoothstep_reparameterization,0.3,0.216,0.025653184542940362,0.025653184581658987,3.871862552795591e-11,0.003110981976456961,0.018370783591133793,10,v6_F0300_k06050__v6_F0280_k05825,maximal_same_ic
smoothstep_reparameterization,0.4,0.3520000000000001,0.024573864273058653,0.024573864304112694,3.105404128289635e-11,0.004190302254003254,0.018370783591133793,10,v6_F0300_k06050__v6_F0280_k05825,maximal_same_ic
smoothstep_reparameterization,0.5,0.5,0.024171470637619326,0.024171470660332497,2.271317162128028e-11,0.004592695897783448,0.018370783591133793,10,v6_F0300_k06050__v6_F0280_k05825,maximal_same_ic
smoothstep_reparameterization,0.6,0.648,0.02457386428974039,0.024573864304112694,1.4372305429111165e-11,0.004190302254003253,0.018370783591133793,10,v6_F0300_k06050__v6_F0280_k05825,maximal_same_ic
smoothstep_reparameterization,0.7,0.7839999999999999,0.025653184574951266,0.025653184581658984,6.707717714604655e-12,0.003110981976456962,0.018370783591133793,10,v6_F0300_k06050__v6_F0280_k05825,maximal_same_ic
smoothstep_reparameterization,0.8,0.8960000000000001,0.027052303459564025,0.027052303459959737,3.957112415520214e-13,0.0017118630981562094,0.018370783591133793,10,v6_F0300_k06050__v6_F0280_k05825,maximal_same_ic
smoothstep_reparameterization,0.9,0.972,0.028264187315787087,0.028264187311899648,3.887438981831082e-12,0.0004999792462162978,0.018370783591133793,10,v6_F0300_k06050__v6_F0280_k05825,maximal_same_ic
identity,0.1,0.1,0.027628100520220834,0.027628100565476894,4.525605931671173e-11,0.0011360659926390527,0.012622955473767251,10,v6_F0300_k06050__v6_F0280_k05825,geometric_l2_ot
identity,0.2,0.2,0.02674449364269285,0.026744493682313186,3.962033479076865e-11,0.0020196728758027607,0.012622955473767251,10,v6_F0300_k06050__v6_F0280_k05825,geometric_l2_ot
identity,0.3,0.3,0.026113345874640204,0.026113345908624824,3.398462067316643e-11,0.0026508206494911227,0.012622955473767251,10,v6_F0300_k06050__v6_F0280_k05825,geometric_l2_ot
identity,0.4,0.4,0.02573465721606291,0.025734657244411808,2.8348896147223357e-11,0.00302950931370414,0.012622955473767251,10,v6_F0300_k06050__v6_F0280_k05825,geometric_l2_ot
identity,0.5,0.5,0.02560842766696096,0.025608427689674133,2.271317162128028e-11,0.0031557388684418128,0.012622955473767251,10,v6_F0300_k06050__v6_F0280_k05825,geometric_l2_ot
identity,0.6,0.6,0.02573465722733436,0.025734657244411808,1.7077447095337206e-11,0.00302950931370414,0.012622955473767251,10,v6_F0300_k06050__v6_F0280_k05825,geometric_l2_ot
identity,0.7,0.7,0.0261133458971831,0.026113345908624824,1.144172256939413e-11,0.002650820649491123,0.012622955473767251,10,v6_F0300_k06050__v6_F0280_k05825,geometric_l2_ot
identity,0.8,0.8,0.026744493676507188,0.026744493682313186,5.805998043451055e-12,0.00201967287580276,0.012622955473767251,10,v6_F0300_k06050__v6_F0280_k05825,geometric_l2_ot
identity,0.9,0.9,0.027628100565306617,0.027628100565476894,1.7027698695493143e-13,0.0011360659926390525,0.012622955473767251,10,v6_F0300_k06050__v6_F0280_k05825,geometric_l2_ot
smoothstep_reparameterization,0.1,0.028000000000000004,0.028420620152628116,0.028420620201941898,4.9313782224391645e-11,0.00034354635617404953,0.012622955473767251,10,v6_F0300_k06050__v6_F0280_k05825,geometric_l2_ot
smoothstep_reparameterization,0.2,0.10400000000000002,0.027587909030217787,0.02758790907524842,4.503063200100854e-11,0.0011762574828675276,0.012622955473767251,10,v6_F0300_k06050__v6_F0280_k05825,geometric_l2_ot
smoothstep_reparameterization,0.3,0.216,0.026626544747647682,0.026626544786366304,3.8718622058508956e-11,0.0021376217717496413,0.012622955473767251,10,v6_F0300_k06050__v6_F0280_k05825,geometric_l2_ot
smoothstep_reparameterization,0.4,0.3520000000000001,0.02588492087531749,0.025884920906371532,3.105404128289635e-11,0.0028792456517444153,0.012622955473767251,10,v6_F0300_k06050__v6_F0280_k05825,geometric_l2_ot
smoothstep_reparameterization,0.5,0.5,0.02560842766696096,0.025608427689674133,2.271317162128028e-11,0.0031557388684418128,0.012622955473767251,10,v6_F0300_k06050__v6_F0280_k05825,geometric_l2_ot
smoothstep_reparameterization,0.6,0.648,0.02588492089199923,0.025884920906371532,1.4372301959664213e-11,0.002879245651744415,0.012622955473767251,10,v6_F0300_k06050__v6_F0280_k05825,geometric_l2_ot
smoothstep_reparameterization,0.7,0.7839999999999999,0.02662654477965859,0.026626544786366304,6.707714245157703e-12,0.002137621771749642,0.012622955473767251,10,v6_F0300_k06050__v6_F0280_k05825,geometric_l2_ot
smoothstep_reparameterization,0.8,0.8960000000000001,0.02758790907485271,0.02758790907524842,3.9570777210506947e-13,0.0011762574828675261,0.012622955473767251,10,v6_F0300_k06050__v6_F0280_k05825,geometric_l2_ot
smoothstep_reparameterization,0.9,0.972,0.02842062020582934,0.028420620201941898,3.887442451278034e-12,0.0003435463561740498,0.012622955473767251,10,v6_F0300_k06050__v6_F0280_k05825,geometric_l2_ot
identity,0.1,0.1,0.026610345659264758,0.02661034570452082,4.525606278615868e-11,0.0021538208535951267,0.023931342817723626,10,v6_F0300_k06050__v6_F0280_k05825,independent
identity,0.2,0.2,0.024935151667659833,0.024935151707280164,3.96203313213217e-11,0.003829014850835781,0.023931342817723626,10,v6_F0300_k06050__v6_F0280_k05825,independent
identity,0.3,0.3,0.023738584532409367,0.023738584566393987,3.398462067316643e-11,0.005025581991721961,0.023931342817723626,10,v6_F0300_k06050__v6_F0280_k05825,independent
identity,0.4,0.4,0.023020644253513384,0.023020644281862276,2.8348892677776405e-11,0.00574352227625367,0.023931342817723626,10,v6_F0300_k06050__v6_F0280_k05825,independent
identity,0.5,0.5,0.02278133083097187,0.022781330853685042,2.271317162128028e-11,0.0059828357044309066,0.023931342817723626,10,v6_F0300_k06050__v6_F0280_k05825,independent
identity,0.6,0.6,0.02302064426478483,0.023020644281862276,1.7077447095337206e-11,0.00574352227625367,0.023931342817723626,10,v6_F0300_k06050__v6_F0280_k05825,independent
identity,0.7,0.7,0.02373858455495226,0.023738584566393984,1.144172256939413e-11,0.005025581991721962,0.023931342817723626,10,v6_F0300_k06050__v6_F0280_k05825,independent
identity,0.8,0.8,0.024935151701474166,0.024935151707280168,5.806001512898007e-12,0.00382901485083578,0.023931342817723626,10,v6_F0300_k06050__v6_F0280_k05825,independent
identity,0.9,0.9,0.026610345704350544,0.02661034570452082,1.7027698695493143e-13,0.002153820853595126,0.023931342817723626,10,v6_F0300_k06050__v6_F0280_k05825,independent
smoothstep_reparameterization,0.1,0.028000000000000004,0.028112851082674993,0.02811285113198878,4.9313785693838597e-11,0.0006513154261271663,0.023931342817723626,10,v6_F0300_k06050__v6_F0280_k05825,independent
smoothstep_reparameterization,0.2,0.10400000000000002,0.026534148263958557,0.02653414830898919,4.503063200100854e-11,0.002230018249126759,0.023931342817723626,10,v6_F0300_k06050__v6_F0280_k05825,independent
smoothstep_reparameterization,0.3,0.216,0.024711537201272737,0.02471153723999136,3.8718622058508956e-11,0.0040526293181245895,0.023931342817723626,10,v6_F0300_k06050__v6_F0280_k05825,independent
smoothstep_reparameterization,0.4,0.3520000000000001,0.023305522955710416,0.023305522986764457,3.105404128289635e-11,0.005458643571351489,0.023931342817723626,10,v6_F0300_k06050__v6_F0280_k05825,independent
smoothstep_reparameterization,0.5,0.5,0.02278133083097187,0.022781330853685042,2.271317162128028e-11,0.0059828357044309066,0.023931342817723626,10,v6_F0300_k06050__v6_F0280_k05825,independent
smoothstep_reparameterization,0.6,0.648,0.023305522972392155,0.023305522986764457,1.4372301959664213e-11,0.005458643571351488,0.023931342817723626,10,v6_F0300_k06050__v6_F0280_k05825,independent
smoothstep_reparameterization,0.7,0.7839999999999999,0.024711537233283638,0.024711537239991355,6.707717714604655e-12,0.004052629318124591,0.023931342817723626,10,v6_F0300_k06050__v6_F0280_k05825,independent
smoothstep_reparameterization,0.8,0.8960000000000001,0.026534148308593485,0.02653414830898919,3.957043026581175e-13,0.002230018249126756,0.023931342817723626,10,v6_F0300_k06050__v6_F0280_k05825,independent
smoothstep_reparameterization,0.9,0.972,0.02811285113587622,0.02811285113198878,3.887442451278034e-12,0.0006513154261271668,0.023931342817723626,10,v6_F0300_k06050__v6_F0280_k05825,independent
identity,0.1,0.1,0.026301581711619157,0.026301581818842647,1.0722349050307223e-10,0.0012849058581610071,0.014276731757344521,11,v6_F0280_k05950__v6_F0280_k05825,maximal_same_ic
identity,0.2,0.2,0.02530221048957606,0.02530221059582853,1.062524720985003e-10,0.002284277081175124,0.014276731757344521,11,v6_F0280_k05950__v6_F0280_k05825,maximal_same_ic
identity,0.3,0.3,0.024588373902679837,0.024588374007961305,1.0528146757171619e-10,0.0029981136690423495,0.014276731757344521,11,v6_F0280_k05950__v6_F0280_k05825,maximal_same_ic
identity,0.4,0.4,0.024160071950930517,0.02416007205524097,1.0431045263659122e-10,0.003426415621762685,0.014276731757344521,11,v6_F0280_k05950__v6_F0280_k05825,maximal_same_ic
identity,0.5,0.5,0.024017304634328086,0.024017304737667524,1.0333943770146625e-10,0.0035691829393361303,0.014276731757344521,11,v6_F0280_k05950__v6_F0280_k05825,maximal_same_ic
identity,0.6,0.6,0.024160071952872543,0.02416007205524097,1.0236842623578823e-10,0.003426415621762685,0.014276731757344521,11,v6_F0280_k05950__v6_F0280_k05825,maximal_same_ic
identity,0.7,0.7,0.02458837390656389,0.024588374007961305,1.0139741477011022e-10,0.00299811366904235,0.014276731757344521,11,v6_F0280_k05950__v6_F0280_k05825,maximal_same_ic
identity,0.8,0.8,0.025302210495402128,0.02530221059582853,1.004264033044322e-10,0.002284277081175123,0.014276731757344521,11,v6_F0280_k05950__v6_F0280_k05825,maximal_same_ic
identity,0.9,0.9,0.02630158171938726,0.026301581818842647,9.945538836930723e-11,0.0012849058581610067,0.014276731757344521,11,v6_F0280_k05950__v6_F0280_k05825,maximal_same_ic
smoothstep_reparameterization,0.1,0.028000000000000004,0.027197932037573144,0.027197932145495766,1.0792262222780735e-10,0.00038855553150788855,0.014276731757344521,11,v6_F0280_k05950__v6_F0280_k05825,maximal_same_ic
smoothstep_reparameterization,0.2,0.10400000000000002,0.026256124597742615,0.02625612470492726,1.0718464657499815e-10,0.0013303629720763921,0.014276731757344521,11,v6_F0280_k05950__v6_F0280_k05825,maximal_same_ic
smoothstep_reparameterization,0.3,0.216,0.025168808708190788,0.025168808814287905,1.0609711720288573e-10,0.0024176788627157503,0.014276731757344521,11,v6_F0280_k05950__v6_F0280_k05825,maximal_same_ic
smoothstep_reparameterization,0.4,0.3520000000000001,0.024330022165303857,0.0243300222700804,1.0477654160956362e-10,0.0032564654069232564,0.014276731757344521,11,v6_F0280_k05950__v6_F0280_k05825,maximal_same_ic
smoothstep_reparameterization,0.5,0.5,0.024017304634328086,0.024017304737667524,1.0333943770146625e-10,0.0035691829393361303,0.014276731757344521,11,v6_F0280_k05950__v6_F0280_k05825,maximal_same_ic
smoothstep_reparameterization,0.6,0.648,0.024330022168178058,0.0243300222700804,1.0190234073226279e-10,0.003256465406923256,0.014276731757344521,11,v6_F0280_k05950__v6_F0280_k05825,maximal_same_ic
smoothstep_reparameterization,0.7,0.7839999999999999,0.02516880871370614,0.025168808814287902,1.0058176166949373e-10,0.002417678862715751,0.014276731757344521,11,v6_F0280_k05950__v6_F0280_k05825,maximal_same_ic
smoothstep_reparameterization,0.8,0.8960000000000001,0.026256124605433036,0.026256124704927265,9.949422882793435e-11,0.0013303629720763904,0.014276731757344521,11,v6_F0280_k05950__v6_F0280_k05825,maximal_same_ic
smoothstep_reparameterization,0.9,0.972,0.027197932046739506,0.027197932145495766,9.875626011401906e-11,0.00038855553150788887,0.014276731757344521,11,v6_F0280_k05950__v6_F0280_k05825,maximal_same_ic
identity,0.1,0.1,0.026683950665116696,0.02668395077234018,1.0722348356417832e-10,0.0009025369046634758,0.010028187829594174,11,v6_F0280_k05950__v6_F0280_k05825,geometric_l2_ot
identity,0.2,0.2,0.02598197751801612,0.025981977624268585,1.062524651596064e-10,0.001604510052735068,0.010028187829594174,11,v6_F0280_k05950__v6_F0280_k05825,geometric_l2_ot
identity,0.3,0.3,0.025480568127507413,0.025480568232788877,1.0528146410226924e-10,0.0021059194442147764,0.010028187829594174,11,v6_F0280_k05950__v6_F0280_k05825,geometric_l2_ot
identity,0.4,0.4,0.025179722493590604,0.025179722597901053,1.0431044916714427e-10,0.0024067650791026016,0.010028187829594174,11,v6_F0280_k05950__v6_F0280_k05825,geometric_l2_ot
identity,0.5,0.5,0.025079440616265675,0.02507944071960511,1.033394342320193e-10,0.0025070469573985434,0.010028187829594174,11,v6_F0280_k05950__v6_F0280_k05825,geometric_l2_ot
identity,0.6,0.6,0.025179722495532627,0.025179722597901053,1.0236842623578823e-10,0.0024067650791026016,0.010028187829594174,11,v6_F0280_k05950__v6_F0280_k05825,geometric_l2_ot
identity,0.7,0.7,0.025480568131391466,0.025480568232788877,1.0139741130066326e-10,0.002105919444214777,0.010028187829594174,11,v6_F0280_k05950__v6_F0280_k05825,geometric_l2_ot
identity,0.8,0.8,0.025981977523842188,0.025981977624268588,1.0042639983498525e-10,0.0016045100527350676,0.010028187829594174,11,v6_F0280_k05950__v6_F0280_k05825,geometric_l2_ot
identity,0.9,0.9,0.026683950672884794,0.02668395077234018,9.945538489986028e-11,0.0009025369046634754,0.010028187829594174,11,v6_F0280_k05950__v6_F0280_k05825,geometric_l2_ot
smoothstep_reparameterization,0.1,0.028000000000000004,0.0273135604091108,0.02731356051703342,1.079226187583604e-10,0.0002729271599702351,0.010028187829594174,11,v6_F0280_k05950__v6_F0280_k05825,geometric_l2_ot
smoothstep_reparameterization,0.2,0.10400000000000002,0.026652020915106107,0.02665202102229075,1.071846431055512e-10,0.0009344666547129037,0.010028187829594174,11,v6_F0280_k05950__v6_F0280_k05825,geometric_l2_ot
smoothstep_reparameterization,0.3,0.216,0.02588827413109175,0.025888274237188858,1.0609710679454487e-10,0.0016982134398147958,0.010028187829594174,11,v6_F0280_k05950__v6_F0280_k05825,geometric_l2_ot
smoothstep_reparameterization,0.4,0.3520000000000001,0.025299098041048004,0.025299098145824542,1.0477653814011667e-10,0.0022873895311791128,0.010028187829594174,11,v6_F0280_k05950__v6_F0280_k05825,geometric_l2_ot
smoothstep_reparameterization,0.5,0.5,0.025079440616265675,0.02507944071960511,1.033394342320193e-10,0.0025070469573985434,0.010028187829594174,11,v6_F0280_k05950__v6_F0280_k05825,geometric_l2_ot
smoothstep_reparameterization,0.6,0.648,0.0252990980439222,0.025299098145824542,1.0190234073226279e-10,0.0022873895311791128,0.010028187829594174,11,v6_F0280_k05950__v6_F0280_k05825,geometric_l2_ot
smoothstep_reparameterization,0.7,0.7839999999999999,0.0258882741366071,0.025888274237188858,1.0058175820004678e-10,0.0016982134398147962,0.010028187829594174,11,v6_F0280_k05950__v6_F0280_k05825,geometric_l2_ot
smoothstep_reparameterization,0.8,0.8960000000000001,0.026652020922796525,0.02665202102229075,9.94942253584874e-11,0.0009344666547129024,0.010028187829594174,11,v6_F0280_k05950__v6_F0280_k05825,geometric_l2_ot
smoothstep_reparameterization,0.9,0.972,0.027313560418277164,0.02731356051703342,9.87562566445721e-11,0.00027292715997023526,0.010028187829594174,11,v6_F0280_k05950__v6_F0280_k05825,geometric_l2_ot
identity,0.1,0.1,0.025597457426705064,0.02559745753392855,1.0722348703362528e-10,0.0019890301430751027,0.022100334923056696,11,v6_F0280_k05950__v6_F0280_k05825,independent
identity,0.2,0.2,0.024050433983062114,0.024050434089314583,1.0625246862905335e-10,0.0035360535876890723,0.022100334923056696,11,v6_F0280_k05950__v6_F0280_k05825,independent
identity,0.3,0.3,0.02294541723788028,0.022945417343161748,1.0528146757171619e-10,0.004641070333841906,0.022100334923056696,11,v6_F0280_k05950__v6_F0280_k05825,independent
identity,0.4,0.4,0.0222824071911596,0.02228240729547005,1.0431044916714427e-10,0.005304080381533607,0.022100334923056696,11,v6_F0280_k05950__v6_F0280_k05825,independent
identity,0.5,0.5,0.02206140384290004,0.02206140394623948,1.0333943770146625e-10,0.005525083730764174,0.022100334923056696,11,v6_F0280_k05950__v6_F0280_k05825,independent
identity,0.6,0.6,0.022282407193101622,0.02228240729547005,1.0236842623578823e-10,0.005304080381533607,0.022100334923056696,11,v6_F0280_k05950__v6_F0280_k05825,independent
identity,0.7,0.7,0.022945417241764333,0.022945417343161748,1.0139741477011022e-10,0.004641070333841907,0.022100334923056696,11,v6_F0280_k05950__v6_F0280_k05825,independent
identity,0.8,0.8,0.024050433988888186,0.024050434089314583,1.004263963655383e-10,0.003536053587689071,0.022100334923056696,11,v6_F0280_k05950__v6_F0280_k05825,independent
identity,0.9,0.9,0.025597457434473166,0.02559745753392855,9.945538489986028e-11,0.0019890301430751023,0.022100334923056696,11,v6_F0280_k05950__v6_F0280_k05825,independent
smoothstep_reparameterization,0.1,0.028000000000000004,0.026985004853815126,0.026985004961737745,1.079226187583604e-10,0.0006014827152659111,0.022100334923056696,11,v6_F0280_k05950__v6_F0280_k05825,independent
smoothstep_reparameterization,0.2,0.10400000000000002,0.025527089960348893,0.02552709006753354,1.0718464657499815e-10,0.0020593976094701156,0.022100334923056696,11,v6_F0280_k05950__v6_F0280_k05825,independent
smoothstep_reparameterization,0.3,0.216,0.023843928453696428,0.02384392855979354,1.0609711373343877e-10,0.003742559117210113,0.022100334923056696,11,v6_F0280_k05950__v6_F0280_k05825,independent
smoothstep_reparameterization,0.4,0.3520000000000001,0.022545489577617577,0.022545489682394115,1.0477653814011667e-10,0.005040997994609541,0.022100334923056696,11,v6_F0280_k05950__v6_F0280_k05825,independent
smoothstep_reparameterization,0.5,0.5,0.02206140384290004,0.02206140394623948,1.0333943770146625e-10,0.005525083730764174,0.022100334923056696,11,v6_F0280_k05950__v6_F0280_k05825,independent
smoothstep_reparameterization,0.6,0.648,0.022545489580491775,0.022545489682394115,1.0190234073226279e-10,0.00504099799460954,0.022100334923056696,11,v6_F0280_k05950__v6_F0280_k05825,independent
smoothstep_reparameterization,0.7,0.7839999999999999,0.02384392845921178,0.023843928559793538,1.0058175820004678e-10,0.0037425591172101143,0.022100334923056696,11,v6_F0280_k05950__v6_F0280_k05825,independent
smoothstep_reparameterization,0.8,0.8960000000000001,0.02552708996803931,0.02552709006753354,9.949422882793435e-11,0.002059397609470113,0.022100334923056696,11,v6_F0280_k05950__v6_F0280_k05825,independent
smoothstep_reparameterization,0.9,0.972,0.026985004862981485,0.02698500496173774,9.87562566445721e-11,0.0006014827152659116,0.022100334923056696,11,v6_F0280_k05950__v6_F0280_k05825,independent
identity,0.1,0.1,0.027955296780398008,0.027955296846587867,6.618985914919051e-11,0.0014672734784766592,0.016303038649740656,12,v6_F0300_k06025__v6_F0280_k05800,maximal_same_ic
identity,0.2,0.2,0.02681408406557713,0.02681408414110602,7.552889216833059e-11,0.0026084861839585053,0.016303038649740656,12,v6_F0300_k06025__v6_F0280_k05800,maximal_same_ic
identity,0.3,0.3,0.025998932123751053,0.02599893220861899,8.486793559581152e-11,0.003423638116445538,0.016303038649740656,12,v6_F0300_k06025__v6_F0280_k05800,maximal_same_ic
identity,0.4,0.4,0.0255098409549198,0.02550984104912677,9.420697208439854e-11,0.003912729275937757,0.016303038649740656,12,v6_F0300_k06025__v6_F0280_k05800,maximal_same_ic
identity,0.5,0.5,0.025346810559083353,0.025346810662629362,1.0354600857298557e-10,0.004075759662435164,0.016303038649740656,12,v6_F0300_k06025__v6_F0280_k05800,maximal_same_ic
identity,0.6,0.6,0.025509840936241722,0.02550984104912677,1.1288504853101955e-10,0.003912729275937757,0.016303038649740656,12,v6_F0300_k06025__v6_F0280_k05800,maximal_same_ic
identity,0.7,0.7,0.0259989320863949,0.02599893220861899,1.2222408848905353e-10,0.0034236381164455382,0.016303038649740656,12,v6_F0300_k06025__v6_F0280_k05800,maximal_same_ic
identity,0.8,0.8,0.026814084009542903,0.02681408414110602,1.3156311803874665e-10,0.0026084861839585044,0.016303038649740656,12,v6_F0300_k06025__v6_F0280_k05800,maximal_same_ic
identity,0.9,0.9,0.02795529670568571,0.027955296846587867,1.4090215799678063e-10,0.0014672734784766587,0.016303038649740656,12,v6_F0300_k06025__v6_F0280_k05800,maximal_same_ic
smoothstep_reparameterization,0.1,0.028000000000000004,0.028978866765707427,0.028978866825173186,5.946575870607873e-11,0.00044370349989134174,0.016303038649740656,12,v6_F0300_k06025__v6_F0280_k05800,maximal_same_ic
smoothstep_reparameterization,0.2,0.10400000000000002,0.027903387904963675,0.027903387971527093,6.656341797195431e-11,0.0015191823535374335,0.016303038649740656,12,v6_F0300_k06025__v6_F0280_k05800,maximal_same_ic
smoothstep_reparameterization,0.3,0.216,0.026661748470939703,0.026661748547962844,7.702314133717358e-11,0.0027608217771016817,0.016303038649740656,12,v6_F0300_k06025__v6_F0280_k05800,maximal_same_ic
smoothstep_reparameterization,0.4,0.3520000000000001,0.025703912331489047,0.025703912421213282,8.97242349862104e-11,0.003718657903851245,0.016303038649740656,12,v6_F0300_k06025__v6_F0280_k05800,maximal_same_ic
smoothstep_reparameterization,0.5,0.5,0.025346810559083353,0.025346810662629362,1.0354600857298557e-10,0.004075759662435164,0.016303038649740656,12,v6_F0300_k06025__v6_F0280_k05800,maximal_same_ic
smoothstep_reparameterization,0.6,0.648,0.025703912303845496,0.025703912421213282,1.173677856292077e-10,0.0037186579038512445,0.016303038649740656,12,v6_F0300_k06025__v6_F0280_k05800,maximal_same_ic
smoothstep_reparameterization,0.7,0.7839999999999999,0.02666174841789397,0.026661748547962844,1.3006887580879756e-10,0.0027608217771016826,0.016303038649740656,12,v6_F0300_k06025__v6_F0280_k05800,maximal_same_ic
smoothstep_reparameterization,0.8,0.8960000000000001,0.027903387830998494,0.027903387971527093,1.4052859917401683e-10,0.0015191823535374315,0.016303038649740656,12,v6_F0300_k06025__v6_F0280_k05800,maximal_same_ic
smoothstep_reparameterization,0.9,0.972,0.028978866677546917,0.028978866825173182,1.4762626537878631e-10,0.0004437034998913421,0.016303038649740656,12,v6_F0300_k06025__v6_F0280_k05800,maximal_same_ic
identity,0.1,0.1,0.02840520844802001,0.028405208514209874,6.618986261863746e-11,0.0010173618108546521,0.011304020120607244,12,v6_F0300_k06025__v6_F0280_k05800,geometric_l2_ot
identity,0.2,0.2,0.027613927030238475,0.027613927105767367,7.552889216833059e-11,0.0018086432192971594,0.011304020120607244,12,v6_F0300_k06025__v6_F0280_k05800,geometric_l2_ot
identity,0.3,0.3,0.027048726014869066,0.027048726099737005,8.486793906525847e-11,0.0023738442253275214,0.011304020120607244,12,v6_F0300_k06025__v6_F0280_k05800,geometric_l2_ot
identity,0.4,0.4,0.026709605401911814,0.02670960549611879,9.42069755538455e-11,0.0027129648289457384,0.011304020120607244,12,v6_F0300_k06025__v6_F0280_k05800,geometric_l2_ot
identity,0.5,0.5,0.026596565191366703,0.026596565294912715,1.0354601204243252e-10,0.002826005030151811,0.011304020120607244,12,v6_F0300_k06025__v6_F0280_k05800,geometric_l2_ot
identity,0.6,0.6,0.02670960538323374,0.02670960549611879,1.1288504853101955e-10,0.0027129648289457384,0.011304020120607244,12,v6_F0300_k06025__v6_F0280_k05800,geometric_l2_ot
identity,0.7,0.7,0.02704872597751292,0.027048726099737005,1.2222408501960658e-10,0.0023738442253275214,0.011304020120607244,12,v6_F0300_k06025__v6_F0280_k05800,geometric_l2_ot
identity,0.8,0.8,0.027613926974204242,0.027613927105767367,1.3156312497764056e-10,0.0018086432192971587,0.011304020120607244,12,v6_F0300_k06025__v6_F0280_k05800,geometric_l2_ot
identity,0.9,0.9,0.028405208373307712,0.028405208514209874,1.4090216146622758e-10,0.0010173618108546517,0.011304020120607244,12,v6_F0300_k06025__v6_F0280_k05800,geometric_l2_ot
smoothstep_reparameterization,0.1,0.028000000000000004,0.029114920053996324,0.02911492011346208,5.946575523663178e-11,0.0003076502116024468,0.011304020120607244,12,v6_F0300_k06025__v6_F0280_k05800,geometric_l2_ot
smoothstep_reparameterization,0.2,0.10400000000000002,0.028369216447582443,0.02836921651414586,6.656341797195431e-11,0.0010533538109186657,0.011304020120607244,12,v6_F0300_k06025__v6_F0280_k05800,geometric_l2_ot
smoothstep_reparameterization,0.3,0.216,0.027508302264737272,0.027508302341760413,7.702314133717358e-11,0.0019142679833041131,0.011304020120607244,12,v6_F0300_k06025__v6_F0280_k05800,geometric_l2_ot
smoothstep_reparameterization,0.4,0.3520000000000001,0.02684416846191026,0.026844168551634497,8.97242349862104e-11,0.0025784017734300302,0.011304020120607244,12,v6_F0300_k06025__v6_F0280_k05800,geometric_l2_ot
smoothstep_reparameterization,0.5,0.5,0.026596565191366703,0.026596565294912715,1.0354601204243252e-10,0.002826005030151811,0.011304020120607244,12,v6_F0300_k06025__v6_F0280_k05800,geometric_l2_ot
smoothstep_reparameterization,0.6,0.648,0.026844168434266708,0.026844168551634497,1.1736778909865464e-10,0.00257840177343003,0.011304020120607244,12,v6_F0300_k06025__v6_F0280_k05800,geometric_l2_ot
smoothstep_reparameterization,0.7,0.7839999999999999,0.027508302211691534,0.027508302341760413,1.300688792782445e-10,0.0019142679833041138,0.011304020120607244,12,v6_F0300_k06025__v6_F0280_k05800,geometric_l2_ot
smoothstep_reparameterization,0.8,0.8960000000000001,0.028369216373617258,0.02836921651414586,1.4052860264346378e-10,0.0010533538109186642,0.011304020120607244,12,v6_F0300_k06025__v6_F0280_k05800,geometric_l2_ot
smoothstep_reparameterization,0.9,0.972,0.02911491996583581,0.02911492011346208,1.4762626884823327e-10,0.00030765021160244707,0.011304020120607244,12,v6_F0300_k06025__v6_F0280_k05800,geometric_l2_ot
identity,0.1,0.1,0.027307081772519094,0.027307081838708953,6.618985914919051e-11,0.002115488486355574,0.02350542762617304,12,v6_F0300_k06025__v6_F0280_k05800,independent
identity,0.2,0.2,0.025661701829347947,0.02566170190487684,7.552889216833059e-11,0.003760868420187687,0.02350542762617304,12,v6_F0300_k06025__v6_F0280_k05800,independent
identity,0.3,0.3,0.02448643043870025,0.02448643052356819,8.486793906525847e-11,0.004936139801496338,0.02350542762617304,12,v6_F0300_k06025__v6_F0280_k05800,independent
identity,0.4,0.4,0.023781267600576025,0.023781267694782997,9.420697208439854e-11,0.005641302630281529,0.02350542762617304,12,v6_F0300_k06025__v6_F0280_k05800,independent
identity,0.5,0.5,0.023546213314975254,0.023546213418521266,1.0354601204243252e-10,0.00587635690654326,0.02350542762617304,12,v6_F0300_k06025__v6_F0280_k05800,independent
identity,0.6,0.6,0.023781267581897948,0.023781267694782997,1.1288504853101955e-10,0.005641302630281529,0.02350542762617304,12,v6_F0300_k06025__v6_F0280_k05800,independent
identity,0.7,0.7,0.024486430401344104,0.024486430523568185,1.2222408155015962e-10,0.004936139801496339,0.02350542762617304,12,v6_F0300_k06025__v6_F0280_k05800,independent
identity,0.8,0.8,0.025661701773313717,0.025661701904876842,1.3156312497764056e-10,0.0037608684201876855,0.02350542762617304,12,v6_F0300_k06025__v6_F0280_k05800,independent
identity,0.9,0.9,0.027307081697806795,0.027307081838708953,1.4090215799678063e-10,0.002115488486355573,0.02350542762617304,12,v6_F0300_k06025__v6_F0280_k05800,independent
smoothstep_reparameterization,0.1,0.028000000000000004,0.028782846547324846,0.0287828466067906,5.946575523663178e-11,0.0006397237182739255,0.02350542762617304,12,v6_F0300_k06025__v6_F0280_k05800,independent
smoothstep_reparameterization,0.2,0.10400000000000002,0.0272322404905838,0.02723224055714722,6.656341797195431e-11,0.0021903297679173087,0.02350542762617304,12,v6_F0300_k06025__v6_F0280_k05800,independent
smoothstep_reparameterization,0.3,0.216,0.025442067112114736,0.025442067189137878,7.702314133717358e-11,0.003980503135926647,0.02350542762617304,12,v6_F0300_k06025__v6_F0280_k05800,independent
smoothstep_reparameterization,0.4,0.3520000000000001,0.024061076215520723,0.024061076305244962,8.972423845565736e-11,0.005361494019819566,0.02350542762617304,12,v6_F0300_k06025__v6_F0280_k05800,independent
smoothstep_reparameterization,0.5,0.5,0.023546213314975254,0.023546213418521266,1.0354601204243252e-10,0.00587635690654326,0.02350542762617304,12,v6_F0300_k06025__v6_F0280_k05800,independent
smoothstep_reparameterization,0.6,0.648,0.024061076187877173,0.024061076305244962,1.1736778909865464e-10,0.005361494019819566,0.02350542762617304,12,v6_F0300_k06025__v6_F0280_k05800,independent
smoothstep_reparameterization,0.7,0.7839999999999999,0.025442067059069,0.025442067189137878,1.300688792782445e-10,0.003980503135926648,0.02350542762617304,12,v6_F0300_k06025__v6_F0280_k05800,independent
smoothstep_reparameterization,0.8,0.8960000000000001,0.02723224041661862,0.02723224055714722,1.4052859917401683e-10,0.002190329767917306,0.02350542762617304,12,v6_F0300_k06025__v6_F0280_k05800,independent
smoothstep_reparameterization,0.9,0.972,0.028782846459164332,0.0287828466067906,1.4762626884823327e-10,0.000639723718273926,0.02350542762617304,12,v6_F0300_k06025__v6_F0280_k05800,independent
identity,0.1,0.1,0.02710854490857558,0.027108544955443757,4.6868176006853446e-11,0.001597852668286798,0.017753918536519975,13,v6_F0300_k06050__v6_F0280_k05825,maximal_same_ic
identity,0.2,0.2,0.025865770612548133,0.02586577065788736,4.533922542959701e-11,0.0028406269658431964,0.017753918536519975,13,v6_F0300_k06050__v6_F0280_k05825,maximal_same_ic
identity,0.3,0.3,0.02497807468725107,0.02497807473106136,4.381028873012838e-11,0.0037283228926691947,0.017753918536519975,13,v6_F0300_k06050__v6_F0280_k05825,maximal_same_ic
identity,0.4,0.4,0.024445457132684423,0.02444545717496576,4.228133815287194e-11,0.004260940448764794,0.017753918536519975,13,v6_F0300_k06050__v6_F0280_k05825,maximal_same_ic
identity,0.5,0.5,0.024267917948848174,0.02426791798960056,4.07523875756155e-11,0.004438479634129994,0.017753918536519975,13,v6_F0300_k06050__v6_F0280_k05825,maximal_same_ic
identity,0.6,0.6,0.02444545713574232,0.02444545717496576,3.9223440467806014e-11,0.004260940448764794,0.017753918536519975,13,v6_F0300_k06050__v6_F0280_k05825,maximal_same_ic
identity,0.7,0.7,0.024978074693366867,0.02497807473106136,3.769449335999653e-11,0.003728322892669195,0.017753918536519975,13,v6_F0300_k06050__v6_F0280_k05825,maximal_same_ic
identity,0.8,0.8,0.025865770621721816,0.02586577065788736,3.616554278274009e-11,0.0028406269658431955,0.017753918536519975,13,v6_F0300_k06050__v6_F0280_k05825,maximal_same_ic
identity,0.9,0.9,0.027108544920807158,0.027108544955443757,3.4636599144377556e-11,0.0015978526682867975,0.017753918536519975,13,v6_F0300_k06050__v6_F0280_k05825,maximal_same_ic
smoothstep_reparameterization,0.1,0.028000000000000004,0.028223206928871605,0.028223206976840626,4.796902111636747e-11,0.0004831906468899277,0.017753918536519975,13,v6_F0300_k06050__v6_F0280_k05825,maximal_same_ic
smoothstep_reparameterization,0.2,0.10400000000000002,0.027052016432016462,0.02705201647882348,4.680701659598441e-11,0.0016543811449070776,0.017753918536519975,13,v6_F0300_k06050__v6_F0280_k05825,maximal_same_ic
smoothstep_reparameterization,0.3,0.216,0.025699877997987515,0.025699878043082117,4.509460166390866e-11,0.0030065195806484387,0.017753918536519975,13,v6_F0300_k06050__v6_F0280_k05825,maximal_same_ic
smoothstep_reparameterization,0.4,0.3520000000000001,0.02465679977820926,0.024656799821224495,4.301523373606564e-11,0.00404959780250606,0.017753918536519975,13,v6_F0300_k06050__v6_F0280_k05825,maximal_same_ic
smoothstep_reparameterization,0.5,0.5,0.024267917948848174,0.02426791798960056,4.07523875756155e-11,0.004438479634129994,0.017753918536519975,13,v6_F0300_k06050__v6_F0280_k05825,maximal_same_ic
smoothstep_reparameterization,0.6,0.648,0.024656799782734946,0.024656799821224495,3.8489548354059266e-11,0.00404959780250606,0.017753918536519975,13,v6_F0300_k06050__v6_F0280_k05825,maximal_same_ic
smoothstep_reparameterization,0.7,0.7839999999999999,0.025699878006671936,0.025699878043082117,3.641018042621624e-11,0.0030065195806484395,0.017753918536519975,13,v6_F0300_k06050__v6_F0280_k05825,maximal_same_ic
smoothstep_reparameterization,0.8,0.8960000000000001,0.02705201644412572,0.02705201647882348,3.4697758555246594e-11,0.0016543811449070754,0.017753918536519975,13,v6_F0300_k06050__v6_F0280_k05825,maximal_same_ic
smoothstep_reparameterization,0.9,0.972,0.028223206943304872,0.028223206976840626,3.353575403486353e-11,0.00048319064688992806,0.017753918536519975,13,v6_F0300_k06050__v6_F0280_k05825,maximal_same_ic
identity,0.1,0.1,0.027622416884203173,0.02762241693107135,4.6868176006853446e-11,0.0010839806926592078,0.01204422991843564,13,v6_F0300_k06050__v6_F0280_k05825,geometric_l2_ot
identity,0.2,0.2,0.02677932079144163,0.026779320836780852,4.5339221960150056e-11,0.0019270767869497029,0.01204422991843564,13,v6_F0300_k06050__v6_F0280_k05825,geometric_l2_ot
identity,0.3,0.3,0.02617710929704879,0.02617710934085907,4.3810281791234473e-11,0.0025292882828714842,0.01204422991843564,13,v6_F0300_k06050__v6_F0280_k05825,geometric_l2_ot
identity,0.4,0.4,0.025815782401024667,0.025815782443306002,4.228133468342499e-11,0.0028906151804245534,0.01204422991843564,13,v6_F0300_k06050__v6_F0280_k05825,geometric_l2_ot
identity,0.5,0.5,0.02569534010336926,0.025695340144121646,4.075238410616855e-11,0.00301105747960891,0.01204422991843564,13,v6_F0300_k06050__v6_F0280_k05825,geometric_l2_ot
identity,0.6,0.6,0.025815782404082565,0.025815782443306002,3.922343699835906e-11,0.0028906151804245534,0.01204422991843564,13,v6_F0300_k06050__v6_F0280_k05825,geometric_l2_ot
identity,0.7,0.7,0.02617710930316458,0.02617710934085907,3.7694489890549576e-11,0.0025292882828714847,0.01204422991843564,13,v6_F0300_k06050__v6_F0280_k05825,geometric_l2_ot
identity,0.8,0.8,0.026779320800615312,0.026779320836780852,3.616553931329314e-11,0.001927076786949702,0.01204422991843564,13,v6_F0300_k06050__v6_F0280_k05825,geometric_l2_ot
identity,0.9,0.9,0.027622416896434753,0.02762241693107135,3.4636595674930604e-11,0.0010839806926592073,0.01204422991843564,13,v6_F0300_k06050__v6_F0280_k05825,geometric_l2_ot
smoothstep_reparameterization,0.1,0.028000000000000004,0.028378601814301394,0.02837860186227041,4.796901764692052e-11,0.0003277957614601444,0.01204422991843564,13,v6_F0300_k06050__v6_F0280_k05825,geometric_l2_ot
smoothstep_reparameterization,0.2,0.10400000000000002,0.027584068056204034,0.027584068103011047,4.6807013126537456e-11,0.0011223295207195068,0.01204422991843564,13,v6_F0300_k06050__v6_F0280_k05825,geometric_l2_ot
smoothstep_reparameterization,0.3,0.216,0.026666779507328396,0.02666677955242299,4.509459472501476e-11,0.002039618071307565,0.01204422991843564,13,v6_F0300_k06050__v6_F0280_k05825,geometric_l2_ot
smoothstep_reparameterization,0.4,0.3520000000000001,0.025959156913239828,0.02595915695625506,4.301523026661869e-11,0.002747240667475496,0.01204422991843564,13,v6_F0300_k06050__v6_F0280_k05825,geometric_l2_ot
smoothstep_reparameterization,0.5,0.5,0.02569534010336926,0.025695340144121646,4.075238410616855e-11,0.00301105747960891,0.01204422991843564,13,v6_F0300_k06050__v6_F0280_k05825,geometric_l2_ot
smoothstep_reparameterization,0.6,0.648,0.025959156917765513,0.02595915695625506,3.8489544884612314e-11,0.0027472406674754956,0.01204422991843564,13,v6_F0300_k06050__v6_F0280_k05825,geometric_l2_ot
smoothstep_reparameterization,0.7,0.7839999999999999,0.026666779516012817,0.02666677955242299,3.641017348732234e-11,0.0020396180713075657,0.01204422991843564,13,v6_F0300_k06050__v6_F0280_k05825,geometric_l2_ot
smoothstep_reparameterization,0.8,0.8960000000000001,0.027584068068313296,0.02758406810301105,3.469775508579964e-11,0.0011223295207195053,0.01204422991843564,13,v6_F0300_k06050__v6_F0280_k05825,geometric_l2_ot
smoothstep_reparameterization,0.9,0.972,0.028378601828734657,0.02837860186227041,3.353575403486353e-11,0.0003277957614601447,0.01204422991843564,13,v6_F0300_k06050__v6_F0280_k05825,geometric_l2_ot
identity,0.1,0.1,0.026550683932524948,0.02655068397939312,4.6868172537406494e-11,0.0021557136443374333,0.023952373825971478,13,v6_F0300_k06050__v6_F0280_k05825,independent
identity,0.2,0.2,0.024874017766235896,0.024874017811575118,4.5339221960150056e-11,0.003832379812155437,0.023952373825971478,13,v6_F0300_k06050__v6_F0280_k05825,independent
identity,0.3,0.3,0.02367639907646626,0.023676399120276546,4.3810285260681425e-11,0.00502999850345401,0.023952373825971478,13,v6_F0300_k06050__v6_F0280_k05825,independent
identity,0.4,0.4,0.022957827863216068,0.0229578279054974,4.2281331213978035e-11,0.005748569718233155,0.023952373825971478,13,v6_F0300_k06050__v6_F0280_k05825,independent
identity,0.5,0.5,0.022718304126485303,0.022718304167237684,4.07523806367216e-11,0.0059880934564928694,0.023952373825971478,13,v6_F0300_k06050__v6_F0280_k05825,independent
identity,0.6,0.6,0.022957827866273962,0.0229578279054974,3.922343699835906e-11,0.005748569718233155,0.023952373825971478,13,v6_F0300_k06050__v6_F0280_k05825,independent
identity,0.7,0.7,0.023676399082582053,0.023676399120276543,3.7694489890549576e-11,0.005029998503454011,0.023952373825971478,13,v6_F0300_k06050__v6_F0280_k05825,independent
identity,0.8,0.8,0.02487401777540958,0.024874017811575118,3.616553931329314e-11,0.0038323798121554357,0.023952373825971478,13,v6_F0300_k06050__v6_F0280_k05825,independent
identity,0.9,0.9,0.02655068394475653,0.02655068397939312,3.463659220548365e-11,0.0021557136443374324,0.023952373825971478,13,v6_F0300_k06050__v6_F0280_k05825,independent
smoothstep_reparameterization,0.1,0.028000000000000004,0.028054509769713895,0.028054509817682916,4.796902111636747e-11,0.0006518878060476398,0.023952373825971478,13,v6_F0300_k06050__v6_F0280_k05825,independent
smoothstep_reparameterization,0.2,0.10400000000000002,0.026474419574324216,0.02647441962113123,4.6807013126537456e-11,0.0022319780025993265,0.023952373825971478,13,v6_F0300_k06050__v6_F0280_k05825,independent
smoothstep_reparameterization,0.3,0.216,0.02465020678545065,0.02465020683054524,4.5094591255567806e-11,0.004056190793185314,0.023952373825971478,13,v6_F0300_k06050__v6_F0280_k05825,independent
smoothstep_reparameterization,0.4,0.3520000000000001,0.023242956920506538,0.023242956963521764,4.3015226797171735e-11,0.00546344066020879,0.023952373825971478,13,v6_F0300_k06050__v6_F0280_k05825,independent
smoothstep_reparameterization,0.5,0.5,0.022718304126485303,0.022718304167237684,4.07523806367216e-11,0.0059880934564928694,0.023952373825971478,13,v6_F0300_k06050__v6_F0280_k05825,independent
smoothstep_reparameterization,0.6,0.648,0.023242956925032223,0.023242956963521764,3.848954141516536e-11,0.00546344066020879,0.023952373825971478,13,v6_F0300_k06050__v6_F0280_k05825,independent
smoothstep_reparameterization,0.7,0.7839999999999999,0.024650206794135064,0.024650206830545238,3.641017348732234e-11,0.0040561907931853155,0.023952373825971478,13,v6_F0300_k06050__v6_F0280_k05825,independent
smoothstep_reparameterization,0.8,0.8960000000000001,0.026474419586433477,0.026474419621131232,3.469775508579964e-11,0.0022319780025993234,0.023952373825971478,13,v6_F0300_k06050__v6_F0280_k05825,independent
smoothstep_reparameterization,0.9,0.972,0.028054509784147162,0.028054509817682916,3.353575403486353e-11,0.0006518878060476403,0.023952373825971478,13,v6_F0300_k06050__v6_F0280_k05825,independent
identity,0.1,0.1,0.028005325462863172,0.028005325514344523,5.148135043264723e-11,0.0014464288815435582,0.016071432017150646,14,v6_F0300_k06025__v6_F0280_k05825,maximal_same_ic
identity,0.2,0.2,0.026880325224028508,0.026880325273143976,4.9115468636617976e-11,0.0025714291227441036,0.016071432017150646,14,v6_F0300_k06025__v6_F0280_k05825,maximal_same_ic
identity,0.3,0.3,0.026076753625536846,0.026076753672286443,4.6749597248929575e-11,0.0033750007236016356,0.016071432017150646,14,v6_F0300_k06025__v6_F0280_k05825,maximal_same_ic
identity,0.4,0.4,0.02559461066738821,0.025594610711771923,4.4383711983453367e-11,0.0038571436841161547,0.016071432017150646,14,v6_F0300_k06025__v6_F0280_k05825,maximal_same_ic
identity,0.5,0.5,0.025433896349582583,0.025433896391600416,4.201783365687106e-11,0.004017858004287661,0.016071432017150646,14,v6_F0300_k06025__v6_F0280_k05825,maximal_same_ic
identity,0.6,0.6,0.025594610672119968,0.025594610711771923,3.965195533028876e-11,0.0038571436841161547,0.016071432017150646,14,v6_F0300_k06025__v6_F0280_k05825,maximal_same_ic
identity,0.7,0.7,0.026076753635000366,0.026076753672286443,3.728607700370645e-11,0.003375000723601636,0.016071432017150646,14,v6_F0300_k06025__v6_F0280_k05825,maximal_same_ic
identity,0.8,0.8,0.02688032523822378,0.026880325273143976,3.4920195207677196e-11,0.0025714291227441027,0.016071432017150646,14,v6_F0300_k06025__v6_F0280_k05825,maximal_same_ic
identity,0.9,0.9,0.028005325481790203,0.028005325514344523,3.2554320350541843e-11,0.0014464288815435578,0.016071432017150646,14,v6_F0300_k06025__v6_F0280_k05825,maximal_same_ic
smoothstep_reparameterization,0.1,0.028000000000000004,0.029014354248924523,0.02901435430210931,5.318478643601132e-11,0.000437400093778772,0.016071432017150646,14,v6_F0300_k06025__v6_F0280_k05825,maximal_same_ic
smoothstep_reparameterization,0.2,0.10400000000000002,0.0279541540234152,0.027954154074801913,5.1386714328138794e-11,0.001497600321086166,0.016071432017150646,14,v6_F0300_k06025__v6_F0280_k05825,maximal_same_ic
smoothstep_reparameterization,0.3,0.216,0.02673015376363879,0.026730153812375722,4.8736931157478125e-11,0.002721600583512359,0.016071432017150646,14,v6_F0300_k06025__v6_F0280_k05825,maximal_same_ic
smoothstep_reparameterization,0.4,0.3520000000000001,0.025785924992984748,0.025785925038504087,4.551933829866073e-11,0.003665829357383994,0.016071432017150646,14,v6_F0300_k06025__v6_F0280_k05825,maximal_same_ic
smoothstep_reparameterization,0.5,0.5,0.025433896349582583,0.025433896391600416,4.201783365687106e-11,0.004017858004287661,0.016071432017150646,14,v6_F0300_k06025__v6_F0280_k05825,maximal_same_ic
smoothstep_reparameterization,0.6,0.648,0.02578592499998775,0.025785925038504087,3.85163359539753e-11,0.0036658293573839937,0.016071432017150646,14,v6_F0300_k06025__v6_F0280_k05825,maximal_same_ic
smoothstep_reparameterization,0.7,0.7839999999999999,0.026730153777076982,0.02673015381237572,3.5298736156264e-11,0.0027216005835123598,0.016071432017150646,14,v6_F0300_k06025__v6_F0280_k05825,maximal_same_ic
smoothstep_reparameterization,0.8,0.8960000000000001,0.02795415404215296,0.027954154074801917,3.264895645505028e-11,0.001497600321086164,0.016071432017150646,14,v6_F0300_k06025__v6_F0280_k05825,maximal_same_ic
smoothstep_reparameterization,0.9,0.972,0.029014354271258425,0.029014354302109305,3.08508808777308e-11,0.00043740009377877235,0.016071432017150646,14,v6_F0300_k06025__v6_F0280_k05825,maximal_same_ic
identity,0.1,0.1,0.028438084797902177,0.02843808484938352,5.148134349375333e-11,0.0010136695465045584,0.01126299496116176,14,v6_F0300_k06025__v6_F0280_k05825,geometric_l2_ot
identity,0.2,0.2,0.02764967515298674,0.027649675202102198,4.911545822827712e-11,0.001802079193785882,0.01126299496116176,14,v6_F0300_k06025__v6_F0280_k05825,geometric_l2_ot
identity,0.3,0.3,0.027086525407294518,0.027086525454044108,4.674959031003567e-11,0.0023652289418439696,0.01126299496116176,14,v6_F0300_k06025__v6_F0280_k05825,geometric_l2_ot
identity,0.4,0.4,0.02674863556082555,0.026748635605209257,4.4383708514006415e-11,0.0027031187906788223,0.01126299496116176,14,v6_F0300_k06025__v6_F0280_k05825,geometric_l2_ot
identity,0.5,0.5,0.02663600561357981,0.02663600565559764,4.201783018742411e-11,0.00281574874029044,0.01126299496116176,14,v6_F0300_k06025__v6_F0280_k05825,geometric_l2_ot
identity,0.6,0.6,0.02674863556555731,0.026748635605209257,3.9651948391394853e-11,0.0027031187906788223,0.01126299496116176,14,v6_F0300_k06025__v6_F0280_k05825,geometric_l2_ot
identity,0.7,0.7,0.027086525416758038,0.027086525454044108,3.728607006481255e-11,0.0023652289418439696,0.01126299496116176,14,v6_F0300_k06025__v6_F0280_k05825,geometric_l2_ot
identity,0.8,0.8,0.02764967516718201,0.027649675202102198,3.492018826878329e-11,0.0018020791937858813,0.01126299496116176,14,v6_F0300_k06025__v6_F0280_k05825,geometric_l2_ot
identity,0.9,0.9,0.02843808481682921,0.02843808484938352,3.255430994220099e-11,0.0010136695465045582,0.01126299496116176,14,v6_F0300_k06025__v6_F0280_k05825,geometric_l2_ot
smoothstep_reparameterization,0.1,0.028000000000000004,0.029145220671840322,0.029145220725025102,5.318477949711742e-11,0.0003065336708629785,0.01126299496116176,14,v6_F0300_k06025__v6_F0280_k05825,geometric_l2_ot
smoothstep_reparameterization,0.2,0.10400000000000002,0.028402223422040476,0.028402223473427184,5.138670738924489e-11,0.0010495309224608975,0.01126299496116176,14,v6_F0300_k06025__v6_F0280_k05825,geometric_l2_ot
smoothstep_reparameterization,0.3,0.216,0.02754443372844818,0.0275444337771851,4.873692074913727e-11,0.001907320618702977,0.01126299496116176,14,v6_F0300_k06025__v6_F0280_k05825,geometric_l2_ot
smoothstep_reparameterization,0.4,0.3520000000000001,0.026882710251707596,0.026882710297226928,4.5519331359766824e-11,0.002569044098661153,0.01126299496116176,14,v6_F0300_k06025__v6_F0280_k05825,geometric_l2_ot
smoothstep_reparameterization,0.5,0.5,0.02663600561357981,0.02663600565559764,4.201783018742411e-11,0.00281574874029044,0.01126299496116176,14,v6_F0300_k06025__v6_F0280_k05825,geometric_l2_ot
smoothstep_reparameterization,0.6,0.648,0.0268827102587106,0.026882710297226928,3.8516329015081396e-11,0.0025690440986611525,0.01126299496116176,14,v6_F0300_k06025__v6_F0280_k05825,geometric_l2_ot
smoothstep_reparameterization,0.7,0.7839999999999999,0.027544433741886372,0.0275444337771851,3.5298729217370095e-11,0.0019073206187029776,0.01126299496116176,14,v6_F0300_k06025__v6_F0280_k05825,geometric_l2_ot
smoothstep_reparameterization,0.8,0.8960000000000001,0.028402223440778234,0.028402223473427184,3.264894951615638e-11,0.0010495309224608962,0.01126299496116176,14,v6_F0300_k06025__v6_F0280_k05825,geometric_l2_ot
smoothstep_reparameterization,0.9,0.972,0.029145220694174225,0.029145220725025102,3.085087740828385e-11,0.0003065336708629787,0.01126299496116176,14,v6_F0300_k06025__v6_F0280_k05825,geometric_l2_ot
identity,0.1,0.1,0.0273379985067143,0.02733799855819564,5.148134002430638e-11,0.0021137558376924373,0.02348617597436041,14,v6_F0300_k06025__v6_F0280_k05825,independent
identity,0.2,0.2,0.025693966190874957,0.02569396623999041,4.911545475883017e-11,0.0037577881558976665,0.02348617597436041,14,v6_F0300_k06025__v6_F0280_k05825,independent
identity,0.3,0.3,0.024519657394522807,0.024519657441272394,4.674958684058872e-11,0.0049320969546156855,0.02348617597436041,14,v6_F0300_k06025__v6_F0280_k05825,independent
identity,0.4,0.4,0.02381507211765788,0.02381507216204158,4.438370157511251e-11,0.005636682233846498,0.02348617597436041,14,v6_F0300_k06025__v6_F0280_k05825,independent
identity,0.5,0.5,0.023580210360280154,0.023580210402297977,4.2017823248530206e-11,0.0058715439935901025,0.02348617597436041,14,v6_F0300_k06025__v6_F0280_k05825,independent
identity,0.6,0.6,0.023815072122389633,0.02381507216204158,3.9651948391394853e-11,0.005636682233846498,0.02348617597436041,14,v6_F0300_k06025__v6_F0280_k05825,independent
identity,0.7,0.7,0.024519657403986324,0.024519657441272394,3.728607006481255e-11,0.004932096954615686,0.02348617597436041,14,v6_F0300_k06025__v6_F0280_k05825,independent
identity,0.8,0.8,0.025693966205070227,0.025693966239990415,3.492018826878329e-11,0.003757788155897665,0.02348617597436041,14,v6_F0300_k06025__v6_F0280_k05825,independent
identity,0.9,0.9,0.027337998525641335,0.027337998558195645,3.255430994220099e-11,0.0021137558376924364,0.02348617597436041,14,v6_F0300_k06025__v6_F0280_k05825,independent
smoothstep_reparameterization,0.1,0.028000000000000004,0.02881255457738511,0.028812554630569885,5.3184776027670466e-11,0.0006391997653181931,0.02348617597436041,14,v6_F0300_k06025__v6_F0280_k05825,independent
smoothstep_reparameterization,0.2,0.10400000000000002,0.027263218522506575,0.02726321857389328,5.138670391979794e-11,0.002188535821994801,0.02348617597436041,14,v6_F0300_k06025__v6_F0280_k05825,independent
smoothstep_reparameterization,0.3,0.216,0.025474511362949072,0.02547451141168599,4.873691727969032e-11,0.003977242984202089,0.02348617597436041,14,v6_F0300_k06025__v6_F0280_k05825,independent
smoothstep_reparameterization,0.4,0.3520000000000001,0.02409465155532104,0.024094651600840365,4.551932442087292e-11,0.005357102795047712,0.02348617597436041,14,v6_F0300_k06025__v6_F0280_k05825,independent
smoothstep_reparameterization,0.5,0.5,0.023580210360280154,0.023580210402297977,4.2017823248530206e-11,0.0058715439935901025,0.02348617597436041,14,v6_F0300_k06025__v6_F0280_k05825,independent
smoothstep_reparameterization,0.6,0.648,0.024094651562324043,0.02409465160084037,3.8516325545634444e-11,0.0053571027950477116,0.02348617597436041,14,v6_F0300_k06025__v6_F0280_k05825,independent
smoothstep_reparameterization,0.7,0.7839999999999999,0.02547451137638726,0.02547451141168599,3.5298729217370095e-11,0.00397724298420209,0.02348617597436041,14,v6_F0300_k06025__v6_F0280_k05825,independent
smoothstep_reparameterization,0.8,0.8960000000000001,0.027263218541244336,0.027263218573893282,3.2648946046709426e-11,0.002188535821994798,0.02348617597436041,14,v6_F0300_k06025__v6_F0280_k05825,independent
smoothstep_reparameterization,0.9,0.972,0.028812554599719008,0.028812554630569885,3.085087740828385e-11,0.0006391997653181935,0.02348617597436041,14,v6_F0300_k06025__v6_F0280_k05825,independent
