candidate_rank,pair_id,observation_dimension,coupling,schedule_amplitude,mean_squared_endpoint_displacement,endpoint_displacement_rms,maximum_coupling_marginal_residual,all_time_target_hull_feasible,feasible_time_count,all_time_calibrations_converged,minimum_interior_ess_fraction,maximum_interior_standardized_residual,mean_projection_kl_distortion,maximum_lambda_norm,nontrivial_hidden_shift_time_count,all_time_physical_range_gate_pass,phase3a_gate_pass,rejection_reasons,calibration_solver_warning_time_count,all_time_calibration_residual_gate_pass
1,v6_F0280_k06025__v6_F0280_k05800,2,maximal_same_ic,0.02,0.01811712441460406,0.13459986781049996,8.326672684688674e-17,False,4,False,0.007092949320360738,8.73707772797161e-11,2.701317227273945,40.28578865381403,4,True,False,target_not_in_empirical_hull_at_all_times;minimum_interior_ess;calibration_residual_gate,5,False
1,v6_F0280_k06025__v6_F0280_k05800,2,maximal_same_ic,0.03,0.01811712441460406,0.13459986781049996,8.326672684688674e-17,False,6,False,0.0003854573859148293,1.6444623440747819e-12,3.600611585644518,32.38493552389195,6,True,False,target_not_in_empirical_hull_at_all_times;minimum_interior_ess;calibration_residual_gate,3,False
1,v6_F0280_k06025__v6_F0280_k05800,2,maximal_same_ic,0.04,0.01811712441460406,0.13459986781049996,8.326672684688674e-17,True,9,False,0.0007210834830069105,6.880342962034547e-10,3.521940002925893,37.51708033272169,9,True,False,minimum_interior_ess,1,True
1,v6_F0280_k06025__v6_F0280_k05800,2,maximal_same_ic,0.05,0.01811712441460406,0.13459986781049996,8.326672684688674e-17,True,9,True,0.00442852205097956,6.250377992955691e-11,2.084561062407751,23.493244912547453,9,True,False,minimum_interior_ess,0,True
1,v6_F0280_k06025__v6_F0280_k05800,2,maximal_same_ic,0.06,0.01811712441460406,0.13459986781049996,8.326672684688674e-17,True,9,True,0.0273021517582872,1.865174681370263e-14,0.9924277262134884,18.4272680391051,9,True,False,minimum_interior_ess,0,True
1,v6_F0280_k06025__v6_F0280_k05800,2,maximal_same_ic,0.07,0.01811712441460406,0.13459986781049996,8.326672684688674e-17,True,9,True,0.0658768909328422,3.3573588353874584e-11,0.43981776626301666,15.029928878372681,7,True,False,minimum_interior_ess,0,True
1,v6_F0280_k06025__v6_F0280_k05800,2,maximal_same_ic,0.08,0.01811712441460406,0.13459986781049996,8.326672684688674e-17,True,9,True,0.1206647355809089,9.306333481617912e-12,0.48316300657410455,12.00425784447407,9,True,False,minimum_interior_ess,0,True
1,v6_F0280_k06025__v6_F0280_k05800,2,maximal_same_ic,0.09,0.01811712441460406,0.13459986781049996,8.326672684688674e-17,True,9,True,0.006938153621540915,2.4386048735891563e-11,1.2284572965881102,9.352168094411462,7,True,False,minimum_interior_ess,0,True
1,v6_F0280_k06025__v6_F0280_k05800,2,maximal_same_ic,0.1,0.01811712441460406,0.13459986781049996,8.326672684688674e-17,False,7,False,0.001195566814846773,5.735967256725871e-11,1.6506178921468455,15.17511906604515,7,False,False,target_not_in_empirical_hull_at_all_times;minimum_interior_ess;calibration_residual_gate;hard_field_range_pathology,2,False
1,v6_F0280_k06025__v6_F0280_k05800,2,maximal_same_ic,0.12,0.01811712441460406,0.13459986781049996,8.326672684688674e-17,False,4,False,0.04227145312048786,2.6645352591003757e-15,0.8702819905216708,9.165016298640465,3,False,False,target_not_in_empirical_hull_at_all_times;minimum_interior_ess;calibration_residual_gate;hard_field_range_pathology,5,False
1,v6_F0280_k06025__v6_F0280_k05800,2,maximal_same_ic,0.14,0.01811712441460406,0.13459986781049996,8.326672684688674e-17,False,3,False,0.0064302888879683795,5.413025583322906e-11,1.2616773876260636,7.094495181930233,3,False,False,target_not_in_empirical_hull_at_all_times;minimum_interior_ess;calibration_residual_gate;hard_field_range_pathology,6,False
1,v6_F0280_k06025__v6_F0280_k05800,2,geometric_l2_ot,0.02,0.012922909272873415,0.11367897462975911,2.8189256484623115e-17,True,9,False,0.00098965405769128,3.772271384150372e-10,2.710494240305117,50.149186595980886,9,True,False,minimum_interior_ess,1,True
1,v6_F0280_k06025__v6_F0280_k05800,2,geometric_l2_ot,0.03,0.012922909272873415,0.11367897462975911,2.8189256484623115e-17,True,9,False,0.00960173516110752,4.206226478231656e-09,1.9632392657849627,15.577077787831078,9,True,False,minimum_interior_ess,1,True
1,v6_F0280_k06025__v6_F0280_k05800,2,geometric_l2_ot,0.04,0.012922909272873415,0.11367897462975911,2.8189256484623115e-17,True,9,True,0.0259297921397258,4.78546091642329e-11,1.2672353420120372,11.503892632731755,9,True,False,minimum_interior_ess,0,True
1,v6_F0280_k06025__v6_F0280_k05800,2,geometric_l2_ot,0.05,0.012922909272873415,0.11367897462975911,2.8189256484623115e-17,True,9,True,0.0523171987447616,6.465272761602137e-12,0.6179245423645163,8.398737308471057,9,True,False,minimum_interior_ess,0,True
1,v6_F0280_k06025__v6_F0280_k05800,2,geometric_l2_ot,0.06,0.012922909272873415,0.11367897462975911,2.8189256484623115e-17,True,9,False,0.12748170608563408,2.2191981585706344e-10,0.24129906173526366,6.449980804072513,7,True,False,minimum_interior_ess,1,True
1,v6_F0280_k06025__v6_F0280_k05800,2,geometric_l2_ot,0.07,0.012922909272873415,0.11367897462975911,2.8189256484623115e-17,True,9,True,0.005570592933857046,7.0397021545431926e-12,1.0960326853477447,28.873071395927255,9,True,False,minimum_interior_ess,0,True
1,v6_F0280_k06025__v6_F0280_k05800,2,geometric_l2_ot,0.08,0.012922909272873415,0.11367897462975911,2.8189256484623115e-17,False,6,False,0.009346514274778983,6.616929226765933e-14,0.871608203600442,21.143286264420162,4,True,False,target_not_in_empirical_hull_at_all_times;minimum_interior_ess;calibration_residual_gate,3,False
1,v6_F0280_k06025__v6_F0280_k05800,2,geometric_l2_ot,0.09,0.012922909272873415,0.11367897462975911,2.8189256484623115e-17,False,5,False,0.003935771243673299,3.543965121366455e-11,1.2105286542264129,15.807634326418691,5,True,False,target_not_in_empirical_hull_at_all_times;minimum_interior_ess;calibration_residual_gate,4,False
1,v6_F0280_k06025__v6_F0280_k05800,2,geometric_l2_ot,0.1,0.012922909272873415,0.11367897462975911,2.8189256484623115e-17,False,4,False,0.01398306581560381,1.3562484468820912e-11,0.9548379824296261,19.42126455173004,2,False,False,target_not_in_empirical_hull_at_all_times;minimum_interior_ess;calibration_residual_gate;insufficient_nontrivial_hidden_projection_shift;hard_field_range_pathology,5,False
1,v6_F0280_k06025__v6_F0280_k05800,2,geometric_l2_ot,0.12,0.012922909272873415,0.11367897462975911,2.8189256484623115e-17,False,3,False,0.006838687485944982,5.260364144277219e-09,1.3127512484756623,10.224103597787945,1,False,False,target_not_in_empirical_hull_at_all_times;minimum_interior_ess;calibration_residual_gate;insufficient_nontrivial_hidden_projection_shift;hard_field_range_pathology,7,False
1,v6_F0280_k06025__v6_F0280_k05800,2,geometric_l2_ot,0.14,0.012922909272873415,0.11367897462975911,2.8189256484623115e-17,False,2,False,0.2495889981472392,2.759970030297154e-11,0.45417608078304217,9.535435628296248,2,False,False,target_not_in_empirical_hull_at_all_times;calibration_residual_gate;insufficient_nontrivial_hidden_projection_shift;hard_field_range_pathology,7,False
1,v6_F0280_k06025__v6_F0280_k05800,2,independent,0.02,0.02337443564611883,0.15288700286851997,9.71445146547012e-17,False,6,False,0.0007369661659317848,3.3728575488112256e-13,3.7032516485766624,12.516701099182496,6,True,False,target_not_in_empirical_hull_at_all_times;minimum_interior_ess;calibration_residual_gate,3,False
1,v6_F0280_k06025__v6_F0280_k05800,2,independent,0.03,0.02337443564611883,0.15288700286851997,9.71445146547012e-17,False,7,False,0.0005265237334882626,1.6750378861729587e-11,3.8566780608130697,16.963417269737715,7,True,False,target_not_in_empirical_hull_at_all_times;minimum_interior_ess;calibration_residual_gate,2,False
1,v6_F0280_k06025__v6_F0280_k05800,2,independent,0.04,0.02337443564611883,0.15288700286851997,9.71445146547012e-17,True,9,True,0.0008153639110106822,9.342082663010842e-11,3.8585823178606,18.86971556305042,9,True,False,minimum_interior_ess,0,True
1,v6_F0280_k06025__v6_F0280_k05800,2,independent,0.05,0.02337443564611883,0.15288700286851997,9.71445146547012e-17,True,9,True,0.0022142695186613834,6.286726694781919e-11,2.835100578538003,12.518489047188902,9,True,False,minimum_interior_ess,0,True
1,v6_F0280_k06025__v6_F0280_k05800,2,independent,0.06,0.02337443564611883,0.15288700286851997,9.71445146547012e-17,True,9,True,0.0039598442780385485,1.386335490849433e-11,1.8482198086114054,10.13135284486827,9,True,False,minimum_interior_ess,0,True
1,v6_F0280_k06025__v6_F0280_k05800,2,independent,0.07,0.02337443564611883,0.15288700286851997,9.71445146547012e-17,True,9,True,0.009162192515617805,7.435585480664031e-11,1.00223498911355,8.991126596102092,9,True,False,minimum_interior_ess,0,True
1,v6_F0280_k06025__v6_F0280_k05800,2,independent,0.08,0.02337443564611883,0.15288700286851997,9.71445146547012e-17,True,9,True,0.014651134407800647,1.9888091173925204e-11,0.5222405767899274,8.173755762026852,9,True,False,minimum_interior_ess,0,True
1,v6_F0280_k06025__v6_F0280_k05800,2,independent,0.09,0.02337443564611883,0.15288700286851997,9.71445146547012e-17,True,9,True,0.021660607342520434,1.588951192843524e-12,0.796773837014282,8.881281113820062,9,True,False,minimum_interior_ess,0,True
1,v6_F0280_k06025__v6_F0280_k05800,2,independent,0.1,0.02337443564611883,0.15288700286851997,9.71445146547012e-17,False,8,False,0.0015248311348195678,4.333817305024468e-09,1.853112205500309,26.942612852783636,8,True,False,target_not_in_empirical_hull_at_all_times;minimum_interior_ess;calibration_residual_gate,2,False
1,v6_F0280_k06025__v6_F0280_k05800,2,independent,0.12,0.02337443564611883,0.15288700286851997,9.71445146547012e-17,False,4,False,0.16213318416668837,1.7711165867240197e-11,0.5499328407414472,6.198062317782165,4,False,False,target_not_in_empirical_hull_at_all_times;calibration_residual_gate;hard_field_range_pathology,5,False
1,v6_F0280_k06025__v6_F0280_k05800,2,independent,0.14,0.02337443564611883,0.15288700286851997,9.71445146547012e-17,False,4,False,0.000993058356153041,1.3631762385557522e-11,2.212674275346619,22.55245094738185,2,False,False,target_not_in_empirical_hull_at_all_times;minimum_interior_ess;calibration_residual_gate;insufficient_nontrivial_hidden_projection_shift;hard_field_range_pathology,5,False
2,v6_F0300_k06100__v6_F0280_k05800,2,maximal_same_ic,0.02,0.020083915753288335,0.1417177326705742,5.551115123125783e-17,False,4,False,0.0018654494906534002,2.886579864025407e-15,2.4686300649698203,17.67779702690783,4,True,False,target_not_in_empirical_hull_at_all_times;minimum_interior_ess;calibration_residual_gate,5,False
2,v6_F0300_k06100__v6_F0280_k05800,2,maximal_same_ic,0.03,0.020083915753288335,0.1417177326705742,5.551115123125783e-17,False,5,False,0.0006487888763989018,2.690536682337097e-11,2.8524148490884373,28.175471403369137,5,True,False,target_not_in_empirical_hull_at_all_times;minimum_interior_ess;calibration_residual_gate,4,False
2,v6_F0300_k06100__v6_F0280_k05800,2,maximal_same_ic,0.04,0.020083915753288335,0.1417177326705742,5.551115123125783e-17,False,7,False,0.0013523483712085207,5.852294204800046e-10,2.902975979031712,39.541535820882196,7,True,False,target_not_in_empirical_hull_at_all_times;minimum_interior_ess;calibration_residual_gate,3,False
2,v6_F0300_k06100__v6_F0280_k05800,2,maximal_same_ic,0.05,0.020083915753288335,0.1417177326705742,5.551115123125783e-17,False,8,False,0.0019300541999871974,9.285299196193364e-10,2.1421227334175628,36.600677518820575,8,True,False,target_not_in_empirical_hull_at_all_times;minimum_interior_ess;calibration_residual_gate,2,False
2,v6_F0300_k06100__v6_F0280_k05800,2,maximal_same_ic,0.06,0.020083915753288335,0.1417177326705742,5.551115123125783e-17,False,8,False,0.009464313438407632,3.642960599847811e-09,1.0664201850563606,19.012340929396956,8,True,False,target_not_in_empirical_hull_at_all_times;minimum_interior_ess;calibration_residual_gate,2,False
2,v6_F0300_k06100__v6_F0280_k05800,2,maximal_same_ic,0.07,0.020083915753288335,0.1417177326705742,5.551115123125783e-17,True,9,False,0.0038801702674434307,3.241596324699003e-09,0.8443611879683549,52.49518049047228,8,True,False,minimum_interior_ess,2,True
2,v6_F0300_k06100__v6_F0280_k05800,2,maximal_same_ic,0.08,0.020083915753288335,0.1417177326705742,5.551115123125783e-17,True,9,False,0.0169496724041276,3.4734917164769286e-09,0.5800318654486595,31.285873143762753,7,True,False,minimum_interior_ess,1,True
2,v6_F0300_k06100__v6_F0280_k05800,2,maximal_same_ic,0.09,0.020083915753288335,0.1417177326705742,5.551115123125783e-17,True,9,False,0.00328704446634283,1.1615330919312328e-10,1.3273895576092098,20.814211572547798,9,True,False,minimum_interior_ess,1,True
2,v6_F0300_k06100__v6_F0280_k05800,2,maximal_same_ic,0.1,0.020083915753288335,0.1417177326705742,5.551115123125783e-17,False,6,False,0.018163704773039004,4.496840677603586e-09,0.97976289961019,14.466291569454189,6,True,False,target_not_in_empirical_hull_at_all_times;minimum_interior_ess;calibration_residual_gate,4,False
2,v6_F0300_k06100__v6_F0280_k05800,2,maximal_same_ic,0.12,0.020083915753288335,0.1417177326705742,5.551115123125783e-17,False,4,False,0.03004248086686947,1.0206724354588914e-11,0.8436916072442844,9.627943720262929,4,False,False,target_not_in_empirical_hull_at_all_times;minimum_interior_ess;calibration_residual_gate;hard_field_range_pathology,5,False
2,v6_F0300_k06100__v6_F0280_k05800,2,maximal_same_ic,0.14,0.020083915753288335,0.1417177326705742,5.551115123125783e-17,False,3,False,0.00034562075856909934,1.2673417870701087e-11,2.4253926927375447,21.129753762800046,1,False,False,target_not_in_empirical_hull_at_all_times;minimum_interior_ess;calibration_residual_gate;insufficient_nontrivial_hidden_projection_shift;hard_field_range_pathology,6,False
2,v6_F0300_k06100__v6_F0280_k05800,2,geometric_l2_ot,0.02,0.013645873917294552,0.11681555511700722,6.375108774214766e-17,False,4,False,0.015778664001114426,1.3322676295501878e-14,1.3898116770313143,24.483598792274467,4,True,False,target_not_in_empirical_hull_at_all_times;minimum_interior_ess;calibration_residual_gate,5,False
2,v6_F0300_k06100__v6_F0280_k05800,2,geometric_l2_ot,0.03,0.013645873917294552,0.11681555511700722,6.375108774214766e-17,False,5,False,0.007047923721259977,4.4853010194856324e-13,1.6444957199537857,43.4735021531709,5,True,False,target_not_in_empirical_hull_at_all_times;minimum_interior_ess;calibration_residual_gate,4,False
2,v6_F0300_k06100__v6_F0280_k05800,2,geometric_l2_ot,0.04,0.013645873917294552,0.11681555511700722,6.375108774214766e-17,False,7,False,0.006603852549857503,2.4831008138548327e-08,1.5807880667745642,31.37280585510756,7,True,False,target_not_in_empirical_hull_at_all_times;minimum_interior_ess;calibration_residual_gate,3,False
2,v6_F0300_k06100__v6_F0280_k05800,2,geometric_l2_ot,0.05,0.013645873917294552,0.11681555511700722,6.375108774214766e-17,False,8,False,0.008180788400454742,1.104973446075519e-09,1.0196880112524476,36.148032972510805,8,True,False,target_not_in_empirical_hull_at_all_times;minimum_interior_ess;calibration_residual_gate,2,False
2,v6_F0300_k06100__v6_F0280_k05800,2,geometric_l2_ot,0.06,0.013645873917294552,0.11681555511700722,6.375108774214766e-17,True,9,False,0.0035535821547559767,7.889050079867843e-09,0.8052015151418684,89.25862418944695,7,True,False,minimum_interior_ess,1,True
2,v6_F0300_k06100__v6_F0280_k05800,2,geometric_l2_ot,0.07,0.013645873917294552,0.11681555511700722,6.375108774214766e-17,True,9,False,0.020100226714227978,5.809554837199471e-09,0.935104932476473,44.775458309760545,9,True,False,minimum_interior_ess,1,True
2,v6_F0300_k06100__v6_F0280_k05800,2,geometric_l2_ot,0.08,0.013645873917294552,0.11681555511700722,6.375108774214766e-17,False,7,False,0.00042791400410139777,2.1546196160571185e-08,1.7732042058050281,61.91696514199945,5,True,False,target_not_in_empirical_hull_at_all_times;minimum_interior_ess;calibration_residual_gate,4,False
2,v6_F0300_k06100__v6_F0280_k05800,2,geometric_l2_ot,0.09,0.013645873917294552,0.11681555511700722,6.375108774214766e-17,False,5,False,0.0018901746345737767,5.156319815569077e-11,1.2019821075747625,17.736390800585465,5,True,False,target_not_in_empirical_hull_at_all_times;minimum_interior_ess;calibration_residual_gate,4,False
2,v6_F0300_k06100__v6_F0280_k05800,2,geometric_l2_ot,0.1,0.013645873917294552,0.11681555511700722,6.375108774214766e-17,False,4,False,0.011386854343366774,1.6358026044827056e-12,0.9551573759285831,24.171355387384867,2,False,False,target_not_in_empirical_hull_at_all_times;minimum_interior_ess;calibration_residual_gate;insufficient_nontrivial_hidden_projection_shift;hard_field_range_pathology,5,False
2,v6_F0300_k06100__v6_F0280_k05800,2,geometric_l2_ot,0.12,0.013645873917294552,0.11681555511700722,6.375108774214766e-17,False,3,False,0.002987020058115616,2.177503066747022e-09,1.2928992770029566,11.334295253388746,1,False,False,target_not_in_empirical_hull_at_all_times;minimum_interior_ess;calibration_residual_gate;insufficient_nontrivial_hidden_projection_shift;hard_field_range_pathology,7,False
2,v6_F0300_k06100__v6_F0280_k05800,2,geometric_l2_ot,0.14,0.013645873917294552,0.11681555511700722,6.375108774214766e-17,False,2,False,0.14124450756240775,1.6257661883400942e-11,0.5545446179452821,15.939939024303575,2,False,False,target_not_in_empirical_hull_at_all_times;minimum_interior_ess;calibration_residual_gate;insufficient_nontrivial_hidden_projection_shift;hard_field_range_pathology,7,False
2,v6_F0300_k06100__v6_F0280_k05800,2,independent,0.02,0.02466758453265172,0.15705917525777258,4.163336342344337e-17,False,4,False,0.0009508441151569333,1.2678746941219288e-13,2.8138656818931334,29.17959048859937,4,True,False,target_not_in_empirical_hull_at_all_times;minimum_interior_ess;calibration_residual_gate,5,False
2,v6_F0300_k06100__v6_F0280_k05800,2,independent,0.03,0.02466758453265172,0.15705917525777258,4.163336342344337e-17,False,4,False,0.004053197610441624,6.742872926679411e-11,2.252440753598331,11.408121752073638,4,True,False,target_not_in_empirical_hull_at_all_times;minimum_interior_ess;calibration_residual_gate,5,False
2,v6_F0300_k06100__v6_F0280_k05800,2,independent,0.04,0.02466758453265172,0.15705917525777258,4.163336342344337e-17,False,5,False,0.003807865242102951,4.884981308350689e-15,2.328015761737487,12.427969873609811,5,True,False,target_not_in_empirical_hull_at_all_times;minimum_interior_ess;calibration_residual_gate,4,False
2,v6_F0300_k06100__v6_F0280_k05800,2,independent,0.05,0.02466758453265172,0.15705917525777258,4.163336342344337e-17,False,7,False,0.0018226292854104115,1.531867743764792e-08,2.5336864346136267,35.68155513233199,7,True,False,target_not_in_empirical_hull_at_all_times;minimum_interior_ess;calibration_residual_gate,4,False
2,v6_F0300_k06100__v6_F0280_k05800,2,independent,0.06,0.02466758453265172,0.15705917525777258,4.163336342344337e-17,False,8,False,0.0015150193232793445,9.318945615177654e-11,1.9728669243931898,31.255465152535756,8,True,False,target_not_in_empirical_hull_at_all_times;minimum_interior_ess;calibration_residual_gate,1,False
2,v6_F0300_k06100__v6_F0280_k05800,2,independent,0.07,0.02466758453265172,0.15705917525777258,4.163336342344337e-17,False,8,False,0.007208332716405604,1.8112356059418744e-10,0.9962425619999313,16.917015032583908,8,True,False,target_not_in_empirical_hull_at_all_times;minimum_interior_ess;calibration_residual_gate,2,False
2,v6_F0300_k06100__v6_F0280_k05800,2,independent,0.08,0.02466758453265172,0.15705917525777258,4.163336342344337e-17,True,9,False,0.001938067184084011,7.86741054525919e-08,0.9876136926253452,52.887222512929846,9,True,False,minimum_interior_ess,2,True
2,v6_F0300_k06100__v6_F0280_k05800,2,independent,0.09,0.02466758453265172,0.15705917525777258,4.163336342344337e-17,True,9,True,0.005463272340666112,6.18374240701769e-11,0.8769358712444614,32.231773291896296,7,True,False,minimum_interior_ess,0,True
2,v6_F0300_k06100__v6_F0280_k05800,2,independent,0.1,0.02466758453265172,0.15705917525777258,4.163336342344337e-17,False,8,False,0.0018429341112910812,6.348699344016495e-11,1.7380972468350988,29.677138087267526,8,True,False,target_not_in_empirical_hull_at_all_times;minimum_interior_ess;calibration_residual_gate,1,False
2,v6_F0300_k06100__v6_F0280_k05800,2,independent,0.12,0.02466758453265172,0.15705917525777258,4.163336342344337e-17,False,5,False,0.000884632411737031,1.1728935600530122e-08,1.7897043360919926,27.10049337488263,5,False,False,target_not_in_empirical_hull_at_all_times;minimum_interior_ess;calibration_residual_gate;hard_field_range_pathology,5,False
2,v6_F0300_k06100__v6_F0280_k05800,2,independent,0.14,0.02466758453265172,0.15705917525777258,4.163336342344337e-17,False,3,False,0.00760943975737318,8.694822639654376e-12,0.8965766486356704,7.226197558135141,3,False,False,target_not_in_empirical_hull_at_all_times;minimum_interior_ess;calibration_residual_gate;hard_field_range_pathology,6,False
3,v6_F0300_k06075__v6_F0280_k05800,2,maximal_same_ic,0.02,0.019457901824061104,0.1394915833448782,2.0816681711721685e-17,False,4,False,0.0030096328437588154,5.5289994804752496e-11,2.2250294022630395,10.631150718078155,4,True,False,target_not_in_empirical_hull_at_all_times;minimum_interior_ess;calibration_residual_gate,5,False
3,v6_F0300_k06075__v6_F0280_k05800,2,maximal_same_ic,0.03,0.019457901824061104,0.1394915833448782,2.0816681711721685e-17,False,5,False,0.002607570932528664,1.844435715270265e-11,2.474693475611617,16.6179557843271,5,True,False,target_not_in_empirical_hull_at_all_times;minimum_interior_ess;calibration_residual_gate,4,False
3,v6_F0300_k06075__v6_F0280_k05800,2,maximal_same_ic,0.04,0.019457901824061104,0.1394915833448782,2.0816681711721685e-17,False,8,False,0.0017335089017280073,4.477507253852764e-11,2.830087935866489,37.72941290121685,8,True,False,target_not_in_empirical_hull_at_all_times;minimum_interior_ess;calibration_residual_gate,1,False
3,v6_F0300_k06075__v6_F0280_k05800,2,maximal_same_ic,0.05,0.019457901824061104,0.1394915833448782,2.0816681711721685e-17,True,9,True,0.001582150084012147,9.366418751710626e-11,2.1838283587463407,56.85112370955459,9,True,False,minimum_interior_ess,0,True
3,v6_F0300_k06075__v6_F0280_k05800,2,maximal_same_ic,0.06,0.019457901824061104,0.1394915833448782,2.0816681711721685e-17,True,9,True,0.003531482477028191,7.779499267002166e-11,1.2623478110632422,38.9886799280034,9,True,False,minimum_interior_ess,0,True
3,v6_F0300_k06075__v6_F0280_k05800,2,maximal_same_ic,0.07,0.019457901824061104,0.1394915833448782,2.0816681711721685e-17,True,9,True,0.00847821148762611,1.1616263506653013e-12,0.6489533811439616,30.214263285078612,8,True,False,minimum_interior_ess,0,True
3,v6_F0300_k06075__v6_F0280_k05800,2,maximal_same_ic,0.08,0.019457901824061104,0.1394915833448782,2.0816681711721685e-17,True,9,True,0.02328945508262053,5.536238134595806e-12,0.5308622903783126,23.495628269194057,7,True,False,minimum_interior_ess,0,True
3,v6_F0300_k06075__v6_F0280_k05800,2,maximal_same_ic,0.09,0.019457901824061104,0.1394915833448782,2.0816681711721685e-17,True,9,True,0.004836921374768053,5.7867266534117334e-11,1.2518857564934303,17.97822668916806,9,True,False,minimum_interior_ess,0,True
3,v6_F0300_k06075__v6_F0280_k05800,2,maximal_same_ic,0.1,0.019457901824061104,0.1394915833448782,2.0816681711721685e-17,False,6,False,0.02021685001548384,4.850786439192234e-12,0.996412452780393,13.385535983037721,6,True,False,target_not_in_empirical_hull_at_all_times;minimum_interior_ess;calibration_residual_gate,3,False
3,v6_F0300_k06075__v6_F0280_k05800,2,maximal_same_ic,0.12,0.019457901824061104,0.1394915833448782,2.0816681711721685e-17,False,4,False,0.03306008661952873,4.822142685156905e-12,0.9229738158323554,10.199977827476387,4,False,False,target_not_in_empirical_hull_at_all_times;minimum_interior_ess;calibration_residual_gate;hard_field_range_pathology,5,False
3,v6_F0300_k06075__v6_F0280_k05800,2,maximal_same_ic,0.14,0.019457901824061104,0.1394915833448782,2.0816681711721685e-17,False,3,False,0.0005367676333532224,4.178213330874314e-11,2.0987769051718677,16.94724685173957,1,False,False,target_not_in_empirical_hull_at_all_times;minimum_interior_ess;calibration_residual_gate;insufficient_nontrivial_hidden_projection_shift;hard_field_range_pathology,6,False
3,v6_F0300_k06075__v6_F0280_k05800,2,geometric_l2_ot,0.02,0.01309969159767065,0.11445388415283532,1.3877787807814457e-17,False,5,False,0.010459277304425122,1.688116313403043e-11,1.5707975251641142,19.143143146061966,5,True,False,target_not_in_empirical_hull_at_all_times;minimum_interior_ess;calibration_residual_gate,4,False
3,v6_F0300_k06075__v6_F0280_k05800,2,geometric_l2_ot,0.03,0.01309969159767065,0.11445388415283532,1.3877787807814457e-17,False,6,False,0.0077790732246841,5.203060204905796e-11,1.5640956646903816,22.73410226887712,6,True,False,target_not_in_empirical_hull_at_all_times;minimum_interior_ess;calibration_residual_gate,3,False
3,v6_F0300_k06075__v6_F0280_k05800,2,geometric_l2_ot,0.04,0.01309969159767065,0.11445388415283532,1.3877787807814457e-17,False,8,False,0.0022643883657801093,7.102829435723379e-11,1.687027332900698,51.067436166388276,8,True,False,target_not_in_empirical_hull_at_all_times;minimum_interior_ess;calibration_residual_gate,1,False
3,v6_F0300_k06075__v6_F0280_k05800,2,geometric_l2_ot,0.05,0.01309969159767065,0.11445388415283532,1.3877787807814457e-17,True,9,False,0.0025067060123790614,2.5589907970413606e-10,1.2512834262549812,95.43792968318536,9,True,False,minimum_interior_ess,1,True
3,v6_F0300_k06075__v6_F0280_k05800,2,geometric_l2_ot,0.06,0.01309969159767065,0.11445388415283532,1.3877787807814457e-17,True,9,True,0.010158049633421366,5.329003904819274e-11,0.5894202921641958,51.276163340353826,7,True,False,minimum_interior_ess,0,True
3,v6_F0300_k06075__v6_F0280_k05800,2,geometric_l2_ot,0.07,0.01309969159767065,0.11445388415283532,1.3877787807814457e-17,True,9,True,0.02116643831828122,3.114519753211198e-11,0.9295565299236149,34.83800515544037,9,True,False,minimum_interior_ess,0,True
3,v6_F0300_k06075__v6_F0280_k05800,2,geometric_l2_ot,0.08,0.01309969159767065,0.11445388415283532,1.3877787807814457e-17,False,6,False,0.021795634981658995,1.1285650192149888e-10,0.8709700686335101,23.77304241554973,4,True,False,target_not_in_empirical_hull_at_all_times;minimum_interior_ess;calibration_residual_gate,4,False
3,v6_F0300_k06075__v6_F0280_k05800,2,geometric_l2_ot,0.09,0.01309969159767065,0.11445388415283532,1.3877787807814457e-17,False,5,False,0.0018440410120626955,7.41473549226157e-12,1.2202072894131029,16.831336409968266,5,True,False,target_not_in_empirical_hull_at_all_times;minimum_interior_ess;calibration_residual_gate,4,False
3,v6_F0300_k06075__v6_F0280_k05800,2,geometric_l2_ot,0.1,0.01309969159767065,0.11445388415283532,1.3877787807814457e-17,False,4,False,0.012979964944480633,8.422851305311951e-11,0.9907387033100068,23.100038537170107,2,True,False,target_not_in_empirical_hull_at_all_times;minimum_interior_ess;calibration_residual_gate;insufficient_nontrivial_hidden_projection_shift,5,False
3,v6_F0300_k06075__v6_F0280_k05800,2,geometric_l2_ot,0.12,0.01309969159767065,0.11445388415283532,1.3877787807814457e-17,False,3,False,0.0028454050254906865,4.107825191113079e-15,1.311865983128475,11.075565651356548,1,False,False,target_not_in_empirical_hull_at_all_times;minimum_interior_ess;calibration_residual_gate;insufficient_nontrivial_hidden_projection_shift;hard_field_range_pathology,6,False
3,v6_F0300_k06075__v6_F0280_k05800,2,geometric_l2_ot,0.14,0.01309969159767065,0.11445388415283532,1.3877787807814457e-17,False,2,False,0.09593473662731276,3.732236741882389e-12,0.6524002885238707,16.82692384401616,2,False,False,target_not_in_empirical_hull_at_all_times;minimum_interior_ess;calibration_residual_gate;insufficient_nontrivial_hidden_projection_shift;hard_field_range_pathology,7,False
3,v6_F0300_k06075__v6_F0280_k05800,2,independent,0.02,0.02438762331917228,0.15616537170311567,2.7755575615628914e-17,False,5,False,0.0005906124017822747,7.284761682768703e-11,3.240642567719538,25.007387331433275,5,True,False,target_not_in_empirical_hull_at_all_times;minimum_interior_ess;calibration_residual_gate,4,False
3,v6_F0300_k06075__v6_F0280_k05800,2,independent,0.03,0.02438762331917228,0.15616537170311567,2.7755575615628914e-17,False,6,False,0.0004316865588124398,7.653111477878838e-11,3.4060007863666306,28.968711374905276,6,True,False,target_not_in_empirical_hull_at_all_times;minimum_interior_ess;calibration_residual_gate,3,False
3,v6_F0300_k06075__v6_F0280_k05800,2,independent,0.04,0.02438762331917228,0.15616537170311567,2.7755575615628914e-17,False,7,False,0.0005187342185958627,6.011475761624752e-10,3.165203806138075,26.81109279050771,7,True,False,target_not_in_empirical_hull_at_all_times;minimum_interior_ess;calibration_residual_gate,3,False
3,v6_F0300_k06075__v6_F0280_k05800,2,independent,0.05,0.02438762331917228,0.15616537170311567,2.7755575615628914e-17,False,8,False,0.0003664963719512921,1.0413816475818294e-09,2.8470477724086343,62.06458357515435,8,True,False,target_not_in_empirical_hull_at_all_times;minimum_interior_ess;calibration_residual_gate,2,False
3,v6_F0300_k06075__v6_F0280_k05800,2,independent,0.06,0.02438762331917228,0.15616537170311567,2.7755575615628914e-17,False,8,False,0.0017848659394493068,3.334144460520605e-08,1.7606317228018633,20.658022324816304,8,True,False,target_not_in_empirical_hull_at_all_times;minimum_interior_ess;calibration_residual_gate,2,False
3,v6_F0300_k06075__v6_F0280_k05800,2,independent,0.07,0.02438762331917228,0.15616537170311567,2.7755575615628914e-17,False,8,False,0.006823491811634097,9.269692791136208e-10,0.9080142366058974,14.239540981974548,8,True,False,target_not_in_empirical_hull_at_all_times;minimum_interior_ess;calibration_residual_gate,2,False
3,v6_F0300_k06075__v6_F0280_k05800,2,independent,0.08,0.02438762331917228,0.15616537170311567,2.7755575615628914e-17,True,9,True,0.002880214576271964,2.697508882931743e-12,0.894248479728788,38.76426593695314,7,True,False,minimum_interior_ess,0,True
3,v6_F0300_k06075__v6_F0280_k05800,2,independent,0.09,0.02438762331917228,0.15616537170311567,2.7755575615628914e-17,True,9,False,0.006658088961544662,2.537547616476843e-09,0.8624619289640172,27.886632090683204,9,True,False,minimum_interior_ess,1,True
3,v6_F0300_k06075__v6_F0280_k05800,2,independent,0.1,0.02438762331917228,0.15616537170311567,2.7755575615628914e-17,False,8,False,0.0019344655419824448,2.4163115952546832e-11,1.6762879270651527,21.713114529394787,8,True,False,target_not_in_empirical_hull_at_all_times;minimum_interior_ess;calibration_residual_gate,1,False
3,v6_F0300_k06075__v6_F0280_k05800,2,independent,0.12,0.02438762331917228,0.15616537170311567,2.7755575615628914e-17,False,4,False,0.11067111416586865,3.4316959274249825e-09,0.5961920922229702,12.79980859173115,4,False,False,target_not_in_empirical_hull_at_all_times;minimum_interior_ess;calibration_residual_gate;hard_field_range_pathology,6,False
3,v6_F0300_k06075__v6_F0280_k05800,2,independent,0.14,0.02438762331917228,0.15616537170311567,2.7755575615628914e-17,False,3,False,0.009878256573686635,7.69495578367696e-13,1.0683750208932603,9.986696323249348,3,False,False,target_not_in_empirical_hull_at_all_times;minimum_interior_ess;calibration_residual_gate;hard_field_range_pathology,6,False
4,v6_F0300_k06050__v6_F0280_k05800,3,maximal_same_ic,0.02,0.01880922501183039,0.1371467280390983,3.469446951953614e-17,False,7,False,0.0004527384525044622,7.169598248424336e-11,3.768348346744856,224.2662890519432,7,True,False,target_not_in_empirical_hull_at_all_times;minimum_interior_ess;calibration_residual_gate,2,False
4,v6_F0300_k06050__v6_F0280_k05800,3,maximal_same_ic,0.03,0.01880922501183039,0.1371467280390983,3.469446951953614e-17,False,8,False,0.001597329506180253,6.750933145838189e-12,3.715598538021826,40.3163865787221,8,True,False,target_not_in_empirical_hull_at_all_times;minimum_interior_ess;calibration_residual_gate,1,False
4,v6_F0300_k06050__v6_F0280_k05800,3,maximal_same_ic,0.04,0.01880922501183039,0.1371467280390983,3.469446951953614e-17,False,5,False,0.0030870551965770502,6.605826996519681e-14,3.14859320475697,78.5226219455383,5,True,False,target_not_in_empirical_hull_at_all_times;minimum_interior_ess;calibration_residual_gate,4,False
4,v6_F0300_k06050__v6_F0280_k05800,3,maximal_same_ic,0.05,0.01880922501183039,0.1371467280390983,3.469446951953614e-17,False,4,False,0.00616356630685951,9.553347002366763e-11,2.969424198548064,60.3958602257336,4,True,False,target_not_in_empirical_hull_at_all_times;minimum_interior_ess;calibration_residual_gate,5,False
4,v6_F0300_k06050__v6_F0280_k05800,3,maximal_same_ic,0.06,0.01880922501183039,0.1371467280390983,3.469446951953614e-17,False,3,False,0.0006349036074459415,2.640898610906106e-11,3.4312972619400988,132.0090613932234,3,True,False,target_not_in_empirical_hull_at_all_times;minimum_interior_ess;calibration_residual_gate,6,False
4,v6_F0300_k06050__v6_F0280_k05800,3,maximal_same_ic,0.07,0.01880922501183039,0.1371467280390983,3.469446951953614e-17,False,2,False,0.015017966407113776,3.941402759721768e-12,1.5290587268673745,12.772778300940258,2,True,False,target_not_in_empirical_hull_at_all_times;minimum_interior_ess;calibration_residual_gate;insufficient_nontrivial_hidden_projection_shift,7,False
4,v6_F0300_k06050__v6_F0280_k05800,3,maximal_same_ic,0.08,0.01880922501183039,0.1371467280390983,3.469446951953614e-17,False,2,False,0.019922413063796718,5.015987625256457e-13,1.5680902122264573,12.831054179246866,2,True,False,target_not_in_empirical_hull_at_all_times;minimum_interior_ess;calibration_residual_gate;insufficient_nontrivial_hidden_projection_shift,7,False
4,v6_F0300_k06050__v6_F0280_k05800,3,maximal_same_ic,0.09,0.01880922501183039,0.1371467280390983,3.469446951953614e-17,False,2,False,0.02152538088610935,2.6645352591003757e-15,1.9919331628141532,21.431595040949208,2,True,False,target_not_in_empirical_hull_at_all_times;minimum_interior_ess;calibration_residual_gate;insufficient_nontrivial_hidden_projection_shift,7,False
4,v6_F0300_k06050__v6_F0280_k05800,3,maximal_same_ic,0.1,0.01880922501183039,0.1371467280390983,3.469446951953614e-17,False,2,False,0.011497217658149452,1.695132922918674e-11,2.913944909283356,33.22876016178406,2,True,False,target_not_in_empirical_hull_at_all_times;minimum_interior_ess;calibration_residual_gate;insufficient_nontrivial_hidden_projection_shift,7,False
4,v6_F0300_k06050__v6_F0280_k05800,3,maximal_same_ic,0.12,0.01880922501183039,0.1371467280390983,3.469446951953614e-17,False,0,False,,,,,0,False,False,target_not_in_empirical_hull_at_all_times;minimum_interior_ess;calibration_residual_gate;insufficient_nontrivial_hidden_projection_shift;hard_field_range_pathology,9,False
4,v6_F0300_k06050__v6_F0280_k05800,3,maximal_same_ic,0.14,0.01880922501183039,0.1371467280390983,3.469446951953614e-17,False,0,False,,,,,0,False,False,target_not_in_empirical_hull_at_all_times;minimum_interior_ess;calibration_residual_gate;insufficient_nontrivial_hidden_projection_shift;hard_field_range_pathology,9,False
4,v6_F0300_k06050__v6_F0280_k05800,3,geometric_l2_ot,0.02,0.012795470018733386,0.11311706334029975,1.9081958235744878e-17,False,6,False,0.0019481286928312986,1.0281775431053575e-12,2.1838373656111774,53.308970648292366,6,True,False,target_not_in_empirical_hull_at_all_times;minimum_interior_ess;calibration_residual_gate,3,False
4,v6_F0300_k06050__v6_F0280_k05800,3,geometric_l2_ot,0.03,0.012795470018733386,0.11311706334029975,1.9081958235744878e-17,False,8,False,0.0017069129862325202,2.7970514793196344e-11,3.275924956796722,48.370392901881864,8,True,False,target_not_in_empirical_hull_at_all_times;minimum_interior_ess;calibration_residual_gate,1,False
4,v6_F0300_k06050__v6_F0280_k05800,3,geometric_l2_ot,0.04,0.012795470018733386,0.11311706334029975,1.9081958235744878e-17,False,5,False,0.002962321621708943,2.7019053661092585e-11,2.8386549225963766,89.07762456034837,5,True,False,target_not_in_empirical_hull_at_all_times;minimum_interior_ess;calibration_residual_gate,4,False
4,v6_F0300_k06050__v6_F0280_k05800,3,geometric_l2_ot,0.05,0.012795470018733386,0.11311706334029975,1.9081958235744878e-17,False,4,False,0.00679431287632838,1.213029676705446e-12,2.316081674486736,41.04590930288037,4,True,False,target_not_in_empirical_hull_at_all_times;minimum_interior_ess;calibration_residual_gate,5,False
4,v6_F0300_k06050__v6_F0280_k05800,3,geometric_l2_ot,0.06,0.012795470018733386,0.11311706334029975,1.9081958235744878e-17,False,3,False,0.0016238505830342273,3.3153479961356425e-12,2.83792333793777,88.58829974558712,3,True,False,target_not_in_empirical_hull_at_all_times;minimum_interior_ess;calibration_residual_gate,6,False
4,v6_F0300_k06050__v6_F0280_k05800,3,geometric_l2_ot,0.07,0.012795470018733386,0.11311706334029975,1.9081958235744878e-17,False,2,False,0.022671512844392595,5.083045095943817e-11,1.1587786501069468,10.531585189438152,2,True,False,target_not_in_empirical_hull_at_all_times;minimum_interior_ess;calibration_residual_gate;insufficient_nontrivial_hidden_projection_shift,7,False
4,v6_F0300_k06050__v6_F0280_k05800,3,geometric_l2_ot,0.08,0.012795470018733386,0.11311706334029975,1.9081958235744878e-17,False,2,False,0.029880519072515696,1.875855026867157e-11,1.2285377406987585,9.376566944544402,2,True,False,target_not_in_empirical_hull_at_all_times;minimum_interior_ess;calibration_residual_gate;insufficient_nontrivial_hidden_projection_shift,7,False
4,v6_F0300_k06050__v6_F0280_k05800,3,geometric_l2_ot,0.09,0.012795470018733386,0.11311706334029975,1.9081958235744878e-17,False,2,False,0.02503461615977875,1.887379141862766e-15,1.6078191086246925,16.682340536270694,2,True,False,target_not_in_empirical_hull_at_all_times;minimum_interior_ess;calibration_residual_gate;insufficient_nontrivial_hidden_projection_shift,7,False
4,v6_F0300_k06050__v6_F0280_k05800,3,geometric_l2_ot,0.1,0.012795470018733386,0.11311706334029975,1.9081958235744878e-17,False,2,False,0.011958127321788362,1.8485213360008856e-13,2.4222126710254903,30.786098948513374,2,True,False,target_not_in_empirical_hull_at_all_times;minimum_interior_ess;calibration_residual_gate;insufficient_nontrivial_hidden_projection_shift,7,False
4,v6_F0300_k06050__v6_F0280_k05800,3,geometric_l2_ot,0.12,0.012795470018733386,0.11311706334029975,1.9081958235744878e-17,False,0,False,,,,,0,False,False,target_not_in_empirical_hull_at_all_times;minimum_interior_ess;calibration_residual_gate;insufficient_nontrivial_hidden_projection_shift;hard_field_range_pathology,9,False
4,v6_F0300_k06050__v6_F0280_k05800,3,geometric_l2_ot,0.14,0.012795470018733386,0.11311706334029975,1.9081958235744878e-17,False,0,False,,,,,0,False,False,target_not_in_empirical_hull_at_all_times;minimum_interior_ess;calibration_residual_gate;insufficient_nontrivial_hidden_projection_shift;hard_field_range_pathology,9,False
4,v6_F0300_k06050__v6_F0280_k05800,3,independent,0.02,0.02393762454953044,0.15471788697345384,4.163336342344337e-17,False,4,False,0.005074289414686473,5.271894032432556e-12,2.252477301681843,16.22314973090356,4,True,False,target_not_in_empirical_hull_at_all_times;minimum_interior_ess;calibration_residual_gate,5,False
4,v6_F0300_k06050__v6_F0280_k05800,3,independent,0.03,0.02393762454953044,0.15471788697345384,4.163336342344337e-17,False,3,False,0.005385314353907407,1.1191403359589458e-10,1.9257185884956805,42.91069039706917,3,True,False,target_not_in_empirical_hull_at_all_times;minimum_interior_ess;calibration_residual_gate,7,False
4,v6_F0300_k06050__v6_F0280_k05800,3,independent,0.04,0.02393762454953044,0.15471788697345384,4.163336342344337e-17,False,2,False,0.05347916189158262,1.644366809383513e-08,1.2004972376425043,25.338599592212,2,True,False,target_not_in_empirical_hull_at_all_times;minimum_interior_ess;calibration_residual_gate;insufficient_nontrivial_hidden_projection_shift,8,False
4,v6_F0300_k06050__v6_F0280_k05800,3,independent,0.05,0.02393762454953044,0.15471788697345384,4.163336342344337e-17,False,2,False,0.0009848323155655775,2.896016759734721e-12,3.211261012978963,142.0942289526321,2,True,False,target_not_in_empirical_hull_at_all_times;minimum_interior_ess;calibration_residual_gate;insufficient_nontrivial_hidden_projection_shift,7,False
4,v6_F0300_k06050__v6_F0280_k05800,3,independent,0.06,0.02393762454953044,0.15471788697345384,4.163336342344337e-17,False,1,False,0.44087676695733236,6.772360450213455e-15,0.4023777251526012,2.951578517773161,1,True,False,target_not_in_empirical_hull_at_all_times;calibration_residual_gate;insufficient_nontrivial_hidden_projection_shift,8,False
4,v6_F0300_k06050__v6_F0280_k05800,3,independent,0.07,0.02393762454953044,0.15471788697345384,4.163336342344337e-17,False,1,False,0.4019368998549558,1.0798029137504273e-11,0.545903928986394,7.494573940670289,1,True,False,target_not_in_empirical_hull_at_all_times;calibration_residual_gate;insufficient_nontrivial_hidden_projection_shift,8,False
4,v6_F0300_k06050__v6_F0280_k05800,3,independent,0.08,0.02393762454953044,0.15471788697345384,4.163336342344337e-17,False,1,False,0.23716830443934797,9.992007221626409e-16,0.9080768954808721,14.237945326391698,1,True,False,target_not_in_empirical_hull_at_all_times;calibration_residual_gate;insufficient_nontrivial_hidden_projection_shift,8,False
4,v6_F0300_k06050__v6_F0280_k05800,3,independent,0.09,0.02393762454953044,0.15471788697345384,4.163336342344337e-17,False,1,False,0.08016699846832924,4.884981308350689e-15,1.5976722509729593,22.085872106452364,1,True,False,target_not_in_empirical_hull_at_all_times;minimum_interior_ess;calibration_residual_gate;insufficient_nontrivial_hidden_projection_shift,8,False
4,v6_F0300_k06050__v6_F0280_k05800,3,independent,0.1,0.02393762454953044,0.15471788697345384,4.163336342344337e-17,False,1,False,0.021219022786357535,1.652873837798552e-08,2.780171190660803,35.527640257884904,1,True,False,target_not_in_empirical_hull_at_all_times;minimum_interior_ess;calibration_residual_gate;insufficient_nontrivial_hidden_projection_shift,9,False
4,v6_F0300_k06050__v6_F0280_k05800,3,independent,0.12,0.02393762454953044,0.15471788697345384,4.163336342344337e-17,False,0,False,,,,,0,False,False,target_not_in_empirical_hull_at_all_times;minimum_interior_ess;calibration_residual_gate;insufficient_nontrivial_hidden_projection_shift;hard_field_range_pathology,9,False
4,v6_F0300_k06050__v6_F0280_k05800,3,independent,0.14,0.02393762454953044,0.15471788697345384,4.163336342344337e-17,False,0,False,,,,,0,False,False,target_not_in_empirical_hull_at_all_times;minimum_interior_ess;calibration_residual_gate;insufficient_nontrivial_hidden_projection_shift;hard_field_range_pathology,9,False
5,v6_F0300_k06050__v6_F0280_k05800,2,maximal_same_ic,0.02,0.018031984667766343,0.1342832255636062,4.85722573273506e-17,False,7,False,0.00041369121349207736,4.7239656630893023e-11,3.5212617945671387,115.27312149774185,7,True,False,target_not_in_empirical_hull_at_all_times;minimum_interior_ess;calibration_residual_gate,2,False
5,v6_F0300_k06050__v6_F0280_k05800,2,maximal_same_ic,0.03,0.018031984667766343,0.1342832255636062,4.85722573273506e-17,False,8,False,0.004220377444662818,1.690891870964606e-11,2.84635643651946,37.09838634391067,8,True,False,target_not_in_empirical_hull_at_all_times;minimum_interior_ess;calibration_residual_gate,1,False
5,v6_F0300_k06050__v6_F0280_k05800,2,maximal_same_ic,0.04,0.018031984667766343,0.1342832255636062,4.85722573273506e-17,True,9,True,0.0048379954101741346,4.280598098205246e-11,2.312475026950403,60.18119979237504,9,True,False,minimum_interior_ess,0,True
5,v6_F0300_k06050__v6_F0280_k05800,2,maximal_same_ic,0.05,0.018031984667766343,0.1342832255636062,4.85722573273506e-17,True,9,True,0.009582813890479077,2.984368308034391e-11,1.4988378956741695,36.03486822407939,9,True,False,minimum_interior_ess,0,True
5,v6_F0300_k06050__v6_F0280_k05800,2,maximal_same_ic,0.06,0.018031984667766343,0.1342832255636062,4.85722573273506e-17,True,9,False,0.01675263896543191,1.0829659391475843e-09,0.8296875149427225,27.391211289379154,9,True,False,minimum_interior_ess,1,True
5,v6_F0300_k06050__v6_F0280_k05800,2,maximal_same_ic,0.07,0.018031984667766343,0.1342832255636062,4.85722573273506e-17,True,9,True,0.032005053131885106,5.72930591857812e-12,0.4304088556773039,22.130518287364662,7,True,False,minimum_interior_ess,0,True
5,v6_F0300_k06050__v6_F0280_k05800,2,maximal_same_ic,0.08,0.018031984667766343,0.1342832255636062,4.85722573273506e-17,True,9,False,0.06635514856633896,8.522689221024393e-10,0.49332203957767856,17.81748018552324,9,True,False,minimum_interior_ess,1,True
5,v6_F0300_k06050__v6_F0280_k05800,2,maximal_same_ic,0.09,0.018031984667766343,0.1342832255636062,4.85722573273506e-17,True,9,True,0.00798069278051367,1.6436851879575443e-11,1.2871147688678675,13.942958707270883,7,True,False,minimum_interior_ess,0,True
5,v6_F0300_k06050__v6_F0280_k05800,2,maximal_same_ic,0.1,0.018031984667766343,0.1342832255636062,4.85722573273506e-17,False,6,False,0.019581512685408836,6.217792947182943e-11,1.012268822904803,10.284101381185746,6,True,False,target_not_in_empirical_hull_at_all_times;minimum_interior_ess;calibration_residual_gate,3,False
5,v6_F0300_k06050__v6_F0280_k05800,2,maximal_same_ic,0.12,0.018031984667766343,0.1342832255636062,4.85722573273506e-17,False,4,False,0.035240101789908,6.229361471099537e-11,0.9771233300437884,9.581170297444677,2,False,False,target_not_in_empirical_hull_at_all_times;minimum_interior_ess;calibration_residual_gate;insufficient_nontrivial_hidden_projection_shift;hard_field_range_pathology,5,False
5,v6_F0300_k06050__v6_F0280_k05800,2,maximal_same_ic,0.14,0.018031984667766343,0.1342832255636062,4.85722573273506e-17,False,3,False,0.0008718333029321687,3.631933642722629e-10,2.108150691533489,18.06477236299846,1,False,False,target_not_in_empirical_hull_at_all_times;minimum_interior_ess;calibration_residual_gate;insufficient_nontrivial_hidden_projection_shift;hard_field_range_pathology,7,False
5,v6_F0300_k06050__v6_F0280_k05800,2,geometric_l2_ot,0.02,0.012242011807916616,0.11064362524753342,5.117434254131581e-17,False,6,False,0.005121915648549473,8.979927912378116e-11,1.8406434181148927,44.718410512034175,6,True,False,target_not_in_empirical_hull_at_all_times;minimum_interior_ess;calibration_residual_gate,3,False
5,v6_F0300_k06050__v6_F0280_k05800,2,geometric_l2_ot,0.03,0.012242011807916616,0.11064362524753342,5.117434254131581e-17,True,9,True,0.003464171698964544,7.04468705592376e-11,2.309190255101643,111.90391124315833,9,True,False,minimum_interior_ess,0,True
5,v6_F0300_k06050__v6_F0280_k05800,2,geometric_l2_ot,0.04,0.012242011807916616,0.11064362524753342,5.117434254131581e-17,True,9,True,0.009141306568083889,5.260791802186304e-11,1.416623194409132,55.82218704795215,9,True,False,minimum_interior_ess,0,True
5,v6_F0300_k06050__v6_F0280_k05800,2,geometric_l2_ot,0.05,0.012242011807916616,0.11064362524753342,5.117434254131581e-17,True,9,False,0.018943110659000145,5.338209874139466e-10,0.7233895688259215,40.58664374947265,9,True,False,minimum_interior_ess,1,True
5,v6_F0300_k06050__v6_F0280_k05800,2,geometric_l2_ot,0.06,0.012242011807916616,0.11064362524753342,5.117434254131581e-17,True,9,True,0.0448724278334507,6.631428739467538e-11,0.3630541973379399,30.60868505491322,7,True,False,minimum_interior_ess,0,True
5,v6_F0300_k06050__v6_F0280_k05800,2,geometric_l2_ot,0.07,0.012242011807916616,0.11064362524753342,5.117434254131581e-17,True,9,True,0.016698461248979245,2.096034457110818e-11,0.9502227840074485,22.2859546971838,8,True,False,minimum_interior_ess,0,True
5,v6_F0300_k06050__v6_F0280_k05800,2,geometric_l2_ot,0.08,0.012242011807916616,0.11064362524753342,5.117434254131581e-17,False,6,False,0.018244194436442273,8.5970119911849e-11,0.9178977085095501,21.85695454663247,6,True,False,target_not_in_empirical_hull_at_all_times;minimum_interior_ess;calibration_residual_gate,3,False
5,v6_F0300_k06050__v6_F0280_k05800,2,geometric_l2_ot,0.09,0.012242011807916616,0.11064362524753342,5.117434254131581e-17,False,5,False,0.0010978461706375208,2.728151038411397e-12,1.4274069034095143,22.60856461818515,4,True,False,target_not_in_empirical_hull_at_all_times;minimum_interior_ess;calibration_residual_gate,4,False
5,v6_F0300_k06050__v6_F0280_k05800,2,geometric_l2_ot,0.1,0.012242011807916616,0.11064362524753342,5.117434254131581e-17,False,4,False,0.013667537573685898,2.478720784182542e-09,1.0765575369347096,24.50629894171699,2,True,False,target_not_in_empirical_hull_at_all_times;minimum_interior_ess;calibration_residual_gate;insufficient_nontrivial_hidden_projection_shift,7,False
5,v6_F0300_k06050__v6_F0280_k05800,2,geometric_l2_ot,0.12,0.012242011807916616,0.11064362524753342,5.117434254131581e-17,False,3,False,0.001559651049236306,2.528310893978869e-12,1.5910416745011142,14.19762356921321,2,False,False,target_not_in_empirical_hull_at_all_times;minimum_interior_ess;calibration_residual_gate;insufficient_nontrivial_hidden_projection_shift;hard_field_range_pathology,6,False
5,v6_F0300_k06050__v6_F0280_k05800,2,geometric_l2_ot,0.14,0.012242011807916616,0.11064362524753342,5.117434254131581e-17,False,2,False,0.1394737561306788,4.597433544972773e-13,0.6065307776378822,13.950144018275525,2,False,False,target_not_in_empirical_hull_at_all_times;minimum_interior_ess;calibration_residual_gate;insufficient_nontrivial_hidden_projection_shift;hard_field_range_pathology,7,False
5,v6_F0300_k06050__v6_F0280_k05800,2,independent,0.02,0.02393701371701468,0.15471591294050746,1.3877787807814457e-17,False,5,False,0.0014630545607538048,1.462984844380344e-09,2.8996321496322075,12.335973611946832,5,True,False,target_not_in_empirical_hull_at_all_times;minimum_interior_ess;calibration_residual_gate,6,False
5,v6_F0300_k06050__v6_F0280_k05800,2,independent,0.03,0.02393701371701468,0.15471591294050746,1.3877787807814457e-17,False,6,False,0.0014426574784106995,1.5147405552085047e-10,3.0115935307356936,14.516829301782854,6,True,False,target_not_in_empirical_hull_at_all_times;minimum_interior_ess;calibration_residual_gate,4,False
5,v6_F0300_k06050__v6_F0280_k05800,2,independent,0.04,0.02393701371701468,0.15471591294050746,1.3877787807814457e-17,False,8,False,0.00028963363867096927,5.2896687030568046e-11,3.414035178974627,132.09592333033453,8,True,False,target_not_in_empirical_hull_at_all_times;minimum_interior_ess;calibration_residual_gate,1,False
5,v6_F0300_k06050__v6_F0280_k05800,2,independent,0.05,0.02393701371701468,0.15471591294050746,1.3877787807814457e-17,False,8,False,0.0012293598603279306,9.736378370206467e-11,2.3926025225738696,20.129187102520437,8,True,False,target_not_in_empirical_hull_at_all_times;minimum_interior_ess;calibration_residual_gate,1,False
5,v6_F0300_k06050__v6_F0280_k05800,2,independent,0.06,0.02393701371701468,0.15471591294050746,1.3877787807814457e-17,True,9,True,0.0007055093067753191,1.8144596936053858e-11,2.089914039847348,68.2083238307754,9,True,False,minimum_interior_ess,0,True
5,v6_F0300_k06050__v6_F0280_k05800,2,independent,0.07,0.02393701371701468,0.15471591294050746,1.3877787807814457e-17,True,9,False,0.0018393162515602335,2.0374376630272195e-09,1.2753112544643246,36.65061360224509,9,True,False,minimum_interior_ess,2,True
5,v6_F0300_k06050__v6_F0280_k05800,2,independent,0.08,0.02393701371701468,0.15471591294050746,1.3877787807814457e-17,True,9,False,0.003900100995723268,1.1359377105613078e-08,0.7406708128285674,27.32037711582451,7,True,False,minimum_interior_ess,2,True
5,v6_F0300_k06050__v6_F0280_k05800,2,independent,0.09,0.02393701371701468,0.15471591294050746,1.3877787807814457e-17,True,9,False,0.008340047729850754,2.2532271715114405e-08,0.795246337052046,21.780279145492035,9,True,False,minimum_interior_ess,1,True
5,v6_F0300_k06050__v6_F0280_k05800,2,independent,0.1,0.02393701371701468,0.15471591294050746,1.3877787807814457e-17,True,9,True,0.0006970204707471592,5.1352033736407066e-11,2.096468191943991,20.514732714550068,9,True,False,minimum_interior_ess,0,True
5,v6_F0300_k06050__v6_F0280_k05800,2,independent,0.12,0.02393701371701468,0.15471591294050746,1.3877787807814457e-17,False,5,False,0.0007377001860731793,8.662603967479754e-11,1.4733572488851459,10.840281648855438,5,False,False,target_not_in_empirical_hull_at_all_times;minimum_interior_ess;calibration_residual_gate;hard_field_range_pathology,4,False
5,v6_F0300_k06050__v6_F0280_k05800,2,independent,0.14,0.02393701371701468,0.15471591294050746,1.3877787807814457e-17,False,4,False,0.0005394664496828777,4.468370118360099e-11,2.282638020289268,27.261816588834105,4,False,False,target_not_in_empirical_hull_at_all_times;minimum_interior_ess;calibration_residual_gate;hard_field_range_pathology,5,False
6,v6_F0280_k05950__v6_F0280_k05800,3,maximal_same_ic,0.02,0.016414951125817527,0.12812084578950267,2.0816681711721685e-17,True,9,False,0.005494412195953379,1.6787995438249936e-09,2.929647433625651,23.640018217020863,9,True,False,minimum_interior_ess,1,True
6,v6_F0280_k05950__v6_F0280_k05800,3,maximal_same_ic,0.03,0.016414951125817527,0.12812084578950267,2.0816681711721685e-17,True,9,True,0.003565932395738161,6.022049525711282e-11,2.9185818616195247,28.908053882043447,9,True,False,minimum_interior_ess,0,True
6,v6_F0280_k05950__v6_F0280_k05800,3,maximal_same_ic,0.04,0.016414951125817527,0.12812084578950267,2.0816681711721685e-17,False,7,False,0.0006720087197977345,4.018851917919619e-11,2.927040008668252,216.67052861404434,7,True,False,target_not_in_empirical_hull_at_all_times;minimum_interior_ess;calibration_residual_gate,2,False
6,v6_F0280_k05950__v6_F0280_k05800,3,maximal_same_ic,0.05,0.016414951125817527,0.12812084578950267,2.0816681711721685e-17,False,5,False,0.0013466033350512095,9.71756008993907e-11,2.4673731035343414,63.6985906386228,5,True,False,target_not_in_empirical_hull_at_all_times;minimum_interior_ess;calibration_residual_gate,4,False
6,v6_F0280_k05950__v6_F0280_k05800,3,maximal_same_ic,0.06,0.016414951125817527,0.12812084578950267,2.0816681711721685e-17,False,3,False,0.008767193281750133,5.7907012518398915e-12,1.3548977850672295,24.068179276680187,3,True,False,target_not_in_empirical_hull_at_all_times;minimum_interior_ess;calibration_residual_gate,6,False
6,v6_F0280_k05950__v6_F0280_k05800,3,maximal_same_ic,0.07,0.016414951125817527,0.12812084578950267,2.0816681711721685e-17,False,2,False,0.1952426446403172,7.773870436267316e-11,0.6353400761076572,5.609153806134118,2,True,False,target_not_in_empirical_hull_at_all_times;calibration_residual_gate;insufficient_nontrivial_hidden_projection_shift,7,False
6,v6_F0280_k05950__v6_F0280_k05800,3,maximal_same_ic,0.08,0.016414951125817527,0.12812084578950267,2.0816681711721685e-17,False,2,False,0.1221522482797243,1.2674306049120787e-12,0.8511464369725693,11.041162436792606,2,True,False,target_not_in_empirical_hull_at_all_times;minimum_interior_ess;calibration_residual_gate;insufficient_nontrivial_hidden_projection_shift,7,False
6,v6_F0280_k05950__v6_F0280_k05800,3,maximal_same_ic,0.09,0.016414951125817527,0.12812084578950267,2.0816681711721685e-17,False,2,False,0.05391832905567661,5.697886606981228e-12,1.3158843235265802,18.047437809335946,2,True,False,target_not_in_empirical_hull_at_all_times;minimum_interior_ess;calibration_residual_gate;insufficient_nontrivial_hidden_projection_shift,7,False
6,v6_F0280_k05950__v6_F0280_k05800,3,maximal_same_ic,0.1,0.016414951125817527,0.12812084578950267,2.0816681711721685e-17,False,2,False,0.021291846473152024,1.7763568394002505e-15,2.129717979879089,26.463662505755448,2,True,False,target_not_in_empirical_hull_at_all_times;minimum_interior_ess;calibration_residual_gate;insufficient_nontrivial_hidden_projection_shift,7,False
6,v6_F0280_k05950__v6_F0280_k05800,3,maximal_same_ic,0.12,0.016414951125817527,0.12812084578950267,2.0816681711721685e-17,False,1,False,0.0018828121286044947,5.218048215738236e-15,5.16331988682593,66.16900010413262,1,False,False,target_not_in_empirical_hull_at_all_times;minimum_interior_ess;calibration_residual_gate;insufficient_nontrivial_hidden_projection_shift;hard_field_range_pathology,8,False
6,v6_F0280_k05950__v6_F0280_k05800,3,maximal_same_ic,0.14,0.016414951125817527,0.12812084578950267,2.0816681711721685e-17,False,0,False,,,,,0,False,False,target_not_in_empirical_hull_at_all_times;minimum_interior_ess;calibration_residual_gate;insufficient_nontrivial_hidden_projection_shift;hard_field_range_pathology,9,False
6,v6_F0280_k05950__v6_F0280_k05800,3,geometric_l2_ot,0.02,0.010996038762043702,0.104861998655584,7.806255641895632e-18,True,9,True,0.02160566351349707,8.265188533584933e-11,1.6837464465093992,12.359063340210655,9,True,False,minimum_interior_ess,0,True
6,v6_F0280_k05950__v6_F0280_k05800,3,geometric_l2_ot,0.03,0.010996038762043702,0.104861998655584,7.806255641895632e-18,True,9,True,0.009117214421496428,5.037115169415074e-11,1.915101688546911,21.818041459957364,9,True,False,minimum_interior_ess,0,True
6,v6_F0280_k05950__v6_F0280_k05800,3,geometric_l2_ot,0.04,0.010996038762043702,0.104861998655584,7.806255641895632e-18,False,7,False,0.0015770797740366892,1.1249445819316861e-11,2.3641448908080593,76.67233352321395,7,True,False,target_not_in_empirical_hull_at_all_times;minimum_interior_ess;calibration_residual_gate,2,False
6,v6_F0280_k05950__v6_F0280_k05800,3,geometric_l2_ot,0.05,0.010996038762043702,0.104861998655584,7.806255641895632e-18,False,5,False,0.000800035938502859,1.4070300480284459e-11,2.1906592500377906,115.91366663671921,5,True,False,target_not_in_empirical_hull_at_all_times;minimum_interior_ess;calibration_residual_gate,4,False
6,v6_F0280_k05950__v6_F0280_k05800,3,geometric_l2_ot,0.06,0.010996038762043702,0.104861998655584,7.806255641895632e-18,False,3,False,0.006104778650380647,2.942091015256665e-13,1.2411179685508682,26.188619336610845,3,True,False,target_not_in_empirical_hull_at_all_times;minimum_interior_ess;calibration_residual_gate,6,False
6,v6_F0280_k05950__v6_F0280_k05800,3,geometric_l2_ot,0.07,0.010996038762043702,0.104861998655584,7.806255641895632e-18,False,2,False,0.2630055553601479,1.0224265878377992e-11,0.4321702530903878,7.457851535562825,2,True,False,target_not_in_empirical_hull_at_all_times;calibration_residual_gate;insufficient_nontrivial_hidden_projection_shift,7,False
6,v6_F0280_k05950__v6_F0280_k05800,3,geometric_l2_ot,0.08,0.010996038762043702,0.104861998655584,7.806255641895632e-18,False,2,False,0.111494398055973,2.886579864025407e-15,0.7170353090236952,11.83890920871547,2,True,False,target_not_in_empirical_hull_at_all_times;minimum_interior_ess;calibration_residual_gate;insufficient_nontrivial_hidden_projection_shift,7,False
6,v6_F0280_k05950__v6_F0280_k05800,3,geometric_l2_ot,0.09,0.010996038762043702,0.104861998655584,7.806255641895632e-18,False,2,False,0.04126270254449275,2.617905892066119e-13,1.229613342194456,16.55550913089823,2,True,False,target_not_in_empirical_hull_at_all_times;minimum_interior_ess;calibration_residual_gate;insufficient_nontrivial_hidden_projection_shift,7,False
6,v6_F0280_k05950__v6_F0280_k05800,3,geometric_l2_ot,0.1,0.010996038762043702,0.104861998655584,7.806255641895632e-18,False,2,False,0.016362869081379135,3.148370453232019e-12,2.040356431426589,24.09136480504245,2,True,False,target_not_in_empirical_hull_at_all_times;minimum_interior_ess;calibration_residual_gate;insufficient_nontrivial_hidden_projection_shift,7,False
6,v6_F0280_k05950__v6_F0280_k05800,3,geometric_l2_ot,0.12,0.010996038762043702,0.104861998655584,7.806255641895632e-18,False,1,False,0.0018683278459693579,1.0436096431476471e-14,5.1670283377643695,74.992338089112,1,False,False,target_not_in_empirical_hull_at_all_times;minimum_interior_ess;calibration_residual_gate;insufficient_nontrivial_hidden_projection_shift;hard_field_range_pathology,8,False
6,v6_F0280_k05950__v6_F0280_k05800,3,geometric_l2_ot,0.14,0.010996038762043702,0.104861998655584,7.806255641895632e-18,False,0,False,,,,,0,False,False,target_not_in_empirical_hull_at_all_times;minimum_interior_ess;calibration_residual_gate;insufficient_nontrivial_hidden_projection_shift;hard_field_range_pathology,9,False
6,v6_F0280_k05950__v6_F0280_k05800,3,independent,0.02,0.022028017395104262,0.1484183863108081,1.734723475976807e-17,False,7,False,0.0009813419450022867,4.173927869999261e-11,3.536821967603679,28.995537579545243,7,True,False,target_not_in_empirical_hull_at_all_times;minimum_interior_ess;calibration_residual_gate,2,False
6,v6_F0280_k05950__v6_F0280_k05800,3,independent,0.03,0.022028017395104262,0.1484183863108081,1.734723475976807e-17,False,7,False,0.0005208418266197538,5.969447158804542e-12,3.679965984183268,34.33452848737412,7,True,False,target_not_in_empirical_hull_at_all_times;minimum_interior_ess;calibration_residual_gate,2,False
6,v6_F0280_k05950__v6_F0280_k05800,3,independent,0.04,0.022028017395104262,0.1484183863108081,1.734723475976807e-17,False,5,False,0.0005319358723969035,3.500033596282037e-11,2.924779145591835,22.260498114821218,5,True,False,target_not_in_empirical_hull_at_all_times;minimum_interior_ess;calibration_residual_gate,4,False
6,v6_F0280_k05950__v6_F0280_k05800,3,independent,0.05,0.022028017395104262,0.1484183863108081,1.734723475976807e-17,False,4,False,0.0014308373876878945,5.285216708728058e-12,2.7052090223796506,39.31529993377914,4,True,False,target_not_in_empirical_hull_at_all_times;minimum_interior_ess;calibration_residual_gate,5,False
6,v6_F0280_k05950__v6_F0280_k05800,3,independent,0.06,0.022028017395104262,0.1484183863108081,1.734723475976807e-17,False,3,False,0.0018301192947986242,4.5241921320382517e-10,2.4310569174259267,25.72022841623384,3,True,False,target_not_in_empirical_hull_at_all_times;minimum_interior_ess;calibration_residual_gate,8,False
6,v6_F0280_k05950__v6_F0280_k05800,3,independent,0.07,0.022028017395104262,0.1484183863108081,1.734723475976807e-17,False,2,False,0.06254616385400881,2.6645352591003757e-15,1.0610760189363417,8.407139028117324,2,True,False,target_not_in_empirical_hull_at_all_times;minimum_interior_ess;calibration_residual_gate;insufficient_nontrivial_hidden_projection_shift,7,False
6,v6_F0280_k05950__v6_F0280_k05800,3,independent,0.08,0.022028017395104262,0.1484183863108081,1.734723475976807e-17,False,2,False,0.048897385298108324,1.2090328738167955e-13,1.3465099579863824,14.580049511672497,2,True,False,target_not_in_empirical_hull_at_all_times;minimum_interior_ess;calibration_residual_gate;insufficient_nontrivial_hidden_projection_shift,7,False
6,v6_F0280_k05950__v6_F0280_k05800,3,independent,0.09,0.022028017395104262,0.1484183863108081,1.734723475976807e-17,False,2,False,0.02805572979188836,1.5543122344752192e-15,1.8777448523301739,21.043065853672232,2,True,False,target_not_in_empirical_hull_at_all_times;minimum_interior_ess;calibration_residual_gate;insufficient_nontrivial_hidden_projection_shift,7,False
6,v6_F0280_k05950__v6_F0280_k05800,3,independent,0.1,0.022028017395104262,0.1484183863108081,1.734723475976807e-17,False,2,False,0.01029425998138924,3.852473895449293e-14,2.7512036160467845,28.65249278743429,2,True,False,target_not_in_empirical_hull_at_all_times;minimum_interior_ess;calibration_residual_gate;insufficient_nontrivial_hidden_projection_shift,7,False
6,v6_F0280_k05950__v6_F0280_k05800,3,independent,0.12,0.022028017395104262,0.1484183863108081,1.734723475976807e-17,False,0,False,,,,,0,False,False,target_not_in_empirical_hull_at_all_times;minimum_interior_ess;calibration_residual_gate;insufficient_nontrivial_hidden_projection_shift;hard_field_range_pathology,9,False
6,v6_F0280_k05950__v6_F0280_k05800,3,independent,0.14,0.022028017395104262,0.1484183863108081,1.734723475976807e-17,False,0,False,,,,,0,False,False,target_not_in_empirical_hull_at_all_times;minimum_interior_ess;calibration_residual_gate;insufficient_nontrivial_hidden_projection_shift;hard_field_range_pathology,9,False
7,v6_F0280_k05950__v6_F0280_k05800,2,maximal_same_ic,0.02,0.015185765600392212,0.12323053842450017,4.85722573273506e-17,True,9,True,0.005368107843687443,6.7658101343681665e-12,2.5943603021310806,23.71111420936083,9,True,False,minimum_interior_ess,0,True
7,v6_F0280_k05950__v6_F0280_k05800,2,maximal_same_ic,0.03,0.015185765600392212,0.12323053842450017,4.85722573273506e-17,True,9,True,0.0129329563528302,9.544831591767888e-11,2.012816807955653,16.116731878208622,9,True,False,minimum_interior_ess,0,True
7,v6_F0280_k05950__v6_F0280_k05800,2,maximal_same_ic,0.04,0.015185765600392212,0.12323053842450017,4.85722573273506e-17,True,9,True,0.040295973914599555,1.1214362771738706e-11,1.358761214866555,11.134714889171192,9,True,False,minimum_interior_ess,0,True
7,v6_F0280_k05950__v6_F0280_k05800,2,maximal_same_ic,0.05,0.015185765600392212,0.12323053842450017,4.85722573273506e-17,True,9,True,0.09027105810065354,2.205124971510486e-12,0.7385698709634096,8.420942494730554,9,True,False,minimum_interior_ess,0,True
7,v6_F0280_k05950__v6_F0280_k05800,2,maximal_same_ic,0.06,0.015185765600392212,0.12323053842450017,4.85722573273506e-17,True,9,False,0.22911300402423107,3.600897424682614e-08,0.3028955987187761,6.186795066133494,9,True,True,,1,True
7,v6_F0280_k05950__v6_F0280_k05800,2,maximal_same_ic,0.07,0.015185765600392212,0.12323053842450017,4.85722573273506e-17,True,9,True,0.30440439843520295,6.268885410776193e-11,0.20001537391039365,4.3066368432139255,7,True,True,,0,True
7,v6_F0280_k05950__v6_F0280_k05800,2,maximal_same_ic,0.08,0.015185765600392212,0.12323053842450017,4.85722573273506e-17,True,9,True,0.08633168551420956,4.971800748876376e-12,0.5091757479279201,4.728843824815116,9,True,False,minimum_interior_ess,0,True
7,v6_F0280_k05950__v6_F0280_k05800,2,maximal_same_ic,0.09,0.015185765600392212,0.12323053842450017,4.85722573273506e-17,True,9,True,0.008910753036283943,8.742906398850891e-11,1.3486950103416064,9.438294915748813,9,True,False,minimum_interior_ess,0,True
7,v6_F0280_k05950__v6_F0280_k05800,2,maximal_same_ic,0.1,0.015185765600392212,0.12323053842450017,4.85722573273506e-17,False,6,False,0.02112979310395875,5.4693694018226324e-11,0.9805156728286337,6.822866116288083,6,True,False,target_not_in_empirical_hull_at_all_times;minimum_interior_ess;calibration_residual_gate,3,False
7,v6_F0280_k05950__v6_F0280_k05800,2,maximal_same_ic,0.12,0.015185765600392212,0.12323053842450017,4.85722573273506e-17,False,4,False,0.03782145052620696,3.553346505924537e-11,0.8356411217750745,5.668049789077913,2,False,False,target_not_in_empirical_hull_at_all_times;minimum_interior_ess;calibration_residual_gate;insufficient_nontrivial_hidden_projection_shift;hard_field_range_pathology,5,False
7,v6_F0280_k05950__v6_F0280_k05800,2,maximal_same_ic,0.14,0.015185765600392212,0.12323053842450017,4.85722573273506e-17,False,4,False,0.004027836570162411,5.264716551600657e-09,2.276628198617246,11.703873430150304,4,False,False,target_not_in_empirical_hull_at_all_times;minimum_interior_ess;calibration_residual_gate;hard_field_range_pathology,6,False
7,v6_F0280_k05950__v6_F0280_k05800,2,geometric_l2_ot,0.02,0.010638460747535078,0.10314291418965764,5.724587470723463e-17,True,9,True,0.018542300547922153,9.385991983634767e-11,1.5658119434026578,11.671102607379009,9,True,False,minimum_interior_ess,0,True
7,v6_F0280_k05950__v6_F0280_k05800,2,geometric_l2_ot,0.03,0.010638460747535078,0.10314291418965764,5.724587470723463e-17,True,9,True,0.04820526656442861,9.660483524243091e-11,1.1126754000609012,8.979106790378168,9,True,False,minimum_interior_ess,0,True
7,v6_F0280_k05950__v6_F0280_k05800,2,geometric_l2_ot,0.04,0.010638460747535078,0.10314291418965764,5.724587470723463e-17,True,9,False,0.1348915760503382,6.168129340622386e-10,0.614642718443578,6.689270160729839,9,True,False,minimum_interior_ess,1,True
7,v6_F0280_k05950__v6_F0280_k05800,2,geometric_l2_ot,0.05,0.010638460747535078,0.10314291418965764,5.724587470723463e-17,True,9,False,0.28975205027229906,1.0988432386227487e-09,0.2070595572423127,4.5883125966333065,8,True,True,,2,True
7,v6_F0280_k05950__v6_F0280_k05800,2,geometric_l2_ot,0.06,0.010638460747535078,0.10314291418965764,5.724587470723463e-17,True,9,True,0.21648456425508567,9.064526906854553e-11,0.2646952816735086,8.872955498795339,7,True,True,,0,True
7,v6_F0280_k05950__v6_F0280_k05800,2,geometric_l2_ot,0.07,0.010638460747535078,0.10314291418965764,5.724587470723463e-17,True,9,False,0.0007501620532789856,1.1004276379011912e-09,1.601851453747285,43.610817238688355,7,True,False,minimum_interior_ess,1,True
7,v6_F0280_k05950__v6_F0280_k05800,2,geometric_l2_ot,0.08,0.010638460747535078,0.10314291418965764,5.724587470723463e-17,False,6,False,0.016619642161951532,9.013667590096475e-11,0.9482102204108056,15.084406280090812,5,True,False,target_not_in_empirical_hull_at_all_times;minimum_interior_ess;calibration_residual_gate,3,False
7,v6_F0280_k05950__v6_F0280_k05800,2,geometric_l2_ot,0.09,0.010638460747535078,0.10314291418965764,5.724587470723463e-17,False,5,False,0.0020162987019744665,2.5437647543924413e-09,1.3386479455225708,18.53604995922416,3,True,False,target_not_in_empirical_hull_at_all_times;minimum_interior_ess;calibration_residual_gate,5,False
7,v6_F0280_k05950__v6_F0280_k05800,2,geometric_l2_ot,0.1,0.010638460747535078,0.10314291418965764,5.724587470723463e-17,False,4,False,0.03935250362573845,7.178879712910202e-11,0.7740196522974239,7.648507311261064,2,True,False,target_not_in_empirical_hull_at_all_times;minimum_interior_ess;calibration_residual_gate;insufficient_nontrivial_hidden_projection_shift,5,False
7,v6_F0280_k05950__v6_F0280_k05800,2,geometric_l2_ot,0.12,0.010638460747535078,0.10314291418965764,5.724587470723463e-17,False,3,False,0.0046798971725598975,1.520283898770458e-11,1.4693411528435227,11.21390100052429,3,False,False,target_not_in_empirical_hull_at_all_times;minimum_interior_ess;calibration_residual_gate;hard_field_range_pathology,6,False
7,v6_F0280_k05950__v6_F0280_k05800,2,geometric_l2_ot,0.14,0.010638460747535078,0.10314291418965764,5.724587470723463e-17,False,2,False,0.2882811377933175,2.7143842729060452e-11,0.3902301462637191,3.7312427789155618,2,False,False,target_not_in_empirical_hull_at_all_times;calibration_residual_gate;insufficient_nontrivial_hidden_projection_shift;hard_field_range_pathology,7,False
7,v6_F0280_k05950__v6_F0280_k05800,2,independent,0.02,0.022242375982140742,0.14913878094627414,4.163336342344337e-17,False,8,False,0.0006177495113367477,1.8934853684982045e-11,3.780045632195285,16.411189891525606,8,True,False,target_not_in_empirical_hull_at_all_times;minimum_interior_ess;calibration_residual_gate,1,False
7,v6_F0280_k05950__v6_F0280_k05800,2,independent,0.03,0.022242375982140742,0.14913878094627414,4.163336342344337e-17,True,9,True,0.00150322384221817,6.753675396709014e-11,3.477280758557976,13.203291145272612,9,True,False,minimum_interior_ess,0,True
7,v6_F0280_k05950__v6_F0280_k05800,2,independent,0.04,0.022242375982140742,0.14913878094627414,4.163336342344337e-17,True,9,True,0.0034231436355654245,3.663402914355629e-12,2.7239658166107157,8.715197436165496,9,True,False,minimum_interior_ess,0,True
7,v6_F0280_k05950__v6_F0280_k05800,2,independent,0.05,0.022242375982140742,0.14913878094627414,4.163336342344337e-17,True,9,False,0.007538684118453566,1.0262610761202495e-09,1.9600724279968205,6.620987650097192,9,True,False,minimum_interior_ess,1,True
7,v6_F0280_k05950__v6_F0280_k05800,2,independent,0.06,0.022242375982140742,0.14913878094627414,4.163336342344337e-17,True,9,True,0.018475071076741508,2.0972557024379057e-11,1.226703194365578,5.7816759957329715,9,True,False,minimum_interior_ess,0,True
7,v6_F0280_k05950__v6_F0280_k05800,2,independent,0.07,0.022242375982140742,0.14913878094627414,4.163336342344337e-17,True,9,False,0.040330133528435216,2.7010212955147495e-09,0.6197120992955291,5.079693604493483,9,True,False,minimum_interior_ess,1,True
7,v6_F0280_k05950__v6_F0280_k05800,2,independent,0.08,0.022242375982140742,0.14913878094627414,4.163336342344337e-17,True,9,True,0.12008260861217855,7.319156392071591e-11,0.3363655492129255,4.436684157033505,9,True,False,minimum_interior_ess,0,True
7,v6_F0280_k05950__v6_F0280_k05800,2,independent,0.09,0.022242375982140742,0.14913878094627414,4.163336342344337e-17,True,9,True,0.039696029184501394,1.9331203304773226e-11,0.7064774163707921,7.7876630962431115,9,True,False,minimum_interior_ess,0,True
7,v6_F0280_k05950__v6_F0280_k05800,2,independent,0.1,0.022242375982140742,0.14913878094627414,4.163336342344337e-17,False,8,False,0.0017925364942939096,8.538300066973648e-10,1.6492432333859406,23.09784244885056,6,True,False,target_not_in_empirical_hull_at_all_times;minimum_interior_ess;calibration_residual_gate,2,False
7,v6_F0280_k05950__v6_F0280_k05800,2,independent,0.12,0.022242375982140742,0.14913878094627414,4.163336342344337e-17,False,4,False,0.14413581975548911,8.635647752441855e-11,0.4532300695787237,4.452237508628316,4,False,False,target_not_in_empirical_hull_at_all_times;minimum_interior_ess;calibration_residual_gate;hard_field_range_pathology,5,False
7,v6_F0280_k05950__v6_F0280_k05800,2,independent,0.14,0.022242375982140742,0.14913878094627414,4.163336342344337e-17,False,4,False,0.006814718353101424,5.896938493066273e-11,1.6352122236075348,10.650490642761774,2,False,False,target_not_in_empirical_hull_at_all_times;minimum_interior_ess;calibration_residual_gate;insufficient_nontrivial_hidden_projection_shift;hard_field_range_pathology,5,False
8,v6_F0280_k05950__v6_F0280_k05825,3,maximal_same_ic,0.02,0.015566906166532078,0.12476740827047775,2.7755575615628914e-17,True,9,True,0.006927967266390169,8.36619662436533e-12,2.771796351725481,22.98121192542858,9,True,False,minimum_interior_ess,0,True
8,v6_F0280_k05950__v6_F0280_k05825,3,maximal_same_ic,0.03,0.015566906166532078,0.12476740827047775,2.7755575615628914e-17,True,9,True,0.0084189666337822,4.54081217071689e-11,2.5842357306105557,16.142986568043103,9,True,False,minimum_interior_ess,0,True
8,v6_F0280_k05950__v6_F0280_k05825,3,maximal_same_ic,0.04,0.015566906166532078,0.12476740827047775,2.7755575615628914e-17,False,8,False,0.001136624862278756,3.1014866230805183e-09,2.9827111477963903,67.6088810335615,8,True,False,target_not_in_empirical_hull_at_all_times;minimum_interior_ess;calibration_residual_gate,2,False
8,v6_F0280_k05950__v6_F0280_k05825,3,maximal_same_ic,0.05,0.015566906166532078,0.12476740827047775,2.7755575615628914e-17,False,5,False,0.0009720043838332153,1.2260414905540529e-11,2.2926485542814743,111.50692436544551,5,True,False,target_not_in_empirical_hull_at_all_times;minimum_interior_ess;calibration_residual_gate,4,False
8,v6_F0280_k05950__v6_F0280_k05825,3,maximal_same_ic,0.06,0.015566906166532078,0.12476740827047775,2.7755575615628914e-17,False,4,False,0.003581061072464784,3.575362228502854e-12,2.140965137131979,39.059532914743436,4,True,False,target_not_in_empirical_hull_at_all_times;minimum_interior_ess;calibration_residual_gate,5,False
8,v6_F0280_k05950__v6_F0280_k05825,3,maximal_same_ic,0.07,0.015566906166532078,0.12476740827047775,2.7755575615628914e-17,False,2,False,0.22270516954199326,7.393641254793692e-12,0.561893906335474,3.7012979595046263,2,True,False,target_not_in_empirical_hull_at_all_times;calibration_residual_gate;insufficient_nontrivial_hidden_projection_shift,7,False
8,v6_F0280_k05950__v6_F0280_k05825,3,maximal_same_ic,0.08,0.015566906166532078,0.12476740827047775,2.7755575615628914e-17,False,2,False,0.1380545723341217,8.206324508819307e-12,0.7183658791541706,8.442121434187634,2,True,False,target_not_in_empirical_hull_at_all_times;minimum_interior_ess;calibration_residual_gate;insufficient_nontrivial_hidden_projection_shift,7,False
8,v6_F0280_k05950__v6_F0280_k05825,3,maximal_same_ic,0.09,0.015566906166532078,0.12476740827047775,2.7755575615628914e-17,False,2,False,0.06501696380690829,7.962963621821473e-12,1.0465626677187285,14.669487086311662,2,True,False,target_not_in_empirical_hull_at_all_times;minimum_interior_ess;calibration_residual_gate;insufficient_nontrivial_hidden_projection_shift,7,False
8,v6_F0280_k05950__v6_F0280_k05825,3,maximal_same_ic,0.1,0.015566906166532078,0.12476740827047775,2.7755575615628914e-17,False,2,False,0.027469972514666277,2.993161274389422e-13,1.6058449533493995,21.839592671313277,2,True,False,target_not_in_empirical_hull_at_all_times;minimum_interior_ess;calibration_residual_gate;insufficient_nontrivial_hidden_projection_shift,7,False
8,v6_F0280_k05950__v6_F0280_k05825,3,maximal_same_ic,0.12,0.015566906166532078,0.12476740827047775,2.7755575615628914e-17,False,2,False,0.00172919067590568,3.725613595406685e-09,4.121581160593238,82.54346350815723,2,False,False,target_not_in_empirical_hull_at_all_times;minimum_interior_ess;calibration_residual_gate;insufficient_nontrivial_hidden_projection_shift;hard_field_range_pathology,8,False
8,v6_F0280_k05950__v6_F0280_k05825,3,maximal_same_ic,0.14,0.015566906166532078,0.12476740827047775,2.7755575615628914e-17,False,0,False,,,,,0,False,False,target_not_in_empirical_hull_at_all_times;minimum_interior_ess;calibration_residual_gate;insufficient_nontrivial_hidden_projection_shift;hard_field_range_pathology,9,False
8,v6_F0280_k05950__v6_F0280_k05825,3,geometric_l2_ot,0.02,0.010379167427573784,0.10187819898081131,2.211772431870429e-17,True,9,False,0.01927804283575594,2.358132800139856e-09,1.7275921846173024,9.280460190183916,9,True,False,minimum_interior_ess,1,True
8,v6_F0280_k05950__v6_F0280_k05825,3,geometric_l2_ot,0.03,0.010379167427573784,0.10187819898081131,2.211772431870429e-17,True,9,True,0.014304408989855593,5.4513282776724736e-11,1.719547136707582,11.028740040475551,9,True,False,minimum_interior_ess,0,True
8,v6_F0280_k05950__v6_F0280_k05825,3,geometric_l2_ot,0.04,0.010379167427573784,0.10187819898081131,2.211772431870429e-17,True,9,True,0.0008189697408106037,2.0803136990821258e-11,2.7208246159071687,87.34981306925253,9,True,False,minimum_interior_ess,0,True
8,v6_F0280_k05950__v6_F0280_k05825,3,geometric_l2_ot,0.05,0.010379167427573784,0.10187819898081131,2.211772431870429e-17,False,5,False,0.0012627434194364675,4.934719299853896e-12,1.914050666493696,192.8807847822431,5,True,False,target_not_in_empirical_hull_at_all_times;minimum_interior_ess;calibration_residual_gate,4,False
8,v6_F0280_k05950__v6_F0280_k05825,3,geometric_l2_ot,0.06,0.010379167427573784,0.10187819898081131,2.211772431870429e-17,False,4,False,0.008098489723704297,1.155608941871833e-11,1.547523734998553,26.73665318522719,4,True,False,target_not_in_empirical_hull_at_all_times;minimum_interior_ess;calibration_residual_gate,5,False
8,v6_F0280_k05950__v6_F0280_k05825,3,geometric_l2_ot,0.07,0.010379167427573784,0.10187819898081131,2.211772431870429e-17,False,2,False,0.26731081915999216,7.255818168516726e-11,0.39290505097132666,6.882875721152412,2,True,False,target_not_in_empirical_hull_at_all_times;calibration_residual_gate;insufficient_nontrivial_hidden_projection_shift,7,False
8,v6_F0280_k05950__v6_F0280_k05825,3,geometric_l2_ot,0.08,0.010379167427573784,0.10187819898081131,2.211772431870429e-17,False,2,False,0.1266175313808735,9.018896740542459e-11,0.6036578199316998,11.099070398250724,2,True,False,target_not_in_empirical_hull_at_all_times;minimum_interior_ess;calibration_residual_gate;insufficient_nontrivial_hidden_projection_shift,7,False
8,v6_F0280_k05950__v6_F0280_k05825,3,geometric_l2_ot,0.09,0.010379167427573784,0.10187819898081131,2.211772431870429e-17,False,2,False,0.05283974440343889,3.1086244689504383e-15,0.9564847532532341,15.544289714809816,2,True,False,target_not_in_empirical_hull_at_all_times;minimum_interior_ess;calibration_residual_gate;insufficient_nontrivial_hidden_projection_shift,7,False
8,v6_F0280_k05950__v6_F0280_k05825,3,geometric_l2_ot,0.1,0.010379167427573784,0.10187819898081131,2.211772431870429e-17,False,2,False,0.0224320627432853,1.7985612998927536e-14,1.4880120914338577,20.618165837915225,2,True,False,target_not_in_empirical_hull_at_all_times;minimum_interior_ess;calibration_residual_gate;insufficient_nontrivial_hidden_projection_shift,7,False
8,v6_F0280_k05950__v6_F0280_k05825,3,geometric_l2_ot,0.12,0.010379167427573784,0.10187819898081131,2.211772431870429e-17,False,2,False,0.002588211975827563,4.310241052962738e-11,3.6899457312844546,85.82217448355826,2,False,False,target_not_in_empirical_hull_at_all_times;minimum_interior_ess;calibration_residual_gate;insufficient_nontrivial_hidden_projection_shift;hard_field_range_pathology,7,False
8,v6_F0280_k05950__v6_F0280_k05825,3,geometric_l2_ot,0.14,0.010379167427573784,0.10187819898081131,2.211772431870429e-17,False,0,False,,,,,0,False,False,target_not_in_empirical_hull_at_all_times;minimum_interior_ess;calibration_residual_gate;insufficient_nontrivial_hidden_projection_shift;hard_field_range_pathology,9,False
8,v6_F0280_k05950__v6_F0280_k05825,3,independent,0.02,0.021912858053131444,0.14802992283025565,1.3877787807814457e-17,False,6,False,0.0007585809659506613,5.261080460172707e-11,3.5503563103337332,15.2612392676897,6,True,False,target_not_in_empirical_hull_at_all_times;minimum_interior_ess;calibration_residual_gate,3,False
8,v6_F0280_k05950__v6_F0280_k05825,3,independent,0.03,0.021912858053131444,0.14802992283025565,1.3877787807814457e-17,False,6,False,0.0013822199385687768,2.5756508037488857e-11,3.306303741543317,10.27775842592418,6,True,False,target_not_in_empirical_hull_at_all_times;minimum_interior_ess;calibration_residual_gate,3,False
8,v6_F0280_k05950__v6_F0280_k05825,3,independent,0.04,0.021912858053131444,0.14802992283025565,1.3877787807814457e-17,False,6,False,0.0012735122494671011,2.1813153505689797e-09,3.33731417418959,15.803504665013584,6,True,False,target_not_in_empirical_hull_at_all_times;minimum_interior_ess;calibration_residual_gate,5,False
8,v6_F0280_k05950__v6_F0280_k05825,3,independent,0.05,0.021912858053131444,0.14802992283025565,1.3877787807814457e-17,False,4,False,0.004110692771043507,5.217715148830848e-12,2.1082270647288466,11.622966152729644,4,True,False,target_not_in_empirical_hull_at_all_times;minimum_interior_ess;calibration_residual_gate,5,False
8,v6_F0280_k05950__v6_F0280_k05825,3,independent,0.06,0.021912858053131444,0.14802992283025565,1.3877787807814457e-17,False,4,False,0.001728477492878808,1.4504260015257842e-09,2.6636832680162508,23.258377586618273,4,True,False,target_not_in_empirical_hull_at_all_times;minimum_interior_ess;calibration_residual_gate,6,False
8,v6_F0280_k05950__v6_F0280_k05825,3,independent,0.07,0.021912858053131444,0.14802992283025565,1.3877787807814457e-17,False,2,False,0.049971241643851846,5.981815043298866e-11,1.0089796391535455,3.765708107059382,2,True,False,target_not_in_empirical_hull_at_all_times;minimum_interior_ess;calibration_residual_gate;insufficient_nontrivial_hidden_projection_shift,7,False
8,v6_F0280_k05950__v6_F0280_k05825,3,independent,0.08,0.021912858053131444,0.14802992283025565,1.3877787807814457e-17,False,2,False,0.04347881672563253,4.286349053472804e-12,1.1271567247764038,6.54594518811569,2,True,False,target_not_in_empirical_hull_at_all_times;minimum_interior_ess;calibration_residual_gate;insufficient_nontrivial_hidden_projection_shift,7,False
8,v6_F0280_k05950__v6_F0280_k05825,3,independent,0.09,0.021912858053131444,0.14802992283025565,1.3877787807814457e-17,False,2,False,0.027633307324195697,1.0080825063596421e-13,1.3883254462040768,11.407822271603965,2,True,False,target_not_in_empirical_hull_at_all_times;minimum_interior_ess;calibration_residual_gate;insufficient_nontrivial_hidden_projection_shift,7,False
8,v6_F0280_k05950__v6_F0280_k05825,3,independent,0.1,0.021912858053131444,0.14802992283025565,1.3877787807814457e-17,False,2,False,0.01344166590909177,3.135536275067352e-11,1.861598948146745,18.475350857155696,2,True,False,target_not_in_empirical_hull_at_all_times;minimum_interior_ess;calibration_residual_gate;insufficient_nontrivial_hidden_projection_shift,7,False
8,v6_F0280_k05950__v6_F0280_k05825,3,independent,0.12,0.021912858053131444,0.14802992283025565,1.3877787807814457e-17,False,2,False,0.0010987226245906352,1.6154855231320653e-12,3.9935306042009056,54.160394207846316,2,False,False,target_not_in_empirical_hull_at_all_times;minimum_interior_ess;calibration_residual_gate;insufficient_nontrivial_hidden_projection_shift;hard_field_range_pathology,7,False
8,v6_F0280_k05950__v6_F0280_k05825,3,independent,0.14,0.021912858053131444,0.14802992283025565,1.3877787807814457e-17,False,0,False,,,,,0,False,False,target_not_in_empirical_hull_at_all_times;minimum_interior_ess;calibration_residual_gate;insufficient_nontrivial_hidden_projection_shift;hard_field_range_pathology,9,False
9,v6_F0300_k06025__v6_F0280_k05800,3,maximal_same_ic,0.02,0.016792847653526233,0.12958722025541805,2.7755575615628914e-17,True,9,False,0.0060322071181941935,1.6667034419270976e-10,3.0232004882719448,69.9187725228658,9,True,False,minimum_interior_ess,1,True
9,v6_F0300_k06025__v6_F0280_k05800,3,maximal_same_ic,0.03,0.016792847653526233,0.12958722025541805,2.7755575615628914e-17,True,9,True,0.007163098178988361,5.028499838743983e-11,2.84241381453092,40.426609972342945,9,True,False,minimum_interior_ess,0,True
9,v6_F0300_k06025__v6_F0280_k05800,3,maximal_same_ic,0.04,0.016792847653526233,0.12958722025541805,2.7755575615628914e-17,False,7,False,0.0012411771210029164,3.4140690274853114e-11,3.1513334631562855,91.13755827135614,7,True,False,target_not_in_empirical_hull_at_all_times;minimum_interior_ess;calibration_residual_gate,2,False
9,v6_F0300_k06025__v6_F0280_k05800,3,maximal_same_ic,0.05,0.016792847653526233,0.12958722025541805,2.7755575615628914e-17,False,4,False,0.027175302383724263,6.999445467670284e-11,1.9790758163002036,32.18235834331631,4,True,False,target_not_in_empirical_hull_at_all_times;minimum_interior_ess;calibration_residual_gate,5,False
9,v6_F0300_k06025__v6_F0280_k05800,3,maximal_same_ic,0.06,0.016792847653526233,0.12958722025541805,2.7755575615628914e-17,False,3,False,0.009533972631112385,4.7441495176769877e-11,1.96464078181202,33.79810302908409,3,True,False,target_not_in_empirical_hull_at_all_times;minimum_interior_ess;calibration_residual_gate,6,False
9,v6_F0300_k06025__v6_F0280_k05800,3,maximal_same_ic,0.07,0.016792847653526233,0.12958722025541805,2.7755575615628914e-17,False,2,False,0.07065933910535355,8.493206138382448e-14,1.016473167870445,9.581253609734635,2,True,False,target_not_in_empirical_hull_at_all_times;minimum_interior_ess;calibration_residual_gate;insufficient_nontrivial_hidden_projection_shift,7,False
9,v6_F0300_k06025__v6_F0280_k05800,3,maximal_same_ic,0.08,0.016792847653526233,0.12958722025541805,2.7755575615628914e-17,False,2,False,0.0842954487467228,1.6653345369377348e-15,1.0357661029425524,9.30484081437087,2,True,False,target_not_in_empirical_hull_at_all_times;minimum_interior_ess;calibration_residual_gate;insufficient_nontrivial_hidden_projection_shift,7,False
9,v6_F0300_k06025__v6_F0280_k05800,3,maximal_same_ic,0.09,0.016792847653526233,0.12958722025541805,2.7755575615628914e-17,False,2,False,0.07110462154517408,5.873201924799787e-11,1.3248755284569667,16.04238241076504,2,True,False,target_not_in_empirical_hull_at_all_times;minimum_interior_ess;calibration_residual_gate;insufficient_nontrivial_hidden_projection_shift,7,False
9,v6_F0300_k06025__v6_F0280_k05800,3,maximal_same_ic,0.1,0.016792847653526233,0.12958722025541805,2.7755575615628914e-17,False,2,False,0.03479216026738958,4.225952920933196e-12,2.048225279748246,26.930197599256676,2,True,False,target_not_in_empirical_hull_at_all_times;minimum_interior_ess;calibration_residual_gate;insufficient_nontrivial_hidden_projection_shift,7,False
9,v6_F0300_k06025__v6_F0280_k05800,3,maximal_same_ic,0.12,0.016792847653526233,0.12958722025541805,2.7755575615628914e-17,False,1,False,0.0018282152614582964,3.084199562408685e-13,5.1539203514299965,52.76152760815161,1,False,False,target_not_in_empirical_hull_at_all_times;minimum_interior_ess;calibration_residual_gate;insufficient_nontrivial_hidden_projection_shift;hard_field_range_pathology,8,False
9,v6_F0300_k06025__v6_F0280_k05800,3,maximal_same_ic,0.14,0.016792847653526233,0.12958722025541805,2.7755575615628914e-17,False,0,False,,,,,0,False,False,target_not_in_empirical_hull_at_all_times;minimum_interior_ess;calibration_residual_gate;insufficient_nontrivial_hidden_projection_shift;hard_field_range_pathology,9,False
9,v6_F0300_k06025__v6_F0280_k05800,3,geometric_l2_ot,0.02,0.011640545330988704,0.1078913589264159,3.7730235602495554e-17,True,9,True,0.0034219251621210186,2.266964393982107e-12,2.3938668316356693,81.54432601916366,9,True,False,minimum_interior_ess,0,True
9,v6_F0300_k06025__v6_F0280_k05800,3,geometric_l2_ot,0.03,0.011640545330988704,0.1078913589264159,3.7730235602495554e-17,True,9,True,0.008127602473913049,3.5386582553087464e-11,2.407297298573062,44.89007482198912,9,True,False,minimum_interior_ess,0,True
9,v6_F0300_k06025__v6_F0280_k05800,3,geometric_l2_ot,0.04,0.011640545330988704,0.1078913589264159,3.7730235602495554e-17,False,7,False,0.0016022640150939696,1.1782040898467017e-09,2.8974389035120787,81.90602967927006,7,True,False,target_not_in_empirical_hull_at_all_times;minimum_interior_ess;calibration_residual_gate,3,False
9,v6_F0300_k06025__v6_F0280_k05800,3,geometric_l2_ot,0.05,0.011640545330988704,0.1078913589264159,3.7730235602495554e-17,False,4,False,0.02323911075096482,2.4724666758402236e-13,1.613970045496942,27.870897044578495,4,True,False,target_not_in_empirical_hull_at_all_times;minimum_interior_ess;calibration_residual_gate,5,False
9,v6_F0300_k06025__v6_F0280_k05800,3,geometric_l2_ot,0.06,0.011640545330988704,0.1078913589264159,3.7730235602495554e-17,False,3,False,0.008878573551915956,6.494804694057166e-15,1.715011741878328,28.331292291613927,3,True,False,target_not_in_empirical_hull_at_all_times;minimum_interior_ess;calibration_residual_gate,6,False
9,v6_F0300_k06025__v6_F0280_k05800,3,geometric_l2_ot,0.07,0.011640545330988704,0.1078913589264159,3.7730235602495554e-17,False,2,False,0.07631876739208739,5.131695068882891e-11,0.7764950017129426,8.257956573037307,2,True,False,target_not_in_empirical_hull_at_all_times;minimum_interior_ess;calibration_residual_gate;insufficient_nontrivial_hidden_projection_shift,7,False
9,v6_F0300_k06025__v6_F0280_k05800,3,geometric_l2_ot,0.08,0.011640545330988704,0.1078913589264159,3.7730235602495554e-17,False,2,False,0.0719566903974414,2.559064071760986e-13,0.8261432943828263,7.931284444623003,2,True,False,target_not_in_empirical_hull_at_all_times;minimum_interior_ess;calibration_residual_gate;insufficient_nontrivial_hidden_projection_shift,7,False
9,v6_F0300_k06025__v6_F0280_k05800,3,geometric_l2_ot,0.09,0.011640545330988704,0.1078913589264159,3.7730235602495554e-17,False,2,False,0.051790360094734644,5.592193375036913e-13,1.1302718821651991,13.774151270744634,2,True,False,target_not_in_empirical_hull_at_all_times;minimum_interior_ess;calibration_residual_gate;insufficient_nontrivial_hidden_projection_shift,7,False
9,v6_F0300_k06025__v6_F0280_k05800,3,geometric_l2_ot,0.1,0.011640545330988704,0.1078913589264159,3.7730235602495554e-17,False,2,False,0.03181900701404347,1.1102230246251565e-15,1.8538930872461143,28.105698767269786,2,True,False,target_not_in_empirical_hull_at_all_times;minimum_interior_ess;calibration_residual_gate;insufficient_nontrivial_hidden_projection_shift,7,False
9,v6_F0300_k06025__v6_F0280_k05800,3,geometric_l2_ot,0.12,0.011640545330988704,0.1078913589264159,3.7730235602495554e-17,False,1,False,0.0025647340635186642,5.517808432387028e-13,5.477597584958664,115.86224155966337,1,False,False,target_not_in_empirical_hull_at_all_times;minimum_interior_ess;calibration_residual_gate;insufficient_nontrivial_hidden_projection_shift;hard_field_range_pathology,8,False
9,v6_F0300_k06025__v6_F0280_k05800,3,geometric_l2_ot,0.14,0.011640545330988704,0.1078913589264159,3.7730235602495554e-17,False,0,False,,,,,0,False,False,target_not_in_empirical_hull_at_all_times;minimum_interior_ess;calibration_residual_gate;insufficient_nontrivial_hidden_projection_shift;hard_field_range_pathology,9,False
9,v6_F0300_k06025__v6_F0280_k05800,3,independent,0.02,0.02349808052773751,0.15329083641150085,2.0816681711721685e-17,False,7,False,0.0006771082882695219,1.2223277945366817e-11,3.9226096453707697,45.38280603078292,7,True,False,target_not_in_empirical_hull_at_all_times;minimum_interior_ess;calibration_residual_gate,2,False
9,v6_F0300_k06025__v6_F0280_k05800,3,independent,0.03,0.02349808052773751,0.15329083641150085,2.0816681711721685e-17,False,8,False,0.00046647207495073334,5.971745320465516e-11,4.670368864424465,30.287659541708223,8,True,False,target_not_in_empirical_hull_at_all_times;minimum_interior_ess;calibration_residual_gate,1,False
9,v6_F0300_k06025__v6_F0280_k05800,3,independent,0.04,0.02349808052773751,0.15329083641150085,2.0816681711721685e-17,False,4,False,0.0006880828964539789,6.688694043077703e-11,3.7548122323321964,50.03039223109867,4,True,False,target_not_in_empirical_hull_at_all_times;minimum_interior_ess;calibration_residual_gate,5,False
9,v6_F0300_k06025__v6_F0280_k05800,3,independent,0.05,0.02349808052773751,0.15329083641150085,2.0816681711721685e-17,False,3,False,0.0013286600120986833,3.6740610553920305e-12,3.5830447616385874,55.54096328349349,3,True,False,target_not_in_empirical_hull_at_all_times;minimum_interior_ess;calibration_residual_gate,6,False
9,v6_F0300_k06025__v6_F0280_k05800,3,independent,0.06,0.02349808052773751,0.15329083641150085,2.0816681711721685e-17,False,2,False,0.0012540229205451109,4.9766302190334955e-11,2.9236872822215028,13.619479209815362,2,True,False,target_not_in_empirical_hull_at_all_times;minimum_interior_ess;calibration_residual_gate;insufficient_nontrivial_hidden_projection_shift,7,False
9,v6_F0300_k06025__v6_F0280_k05800,3,independent,0.07,0.02349808052773751,0.15329083641150085,2.0816681711721685e-17,False,2,False,0.0011602407030492112,7.51620987671231e-13,2.8227035525479347,9.590991409364706,2,True,False,target_not_in_empirical_hull_at_all_times;minimum_interior_ess;calibration_residual_gate;insufficient_nontrivial_hidden_projection_shift,7,False
9,v6_F0300_k06025__v6_F0280_k05800,3,independent,0.08,0.02349808052773751,0.15329083641150085,2.0816681711721685e-17,False,2,False,0.0013071634940331003,4.366124128907245e-11,2.96758675164952,17.245778458328306,2,True,False,target_not_in_empirical_hull_at_all_times;minimum_interior_ess;calibration_residual_gate;insufficient_nontrivial_hidden_projection_shift,7,False
9,v6_F0300_k06025__v6_F0280_k05800,3,independent,0.09,0.02349808052773751,0.15329083641150085,2.0816681711721685e-17,False,2,False,0.0016945350762083392,3.7114755713218983e-13,3.5120000678071683,37.36000096201669,2,True,False,target_not_in_empirical_hull_at_all_times;minimum_interior_ess;calibration_residual_gate;insufficient_nontrivial_hidden_projection_shift,7,False
9,v6_F0300_k06025__v6_F0280_k05800,3,independent,0.1,0.02349808052773751,0.15329083641150085,2.0816681711721685e-17,False,2,False,0.0005678528480879702,9.43689570931383e-15,4.849827769398134,174.72961279666472,2,True,False,target_not_in_empirical_hull_at_all_times;minimum_interior_ess;calibration_residual_gate;insufficient_nontrivial_hidden_projection_shift,7,False
9,v6_F0300_k06025__v6_F0280_k05800,3,independent,0.12,0.02349808052773751,0.15329083641150085,2.0816681711721685e-17,False,0,False,,,,,0,False,False,target_not_in_empirical_hull_at_all_times;minimum_interior_ess;calibration_residual_gate;insufficient_nontrivial_hidden_projection_shift;hard_field_range_pathology,9,False
9,v6_F0300_k06025__v6_F0280_k05800,3,independent,0.14,0.02349808052773751,0.15329083641150085,2.0816681711721685e-17,False,0,False,,,,,0,False,False,target_not_in_empirical_hull_at_all_times;minimum_interior_ess;calibration_residual_gate;insufficient_nontrivial_hidden_projection_shift;hard_field_range_pathology,9,False
10,v6_F0300_k06050__v6_F0280_k05825,3,maximal_same_ic,0.02,0.018370783591133793,0.1355388637665736,2.7755575615628914e-17,True,9,False,0.0014194733365844017,3.5134382958545984e-08,4.2262555369174715,118.45193354231859,9,True,False,minimum_interior_ess,1,True
10,v6_F0300_k06050__v6_F0280_k05825,3,maximal_same_ic,0.03,0.018370783591133793,0.1355388637665736,2.7755575615628914e-17,True,9,True,0.00268032127861366,2.4048540936405516e-12,3.830710386402024,45.01837891763945,9,True,False,minimum_interior_ess,0,True
10,v6_F0300_k06050__v6_F0280_k05825,3,maximal_same_ic,0.04,0.018370783591133793,0.1355388637665736,2.7755575615628914e-17,False,6,False,0.0017453968581741118,4.3358561185868894e-10,3.176979802643464,33.85468198301202,6,True,False,target_not_in_empirical_hull_at_all_times;minimum_interior_ess;calibration_residual_gate,4,False
10,v6_F0300_k06050__v6_F0280_k05825,3,maximal_same_ic,0.05,0.018370783591133793,0.1355388637665736,2.7755575615628914e-17,False,4,False,0.009057798031371505,9.559020242022598e-14,2.164352767672914,24.55784751673818,4,True,False,target_not_in_empirical_hull_at_all_times;minimum_interior_ess;calibration_residual_gate,5,False
10,v6_F0300_k06050__v6_F0280_k05825,3,maximal_same_ic,0.06,0.018370783591133793,0.1355388637665736,2.7755575615628914e-17,False,4,False,0.0005558610981415343,1.1044065661991453e-10,3.3269755807789743,128.37210152534092,4,True,False,target_not_in_empirical_hull_at_all_times;minimum_interior_ess;calibration_residual_gate,6,False
10,v6_F0300_k06050__v6_F0280_k05825,3,maximal_same_ic,0.07,0.018370783591133793,0.1355388637665736,2.7755575615628914e-17,False,2,False,0.025322982530390396,1.7034640364954612e-10,1.3236078337187374,7.4071228991692175,2,True,False,target_not_in_empirical_hull_at_all_times;minimum_interior_ess;calibration_residual_gate;insufficient_nontrivial_hidden_projection_shift,8,False
10,v6_F0300_k06050__v6_F0280_k05825,3,maximal_same_ic,0.08,0.018370783591133793,0.1355388637665736,2.7755575615628914e-17,False,2,False,0.027058117333597708,7.65908891864342e-10,1.3321163895728212,9.106931055900521,2,True,False,target_not_in_empirical_hull_at_all_times;minimum_interior_ess;calibration_residual_gate;insufficient_nontrivial_hidden_projection_shift,8,False
10,v6_F0300_k06050__v6_F0280_k05825,3,maximal_same_ic,0.09,0.018370783591133793,0.1355388637665736,2.7755575615628914e-17,False,2,False,0.02209025552827579,1.7799224316661366e-09,1.5643097158665857,17.801638384679404,2,True,False,target_not_in_empirical_hull_at_all_times;minimum_interior_ess;calibration_residual_gate;insufficient_nontrivial_hidden_projection_shift,8,False
10,v6_F0300_k06050__v6_F0280_k05825,3,maximal_same_ic,0.1,0.018370783591133793,0.1355388637665736,2.7755575615628914e-17,False,2,False,0.011141080642385172,1.014339834348732e-09,2.1035272531028633,29.598381842175577,2,True,False,target_not_in_empirical_hull_at_all_times;minimum_interior_ess;calibration_residual_gate;insufficient_nontrivial_hidden_projection_shift,8,False
10,v6_F0300_k06050__v6_F0280_k05825,3,maximal_same_ic,0.12,0.018370783591133793,0.1355388637665736,2.7755575615628914e-17,False,1,False,0.0416224340201521,9.992007221626409e-16,2.3176009104876156,19.160998453180515,1,False,False,target_not_in_empirical_hull_at_all_times;minimum_interior_ess;calibration_residual_gate;insufficient_nontrivial_hidden_projection_shift;hard_field_range_pathology,8,False
10,v6_F0300_k06050__v6_F0280_k05825,3,maximal_same_ic,0.14,0.018370783591133793,0.1355388637665736,2.7755575615628914e-17,False,1,False,0.0005440648585923608,1.1070093730580766e-09,6.5141810227942525,63.6385690361666,1,False,False,target_not_in_empirical_hull_at_all_times;minimum_interior_ess;calibration_residual_gate;insufficient_nontrivial_hidden_projection_shift;hard_field_range_pathology,9,False
10,v6_F0300_k06050__v6_F0280_k05825,3,geometric_l2_ot,0.02,0.012622955473767251,0.11235192688052685,4.5102810375396984e-17,True,9,True,0.0021561999525971805,8.724798661319255e-11,3.7589979768143005,68.88523125918353,9,True,False,minimum_interior_ess,0,True
10,v6_F0300_k06050__v6_F0280_k05825,3,geometric_l2_ot,0.03,0.012622955473767251,0.11235192688052685,4.5102810375396984e-17,True,9,True,0.0025969519136013774,5.5637716656065095e-12,3.4129139941841804,45.01326997118719,9,True,False,minimum_interior_ess,0,True
10,v6_F0300_k06050__v6_F0280_k05825,3,geometric_l2_ot,0.04,0.012622955473767251,0.11235192688052685,4.5102810375396984e-17,False,6,False,0.004371351383499454,5.302851491251204e-10,2.5588444947686644,31.832771322095407,6,True,False,target_not_in_empirical_hull_at_all_times;minimum_interior_ess;calibration_residual_gate,4,False
10,v6_F0300_k06050__v6_F0280_k05825,3,geometric_l2_ot,0.05,0.012622955473767251,0.11235192688052685,4.5102810375396984e-17,False,4,False,0.009067334478937426,1.963945450711435e-09,1.7670954574402107,21.744209886908077,4,True,False,target_not_in_empirical_hull_at_all_times;minimum_interior_ess;calibration_residual_gate,6,False
10,v6_F0300_k06050__v6_F0280_k05825,3,geometric_l2_ot,0.06,0.012622955473767251,0.11235192688052685,4.5102810375396984e-17,False,4,False,0.0007125436022618973,1.9569901255067634e-11,2.6983479721219172,75.56041348327855,4,True,False,target_not_in_empirical_hull_at_all_times;minimum_interior_ess;calibration_residual_gate,5,False
10,v6_F0300_k06050__v6_F0280_k05825,3,geometric_l2_ot,0.07,0.012622955473767251,0.11235192688052685,4.5102810375396984e-17,False,2,False,0.03449374499137874,9.843565962341927e-10,1.0361753607595108,8.058636087976637,2,True,False,target_not_in_empirical_hull_at_all_times;minimum_interior_ess;calibration_residual_gate;insufficient_nontrivial_hidden_projection_shift,8,False
10,v6_F0300_k06050__v6_F0280_k05825,3,geometric_l2_ot,0.08,0.012622955473767251,0.11235192688052685,4.5102810375396984e-17,False,2,False,0.03558877031313363,4.04121180963557e-14,1.119231266281967,11.762523196512115,2,True,False,target_not_in_empirical_hull_at_all_times;minimum_interior_ess;calibration_residual_gate;insufficient_nontrivial_hidden_projection_shift,7,False
10,v6_F0300_k06050__v6_F0280_k05825,3,geometric_l2_ot,0.09,0.012622955473767251,0.11235192688052685,4.5102810375396984e-17,False,2,False,0.02395020701961551,4.3755443712711894e-11,1.4243127952710453,20.570173534396048,2,True,False,target_not_in_empirical_hull_at_all_times;minimum_interior_ess;calibration_residual_gate;insufficient_nontrivial_hidden_projection_shift,7,False
10,v6_F0300_k06050__v6_F0280_k05825,3,geometric_l2_ot,0.1,0.012622955473767251,0.11235192688052685,4.5102810375396984e-17,False,2,False,0.009583069472413793,2.500333273758315e-12,2.0661309476680074,35.9105574819579,2,True,False,target_not_in_empirical_hull_at_all_times;minimum_interior_ess;calibration_residual_gate;insufficient_nontrivial_hidden_projection_shift,7,False
10,v6_F0300_k06050__v6_F0280_k05825,3,geometric_l2_ot,0.12,0.012622955473767251,0.11235192688052685,4.5102810375396984e-17,False,1,False,0.05651416463008221,2.886579864025407e-15,2.043250461478377,16.01757045303544,1,False,False,target_not_in_empirical_hull_at_all_times;minimum_interior_ess;calibration_residual_gate;insufficient_nontrivial_hidden_projection_shift;hard_field_range_pathology,8,False
10,v6_F0300_k06050__v6_F0280_k05825,3,geometric_l2_ot,0.14,0.012622955473767251,0.11235192688052685,4.5102810375396984e-17,False,0,False,,,,,0,False,False,target_not_in_empirical_hull_at_all_times;minimum_interior_ess;calibration_residual_gate;insufficient_nontrivial_hidden_projection_shift;hard_field_range_pathology,9,False
10,v6_F0300_k06050__v6_F0280_k05825,3,independent,0.02,0.023931342817723626,0.15469758504166645,1.3877787807814457e-17,False,3,False,0.0015727072471532716,1.0491607582707729e-13,2.789197500446201,13.481077995651264,3,True,False,target_not_in_empirical_hull_at_all_times;minimum_interior_ess;calibration_residual_gate,6,False
10,v6_F0300_k06050__v6_F0280_k05825,3,independent,0.03,0.023931342817723626,0.15469758504166645,1.3877787807814457e-17,False,3,False,0.001940202246189503,3.219646771412954e-15,2.699312590238401,14.684616782463872,3,True,False,target_not_in_empirical_hull_at_all_times;minimum_interior_ess;calibration_residual_gate,6,False
10,v6_F0300_k06050__v6_F0280_k05825,3,independent,0.04,0.023931342817723626,0.15469758504166645,1.3877787807814457e-17,False,3,False,0.0014969467193281087,7.01971814009994e-12,2.714847185501307,18.27764059759294,3,True,False,target_not_in_empirical_hull_at_all_times;minimum_interior_ess;calibration_residual_gate,6,False
10,v6_F0300_k06050__v6_F0280_k05825,3,independent,0.05,0.023931342817723626,0.15469758504166645,1.3877787807814457e-17,False,2,False,0.0804229475462543,3.143152405016281e-11,1.1647361199344228,7.926918201064265,2,True,False,target_not_in_empirical_hull_at_all_times;minimum_interior_ess;calibration_residual_gate;insufficient_nontrivial_hidden_projection_shift,7,False
10,v6_F0300_k06050__v6_F0280_k05825,3,independent,0.06,0.023931342817723626,0.15469758504166645,1.3877787807814457e-17,False,3,False,0.0006083780774228129,2.405176058317693e-11,3.8253063941933694,44.546841130564154,3,True,False,target_not_in_empirical_hull_at_all_times;minimum_interior_ess;calibration_residual_gate,6,False
10,v6_F0300_k06050__v6_F0280_k05825,3,independent,0.07,0.023931342817723626,0.15469758504166645,1.3877787807814457e-17,False,2,False,0.0008596469559212382,1.7964518761459658e-12,3.5789171926292425,26.008698661044516,2,True,False,target_not_in_empirical_hull_at_all_times;minimum_interior_ess;calibration_residual_gate;insufficient_nontrivial_hidden_projection_shift,7,False
10,v6_F0300_k06050__v6_F0280_k05825,3,independent,0.08,0.023931342817723626,0.15469758504166645,1.3877787807814457e-17,False,2,False,0.001075077337253247,5.946343417662092e-11,3.4842879211346443,22.661957516363255,2,True,False,target_not_in_empirical_hull_at_all_times;minimum_interior_ess;calibration_residual_gate;insufficient_nontrivial_hidden_projection_shift,7,False
10,v6_F0300_k06050__v6_F0280_k05825,3,independent,0.09,0.023931342817723626,0.15469758504166645,1.3877787807814457e-17,False,2,False,0.0009085022274488491,6.6775474039104665e-12,3.567140514502637,23.716657807104106,2,True,False,target_not_in_empirical_hull_at_all_times;minimum_interior_ess;calibration_residual_gate;insufficient_nontrivial_hidden_projection_shift,7,False
10,v6_F0300_k06050__v6_F0280_k05825,3,independent,0.1,0.023931342817723626,0.15469758504166645,1.3877787807814457e-17,False,1,False,0.19900809787345167,1.5339951531245788e-12,1.0570754616921634,10.256954068685934,1,True,False,target_not_in_empirical_hull_at_all_times;calibration_residual_gate;insufficient_nontrivial_hidden_projection_shift,8,False
10,v6_F0300_k06050__v6_F0280_k05825,3,independent,0.12,0.023931342817723626,0.15469758504166645,1.3877787807814457e-17,False,1,False,0.03775779519070501,9.658940314238862e-15,2.592051351961249,21.95396803324626,1,False,False,target_not_in_empirical_hull_at_all_times;minimum_interior_ess;calibration_residual_gate;insufficient_nontrivial_hidden_projection_shift;hard_field_range_pathology,8,False
10,v6_F0300_k06050__v6_F0280_k05825,3,independent,0.14,0.023931342817723626,0.15469758504166645,1.3877787807814457e-17,False,0,False,,,,,0,False,False,target_not_in_empirical_hull_at_all_times;minimum_interior_ess;calibration_residual_gate;insufficient_nontrivial_hidden_projection_shift;hard_field_range_pathology,9,False
11,v6_F0280_k05950__v6_F0280_k05825,2,maximal_same_ic,0.02,0.014276731757344521,0.11948527841263341,1.0408340855860843e-17,True,9,True,0.00494394557018342,7.58610951834271e-11,2.2068339101617127,23.835625578990022,9,True,False,minimum_interior_ess,0,True
11,v6_F0280_k05950__v6_F0280_k05825,2,maximal_same_ic,0.03,0.014276731757344521,0.11948527841263341,1.0408340855860843e-17,True,9,True,0.01337175677039392,7.87414577985146e-12,1.6537421726439718,16.401963740400493,9,True,False,minimum_interior_ess,0,True
11,v6_F0280_k05950__v6_F0280_k05825,2,maximal_same_ic,0.04,0.014276731757344521,0.11948527841263341,1.0408340855860843e-17,True,9,True,0.056326219684011816,7.78765940623316e-12,1.0638878040106394,10.923766716813214,9,True,False,minimum_interior_ess,0,True
11,v6_F0280_k05950__v6_F0280_k05825,2,maximal_same_ic,0.05,0.014276731757344521,0.11948527841263341,1.0408340855860843e-17,True,9,False,0.13384494441520234,3.789531688447312e-09,0.539672521006747,8.37457182478492,9,True,False,minimum_interior_ess,3,True
11,v6_F0280_k05950__v6_F0280_k05825,2,maximal_same_ic,0.06,0.014276731757344521,0.11948527841263341,1.0408340855860843e-17,True,9,False,0.2492629022551397,2.3626888223660103e-09,0.21096200367855614,5.680042487069118,8,True,True,,1,True
11,v6_F0280_k05950__v6_F0280_k05825,2,maximal_same_ic,0.07,0.014276731757344521,0.11948527841263341,1.0408340855860843e-17,True,9,False,0.34489428969111413,7.892596576297706e-10,0.1924705776845964,4.327724648913244,9,True,True,,1,True
11,v6_F0280_k05950__v6_F0280_k05825,2,maximal_same_ic,0.08,0.014276731757344521,0.11948527841263341,1.0408340855860843e-17,True,9,False,0.08068441126584555,5.537861169635505e-09,0.544613209884926,4.817594687169229,7,True,False,minimum_interior_ess,1,True
11,v6_F0280_k05950__v6_F0280_k05825,2,maximal_same_ic,0.09,0.014276731757344521,0.11948527841263341,1.0408340855860843e-17,True,9,False,0.0077076831993722235,2.934985587899064e-10,1.407909206005331,10.876677514720857,9,True,False,minimum_interior_ess,2,True
11,v6_F0280_k05950__v6_F0280_k05825,2,maximal_same_ic,0.1,0.014276731757344521,0.11948527841263341,1.0408340855860843e-17,False,7,False,0.00036041946181878,1.437971963724749e-09,1.9204353450380722,39.63912666663603,7,True,False,target_not_in_empirical_hull_at_all_times;minimum_interior_ess;calibration_residual_gate,3,False
11,v6_F0280_k05950__v6_F0280_k05825,2,maximal_same_ic,0.12,0.014276731757344521,0.11948527841263341,1.0408340855860843e-17,False,4,False,0.03458428878514515,3.7031433475220865e-10,0.7972715004508267,5.7295554704147005,2,False,False,target_not_in_empirical_hull_at_all_times;minimum_interior_ess;calibration_residual_gate;insufficient_nontrivial_hidden_projection_shift;hard_field_range_pathology,6,False
11,v6_F0280_k05950__v6_F0280_k05825,2,maximal_same_ic,0.14,0.014276731757344521,0.11948527841263341,1.0408340855860843e-17,False,4,False,0.003232877742618578,5.792044621699688e-11,2.1478860055681985,10.400825075159682,4,False,False,target_not_in_empirical_hull_at_all_times;minimum_interior_ess;calibration_residual_gate;hard_field_range_pathology,5,False
11,v6_F0280_k05950__v6_F0280_k05825,2,geometric_l2_ot,0.02,0.010028187829594174,0.10014083996848726,4.9439619065339e-17,True,9,False,0.020604039281243724,3.994945596552668e-09,1.3226580214332497,11.10135476689409,9,True,False,minimum_interior_ess,1,True
11,v6_F0280_k05950__v6_F0280_k05825,2,geometric_l2_ot,0.03,0.010028187829594174,0.10014083996848726,4.9439619065339e-17,True,9,False,0.06060039805911669,2.1943665773349608e-09,0.9077158849028305,8.86098697917228,9,True,False,minimum_interior_ess,1,True
11,v6_F0280_k05950__v6_F0280_k05825,2,geometric_l2_ot,0.04,0.010028187829594174,0.10014083996848726,4.9439619065339e-17,True,9,False,0.1823561782483706,2.7706213989731054e-08,0.45888298607982025,6.030855337646827,9,True,True,,2,True
11,v6_F0280_k05950__v6_F0280_k05825,2,geometric_l2_ot,0.05,0.010028187829594174,0.10014083996848726,4.9439619065339e-17,True,9,False,0.4020800054148171,2.1063661925779797e-09,0.13846443762360433,4.330602690100727,6,True,True,,1,True
11,v6_F0280_k05950__v6_F0280_k05825,2,geometric_l2_ot,0.06,0.010028187829594174,0.10014083996848726,4.9439619065339e-17,True,9,False,0.28167810226916934,7.744530572395547e-10,0.2008664578626552,4.925292402862789,9,True,True,,1,True
11,v6_F0280_k05950__v6_F0280_k05825,2,geometric_l2_ot,0.07,0.010028187829594174,0.10014083996848726,4.9439619065339e-17,True,9,True,0.013067936396325482,4.751277149495081e-11,0.8091795971349653,10.121112910790739,7,True,False,minimum_interior_ess,0,True
11,v6_F0280_k05950__v6_F0280_k05825,2,geometric_l2_ot,0.08,0.010028187829594174,0.10014083996848726,4.9439619065339e-17,True,9,True,0.0006004052944122234,9.835909864364112e-12,2.176817947009093,21.330554927516435,7,True,False,minimum_interior_ess,0,True
11,v6_F0280_k05950__v6_F0280_k05825,2,geometric_l2_ot,0.09,0.010028187829594174,0.10014083996848726,4.9439619065339e-17,False,6,False,0.004898211084137348,8.411804586216931e-11,1.365679159903622,11.81047318336582,4,True,False,target_not_in_empirical_hull_at_all_times;minimum_interior_ess;calibration_residual_gate,3,False
11,v6_F0280_k05950__v6_F0280_k05825,2,geometric_l2_ot,0.1,0.010028187829594174,0.10014083996848726,4.9439619065339e-17,False,5,False,0.0005865411945559449,1.7027490528676026e-12,1.7668166683651596,23.287128915473115,3,True,False,target_not_in_empirical_hull_at_all_times;minimum_interior_ess;calibration_residual_gate,4,False
11,v6_F0280_k05950__v6_F0280_k05825,2,geometric_l2_ot,0.12,0.010028187829594174,0.10014083996848726,4.9439619065339e-17,False,4,False,0.007236860842010832,1.965110441037865e-08,1.6297914730982757,10.662479307765468,4,False,False,target_not_in_empirical_hull_at_all_times;minimum_interior_ess;calibration_residual_gate;hard_field_range_pathology,6,False
11,v6_F0280_k05950__v6_F0280_k05825,2,geometric_l2_ot,0.14,0.010028187829594174,0.10014083996848726,4.9439619065339e-17,False,2,False,0.32171050186826483,3.056666031397981e-12,0.2987273984624831,3.3427761248470396,2,False,False,target_not_in_empirical_hull_at_all_times;calibration_residual_gate;insufficient_nontrivial_hidden_projection_shift;hard_field_range_pathology,7,False
11,v6_F0280_k05950__v6_F0280_k05825,2,independent,0.02,0.022100334923056696,0.14866181393705882,2.7755575615628914e-17,False,4,False,0.0034804064351497163,2.5942158532465953e-08,2.533575326480449,12.518627050305417,4,True,False,target_not_in_empirical_hull_at_all_times;minimum_interior_ess;calibration_residual_gate,6,False
11,v6_F0280_k05950__v6_F0280_k05825,2,independent,0.03,0.022100334923056696,0.14866181393705882,2.7755575615628914e-17,True,9,False,0.0007403634853830842,2.6986113343951956e-09,4.537847659426557,25.03303065474088,9,True,False,minimum_interior_ess,1,True
11,v6_F0280_k05950__v6_F0280_k05825,2,independent,0.04,0.022100334923056696,0.14866181393705882,2.7755575615628914e-17,True,9,False,0.002271254396494588,2.9933788781022486e-10,3.3838950887266477,13.765740930361522,9,True,False,minimum_interior_ess,1,True
11,v6_F0280_k05950__v6_F0280_k05825,2,independent,0.05,0.022100334923056696,0.14866181393705882,2.7755575615628914e-17,True,9,True,0.008877482903058056,2.006350641181598e-11,2.3404379283797865,9.874068270938265,9,True,False,minimum_interior_ess,0,True
11,v6_F0280_k05950__v6_F0280_k05825,2,independent,0.06,0.022100334923056696,0.14866181393705882,2.7755575615628914e-17,True,9,False,0.01975896639858709,6.6416040445105295e-09,1.4065830021962922,7.653148711664801,9,True,False,minimum_interior_ess,2,True
11,v6_F0280_k05950__v6_F0280_k05825,2,independent,0.07,0.022100334923056696,0.14866181393705882,2.7755575615628914e-17,True,9,False,0.04470574719022121,1.4596124309207426e-10,0.6858291695876801,6.347797131032343,9,True,False,minimum_interior_ess,1,True
11,v6_F0280_k05950__v6_F0280_k05825,2,independent,0.08,0.022100334923056696,0.14866181393705882,2.7755575615628914e-17,True,9,True,0.1040823317878621,2.0936585798381202e-12,0.3665050934510636,5.048654343480254,9,True,False,minimum_interior_ess,0,True
11,v6_F0280_k05950__v6_F0280_k05825,2,independent,0.09,0.022100334923056696,0.14866181393705882,2.7755575615628914e-17,True,9,True,0.01924037765427054,6.120159934397407e-11,0.7419490121751459,7.74279566712038,9,True,False,minimum_interior_ess,0,True
11,v6_F0280_k05950__v6_F0280_k05825,2,independent,0.1,0.022100334923056696,0.14866181393705882,2.7755575615628914e-17,False,8,False,0.0015827728713892462,3.5293989952833726e-13,1.6757201893841271,21.043213311658036,6,True,False,target_not_in_empirical_hull_at_all_times;minimum_interior_ess;calibration_residual_gate,1,False
11,v6_F0280_k05950__v6_F0280_k05825,2,independent,0.12,0.022100334923056696,0.14866181393705882,2.7755575615628914e-17,False,4,False,0.15054154308668066,6.561418075534675e-14,0.41794292208999156,4.839065211738991,4,False,False,target_not_in_empirical_hull_at_all_times;calibration_residual_gate;hard_field_range_pathology,5,False
11,v6_F0280_k05950__v6_F0280_k05825,2,independent,0.14,0.022100334923056696,0.14866181393705882,2.7755575615628914e-17,False,4,False,0.004571098046499498,8.061662448710649e-11,1.5114691734302836,9.619845532800747,2,False,False,target_not_in_empirical_hull_at_all_times;minimum_interior_ess;calibration_residual_gate;insufficient_nontrivial_hidden_projection_shift;hard_field_range_pathology,5,False
12,v6_F0300_k06025__v6_F0280_k05800,2,maximal_same_ic,0.02,0.016303038649740656,0.12768335306429204,2.7755575615628914e-17,True,9,False,0.006375710927501911,9.652238286417258e-09,2.875621290193369,65.98873518117692,9,True,False,minimum_interior_ess,1,True
12,v6_F0300_k06025__v6_F0280_k05800,2,maximal_same_ic,0.03,0.016303038649740656,0.12768335306429204,2.7755575615628914e-17,True,9,False,0.014628751123870961,2.2024131407505365e-09,2.2262050723203677,37.67183087827053,9,True,False,minimum_interior_ess,1,True
12,v6_F0300_k06025__v6_F0280_k05800,2,maximal_same_ic,0.04,0.016303038649740656,0.12768335306429204,2.7755575615628914e-17,True,9,True,0.023166411888328128,2.8899105330992825e-12,1.575778814912552,27.84977182330536,9,True,False,minimum_interior_ess,0,True
12,v6_F0300_k06025__v6_F0280_k05800,2,maximal_same_ic,0.05,0.016303038649740656,0.12768335306429204,2.7755575615628914e-17,True,9,True,0.03620410719229173,7.312678240722903e-11,0.9623147908476617,22.117837660527233,9,True,False,minimum_interior_ess,0,True
12,v6_F0300_k06025__v6_F0280_k05800,2,maximal_same_ic,0.06,0.016303038649740656,0.12768335306429204,2.7755575615628914e-17,True,9,True,0.06021375652180754,9.044337501151745e-11,0.4835789402921834,17.91437338726787,9,True,False,minimum_interior_ess,0,True
12,v6_F0300_k06025__v6_F0280_k05800,2,maximal_same_ic,0.07,0.016303038649740656,0.12768335306429204,2.7755575615628914e-17,True,9,False,0.10531846512868151,1.3382672747752622e-10,0.2752946375642373,14.457834982631988,9,True,False,minimum_interior_ess,1,True
12,v6_F0300_k06025__v6_F0280_k05800,2,maximal_same_ic,0.08,0.016303038649740656,0.12768335306429204,2.7755575615628914e-17,True,9,True,0.11812857011897523,5.978278982965435e-11,0.49532437173650884,11.454368799191096,9,True,False,minimum_interior_ess,0,True
12,v6_F0300_k06025__v6_F0280_k05800,2,maximal_same_ic,0.09,0.016303038649740656,0.12768335306429204,2.7755575615628914e-17,True,9,True,0.006086226133138486,4.689804100621586e-12,1.429004110414208,14.060752688808115,8,True,False,minimum_interior_ess,0,True
12,v6_F0300_k06025__v6_F0280_k05800,2,maximal_same_ic,0.1,0.016303038649740656,0.12768335306429204,2.7755575615628914e-17,False,6,False,0.015329660090144866,3.5677040211012923e-09,1.1301379065651223,9.809377111881386,6,True,False,target_not_in_empirical_hull_at_all_times;minimum_interior_ess;calibration_residual_gate,4,False
12,v6_F0300_k06025__v6_F0280_k05800,2,maximal_same_ic,0.12,0.016303038649740656,0.12768335306429204,2.7755575615628914e-17,False,4,False,0.016945087735441147,7.455108752552064e-11,1.1026142359953885,10.328733708870098,2,False,False,target_not_in_empirical_hull_at_all_times;minimum_interior_ess;calibration_residual_gate;insufficient_nontrivial_hidden_projection_shift;hard_field_range_pathology,5,False
12,v6_F0300_k06025__v6_F0280_k05800,2,maximal_same_ic,0.14,0.016303038649740656,0.12768335306429204,2.7755575615628914e-17,False,3,False,0.0008959216606969255,1.1102230246251565e-15,2.1233284969355206,24.741068610593246,3,False,False,target_not_in_empirical_hull_at_all_times;minimum_interior_ess;calibration_residual_gate;hard_field_range_pathology,6,False
12,v6_F0300_k06025__v6_F0280_k05800,2,geometric_l2_ot,0.02,0.011304020120607244,0.10632036550260371,2.992397996059992e-17,True,9,False,0.005697363366854012,2.180649549821112e-10,2.1470746451617884,61.78257734926655,9,True,False,minimum_interior_ess,1,True
12,v6_F0300_k06025__v6_F0280_k05800,2,geometric_l2_ot,0.03,0.011304020120607244,0.10632036550260371,2.992397996059992e-17,True,9,True,0.017426464933635654,7.037592730796405e-12,1.4997927813092677,43.91501924789399,9,True,False,minimum_interior_ess,0,True
12,v6_F0300_k06025__v6_F0280_k05800,2,geometric_l2_ot,0.04,0.011304020120607244,0.10632036550260371,2.992397996059992e-17,True,9,True,0.03380947016381968,5.632805333277702e-11,0.9089882127404283,33.48484250329191,9,True,False,minimum_interior_ess,0,True
12,v6_F0300_k06025__v6_F0280_k05800,2,geometric_l2_ot,0.05,0.011304020120607244,0.10632036550260371,2.992397996059992e-17,True,9,True,0.062423831798509875,9.379680365739773e-11,0.42610233268095593,25.985676253615935,9,True,False,minimum_interior_ess,0,True
12,v6_F0300_k06025__v6_F0280_k05800,2,geometric_l2_ot,0.06,0.011304020120607244,0.10632036550260371,2.992397996059992e-17,True,9,False,0.1290275672755787,5.495982113856712e-09,0.26886489521362056,19.8630513656818,7,True,False,minimum_interior_ess,1,True
12,v6_F0300_k06025__v6_F0280_k05800,2,geometric_l2_ot,0.07,0.011304020120607244,0.10632036550260371,2.992397996059992e-17,True,9,False,0.006999256011525296,6.056888324224019e-10,1.1229571956214965,22.954112319763798,7,True,False,minimum_interior_ess,1,True
12,v6_F0300_k06025__v6_F0280_k05800,2,geometric_l2_ot,0.08,0.011304020120607244,0.10632036550260371,2.992397996059992e-17,False,6,False,0.008855492072681066,1.491014811616509e-09,1.0236767984827058,20.543999811951558,6,True,False,target_not_in_empirical_hull_at_all_times;minimum_interior_ess;calibration_residual_gate,4,False
12,v6_F0300_k06025__v6_F0280_k05800,2,geometric_l2_ot,0.09,0.011304020120607244,0.10632036550260371,2.992397996059992e-17,False,4,False,0.11055185904752003,1.7126300377867665e-12,0.44301829227010137,13.226237573495661,2,True,False,target_not_in_empirical_hull_at_all_times;minimum_interior_ess;calibration_residual_gate;insufficient_nontrivial_hidden_projection_shift,5,False
12,v6_F0300_k06025__v6_F0280_k05800,2,geometric_l2_ot,0.1,0.011304020120607244,0.10632036550260371,2.992397996059992e-17,False,4,False,0.007813788742812694,3.42026407196272e-11,1.1848017745194876,22.74843268654033,2,True,False,target_not_in_empirical_hull_at_all_times;minimum_interior_ess;calibration_residual_gate;insufficient_nontrivial_hidden_projection_shift,5,False
12,v6_F0300_k06025__v6_F0280_k05800,2,geometric_l2_ot,0.12,0.011304020120607244,0.10632036550260371,2.992397996059992e-17,False,2,False,0.6064948204206461,1.609823385706477e-15,0.13787737493656757,7.00115551222624,2,False,False,target_not_in_empirical_hull_at_all_times;calibration_residual_gate;insufficient_nontrivial_hidden_projection_shift;hard_field_range_pathology,7,False
12,v6_F0300_k06025__v6_F0280_k05800,2,geometric_l2_ot,0.14,0.011304020120607244,0.10632036550260371,2.992397996059992e-17,False,2,False,0.08553492024312793,3.5072500459421008e-12,0.7544198818411487,15.641092126236178,2,False,False,target_not_in_empirical_hull_at_all_times;minimum_interior_ess;calibration_residual_gate;insufficient_nontrivial_hidden_projection_shift;hard_field_range_pathology,7,False
12,v6_F0300_k06025__v6_F0280_k05800,2,independent,0.02,0.02350542762617304,0.15331479911010887,1.734723475976807e-17,False,6,False,0.000918084890027919,3.5853597868396037e-11,3.3342673850560782,18.45847831185986,6,True,False,target_not_in_empirical_hull_at_all_times;minimum_interior_ess;calibration_residual_gate,3,False
12,v6_F0300_k06025__v6_F0280_k05800,2,independent,0.03,0.02350542762617304,0.15331479911010887,1.734723475976807e-17,False,7,False,0.0007322032043073616,7.447239491753521e-10,3.3717439144504016,22.97764721848655,7,True,False,target_not_in_empirical_hull_at_all_times;minimum_interior_ess;calibration_residual_gate,3,False
12,v6_F0300_k06025__v6_F0280_k05800,2,independent,0.04,0.02350542762617304,0.15331479911010887,1.734723475976807e-17,True,9,True,0.0005326445962378591,1.18385856673342e-11,3.579288855048561,67.52101059066688,9,True,False,minimum_interior_ess,0,True
12,v6_F0300_k06025__v6_F0280_k05800,2,independent,0.05,0.02350542762617304,0.15331479911010887,1.734723475976807e-17,True,9,True,0.0012231489087264106,5.83664228059888e-11,2.6886148856942698,42.988663758964634,9,True,False,minimum_interior_ess,0,True
12,v6_F0300_k06025__v6_F0280_k05800,2,independent,0.06,0.02350542762617304,0.15331479911010887,1.734723475976807e-17,True,9,True,0.002295734342934097,8.738720858048055e-11,1.8428950927716998,32.08754984640561,9,True,False,minimum_interior_ess,0,True
12,v6_F0300_k06025__v6_F0280_k05800,2,independent,0.07,0.02350542762617304,0.15331479911010887,1.734723475976807e-17,True,9,False,0.004002065101544169,2.3173553687083626e-08,1.1086992227136292,25.70813857298946,9,True,False,minimum_interior_ess,2,True
12,v6_F0300_k06025__v6_F0280_k05800,2,independent,0.08,0.02350542762617304,0.15331479911010887,1.734723475976807e-17,True,9,False,0.007078215616747273,1.9356733993447506e-09,0.6411102558155284,21.273942093298544,9,True,False,minimum_interior_ess,2,True
12,v6_F0300_k06025__v6_F0280_k05800,2,independent,0.09,0.02350542762617304,0.15331479911010887,1.734723475976807e-17,True,9,True,0.013378933972911232,1.3123835351791513e-11,0.7564994170938837,17.79785336154443,9,True,False,minimum_interior_ess,0,True
12,v6_F0300_k06025__v6_F0280_k05800,2,independent,0.1,0.02350542762617304,0.15331479911010887,1.734723475976807e-17,True,9,False,0.0006773363659740065,4.111677998075436e-09,2.1594328120193693,53.04147742321486,9,True,False,minimum_interior_ess,1,True
12,v6_F0300_k06025__v6_F0280_k05800,2,independent,0.12,0.02350542762617304,0.15331479911010887,1.734723475976807e-17,False,5,False,0.0005013833130280557,2.034244994675305e-11,1.9505052757243182,107.62015418936971,5,False,False,target_not_in_empirical_hull_at_all_times;minimum_interior_ess;calibration_residual_gate;hard_field_range_pathology,4,False
12,v6_F0300_k06025__v6_F0280_k05800,2,independent,0.14,0.02350542762617304,0.15331479911010887,1.734723475976807e-17,False,4,False,0.00036576211904878493,4.06465328062211e-09,2.5641709862740285,39.672912086131745,2,False,False,target_not_in_empirical_hull_at_all_times;minimum_interior_ess;calibration_residual_gate;insufficient_nontrivial_hidden_projection_shift;hard_field_range_pathology,6,False
13,v6_F0300_k06050__v6_F0280_k05825,2,maximal_same_ic,0.02,0.017753918536519975,0.13324383113870591,1.3877787807814457e-17,True,9,True,0.0018570717260173826,7.588007999714819e-11,3.6759803381510463,87.52943015780292,9,True,False,minimum_interior_ess,0,True
13,v6_F0300_k06050__v6_F0280_k05825,2,maximal_same_ic,0.03,0.017753918536519975,0.13324383113870591,1.3877787807814457e-17,True,9,False,0.007344313735220625,4.017403409939391e-09,2.828126336722172,39.65390809745859,9,True,False,minimum_interior_ess,1,True
13,v6_F0300_k06050__v6_F0280_k05825,2,maximal_same_ic,0.04,0.017753918536519975,0.13324383113870591,1.3877787807814457e-17,True,9,True,0.011116217068909182,8.754474922767486e-11,2.085367748940803,30.91703771367793,9,True,False,minimum_interior_ess,0,True
13,v6_F0300_k06050__v6_F0280_k05825,2,maximal_same_ic,0.05,0.017753918536519975,0.13324383113870591,1.3877787807814457e-17,True,9,False,0.016451481920715636,1.44823153469531e-10,1.3637210647322864,25.62323149687015,9,True,False,minimum_interior_ess,1,True
13,v6_F0300_k06050__v6_F0280_k05825,2,maximal_same_ic,0.06,0.017753918536519975,0.13324383113870591,1.3877787807814457e-17,True,9,True,0.026463107286225782,6.573408484200627e-11,0.7498834862721034,21.525597668718326,9,True,False,minimum_interior_ess,0,True
13,v6_F0300_k06050__v6_F0280_k05825,2,maximal_same_ic,0.07,0.017753918536519975,0.13324383113870591,1.3877787807814457e-17,True,9,True,0.04623199461415622,8.301770382246332e-11,0.3891564064049639,18.030592174449186,9,True,False,minimum_interior_ess,0,True
13,v6_F0300_k06050__v6_F0280_k05825,2,maximal_same_ic,0.08,0.017753918536519975,0.13324383113870591,1.3877787807814457e-17,True,9,False,0.08713792898358017,6.052699452752108e-10,0.4668963004205481,14.8539556148211,9,True,False,minimum_interior_ess,2,True
13,v6_F0300_k06050__v6_F0280_k05825,2,maximal_same_ic,0.09,0.017753918536519975,0.13324383113870591,1.3877787807814457e-17,True,9,False,0.012532058407267925,2.3855736275280037e-09,1.2273678754746962,11.810551864022331,7,True,False,minimum_interior_ess,1,True
13,v6_F0300_k06050__v6_F0280_k05825,2,maximal_same_ic,0.1,0.017753918536519975,0.13324383113870591,1.3877787807814457e-17,False,6,False,0.023139739869569517,7.531120171933026e-11,1.0041498465906111,9.794217335376764,6,True,False,target_not_in_empirical_hull_at_all_times;minimum_interior_ess;calibration_residual_gate,3,False
13,v6_F0300_k06050__v6_F0280_k05825,2,maximal_same_ic,0.12,0.017753918536519975,0.13324383113870591,1.3877787807814457e-17,False,4,False,0.042117937947044555,2.3314683517128287e-15,0.9966430884405384,10.624198145812318,3,False,False,target_not_in_empirical_hull_at_all_times;minimum_interior_ess;calibration_residual_gate;hard_field_range_pathology,5,False
13,v6_F0300_k06050__v6_F0280_k05825,2,maximal_same_ic,0.14,0.017753918536519975,0.13324383113870591,1.3877787807814457e-17,False,3,False,0.0008223256444989517,9.603429163007604e-14,2.254572206392963,28.91611227930539,2,False,False,target_not_in_empirical_hull_at_all_times;minimum_interior_ess;calibration_residual_gate;insufficient_nontrivial_hidden_projection_shift;hard_field_range_pathology,6,False
13,v6_F0300_k06050__v6_F0280_k05825,2,geometric_l2_ot,0.02,0.01204422991843564,0.10974620685215339,5.724587470723463e-17,True,9,True,0.001317148905233233,1.8355095221522788e-11,3.193386039465811,147.20709249707588,9,True,False,minimum_interior_ess,0,True
13,v6_F0300_k06050__v6_F0280_k05825,2,geometric_l2_ot,0.03,0.01204422991843564,0.10974620685215339,5.724587470723463e-17,True,9,True,0.010164368392706694,5.175959660874696e-11,2.2163617418142767,49.75715584517644,9,True,False,minimum_interior_ess,0,True
13,v6_F0300_k06050__v6_F0280_k05825,2,geometric_l2_ot,0.04,0.01204422991843564,0.10974620685215339,5.724587470723463e-17,True,9,False,0.02022263451948165,1.521510695212669e-10,1.3604559488462147,35.719766414773446,9,True,False,minimum_interior_ess,1,True
13,v6_F0300_k06050__v6_F0280_k05825,2,geometric_l2_ot,0.05,0.01204422991843564,0.10974620685215339,5.724587470723463e-17,True,9,False,0.03678845598883819,2.0745430928670316e-09,0.6417508984535956,28.680338538585676,9,True,False,minimum_interior_ess,1,True
13,v6_F0300_k06050__v6_F0280_k05825,2,geometric_l2_ot,0.06,0.01204422991843564,0.10974620685215339,5.724587470723463e-17,True,9,False,0.07669011269475741,7.598742746139919e-10,0.31226168732060816,22.71464286601443,8,True,False,minimum_interior_ess,1,True
13,v6_F0300_k06050__v6_F0280_k05825,2,geometric_l2_ot,0.07,0.01204422991843564,0.10974620685215339,5.724587470723463e-17,True,9,False,0.016281731013692298,1.8467204987437924e-08,0.9399370432698329,22.29097461733957,8,True,False,minimum_interior_ess,1,True
13,v6_F0300_k06050__v6_F0280_k05825,2,geometric_l2_ot,0.08,0.01204422991843564,0.10974620685215339,5.724587470723463e-17,False,6,False,0.025244934517322695,4.845395673580555e-08,0.8363014966093228,21.669714356613945,6,True,False,target_not_in_empirical_hull_at_all_times;minimum_interior_ess;calibration_residual_gate,4,False
13,v6_F0300_k06050__v6_F0280_k05825,2,geometric_l2_ot,0.09,0.01204422991843564,0.10974620685215339,5.724587470723463e-17,False,5,False,0.0020307658561009015,8.469780432562857e-12,1.2367506580662302,20.83408360165329,5,True,False,target_not_in_empirical_hull_at_all_times;minimum_interior_ess;calibration_residual_gate,4,False
13,v6_F0300_k06050__v6_F0280_k05825,2,geometric_l2_ot,0.1,0.01204422991843564,0.10974620685215339,5.724587470723463e-17,False,4,False,0.020939252915542297,1.869969734613619e-10,0.9503867759999789,21.987184332431923,2,True,False,target_not_in_empirical_hull_at_all_times;minimum_interior_ess;calibration_residual_gate;insufficient_nontrivial_hidden_projection_shift,6,False
13,v6_F0300_k06050__v6_F0280_k05825,2,geometric_l2_ot,0.12,0.01204422991843564,0.10974620685215339,5.724587470723463e-17,False,3,False,0.003102518271442876,6.111777750561487e-13,1.295694033403171,12.72299653797228,3,False,False,target_not_in_empirical_hull_at_all_times;minimum_interior_ess;calibration_residual_gate;hard_field_range_pathology,6,False
13,v6_F0300_k06050__v6_F0280_k05825,2,geometric_l2_ot,0.14,0.01204422991843564,0.10974620685215339,5.724587470723463e-17,False,2,False,0.13207199277312381,2.147837463439828e-12,0.6073996619296489,13.220759824196902,2,False,False,target_not_in_empirical_hull_at_all_times;minimum_interior_ess;calibration_residual_gate;insufficient_nontrivial_hidden_projection_shift;hard_field_range_pathology,7,False
13,v6_F0300_k06050__v6_F0280_k05825,2,independent,0.02,0.023952373825971478,0.15476554469897838,2.7755575615628914e-17,False,3,False,0.0006550258229536043,1.5210055437364645e-14,3.0905769109460244,16.75739746510757,3,True,False,target_not_in_empirical_hull_at_all_times;minimum_interior_ess;calibration_residual_gate,6,False
13,v6_F0300_k06050__v6_F0280_k05825,2,independent,0.03,0.023952373825971478,0.15476554469897838,2.7755575615628914e-17,False,4,False,0.00047150657344988725,4.74980055287233e-11,3.722724061128707,25.830900009753655,4,True,False,target_not_in_empirical_hull_at_all_times;minimum_interior_ess;calibration_residual_gate,5,False
13,v6_F0300_k06050__v6_F0280_k05825,2,independent,0.04,0.023952373825971478,0.15476554469897838,2.7755575615628914e-17,False,5,False,0.0014643543817157035,3.532907300041188e-11,3.3144766005439514,19.38069803083457,5,True,False,target_not_in_empirical_hull_at_all_times;minimum_interior_ess;calibration_residual_gate,4,False
13,v6_F0300_k06050__v6_F0280_k05825,2,independent,0.05,0.023952373825971478,0.15476554469897838,2.7755575615628914e-17,False,8,False,0.0005189240011504337,2.593936176964462e-11,3.3287672928584002,72.92012470766642,8,True,False,target_not_in_empirical_hull_at_all_times;minimum_interior_ess;calibration_residual_gate,1,False
13,v6_F0300_k06050__v6_F0280_k05825,2,independent,0.06,0.023952373825971478,0.15476554469897838,2.7755575615628914e-17,False,8,False,0.00338234304636474,4.2738177552514856e-08,1.9338527470895188,20.85172308830736,8,True,False,target_not_in_empirical_hull_at_all_times;minimum_interior_ess;calibration_residual_gate,3,False
13,v6_F0300_k06050__v6_F0280_k05825,2,independent,0.07,0.023952373825971478,0.15476554469897838,2.7755575615628914e-17,True,9,False,0.0026506230930188205,2.7385704814975043e-10,1.4272216457672908,42.014911160411316,9,True,False,minimum_interior_ess,1,True
13,v6_F0300_k06050__v6_F0280_k05825,2,independent,0.08,0.023952373825971478,0.15476554469897838,2.7755575615628914e-17,True,9,True,0.0055729602943953085,2.1048718323868343e-12,0.8025658041785956,29.472652480315926,7,True,False,minimum_interior_ess,0,True
13,v6_F0300_k06050__v6_F0280_k05825,2,independent,0.09,0.023952373825971478,0.15476554469897838,2.7755575615628914e-17,True,9,False,0.01125559915812311,9.401459055702333e-09,0.8288936865260328,23.31182064906254,9,True,False,minimum_interior_ess,1,True
13,v6_F0300_k06050__v6_F0280_k05825,2,independent,0.1,0.023952373825971478,0.15476554469897838,2.7755575615628914e-17,True,9,True,0.0004113288381312516,1.6632362154211933e-11,2.220285316859041,58.07950650460514,9,True,False,minimum_interior_ess,0,True
13,v6_F0300_k06050__v6_F0280_k05825,2,independent,0.12,0.023952373825971478,0.15476554469897838,2.7755575615628914e-17,False,4,False,0.13358821842710378,1.1572087732503178e-10,0.5777080958355274,11.222807954358702,4,False,False,target_not_in_empirical_hull_at_all_times;minimum_interior_ess;calibration_residual_gate;hard_field_range_pathology,6,False
13,v6_F0300_k06050__v6_F0280_k05825,2,independent,0.14,0.023952373825971478,0.15476554469897838,2.7755575615628914e-17,False,4,False,0.0011900026274779504,2.0128343436454088e-13,1.8427288700773,12.793300277877494,4,False,False,target_not_in_empirical_hull_at_all_times;minimum_interior_ess;calibration_residual_gate;hard_field_range_pathology,5,False
14,v6_F0300_k06025__v6_F0280_k05825,3,maximal_same_ic,0.02,0.016071432017150646,0.1267731517993879,2.0816681711721685e-17,True,9,True,0.00898324163323459,2.6051827362039148e-11,3.0083631242536133,31.483842676761935,9,True,False,minimum_interior_ess,0,True
14,v6_F0300_k06025__v6_F0280_k05825,3,maximal_same_ic,0.03,0.016071432017150646,0.1267731517993879,2.0816681711721685e-17,True,9,True,0.007867773576137953,1.39132039223e-11,2.876859457748639,28.410957114921242,9,True,False,minimum_interior_ess,0,True
14,v6_F0300_k06025__v6_F0280_k05825,3,maximal_same_ic,0.04,0.016071432017150646,0.1267731517993879,2.0816681711721685e-17,False,7,False,0.0023462925363075117,7.771561172376096e-15,2.796252933114889,85.42106108495702,7,True,False,target_not_in_empirical_hull_at_all_times;minimum_interior_ess;calibration_residual_gate,2,False
14,v6_F0300_k06025__v6_F0280_k05825,3,maximal_same_ic,0.05,0.016071432017150646,0.1267731517993879,2.0816681711721685e-17,False,4,False,0.0387430701418518,4.138789311269875e-11,1.5915352188843281,20.049404643990474,4,True,False,target_not_in_empirical_hull_at_all_times;minimum_interior_ess;calibration_residual_gate,5,False
14,v6_F0300_k06025__v6_F0280_k05825,3,maximal_same_ic,0.06,0.016071432017150646,0.1267731517993879,2.0816681711721685e-17,False,4,False,0.00925995390665016,5.437761352311554e-11,2.1696824155813355,57.38078759720464,4,True,False,target_not_in_empirical_hull_at_all_times;minimum_interior_ess;calibration_residual_gate,5,False
14,v6_F0300_k06025__v6_F0280_k05825,3,maximal_same_ic,0.07,0.016071432017150646,0.1267731517993879,2.0816681711721685e-17,False,3,False,0.0020472080998430566,8.780143279096819e-11,2.4442501460673838,49.63354887094418,3,True,False,target_not_in_empirical_hull_at_all_times;minimum_interior_ess;calibration_residual_gate,6,False
14,v6_F0300_k06025__v6_F0280_k05825,3,maximal_same_ic,0.08,0.016071432017150646,0.1267731517993879,2.0816681711721685e-17,False,2,False,0.11666782268396615,4.923188523520139e-10,0.8682369118961442,4.521475846997045,2,True,False,target_not_in_empirical_hull_at_all_times;minimum_interior_ess;calibration_residual_gate;insufficient_nontrivial_hidden_projection_shift,8,False
14,v6_F0300_k06025__v6_F0280_k05825,3,maximal_same_ic,0.09,0.016071432017150646,0.1267731517993879,2.0816681711721685e-17,False,2,False,0.08490461589472013,8.326672684688674e-16,1.047333606802926,14.271943622248484,2,True,False,target_not_in_empirical_hull_at_all_times;minimum_interior_ess;calibration_residual_gate;insufficient_nontrivial_hidden_projection_shift,7,False
14,v6_F0300_k06025__v6_F0280_k05825,3,maximal_same_ic,0.1,0.016071432017150646,0.1267731517993879,2.0816681711721685e-17,False,2,False,0.037437159730094774,6.017408793468348e-14,1.5910609502398052,33.19230993713951,2,True,False,target_not_in_empirical_hull_at_all_times;minimum_interior_ess;calibration_residual_gate;insufficient_nontrivial_hidden_projection_shift,7,False
14,v6_F0300_k06025__v6_F0280_k05825,3,maximal_same_ic,0.12,0.016071432017150646,0.1267731517993879,2.0816681711721685e-17,False,1,False,0.044728232191852936,9.43689570931383e-16,2.033300612320133,15.499971006739036,1,False,False,target_not_in_empirical_hull_at_all_times;minimum_interior_ess;calibration_residual_gate;insufficient_nontrivial_hidden_projection_shift;hard_field_range_pathology,8,False
14,v6_F0300_k06025__v6_F0280_k05825,3,maximal_same_ic,0.14,0.016071432017150646,0.1267731517993879,2.0816681711721685e-17,False,1,False,0.004969961529455487,6.132871988029365e-13,4.696823659624833,35.612121167441884,1,False,False,target_not_in_empirical_hull_at_all_times;minimum_interior_ess;calibration_residual_gate;insufficient_nontrivial_hidden_projection_shift;hard_field_range_pathology,8,False
14,v6_F0300_k06025__v6_F0280_k05825,3,geometric_l2_ot,0.02,0.01126299496116176,0.10612725833244614,1.691355389077387e-17,True,9,True,0.01135410094311927,7.700617921102548e-12,2.481704014429332,30.73664988144985,9,True,False,minimum_interior_ess,0,True
14,v6_F0300_k06025__v6_F0280_k05825,3,geometric_l2_ot,0.03,0.01126299496116176,0.10612725833244614,1.691355389077387e-17,True,9,True,0.011367100411156726,8.760270286956029e-11,2.285361552935921,26.03175566687478,9,True,False,minimum_interior_ess,0,True
14,v6_F0300_k06025__v6_F0280_k05825,3,geometric_l2_ot,0.04,0.01126299496116176,0.10612725833244614,1.691355389077387e-17,False,7,False,0.002859548311816374,8.639777782093461e-11,2.2182979612447613,51.87305490646639,7,True,False,target_not_in_empirical_hull_at_all_times;minimum_interior_ess;calibration_residual_gate,2,False
14,v6_F0300_k06025__v6_F0280_k05825,3,geometric_l2_ot,0.05,0.01126299496116176,0.10612725833244614,1.691355389077387e-17,False,4,False,0.03296087211575913,8.680733909471883e-11,1.2366436040995068,15.08104538111103,4,True,False,target_not_in_empirical_hull_at_all_times;minimum_interior_ess;calibration_residual_gate,5,False
14,v6_F0300_k06025__v6_F0280_k05825,3,geometric_l2_ot,0.06,0.01126299496116176,0.10612725833244614,1.691355389077387e-17,False,4,False,0.004643110163816142,1.4847981733012716e-09,2.0026155916744743,77.43241072124474,4,True,False,target_not_in_empirical_hull_at_all_times;minimum_interior_ess;calibration_residual_gate,6,False
14,v6_F0300_k06025__v6_F0280_k05825,3,geometric_l2_ot,0.07,0.01126299496116176,0.10612725833244614,1.691355389077387e-17,False,3,False,0.0024574421236497235,1.1477974126705703e-10,2.293075681806299,77.7909080280083,3,True,False,target_not_in_empirical_hull_at_all_times;minimum_interior_ess;calibration_residual_gate,7,False
14,v6_F0300_k06025__v6_F0280_k05825,3,geometric_l2_ot,0.08,0.01126299496116176,0.10612725833244614,1.691355389077387e-17,False,2,False,0.1056863986556522,2.1316282072803006e-14,0.730724569429879,7.687672984522392,2,True,False,target_not_in_empirical_hull_at_all_times;minimum_interior_ess;calibration_residual_gate;insufficient_nontrivial_hidden_projection_shift,7,False
14,v6_F0300_k06025__v6_F0280_k05825,3,geometric_l2_ot,0.09,0.01126299496116176,0.10612725833244614,1.691355389077387e-17,False,2,False,0.078357797973161,3.622657729351886e-13,0.9845846476143316,16.603446868702537,2,True,False,target_not_in_empirical_hull_at_all_times;minimum_interior_ess;calibration_residual_gate;insufficient_nontrivial_hidden_projection_shift,7,False
14,v6_F0300_k06025__v6_F0280_k05825,3,geometric_l2_ot,0.1,0.01126299496116176,0.10612725833244614,1.691355389077387e-17,False,2,False,0.03606800044769798,6.009293063158339e-11,1.5699243957851354,34.6234329124664,2,True,False,target_not_in_empirical_hull_at_all_times;minimum_interior_ess;calibration_residual_gate;insufficient_nontrivial_hidden_projection_shift,7,False
14,v6_F0300_k06025__v6_F0280_k05825,3,geometric_l2_ot,0.12,0.01126299496116176,0.10612725833244614,1.691355389077387e-17,False,1,False,0.06105544802661668,9.245404442026484e-11,1.8749885201130985,14.755004623839168,1,False,False,target_not_in_empirical_hull_at_all_times;minimum_interior_ess;calibration_residual_gate;insufficient_nontrivial_hidden_projection_shift;hard_field_range_pathology,8,False
14,v6_F0300_k06025__v6_F0280_k05825,3,geometric_l2_ot,0.14,0.01126299496116176,0.10612725833244614,1.691355389077387e-17,False,1,False,0.0052990590685448626,1.8263168755083825e-12,4.752665378099342,49.93770287857154,1,False,False,target_not_in_empirical_hull_at_all_times;minimum_interior_ess;calibration_residual_gate;insufficient_nontrivial_hidden_projection_shift;hard_field_range_pathology,8,False
14,v6_F0300_k06025__v6_F0280_k05825,3,independent,0.02,0.02348617597436041,0.15325200153459795,2.7755575615628914e-17,False,3,False,0.0010632534809761245,1.978417429882029e-13,2.86540818230529,15.647022366289223,3,True,False,target_not_in_empirical_hull_at_all_times;minimum_interior_ess;calibration_residual_gate,6,False
14,v6_F0300_k06025__v6_F0280_k05825,3,independent,0.03,0.02348617597436041,0.15325200153459795,2.7755575615628914e-17,False,4,False,0.0006429417527401742,1.6653345369377348e-15,3.4730837280849687,9.217895681671608,4,True,False,target_not_in_empirical_hull_at_all_times;minimum_interior_ess;calibration_residual_gate,5,False
14,v6_F0300_k06025__v6_F0280_k05825,3,independent,0.04,0.02348617597436041,0.15325200153459795,2.7755575615628914e-17,False,3,False,0.0034152992554028322,2.1938504346508125e-09,2.1615131531448877,5.9877003278819645,3,True,False,target_not_in_empirical_hull_at_all_times;minimum_interior_ess;calibration_residual_gate,7,False
14,v6_F0300_k06025__v6_F0280_k05825,3,independent,0.05,0.02348617597436041,0.15325200153459795,2.7755575615628914e-17,False,2,False,0.07008686062073556,8.348355340359603e-11,1.1444230607853652,4.799420321406355,2,True,False,target_not_in_empirical_hull_at_all_times;minimum_interior_ess;calibration_residual_gate;insufficient_nontrivial_hidden_projection_shift,7,False
14,v6_F0300_k06025__v6_F0280_k05825,3,independent,0.06,0.02348617597436041,0.15325200153459795,2.7755575615628914e-17,False,2,False,0.013690651153955336,7.164269177906135e-11,1.7699024804138113,24.492422465592465,2,True,False,target_not_in_empirical_hull_at_all_times;minimum_interior_ess;calibration_residual_gate;insufficient_nontrivial_hidden_projection_shift,7,False
14,v6_F0300_k06025__v6_F0280_k05825,3,independent,0.07,0.02348617597436041,0.15325200153459795,2.7755575615628914e-17,False,2,False,0.0023079060393557003,2.4312885038568766e-11,3.0388079982900096,36.199139799209625,2,True,False,target_not_in_empirical_hull_at_all_times;minimum_interior_ess;calibration_residual_gate;insufficient_nontrivial_hidden_projection_shift,7,False
14,v6_F0300_k06025__v6_F0280_k05825,3,independent,0.08,0.02348617597436041,0.15325200153459795,2.7755575615628914e-17,False,2,False,0.003620664049140901,5.329070518200751e-15,2.654110346700663,14.231712098943492,2,True,False,target_not_in_empirical_hull_at_all_times;minimum_interior_ess;calibration_residual_gate;insufficient_nontrivial_hidden_projection_shift,7,False
14,v6_F0300_k06025__v6_F0280_k05825,3,independent,0.09,0.02348617597436041,0.15325200153459795,2.7755575615628914e-17,False,2,False,0.003682584821209339,1.3080032612577952e-09,2.5852813334658,9.934976478107073,2,True,False,target_not_in_empirical_hull_at_all_times;minimum_interior_ess;calibration_residual_gate;insufficient_nontrivial_hidden_projection_shift,8,False
14,v6_F0300_k06025__v6_F0280_k05825,3,independent,0.1,0.02348617597436041,0.15325200153459795,2.7755575615628914e-17,False,2,False,0.0023875388884696176,2.994049452809122e-12,2.9355023094350083,32.57568301468674,2,True,False,target_not_in_empirical_hull_at_all_times;minimum_interior_ess;calibration_residual_gate;insufficient_nontrivial_hidden_projection_shift,7,False
14,v6_F0300_k06025__v6_F0280_k05825,3,independent,0.12,0.02348617597436041,0.15325200153459795,2.7755575615628914e-17,False,1,False,0.047591254205640116,4.996003610813204e-16,2.2299414253902405,17.58685811981427,1,False,False,target_not_in_empirical_hull_at_all_times;minimum_interior_ess;calibration_residual_gate;insufficient_nontrivial_hidden_projection_shift;hard_field_range_pathology,8,False
14,v6_F0300_k06025__v6_F0280_k05825,3,independent,0.14,0.02348617597436041,0.15325200153459795,2.7755575615628914e-17,False,0,False,,,,,0,False,False,target_not_in_empirical_hull_at_all_times;minimum_interior_ess;calibration_residual_gate;insufficient_nontrivial_hidden_projection_shift;hard_field_range_pathology,9,False
