drifter_id,gate,crossing_time,crossing_lon,crossing_lat,horizon_days,completeness_class,coverage_fraction,max_gap_hours,drogue_class,drogue_lost_date_metadata,eligible,exclusion_reasons,year,month,season,decade
8909321,midatlantic_A,1989-11-22T12:00:00,-70.89100000000002,37.454,60,exact_6_hour,1.0,6.0,known_drogued_throughout,dated,True,,1989,11,SON,1980s
8909320,midatlantic_A,1989-11-11T06:00:00,-70.88400000000001,37.52,60,exact_6_hour,1.0,6.0,known_drogued_throughout,dated,True,,1989,11,SON,1980s
8909322,midatlantic_A,1989-12-01T18:00:00,-70.91899999999998,37.497,60,exact_6_hour,1.0,6.0,known_drogued_throughout,dated,True,,1989,12,DJF,1980s
8909323,midatlantic_A,1989-11-22T18:00:00,-70.96499999999997,37.61,60,exact_6_hour,1.0,6.0,known_drogued_throughout,dated,True,,1989,11,SON,1980s
8909325,midatlantic_A,1990-01-11T06:00:00,-70.82400000000001,37.964,60,exact_6_hour,1.0,6.0,known_drogued_throughout,dated,True,,1990,1,DJF,1990s
9009324,midatlantic_A,1990-02-03T18:00:00,-70.92200000000003,38.044,60,exact_6_hour,1.0,6.0,known_drogued_throughout,dated,True,,1990,2,DJF,1990s
9009326,midatlantic_A,1990-02-19T00:00:00,-70.86500000000001,38.065,60,exact_6_hour,1.0,6.0,known_drogued_throughout,dated,True,,1990,2,DJF,1990s
9009327,midatlantic_A,1990-02-19T00:00:00,-70.822,38.053,60,exact_6_hour,1.0,6.0,known_drogued_throughout,dated,True,,1990,2,DJF,1990s
9009329,midatlantic_A,1990-03-26T06:00:00,-70.98500000000001,38.004,60,exact_6_hour,1.0,6.0,known_drogued_throughout,dated,True,,1990,3,MAM,1990s
9012731,midatlantic_A,1990-04-18T18:00:00,-70.83999999999997,37.461,60,exact_6_hour,1.0,6.0,known_drogued_throughout,dated,True,,1990,4,MAM,1990s
9012734,midatlantic_A,1990-04-28T18:00:00,-70.78399999999999,37.426,60,exact_6_hour,1.0,6.0,known_drogued_throughout,dated,True,,1990,4,MAM,1990s
9012732,midatlantic_A,1990-05-27T18:00:00,-70.76600000000002,37.526,60,exact_6_hour,1.0,6.0,known_drogued_throughout,dated,True,,1990,5,MAM,1990s
9012733,midatlantic_A,1990-05-24T12:00:00,-70.846,37.934,60,exact_6_hour,1.0,6.0,known_drogued_throughout,dated,True,,1990,5,MAM,1990s
9012738,midatlantic_A,1990-05-22T06:00:00,-70.68700000000001,37.919,60,exact_6_hour,1.0,6.0,known_drogued_throughout,dated,True,,1990,5,MAM,1990s
9012735,midatlantic_A,1990-06-29T06:00:00,-70.947,37.18,60,exact_6_hour,1.0,6.0,known_drogued_throughout,dated,True,,1990,6,JJA,1990s
9012736,midatlantic_A,1990-07-15T00:00:00,-70.969,37.236,60,exact_6_hour,1.0,6.0,known_drogued_throughout,dated,True,,1990,7,JJA,1990s
9012737,midatlantic_A,1990-07-12T00:00:00,-70.89299999999997,37.41,60,exact_6_hour,1.0,6.0,known_drogued_throughout,dated,True,,1990,7,JJA,1990s
9012740,midatlantic_A,1990-07-12T18:00:00,-70.84199999999998,37.226,60,exact_6_hour,1.0,6.0,known_drogued_throughout,dated,True,,1990,7,JJA,1990s
9012741,midatlantic_A,1990-07-11T18:00:00,-70.94999999999999,37.291,60,materially_incomplete,0.8630705394190872,nan,not_assessed_incomplete,dated,False,not_exact_6_hour;not_assessed_incomplete,1990,7,JJA,1990s
9012739,midatlantic_A,1990-08-09T06:00:00,-70.99799999999999,37.202,60,materially_incomplete,0.9004149377593361,nan,not_assessed_incomplete,dated,False,not_exact_6_hour;not_assessed_incomplete,1990,8,JJA,1990s
9012742,midatlantic_A,1990-07-31T00:00:00,-70.81700000000001,37.122,60,materially_incomplete,0.46473029045643155,nan,not_assessed_incomplete,dated,False,not_exact_6_hour;not_assessed_incomplete,1990,7,JJA,1990s
9012749,midatlantic_A,1990-08-24T18:00:00,-70.82900000000001,37.46,60,exact_6_hour,1.0,6.0,known_drogued_throughout,dated,True,,1990,8,JJA,1990s
9012745,midatlantic_A,1990-08-17T00:00:00,-71.0,37.53,60,exact_6_hour,1.0,6.0,known_drogued_throughout,dated,True,,1990,8,JJA,1990s
9012748,midatlantic_A,1990-08-19T00:00:00,-70.98700000000002,37.435,60,exact_6_hour,1.0,6.0,known_drogued_throughout,dated,True,,1990,8,JJA,1990s
9012751,midatlantic_A,1990-09-26T18:00:00,-70.805,37.648,60,exact_6_hour,1.0,6.0,known_drogued_throughout,dated,True,,1990,9,SON,1990s
9012744,midatlantic_A,1990-10-05T06:00:00,-70.67099999999999,37.666,60,exact_6_hour,1.0,6.0,known_drogued_throughout,dated,True,,1990,10,SON,1990s
9012746,midatlantic_A,1990-10-01T00:00:00,-70.98599999999999,37.664,60,exact_6_hour,1.0,6.0,known_drogued_throughout,dated,True,,1990,10,SON,1990s
9012754,midatlantic_A,1990-11-11T00:00:00,-70.87700000000001,37.987,60,exact_6_hour,1.0,6.0,known_drogued_throughout,dated,True,,1990,11,SON,1990s
9012750,midatlantic_A,1990-10-05T00:00:00,-70.99900000000002,38.377,60,exact_6_hour,1.0,6.0,known_drogued_throughout,dated,True,,1990,10,SON,1990s
9012752,midatlantic_A,1990-11-12T18:00:00,-70.85399999999998,37.805,60,exact_6_hour,1.0,6.0,known_drogued_throughout,dated,True,,1990,11,SON,1990s
9012753,midatlantic_A,1990-11-07T12:00:00,-70.82,37.897,60,exact_6_hour,1.0,6.0,known_drogued_throughout,dated,True,,1990,11,SON,1990s
9012743,midatlantic_A,1990-11-29T12:00:00,-70.89499999999998,37.819,60,exact_6_hour,1.0,6.0,known_drogued_throughout,dated,True,,1990,11,SON,1990s
9012763,midatlantic_A,1990-11-20T00:00:00,-70.85500000000002,37.816,60,exact_6_hour,1.0,6.0,known_drogued_throughout,dated,True,,1990,11,SON,1990s
9012768,midatlantic_A,1990-12-17T18:00:00,-70.83699999999999,37.799,60,exact_6_hour,1.0,6.0,known_drogued_throughout,dated,True,,1990,12,DJF,1990s
9012758,midatlantic_A,1990-12-23T00:00:00,-70.82799999999997,37.841,60,exact_6_hour,1.0,6.0,known_drogued_throughout,dated,True,,1990,12,DJF,1990s
9012759,midatlantic_A,1991-01-22T12:00:00,-70.96800000000002,37.711,60,exact_6_hour,1.0,6.0,known_drogued_throughout,dated,True,,1991,1,DJF,1990s
9012761,midatlantic_A,1990-12-18T06:00:00,-71.0,37.849,60,exact_6_hour,1.0,6.0,known_drogued_throughout,dated,True,,1990,12,DJF,1990s
9012762,midatlantic_A,1991-01-11T06:00:00,-70.94099999999997,37.962,60,exact_6_hour,1.0,6.0,known_drogued_throughout,dated,True,,1991,1,DJF,1990s
9012760,midatlantic_A,1991-02-08T18:00:00,-70.85199999999998,38.4,60,exact_6_hour,1.0,6.0,known_drogued_throughout,dated,True,,1991,2,DJF,1990s
9012765,midatlantic_A,1991-02-09T06:00:00,-70.91199999999998,38.461,60,exact_6_hour,1.0,6.0,known_drogued_throughout,dated,True,,1991,2,DJF,1990s
9012770,midatlantic_A,1991-02-09T06:00:00,-70.99599999999998,38.432,60,exact_6_hour,1.0,6.0,known_drogued_throughout,dated,True,,1991,2,DJF,1990s
9112764,midatlantic_A,1991-02-09T18:00:00,-70.64499999999998,38.457,60,exact_6_hour,1.0,6.0,known_drogued_throughout,dated,True,,1991,2,DJF,1990s
9112769,midatlantic_A,1991-01-25T00:00:00,-70.84100000000001,37.685,60,exact_6_hour,1.0,6.0,known_drogued_throughout,dated,True,,1991,1,DJF,1990s
9112776,midatlantic_A,1991-02-15T06:00:00,-70.75,38.409,60,exact_6_hour,1.0,6.0,known_drogued_throughout,dated,True,,1991,2,DJF,1990s
9112771,midatlantic_A,1991-02-23T06:00:00,-70.98700000000002,38.194,60,exact_6_hour,1.0,6.0,known_drogued_throughout,dated,True,,1991,2,DJF,1990s
9112766,midatlantic_A,1991-02-19T12:00:00,-70.96800000000002,38.559,60,exact_6_hour,1.0,6.0,known_drogued_throughout,dated,True,,1991,2,DJF,1990s
9112774,midatlantic_A,1991-03-08T00:00:00,-70.976,38.333,60,exact_6_hour,1.0,6.0,known_drogued_throughout,dated,True,,1991,3,MAM,1990s
9112773,midatlantic_A,1991-03-28T06:00:00,-70.851,37.584,60,exact_6_hour,1.0,6.0,known_drogued_throughout,dated,True,,1991,3,MAM,1990s
9112772,midatlantic_A,1991-03-20T12:00:00,-70.81599999999997,37.632,60,exact_6_hour,1.0,6.0,known_drogued_throughout,dated,True,,1991,3,MAM,1990s
9112767,midatlantic_A,1991-03-29T18:00:00,-70.976,37.475,60,exact_6_hour,1.0,6.0,known_drogued_throughout,dated,True,,1991,3,MAM,1990s
9122730,midatlantic_A,1991-05-01T00:00:00,-70.957,37.725,60,exact_6_hour,1.0,6.0,known_drogued_throughout,dated,True,,1991,5,MAM,1990s
9122732,midatlantic_A,1991-04-28T06:00:00,-70.993,39.231,60,exact_6_hour,1.0,6.0,known_drogued_throughout,dated,True,,1991,4,MAM,1990s
9122733,midatlantic_A,1991-05-24T18:00:00,-70.969,38.001,60,exact_6_hour,1.0,6.0,known_drogued_throughout,dated,True,,1991,5,MAM,1990s
9122734,midatlantic_A,1991-06-02T00:00:00,-70.86700000000002,37.902,60,exact_6_hour,1.0,6.0,known_drogued_throughout,dated,True,,1991,6,JJA,1990s
9122735,midatlantic_A,1991-07-04T18:00:00,-70.90499999999997,38.109,60,exact_6_hour,1.0,6.0,known_drogued_throughout,dated,True,,1991,7,JJA,1990s
9122736,midatlantic_A,1991-06-16T06:00:00,-70.904,38.156,60,exact_6_hour,1.0,6.0,known_drogued_throughout,dated,True,,1991,6,JJA,1990s
9122731,midatlantic_A,1991-06-04T00:00:00,-70.87700000000001,38.133,60,exact_6_hour,1.0,6.0,known_drogued_throughout,dated,True,,1991,6,JJA,1990s
9122737,midatlantic_A,1991-05-29T06:00:00,-70.964,38.196,60,exact_6_hour,1.0,6.0,known_drogued_throughout,dated,True,,1991,5,MAM,1990s
7700463,midatlantic_A,1994-04-02T00:00:00,-70.894,37.36,60,exact_6_hour,1.0,6.0,known_drogued_throughout,dated,True,,1994,4,MAM,1990s
7700139,midatlantic_A,1994-06-21T00:00:00,-70.97899999999998,37.414,60,exact_6_hour,1.0,6.0,undrogued_at_entry,dated,False,undrogued_at_entry,1994,6,JJA,1990s
7700138,midatlantic_A,1994-06-12T18:00:00,-70.78199999999998,37.314,60,exact_6_hour,1.0,6.0,undrogued_at_entry,dated,False,undrogued_at_entry,1994,6,JJA,1990s
9423709,midatlantic_A,1995-07-16T00:00:00,-70.89999999999998,38.216,60,exact_6_hour,1.0,6.0,known_drogued_throughout,dated,True,,1995,7,JJA,1990s
9423714,midatlantic_A,1995-07-13T18:00:00,-70.97300000000001,38.401,60,exact_6_hour,1.0,6.0,known_drogued_throughout,dated,True,,1995,7,JJA,1990s
9423756,midatlantic_A,1995-07-15T18:00:00,-70.964,38.297,60,exact_6_hour,1.0,6.0,known_drogued_throughout,dated,True,,1995,7,JJA,1990s
9217772,midatlantic_A,1998-07-16T18:00:00,-70.88099999999997,36.793,60,exact_6_hour,1.0,6.0,undrogued_at_entry,dated,False,undrogued_at_entry,1998,7,JJA,1990s
9423720,midatlantic_A,1995-12-26T18:00:00,-70.83800000000002,37.579,60,exact_6_hour,1.0,6.0,known_drogued_throughout,dated,True,,1995,12,DJF,1990s
9423487,midatlantic_A,1995-06-27T12:00:00,-70.93799999999999,37.2,60,exact_6_hour,1.0,6.0,known_drogued_throughout,dated,True,,1995,6,JJA,1990s
9423750,midatlantic_A,1996-02-11T06:00:00,-70.84100000000001,37.854,60,exact_6_hour,1.0,6.0,known_drogued_throughout,dated,True,,1996,2,DJF,1990s
9423721,midatlantic_A,1996-02-14T12:00:00,-70.90100000000001,38.072,60,exact_6_hour,1.0,6.0,known_drogued_throughout,dated,True,,1996,2,DJF,1990s
9423767,midatlantic_A,1995-11-09T18:00:00,-70.99900000000002,40.431,60,exact_6_hour,1.0,6.0,known_drogued_throughout,dated,True,,1995,11,SON,1990s
9423579,midatlantic_A,1996-02-01T06:00:00,-70.99599999999998,35.709,60,exact_6_hour,1.0,6.0,known_drogued_throughout,dated,True,,1996,2,DJF,1990s
9423772,midatlantic_A,1996-01-08T12:00:00,-70.95800000000003,39.075,60,exact_6_hour,1.0,6.0,known_drogued_throughout,dated,True,,1996,1,DJF,1990s
9423771,midatlantic_A,1996-02-23T18:00:00,-70.94400000000002,37.819,60,exact_6_hour,1.0,6.0,known_drogued_throughout,dated,True,,1996,2,DJF,1990s
9423757,midatlantic_A,1996-04-02T00:00:00,-70.88400000000001,37.398,60,exact_6_hour,1.0,6.0,known_drogued_throughout,dated,True,,1996,4,MAM,1990s
9423769,midatlantic_A,1996-01-16T12:00:00,-70.97199999999998,39.15,60,exact_6_hour,1.0,6.0,known_drogued_throughout,dated,True,,1996,1,DJF,1990s
9423763,midatlantic_A,1996-01-19T06:00:00,-70.87700000000001,37.819,60,exact_6_hour,1.0,6.0,known_drogued_throughout,dated,True,,1996,1,DJF,1990s
9423723,midatlantic_A,1996-05-22T06:00:00,-70.94400000000002,37.426,60,exact_6_hour,1.0,6.0,known_drogued_throughout,dated,True,,1996,5,MAM,1990s
9423748,midatlantic_A,1996-03-22T12:00:00,-70.87200000000001,38.973,60,materially_incomplete,0.21991701244813278,nan,not_assessed_incomplete,dated,False,not_exact_6_hour;not_assessed_incomplete,1996,3,MAM,1990s
9423775,midatlantic_A,1996-04-29T12:00:00,-70.97199999999998,37.819,60,exact_6_hour,1.0,6.0,lost_during_horizon,dated,False,lost_during_horizon,1996,4,MAM,1990s
9423715,midatlantic_A,1996-05-17T06:00:00,-70.995,39.528,60,exact_6_hour,1.0,6.0,undrogued_at_entry,missing_or_zero,False,undrogued_at_entry,1996,5,MAM,1990s
9423760,midatlantic_A,1996-06-08T00:00:00,-70.89600000000002,36.97,60,materially_incomplete,0.2572614107883817,nan,not_assessed_incomplete,dated,False,not_exact_6_hour;not_assessed_incomplete,1996,6,JJA,1990s
9423762,midatlantic_A,1996-05-04T06:00:00,-70.84300000000002,37.45,60,exact_6_hour,1.0,6.0,known_drogued_throughout,dated,True,,1996,5,MAM,1990s
9423770,midatlantic_A,1996-06-12T00:00:00,-70.73000000000002,37.607,60,exact_6_hour,1.0,6.0,known_drogued_throughout,dated,True,,1996,6,JJA,1990s
9423786,midatlantic_A,1996-07-07T18:00:00,-70.99900000000002,36.985,60,exact_6_hour,1.0,6.0,undrogued_at_entry,missing_or_zero,False,undrogued_at_entry,1996,7,JJA,1990s
9423788,midatlantic_A,1996-07-19T00:00:00,-70.85700000000003,37.21,60,exact_6_hour,1.0,6.0,undrogued_at_entry,missing_or_zero,False,undrogued_at_entry,1996,7,JJA,1990s
9423785,midatlantic_A,1996-08-19T00:00:00,-70.96100000000001,36.996,60,exact_6_hour,1.0,6.0,undrogued_at_entry,dated,False,undrogued_at_entry,1996,8,JJA,1990s
9526398,midatlantic_A,1996-10-26T06:00:00,-70.64999999999998,37.543,60,materially_incomplete,0.8174273858921162,nan,not_assessed_incomplete,dated,False,not_exact_6_hour;not_assessed_incomplete,1996,10,SON,1990s
9423782,midatlantic_A,1996-07-25T00:00:00,-70.93599999999998,37.565,60,exact_6_hour,1.0,6.0,undrogued_at_entry,missing_or_zero,False,undrogued_at_entry,1996,7,JJA,1990s
9423793,midatlantic_A,1996-08-22T12:00:00,-70.92099999999999,36.973,60,materially_incomplete,0.23651452282157676,nan,not_assessed_incomplete,missing_or_zero,False,not_exact_6_hour;not_assessed_incomplete,1996,8,JJA,1990s
9423796,midatlantic_A,1996-07-07T06:00:00,-70.995,40.342,60,materially_incomplete,0.16597510373443983,nan,not_assessed_incomplete,missing_or_zero,False,not_exact_6_hour;not_assessed_incomplete,1996,7,JJA,1990s
9423800,midatlantic_A,1996-09-03T18:00:00,-70.98500000000001,37.115,60,exact_6_hour,1.0,6.0,known_drogued_throughout,dated,True,,1996,9,SON,1990s
9423795,midatlantic_A,1996-11-17T12:00:00,-70.969,37.261,60,exact_6_hour,1.0,6.0,known_drogued_throughout,dated,True,,1996,11,SON,1990s
9423804,midatlantic_A,1996-09-26T18:00:00,-70.84899999999999,37.832,60,exact_6_hour,1.0,6.0,undrogued_at_entry,dated,False,undrogued_at_entry,1996,9,SON,1990s
9423805,midatlantic_A,1996-12-02T18:00:00,-70.96100000000001,37.284,60,exact_6_hour,1.0,6.0,known_drogued_throughout,dated,True,,1996,12,DJF,1990s
9423811,midatlantic_A,1996-11-07T06:00:00,-70.64999999999998,37.291,60,exact_6_hour,1.0,6.0,known_drogued_throughout,dated,True,,1996,11,SON,1990s
9423797,midatlantic_A,1997-07-04T12:00:00,-70.96699999999998,40.49,60,exact_6_hour,1.0,6.0,known_drogued_throughout,dated,True,,1997,7,JJA,1990s
9624888,midatlantic_A,1997-09-07T12:00:00,-70.99799999999999,37.398,60,materially_incomplete,0.6348547717842323,nan,not_assessed_incomplete,missing_or_zero,False,not_exact_6_hour;not_assessed_incomplete,1997,9,SON,1990s
9624886,midatlantic_A,1997-04-27T18:00:00,-70.793,37.602,60,exact_6_hour,1.0,6.0,known_drogued_throughout,dated,True,,1997,4,MAM,1990s
9624885,midatlantic_A,1997-07-11T12:00:00,-70.91899999999998,39.065,60,materially_incomplete,0.6016597510373444,nan,not_assessed_incomplete,dated,False,not_exact_6_hour;not_assessed_incomplete,1997,7,JJA,1990s
9624887,midatlantic_A,1997-05-03T06:00:00,-70.875,37.506,60,exact_6_hour,1.0,6.0,known_drogued_throughout,dated,True,,1997,5,MAM,1990s
9624892,midatlantic_A,1997-04-10T12:00:00,-70.923,37.633,60,exact_6_hour,1.0,6.0,known_drogued_throughout,dated,True,,1997,4,MAM,1990s
9624889,midatlantic_A,1997-04-18T18:00:00,-70.86399999999998,37.745,60,exact_6_hour,1.0,6.0,known_drogued_throughout,dated,True,,1997,4,MAM,1990s
9624891,midatlantic_A,1997-05-22T06:00:00,-70.918,37.349,60,exact_6_hour,1.0,6.0,known_drogued_throughout,dated,True,,1997,5,MAM,1990s
9423813,midatlantic_A,1997-05-06T12:00:00,-70.88999999999999,37.312,60,exact_6_hour,1.0,6.0,undrogued_at_entry,missing_or_zero,False,undrogued_at_entry,1997,5,MAM,1990s
9423817,midatlantic_A,1997-05-27T18:00:00,-70.815,37.021,60,exact_6_hour,1.0,6.0,undrogued_at_entry,missing_or_zero,False,undrogued_at_entry,1997,5,MAM,1990s
9423818,midatlantic_A,1997-05-26T06:00:00,-70.96499999999997,38.794,60,exact_6_hour,1.0,6.0,known_drogued_throughout,dated,True,,1997,5,MAM,1990s
9624908,midatlantic_A,1997-04-28T12:00:00,-71.0,40.042,60,materially_incomplete,0.12448132780082988,nan,not_assessed_incomplete,dated,False,not_exact_6_hour;not_assessed_incomplete,1997,4,MAM,1990s
9624909,midatlantic_A,1997-05-04T00:00:00,-70.83800000000002,37.63,60,exact_6_hour,1.0,6.0,known_drogued_throughout,dated,True,,1997,5,MAM,1990s
9423819,midatlantic_A,1997-05-12T18:00:00,-70.75,37.226,60,exact_6_hour,1.0,6.0,undrogued_at_entry,missing_or_zero,False,undrogued_at_entry,1997,5,MAM,1990s
9624935,midatlantic_A,1997-07-04T12:00:00,-70.91300000000001,37.546,60,exact_6_hour,1.0,6.0,known_drogued_throughout,dated,True,,1997,7,JJA,1990s
9624929,midatlantic_A,1997-10-25T06:00:00,-71.0,40.823,60,materially_incomplete,0.7012448132780082,438.0,undrogued_at_entry,missing_or_zero,False,not_exact_6_hour;undrogued_at_entry,1997,10,SON,1990s
9624938,midatlantic_A,1997-08-01T06:00:00,-70.99700000000001,39.067,60,exact_6_hour,1.0,6.0,undrogued_at_entry,missing_or_zero,False,undrogued_at_entry,1997,8,JJA,1990s
9423798,midatlantic_A,1997-08-19T00:00:00,-70.983,40.071,60,materially_incomplete,0.14522821576763487,nan,not_assessed_incomplete,dated,False,not_exact_6_hour;not_assessed_incomplete,1997,8,JJA,1990s
9624911,midatlantic_A,1998-03-27T12:00:00,-71.0,40.787,60,exact_6_hour,1.0,6.0,undrogued_at_entry,missing_or_zero,False,undrogued_at_entry,1998,3,MAM,1990s
9423547,midatlantic_A,1998-12-08T18:00:00,-70.95400000000001,36.648,60,exact_6_hour,1.0,6.0,known_drogued_throughout,dated,True,,1998,12,DJF,1990s
9624922,midatlantic_A,1998-08-02T00:00:00,-70.928,40.664,60,exact_6_hour,1.0,6.0,undrogued_at_entry,missing_or_zero,False,undrogued_at_entry,1998,8,JJA,1990s
9730622,midatlantic_A,1998-11-29T12:00:00,-69.35000000000002,37.374,60,exact_6_hour,1.0,6.0,lost_during_horizon,dated,False,lost_during_horizon,1998,11,SON,1990s
9730659,midatlantic_A,1999-05-26T18:00:00,-70.887,37.62,60,exact_6_hour,1.0,6.0,undrogued_at_entry,dated,False,undrogued_at_entry,1999,5,MAM,1990s
9525721,midatlantic_A,1998-07-06T12:00:00,-70.93,36.889,60,exact_6_hour,1.0,6.0,known_drogued_throughout,dated,True,,1998,7,JJA,1990s
9525752,midatlantic_A,1998-12-28T00:00:00,-70.62900000000002,37.244,60,materially_incomplete,0.1908713692946058,nan,not_assessed_incomplete,dated,False,not_exact_6_hour;not_assessed_incomplete,1998,12,DJF,1990s
9729813,midatlantic_A,2000-01-15T18:00:00,-70.97899999999998,36.572,60,exact_6_hour,1.0,6.0,known_drogued_throughout,dated,True,,2000,1,DJF,2000s
9825539,midatlantic_A,1998-08-12T12:00:00,-70.75799999999998,36.77,60,exact_6_hour,1.0,6.0,known_drogued_throughout,dated,True,,1998,8,JJA,1990s
9825496,midatlantic_A,1998-08-12T06:00:00,-70.99599999999998,36.611,60,materially_incomplete,0.35269709543568467,nan,not_assessed_incomplete,dated,False,not_exact_6_hour;not_assessed_incomplete,1998,8,JJA,1990s
9728865,midatlantic_A,1999-09-24T12:00:00,-70.89699999999999,37.118,60,exact_6_hour,1.0,6.0,undrogued_at_entry,dated,False,undrogued_at_entry,1999,9,SON,1990s
9821159,midatlantic_A,1999-11-17T18:00:00,-70.99599999999998,37.943,60,exact_6_hour,1.0,6.0,known_drogued_throughout,dated,True,,1999,11,SON,1990s
9821003,midatlantic_A,1999-03-04T12:00:00,-70.964,40.065,60,exact_6_hour,1.0,6.0,known_drogued_throughout,dated,True,,1999,3,MAM,1990s
9624967,midatlantic_A,1999-04-04T12:00:00,-70.995,39.195,60,exact_6_hour,1.0,6.0,undrogued_at_entry,missing_or_zero,False,undrogued_at_entry,1999,4,MAM,1990s
9823729,midatlantic_A,1999-03-16T18:00:00,-70.75999999999999,37.43,60,exact_6_hour,1.0,6.0,known_drogued_throughout,dated,True,,1999,3,MAM,1990s
9820999,midatlantic_A,1999-03-22T18:00:00,-70.93,39.203,60,exact_6_hour,1.0,6.0,known_drogued_throughout,dated,True,,1999,3,MAM,1990s
9815236,midatlantic_A,1999-12-12T00:00:00,-70.882,37.975,60,exact_6_hour,1.0,6.0,undrogued_at_entry,missing_or_zero,False,undrogued_at_entry,1999,12,DJF,1990s
9815168,midatlantic_A,1999-05-23T06:00:00,-70.93599999999998,37.537,60,exact_6_hour,1.0,6.0,known_drogued_throughout,dated,True,,1999,5,MAM,1990s
9624969,midatlantic_A,1999-03-25T06:00:00,-70.887,39.227,60,exact_6_hour,1.0,6.0,undrogued_at_entry,dated,False,undrogued_at_entry,1999,3,MAM,1990s
9809635,midatlantic_A,2000-04-29T00:00:00,-70.89499999999998,37.635,60,materially_incomplete,1.0,nan,not_assessed_incomplete,dated,False,not_exact_6_hour;not_assessed_incomplete,2000,4,MAM,2000s
9624970,midatlantic_A,1999-06-01T18:00:00,-70.88799999999998,37.564,60,exact_6_hour,1.0,6.0,known_drogued_throughout,dated,True,,1999,6,JJA,1990s
9814570,midatlantic_A,1999-06-28T18:00:00,-70.98599999999999,40.531,60,exact_6_hour,1.0,6.0,undrogued_at_entry,missing_or_zero,False,undrogued_at_entry,1999,6,JJA,1990s
9624974,midatlantic_A,1999-06-25T06:00:00,-70.94299999999998,37.151,60,exact_6_hour,1.0,6.0,lost_during_horizon,dated,False,lost_during_horizon,1999,6,JJA,1990s
9812046,midatlantic_A,1999-04-25T06:00:00,-70.96199999999999,37.683,60,exact_6_hour,1.0,6.0,known_drogued_throughout,dated,True,,1999,4,MAM,1990s
9814572,midatlantic_A,1999-06-26T00:00:00,-71.0,40.27,60,exact_6_hour,1.0,6.0,known_drogued_throughout,dated,True,,1999,6,JJA,1990s
9815234,midatlantic_A,2000-06-22T18:00:00,-70.868,38.109,60,exact_6_hour,1.0,6.0,known_drogued_throughout,dated,True,,2000,6,JJA,2000s
9815125,midatlantic_A,1999-06-27T00:00:00,-70.94999999999999,37.393,60,exact_6_hour,1.0,6.0,known_drogued_throughout,dated,True,,1999,6,JJA,1990s
9815127,midatlantic_A,1999-12-17T18:00:00,-70.93200000000002,38.385,60,exact_6_hour,1.0,6.0,known_drogued_throughout,dated,True,,1999,12,DJF,1990s
9821001,midatlantic_A,1999-10-27T00:00:00,-70.89999999999998,37.716,60,exact_6_hour,1.0,6.0,known_drogued_throughout,dated,True,,1999,10,SON,1990s
9624968,midatlantic_A,1999-09-04T00:00:00,-70.98700000000002,40.589,60,exact_6_hour,1.0,6.0,known_drogued_throughout,dated,True,,1999,9,SON,1990s
9804532,midatlantic_A,2000-01-22T18:00:00,-70.91000000000003,37.942,60,exact_6_hour,1.0,6.0,known_drogued_throughout,dated,True,,2000,1,DJF,2000s
9714827,midatlantic_A,1999-09-20T00:00:00,-70.71699999999998,37.616,60,exact_6_hour,1.0,6.0,known_drogued_throughout,dated,True,,1999,9,SON,1990s
9714828,midatlantic_A,1999-12-26T12:00:00,-70.97199999999998,37.427,60,exact_6_hour,1.0,6.0,known_drogued_throughout,dated,True,,1999,12,DJF,1990s
17300,midatlantic_A,1999-12-31T00:00:00,-70.86500000000001,38.115,60,exact_6_hour,1.0,6.0,known_drogued_throughout,dated,True,,1999,12,DJF,1990s
17578,midatlantic_A,2000-08-27T12:00:00,-70.79700000000003,38.575,60,exact_6_hour,1.0,6.0,undrogued_at_entry,dated,False,undrogued_at_entry,2000,8,JJA,2000s
17503,midatlantic_A,2000-07-03T00:00:00,-70.80799999999999,38.189,60,exact_6_hour,1.0,6.0,lost_during_horizon,dated,False,lost_during_horizon,2000,7,JJA,2000s
19465,midatlantic_A,2000-05-11T12:00:00,-70.596,37.884,60,exact_6_hour,1.0,6.0,known_drogued_throughout,dated,True,,2000,5,MAM,2000s
19464,midatlantic_A,2000-03-17T12:00:00,-70.89699999999999,37.22,60,exact_6_hour,1.0,6.0,known_drogued_throughout,dated,True,,2000,3,MAM,2000s
18809,midatlantic_A,2000-04-23T06:00:00,-70.60199999999998,37.742,60,exact_6_hour,1.0,6.0,known_drogued_throughout,dated,True,,2000,4,MAM,2000s
18909,midatlantic_A,2001-06-18T06:00:00,-70.594,37.51,60,materially_incomplete,0.17842323651452283,nan,not_assessed_incomplete,dated,False,not_exact_6_hour;not_assessed_incomplete,2001,6,JJA,2000s
22167,midatlantic_A,2000-09-30T00:00:00,-70.66500000000002,38.307,60,exact_6_hour,1.0,6.0,known_drogued_throughout,dated,True,,2000,9,SON,2000s
26881,midatlantic_A,2000-12-24T06:00:00,-70.69,37.654,60,exact_6_hour,1.0,6.0,undrogued_at_entry,missing_or_zero,False,undrogued_at_entry,2000,12,DJF,2000s
26598,midatlantic_A,2000-10-09T00:00:00,-70.90800000000002,38.394,60,materially_incomplete,0.6514522821576764,510.0,undrogued_at_entry,dated,False,not_exact_6_hour;undrogued_at_entry,2000,10,SON,2000s
26658,midatlantic_A,2001-03-08T18:00:00,-70.93700000000001,38.447,60,materially_incomplete,0.983402489626556,nan,not_assessed_incomplete,missing_or_zero,False,not_exact_6_hour;not_assessed_incomplete,2001,3,MAM,2000s
26880,midatlantic_A,2001-06-27T12:00:00,-70.81,37.987,60,exact_6_hour,1.0,6.0,undrogued_at_entry,dated,False,undrogued_at_entry,2001,6,JJA,2000s
26886,midatlantic_A,2001-01-28T00:00:00,-70.97000000000003,37.431,60,exact_6_hour,1.0,6.0,undrogued_at_entry,missing_or_zero,False,undrogued_at_entry,2001,1,DJF,2000s
26862,midatlantic_A,2001-03-04T00:00:00,-70.94,38.687,60,exact_6_hour,1.0,6.0,undrogued_at_entry,missing_or_zero,False,undrogued_at_entry,2001,3,MAM,2000s
29156,midatlantic_A,2002-08-26T00:00:00,-70.815,37.602,60,exact_6_hour,1.0,6.0,undrogued_at_entry,dated,False,undrogued_at_entry,2002,8,JJA,2000s
7647,midatlantic_A,2002-04-11T18:00:00,-70.69400000000002,37.506,60,exact_6_hour,1.0,6.0,known_drogued_throughout,dated,True,,2002,4,MAM,2000s
27064,midatlantic_A,2001-11-09T00:00:00,-70.70999999999998,38.037,60,exact_6_hour,1.0,6.0,known_drogued_throughout,dated,True,,2001,11,SON,2000s
27063,midatlantic_A,2001-11-19T12:00:00,-70.95400000000001,37.374,60,exact_6_hour,1.0,6.0,known_drogued_throughout,dated,True,,2001,11,SON,2000s
27060,midatlantic_A,2002-01-31T12:00:00,-70.79199999999997,37.332,60,exact_6_hour,1.0,6.0,lost_during_horizon,dated,False,lost_during_horizon,2002,1,DJF,2000s
27065,midatlantic_A,2001-12-08T00:00:00,-70.80000000000001,37.811,60,exact_6_hour,1.0,6.0,undrogued_at_entry,dated,False,undrogued_at_entry,2001,12,DJF,2000s
28865,midatlantic_A,2002-01-07T12:00:00,-70.95299999999997,39.069,60,exact_6_hour,1.0,6.0,known_drogued_throughout,dated,True,,2002,1,DJF,2000s
28843,midatlantic_A,2002-02-02T18:00:00,-70.91399999999999,37.329,60,exact_6_hour,1.0,6.0,undrogued_at_entry,dated,False,undrogued_at_entry,2002,2,DJF,2000s
28864,midatlantic_A,2002-02-13T06:00:00,-70.983,37.29,60,exact_6_hour,1.0,6.0,known_drogued_throughout,dated,True,,2002,2,DJF,2000s
28866,midatlantic_A,2002-01-14T12:00:00,-70.981,40.377,60,exact_6_hour,1.0,6.0,known_drogued_throughout,dated,True,,2002,1,DJF,2000s
28867,midatlantic_A,2002-04-19T00:00:00,-70.73599999999999,37.454,60,exact_6_hour,1.0,6.0,known_drogued_throughout,dated,True,,2002,4,MAM,2000s
23118,midatlantic_A,2002-03-30T18:00:00,-70.97399999999999,37.741,60,exact_6_hour,1.0,6.0,undrogued_at_entry,missing_or_zero,False,undrogued_at_entry,2002,3,MAM,2000s
23067,midatlantic_A,2002-04-09T00:00:00,-70.94900000000001,37.687,60,exact_6_hour,1.0,6.0,undrogued_at_entry,dated,False,undrogued_at_entry,2002,4,MAM,2000s
23120,midatlantic_A,2002-03-24T18:00:00,-70.73700000000002,37.516,60,exact_6_hour,1.0,6.0,undrogued_at_entry,dated,False,undrogued_at_entry,2002,3,MAM,2000s
29134,midatlantic_A,2002-05-10T00:00:00,-70.82900000000001,37.509,60,materially_incomplete,0.7676348547717843,nan,not_assessed_incomplete,dated,False,not_exact_6_hour;not_assessed_incomplete,2002,5,MAM,2000s
27364,midatlantic_A,2002-03-24T00:00:00,-70.54500000000002,37.536,60,exact_6_hour,1.0,6.0,known_drogued_throughout,dated,True,,2002,3,MAM,2000s
27275,midatlantic_A,2002-03-22T18:00:00,-70.673,37.569,60,exact_6_hour,1.0,6.0,known_drogued_throughout,dated,True,,2002,3,MAM,2000s
34731,midatlantic_A,2002-08-13T00:00:00,-70.79500000000002,37.932,60,exact_6_hour,1.0,6.0,undrogued_at_entry,dated,False,undrogued_at_entry,2002,8,JJA,2000s
26887,midatlantic_A,2002-08-26T12:00:00,-70.86000000000001,37.953,60,exact_6_hour,1.0,6.0,known_drogued_throughout,dated,True,,2002,8,JJA,2000s
30372,midatlantic_A,2002-08-30T12:00:00,-70.96300000000002,37.93,60,materially_incomplete,1.0,nan,not_assessed_incomplete,missing_or_zero,False,not_exact_6_hour;not_assessed_incomplete,2002,8,JJA,2000s
26857,midatlantic_A,2002-08-19T18:00:00,-70.94900000000001,37.87,60,exact_6_hour,1.0,6.0,undrogued_at_entry,missing_or_zero,False,undrogued_at_entry,2002,8,JJA,2000s
30428,midatlantic_A,2002-11-28T06:00:00,-70.85000000000002,37.882,60,exact_6_hour,1.0,6.0,undrogued_at_entry,missing_or_zero,False,undrogued_at_entry,2002,11,SON,2000s
26657,midatlantic_A,2002-11-19T18:00:00,-70.707,37.631,60,exact_6_hour,1.0,6.0,undrogued_at_entry,missing_or_zero,False,undrogued_at_entry,2002,11,SON,2000s
26597,midatlantic_A,2002-10-20T12:00:00,-70.793,37.75,60,exact_6_hour,1.0,6.0,undrogued_at_entry,missing_or_zero,False,undrogued_at_entry,2002,10,SON,2000s
37634,midatlantic_A,2003-02-15T18:00:00,-70.82100000000003,37.739,60,exact_6_hour,1.0,6.0,known_drogued_throughout,dated,True,,2003,2,DJF,2000s
37635,midatlantic_A,2003-02-16T12:00:00,-70.89100000000002,37.607,60,exact_6_hour,1.0,6.0,known_drogued_throughout,dated,True,,2003,2,DJF,2000s
37636,midatlantic_A,2003-02-11T06:00:00,-70.945,37.674,60,exact_6_hour,1.0,6.0,known_drogued_throughout,dated,True,,2003,2,DJF,2000s
37637,midatlantic_A,2003-02-15T06:00:00,-70.75999999999999,37.725,60,exact_6_hour,1.0,6.0,known_drogued_throughout,dated,True,,2003,2,DJF,2000s
23062,midatlantic_A,2003-02-15T06:00:00,-70.93299999999999,37.707,60,exact_6_hour,1.0,6.0,undrogued_at_entry,missing_or_zero,False,undrogued_at_entry,2003,2,DJF,2000s
23121,midatlantic_A,2003-02-16T18:00:00,-70.81900000000002,37.632,60,exact_6_hour,1.0,6.0,undrogued_at_entry,dated,False,undrogued_at_entry,2003,2,DJF,2000s
23065,midatlantic_A,2003-02-17T00:00:00,-70.92099999999999,37.623,60,exact_6_hour,1.0,6.0,undrogued_at_entry,missing_or_zero,False,undrogued_at_entry,2003,2,DJF,2000s
22647,midatlantic_A,2003-07-25T18:00:00,-70.98500000000001,36.898,60,exact_6_hour,1.0,6.0,lost_during_horizon,dated,False,lost_during_horizon,2003,7,JJA,2000s
22516,midatlantic_A,2003-06-14T00:00:00,-70.96600000000001,38.598,60,exact_6_hour,1.0,6.0,known_drogued_throughout,dated,True,,2003,6,JJA,2000s
22513,midatlantic_A,2003-07-26T00:00:00,-70.91199999999998,36.776,60,exact_6_hour,1.0,6.0,known_drogued_throughout,dated,True,,2003,7,JJA,2000s
34749,midatlantic_A,2004-10-10T18:00:00,-70.971,37.113,60,materially_incomplete,0.1078838174273859,nan,not_assessed_incomplete,dated,False,not_exact_6_hour;not_assessed_incomplete,2004,10,SON,2000s
34747,midatlantic_A,2003-12-19T06:00:00,-70.91699999999997,36.324,60,exact_6_hour,1.0,6.0,undrogued_at_entry,missing_or_zero,False,undrogued_at_entry,2003,12,DJF,2000s
40430,midatlantic_A,2004-08-20T06:00:00,-70.851,37.179,60,materially_incomplete,0.43983402489626555,nan,not_assessed_incomplete,dated,False,not_exact_6_hour;not_assessed_incomplete,2004,8,JJA,2000s
39611,midatlantic_A,2003-08-10T12:00:00,-70.83699999999999,36.725,60,exact_6_hour,1.0,6.0,known_drogued_throughout,dated,True,,2003,8,JJA,2000s
39610,midatlantic_A,2003-08-12T00:00:00,-70.89299999999997,36.595,60,exact_6_hour,1.0,6.0,known_drogued_throughout,dated,True,,2003,8,JJA,2000s
39609,midatlantic_A,2003-08-09T06:00:00,-70.649,37.109,60,exact_6_hour,1.0,6.0,known_drogued_throughout,dated,True,,2003,8,JJA,2000s
39612,midatlantic_A,2003-08-11T00:00:00,-70.92899999999997,36.625,60,exact_6_hour,1.0,6.0,known_drogued_throughout,dated,True,,2003,8,JJA,2000s
22521,midatlantic_A,2003-12-13T00:00:00,-70.779,36.726,60,exact_6_hour,1.0,6.0,known_drogued_throughout,dated,True,,2003,12,DJF,2000s
39120,midatlantic_A,2004-02-13T00:00:00,-70.85300000000001,37.089,60,exact_6_hour,1.0,6.0,known_drogued_throughout,dated,True,,2004,2,DJF,2000s
21156,midatlantic_A,2004-04-24T18:00:00,-70.87900000000002,36.927,60,exact_6_hour,1.0,6.0,known_drogued_throughout,dated,True,,2004,4,MAM,2000s
44834,midatlantic_A,2005-12-19T00:00:00,-70.84500000000003,37.576,60,exact_6_hour,1.0,6.0,undrogued_at_entry,dated,False,undrogued_at_entry,2005,12,DJF,2000s
47577,midatlantic_A,2004-09-15T00:00:00,-70.91199999999998,36.822,60,exact_6_hour,1.0,6.0,known_drogued_throughout,dated,True,,2004,9,SON,2000s
49588,midatlantic_A,2004-11-08T18:00:00,-70.97800000000001,36.729,60,materially_incomplete,0.3112033195020747,nan,not_assessed_incomplete,dated,False,not_exact_6_hour;not_assessed_incomplete,2004,11,SON,2000s
49590,midatlantic_A,2004-10-29T06:00:00,-70.91699999999997,36.611,60,materially_incomplete,0.5767634854771784,nan,not_assessed_incomplete,dated,False,not_exact_6_hour;not_assessed_incomplete,2004,10,SON,2000s
43625,midatlantic_A,2005-12-26T12:00:00,-70.863,37.004,60,materially_incomplete,0.6929460580912863,nan,not_assessed_incomplete,dated,False,not_exact_6_hour;not_assessed_incomplete,2005,12,DJF,2000s
44848,midatlantic_A,2005-06-30T12:00:00,-70.82900000000001,36.365,60,exact_6_hour,1.0,6.0,known_drogued_throughout,dated,True,,2005,6,JJA,2000s
55118,midatlantic_A,2007-01-07T00:00:00,-70.834,37.338,60,exact_6_hour,1.0,6.0,undrogued_at_entry,dated,False,undrogued_at_entry,2007,1,DJF,2000s
55117,midatlantic_A,2005-09-05T18:00:00,-70.99099999999999,36.539,60,exact_6_hour,1.0,6.0,known_drogued_throughout,dated,True,,2005,9,SON,2000s
55111,midatlantic_A,2005-07-02T06:00:00,-70.70600000000002,36.337,60,materially_incomplete,0.26556016597510373,nan,not_assessed_incomplete,dated,False,not_exact_6_hour;not_assessed_incomplete,2005,7,JJA,2000s
55144,midatlantic_A,2005-07-29T18:00:00,-70.69200000000001,36.688,60,exact_6_hour,1.0,6.0,known_drogued_throughout,dated,True,,2005,7,JJA,2000s
55136,midatlantic_A,2005-06-14T12:00:00,-70.91500000000002,36.171,60,exact_6_hour,1.0,6.0,undrogued_at_entry,missing_or_zero,False,undrogued_at_entry,2005,6,JJA,2000s
55145,midatlantic_A,2005-08-02T00:00:00,-70.928,36.546,60,exact_6_hour,1.0,6.0,known_drogued_throughout,dated,True,,2005,8,JJA,2000s
55148,midatlantic_A,2005-07-26T18:00:00,-70.92399999999998,36.598,60,exact_6_hour,1.0,6.0,known_drogued_throughout,dated,True,,2005,7,JJA,2000s
55121,midatlantic_A,2005-08-01T12:00:00,-70.947,36.539,60,exact_6_hour,1.0,6.0,lost_during_horizon,dated,False,lost_during_horizon,2005,8,JJA,2000s
55110,midatlantic_A,2005-07-24T00:00:00,-70.892,36.539,60,exact_6_hour,1.0,6.0,known_drogued_throughout,dated,True,,2005,7,JJA,2000s
55120,midatlantic_A,2005-07-24T06:00:00,-70.95400000000001,36.457,60,exact_6_hour,1.0,6.0,known_drogued_throughout,dated,True,,2005,7,JJA,2000s
55131,midatlantic_A,2005-07-29T18:00:00,-70.654,36.919,60,exact_6_hour,1.0,6.0,undrogued_at_entry,missing_or_zero,False,undrogued_at_entry,2005,7,JJA,2000s
55355,midatlantic_A,2005-10-21T12:00:00,-70.98500000000001,36.283,60,exact_6_hour,1.0,6.0,known_drogued_throughout,dated,True,,2005,10,SON,2000s
55153,midatlantic_A,2005-10-16T18:00:00,-70.67500000000001,36.678,60,materially_incomplete,0.7302904564315352,nan,not_assessed_incomplete,dated,False,not_exact_6_hour;not_assessed_incomplete,2005,10,SON,2000s
2556329,midatlantic_A,2006-01-15T00:00:00,-70.899,37.003,60,exact_6_hour,1.0,6.0,known_drogued_throughout,dated,True,,2006,1,DJF,2000s
55162,midatlantic_A,2005-11-27T00:00:00,-70.95299999999997,36.655,60,exact_6_hour,1.0,6.0,known_drogued_throughout,dated,True,,2005,11,SON,2000s
59857,midatlantic_A,2005-11-09T00:00:00,-70.92200000000003,37.124,60,materially_incomplete,0.13278008298755187,nan,not_assessed_incomplete,dated,False,not_exact_6_hour;not_assessed_incomplete,2005,11,SON,2000s
54381,midatlantic_A,2008-03-09T00:00:00,-70.87799999999999,35.217,60,exact_6_hour,1.0,6.0,undrogued_at_entry,dated,False,undrogued_at_entry,2008,3,MAM,2000s
54389,midatlantic_A,2006-07-10T12:00:00,-70.755,36.894,60,exact_6_hour,1.0,6.0,undrogued_at_entry,dated,False,undrogued_at_entry,2006,7,JJA,2000s
54388,midatlantic_A,2006-12-30T12:00:00,-70.928,37.436,60,exact_6_hour,1.0,6.0,undrogued_at_entry,dated,False,undrogued_at_entry,2006,12,DJF,2000s
54385,midatlantic_A,2005-11-16T12:00:00,-70.89499999999998,37.531,60,exact_6_hour,1.0,6.0,undrogued_at_entry,dated,False,undrogued_at_entry,2005,11,SON,2000s
54386,midatlantic_A,2005-10-07T06:00:00,-71.0,36.69,60,exact_6_hour,1.0,6.0,lost_during_horizon,dated,False,lost_during_horizon,2005,10,SON,2000s
54387,midatlantic_A,2005-10-07T00:00:00,-70.65499999999997,36.833,60,exact_6_hour,1.0,6.0,lost_during_horizon,dated,False,lost_during_horizon,2005,10,SON,2000s
57924,midatlantic_A,2005-11-09T00:00:00,-70.97899999999998,36.919,60,exact_6_hour,1.0,6.0,undrogued_at_entry,dated,False,undrogued_at_entry,2005,11,SON,2000s
57943,midatlantic_A,2005-11-07T06:00:00,-70.92500000000001,36.872,60,exact_6_hour,1.0,6.0,undrogued_at_entry,dated,False,undrogued_at_entry,2005,11,SON,2000s
57942,midatlantic_A,2006-05-29T12:00:00,-70.97399999999999,36.392,60,exact_6_hour,1.0,6.0,undrogued_at_entry,dated,False,undrogued_at_entry,2006,5,MAM,2000s
55116,midatlantic_A,2008-05-17T12:00:00,-70.85199999999998,35.541,60,materially_incomplete,0.24896265560165975,nan,not_assessed_incomplete,dated,False,not_exact_6_hour;not_assessed_incomplete,2008,5,MAM,2000s
62310,midatlantic_A,2006-06-11T18:00:00,-70.65800000000002,36.609,60,exact_6_hour,1.0,6.0,undrogued_at_entry,dated,False,undrogued_at_entry,2006,6,JJA,2000s
62311,midatlantic_A,2006-04-20T12:00:00,-70.50799999999998,36.659,60,exact_6_hour,1.0,6.0,known_drogued_throughout,dated,True,,2006,4,MAM,2000s
59827,midatlantic_A,2006-05-22T00:00:00,-70.75099999999998,36.715,60,exact_6_hour,1.0,6.0,undrogued_at_entry,missing_or_zero,False,undrogued_at_entry,2006,5,MAM,2000s
59861,midatlantic_A,2007-01-26T00:00:00,-70.91500000000002,37.25,60,exact_6_hour,1.0,6.0,known_drogued_throughout,dated,True,,2007,1,DJF,2000s
44036,midatlantic_A,2008-12-02T00:00:00,-70.94299999999998,36.717,60,exact_6_hour,1.0,6.0,undrogued_at_entry,dated,False,undrogued_at_entry,2008,12,DJF,2000s
60364,midatlantic_A,2007-12-29T06:00:00,-70.95999999999998,36.54,60,exact_6_hour,1.0,6.0,undrogued_at_entry,dated,False,undrogued_at_entry,2007,12,DJF,2000s
63945,midatlantic_A,2009-01-19T12:00:00,-70.993,36.763,60,exact_6_hour,1.0,6.0,undrogued_at_entry,dated,False,undrogued_at_entry,2009,1,DJF,2000s
62912,midatlantic_A,2006-07-28T12:00:00,-70.85899999999998,37.499,60,materially_incomplete,0.7012448132780082,nan,not_assessed_incomplete,dated,False,not_exact_6_hour;not_assessed_incomplete,2006,7,JJA,2000s
63944,midatlantic_A,2006-07-31T00:00:00,-70.81200000000001,37.318,60,exact_6_hour,1.0,6.0,known_drogued_throughout,dated,True,,2006,7,JJA,2000s
60350,midatlantic_A,2006-07-22T06:00:00,-70.63999999999999,37.107,60,exact_6_hour,1.0,6.0,undrogued_at_entry,missing_or_zero,False,undrogued_at_entry,2006,7,JJA,2000s
62237,midatlantic_A,2006-07-25T18:00:00,-70.79000000000002,37.265,60,materially_incomplete,0.8174273858921162,nan,not_assessed_incomplete,dated,False,not_exact_6_hour;not_assessed_incomplete,2006,7,JJA,2000s
55353,midatlantic_A,2006-07-10T00:00:00,-70.91899999999998,36.926,60,exact_6_hour,1.0,6.0,known_drogued_throughout,dated,True,,2006,7,JJA,2000s
54625,midatlantic_A,2006-07-27T00:00:00,-70.61900000000003,37.167,60,exact_6_hour,1.0,6.0,undrogued_at_entry,dated,False,undrogued_at_entry,2006,7,JJA,2000s
63837,midatlantic_A,2006-10-05T06:00:00,-70.93700000000001,36.556,60,exact_6_hour,1.0,6.0,undrogued_at_entry,dated,False,undrogued_at_entry,2006,10,SON,2000s
64582,midatlantic_A,2006-08-30T06:00:00,-70.72399999999999,37.446,60,exact_6_hour,1.0,6.0,undrogued_at_entry,dated,False,undrogued_at_entry,2006,8,JJA,2000s
62225,midatlantic_A,2006-10-06T12:00:00,-70.59300000000002,37.75,60,exact_6_hour,1.0,6.0,known_drogued_throughout,dated,True,,2006,10,SON,2000s
62229,midatlantic_A,2006-10-08T12:00:00,-70.51499999999999,37.904,60,exact_6_hour,1.0,6.0,known_drogued_throughout,dated,True,,2006,10,SON,2000s
62230,midatlantic_A,2007-04-16T06:00:00,-70.99200000000002,37.883,60,exact_6_hour,1.0,6.0,undrogued_at_entry,dated,False,undrogued_at_entry,2007,4,MAM,2000s
62232,midatlantic_A,2007-12-17T12:00:00,-70.94299999999998,35.782,60,exact_6_hour,1.0,6.0,undrogued_at_entry,dated,False,undrogued_at_entry,2007,12,DJF,2000s
63133,midatlantic_A,2008-05-20T18:00:00,-70.856,36.06,60,exact_6_hour,1.0,6.0,undrogued_at_entry,dated,False,undrogued_at_entry,2008,5,MAM,2000s
62904,midatlantic_A,2007-01-20T12:00:00,-70.702,37.596,60,exact_6_hour,1.0,6.0,known_drogued_throughout,dated,True,,2007,1,DJF,2000s
59851,midatlantic_A,2007-01-01T18:00:00,-70.97300000000001,37.468,60,materially_incomplete,0.42323651452282157,nan,not_assessed_incomplete,dated,False,not_exact_6_hour;not_assessed_incomplete,2007,1,DJF,2000s
64649,midatlantic_A,2008-10-08T00:00:00,-70.82999999999998,37.206,60,exact_6_hour,1.0,6.0,undrogued_at_entry,dated,False,undrogued_at_entry,2008,10,SON,2000s
62228,midatlantic_A,2007-05-28T18:00:00,-70.80399999999997,36.777,60,exact_6_hour,1.0,6.0,undrogued_at_entry,dated,False,undrogued_at_entry,2007,5,MAM,2000s
72111,midatlantic_A,2008-05-13T12:00:00,-70.82799999999997,35.969,60,materially_incomplete,0.8506224066390041,nan,not_assessed_incomplete,dated,False,not_exact_6_hour;not_assessed_incomplete,2008,5,MAM,2000s
72102,midatlantic_A,2007-11-25T18:00:00,-70.98500000000001,35.299,60,exact_6_hour,1.0,6.0,known_drogued_throughout,dated,True,,2007,11,SON,2000s
72056,midatlantic_A,2007-10-16T18:00:00,-70.88499999999999,36.651,60,exact_6_hour,1.0,6.0,lost_during_horizon,dated,False,lost_during_horizon,2007,10,SON,2000s
72098,midatlantic_A,2007-11-02T00:00:00,-70.97000000000003,35.959,60,exact_6_hour,1.0,6.0,known_drogued_throughout,dated,True,,2007,11,SON,2000s
72106,midatlantic_A,2007-09-21T06:00:00,-70.87299999999999,37.1,60,exact_6_hour,1.0,6.0,known_drogued_throughout,dated,True,,2007,9,SON,2000s
72070,midatlantic_A,2007-10-18T00:00:00,-70.947,37.042,60,exact_6_hour,1.0,6.0,lost_during_horizon,dated,False,lost_during_horizon,2007,10,SON,2000s
59819,midatlantic_A,2007-04-22T00:00:00,-70.952,37.144,60,exact_6_hour,1.0,6.0,known_drogued_throughout,dated,True,,2007,4,MAM,2000s
62883,midatlantic_A,2008-09-18T00:00:00,-70.84800000000001,36.433,60,exact_6_hour,1.0,6.0,undrogued_at_entry,dated,False,undrogued_at_entry,2008,9,SON,2000s
70827,midatlantic_A,2008-01-14T06:00:00,-70.92500000000001,36.523,60,exact_6_hour,1.0,6.0,undrogued_at_entry,dated,False,undrogued_at_entry,2008,1,DJF,2000s
64644,midatlantic_A,2009-05-07T06:00:00,-70.94400000000002,37.192,60,exact_6_hour,1.0,6.0,undrogued_at_entry,dated,False,undrogued_at_entry,2009,5,MAM,2000s
62889,midatlantic_A,2008-12-07T12:00:00,-70.99000000000001,35.261,60,exact_6_hour,1.0,6.0,undrogued_at_entry,dated,False,undrogued_at_entry,2008,12,DJF,2000s
55352,midatlantic_A,2007-10-12T18:00:00,-70.65199999999999,37.347,60,exact_6_hour,1.0,6.0,undrogued_at_entry,dated,False,undrogued_at_entry,2007,10,SON,2000s
71113,midatlantic_A,2007-08-18T12:00:00,-70.96199999999999,37.722,60,exact_6_hour,1.0,6.0,known_drogued_throughout,dated,True,,2007,8,JJA,2000s
71121,midatlantic_A,2007-08-17T12:00:00,-70.97000000000003,37.706,60,exact_6_hour,1.0,6.0,known_drogued_throughout,dated,True,,2007,8,JJA,2000s
71129,midatlantic_A,2007-08-16T18:00:00,-70.87799999999999,37.988,60,exact_6_hour,1.0,6.0,undrogued_at_entry,missing_or_zero,False,undrogued_at_entry,2007,8,JJA,2000s
71096,midatlantic_A,2008-02-25T00:00:00,-70.882,38.243,60,exact_6_hour,1.0,6.0,undrogued_at_entry,missing_or_zero,False,undrogued_at_entry,2008,2,DJF,2000s
71181,midatlantic_A,2007-09-24T18:00:00,-70.805,37.259,60,exact_6_hour,1.0,6.0,known_drogued_throughout,dated,True,,2007,9,SON,2000s
71210,midatlantic_A,2007-09-25T12:00:00,-70.97899999999998,37.362,60,exact_6_hour,1.0,6.0,known_drogued_throughout,dated,True,,2007,9,SON,2000s
71177,midatlantic_A,2007-09-24T12:00:00,-70.86500000000001,37.224,60,exact_6_hour,1.0,6.0,known_drogued_throughout,dated,True,,2007,9,SON,2000s
71172,midatlantic_A,2007-10-20T06:00:00,-70.89699999999999,37.376,60,exact_6_hour,1.0,6.0,known_drogued_throughout,dated,True,,2007,10,SON,2000s
71173,midatlantic_A,2007-10-11T06:00:00,-70.86700000000002,37.368,60,exact_6_hour,1.0,6.0,known_drogued_throughout,dated,True,,2007,10,SON,2000s
59855,midatlantic_A,2008-02-08T18:00:00,-70.87200000000001,36.025,60,exact_6_hour,1.0,6.0,undrogued_at_entry,dated,False,undrogued_at_entry,2008,2,DJF,2000s
59858,midatlantic_A,2008-02-15T06:00:00,-70.90899999999999,37.324,60,exact_6_hour,1.0,6.0,known_drogued_throughout,dated,True,,2008,2,DJF,2000s
71475,midatlantic_A,2008-03-15T00:00:00,-70.83999999999997,36.42,60,exact_6_hour,1.0,6.0,known_drogued_throughout,dated,True,,2008,3,MAM,2000s
75447,midatlantic_A,2008-03-15T00:00:00,-70.779,36.434,60,materially_incomplete,0.7883817427385892,nan,not_assessed_incomplete,dated,False,not_exact_6_hour;not_assessed_incomplete,2008,3,MAM,2000s
79244,midatlantic_A,2008-03-15T00:00:00,-70.79599999999999,36.442,60,materially_incomplete,0.5228215767634855,nan,not_assessed_incomplete,dated,False,not_exact_6_hour;not_assessed_incomplete,2008,3,MAM,2000s
75152,midatlantic_A,2008-03-15T00:00:00,-70.791,36.434,60,exact_6_hour,1.0,6.0,known_drogued_throughout,dated,True,,2008,3,MAM,2000s
75157,midatlantic_A,2011-10-20T18:00:00,-70.70800000000003,36.714,60,exact_6_hour,1.0,6.0,undrogued_at_entry,dated,False,undrogued_at_entry,2011,10,SON,2010s
71453,midatlantic_A,2009-08-22T00:00:00,-70.74900000000002,37.34,60,materially_incomplete,0.5601659751037344,nan,not_assessed_incomplete,dated,False,not_exact_6_hour;not_assessed_incomplete,2009,8,JJA,2000s
78919,midatlantic_A,2008-07-14T18:00:00,-70.77999999999997,37.07,60,exact_6_hour,1.0,6.0,known_drogued_throughout,dated,True,,2008,7,JJA,2000s
78920,midatlantic_A,2008-08-18T06:00:00,-70.99700000000001,38.548,60,materially_incomplete,0.3900414937759336,nan,not_assessed_incomplete,dated,False,not_exact_6_hour;not_assessed_incomplete,2008,8,JJA,2000s
79181,midatlantic_A,2008-08-28T18:00:00,-70.65300000000002,36.99,60,exact_6_hour,1.0,6.0,known_drogued_throughout,dated,True,,2008,8,JJA,2000s
79182,midatlantic_A,2008-10-15T12:00:00,-70.95600000000002,36.571,60,exact_6_hour,1.0,6.0,known_drogued_throughout,dated,True,,2008,10,SON,2000s
71460,midatlantic_A,2009-06-13T00:00:00,-70.906,36.982,60,exact_6_hour,1.0,6.0,undrogued_at_entry,dated,False,undrogued_at_entry,2009,6,JJA,2000s
79291,midatlantic_A,2009-02-28T12:00:00,-70.88299999999998,36.606,60,exact_6_hour,1.0,6.0,known_drogued_throughout,dated,True,,2009,2,DJF,2000s
79280,midatlantic_A,2009-04-01T18:00:00,-70.97800000000001,36.51,60,exact_6_hour,1.0,6.0,known_drogued_throughout,dated,True,,2009,4,MAM,2000s
79296,midatlantic_A,2009-02-28T18:00:00,-70.66500000000002,36.637,60,exact_6_hour,1.0,6.0,known_drogued_throughout,dated,True,,2009,2,DJF,2000s
79224,midatlantic_A,2009-09-04T12:00:00,-70.93700000000001,36.993,60,exact_6_hour,1.0,6.0,known_drogued_throughout,dated,True,,2009,9,SON,2000s
88646,midatlantic_A,2009-07-08T18:00:00,-70.96800000000002,36.641,60,exact_6_hour,1.0,6.0,known_drogued_throughout,dated,True,,2009,7,JJA,2000s
75193,midatlantic_A,2009-08-06T18:00:00,-70.77800000000002,37.124,60,exact_6_hour,1.0,6.0,known_drogued_throughout,dated,True,,2009,8,JJA,2000s
88638,midatlantic_A,2009-05-25T12:00:00,-70.94200000000001,36.947,60,exact_6_hour,1.0,6.0,undrogued_at_entry,dated,False,undrogued_at_entry,2009,5,MAM,2000s
88628,midatlantic_A,2009-07-14T12:00:00,-70.96300000000002,37.026,60,exact_6_hour,1.0,6.0,undrogued_at_entry,dated,False,undrogued_at_entry,2009,7,JJA,2000s
88591,midatlantic_A,2009-06-18T12:00:00,-70.96199999999999,37.788,60,materially_incomplete,0.7178423236514523,nan,not_assessed_incomplete,dated,False,not_exact_6_hour;not_assessed_incomplete,2009,6,JJA,2000s
88593,midatlantic_A,2009-06-27T00:00:00,-70.76299999999998,37.835,60,exact_6_hour,1.0,6.0,lost_during_horizon,dated,False,lost_during_horizon,2009,6,JJA,2000s
92918,midatlantic_A,2010-10-05T12:00:00,-70.767,36.414,60,exact_6_hour,1.0,6.0,known_drogued_throughout,dated,True,,2010,10,SON,2010s
92917,midatlantic_A,2010-06-30T00:00:00,-70.988,36.583,60,exact_6_hour,1.0,6.0,known_drogued_throughout,dated,True,,2010,6,JJA,2010s
92912,midatlantic_A,2010-04-30T00:00:00,-70.81400000000002,36.313,60,exact_6_hour,1.0,6.0,known_drogued_throughout,dated,True,,2010,4,MAM,2010s
92919,midatlantic_A,2010-10-13T12:00:00,-70.74900000000002,37.153,60,exact_6_hour,1.0,6.0,known_drogued_throughout,dated,True,,2010,10,SON,2010s
79255,midatlantic_A,2011-12-08T18:00:00,-70.86399999999998,37.481,60,exact_6_hour,1.0,6.0,undrogued_at_entry,dated,False,undrogued_at_entry,2011,12,DJF,2010s
88534,midatlantic_A,2011-01-08T06:00:00,-70.96699999999998,35.324,60,exact_6_hour,1.0,6.0,undrogued_at_entry,dated,False,undrogued_at_entry,2011,1,DJF,2010s
88562,midatlantic_A,2010-11-14T06:00:00,-70.93599999999998,37.058,60,exact_6_hour,1.0,6.0,lost_during_horizon,dated,False,lost_during_horizon,2010,11,SON,2010s
88582,midatlantic_A,2011-01-04T12:00:00,-70.93400000000003,37.238,60,exact_6_hour,1.0,6.0,known_drogued_throughout,dated,True,,2011,1,DJF,2010s
88532,midatlantic_A,2010-09-18T18:00:00,-70.78500000000003,37.887,60,exact_6_hour,1.0,6.0,known_drogued_throughout,dated,True,,2010,9,SON,2010s
88590,midatlantic_A,2010-10-31T06:00:00,-70.957,37.009,60,exact_6_hour,1.0,6.0,known_drogued_throughout,dated,True,,2010,10,SON,2010s
88579,midatlantic_A,2011-01-07T00:00:00,-70.791,37.198,60,exact_6_hour,1.0,6.0,undrogued_at_entry,missing_or_zero,False,undrogued_at_entry,2011,1,DJF,2010s
88547,midatlantic_A,2010-08-29T12:00:00,-70.92500000000001,36.247,60,exact_6_hour,1.0,6.0,undrogued_at_entry,dated,False,undrogued_at_entry,2010,8,JJA,2010s
98944,midatlantic_A,2010-10-19T18:00:00,-70.93799999999999,36.5,60,exact_6_hour,1.0,6.0,undrogued_at_entry,dated,False,undrogued_at_entry,2010,10,SON,2010s
98936,midatlantic_A,2010-08-08T00:00:00,-70.87799999999999,37.661,60,exact_6_hour,1.0,6.0,known_drogued_throughout,dated,True,,2010,8,JJA,2010s
98941,midatlantic_A,2010-07-29T18:00:00,-70.97899999999998,37.461,60,materially_incomplete,0.5684647302904564,nan,not_assessed_incomplete,dated,False,not_exact_6_hour;not_assessed_incomplete,2010,7,JJA,2010s
98938,midatlantic_A,2010-09-26T12:00:00,-70.721,37.254,60,materially_incomplete,0.5684647302904564,nan,not_assessed_incomplete,missing_or_zero,False,not_exact_6_hour;not_assessed_incomplete,2010,9,SON,2010s
98942,midatlantic_A,2010-09-08T12:00:00,-70.99700000000001,36.568,60,exact_6_hour,1.0,6.0,lost_during_horizon,dated,False,lost_during_horizon,2010,9,SON,2010s
98945,midatlantic_A,2010-08-18T18:00:00,-70.82100000000003,36.279,60,exact_6_hour,1.0,6.0,undrogued_at_entry,missing_or_zero,False,undrogued_at_entry,2010,8,JJA,2010s
98913,midatlantic_A,2011-02-14T18:00:00,-70.757,35.938,60,exact_6_hour,1.0,6.0,undrogued_at_entry,dated,False,undrogued_at_entry,2011,2,DJF,2010s
98915,midatlantic_A,2011-11-11T18:00:00,-70.91300000000001,36.685,60,materially_incomplete,0.22821576763485477,nan,not_assessed_incomplete,dated,False,not_exact_6_hour;not_assessed_incomplete,2011,11,SON,2010s
98906,midatlantic_A,2010-10-25T12:00:00,-70.88499999999999,37.182,60,exact_6_hour,1.0,6.0,lost_during_horizon,dated,False,lost_during_horizon,2010,10,SON,2010s
39095,midatlantic_A,2012-05-02T18:00:00,-70.993,35.603,60,exact_6_hour,1.0,6.0,undrogued_at_entry,dated,False,undrogued_at_entry,2012,5,MAM,2010s
102554,midatlantic_A,2011-01-24T18:00:00,-70.91000000000003,36.596,60,exact_6_hour,1.0,6.0,known_drogued_throughout,dated,True,,2011,1,DJF,2010s
40176,midatlantic_A,2011-01-23T00:00:00,-70.969,36.706,60,exact_6_hour,1.0,6.0,known_drogued_throughout,dated,True,,2011,1,DJF,2010s
82413,midatlantic_A,2011-01-23T12:00:00,-70.96800000000002,36.801,60,exact_6_hour,1.0,6.0,known_drogued_throughout,dated,True,,2011,1,DJF,2010s
102556,midatlantic_A,2011-01-23T12:00:00,-70.90100000000001,36.395,60,materially_incomplete,0.38589211618257263,nan,not_assessed_incomplete,dated,False,not_exact_6_hour;not_assessed_incomplete,2011,1,DJF,2010s
102553,midatlantic_A,2011-01-31T18:00:00,-70.88900000000001,35.847,60,exact_6_hour,1.0,6.0,lost_during_horizon,dated,False,lost_during_horizon,2011,1,DJF,2010s
82410,midatlantic_A,2011-01-24T00:00:00,-70.89800000000002,36.473,60,exact_6_hour,1.0,6.0,lost_during_horizon,dated,False,lost_during_horizon,2011,1,DJF,2010s
40294,midatlantic_A,2011-02-15T00:00:00,-70.79599999999999,35.564,60,exact_6_hour,1.0,6.0,known_drogued_throughout,dated,True,,2011,2,DJF,2010s
88574,midatlantic_A,2011-02-15T00:00:00,-70.97300000000001,35.176,60,exact_6_hour,1.0,6.0,undrogued_at_entry,dated,False,undrogued_at_entry,2011,2,DJF,2010s
102557,midatlantic_A,2011-01-23T18:00:00,-70.77100000000002,36.492,60,exact_6_hour,1.0,6.0,lost_during_horizon,dated,False,lost_during_horizon,2011,1,DJF,2010s
82447,midatlantic_A,2011-01-23T18:00:00,-70.76600000000002,36.659,60,exact_6_hour,1.0,6.0,known_drogued_throughout,dated,True,,2011,1,DJF,2010s
38595,midatlantic_A,2011-02-04T06:00:00,-70.969,35.76,60,exact_6_hour,1.0,6.0,lost_during_horizon,dated,False,lost_during_horizon,2011,2,DJF,2010s
43647,midatlantic_A,2011-01-23T18:00:00,-70.80200000000002,36.54,60,exact_6_hour,1.0,6.0,known_drogued_throughout,dated,True,,2011,1,DJF,2010s
102594,midatlantic_A,2011-07-27T18:00:00,-70.99400000000003,36.154,60,exact_6_hour,1.0,6.0,undrogued_at_entry,dated,False,undrogued_at_entry,2011,7,JJA,2010s
105410,midatlantic_A,2011-06-08T06:00:00,-70.74900000000002,36.78,60,exact_6_hour,1.0,6.0,known_drogued_throughout,dated,True,,2011,6,JJA,2010s
105415,midatlantic_A,2011-06-01T06:00:00,-70.88499999999999,36.904,60,exact_6_hour,1.0,6.0,lost_during_horizon,dated,False,lost_during_horizon,2011,6,JJA,2010s
105414,midatlantic_A,2011-05-27T00:00:00,-70.95299999999997,36.79,60,exact_6_hour,1.0,6.0,known_drogued_throughout,dated,True,,2011,5,MAM,2010s
98991,midatlantic_A,2011-10-22T06:00:00,-70.96699999999998,37.104,60,exact_6_hour,1.0,6.0,undrogued_at_entry,dated,False,undrogued_at_entry,2011,10,SON,2010s
93001,midatlantic_A,2011-08-24T18:00:00,-70.62599999999998,36.928,60,exact_6_hour,1.0,6.0,known_drogued_throughout,dated,True,,2011,8,JJA,2010s
40047,midatlantic_A,2011-12-20T18:00:00,-70.99400000000003,36.224,60,exact_6_hour,1.0,6.0,lost_during_horizon,dated,False,lost_during_horizon,2011,12,DJF,2010s
99005,midatlantic_A,2011-11-21T12:00:00,-70.98500000000001,36.727,60,exact_6_hour,1.0,6.0,undrogued_at_entry,dated,False,undrogued_at_entry,2011,11,SON,2010s
93004,midatlantic_A,2011-11-20T18:00:00,-70.91000000000003,36.036,60,exact_6_hour,1.0,6.0,undrogued_at_entry,dated,False,undrogued_at_entry,2011,11,SON,2010s
93006,midatlantic_A,2011-08-30T00:00:00,-70.96499999999997,37.306,60,exact_6_hour,1.0,6.0,known_drogued_throughout,dated,True,,2011,8,JJA,2010s
93002,midatlantic_A,2011-07-19T00:00:00,-70.98899999999998,36.636,60,exact_6_hour,1.0,6.0,known_drogued_throughout,dated,True,,2011,7,JJA,2010s
40008,midatlantic_A,2011-07-31T18:00:00,-70.99900000000002,36.299,60,exact_6_hour,1.0,6.0,known_drogued_throughout,dated,True,,2011,7,JJA,2010s
40010,midatlantic_A,2011-12-08T00:00:00,-70.92700000000002,36.971,60,exact_6_hour,1.0,6.0,undrogued_at_entry,dated,False,undrogued_at_entry,2011,12,DJF,2010s
39190,midatlantic_A,2011-11-09T18:00:00,-70.964,36.226,60,exact_6_hour,1.0,6.0,lost_during_horizon,dated,False,lost_during_horizon,2011,11,SON,2010s
40009,midatlantic_A,2012-01-09T00:00:00,-70.83699999999999,36.917,60,materially_incomplete,0.6182572614107884,nan,not_assessed_incomplete,dated,False,not_exact_6_hour;not_assessed_incomplete,2012,1,DJF,2010s
40079,midatlantic_A,2011-07-22T00:00:00,-70.90899999999999,37.486,60,exact_6_hour,1.0,6.0,undrogued_at_entry,dated,False,undrogued_at_entry,2011,7,JJA,2010s
39892,midatlantic_A,2011-10-30T18:00:00,-70.84199999999998,36.502,60,exact_6_hour,1.0,6.0,known_drogued_throughout,dated,True,,2011,10,SON,2010s
37032,midatlantic_A,2011-11-19T12:00:00,-70.988,36.781,60,exact_6_hour,1.0,6.0,known_drogued_throughout,dated,True,,2011,11,SON,2010s
39891,midatlantic_A,2011-10-19T00:00:00,-70.769,36.641,60,exact_6_hour,1.0,6.0,known_drogued_throughout,dated,True,,2011,10,SON,2010s
39890,midatlantic_A,2011-10-18T18:00:00,-70.666,36.874,60,exact_6_hour,1.0,6.0,known_drogued_throughout,dated,True,,2011,10,SON,2010s
98975,midatlantic_A,2011-10-29T18:00:00,-70.91500000000002,36.987,60,materially_incomplete,0.07053941908713693,nan,not_assessed_incomplete,dated,False,not_exact_6_hour;not_assessed_incomplete,2011,10,SON,2010s
98974,midatlantic_A,2011-11-01T06:00:00,-70.78699999999998,36.623,60,exact_6_hour,1.0,6.0,lost_during_horizon,dated,False,lost_during_horizon,2011,11,SON,2010s
107572,midatlantic_A,2011-10-28T06:00:00,-70.88499999999999,36.69,60,exact_6_hour,1.0,6.0,known_drogued_throughout,dated,True,,2011,10,SON,2010s
107570,midatlantic_A,2011-11-01T00:00:00,-70.74099999999999,36.787,60,materially_incomplete,0.7925311203319502,306.0,lost_during_horizon,dated,False,not_exact_6_hour;lost_during_horizon,2011,11,SON,2010s
101912,midatlantic_A,2012-02-23T00:00:00,-70.59899999999999,37.826,60,exact_6_hour,1.0,6.0,known_drogued_throughout,dated,True,,2012,2,DJF,2010s
101569,midatlantic_A,2012-03-25T18:00:00,-70.75,37.917,60,exact_6_hour,1.0,6.0,known_drogued_throughout,dated,True,,2012,3,MAM,2010s
101989,midatlantic_A,2012-03-17T12:00:00,-70.78399999999999,37.864,60,materially_incomplete,0.029045643153526972,nan,not_assessed_incomplete,dated,False,not_exact_6_hour;not_assessed_incomplete,2012,3,MAM,2010s
107573,midatlantic_A,2012-03-28T00:00:00,-70.945,37.808,60,exact_6_hour,1.0,6.0,known_drogued_throughout,dated,True,,2012,3,MAM,2010s
107577,midatlantic_A,2012-03-29T00:00:00,-70.81700000000001,37.918,60,exact_6_hour,1.0,6.0,known_drogued_throughout,dated,True,,2012,3,MAM,2010s
101975,midatlantic_A,2012-05-20T00:00:00,-70.88400000000001,36.026,60,exact_6_hour,1.0,6.0,lost_during_horizon,dated,False,lost_during_horizon,2012,5,MAM,2010s
101557,midatlantic_A,2012-08-10T06:00:00,-70.88999999999999,36.101,60,materially_incomplete,0.9585062240663901,nan,not_assessed_incomplete,dated,False,not_exact_6_hour;not_assessed_incomplete,2012,8,JJA,2010s
101907,midatlantic_A,2012-06-05T00:00:00,-70.89999999999998,38.098,60,exact_6_hour,1.0,6.0,known_drogued_throughout,dated,True,,2012,6,JJA,2010s
101550,midatlantic_A,2012-08-01T12:00:00,-70.85500000000002,37.077,60,exact_6_hour,1.0,6.0,undrogued_at_entry,dated,False,undrogued_at_entry,2012,8,JJA,2010s
43565,midatlantic_A,2012-06-20T12:00:00,-70.95499999999998,37.958,60,exact_6_hour,1.0,6.0,known_drogued_throughout,dated,True,,2012,6,JJA,2010s
101551,midatlantic_A,2012-05-27T12:00:00,-70.74000000000001,37.551,60,exact_6_hour,1.0,6.0,known_drogued_throughout,dated,True,,2012,5,MAM,2010s
107568,midatlantic_A,2012-05-16T06:00:00,-70.882,37.707,60,materially_incomplete,0.7510373443983402,nan,not_assessed_incomplete,dated,False,not_exact_6_hour;not_assessed_incomplete,2012,5,MAM,2010s
37456,midatlantic_A,2012-05-27T00:00:00,-70.86900000000003,37.434,60,exact_6_hour,1.0,6.0,known_drogued_throughout,dated,True,,2012,5,MAM,2010s
300034012724770,midatlantic_A,2012-05-16T06:00:00,-70.99099999999999,37.497,60,exact_6_hour,1.0,6.0,known_drogued_throughout,dated,True,,2012,5,MAM,2010s
107588,midatlantic_A,2012-05-16T00:00:00,-70.72399999999999,37.888,60,exact_6_hour,1.0,6.0,known_drogued_throughout,dated,True,,2012,5,MAM,2010s
107594,midatlantic_A,2012-05-23T18:00:00,-70.983,37.092,60,materially_incomplete,0.7385892116182573,nan,not_assessed_incomplete,dated,False,not_exact_6_hour;not_assessed_incomplete,2012,5,MAM,2010s
101575,midatlantic_A,2012-06-02T18:00:00,-70.911,38.295,60,exact_6_hour,1.0,6.0,known_drogued_throughout,dated,True,,2012,6,JJA,2010s
107646,midatlantic_A,2012-06-22T18:00:00,-70.97800000000001,37.723,60,exact_6_hour,1.0,6.0,known_drogued_throughout,dated,True,,2012,6,JJA,2010s
101605,midatlantic_A,2013-02-24T18:00:00,-70.995,37.135,60,materially_incomplete,0.6721991701244814,nan,not_assessed_incomplete,dated,False,not_exact_6_hour;not_assessed_incomplete,2013,2,DJF,2010s
114922,midatlantic_A,2013-01-23T00:00:00,-70.75900000000001,37.014,60,exact_6_hour,1.0,6.0,undrogued_at_entry,dated,False,undrogued_at_entry,2013,1,DJF,2010s
123247,midatlantic_A,2012-12-24T06:00:00,-70.77300000000002,37.602,60,exact_6_hour,1.0,6.0,known_drogued_throughout,dated,True,,2012,12,DJF,2010s
118491,midatlantic_A,2013-11-13T18:00:00,-70.97300000000001,36.781,60,exact_6_hour,1.0,6.0,undrogued_at_entry,dated,False,undrogued_at_entry,2013,11,SON,2010s
122615,midatlantic_A,2013-12-02T12:00:00,-70.656,38.04,60,exact_6_hour,1.0,6.0,undrogued_at_entry,dated,False,undrogued_at_entry,2013,12,DJF,2010s
122619,midatlantic_A,2014-08-04T18:00:00,-70.99400000000003,35.975,60,exact_6_hour,1.0,6.0,undrogued_at_entry,dated,False,undrogued_at_entry,2014,8,JJA,2010s
114550,midatlantic_A,2013-05-03T06:00:00,-70.976,36.86,60,exact_6_hour,1.0,6.0,known_drogued_throughout,dated,True,,2013,5,MAM,2010s
109235,midatlantic_A,2013-03-30T18:00:00,-70.976,36.809,60,exact_6_hour,1.0,6.0,known_drogued_throughout,dated,True,,2013,3,MAM,2010s
114558,midatlantic_A,2013-03-30T18:00:00,-70.85899999999998,36.735,60,exact_6_hour,1.0,6.0,known_drogued_throughout,dated,True,,2013,3,MAM,2010s
109221,midatlantic_A,2014-04-23T18:00:00,-70.846,37.696,60,exact_6_hour,1.0,6.0,undrogued_at_entry,dated,False,undrogued_at_entry,2014,4,MAM,2010s
113958,midatlantic_A,2016-01-11T18:00:00,-70.92200000000003,35.304,60,materially_incomplete,0.26141078838174275,nan,not_assessed_incomplete,dated,False,not_exact_6_hour;not_assessed_incomplete,2016,1,DJF,2010s
122609,midatlantic_A,2013-08-23T12:00:00,-70.709,37.076,60,exact_6_hour,1.0,6.0,known_drogued_throughout,dated,True,,2013,8,JJA,2010s
122599,midatlantic_A,2013-11-02T18:00:00,-70.63,37.399,60,exact_6_hour,1.0,6.0,lost_during_horizon,dated,False,lost_during_horizon,2013,11,SON,2010s
122608,midatlantic_A,2013-09-25T12:00:00,-70.96100000000001,36.525,60,exact_6_hour,1.0,6.0,known_drogued_throughout,dated,True,,2013,9,SON,2010s
122602,midatlantic_A,2013-11-06T00:00:00,-70.935,36.972,60,exact_6_hour,1.0,6.0,known_drogued_throughout,dated,True,,2013,11,SON,2010s
122603,midatlantic_A,2013-11-19T12:00:00,-70.99200000000002,37.026,60,exact_6_hour,1.0,6.0,lost_during_horizon,dated,False,lost_during_horizon,2013,11,SON,2010s
101623,midatlantic_A,2013-09-20T12:00:00,-70.99099999999999,37.285,60,exact_6_hour,1.0,6.0,known_drogued_throughout,dated,True,,2013,9,SON,2010s
114931,midatlantic_A,2013-07-25T06:00:00,-70.97000000000003,37.854,60,exact_6_hour,1.0,6.0,known_drogued_throughout,dated,True,,2013,7,JJA,2010s
101718,midatlantic_A,2013-12-25T12:00:00,-70.97800000000001,35.381,60,exact_6_hour,1.0,6.0,undrogued_at_entry,dated,False,undrogued_at_entry,2013,12,DJF,2010s
101722,midatlantic_A,2013-08-17T12:00:00,-70.99000000000001,35.836,60,exact_6_hour,1.0,6.0,known_drogued_throughout,dated,True,,2013,8,JJA,2010s
116059,midatlantic_A,2013-09-29T18:00:00,-70.73500000000001,37.513,60,exact_6_hour,1.0,6.0,known_drogued_throughout,dated,True,,2013,9,SON,2010s
116058,midatlantic_A,2013-09-30T00:00:00,-70.644,37.529,60,materially_incomplete,0.8298755186721992,nan,not_assessed_incomplete,dated,False,not_exact_6_hour;not_assessed_incomplete,2013,9,SON,2010s
122670,midatlantic_A,2013-09-29T18:00:00,-70.91300000000001,37.442,60,exact_6_hour,1.0,6.0,known_drogued_throughout,dated,True,,2013,9,SON,2010s
122668,midatlantic_A,2013-09-30T00:00:00,-70.63099999999997,37.588,60,exact_6_hour,1.0,6.0,known_drogued_throughout,dated,True,,2013,9,SON,2010s
122673,midatlantic_A,2013-09-30T00:00:00,-70.65300000000002,37.568,60,exact_6_hour,1.0,6.0,known_drogued_throughout,dated,True,,2013,9,SON,2010s
122675,midatlantic_A,2013-09-30T00:00:00,-70.61500000000001,37.526,60,exact_6_hour,1.0,6.0,known_drogued_throughout,dated,True,,2013,9,SON,2010s
122671,midatlantic_A,2013-09-29T18:00:00,-70.72000000000003,37.518,60,materially_incomplete,0.02074688796680498,nan,not_assessed_incomplete,dated,False,not_exact_6_hour;not_assessed_incomplete,2013,9,SON,2010s
122669,midatlantic_A,2013-09-30T06:00:00,-70.66000000000003,37.62,60,materially_incomplete,0.43983402489626555,nan,not_assessed_incomplete,dated,False,not_exact_6_hour;not_assessed_incomplete,2013,9,SON,2010s
122674,midatlantic_A,2013-09-30T00:00:00,-70.613,37.592,60,exact_6_hour,1.0,6.0,known_drogued_throughout,dated,True,,2013,9,SON,2010s
114599,midatlantic_A,2015-08-02T18:00:00,-70.96100000000001,36.551,60,exact_6_hour,1.0,6.0,undrogued_at_entry,dated,False,undrogued_at_entry,2015,8,JJA,2010s
116295,midatlantic_A,2015-02-18T06:00:00,-70.95400000000001,35.026,60,exact_6_hour,1.0,6.0,known_drogued_throughout,dated,True,,2015,2,DJF,2010s
135914,midatlantic_A,2014-10-01T18:00:00,-70.983,36.626,60,exact_6_hour,1.0,6.0,known_drogued_throughout,dated,True,,2014,10,SON,2010s
116148,midatlantic_A,2014-09-25T12:00:00,-70.89299999999997,37.701,60,exact_6_hour,1.0,6.0,known_drogued_throughout,dated,True,,2014,9,SON,2010s
102004,midatlantic_A,2014-05-23T18:00:00,-70.98899999999998,37.842,60,exact_6_hour,1.0,6.0,lost_during_horizon,dated,False,lost_during_horizon,2014,5,MAM,2010s
116191,midatlantic_A,2014-05-08T00:00:00,-70.83300000000003,37.233,60,exact_6_hour,1.0,6.0,known_drogued_throughout,dated,True,,2014,5,MAM,2010s
109437,midatlantic_A,2014-10-04T18:00:00,-70.93299999999999,37.247,60,exact_6_hour,1.0,6.0,undrogued_at_entry,dated,False,undrogued_at_entry,2014,10,SON,2010s
123287,midatlantic_A,2014-05-27T12:00:00,-70.97000000000003,39.503,60,materially_incomplete,0.9253112033195021,nan,not_assessed_incomplete,dated,False,not_exact_6_hour;not_assessed_incomplete,2014,5,MAM,2010s
109042,midatlantic_A,2014-06-27T12:00:00,-70.96800000000002,37.532,60,materially_incomplete,0.18672199170124482,nan,not_assessed_incomplete,dated,False,not_exact_6_hour;not_assessed_incomplete,2014,6,JJA,2010s
133222,midatlantic_A,2014-11-01T06:00:00,-70.75,37.443,60,exact_6_hour,1.0,6.0,undrogued_at_entry,dated,False,undrogued_at_entry,2014,11,SON,2010s
139079,midatlantic_A,2014-06-23T12:00:00,-70.97899999999998,37.274,60,exact_6_hour,1.0,6.0,known_drogued_throughout,dated,True,,2014,6,JJA,2010s
133240,midatlantic_A,2014-06-12T12:00:00,-70.98000000000002,35.836,60,exact_6_hour,1.0,6.0,known_drogued_throughout,dated,True,,2014,6,JJA,2010s
300234060018400,midatlantic_A,2014-06-27T00:00:00,-70.983,38.025,60,exact_6_hour,1.0,6.0,known_drogued_throughout,dated,True,,2014,6,JJA,2010s
133211,midatlantic_A,2014-07-31T12:00:00,-70.72300000000001,37.629,60,exact_6_hour,1.0,6.0,known_drogued_throughout,dated,True,,2014,7,JJA,2010s
139081,midatlantic_A,2014-07-12T00:00:00,-70.95299999999997,36.974,60,exact_6_hour,1.0,6.0,known_drogued_throughout,dated,True,,2014,7,JJA,2010s
127110,midatlantic_A,2015-05-27T06:00:00,-70.66899999999998,37.954,60,exact_6_hour,1.0,6.0,lost_during_horizon,dated,False,lost_during_horizon,2015,5,MAM,2010s
114793,midatlantic_A,2014-09-18T00:00:00,-70.96499999999997,37.507,60,exact_6_hour,1.0,6.0,known_drogued_throughout,dated,True,,2014,9,SON,2010s
114794,midatlantic_A,2014-09-18T06:00:00,-70.45600000000002,37.613,60,exact_6_hour,1.0,6.0,known_drogued_throughout,dated,True,,2014,9,SON,2010s
133207,midatlantic_A,2015-01-19T18:00:00,-70.92099999999999,38.091,60,exact_6_hour,1.0,6.0,lost_during_horizon,dated,False,lost_during_horizon,2015,1,DJF,2010s
114789,midatlantic_A,2014-12-31T06:00:00,-70.43,37.771,60,exact_6_hour,1.0,6.0,undrogued_at_entry,dated,False,undrogued_at_entry,2014,12,DJF,2010s
300234061477400,midatlantic_A,2015-02-03T00:00:00,-70.72699999999998,37.879,60,exact_6_hour,1.0,6.0,known_drogued_throughout,dated,True,,2015,2,DJF,2010s
300234061476400,midatlantic_A,2015-05-22T18:00:00,-70.993,36.24,60,exact_6_hour,1.0,6.0,undrogued_at_entry,dated,False,undrogued_at_entry,2015,5,MAM,2010s
132676,midatlantic_A,2016-02-20T00:00:00,-70.97399999999999,36.804,60,exact_6_hour,1.0,6.0,undrogued_at_entry,dated,False,undrogued_at_entry,2016,2,DJF,2010s
300234061516870,midatlantic_A,2018-06-19T18:00:00,-70.952,36.175,60,exact_6_hour,1.0,6.0,undrogued_at_entry,dated,False,undrogued_at_entry,2018,6,JJA,2010s
132540,midatlantic_A,2015-11-22T18:00:00,-70.84100000000001,38.041,60,exact_6_hour,1.0,6.0,known_drogued_throughout,dated,True,,2015,11,SON,2010s
132542,midatlantic_A,2016-03-09T12:00:00,-70.89299999999997,37.674,60,exact_6_hour,1.0,6.0,known_drogued_throughout,dated,True,,2016,3,MAM,2010s
139080,midatlantic_A,2017-06-21T18:00:00,-70.94999999999999,35.232,60,exact_6_hour,1.0,6.0,undrogued_at_entry,dated,False,undrogued_at_entry,2017,6,JJA,2010s
300234062328360,midatlantic_A,2016-05-16T18:00:00,-70.95499999999998,36.997,60,materially_incomplete,0.8423236514522822,nan,not_assessed_incomplete,dated,False,not_exact_6_hour;not_assessed_incomplete,2016,5,MAM,2010s
132543,midatlantic_A,2015-07-09T12:00:00,-70.88799999999998,35.918,60,exact_6_hour,1.0,6.0,known_drogued_throughout,dated,True,,2015,7,JJA,2010s
300234062326350,midatlantic_A,2017-11-10T18:00:00,-70.97399999999999,36.596,60,exact_6_hour,1.0,6.0,undrogued_at_entry,dated,False,undrogued_at_entry,2017,11,SON,2010s
132504,midatlantic_A,2015-08-12T12:00:00,-70.69999999999999,36.981,60,exact_6_hour,1.0,6.0,known_drogued_throughout,dated,True,,2015,8,JJA,2010s
133133,midatlantic_A,2015-12-24T18:00:00,-70.56299999999999,37.839,60,exact_6_hour,1.0,6.0,undrogued_at_entry,dated,False,undrogued_at_entry,2015,12,DJF,2010s
139742,midatlantic_A,2015-10-25T12:00:00,-70.65199999999999,37.859,60,exact_6_hour,1.0,6.0,known_drogued_throughout,dated,True,,2015,10,SON,2010s
114944,midatlantic_A,2015-09-05T06:00:00,-70.90899999999999,37.148,60,exact_6_hour,1.0,6.0,lost_during_horizon,dated,False,lost_during_horizon,2015,9,SON,2010s
109064,midatlantic_A,2016-04-04T18:00:00,-70.96499999999997,36.413,60,exact_6_hour,1.0,6.0,undrogued_at_entry,dated,False,undrogued_at_entry,2016,4,MAM,2010s
145792,midatlantic_A,2016-04-02T12:00:00,-70.98200000000003,38.77,60,exact_6_hour,1.0,6.0,known_drogued_throughout,dated,True,,2016,4,MAM,2010s
300234061879840,midatlantic_A,2016-05-19T12:00:00,-70.72300000000001,37.106,60,exact_6_hour,1.0,6.0,undrogued_at_entry,dated,False,undrogued_at_entry,2016,5,MAM,2010s
300234061390930,midatlantic_A,2017-05-13T18:00:00,-70.91699999999997,36.878,60,exact_6_hour,1.0,6.0,undrogued_at_entry,dated,False,undrogued_at_entry,2017,5,MAM,2010s
139771,midatlantic_A,2016-09-06T00:00:00,-70.84300000000002,38.164,60,exact_6_hour,1.0,6.0,known_drogued_throughout,dated,True,,2016,9,SON,2010s
145522,midatlantic_A,2016-10-05T00:00:00,-70.945,36.702,60,exact_6_hour,1.0,6.0,known_drogued_throughout,dated,True,,2016,10,SON,2010s
145813,midatlantic_A,2017-01-16T12:00:00,-70.97300000000001,37.733,60,exact_6_hour,1.0,6.0,known_drogued_throughout,dated,True,,2017,1,DJF,2010s
300234063648930,midatlantic_A,2016-08-05T00:00:00,-70.65800000000002,37.981,60,exact_6_hour,1.0,6.0,known_drogued_throughout,dated,True,,2016,8,JJA,2010s
300234063704970,midatlantic_A,2016-10-26T00:00:00,-70.911,37.318,60,exact_6_hour,1.0,6.0,known_drogued_throughout,dated,True,,2016,10,SON,2010s
300234063225620,midatlantic_A,2016-12-15T12:00:00,-70.858,36.765,60,exact_6_hour,1.0,6.0,known_drogued_throughout,dated,True,,2016,12,DJF,2010s
300234063640940,midatlantic_A,2016-10-02T12:00:00,-70.91199999999998,37.253,60,exact_6_hour,1.0,6.0,lost_during_horizon,dated,False,lost_during_horizon,2016,10,SON,2010s
300234063225600,midatlantic_A,2017-12-07T00:00:00,-70.96300000000002,36.338,60,exact_6_hour,1.0,6.0,undrogued_at_entry,dated,False,undrogued_at_entry,2017,12,DJF,2010s
300234063731750,midatlantic_A,2019-07-13T12:00:00,-70.94099999999997,35.904,60,exact_6_hour,1.0,6.0,undrogued_at_entry,dated,False,undrogued_at_entry,2019,7,JJA,2010s
300234063997620,midatlantic_A,2016-10-06T06:00:00,-70.76600000000002,37.392,60,exact_6_hour,1.0,6.0,known_drogued_throughout,dated,True,,2016,10,SON,2010s
300234063128200,midatlantic_A,2017-03-27T18:00:00,-70.62599999999998,38.137,60,materially_incomplete,0.9543568464730291,nan,not_assessed_incomplete,dated,False,not_exact_6_hour;not_assessed_incomplete,2017,3,MAM,2010s
300234063738890,midatlantic_A,2016-12-06T00:00:00,-70.923,37.737,60,exact_6_hour,1.0,6.0,known_drogued_throughout,dated,True,,2016,12,DJF,2010s
300234063746360,midatlantic_A,2016-12-07T06:00:00,-70.82900000000001,37.551,60,exact_6_hour,1.0,6.0,known_drogued_throughout,dated,True,,2016,12,DJF,2010s
300234063749340,midatlantic_A,2016-11-29T00:00:00,-70.80099999999999,37.437,60,materially_incomplete,0.27385892116182575,nan,not_assessed_incomplete,dated,False,not_exact_6_hour;not_assessed_incomplete,2016,11,SON,2010s
300234064014100,midatlantic_A,2017-02-24T18:00:00,-70.92700000000002,37.258,60,exact_6_hour,1.0,6.0,known_drogued_throughout,dated,True,,2017,2,DJF,2010s
300234064018110,midatlantic_A,2017-02-27T06:00:00,-70.928,37.824,60,exact_6_hour,1.0,6.0,known_drogued_throughout,dated,True,,2017,2,DJF,2010s
300234063251240,midatlantic_A,2017-06-23T12:00:00,-70.89299999999997,36.771,60,exact_6_hour,1.0,6.0,known_drogued_throughout,dated,True,,2017,6,JJA,2010s
300234063250690,midatlantic_A,2017-09-08T18:00:00,-70.856,37.787,60,exact_6_hour,1.0,6.0,known_drogued_throughout,dated,True,,2017,9,SON,2010s
300234063251220,midatlantic_A,2017-04-17T18:00:00,-70.95499999999998,37.37,60,exact_6_hour,1.0,6.0,lost_during_horizon,dated,False,lost_during_horizon,2017,4,MAM,2010s
300234063251230,midatlantic_A,2017-05-24T06:00:00,-70.85899999999998,37.245,60,exact_6_hour,1.0,6.0,known_drogued_throughout,dated,True,,2017,5,MAM,2010s
300234064015090,midatlantic_A,2024-08-29T06:00:00,-70.56200000000001,37.922,60,exact_6_hour,1.0,6.0,undrogued_at_entry,dated,False,undrogued_at_entry,2024,8,JJA,2020s
300234064825540,midatlantic_A,2018-10-17T06:00:00,-70.80700000000002,37.461,60,exact_6_hour,1.0,6.0,undrogued_at_entry,dated,False,undrogued_at_entry,2018,10,SON,2010s
300234063995510,midatlantic_A,2020-10-06T18:00:00,-70.92399999999998,36.721,60,exact_6_hour,1.0,6.0,undrogued_at_entry,dated,False,undrogued_at_entry,2020,10,SON,2020s
300234063999460,midatlantic_A,2020-02-13T06:00:00,-70.67099999999999,37.61,60,exact_6_hour,1.0,6.0,undrogued_at_entry,dated,False,undrogued_at_entry,2020,2,DJF,2020s
300234063517600,midatlantic_A,2019-05-29T06:00:00,-70.94400000000002,37.195,60,exact_6_hour,1.0,6.0,undrogued_at_entry,dated,False,undrogued_at_entry,2019,5,MAM,2010s
300234063510950,midatlantic_A,2018-05-27T12:00:00,-70.839,37.218,60,exact_6_hour,1.0,6.0,undrogued_at_entry,dated,False,undrogued_at_entry,2018,5,MAM,2010s
300234063222600,midatlantic_A,2017-11-28T18:00:00,-70.68400000000003,37.221,60,exact_6_hour,1.0,6.0,lost_during_horizon,dated,False,lost_during_horizon,2017,11,SON,2010s
300234063221960,midatlantic_A,2019-10-21T18:00:00,-70.94799999999998,36.955,60,exact_6_hour,1.0,6.0,undrogued_at_entry,dated,False,undrogued_at_entry,2019,10,SON,2010s
300234064909860,midatlantic_A,2017-07-19T18:00:00,-70.57400000000001,37.441,60,exact_6_hour,1.0,6.0,known_drogued_throughout,dated,True,,2017,7,JJA,2010s
300234064017030,midatlantic_A,2017-11-05T06:00:00,-70.822,37.372,60,exact_6_hour,1.0,6.0,known_drogued_throughout,dated,True,,2017,11,SON,2010s
300234064903870,midatlantic_A,2017-09-22T00:00:00,-70.94900000000001,36.825,60,exact_6_hour,1.0,6.0,undrogued_at_entry,dated,False,undrogued_at_entry,2017,9,SON,2010s
300234063942820,midatlantic_A,2017-10-05T00:00:00,-70.738,37.156,60,exact_6_hour,1.0,6.0,known_drogued_throughout,dated,True,,2017,10,SON,2010s
300234063942850,midatlantic_A,2018-08-17T12:00:00,-70.99000000000001,36.585,60,exact_6_hour,1.0,6.0,undrogued_at_entry,dated,False,undrogued_at_entry,2018,8,JJA,2010s
300234064501790,midatlantic_A,2018-10-17T00:00:00,-70.79500000000002,36.458,60,exact_6_hour,1.0,6.0,undrogued_at_entry,dated,False,undrogued_at_entry,2018,10,SON,2010s
300234064500420,midatlantic_A,2020-06-24T18:00:00,-70.90499999999997,35.814,60,exact_6_hour,1.0,6.0,undrogued_at_entry,dated,False,undrogued_at_entry,2020,6,JJA,2020s
300234063515980,midatlantic_A,2017-10-21T12:00:00,-70.94099999999997,37.044,60,exact_6_hour,1.0,6.0,known_drogued_throughout,dated,True,,2017,10,SON,2010s
300234064015050,midatlantic_A,2017-10-08T18:00:00,-70.76999999999998,37.519,60,exact_6_hour,1.0,6.0,known_drogued_throughout,dated,True,,2017,10,SON,2010s
300234064015000,midatlantic_A,2017-08-29T12:00:00,-70.822,37.185,60,exact_6_hour,1.0,6.0,known_drogued_throughout,dated,True,,2017,8,JJA,2010s
300234064900850,midatlantic_A,2017-08-15T18:00:00,-70.957,36.6,60,materially_incomplete,0.6597510373443983,nan,not_assessed_incomplete,dated,False,not_exact_6_hour;not_assessed_incomplete,2017,8,JJA,2010s
300234064014300,midatlantic_A,2018-02-02T00:00:00,-70.97199999999998,37.045,60,materially_incomplete,0.1825726141078838,nan,not_assessed_incomplete,dated,False,not_exact_6_hour;not_assessed_incomplete,2018,2,DJF,2010s
300234064015420,midatlantic_A,2017-09-05T18:00:00,-70.91399999999999,37.148,60,exact_6_hour,1.0,6.0,known_drogued_throughout,dated,True,,2017,9,SON,2010s
300234064011410,midatlantic_A,2017-08-04T18:00:00,-70.906,36.946,60,exact_6_hour,1.0,6.0,known_drogued_throughout,dated,True,,2017,8,JJA,2010s
300234064779920,midatlantic_A,2021-08-02T12:00:00,-70.73000000000002,37.353,60,exact_6_hour,1.0,6.0,undrogued_at_entry,dated,False,undrogued_at_entry,2021,8,JJA,2020s
300234063940740,midatlantic_A,2019-11-26T18:00:00,-70.94900000000001,37.913,60,exact_6_hour,1.0,6.0,undrogued_at_entry,dated,False,undrogued_at_entry,2019,11,SON,2010s
300234063942770,midatlantic_A,2018-04-05T06:00:00,-70.995,35.644,60,exact_6_hour,1.0,6.0,known_drogued_throughout,dated,True,,2018,4,MAM,2010s
300234063942720,midatlantic_A,2018-05-29T00:00:00,-70.99099999999999,35.478,60,exact_6_hour,1.0,6.0,known_drogued_throughout,dated,True,,2018,5,MAM,2010s
300234063940890,midatlantic_A,2020-12-05T18:00:00,-70.65499999999997,37.656,60,exact_6_hour,1.0,6.0,undrogued_at_entry,dated,False,undrogued_at_entry,2020,12,DJF,2020s
300234063942740,midatlantic_A,2019-09-30T00:00:00,-70.82600000000002,37.099,60,exact_6_hour,1.0,6.0,undrogued_at_entry,dated,False,undrogued_at_entry,2019,9,SON,2010s
300234065749570,midatlantic_A,2021-09-27T06:00:00,-70.70299999999997,37.99,60,exact_6_hour,1.0,6.0,undrogued_at_entry,dated,False,undrogued_at_entry,2021,9,SON,2020s
300234065740710,midatlantic_A,2020-08-10T06:00:00,-70.957,35.382,60,exact_6_hour,1.0,6.0,undrogued_at_entry,dated,False,undrogued_at_entry,2020,8,JJA,2020s
300234063941880,midatlantic_A,2018-11-06T06:00:00,-70.793,37.498,60,exact_6_hour,1.0,6.0,known_drogued_throughout,dated,True,,2018,11,SON,2010s
300234064014010,midatlantic_A,2018-03-23T06:00:00,-70.81,37.86,60,exact_6_hour,1.0,6.0,undrogued_at_entry,dated,False,undrogued_at_entry,2018,3,MAM,2010s
300234064018400,midatlantic_A,2018-07-29T12:00:00,-70.94999999999999,35.768,60,exact_6_hour,1.0,6.0,undrogued_at_entry,dated,False,undrogued_at_entry,2018,7,JJA,2010s
300234063534010,midatlantic_A,2018-11-11T18:00:00,-70.99200000000002,36.925,60,exact_6_hour,1.0,6.0,undrogued_at_entry,dated,False,undrogued_at_entry,2018,11,SON,2010s
300234064013010,midatlantic_A,2020-11-25T12:00:00,-70.755,37.365,60,exact_6_hour,1.0,6.0,undrogued_at_entry,dated,False,undrogued_at_entry,2020,11,SON,2020s
300234064761620,midatlantic_A,2021-08-21T06:00:00,-70.49599999999998,37.489,60,exact_6_hour,1.0,6.0,undrogued_at_entry,dated,False,undrogued_at_entry,2021,8,JJA,2020s
300234065069420,midatlantic_A,2018-04-12T00:00:00,-70.952,38.018,60,materially_incomplete,0.6431535269709544,522.0,lost_during_horizon,dated,False,not_exact_6_hour;lost_during_horizon,2018,4,MAM,2010s
300234065382690,midatlantic_A,2018-05-13T18:00:00,-71.0,37.752,60,exact_6_hour,1.0,6.0,known_drogued_throughout,dated,True,,2018,5,MAM,2010s
300234065385680,midatlantic_A,2018-05-13T18:00:00,-70.98500000000001,37.75,60,exact_6_hour,1.0,6.0,known_drogued_throughout,dated,True,,2018,5,MAM,2010s
300234066615910,midatlantic_A,2019-06-13T00:00:00,-70.89800000000002,37.408,60,exact_6_hour,1.0,6.0,undrogued_at_entry,dated,False,undrogued_at_entry,2019,6,JJA,2010s
300234065317890,midatlantic_A,2018-06-11T18:00:00,-70.52199999999999,37.737,60,exact_6_hour,1.0,6.0,known_drogued_throughout,dated,True,,2018,6,JJA,2010s
101622,midatlantic_A,2018-09-22T12:00:00,-70.94999999999999,37.835,60,exact_6_hour,1.0,6.0,known_drogued_throughout,dated,True,,2018,9,SON,2010s
300234065317720,midatlantic_A,2018-06-13T12:00:00,-70.56299999999999,37.761,60,exact_6_hour,1.0,6.0,known_drogued_throughout,dated,True,,2018,6,JJA,2010s
300234065339400,midatlantic_A,2018-12-24T18:00:00,-70.731,37.701,60,materially_incomplete,0.8423236514522822,nan,not_assessed_incomplete,dated,False,not_exact_6_hour;not_assessed_incomplete,2018,12,DJF,2010s
300234065311630,midatlantic_A,2019-01-23T06:00:00,-70.98000000000002,37.393,60,exact_6_hour,1.0,6.0,known_drogued_throughout,dated,True,,2019,1,DJF,2010s
300234063949910,midatlantic_A,2018-12-10T12:00:00,-70.911,37.218,60,exact_6_hour,1.0,6.0,lost_during_horizon,dated,False,lost_during_horizon,2018,12,DJF,2010s
145689,midatlantic_A,2019-05-09T12:00:00,-70.76999999999998,38.189,60,exact_6_hour,1.0,6.0,known_drogued_throughout,dated,True,,2019,5,MAM,2010s
145707,midatlantic_A,2019-01-27T00:00:00,-70.56400000000002,37.387,60,exact_6_hour,1.0,6.0,known_drogued_throughout,dated,True,,2019,1,DJF,2010s
145694,midatlantic_A,2019-01-05T18:00:00,-70.90800000000002,37.598,60,exact_6_hour,1.0,6.0,known_drogued_throughout,dated,True,,2019,1,DJF,2010s
145711,midatlantic_A,2019-01-21T12:00:00,-70.56200000000001,37.549,60,exact_6_hour,1.0,6.0,known_drogued_throughout,dated,True,,2019,1,DJF,2010s
300234067201530,midatlantic_A,2020-10-05T00:00:00,-70.99900000000002,35.572,60,exact_6_hour,1.0,6.0,undrogued_at_entry,dated,False,undrogued_at_entry,2020,10,SON,2020s
300234066399370,midatlantic_A,2019-03-02T06:00:00,-70.53800000000001,37.897,60,exact_6_hour,1.0,6.0,known_drogued_throughout,dated,True,,2019,3,MAM,2010s
300234066398370,midatlantic_A,2019-11-30T06:00:00,-70.79500000000002,37.764,60,exact_6_hour,1.0,6.0,undrogued_at_entry,dated,False,undrogued_at_entry,2019,11,SON,2010s
300234064908840,midatlantic_A,2021-09-25T06:00:00,-70.98599999999999,36.743,60,exact_6_hour,1.0,6.0,undrogued_at_entry,dated,False,undrogued_at_entry,2021,9,SON,2020s
300234066619950,midatlantic_A,2020-11-13T18:00:00,-70.95499999999998,37.635,60,exact_6_hour,1.0,6.0,undrogued_at_entry,dated,False,undrogued_at_entry,2020,11,SON,2020s
300234065749620,midatlantic_A,2022-11-20T18:00:00,-70.85899999999998,37.645,60,exact_6_hour,1.0,6.0,undrogued_at_entry,dated,False,undrogued_at_entry,2022,11,SON,2020s
300234067115250,midatlantic_A,2021-11-17T06:00:00,-70.82299999999998,37.504,60,exact_6_hour,1.0,6.0,undrogued_at_entry,dated,False,undrogued_at_entry,2021,11,SON,2020s
300234065515240,midatlantic_A,2019-05-02T00:00:00,-70.781,37.663,60,exact_6_hour,1.0,6.0,undrogued_at_entry,dated,False,undrogued_at_entry,2019,5,MAM,2010s
300234066314560,midatlantic_A,2019-06-30T12:00:00,-70.69,37.55,60,exact_6_hour,1.0,6.0,undrogued_at_entry,dated,False,undrogued_at_entry,2019,6,JJA,2010s
300234066314260,midatlantic_A,2019-06-03T12:00:00,-70.79399999999998,37.562,60,exact_6_hour,1.0,6.0,undrogued_at_entry,dated,False,undrogued_at_entry,2019,6,JJA,2010s
300234066314110,midatlantic_A,2019-06-16T00:00:00,-70.99099999999999,38.517,60,exact_6_hour,1.0,6.0,undrogued_at_entry,dated,False,undrogued_at_entry,2019,6,JJA,2010s
300234066314510,midatlantic_A,2019-05-16T12:00:00,-70.964,37.836,60,exact_6_hour,1.0,6.0,undrogued_at_entry,dated,False,undrogued_at_entry,2019,5,MAM,2010s
300234066312870,midatlantic_A,2019-05-30T12:00:00,-70.76299999999998,37.79,60,exact_6_hour,1.0,6.0,undrogued_at_entry,dated,False,undrogued_at_entry,2019,5,MAM,2010s
300234066314430,midatlantic_A,2019-06-11T00:00:00,-70.74000000000001,37.936,60,exact_6_hour,1.0,6.0,undrogued_at_entry,dated,False,undrogued_at_entry,2019,6,JJA,2010s
300234066314300,midatlantic_A,2019-06-05T00:00:00,-70.87099999999998,39.702,60,exact_6_hour,1.0,6.0,undrogued_at_entry,dated,False,undrogued_at_entry,2019,6,JJA,2010s
300234066312910,midatlantic_A,2019-06-05T00:00:00,-70.95100000000002,39.618,60,exact_6_hour,1.0,6.0,undrogued_at_entry,dated,False,undrogued_at_entry,2019,6,JJA,2010s
300234066314050,midatlantic_A,2019-06-11T12:00:00,-70.72899999999998,38.127,60,exact_6_hour,1.0,6.0,undrogued_at_entry,dated,False,undrogued_at_entry,2019,6,JJA,2010s
300234066312850,midatlantic_A,2019-06-11T12:00:00,-70.702,38.138,60,exact_6_hour,1.0,6.0,undrogued_at_entry,dated,False,undrogued_at_entry,2019,6,JJA,2010s
300234065514430,midatlantic_A,2019-06-07T06:00:00,-70.86500000000001,37.73,60,exact_6_hour,1.0,6.0,undrogued_at_entry,dated,False,undrogued_at_entry,2019,6,JJA,2010s
300234066439880,midatlantic_A,2021-07-09T18:00:00,-70.62700000000001,37.322,60,exact_6_hour,1.0,6.0,undrogued_at_entry,dated,False,undrogued_at_entry,2021,7,JJA,2020s
300234066530040,midatlantic_A,2021-03-12T00:00:00,-70.981,36.536,60,exact_6_hour,1.0,6.0,undrogued_at_entry,dated,False,undrogued_at_entry,2021,3,MAM,2020s
300234066312480,midatlantic_A,2019-07-10T12:00:00,-70.92899999999997,37.786,60,exact_6_hour,1.0,6.0,undrogued_at_entry,dated,False,undrogued_at_entry,2019,7,JJA,2010s
300234065514740,midatlantic_A,2019-09-24T12:00:00,-70.58600000000001,37.423,60,exact_6_hour,1.0,6.0,undrogued_at_entry,dated,False,undrogued_at_entry,2019,9,SON,2010s
300234066312890,midatlantic_A,2019-07-14T00:00:00,-70.798,37.534,60,exact_6_hour,1.0,6.0,undrogued_at_entry,dated,False,undrogued_at_entry,2019,7,JJA,2010s
300234066314450,midatlantic_A,2019-07-17T00:00:00,-70.762,38.008,60,exact_6_hour,1.0,6.0,undrogued_at_entry,dated,False,undrogued_at_entry,2019,7,JJA,2010s
300234064503560,midatlantic_A,2020-05-26T18:00:00,-70.82999999999998,37.827,60,exact_6_hour,1.0,6.0,undrogued_at_entry,dated,False,undrogued_at_entry,2020,5,MAM,2020s
300234066893250,midatlantic_A,2024-11-20T18:00:00,-70.98700000000002,36.49,60,materially_incomplete,0.7717842323651453,nan,not_assessed_incomplete,dated,False,not_exact_6_hour;not_assessed_incomplete,2024,11,SON,2020s
300234065705950,midatlantic_A,2020-09-14T12:00:00,-70.97899999999998,37.529,60,exact_6_hour,1.0,6.0,known_drogued_throughout,dated,True,,2020,9,SON,2020s
300234066836710,midatlantic_A,2022-11-29T18:00:00,-70.81900000000002,38.393,60,exact_6_hour,1.0,6.0,known_drogued_throughout,dated,True,,2022,11,SON,2020s
300234066438020,midatlantic_A,2021-10-22T18:00:00,-70.957,37.642,60,exact_6_hour,1.0,6.0,undrogued_at_entry,dated,False,undrogued_at_entry,2021,10,SON,2020s
300234066513790,midatlantic_A,2021-09-09T18:00:00,-70.98000000000002,36.392,60,materially_incomplete,0.9377593360995851,nan,not_assessed_incomplete,dated,False,not_exact_6_hour;not_assessed_incomplete,2021,9,SON,2020s
300234068054710,midatlantic_A,2020-01-14T00:00:00,-70.94999999999999,37.744,60,materially_incomplete,0.6846473029045643,nan,not_assessed_incomplete,dated,False,not_exact_6_hour;not_assessed_incomplete,2020,1,DJF,2020s
300234068055200,midatlantic_A,2020-01-16T12:00:00,-70.81,37.261,60,exact_6_hour,1.0,6.0,undrogued_at_entry,dated,False,undrogued_at_entry,2020,1,DJF,2020s
300234067876670,midatlantic_A,2020-01-18T12:00:00,-70.76299999999998,37.27,60,exact_6_hour,1.0,6.0,known_drogued_throughout,dated,True,,2020,1,DJF,2020s
300234067876760,midatlantic_A,2020-12-14T18:00:00,-70.93799999999999,36.976,60,materially_incomplete,0.7261410788381742,nan,not_assessed_incomplete,dated,False,not_exact_6_hour;not_assessed_incomplete,2020,12,DJF,2020s
300234067873270,midatlantic_A,2024-05-29T00:00:00,-70.89499999999998,38.47,60,exact_6_hour,1.0,6.0,undrogued_at_entry,dated,False,undrogued_at_entry,2024,5,MAM,2020s
300234065703970,midatlantic_A,2020-08-23T18:00:00,-70.99799999999999,36.479,60,exact_6_hour,1.0,6.0,known_drogued_throughout,dated,True,,2020,8,JJA,2020s
300234067547710,midatlantic_A,2021-10-17T06:00:00,-70.97000000000003,36.324,60,exact_6_hour,1.0,6.0,undrogued_at_entry,dated,False,undrogued_at_entry,2021,10,SON,2020s
300234066791730,midatlantic_A,2022-11-01T06:00:00,-70.94799999999998,38.835,60,exact_6_hour,1.0,6.0,undrogued_at_entry,dated,False,undrogued_at_entry,2022,11,SON,2020s
300234063940330,midatlantic_A,2020-08-31T06:00:00,-70.65699999999998,36.794,60,exact_6_hour,1.0,6.0,undrogued_at_entry,dated,False,undrogued_at_entry,2020,8,JJA,2020s
300234065311730,midatlantic_A,2020-08-17T00:00:00,-70.74099999999999,37.627,60,exact_6_hour,1.0,6.0,known_drogued_throughout,dated,True,,2020,8,JJA,2020s
300234066418140,midatlantic_A,2020-08-12T00:00:00,-70.76600000000002,37.273,60,exact_6_hour,1.0,6.0,lost_during_horizon,dated,False,lost_during_horizon,2020,8,JJA,2020s
300234065311650,midatlantic_A,2020-08-28T00:00:00,-70.73200000000003,37.371,60,exact_6_hour,1.0,6.0,known_drogued_throughout,dated,True,,2020,8,JJA,2020s
300234066315040,midatlantic_A,2020-08-09T06:00:00,-70.882,37.508,60,exact_6_hour,1.0,6.0,undrogued_at_entry,dated,False,undrogued_at_entry,2020,8,JJA,2020s
300234063940560,midatlantic_A,2020-08-31T12:00:00,-70.62900000000002,36.954,60,exact_6_hour,1.0,6.0,undrogued_at_entry,dated,False,undrogued_at_entry,2020,8,JJA,2020s
300234066897250,midatlantic_A,2024-03-09T12:00:00,-70.95100000000002,38.302,60,exact_6_hour,1.0,6.0,undrogued_at_entry,dated,False,undrogued_at_entry,2024,3,MAM,2020s
300234066797720,midatlantic_A,2022-12-08T06:00:00,-70.56299999999999,38.374,60,exact_6_hour,1.0,6.0,undrogued_at_entry,dated,False,undrogued_at_entry,2022,12,DJF,2020s
300234067548160,midatlantic_A,2021-12-18T18:00:00,-70.892,37.331,60,exact_6_hour,1.0,6.0,known_drogued_throughout,dated,True,,2021,12,DJF,2020s
300234067973140,midatlantic_A,2022-09-07T12:00:00,-70.952,37.1,60,materially_incomplete,0.5601659751037344,nan,not_assessed_incomplete,dated,False,not_exact_6_hour;not_assessed_incomplete,2022,9,SON,2020s
300534061608600,midatlantic_A,2021-03-03T18:00:00,-70.99400000000003,37.031,60,exact_6_hour,1.0,6.0,undrogued_at_entry,dated,False,undrogued_at_entry,2021,3,MAM,2020s
300534061608630,midatlantic_A,2021-02-19T06:00:00,-70.96600000000001,37.136,60,exact_6_hour,1.0,6.0,undrogued_at_entry,dated,False,undrogued_at_entry,2021,2,DJF,2020s
300534061607610,midatlantic_A,2021-03-10T00:00:00,-70.911,36.751,60,exact_6_hour,1.0,6.0,undrogued_at_entry,dated,False,undrogued_at_entry,2021,3,MAM,2020s
300234067878720,midatlantic_A,2024-09-07T18:00:00,-70.606,38.299,60,exact_6_hour,1.0,6.0,undrogued_at_entry,dated,False,undrogued_at_entry,2024,9,SON,2020s
300234066793700,midatlantic_A,2024-05-26T18:00:00,-70.96499999999997,37.78,60,exact_6_hour,1.0,6.0,undrogued_at_entry,dated,False,undrogued_at_entry,2024,5,MAM,2020s
300234063709930,midatlantic_A,2022-02-05T06:00:00,-70.96600000000001,37.644,60,exact_6_hour,1.0,6.0,lost_during_horizon,dated,False,lost_during_horizon,2022,2,DJF,2020s
300534061651530,midatlantic_A,2022-11-30T00:00:00,-70.96300000000002,37.629,60,exact_6_hour,1.0,6.0,undrogued_at_entry,dated,False,undrogued_at_entry,2022,11,SON,2020s
300534061557870,midatlantic_A,2021-08-19T12:00:00,-70.97699999999998,37.359,60,exact_6_hour,1.0,6.0,known_drogued_throughout,dated,True,,2021,8,JJA,2020s
300234067978130,midatlantic_A,2023-11-26T00:00:00,-70.87599999999998,38.669,60,materially_incomplete,0.8506224066390041,nan,not_assessed_incomplete,dated,False,not_exact_6_hour;not_assessed_incomplete,2023,11,SON,2020s
300534061294900,midatlantic_A,2023-12-18T18:00:00,-70.57600000000002,38.76,60,exact_6_hour,1.0,6.0,undrogued_at_entry,dated,False,undrogued_at_entry,2023,12,DJF,2020s
300534060381970,midatlantic_A,2022-01-07T12:00:00,-70.834,37.525,60,exact_6_hour,1.0,6.0,known_drogued_throughout,dated,True,,2022,1,DJF,2020s
300534060388920,midatlantic_A,2024-09-14T12:00:00,-70.72699999999998,38.152,60,materially_incomplete,0.06224066390041494,nan,not_assessed_incomplete,dated,False,not_exact_6_hour;not_assessed_incomplete,2024,9,SON,2020s
300534061650830,midatlantic_A,2024-09-07T00:00:00,-70.668,38.17,60,exact_6_hour,1.0,6.0,undrogued_at_entry,dated,False,undrogued_at_entry,2024,9,SON,2020s
300534063515100,midatlantic_A,2022-08-06T00:00:00,-70.99400000000003,36.85,60,exact_6_hour,1.0,6.0,known_drogued_throughout,dated,True,,2022,8,JJA,2020s
300534061550990,midatlantic_A,2022-09-28T06:00:00,-70.96100000000001,39.228,60,materially_incomplete,0.2821576763485477,nan,not_assessed_incomplete,dated,False,not_exact_6_hour;not_assessed_incomplete,2022,9,SON,2020s
300534061551810,midatlantic_A,2023-05-11T12:00:00,-70.911,38.142,60,exact_6_hour,1.0,6.0,known_drogued_throughout,dated,True,,2023,5,MAM,2020s
300534061551870,midatlantic_A,2022-10-09T00:00:00,-70.923,38.877,60,exact_6_hour,1.0,6.0,known_drogued_throughout,dated,True,,2022,10,SON,2020s
300534061551860,midatlantic_A,2023-04-18T18:00:00,-70.97699999999998,37.275,60,materially_incomplete,0.8755186721991701,186.0,known_drogued_throughout,dated,False,not_exact_6_hour,2023,4,MAM,2020s
300234061199810,midatlantic_A,2023-04-06T06:00:00,-70.52999999999997,37.745,60,exact_6_hour,1.0,6.0,lost_during_horizon,dated,False,lost_during_horizon,2023,4,MAM,2020s
300234060252320,midatlantic_A,2022-11-18T06:00:00,-70.56599999999997,38.34,60,exact_6_hour,1.0,6.0,undrogued_at_entry,dated,False,undrogued_at_entry,2022,11,SON,2020s
300234060159340,midatlantic_A,2022-12-03T06:00:00,-70.93400000000003,38.453,60,exact_6_hour,1.0,6.0,known_drogued_throughout,dated,True,,2022,12,DJF,2020s
300534061552840,midatlantic_A,2023-08-29T18:00:00,-70.969,38.11,60,exact_6_hour,1.0,6.0,known_drogued_throughout,dated,True,,2023,8,JJA,2020s
300534062368780,midatlantic_A,2024-07-24T18:00:00,-70.94299999999998,36.393,60,materially_incomplete,0.7178423236514523,414.0,undrogued_at_entry,dated,False,not_exact_6_hour;undrogued_at_entry,2024,7,JJA,2020s
300534063920500,midatlantic_A,2023-10-26T06:00:00,-70.976,39.102,60,materially_incomplete,0.9294605809128631,108.0,undrogued_at_entry,dated,False,not_exact_6_hour;undrogued_at_entry,2023,10,SON,2020s
300534063925490,midatlantic_A,2023-10-22T00:00:00,-70.91699999999997,38.871,60,materially_incomplete,0.8091286307053942,nan,not_assessed_incomplete,dated,False,not_exact_6_hour;not_assessed_incomplete,2023,10,SON,2020s
300234061193830,midatlantic_A,2023-07-27T00:00:00,-70.68900000000002,38.111,60,exact_6_hour,1.0,6.0,known_drogued_throughout,dated,True,,2023,7,JJA,2020s
300534064703560,midatlantic_A,2023-08-11T00:00:00,-70.827,37.864,60,exact_6_hour,1.0,6.0,undrogued_at_entry,dated,False,undrogued_at_entry,2023,8,JJA,2020s
300234061196810,midatlantic_A,2024-07-19T06:00:00,-70.80099999999999,36.596,60,exact_6_hour,1.0,6.0,undrogued_at_entry,dated,False,undrogued_at_entry,2024,7,JJA,2020s
300234061471450,midatlantic_A,2023-10-25T18:00:00,-70.70800000000003,38.778,60,exact_6_hour,1.0,6.0,known_drogued_throughout,dated,True,,2023,10,SON,2020s
300234061198840,midatlantic_A,2023-11-19T12:00:00,-70.80900000000003,38.498,60,exact_6_hour,1.0,6.0,known_drogued_throughout,dated,True,,2023,11,SON,2020s
300534064909870,midatlantic_A,2024-06-07T06:00:00,-70.93400000000003,37.396,60,exact_6_hour,1.0,6.0,lost_during_horizon,dated,False,lost_during_horizon,2024,6,JJA,2020s
300534064909940,midatlantic_A,2024-05-30T12:00:00,-70.976,35.043,60,exact_6_hour,1.0,6.0,known_drogued_throughout,missing_or_zero,True,,2024,5,MAM,2020s
300534064908430,midatlantic_A,2024-06-30T18:00:00,-70.654,38.291,60,exact_6_hour,1.0,6.0,undrogued_at_entry,dated,False,undrogued_at_entry,2024,6,JJA,2020s
300534064908360,midatlantic_A,2024-07-10T18:00:00,-70.89299999999997,38.376,60,exact_6_hour,1.0,6.0,undrogued_at_entry,dated,False,undrogued_at_entry,2024,7,JJA,2020s
300534064908400,midatlantic_A,2024-05-25T12:00:00,-70.86599999999999,35.001,60,exact_6_hour,1.0,6.0,undrogued_at_entry,dated,False,undrogued_at_entry,2024,5,MAM,2020s
300534064294290,midatlantic_A,2024-07-11T18:00:00,-70.97899999999998,37.423,60,exact_6_hour,1.0,6.0,known_drogued_throughout,missing_or_zero,True,,2024,7,JJA,2020s
300534064132000,midatlantic_A,2024-06-11T06:00:00,-70.77300000000002,38.419,60,exact_6_hour,1.0,6.0,undrogued_at_entry,dated,False,undrogued_at_entry,2024,6,JJA,2020s
300534064035960,midatlantic_A,2024-06-12T12:00:00,-70.858,38.711,60,exact_6_hour,1.0,6.0,known_drogued_throughout,missing_or_zero,True,,2024,6,JJA,2020s
300534064132120,midatlantic_A,2024-06-11T00:00:00,-70.88999999999999,38.433,60,exact_6_hour,1.0,6.0,undrogued_at_entry,dated,False,undrogued_at_entry,2024,6,JJA,2020s
300534064132110,midatlantic_A,2024-06-11T18:00:00,-70.63900000000001,38.366,60,exact_6_hour,1.0,6.0,undrogued_at_entry,dated,False,undrogued_at_entry,2024,6,JJA,2020s
300534064132280,midatlantic_A,2024-06-11T18:00:00,-70.791,38.262,60,exact_6_hour,1.0,6.0,undrogued_at_entry,dated,False,undrogued_at_entry,2024,6,JJA,2020s
300534064035970,midatlantic_A,2024-08-30T12:00:00,-70.92200000000003,38.075,60,exact_6_hour,1.0,6.0,lost_during_horizon,dated,False,lost_during_horizon,2024,8,JJA,2020s
300534064132020,midatlantic_A,2024-06-15T18:00:00,-70.99799999999999,38.709,60,exact_6_hour,1.0,6.0,undrogued_at_entry,dated,False,undrogued_at_entry,2024,6,JJA,2020s
300534064132270,midatlantic_A,2024-06-16T18:00:00,-70.90199999999999,38.766,60,exact_6_hour,1.0,6.0,undrogued_at_entry,dated,False,undrogued_at_entry,2024,6,JJA,2020s
300534064036970,midatlantic_A,2024-06-28T12:00:00,-70.99799999999999,38.958,60,exact_6_hour,1.0,6.0,known_drogued_throughout,missing_or_zero,True,,2024,6,JJA,2020s
300534064132140,midatlantic_A,2024-06-25T06:00:00,-70.90300000000002,39.567,60,exact_6_hour,1.0,6.0,undrogued_at_entry,dated,False,undrogued_at_entry,2024,6,JJA,2020s
300534064034990,midatlantic_A,2024-07-21T18:00:00,-70.779,38.522,60,exact_6_hour,1.0,6.0,known_drogued_throughout,missing_or_zero,True,,2024,7,JJA,2020s
300534064131890,midatlantic_A,2024-06-20T00:00:00,-70.971,40.08,60,materially_incomplete,0.49377593360995853,738.0,undrogued_at_entry,dated,False,not_exact_6_hour;undrogued_at_entry,2024,6,JJA,2020s
300534064034970,midatlantic_A,2024-12-20T12:00:00,-70.93900000000002,36.832,60,materially_incomplete,0.5103734439834025,nan,not_assessed_incomplete,missing_or_zero,False,not_exact_6_hour;not_assessed_incomplete,2024,12,DJF,2020s
300534064131280,midatlantic_A,2024-11-06T00:00:00,-70.608,37.452,60,exact_6_hour,1.0,6.0,undrogued_at_entry,dated,False,undrogued_at_entry,2024,11,SON,2020s
300534064131860,midatlantic_A,2024-10-03T00:00:00,-70.93400000000003,37.175,60,exact_6_hour,1.0,6.0,undrogued_at_entry,dated,False,undrogued_at_entry,2024,10,SON,2020s
300534064131620,midatlantic_A,2024-10-13T00:00:00,-70.99700000000001,36.488,60,exact_6_hour,1.0,6.0,undrogued_at_entry,dated,False,undrogued_at_entry,2024,10,SON,2020s
300534064131830,midatlantic_A,2024-10-12T00:00:00,-70.99799999999999,35.778,60,exact_6_hour,1.0,6.0,undrogued_at_entry,dated,False,undrogued_at_entry,2024,10,SON,2020s
300534063035190,midatlantic_A,2024-10-16T00:00:00,-70.697,37.746,60,exact_6_hour,1.0,6.0,lost_during_horizon,dated,False,lost_during_horizon,2024,10,SON,2020s
300534064132950,midatlantic_A,2024-08-19T00:00:00,-70.89499999999998,37.719,60,exact_6_hour,1.0,6.0,undrogued_at_entry,dated,False,undrogued_at_entry,2024,8,JJA,2020s
300534064132880,midatlantic_A,2024-08-19T06:00:00,-70.82799999999997,37.654,60,exact_6_hour,1.0,6.0,undrogued_at_entry,dated,False,undrogued_at_entry,2024,8,JJA,2020s
300534064132870,midatlantic_A,2024-08-19T06:00:00,-70.84300000000002,37.65,60,exact_6_hour,1.0,6.0,undrogued_at_entry,dated,False,undrogued_at_entry,2024,8,JJA,2020s
300534064133230,midatlantic_A,2024-08-19T00:00:00,-70.96100000000001,37.675,60,exact_6_hour,1.0,6.0,undrogued_at_entry,dated,False,undrogued_at_entry,2024,8,JJA,2020s
300534064294940,midatlantic_A,2024-10-13T00:00:00,-70.88999999999999,37.942,60,exact_6_hour,1.0,6.0,known_drogued_throughout,missing_or_zero,True,,2024,10,SON,2020s
300534064295230,midatlantic_A,2024-11-01T00:00:00,-70.90800000000002,37.404,60,exact_6_hour,1.0,6.0,known_drogued_throughout,missing_or_zero,True,,2024,11,SON,2020s
300534061905110,midatlantic_A,2024-12-29T18:00:00,-70.85700000000003,37.706,60,materially_incomplete,0.22821576763485477,nan,not_assessed_incomplete,dated,False,not_exact_6_hour;not_assessed_incomplete,2024,12,DJF,2020s
300534064295220,midatlantic_A,2024-12-20T18:00:00,-70.93799999999999,37.814,60,materially_incomplete,0.5062240663900415,nan,not_assessed_incomplete,missing_or_zero,False,not_exact_6_hour;not_assessed_incomplete,2024,12,DJF,2020s
