objective,train_geometry,eval_geometry,model_seed,evaluation_seed,strength,normalized_strength,tangent_local_mmd,tangent_rollout_mmd,mfsi_rollout_mmd,velocity_gap,angular_error,min_ess,mean_ess,max_moment_error,mean_projection_distortion,mean_lambda_norm
train_default_eval_default,default,default,20260810,20300810,0.02956261209289763,0.05598016452226229,0.057062855501721514,0.05114769089693851,0.05688004772697416,0.16086511046619406,0.017539783321048785,0.8952077379240285,0.9583861782415231,0.0014713925510486813,0.020546920370335512,0.22797462553300182
train_default_eval_default,default,default,20260810,20300811,0.02956261209289763,0.05598016452226229,0.05521058520444311,0.06253521645266202,0.0544657583955343,0.15609142293358394,0.05401164548721135,0.89997309728056,0.9604300460471809,0.0014714303586544398,0.019731938021498044,0.21941586482655612
train_default_eval_default,default,default,20260810,20300812,0.02956261209289763,0.05598016452226229,0.060547985703821,0.064163314208365,0.06524746772595667,0.15856576301392966,0.046382529884632574,0.8961614903907452,0.9608898294953251,0.0014713494247843757,0.019300549874010836,0.21493936747432887
train_default_eval_default,default,default,20260810,20300813,0.02956261209289763,0.05598016452226229,0.05142486784551675,0.08089857309014326,0.07662524460711513,0.15870788733775282,0.025822264222999502,0.8805669870643572,0.9580503686577027,0.001471384274321471,0.02084607179505454,0.22120821869353596
train_default_eval_default,default,default,20260810,20300814,0.02956261209289763,0.05598016452226229,0.04873299476538462,0.06870648327565046,0.06358648435761703,0.15926499357478544,0.034065095801393525,0.8827459229538814,0.9580506915705221,0.001471407985160151,0.020788303133487597,0.22401590459551782
train_default_eval_default,default,default,20260810,20300815,0.02956261209289763,0.05598016452226229,0.05156147090941453,0.057809365798119274,0.05412253603497563,0.15957446674355813,0.038584525253205666,0.8873199653337271,0.9569233828772683,0.001471392193843531,0.021135635091573596,0.2176075227669879
train_default_eval_default,default,default,20260810,20300816,0.02956261209289763,0.05598016452226229,0.05603503018310092,0.06820221126868325,0.05689746727454747,0.15806173979967947,0.03538016535693234,0.8913153382262963,0.9612160631310418,0.0014713896190360822,0.019347481807734684,0.21840687592798322
train_default_eval_default,default,default,20260810,20300817,0.02956261209289763,0.05598016452226229,0.05462595743706057,0.07644098191883204,0.06389977330099629,0.15929262977132302,0.05388551163958707,0.9075700040799932,0.9592956557381538,0.001471395944844446,0.01994710279282725,0.2171046546804849
train_default_eval_default,default,default,20260810,20300818,0.02956261209289763,0.05598016452226229,0.06137944660106716,0.0983509701556805,0.08691287389005092,0.1585107483320469,0.023900291895910173,0.8951386981069333,0.9598087256534532,0.0014714067755319618,0.020013014761565702,0.21582329463435612
train_default_eval_default,default,default,20260810,20300819,0.02956261209289763,0.05598016452226229,0.04719965510700773,0.07458277315231031,0.06244996817601706,0.15905457976282522,0.03697396695184073,0.8900419959977506,0.960989223991153,0.0014713813217334542,0.019604089211179496,0.2127015434492082
train_default_eval_smoothstep,default,smoothstep,20260810,20300810,0.021896057723856735,0.06107295145939628,0.05800321603210706,0.05144916729981814,0.05937733954518435,0.13870863853049586,0.024306262404674126,0.8952077379240283,0.9708418781913959,0.0014716399051683132,0.014350355726763598,0.17593522362255856
train_default_eval_smoothstep,default,smoothstep,20260810,20300811,0.021896057723856735,0.06107295145939628,0.05338417784948471,0.058376886484041934,0.052148830786765854,0.13651531135430486,0.04532748565255259,0.8999730972805599,0.9717368998842411,0.001471676910675947,0.014165163691312769,0.1725365818816032
train_default_eval_smoothstep,default,smoothstep,20260810,20300812,0.021896057723856735,0.06107295145939628,0.059493059426174694,0.05897777139388985,0.05820575772228365,0.13643945839353694,0.05087123756976997,0.8961614903907452,0.9717389523839509,0.001471601712549328,0.013903007215477709,0.16757362427015737
train_default_eval_smoothstep,default,smoothstep,20260810,20300813,0.021896057723856735,0.06107295145939628,0.05097907210811934,0.07561390211649843,0.07004199290118086,0.13811455263533687,0.027800780352536997,0.8805669870643572,0.9690253367373911,0.0014716369197672826,0.015400918995267365,0.17375463136567823
train_default_eval_smoothstep,default,smoothstep,20260810,20300814,0.021896057723856735,0.06107295145939628,0.04753648507222061,0.061624335867340195,0.053964608245010516,0.13701805950769524,0.036857120517504095,0.8827459229538813,0.9691096582799774,0.0014716473995229976,0.015345096359960581,0.17601200893802882
train_default_eval_smoothstep,default,smoothstep,20260810,20300815,0.021896057723856735,0.06107295145939628,0.053279027788622584,0.05371696428070691,0.047951934510457574,0.13899821504558155,0.0349071116592054,0.8873199653337268,0.96832109891519,0.0014716400850488254,0.015512147555282995,0.17282829252813253
train_default_eval_smoothstep,default,smoothstep,20260810,20300816,0.021896057723856735,0.06107295145939628,0.05564713770682879,0.06316066487319884,0.055527814562823095,0.1406262279136451,0.02935117304652023,0.8913153382262967,0.9711830587088401,0.001471643182719502,0.014345564403154269,0.17421618110077164
train_default_eval_smoothstep,default,smoothstep,20260810,20300817,0.021896057723856735,0.06107295145939628,0.052284854721229956,0.07223491500852064,0.06144326992863672,0.1387348169597843,0.04069415093745759,0.9075700040799929,0.9720605322100662,0.0014716531728720464,0.01368715689762115,0.16739696182653616
train_default_eval_smoothstep,default,smoothstep,20260810,20300818,0.021896057723856735,0.06107295145939628,0.06221539642743662,0.08956641131855375,0.08199027182068937,0.13790591380523384,0.02753250316013865,0.8951386981069339,0.9712052898915898,0.0014716396224059847,0.014358245430315872,0.16892349682415944
train_default_eval_smoothstep,default,smoothstep,20260810,20300819,0.021896057723856735,0.06107295145939628,0.045180646513535025,0.06914609757071778,0.05950171338063686,0.13622718006054585,0.03480865900791053,0.8900419959977501,0.970975224590972,0.0014716443029614637,0.014631655787971076,0.16908475937394318
train_default_eval_cosine,default,cosine,20260810,20300810,0.02104715584603281,0.06537288094225573,0.05819869810804678,0.051777438969106394,0.05957544786245749,0.1386142711845541,0.023604432508810395,0.8952077379240283,0.9718882578545781,0.0014716930317162876,0.013830029660846819,0.17029652464226835
train_default_eval_cosine,default,cosine,20260810,20300811,0.02104715584603281,0.06537288094225573,0.05324483562158018,0.058020712569796816,0.05137935998845531,0.13673578582921989,0.045075653365886544,0.8999730972805599,0.9727018524216999,0.0014717314914419355,0.013689686963374451,0.16751461405872026
train_default_eval_cosine,default,cosine,20260810,20300812,0.02104715584603281,0.06537288094225573,0.05945857115660093,0.05848267432334161,0.05699414382252399,0.13677776444673054,0.04911556586282873,0.8961614903907452,0.9726619632499102,0.001471652421599264,0.013444568077721685,0.16247890020842748
train_default_eval_cosine,default,cosine,20260810,20300813,0.02104715584603281,0.06537288094225573,0.05092024333284167,0.07500916340525142,0.06778151302431003,0.13832039480644268,0.026759234755926963,0.8805669870643569,0.9699454003057987,0.001471689731381426,0.014943118439988754,0.16861500624543188
train_default_eval_cosine,default,cosine,20260810,20300814,0.02104715584603281,0.06537288094225573,0.04738607107241215,0.06092913974157255,0.05328691039002772,0.1372330400948802,0.037707281791082375,0.8827459229538813,0.9700264196663699,0.0014717000251738253,0.01489391256598184,0.17084496967431795
train_default_eval_cosine,default,cosine,20260810,20300815,0.02104715584603281,0.06537288094225573,0.05342979416266586,0.053304625451623955,0.04637966505803696,0.1390906604389195,0.03417629593807565,0.8873199653337266,0.9693275445872397,0.0014716941079443665,0.01501533130950142,0.1679473124059921
train_default_eval_cosine,default,cosine,20260810,20300816,0.02104715584603281,0.06537288094225573,0.055610990193375606,0.06275078036806248,0.05505421223134622,0.14119645435292016,0.029501053362275598,0.8913153382262967,0.972035238881214,0.0014716972201019491,0.013918804741266421,0.1694328424473658
train_default_eval_cosine,default,cosine,20260810,20300817,0.02104715584603281,0.06537288094225573,0.05217607665629906,0.07183932646623363,0.06137104262820683,0.13903710467126387,0.03826986234059348,0.907570004079993,0.9731669664697928,0.0014717071983223172,0.013143936437729806,0.1620086754568315
train_default_eval_cosine,default,cosine,20260810,20300818,0.02104715584603281,0.06537288094225573,0.06224455121267459,0.08852672507035834,0.08105277049503007,0.13819076937393465,0.027036038843172766,0.8951386981069334,0.9721709989896103,0.001471690002798088,0.013880785689675601,0.1638958177361647
train_default_eval_cosine,default,cosine,20260810,20300819,0.02104715584603281,0.06537288094225573,0.04510541586028671,0.06850247779297745,0.05881071663474647,0.13634875047350292,0.03358789136945881,0.8900419959977501,0.9718317115626723,0.0014716990083243086,0.014206148997807203,0.1643922552363482
train_smoothstep_eval_default,smoothstep,default,20260810,20300810,0.031180028485518523,0.059103821940686946,0.05717677852620377,0.05043981931041271,0.0597404928306233,0.17816214707679776,0.02087092327996375,0.8917881950926889,0.9567235327926878,0.0013942106453085842,0.021169271158776988,0.22792874323715528
train_smoothstep_eval_default,smoothstep,default,20260810,20300811,0.031180028485518523,0.059103821940686946,0.05538588220965293,0.06556728732990379,0.05098372794816969,0.17360132432656916,0.05439671635629867,0.8981816770785513,0.9593198400953591,0.0013942646387981362,0.020076826165229364,0.21717776838912622
train_smoothstep_eval_default,smoothstep,default,20260810,20300812,0.031180028485518523,0.059103821940686946,0.06107252239378668,0.06619677023934945,0.06099175532397704,0.17574581791354174,0.053234875265738446,0.8928966072260294,0.9593555043071402,0.0013941681923875838,0.019866178979910963,0.21424140661167854
train_smoothstep_eval_default,smoothstep,default,20260810,20300813,0.031180028485518523,0.059103821940686946,0.05162458298067007,0.07928620646763958,0.06969093000807017,0.17656743825705565,0.02267469540197646,0.8759213718279406,0.9565194644727457,0.0013942022538345825,0.021408652768316456,0.21994928546211776
train_smoothstep_eval_default,smoothstep,default,20260810,20300814,0.031180028485518523,0.059103821940686946,0.0489147448412418,0.07100591456228882,0.06046572313685375,0.17593887076882428,0.0364046338931329,0.8784312126736069,0.9561791245705397,0.001394246150891403,0.021525772855358113,0.22409129236700007
train_smoothstep_eval_default,smoothstep,default,20260810,20300815,0.031180028485518523,0.059103821940686946,0.051376549342365276,0.057593135410655326,0.04964065619043045,0.17753879047953258,0.03981214950607856,0.8812224748803524,0.9547332855741868,0.001394218396681128,0.0221198515056002,0.2187236533621768
train_smoothstep_eval_default,smoothstep,default,20260810,20300816,0.031180028485518523,0.059103821940686946,0.05621033948457356,0.07072962135049161,0.053827367714887275,0.17523469663762134,0.031162062545181685,0.8873322776667293,0.9599760313278859,0.0013942204028481568,0.019773090877347625,0.21689074349117005
train_smoothstep_eval_default,smoothstep,default,20260810,20300817,0.031180028485518523,0.059103821940686946,0.05465878801270841,0.08012682056950086,0.06100030783483459,0.1758863939903807,0.05882106509556561,0.9018572438911335,0.956934826225085,0.0013942124848731242,0.020925014780806137,0.217760508358734
train_smoothstep_eval_default,smoothstep,default,20260810,20300818,0.031180028485518523,0.059103821940686946,0.06172286180728763,0.10218968839556357,0.08301610798756,0.17625241480676088,0.024853675709559226,0.891679199477093,0.9581769575569277,0.0013942420408054785,0.020651621798702068,0.21587470147370774
train_smoothstep_eval_default,smoothstep,default,20260810,20300819,0.031180028485518523,0.059103821940686946,0.046911552722627946,0.07697526948257304,0.06078475180706069,0.17648791233988664,0.03620748028226218,0.8864073292340645,0.95959178062086,0.001394203712525977,0.02009516171650458,0.21147222918985165
train_smoothstep_eval_smoothstep,smoothstep,smoothstep,20260810,20300810,0.023013965773337655,0.06396302122299113,0.05803625802950889,0.05034238169530541,0.05692487095458507,0.11392434605789982,0.022519951519366893,0.8917881950926889,0.9697421386644868,0.0013942021481289338,0.014748591638689931,0.1759920331332244
train_smoothstep_eval_smoothstep,smoothstep,smoothstep,20260810,20300811,0.023013965773337655,0.06396302122299113,0.053641493079966296,0.06091403374188372,0.0524658823201363,0.11200991263462147,0.04836524348536658,0.8981816770785513,0.971020883143862,0.0013942499040984016,0.01438041365795415,0.17115866909213168
train_smoothstep_eval_smoothstep,smoothstep,smoothstep,20260810,20300812,0.023013965773337655,0.06396302122299113,0.059985107545616895,0.060354301066525035,0.05737038074956885,0.11137365668298559,0.045874770627594645,0.8928966072260294,0.970678645267103,0.0013941708173653329,0.014279027667494537,0.16723208188156044
train_smoothstep_eval_smoothstep,smoothstep,smoothstep,20260810,20300813,0.023013965773337655,0.06396302122299113,0.05103644528043277,0.07387528697529665,0.0662629254393365,0.11309399956155478,0.025011310178443182,0.8759213718279406,0.9678522012114122,0.0013942016052214956,0.01584018830246675,0.17305574682529026
train_smoothstep_eval_smoothstep,smoothstep,smoothstep,20260810,20300814,0.023013965773337655,0.06396302122299113,0.047776789306041956,0.06352335081482359,0.055159683599599434,0.11251975622447882,0.0361768822307185,0.8784312126736069,0.9677439063898017,0.0013942255756663028,0.015878907200997078,0.1765744540934505
train_smoothstep_eval_smoothstep,smoothstep,smoothstep,20260810,20300815,0.023013965773337655,0.06396302122299113,0.05316372097698595,0.053487322437242725,0.046044207454887374,0.11422654950504221,0.03293780487318651,0.8812224748803524,0.9666164013464036,0.0013942080223843221,0.016303709261949163,0.17437780427515176
train_smoothstep_eval_smoothstep,smoothstep,smoothstep,20260810,20300816,0.023013965773337655,0.06396302122299113,0.05584585217967067,0.06519174318935879,0.05565299284581848,0.11525937700384978,0.029556192990685824,0.8873322776667293,0.9702447187781125,0.0013942181995558762,0.014679243282514496,0.17334120461920993
train_smoothstep_eval_smoothstep,smoothstep,smoothstep,20260810,20300817,0.023013965773337655,0.06396302122299113,0.05251894536035197,0.075397770027446,0.06278293319519009,0.1137652513357569,0.03899798112806359,0.9018572438911335,0.9702690288978199,0.001394218274636994,0.014445054820195143,0.16856059519014258
train_smoothstep_eval_smoothstep,smoothstep,smoothstep,20260810,20300818,0.023013965773337655,0.06396302122299113,0.06257642391699633,0.09281989200079044,0.08251423264157215,0.11386143363799534,0.02566159386972681,0.891679199477093,0.9700481947738935,0.001394217590252424,0.014810274189209414,0.16934978899160508
train_smoothstep_eval_smoothstep,smoothstep,smoothstep,20260810,20300819,0.023013965773337655,0.06396302122299113,0.0448250852827795,0.07120397209723071,0.06022656586562952,0.112343464541819,0.03248136759049689,0.8864073292340645,0.9699152071255217,0.00139421437307867,0.015005210671654754,0.16859968349096374
train_smoothstep_eval_cosine,smoothstep,cosine,20260810,20300810,0.022198859305012197,0.07007334099639051,0.058222771286696035,0.050638821231069074,0.0573344022979581,0.11934174888078387,0.022199459376265565,0.8917881950926886,0.9708374146508001,0.0013942599926996823,0.01420734124440846,0.17032937406168208
train_smoothstep_eval_cosine,smoothstep,cosine,20260810,20300811,0.022198859305012197,0.07007334099639051,0.0535047147253398,0.06050479073323712,0.0521634261516303,0.11751056945221694,0.04491194116471615,0.8981816770785513,0.9720235620129521,0.001394310630626762,0.01389042959059171,0.16618861428456247
train_smoothstep_eval_cosine,smoothstep,cosine,20260810,20300812,0.022198859305012197,0.07007334099639051,0.05994117088527935,0.05979153602883471,0.056795568284603616,0.11703244223407788,0.04747710380191872,0.8928966072260291,0.9716441691164264,0.0013942268444754415,0.013802196856033533,0.16214720306230385
train_smoothstep_eval_cosine,smoothstep,cosine,20260810,20300813,0.022198859305012197,0.07007334099639051,0.05097821468658041,0.07329058011431279,0.06537665879054448,0.1183410272794284,0.022836282626459137,0.8759213718279405,0.9688036252049269,0.0013942594018374517,0.015370100188416103,0.16794529341370798
train_smoothstep_eval_cosine,smoothstep,cosine,20260810,20300814,0.022198859305012197,0.07007334099639051,0.047631580212367186,0.0627947626166284,0.05465133770876492,0.11795058006753553,0.036747925554110966,0.8784312126736069,0.9687085748548178,0.0013942844731085272,0.015407059785531868,0.17143853692408081
train_smoothstep_eval_cosine,smoothstep,cosine,20260810,20300815,0.022198859305012197,0.07007334099639051,0.05331696556623253,0.05310819189541869,0.045480586092829976,0.11946737829130974,0.035204790178792474,0.8812224748803522,0.9676689970203629,0.0013942670356510468,0.015786787723841192,0.169511639634839
train_smoothstep_eval_cosine,smoothstep,cosine,20260810,20300816,0.022198859305012197,0.07007334099639051,0.05581202745703052,0.06473592218454781,0.055818660682958654,0.12094121195071054,0.03101231802526733,0.8873322776667293,0.971121415091657,0.0013942784283309706,0.01424408736988538,0.16859658272871542
train_smoothstep_eval_cosine,smoothstep,cosine,20260810,20300817,0.022198859305012197,0.07007334099639051,0.052416826479251714,0.07492604158386305,0.06287574042096378,0.11948375184440507,0.03824194487768694,0.9018572438911335,0.9714303776025413,0.0013942768835349718,0.013878807916109282,0.16319929335703948
train_smoothstep_eval_cosine,smoothstep,cosine,20260810,20300818,0.022198859305012197,0.07007334099639051,0.06260180467849435,0.09170792641723673,0.08165550594112449,0.11925256315096255,0.02499185360953463,0.891679199477093,0.9710579202400933,0.0013942748512087572,0.014313996051538064,0.16433613382513484
train_smoothstep_eval_cosine,smoothstep,cosine,20260810,20300819,0.022198859305012197,0.07007334099639051,0.04474935243359526,0.07051163858101557,0.05969220336434813,0.11773895602199277,0.034941126349063545,0.8864073292340647,0.9708040025308321,0.0013942744329018726,0.014566716290374903,0.16395498066263633
train_cosine_eval_default,cosine,default,20260810,20300810,0.03140869503367489,0.05953694330687989,0.05717482958214724,0.0506689142082844,0.058743589275278146,0.17613160655058807,0.021427635776773563,0.889874324440735,0.9559149983392654,0.0013870265906533018,0.02155572231308726,0.23068100742856976
train_cosine_eval_default,cosine,default,20260810,20300811,0.03140869503367489,0.05953694330687989,0.05544226667294175,0.06476366978695534,0.05162129440944028,0.17183917852386,0.05389407992674226,0.8970804525396145,0.9586951409850899,0.001387076585616939,0.02036591612775143,0.2192350409443912
train_cosine_eval_default,cosine,default,20260810,20300812,0.03140869503367489,0.05953694330687989,0.06121268318941468,0.06561113365669365,0.06121795194646478,0.1737980419155229,0.05305534690161049,0.8911829655823453,0.9587097299771106,0.0013869872475965072,0.02016775711975797,0.2165570887454121
train_cosine_eval_default,cosine,default,20260810,20300813,0.03140869503367489,0.05953694330687989,0.05165530251055778,0.07801068780696392,0.06999820229127099,0.17472450933792244,0.022527003191874877,0.8741762343481192,0.9558712492604775,0.0013870194081595452,0.021730155901044844,0.22233935170167368
train_cosine_eval_default,cosine,default,20260810,20300814,0.03140869503367489,0.05953694330687989,0.048951738783414626,0.07070986329682277,0.06070829696992782,0.17391800537120375,0.035891602026763274,0.8768578512650194,0.9554961885968043,0.0013870602642010476,0.021848348723796075,0.226506619492053
train_cosine_eval_default,cosine,default,20260810,20300815,0.03140869503367489,0.05953694330687989,0.051196994101342666,0.0569455123308342,0.050003506160734644,0.17542958877035666,0.0399503634914991,0.8803667081623595,0.9543000068013502,0.0013870357135396826,0.02234328465121207,0.22058371421862738
train_cosine_eval_default,cosine,default,20260810,20300816,0.03140869503367489,0.05953694330687989,0.0562137634648755,0.07021888908573447,0.05462159577317626,0.17336259328960058,0.03146750752352848,0.8856029244676578,0.9592812045524302,0.0013870364162323554,0.0201066230612925,0.21959716710951915
train_cosine_eval_default,cosine,default,20260810,20300817,0.03140869503367489,0.05953694330687989,0.05482192760283805,0.07958718712388542,0.06161389530534789,0.17420114606821638,0.05754513827634545,0.900334536256644,0.956172472870224,0.0013870280730394085,0.021274774133279654,0.2201545138576725
train_cosine_eval_default,cosine,default,20260810,20300818,0.03140869503367489,0.05953694330687989,0.06174451467131422,0.10162219555046743,0.0841529112216836,0.1741518059716285,0.02502694993300099,0.8902607071152127,0.9576211126398008,0.0013870548067361995,0.02091599996802539,0.2178302029523284
train_cosine_eval_default,cosine,default,20260810,20300819,0.03140869503367489,0.05953694330687989,0.04700268564844805,0.07645798917971965,0.0616057917429848,0.17421985050141797,0.036338254715887995,0.8845541336942886,0.9589894480531805,0.0013870210771899532,0.02038766681178058,0.21372184629507868
train_cosine_eval_smoothstep,cosine,smoothstep,20260810,20300810,0.023176951229133852,0.06426193115222693,0.05801849328690219,0.050483055866680976,0.05677389793557014,0.10927089038644122,0.022586580412845395,0.889874324440735,0.9691983899918803,0.00138702343761512,0.015009767314103492,0.17810206815726307
train_cosine_eval_smoothstep,cosine,smoothstep,20260810,20300811,0.023176951229133852,0.06426193115222693,0.05366402362689442,0.0603820363417289,0.05243033338091704,0.10734049629812746,0.04833468875753847,0.8970804525396145,0.9706303529267164,0.0013870690373959456,0.014565529665931243,0.17268702297844638
train_cosine_eval_smoothstep,cosine,smoothstep,20260810,20300812,0.023176951229133852,0.06426193115222693,0.06006627303416388,0.05997438585391418,0.05736262761260563,0.10674996033586463,0.04577769576650518,0.8911829655823453,0.9702216827067611,0.0013869941538784563,0.014491726529577123,0.1689816281838683
train_cosine_eval_smoothstep,cosine,smoothstep,20260810,20300813,0.023176951229133852,0.06426193115222693,0.0511045684977168,0.07286894007558702,0.06585575998554706,0.10840609705376923,0.024924266419779146,0.8741762343481192,0.9674020725551902,0.001387022101507488,0.016067658187039185,0.17487557936337103
train_cosine_eval_smoothstep,cosine,smoothstep,20260810,20300814,0.023176951229133852,0.06426193115222693,0.047798402689557665,0.0633827358909258,0.05530328771681223,0.10792082182443735,0.03600049902454396,0.8768578512650194,0.9672589926891506,0.001387045151344209,0.01610870561303912,0.17849378146754682
train_cosine_eval_smoothstep,cosine,smoothstep,20260810,20300815,0.023176951229133852,0.06426193115222693,0.05298992683441449,0.053049185953833046,0.046066909259938366,0.10944268185223671,0.03225778777451344,0.8803667081623595,0.9663543688789167,0.0013870289585851032,0.016447498531092505,0.17573911997608838
train_cosine_eval_smoothstep,cosine,smoothstep,20260810,20300816,0.023176951229133852,0.06426193115222693,0.055843553449377026,0.0649217486965136,0.055700683401814,0.11051519329360569,0.029787240337186622,0.8856029244676578,0.9697283073858409,0.0013870393518579612,0.014928278989746382,0.17559665669673294
train_cosine_eval_smoothstep,cosine,smoothstep,20260810,20300817,0.023176951229133852,0.06426193115222693,0.05267481581771588,0.0749709486603723,0.06293263174006673,0.10899311331864683,0.03862400491448944,0.900334536256644,0.9697625366727213,0.0013870386295039491,0.014679976142429562,0.17041466216592002
train_cosine_eval_smoothstep,cosine,smoothstep,20260810,20300818,0.023176951229133852,0.06426193115222693,0.06256634147271913,0.09244320756813056,0.08276797347864451,0.10908454177657669,0.025636296387751643,0.8902607071152127,0.9696600869546781,0.001387037405333168,0.014997251381278349,0.17086262582002454
train_cosine_eval_smoothstep,cosine,smoothstep,20260810,20300819,0.023176951229133852,0.06426193115222693,0.04491989563069633,0.07088454474127003,0.06036321294057498,0.10763285018533175,0.03269938466247146,0.8845541336942886,0.969449015821052,0.001387035881433074,0.015234473431171281,0.17042031680356431
train_cosine_eval_cosine,cosine,cosine,20260810,20300810,0.02234806601915417,0.07029844943333573,0.05820396754469273,0.050774375335221195,0.057117507337607364,0.1142094204092501,0.022355779414265458,0.889874324440735,0.9703170492575465,0.0013870792475207936,0.014457365151322557,0.17235585932652636
train_cosine_eval_cosine,cosine,cosine,20260810,20300811,0.02234806601915417,0.07029844943333573,0.053523813433544114,0.06000538134682707,0.052263596849061934,0.1125112525159044,0.04512998608373301,0.8970804525396145,0.9716542656268146,0.0013871277157629057,0.014065872483637295,0.16765003621816435
train_cosine_eval_cosine,cosine,cosine,20260810,20300812,0.02234806601915417,0.07029844943333573,0.06001750399029279,0.059433622826807635,0.05692848025270769,0.11204506012065887,0.04724545797878905,0.8911829655823448,0.9712039667457615,0.0013870484043341836,0.014006859484599777,0.16382347140555
train_cosine_eval_cosine,cosine,cosine,20260810,20300813,0.02234806601915417,0.07029844943333573,0.051048454705661474,0.07231489847273799,0.06485393235563905,0.11333430296950502,0.022988484767009307,0.8741762343481194,0.9683705406637578,0.001387077786183045,0.01558928559038392,0.16968949237504366
train_cosine_eval_cosine,cosine,cosine,20260810,20300814,0.02234806601915417,0.07029844943333573,0.04765267348878061,0.06267055262167022,0.054816351441932164,0.11303580009700677,0.03661712607966735,0.876857851265019,0.9682431942832943,0.0013871019366127613,0.015627649918535533,0.17328761367331283
train_cosine_eval_cosine,cosine,cosine,20260810,20300815,0.02234806601915417,0.07029844943333573,0.053146579363861156,0.052693624764996096,0.045476686715593524,0.11431901706614804,0.03416271368173057,0.8803667081623594,0.9674222253337478,0.0013870859207210627,0.01592324517721238,0.170805558146299
train_cosine_eval_cosine,cosine,cosine,20260810,20300816,0.02234806601915417,0.07029844943333573,0.055811003525805924,0.06449310264381374,0.05588359394220893,0.11587324757730427,0.03114179316418862,0.8856029244676574,0.9706228984511247,0.0013870976094653251,0.01448458259001252,0.1707882978577142
train_cosine_eval_cosine,cosine,cosine,20260810,20300817,0.02234806601915417,0.07029844943333573,0.052569678984295626,0.07450988080836511,0.06325677639770044,0.11430288516153908,0.03773503064765005,0.9003345362566438,0.9709477151900519,0.0013870951058543531,0.014102697189353721,0.16497965061716846
train_cosine_eval_cosine,cosine,cosine,20260810,20300818,0.02234806601915417,0.07029844943333573,0.06258988570808868,0.09135311279691405,0.08221511842701265,0.11416790640175029,0.024884031725277395,0.8902607071152127,0.9706849105233573,0.0013870924729402813,0.014493869654124577,0.16579088402791964
train_cosine_eval_cosine,cosine,cosine,20260810,20300819,0.02234806601915417,0.07029844943333573,0.044841801776031906,0.07021685162323578,0.05993643662787768,0.11263909821424681,0.03464791438301552,0.8845541336942886,0.9703504642345437,0.0013870939244810254,0.014790003408996546,0.16571810656966324
train_default_eval_default,default,default,20260811,20300810,0.028623535501183427,0.055454101331214714,0.056510952403919665,0.07896692748717445,0.06651920117713651,0.07461135856078599,0.03208254418397908,0.8820522929417434,0.9548773532511158,0.0012710744048916045,0.023038928916655047,0.24403230462373462
train_default_eval_default,default,default,20260811,20300811,0.028623535501183427,0.055454101331214714,0.05920396215745422,0.06059660417463727,0.05012962259681444,0.07653877782016931,0.05465679351225916,0.9001843238053738,0.9561344820926735,0.0012710744048913425,0.022329238333464285,0.2415697562419866
train_default_eval_default,default,default,20260811,20300812,0.028623535501183427,0.055454101331214714,0.05808188912788534,0.0699635343963388,0.052927673804607035,0.07394835663803136,0.052134264010900926,0.8877708562578825,0.95787879345307,0.001271074404890987,0.02145080938493707,0.2368819887911633
train_default_eval_default,default,default,20260811,20300813,0.028623535501183427,0.055454101331214714,0.0490777956604996,0.07063227801046547,0.0609816045639762,0.07633484017225317,0.03314997711653018,0.8761629610702042,0.955337159810522,0.0012710744048916342,0.02286416877171068,0.24480792475588023
train_default_eval_default,default,default,20260811,20300814,0.028623535501183427,0.055454101331214714,0.05001400017890917,0.07198357004748278,0.05269720269070496,0.0749233431943688,0.02716209418672688,0.8874366207419438,0.9548214472461549,0.0012710744048921967,0.022988520968152217,0.25267089061453046
train_default_eval_default,default,default,20260811,20300815,0.028623535501183427,0.055454101331214714,0.048880262835314936,0.05717240090644921,0.04912450518589331,0.07461264865268669,0.032588870356526904,0.9101164559920615,0.9632332272777251,0.001271074404892636,0.018714040368125604,0.2233715551497352
train_default_eval_default,default,default,20260811,20300816,0.028623535501183427,0.055454101331214714,0.05662729337208533,0.05942397201325394,0.04929721936198846,0.07489817732191076,0.030898287954252854,0.888988390993128,0.9570718095485408,0.0012710744048922405,0.02191420494628631,0.23856539724838588
train_default_eval_default,default,default,20260811,20300817,0.028623535501183427,0.055454101331214714,0.05390712800365987,0.07708230524612701,0.06005231720909975,0.07505428237530871,0.03928424933056359,0.8896680305362351,0.9544617907996358,0.0012710744048918914,0.02330887575436713,0.24119941531874808
train_default_eval_default,default,default,20260811,20300818,0.028623535501183427,0.055454101331214714,0.06273025485551142,0.08050505614860486,0.07931697435430192,0.07438896286164498,0.038149600838359575,0.9000314995365247,0.9607400139992668,0.0012710744048924476,0.019983395013580263,0.22387590331319288
train_default_eval_default,default,default,20260811,20300819,0.028623535501183427,0.055454101331214714,0.05098143001917246,0.05677581012907806,0.052065605894712375,0.0751821345725641,0.046146812810369954,0.8819446593904725,0.9578155160795285,0.0012710744048914854,0.021493178074852362,0.22863183300799345
train_default_eval_smoothstep,default,smoothstep,20260811,20300810,0.020330647597689287,0.053334730266001766,0.05590896705852573,0.07737087037937192,0.06606743184271786,0.1325904210243477,0.039143619805711675,0.8820522929417435,0.967560967868096,0.0012710744048916045,0.016533119426056005,0.18939357633286108
train_default_eval_smoothstep,default,smoothstep,20260811,20300811,0.020330647597689287,0.053334730266001766,0.05523005604857633,0.05950371133860686,0.05424001556083983,0.1344913649870863,0.04832711579605418,0.9001843238053733,0.969282825761906,0.0012710744048913425,0.015552714087241645,0.18757983645538884
train_default_eval_smoothstep,default,smoothstep,20260811,20300812,0.020330647597689287,0.053334730266001766,0.05678095506888097,0.06485266779298816,0.056067140151310445,0.13108657143295793,0.05279522130217363,0.8877708562578825,0.9694442452392366,0.001271074404890987,0.015499099998996149,0.18410628835127538
train_default_eval_smoothstep,default,smoothstep,20260811,20300813,0.020330647597689287,0.053334730266001766,0.049628314917366204,0.06789878281237201,0.06564032509459887,0.13107425084225996,0.03460408530404051,0.8761629610702043,0.9671734792100473,0.0012710744048916342,0.016784643539936223,0.1914297350761694
train_default_eval_smoothstep,default,smoothstep,20260811,20300814,0.020330647597689287,0.053334730266001766,0.047180799290466355,0.06701995845943036,0.05411749734582554,0.12827708998984805,0.019097970440916868,0.8874366207419441,0.9665117391576432,0.0012710744048921967,0.016945227313962818,0.20307853900091732
train_default_eval_smoothstep,default,smoothstep,20260811,20300815,0.020330647597689287,0.053334730266001766,0.05065221382219614,0.053474547907998604,0.04903902456612036,0.1338005854529693,0.03344827073777195,0.9101164559920615,0.9744415863785216,0.001271074404892636,0.013033650985390447,0.17205531141667227
train_default_eval_smoothstep,default,smoothstep,20260811,20300816,0.020330647597689287,0.053334730266001766,0.054147593591949095,0.056705776650246675,0.051174404977984644,0.13134329564927083,0.023899376479504658,0.888988390993128,0.9685757227485932,0.0012710744048922405,0.01604621621913111,0.1889394491679699
train_default_eval_smoothstep,default,smoothstep,20260811,20300817,0.020330647597689287,0.053334730266001766,0.05101592960278536,0.07167556859459571,0.05948785384039854,0.1358646068914856,0.040684565153836144,0.8896680305362353,0.9675617264522375,0.0012710744048918914,0.016656605041047524,0.18834955265404468
train_default_eval_smoothstep,default,smoothstep,20260811,20300818,0.020330647597689287,0.053334730266001766,0.0626813792869664,0.07760849045344853,0.07634825042901147,0.13132749180147696,0.04210742900772297,0.9000314995365247,0.9719102580083223,0.0012710744048924476,0.014302779299650773,0.17423679353743032
train_default_eval_smoothstep,default,smoothstep,20260811,20300819,0.020330647597689287,0.053334730266001766,0.04995918584288322,0.05266358983837288,0.049226831298195106,0.1339233844789831,0.054356311006355906,0.8819446593904725,0.9684557940322808,0.0012710744048914854,0.016043297190726776,0.18036592100762755
train_default_eval_cosine,default,cosine,20260811,20300810,0.019768060585708472,0.04822531720339809,0.055979060170680654,0.07718673771141969,0.06561342579808731,0.13464321415612346,0.03468415676371601,0.8820522929417434,0.9686235528060718,0.0012710744048916045,0.015990200364222277,0.18374022757926237
train_default_eval_cosine,default,cosine,20260811,20300811,0.019768060585708472,0.04822531720339809,0.054895916877248006,0.05940903928065799,0.054784267061564494,0.1359037097192372,0.04584681933586532,0.9001843238053738,0.9704288855192941,0.0012710744048913425,0.014965037173818035,0.1819640944150729
train_default_eval_cosine,default,cosine,20260811,20300812,0.019768060585708472,0.04822531720339809,0.0566880729876689,0.06438924575167809,0.055771146572961776,0.1329796324936468,0.05685159821600502,0.8877708562578825,0.9704151339378697,0.001271074404890987,0.01500194045337545,0.17867137264341007
train_default_eval_cosine,default,cosine,20260811,20300813,0.019768060585708472,0.04822531720339809,0.04962512277383589,0.06756907361966166,0.06561031086137403,0.13275661201310587,0.028974062073819955,0.8761629610702042,0.9681540284890277,0.0012710744048916342,0.016283544383748613,0.1859741246875438
train_default_eval_cosine,default,cosine,20260811,20300814,0.019768060585708472,0.04822531720339809,0.04695510924371867,0.06634085708123742,0.05333722139122232,0.13114338289741811,0.019882677981386543,0.8874366207419438,0.9675528279564048,0.0012710744048921967,0.016409377252086195,0.1978542092994788
train_default_eval_cosine,default,cosine,20260811,20300815,0.019768060585708472,0.04822531720339809,0.05081095130121204,0.05299765439270765,0.04915443885089449,0.13562535440526424,0.03365433668052561,0.9101164559920611,0.9753781122496873,0.001271074404892636,0.012561361437317942,0.166691383237862
train_default_eval_cosine,default,cosine,20260811,20300816,0.019768060585708472,0.04822531720339809,0.05395437677307043,0.056602934040876594,0.05230553839570548,0.13335581557215087,0.026282569569720457,0.888988390993128,0.9695715489464274,0.0012710744048922405,0.015539853040529183,0.18374802795812953
train_default_eval_cosine,default,cosine,20260811,20300817,0.019768060585708472,0.04822531720339809,0.05079313798323052,0.07099151959976416,0.058211726332627146,0.13693814171276775,0.03808168356056974,0.8896680305362351,0.9687104041830679,0.0012710744048918914,0.016073644172545472,0.18269838429728363
train_default_eval_cosine,default,cosine,20260811,20300818,0.019768060585708472,0.04822531720339809,0.0627473215685513,0.07726564709744489,0.07619389811775232,0.13388368238308235,0.03882203156361436,0.9000314995365247,0.9728654265209548,0.0012710744048924476,0.013817354899154307,0.16902656193979831
train_default_eval_cosine,default,cosine,20260811,20300819,0.019768060585708472,0.04822531720339809,0.04989788656128115,0.052247426019668676,0.04884289745001002,0.13569325017307798,0.0521774202119373,0.8819446593904725,0.9693636278462014,0.0012710744048914854,0.015579376060594794,0.17536340299729614
train_smoothstep_eval_default,smoothstep,default,20260811,20300810,0.008310892312693503,0.016304959192153527,0.05729331411707084,0.06978977631501078,0.07049527515710163,0.023795632059261544,0.019821062598849453,0.9676891445906571,0.9874730726932274,0.0014109356265093122,0.00600871063768193,0.11930886163298109
train_smoothstep_eval_default,smoothstep,default,20260811,20300811,0.008310892312693503,0.016304959192153527,0.05675045554247192,0.05391362915223912,0.04445661288468222,0.02434177018487391,0.03804289818381174,0.9648007175055626,0.9860480285329698,0.001410933375974529,0.006698357859136947,0.12588060775920376
train_smoothstep_eval_default,smoothstep,default,20260811,20300812,0.008310892312693503,0.016304959192153527,0.054235254455100725,0.06202864113343248,0.051479006371042337,0.024357551981309178,0.05142405171171454,0.9697147949748225,0.9889316665382584,0.0014108720132398112,0.005327867933992543,0.10933310237835688
train_smoothstep_eval_default,smoothstep,default,20260811,20300813,0.008310892312693503,0.016304959192153527,0.05142350402224925,0.07041435184196222,0.0638944575578763,0.02490687915795372,0.031024322490494055,0.9675509628314966,0.9870862698912953,0.001410929437744454,0.006170826317051082,0.12301834756252092
train_smoothstep_eval_default,smoothstep,default,20260811,20300814,0.008310892312693503,0.016304959192153527,0.05033394886925919,0.06414539763340256,0.05215471343821836,0.024421428817322823,0.03615614249810196,0.9729125480050057,0.9882950932721764,0.0014108679503911682,0.005625386755868822,0.12076400039062012
train_smoothstep_eval_default,smoothstep,default,20260811,20300815,0.008310892312693503,0.016304959192153527,0.051421023903984085,0.053150225941442454,0.04797280817599479,0.024228262925781743,0.036385835813800955,0.9837513215324132,0.9926340141384944,0.0014109260625797594,0.0035686837161405744,0.09529449527405223
train_smoothstep_eval_default,smoothstep,default,20260811,20300816,0.008310892312693503,0.016304959192153527,0.057400596407438616,0.05643573984119457,0.05071097011875981,0.02455403112807158,0.04478687102529771,0.9728365451794343,0.9871269138224321,0.0014108539954203539,0.0062232391818532445,0.12322198759468202
train_smoothstep_eval_default,smoothstep,default,20260811,20300817,0.008310892312693503,0.016304959192153527,0.04991266053386765,0.05827664547777467,0.0579178783433002,0.024463603625605904,0.034307380509322194,0.9736154383640263,0.9900280622209048,0.0014109209439377914,0.0048393896164811,0.10289299512426482
train_smoothstep_eval_default,smoothstep,default,20260811,20300818,0.008310892312693503,0.016304959192153527,0.06042940561082168,0.07151835786135984,0.07531660358963732,0.024275491119916302,0.03300013100559815,0.9716683990719472,0.9895134778261483,0.0014108727678298488,0.005029149990956041,0.10801021770900061
train_smoothstep_eval_default,smoothstep,default,20260811,20300819,0.008310892312693503,0.016304959192153527,0.04854364962243396,0.05178078528562588,0.0505538996057018,0.024073624425973106,0.052419066281855664,0.966394295892504,0.9877002503391561,0.0014108865006302023,0.005887675220072628,0.11562213161247518
train_smoothstep_eval_smoothstep,smoothstep,smoothstep,20260811,20300810,0.006077234555758964,0.017818902278606344,0.05840898085013353,0.06943121803617136,0.07199053487551162,0.035004291352513886,0.023597911081354353,0.9676891445906571,0.990712081208328,0.0014103343590976182,0.004457635401395444,0.09608812895256556
train_smoothstep_eval_smoothstep,smoothstep,smoothstep,20260811,20300811,0.006077234555758964,0.017818902278606344,0.0534156268227057,0.05452623336416346,0.04615965815243406,0.035536296381754456,0.03591168655544826,0.9648007175055626,0.9896328034479657,0.001410358001147343,0.00497664328392422,0.1018384702696064
train_smoothstep_eval_smoothstep,smoothstep,smoothstep,20260811,20300812,0.006077234555758964,0.017818902278606344,0.05470299409144934,0.05964509788000588,0.05134229964324319,0.03450036194337282,0.04568751694033593,0.9697147949748225,0.9918229438130783,0.0014103022296806638,0.003931758384406672,0.08691567115153434
train_smoothstep_eval_smoothstep,smoothstep,smoothstep,20260811,20300813,0.006077234555758964,0.017818902278606344,0.0520906496250767,0.06849075340757096,0.06473990101377075,0.03456365343531275,0.025296924182635263,0.9675509628314966,0.9906182861124124,0.0014103325213574481,0.00448096890694649,0.09852316985092444
train_smoothstep_eval_smoothstep,smoothstep,smoothstep,20260811,20300814,0.006077234555758964,0.017818902278606344,0.04779679641020454,0.06016258306602765,0.05187294826143485,0.03552701576625522,0.02842319844919854,0.9729125480050057,0.991205926132867,0.0014103232356729594,0.004226920219278621,0.099574440695395
train_smoothstep_eval_smoothstep,smoothstep,smoothstep,20260811,20300815,0.006077234555758964,0.017818902278606344,0.05279285999330929,0.05059998967295263,0.04673874044644056,0.03475388679535926,0.034326148816940044,0.9837513215324132,0.9951874499603424,0.0014103541757915818,0.002330726537894511,0.07252504365550373
train_smoothstep_eval_smoothstep,smoothstep,smoothstep,20260811,20300816,0.006077234555758964,0.017818902278606344,0.05627796308016572,0.05597236571814924,0.05037566477782083,0.03510135633253141,0.039086319926901654,0.9728365451794343,0.9906303499344308,0.0014103149363669542,0.0045358387572571705,0.10114668007969907
train_smoothstep_eval_smoothstep,smoothstep,smoothstep,20260811,20300817,0.006077234555758964,0.017818902278606344,0.04852909138464963,0.05650869933991676,0.058160584849806594,0.03482684508633343,0.028376506221969914,0.9736154383640263,0.9928607674721681,0.0014103300431585006,0.0034765286540792443,0.07979521864984188
train_smoothstep_eval_smoothstep,smoothstep,smoothstep,20260811,20300818,0.006077234555758964,0.017818902278606344,0.06060476114801585,0.07115954539990489,0.07386629492078663,0.03491527112489157,0.02745031811377185,0.9716683990719472,0.9923210942778662,0.0014103291240624115,0.003680415630140475,0.08513171608054484
train_smoothstep_eval_smoothstep,smoothstep,smoothstep,20260811,20300819,0.006077234555758964,0.017818902278606344,0.04757512419437578,0.049899512764259635,0.0490250308197805,0.03605389103537248,0.04500376560819489,0.966394295892504,0.9908092598373373,0.0014103225162808365,0.004390854427955273,0.09290556893922389
train_smoothstep_eval_cosine,smoothstep,cosine,20260811,20300810,0.005725569660364364,0.015991186773708737,0.05859524485339926,0.06949480430097903,0.07100870242175113,0.03914913135509187,0.024181331402616163,0.9676891445906571,0.9909912276170459,0.0014102841886775405,0.00432259346362439,0.09363196747008305
train_smoothstep_eval_cosine,smoothstep,cosine,20260811,20300811,0.005725569660364364,0.015991186773708737,0.05316347551199927,0.05444366999227591,0.046816642100351996,0.03965236410239643,0.03655349732814802,0.9648007175055626,0.9899378963878256,0.0014103088703271809,0.004828600360874334,0.09937545764249645
train_smoothstep_eval_cosine,smoothstep,cosine,20260811,20300812,0.005725569660364364,0.015991186773708737,0.054774482869512614,0.059443931431587986,0.05168552314750514,0.03840597783569887,0.04404737670555072,0.9697147949748225,0.9920629578635353,0.0014102551354072093,0.00381467608617439,0.08458612172003709
train_smoothstep_eval_cosine,smoothstep,cosine,20260811,20300813,0.005725569660364364,0.015991186773708737,0.052109175932920276,0.06828523991989989,0.06474242735570247,0.03787137876529398,0.024915803422434962,0.9675509628314966,0.9909173435692644,0.0014102816279141152,0.0043362803576181995,0.09598041674097381
train_smoothstep_eval_cosine,smoothstep,cosine,20260811,20300814,0.005725569660364364,0.015991186773708737,0.047586334094133764,0.059680259146860724,0.05238477456461788,0.03933231821595282,0.02750326795434385,0.9729125480050055,0.991456756596137,0.0014102789368146712,0.004104990743797754,0.09740960903340519
train_smoothstep_eval_cosine,smoothstep,cosine,20260811,20300815,0.005725569660364364,0.015991186773708737,0.05289712253480825,0.050322736730500604,0.04651572273970319,0.03857291716985983,0.033980477639954855,0.9837513215324136,0.9953835181196447,0.0014103070340234086,0.0022346203930810465,0.07018862471198742
train_smoothstep_eval_cosine,smoothstep,cosine,20260811,20300816,0.005725569660364364,0.015991186773708737,0.05619377689032039,0.05588268877829785,0.05035921000326635,0.03884697110292829,0.038440417132250236,0.9728365451794341,0.9909446690628526,0.001410269905186857,0.004382910721450827,0.09882993579118322
train_smoothstep_eval_cosine,smoothstep,cosine,20260811,20300817,0.005725569660364364,0.015991186773708737,0.04845324344036038,0.05651254806209372,0.058096499942263014,0.038605364832687665,0.027581716139049473,0.9736154383640263,0.9930811580389705,0.001410279720131619,0.0033690108438694756,0.07750519977717829
train_smoothstep_eval_cosine,smoothstep,cosine,20260811,20300818,0.005725569660364364,0.015991186773708737,0.06065974741405007,0.07116420525214928,0.0736979038176532,0.0385583172114666,0.02694306283628665,0.9716683990719472,0.9925501693309247,0.0014102837457405208,0.0035690620313678584,0.08277238963838848
train_smoothstep_eval_cosine,smoothstep,cosine,20260811,20300819,0.005725569660364364,0.015991186773708737,0.04754775411608955,0.04972596162994569,0.04871063097035239,0.04052736470191239,0.04419006184658236,0.966394295892504,0.9910690343967261,0.0014102748799971758,0.004264519615119922,0.09055414959666
train_cosine_eval_default,cosine,default,20260811,20300810,0.008606425547999239,0.016885623425305918,0.05729829739382393,0.06956743531670315,0.0694888575048807,0.02719265974102161,0.01999372832942023,0.9666125667624695,0.9871316320572691,0.001412000144624664,0.006174705546215396,0.12044085854586033
train_cosine_eval_default,cosine,default,20260811,20300811,0.008606425547999239,0.016885623425305918,0.05678010245203945,0.05416486936731816,0.044817805308147614,0.02750194280888343,0.037925799478524,0.9636671505275872,0.9856599840787078,0.0014119924372738683,0.006887661290299707,0.12715062540029545
train_cosine_eval_default,cosine,default,20260811,20300812,0.008606425547999239,0.016885623425305918,0.05422561183069892,0.06235610914973152,0.05181643887098231,0.02745346756406299,0.051620007074243905,0.968543056335054,0.9885492314841006,0.0014119272088084622,0.005516484081800478,0.11082336519156899
train_cosine_eval_default,cosine,default,20260811,20300813,0.008606425547999239,0.016885623425305918,0.05141218469565728,0.07106893905986851,0.06423698174582139,0.027985554859560034,0.031167858872961748,0.9668013577011713,0.98676137160034,0.0014119937405185066,0.006325595510416307,0.12399779000423564
train_cosine_eval_default,cosine,default,20260811,20300814,0.008606425547999239,0.016885623425305918,0.05034150832362682,0.06456072896219582,0.05292142679435769,0.02750908424613741,0.03641936339159818,0.9720684485660743,0.9880248136615304,0.0014119181957753008,0.005753593358791083,0.12159318983030387
train_cosine_eval_default,cosine,default,20260811,20300815,0.008606425547999239,0.016885623425305918,0.05142779554003774,0.05368712081916754,0.04777508566450239,0.027309994099574526,0.03637971903443882,0.9833675001269879,0.9924103569367071,0.0014119899100901144,0.0036760115373946876,0.09619523995413902
train_cosine_eval_default,cosine,default,20260811,20300816,0.008606425547999239,0.016885623425305918,0.05741579066205733,0.05674657310539515,0.05084061491264125,0.02756410170333632,0.04593078447580401,0.9719061426948844,0.9867018205864205,0.0014119045707923217,0.00643390208792558,0.12495706862379563
train_cosine_eval_default,cosine,default,20260811,20300817,0.008606425547999239,0.016885623425305918,0.04989079556193492,0.05824803731579819,0.057579516439491864,0.02753457109510807,0.03537354633211313,0.9729944547808284,0.9897828307006078,0.0014119815093506544,0.0049568119059145545,0.10377580594554651
train_cosine_eval_default,cosine,default,20260811,20300818,0.008606425547999239,0.016885623425305918,0.0604170770330997,0.07143623970127493,0.07502435770652531,0.027324358448743223,0.03259042348986401,0.9707808317486318,0.9892087730368324,0.0014119242758169094,0.005175889462061269,0.10900054179331002
train_cosine_eval_default,cosine,default,20260811,20300819,0.008606425547999239,0.016885623425305918,0.04857623707406081,0.05195107813566607,0.05012053204363137,0.0272640920562202,0.05279656351405004,0.9653760087122402,0.9873379143425044,0.0014119427902586957,0.006063931717283399,0.11688579595929069
train_cosine_eval_smoothstep,cosine,smoothstep,20260811,20300810,0.006309169612063719,0.018495862587359312,0.058410724467900146,0.0691902094728121,0.0725279394530197,0.03977013269886944,0.02247547124737877,0.9666125667624695,0.9904462866169628,0.0014113536790248433,0.004587672054593312,0.09707230844500658
train_cosine_eval_smoothstep,cosine,smoothstep,20260811,20300811,0.006309169612063719,0.018495862587359312,0.053423060956197393,0.054715071418956616,0.0459975352306994,0.040764078416544655,0.03496291487521455,0.9636671505275872,0.9893447157834396,0.0014113791836509529,0.005117548859883277,0.10283664433008743
train_cosine_eval_smoothstep,cosine,smoothstep,20260811,20300812,0.006309169612063719,0.018495862587359312,0.05469557072691643,0.0598892141879691,0.05154739705944015,0.0392192515314834,0.04616040011479791,0.968543056335054,0.9915265924026873,0.0014113107256261016,0.004078086584764086,0.08818641035692495
train_cosine_eval_smoothstep,cosine,smoothstep,20260811,20300813,0.006309169612063719,0.018495862587359312,0.05209195427589301,0.06899490277570368,0.06532830283494286,0.039193424453285094,0.023855503524941434,0.9668013577011713,0.9903922529068023,0.001411352328683516,0.004587636196878483,0.09929126484141051
train_cosine_eval_smoothstep,cosine,smoothstep,20260811,20300814,0.006309169612063719,0.018495862587359312,0.04779116453103009,0.06044083488500212,0.05200227409794734,0.040435180513210114,0.029280857402818838,0.9720684485660743,0.9910053492799207,0.00141133572340492,0.004322210333690832,0.10022431665755087
train_cosine_eval_smoothstep,cosine,smoothstep,20260811,20300815,0.006309169612063719,0.018495862587359312,0.05280747252336652,0.05101392426660938,0.047034826441207954,0.039666092909627026,0.03490513458012762,0.9833675001269879,0.9950501409872488,0.001411376657497259,0.002395722388995275,0.07317467436854863
train_cosine_eval_smoothstep,cosine,smoothstep,20260811,20300816,0.006309169612063719,0.018495862587359312,0.056284486163294595,0.056190995541225475,0.050378517666638055,0.03995458237816389,0.04104462083204158,0.9719061426948844,0.9903236605376764,0.0014113247738149458,0.004687187574659283,0.10256227679185068
train_cosine_eval_smoothstep,cosine,smoothstep,20260811,20300817,0.006309169612063719,0.018495862587359312,0.0484951343257385,0.05642239008179806,0.05770641500231135,0.03959177023648258,0.028822520330151563,0.9729944547808284,0.9926907325185143,0.0014113459178668767,0.0035584650514418085,0.08052824607949133
train_cosine_eval_smoothstep,cosine,smoothstep,20260811,20300818,0.006309169612063719,0.018495862587359312,0.060586289000650356,0.07110317256755279,0.07313850075750145,0.03948024187104273,0.026245038183525835,0.9707808317486318,0.9920951265564,0.0014113459204276799,0.0037894183922401203,0.08595563646908229
train_cosine_eval_smoothstep,cosine,smoothstep,20260811,20300819,0.006309169612063719,0.018495862587359312,0.047609577405974546,0.0500071458122627,0.04871857473091462,0.041374337387531115,0.04580568894081186,0.9653760087122402,0.9905425486885875,0.001411334671647944,0.004520469109076735,0.09390186891164497
train_cosine_eval_cosine,cosine,cosine,20260811,20300810,0.005930931241029455,0.016561527991886704,0.05859690946619854,0.06925509683977264,0.0725396273481147,0.0412287465497613,0.023215001834374884,0.9666125667624695,0.9907319409179818,0.0014112654625322509,0.004449498260514583,0.09459750361419758
train_cosine_eval_cosine,cosine,cosine,20260811,20300811,0.005930931241029455,0.016561527991886704,0.05316852002101273,0.05462536062451296,0.046013707139638794,0.042275804319323436,0.035512879100380285,0.9636671505275874,0.9896580843548894,0.0014112907101980995,0.004965488782532557,0.10034371749344304
train_cosine_eval_cosine,cosine,cosine,20260811,20300812,0.005930931241029455,0.016561527991886704,0.054767352070902935,0.059677903861298544,0.05153884779935066,0.040785718575831,0.04500961956825238,0.968543056335054,0.9917740883013539,0.0014112287989963255,0.003957310762461527,0.0858299667741914
train_cosine_eval_cosine,cosine,cosine,20260811,20300813,0.005930931241029455,0.016561527991886704,0.05211015075988537,0.0687720191008178,0.06528016531402542,0.040457517038045135,0.0237200269678237,0.9668013577011708,0.990699998999294,0.0014112633511333583,0.00443869090958728,0.09672219499491273
train_cosine_eval_cosine,cosine,cosine,20260811,20300814,0.005930931241029455,0.016561527991886704,0.04757938356064502,0.05994487835908622,0.05206866978191619,0.04192465903193112,0.028624130671064184,0.9720684485660741,0.9912618045678473,0.0014112534270576058,0.00419760895269797,0.0980374464568529
train_cosine_eval_cosine,cosine,cosine,20260811,20300815,0.005930931241029455,0.016561527991886704,0.05291217841806545,0.050718257087741137,0.046891724018143566,0.04122591801880975,0.03448398027019438,0.9833675001269879,0.9952536381447368,0.0014112904189934293,0.002295942840284452,0.07080687579090426
train_cosine_eval_cosine,cosine,cosine,20260811,20300816,0.005930931241029455,0.016561527991886704,0.05619987012143981,0.0560935118403789,0.05057585243596734,0.04160727878996917,0.039213845802225866,0.9719061426948844,0.9906491776040992,0.0014112438679342678,0.004528638821355559,0.10020641101979307
train_cosine_eval_cosine,cosine,cosine,20260811,20300817,0.005930931241029455,0.016561527991886704,0.04841888848120012,0.056425552152441875,0.05805461458341024,0.041167161366957514,0.027710140368770158,0.9729944547808284,0.9929175697984565,0.0014112589199432903,0.0034478668793665227,0.07821668600305662
train_cosine_eval_cosine,cosine,cosine,20260811,20300818,0.005930931241029455,0.016561527991886704,0.060641263829398315,0.07111341449019262,0.07313543822915322,0.04108473555561935,0.026691021272818926,0.9707808317486318,0.9923308980355496,0.001411261397148568,0.0036748231941616666,0.08357372360495363
train_cosine_eval_cosine,cosine,cosine,20260811,20300819,0.005930931241029455,0.016561527991886704,0.04758271447386435,0.049828547006753904,0.04876547953079635,0.04310751455295643,0.044511019004912215,0.9653760087122402,0.9908104126103854,0.001411250658053254,0.004390170538123606,0.0915201126581018
train_default_eval_default,default,default,20260812,20300810,0.03878679889421315,0.07586736799231233,0.056616760384118676,0.05559539084312908,0.052055231581062955,0.18464822269546072,0.05995042416107923,0.8623166343291148,0.945675689635233,0.0015135575745910445,0.025484894391114687,0.2388123748910184
train_default_eval_default,default,default,20260812,20300811,0.03878679889421315,0.07586736799231233,0.06215455404763,0.07256083645671724,0.07090338893910098,0.18271548245458055,0.07803605545293624,0.8455964331564927,0.9416896054795327,0.001513557574591233,0.02731807398484708,0.24949214760990354
train_default_eval_default,default,default,20260812,20300812,0.03878679889421315,0.07586736799231233,0.055417339715629774,0.07036956057901372,0.06991298344681775,0.17831158833978825,0.034991261926274865,0.8521322379171824,0.9389659387756574,0.0015135575745908701,0.028578323748003627,0.25481111118988925
train_default_eval_default,default,default,20260812,20300813,0.03878679889421315,0.07586736799231233,0.05313888183720608,0.09328601150648003,0.08877662098773886,0.17917165939012938,0.0721965996542747,0.8551974026958377,0.9411398434166698,0.001513557574590892,0.027548723757885436,0.2500086720789202
train_default_eval_default,default,default,20260812,20300814,0.03878679889421315,0.07586736799231233,0.0494332291781201,0.06566213203838116,0.06967870646087716,0.18144015341669806,0.05022819431452941,0.8648644828671365,0.9446276915278287,0.0015135575745915905,0.0261059041927941,0.2563894628238673
train_default_eval_default,default,default,20260812,20300815,0.03878679889421315,0.07586736799231233,0.06140454158454017,0.06282938405338985,0.06190523242520096,0.19096047477131337,0.04118410993387698,0.8527026248319896,0.9403058103251377,0.0015135575745911592,0.028045526412154947,0.2524313067036716
train_default_eval_default,default,default,20260812,20300816,0.03878679889421315,0.07586736799231233,0.05941933353569333,0.061940201829909836,0.06274311541242304,0.1789674011403111,0.056842509969401635,0.8548035686070337,0.9404288562678784,0.0015135575745916622,0.02812008723232387,0.24847162806722706
train_default_eval_default,default,default,20260812,20300817,0.03878679889421315,0.07586736799231233,0.0486815582324827,0.05904242752191977,0.05966981584176425,0.1846764458005969,0.05258387795246811,0.8485602077382126,0.9451409314457935,0.0015135575745908632,0.025763197437668594,0.23938396431557218
train_default_eval_default,default,default,20260812,20300818,0.03878679889421315,0.07586736799231233,0.0623823882482416,0.08521774458988947,0.0867826204146186,0.18165512024890001,0.06424608657349548,0.8649871416137861,0.9445727961239994,0.001513557574591794,0.025713827251640342,0.23616313963124957
train_default_eval_default,default,default,20260812,20300819,0.03878679889421315,0.07586736799231233,0.0478327389505247,0.06721758339316795,0.06506415351591428,0.1818905293712629,0.045118233482824344,0.8595733688206285,0.940657315664627,0.001513557574591683,0.027739634666821267,0.24710581244734264
train_default_eval_smoothstep,default,smoothstep,20260812,20300810,0.02878428961121951,0.08587904701826186,0.05627615365406545,0.0572813474213525,0.06050877169732532,0.14208851413697332,0.049363206617478096,0.8623166343291144,0.9603750567145992,0.0015135575745910445,0.018733802501889052,0.1930146867622599
train_default_eval_smoothstep,default,smoothstep,20260812,20300811,0.02878428961121951,0.08587904701826186,0.05900472907746891,0.07023918327829974,0.05751310064982077,0.15057826394125667,0.05799735404164421,0.8455964331564924,0.9576219633814617,0.001513557574591233,0.01976066595602984,0.19664885679281238
train_default_eval_smoothstep,default,smoothstep,20260812,20300812,0.02878428961121951,0.08587904701826186,0.055049272629586685,0.06552597318698178,0.05564686046324228,0.14564195332121524,0.025623466604967646,0.8521322379171821,0.956623210833687,0.0015135575745908701,0.02033628245642289,0.20145639739034538
train_default_eval_smoothstep,default,smoothstep,20260812,20300813,0.02878428961121951,0.08587904701826186,0.052109132181211604,0.08635111511425926,0.06909224727546376,0.14237400612379117,0.04889957449799681,0.8551974026958374,0.957549608725253,0.001513557574590892,0.019827809616624885,0.19965937289139266
train_default_eval_smoothstep,default,smoothstep,20260812,20300814,0.02878428961121951,0.08587904701826186,0.0475330159288647,0.059961248692015835,0.05862669303477414,0.14359050197943563,0.04026268943271871,0.8648644828671365,0.9610023689444596,0.0015135575745915905,0.018396664109263522,0.20216649979181128
train_default_eval_smoothstep,default,smoothstep,20260812,20300815,0.02878428961121951,0.08587904701826186,0.06103822944416852,0.05883873009246857,0.05022595775539657,0.14136460741565274,0.03616634423787077,0.8527026248319896,0.9570176071629014,0.0015135575745911592,0.020297486912932546,0.2018908274621869
train_default_eval_smoothstep,default,smoothstep,20260812,20300816,0.02878428961121951,0.08587904701826186,0.05844231440567605,0.05861154341772231,0.05599320808552625,0.1431699769989601,0.046155333373102035,0.8548035686070338,0.9577236316730344,0.0015135575745916622,0.01995820221963106,0.19575659417569558
train_default_eval_smoothstep,default,smoothstep,20260812,20300817,0.02878428961121951,0.08587904701826186,0.04602978492508212,0.05715473087983471,0.05352707947626226,0.145254069735188,0.03176288050644129,0.8485602077382123,0.9598760017549688,0.0015135575745908632,0.018913191615919315,0.18974789973943806
train_default_eval_smoothstep,default,smoothstep,20260812,20300818,0.02878428961121951,0.08587904701826186,0.061960664015736334,0.07846933745163116,0.07396347019664341,0.14442890739990544,0.049243097907598364,0.8649871416137859,0.9610513387355881,0.001513557574591794,0.01815678190702896,0.18557282315860207
train_default_eval_smoothstep,default,smoothstep,20260812,20300819,0.02878428961121951,0.08587904701826186,0.04529943007118663,0.061886907867242,0.05608217450463448,0.14242026547069442,0.035741480656900505,0.8595733688206283,0.9585264268559852,0.001513557574591683,0.019444261598501544,0.19405740320038325
train_default_eval_cosine,default,cosine,20260812,20300810,0.0275527345769548,0.08894462534240394,0.05633821844756962,0.05762680432237572,0.0613395925263368,0.16305882981407874,0.0483340867834925,0.8623166343291148,0.9617084614503743,0.0015135575745910445,0.01810439394440502,0.18758952738637133
train_default_eval_cosine,default,cosine,20260812,20300811,0.0275527345769548,0.08894462534240394,0.058757489191988276,0.0697780352791888,0.05761429185305752,0.17423079152852705,0.05641566592466441,0.8455964331564927,0.9589942752538102,0.001513557574591233,0.019100732104665515,0.19075494903690038
train_default_eval_cosine,default,cosine,20260812,20300812,0.0275527345769548,0.08894462534240394,0.055019920404020206,0.0649947820638935,0.05581958237045401,0.16773805440895637,0.026288956650055772,0.8521322379171824,0.9581825572561848,0.0015135575745908701,0.019595473935040013,0.1954360569791031
train_default_eval_cosine,default,cosine,20260812,20300813,0.0275527345769548,0.08894462534240394,0.05201473797476491,0.08558557899333503,0.06884764010625861,0.16426090892486536,0.046910692133247896,0.8551974026958378,0.959026612033824,0.001513557574590892,0.019122854925746103,0.19392510196380594
train_default_eval_cosine,default,cosine,20260812,20300814,0.0275527345769548,0.08894462534240394,0.047351053115069694,0.05922073375805056,0.05777300993075743,0.16582226115622883,0.03946344136593227,0.8648644828671365,0.9623924728497404,0.0015135575745915905,0.017731104358679597,0.19612881129949222
train_default_eval_cosine,default,cosine,20260812,20300815,0.0275527345769548,0.08894462534240394,0.06090887904367662,0.05828704720900596,0.050095505470381496,0.1624421342016279,0.036495819063421635,0.852702624831989,0.9585148564539707,0.0015135575745911592,0.019591100221736192,0.19614401218402733
train_default_eval_cosine,default,cosine,20260812,20300816,0.0275527345769548,0.08894462534240394,0.05838954022445045,0.058211237772003495,0.05584200197887135,0.16494371140734665,0.04578526434413185,0.8548035686070338,0.9592423739619361,0.0015135575745916622,0.019233454329150277,0.18989272400803284
train_default_eval_cosine,default,cosine,20260812,20300817,0.0275527345769548,0.08894462534240394,0.04588903975531213,0.05720877159304532,0.053428807626520546,0.16730295308002,0.031779856594062995,0.8485602077382123,0.9611278723721716,0.0015135575745908632,0.01831815445416065,0.18417075017842627
train_default_eval_cosine,default,cosine,20260812,20300818,0.0275527345769548,0.08894462534240394,0.06193565400236673,0.07787640918467219,0.07384491962752003,0.16656321213426248,0.047637440841507915,0.8649871416137861,0.9624783328664342,0.001513557574591794,0.017486674489740877,0.17984693791667317
train_default_eval_cosine,default,cosine,20260812,20300819,0.0275527345769548,0.08894462534240394,0.0452284151930558,0.06131990668890832,0.05566241232638577,0.16340697494989287,0.03617873244164891,0.8595733688206283,0.9600993817706126,0.001513557574591683,0.018701220986875062,0.18804295611526958
train_smoothstep_eval_default,smoothstep,default,20260812,20300810,0.051819735696015085,0.10108323299469289,0.05719231334496146,0.0546459133307132,0.049689710608693566,0.3398805446559207,0.06677988555021287,0.8239636090117778,0.930199787577697,0.001456340417939244,0.032625585290699276,0.2608808093194083
train_smoothstep_eval_default,smoothstep,default,20260812,20300811,0.051819735696015085,0.10108323299469289,0.06380605121382082,0.08066628605473625,0.0783436118967608,0.34061233041090877,0.08049233995211007,0.8025990567288945,0.9252436988254512,0.0014563404179394595,0.034822660285348465,0.27272352186898563
train_smoothstep_eval_default,smoothstep,default,20260812,20300812,0.051819735696015085,0.10108323299469289,0.05683839793521943,0.07774640443626843,0.07770293956989388,0.32022977703146593,0.05017358275209458,0.812478837736188,0.9228807106947438,0.0014563404179390841,0.036038524914334714,0.2763240296291341
train_smoothstep_eval_default,smoothstep,default,20260812,20300813,0.051819735696015085,0.10108323299469289,0.053850163374980345,0.10144244066113899,0.09503615863104165,0.32684562041032067,0.07546253025292288,0.8137904901018509,0.9247267256932655,0.0014563404179390484,0.03514408063122873,0.2731671287356791
train_smoothstep_eval_default,smoothstep,default,20260812,20300814,0.051819735696015085,0.10108323299469289,0.0501028472069181,0.07293514218596837,0.07875470283215341,0.3293092755255232,0.05072422431127873,0.8247475982265914,0.9289340402946115,0.0014563404179397965,0.03342770552205181,0.280190188742408
train_smoothstep_eval_default,smoothstep,default,20260812,20300815,0.051819735696015085,0.10108323299469289,0.06210128454871339,0.06987791093807316,0.06886762010215065,0.37992028623208884,0.049984644054029304,0.8132554227917023,0.9239240209252129,0.0014563404179393016,0.035644823700570726,0.2757858052279051
train_smoothstep_eval_default,smoothstep,default,20260812,20300816,0.051819735696015085,0.10108323299469289,0.05965878261955648,0.06927878984978482,0.0698287798916901,0.33088082348606446,0.06378729775515844,0.8158266861381153,0.9243404846945967,0.0014563404179398502,0.03561350737602986,0.2721251510027824
train_smoothstep_eval_default,smoothstep,default,20260812,20300817,0.051819735696015085,0.10108323299469289,0.04912119916356122,0.06462735888902327,0.06508975857787905,0.34872265126172214,0.06329912888295532,0.8097372398474686,0.9297228849802242,0.0014563404179390033,0.03283372244546103,0.2610912380806036
train_smoothstep_eval_default,smoothstep,default,20260812,20300818,0.051819735696015085,0.10108323299469289,0.06323298618674865,0.09084328344118131,0.09171571541108015,0.33415415952186084,0.06600439463178892,0.8275634605393771,0.928749265627949,0.00145634041794,0.03287903805080647,0.2585819802021766
train_smoothstep_eval_default,smoothstep,default,20260812,20300819,0.051819735696015085,0.10108323299469289,0.04887481333395078,0.07495800653019109,0.07170221859453312,0.3459387370816829,0.0599230543173783,0.8200333906760975,0.9246749263511497,0.0014563404179399862,0.03510820250444346,0.26889401944665214
train_smoothstep_eval_smoothstep,smoothstep,smoothstep,20260812,20300810,0.03837001829268254,0.11210222470075577,0.05677086146443279,0.05534182900236664,0.05952063795545004,0.19629146791534927,0.05954766076007107,0.8239636090117778,0.949378454698613,0.001456340417939244,0.02389999630149154,0.21048838126766262
train_smoothstep_eval_smoothstep,smoothstep,smoothstep,20260812,20300811,0.03837001829268254,0.11210222470075577,0.060534271438451755,0.07675552359284303,0.06048069514334161,0.20720551127115813,0.06619987672802141,0.8025990567288945,0.9457930297868019,0.0014563404179394595,0.02512555586304019,0.21474153129037193
train_smoothstep_eval_smoothstep,smoothstep,smoothstep,20260812,20300812,0.03837001829268254,0.11210222470075577,0.05612035644178337,0.07106196872457342,0.05797580569632135,0.20047165897051022,0.029457346160794637,0.812478837736188,0.9452517006437082,0.0014563404179390841,0.025650507284745883,0.21829574054940465
train_smoothstep_eval_smoothstep,smoothstep,smoothstep,20260812,20300813,0.03837001829268254,0.11210222470075577,0.05282937356633573,0.09277970725777247,0.0710137901639849,0.1962811368122035,0.055675886976144555,0.8137904901018509,0.9457328287735539,0.0014563404179390484,0.025305900482846522,0.21806896666116207
train_smoothstep_eval_smoothstep,smoothstep,smoothstep,20260812,20300814,0.03837001829268254,0.11210222470075577,0.048057706331809176,0.06541328479076668,0.06028393203574256,0.19735435923582728,0.04669422415332262,0.8247475982265914,0.94999267690756,0.0014563404179397965,0.02357507743906339,0.2206212174994994
train_smoothstep_eval_smoothstep,smoothstep,smoothstep,20260812,20300815,0.03837001829268254,0.11210222470075577,0.06179030142728162,0.0643404996436741,0.052548660947590344,0.19451677270398848,0.03762134744916972,0.8132554227917023,0.945374314613449,0.0014563404179393016,0.025755905235248226,0.22049758691433965
train_smoothstep_eval_smoothstep,smoothstep,smoothstep,20260812,20300816,0.03837001829268254,0.11210222470075577,0.058826546457943725,0.06415943518676125,0.057831019460678625,0.1974922150653296,0.05382908270357115,0.8158266861381153,0.9463207900884683,0.0014563404179398502,0.025295243707625942,0.21466899817157156
train_smoothstep_eval_smoothstep,smoothstep,smoothstep,20260812,20300817,0.03837001829268254,0.11210222470075577,0.04623206787417063,0.06058511975333234,0.05402817613676745,0.20063926361242113,0.03666117924274807,0.8097372398474686,0.9489914084596933,0.0014563404179390033,0.023964975790662108,0.20678444248322067
train_smoothstep_eval_smoothstep,smoothstep,smoothstep,20260812,20300818,0.03837001829268254,0.11210222470075577,0.06252549246064842,0.08222242608790849,0.07543010788087547,0.1996667824737717,0.05804526096092443,0.8275634605393771,0.9501075383101698,0.00145634041794,0.023191385890210504,0.20318452942605333
train_smoothstep_eval_smoothstep,smoothstep,smoothstep,20260812,20300819,0.03837001829268254,0.11210222470075577,0.045949256587081135,0.0677152550789044,0.058458896308909915,0.19694497222325674,0.04090875296899143,0.8200333906760975,0.947215737261191,0.0014563404179399862,0.024717313875531603,0.21138368993213602
train_smoothstep_eval_cosine,smoothstep,cosine,20260812,20300810,0.03676322356031217,0.11567965302039103,0.056833407164073826,0.05563708841570456,0.06040519892191434,0.225516063714599,0.056568894345257796,0.8239636090117778,0.9511112792321617,0.001456340417939244,0.02308815728617516,0.2044986615988918
train_smoothstep_eval_cosine,smoothstep,cosine,20260812,20300811,0.03676322356031217,0.11567965302039103,0.060264597927032225,0.07609461249683401,0.060098328153794955,0.23994812669511664,0.0630873147301416,0.8025990567288942,0.9475717824564036,0.0014563404179394595,0.024275420793393787,0.20823676129148755
train_smoothstep_eval_cosine,smoothstep,cosine,20260812,20300812,0.03676322356031217,0.11567965302039103,0.0560644871902478,0.07029794030884184,0.05775055826662432,0.23108642657634945,0.02954131618288194,0.8124788377361878,0.9472265626511414,0.0014563404179390841,0.024717613523224508,0.2117302091691553
train_smoothstep_eval_cosine,smoothstep,cosine,20260812,20300813,0.03676322356031217,0.11567965302039103,0.05273709334514519,0.09178007917594207,0.07065811614647496,0.22691281768607618,0.052848787510965466,0.8137904901018508,0.94762402155473,0.0014563404179390484,0.024408196001716294,0.21176881013756196
train_smoothstep_eval_cosine,smoothstep,cosine,20260812,20300814,0.03676322356031217,0.11567965302039103,0.04786803334796265,0.06442621446169443,0.059471160680827674,0.2277842683180334,0.04441044134386133,0.8247475982265914,0.9517845687534748,0.0014563404179397965,0.02272255580015705,0.21395693966948048
train_smoothstep_eval_cosine,smoothstep,cosine,20260812,20300815,0.03676322356031217,0.11567965302039103,0.0616696865903059,0.06357120391540745,0.05234688270434568,0.22376917018151615,0.03807309158729163,0.8132554227917022,0.9473023449671778,0.0014563404179393016,0.024852847536112638,0.21418067984645744
train_smoothstep_eval_cosine,smoothstep,cosine,20260812,20300816,0.03676322356031217,0.11567965302039103,0.05879792222682799,0.06352822753131211,0.057535549624411216,0.22769865763069094,0.05308973564768236,0.8158266861381149,0.9482597552407548,0.0014563404179398502,0.02437657448045578,0.20824997096059347
train_smoothstep_eval_cosine,smoothstep,cosine,20260812,20300817,0.03676322356031217,0.11567965302039103,0.046069798133017995,0.06043696742436233,0.05329716043735494,0.23132536874581,0.03544674707213224,0.8097372398474684,0.9506378542679361,0.0014563404179390033,0.023189991398040503,0.2006499512177944
train_smoothstep_eval_cosine,smoothstep,cosine,20260812,20300818,0.03676322356031217,0.11567965302039103,0.06247730370326231,0.08139661216886886,0.07459172652391378,0.23054271038234214,0.054789722588915186,0.8275634605393769,0.9519620697591836,0.00145634041794,0.022328908614192563,0.1968639550942898
train_smoothstep_eval_cosine,smoothstep,cosine,20260812,20300819,0.03676322356031217,0.11567965302039103,0.04585233299406018,0.0668890516365628,0.05775385842173936,0.22587777537059717,0.04079745611217093,0.8200333906760974,0.9492002143083443,0.0014563404179399862,0.023786296191923025,0.2048494365936901
train_cosine_eval_default,cosine,default,20260812,20300810,0.06972794866645321,0.13612934918905237,0.0574363592090322,0.0599050684654057,0.04885054775094189,0.258914511484959,0.06558462665590524,0.7676958670794143,0.9060106299885262,0.001534564983733119,0.044405711901336443,0.3008810095445904
train_cosine_eval_default,cosine,default,20260812,20300811,0.06972794866645321,0.13612934918905237,0.06677454952612513,0.08355686605971828,0.07288710702226626,0.2613379497198433,0.07737506495990225,0.7444172679192294,0.9003275119370444,0.001534564983733359,0.0468356871326991,0.3126554478585736
train_cosine_eval_default,cosine,default,20260812,20300812,0.06972794866645321,0.13612934918905237,0.057659635746468346,0.08080843236278244,0.07195451004655233,0.25136589490578054,0.042500537401354545,0.7572611235248086,0.8983287093632478,0.0015345649837329675,0.04803683525588775,0.3142206639329501
train_cosine_eval_default,cosine,default,20260812,20300813,0.06972794866645321,0.13612934918905237,0.055613807079549604,0.10493692425523769,0.09250393354910315,0.24995853089608527,0.0717037089668792,0.7578713680204923,0.9005716276784316,0.0015345649837328595,0.04703272966771902,0.3110356600588342
train_cosine_eval_default,cosine,default,20260812,20300814,0.06972794866645321,0.13612934918905237,0.05016353314843454,0.07375729037195665,0.07412927021710426,0.2560959870272528,0.05505371841268838,0.7742289584674639,0.9053422920222574,0.0015345649837337169,0.04506502908418523,0.3198649181862519
train_cosine_eval_default,cosine,default,20260812,20300815,0.06972794866645321,0.13612934918905237,0.06389356640729144,0.07287921767278455,0.06597471906441169,0.26496785897217806,0.04068091571157329,0.7616230347982417,0.9012001129539536,0.0015345649837330924,0.04694387233163452,0.3129779542412526
train_cosine_eval_default,cosine,default,20260812,20300816,0.06972794866645321,0.13612934918905237,0.06048227079449346,0.06960494413438256,0.06352994068265239,0.25344589556371794,0.060176077904615786,0.7582329062256007,0.8994331533604614,0.0015345649837337366,0.04792864538829384,0.3112242154515724
train_cosine_eval_default,cosine,default,20260812,20300817,0.06972794866645321,0.13612934918905237,0.04903788624867641,0.0629970238904664,0.06079980008053315,0.25961691729669856,0.053750814605472354,0.7481827816614455,0.9050328870843354,0.0015345649837327884,0.044989379895104015,0.30275199659038826
train_cosine_eval_default,cosine,default,20260812,20300818,0.06972794866645321,0.13612934918905237,0.06352467594391056,0.08963230197302102,0.08542281829802234,0.2548509646120691,0.06835826034907302,0.775444421774781,0.9054515385666327,0.0015345649837339448,0.04392378944592819,0.29469158441539184
train_cosine_eval_default,cosine,default,20260812,20300819,0.06972794866645321,0.13612934918905237,0.05042824340221262,0.07638946760643471,0.06806488343864546,0.2543503866434981,0.05086174780433226,0.764573474254695,0.8999443988056657,0.0015345649837340176,0.04713149264298215,0.30781005184439725
train_cosine_eval_smoothstep,cosine,smoothstep,20260812,20300810,0.05133628563132872,0.14740498850353076,0.056803588302390365,0.05957658745693612,0.058159935430098925,0.20978248549835854,0.052571274816915835,0.7676958670794143,0.9321250817246309,0.001534564983733119,0.0324803199492033,0.24318439121514487
train_cosine_eval_smoothstep,cosine,smoothstep,20260812,20300811,0.05133628563132872,0.14740498850353076,0.06268093093195766,0.0794782672659381,0.06068688496976974,0.21959407326335317,0.059293152794918945,0.7444172679192294,0.9282139318118631,0.001534564983733359,0.03359326704207964,0.2465991117694036
train_cosine_eval_smoothstep,cosine,smoothstep,20260812,20300812,0.05133628563132872,0.14740498850353076,0.05624584745928604,0.07356616310553053,0.05707687667356457,0.21310726013619807,0.02802764723001873,0.7572611235248086,0.9280004060568506,0.0015345649837329675,0.03415318055727493,0.24907658153477003
train_cosine_eval_smoothstep,cosine,smoothstep,20260812,20300813,0.05133628563132872,0.14740498850353076,0.05461086460451425,0.09619868579872555,0.07286807573588115,0.20852414389458448,0.050477192072945855,0.7578713680204923,0.9285020897347884,0.0015345649837328595,0.033801742055268216,0.2483929699682254
train_cosine_eval_smoothstep,cosine,smoothstep,20260812,20300814,0.05133628563132872,0.14740498850353076,0.04768489732634432,0.06634492850843336,0.060330326378586596,0.2095953692444319,0.042972662542592084,0.7742289584674639,0.9337981384686269,0.0015345649837337169,0.031677167577315965,0.25269402367725746
train_cosine_eval_smoothstep,cosine,smoothstep,20260812,20300815,0.05133628563132872,0.14740498850353076,0.06296582233480776,0.06719168750312281,0.052880899746442854,0.20776695241072823,0.03904684648366024,0.7616230347982417,0.9294712881163688,0.0015345649837330924,0.03380552185557295,0.2505032787331116
train_cosine_eval_smoothstep,cosine,smoothstep,20260812,20300816,0.05133628563132872,0.14740498850353076,0.059478311916479995,0.06447898318233088,0.05777646993234648,0.21024353048308225,0.04965522239619689,0.7582329062256007,0.9287800274126603,0.0015345649837337366,0.034048742124664445,0.24576850288173815
train_cosine_eval_smoothstep,cosine,smoothstep,20260812,20300817,0.05133628563132872,0.14740498850353076,0.045899393794066455,0.058884898024046804,0.05329068809770407,0.21396052926957465,0.03470597029860347,0.7481827816614455,0.9313552606433338,0.0015345649837327884,0.032827750598245796,0.24041363420168316
train_cosine_eval_smoothstep,cosine,smoothstep,20260812,20300818,0.05133628563132872,0.14740498850353076,0.06207862543879197,0.08092652667122291,0.0737830112977761,0.21239808390115883,0.05347658956135176,0.775444421774781,0.9339711615205564,0.0015345649837339448,0.03100304352931545,0.23254615735375023
train_cosine_eval_smoothstep,cosine,smoothstep,20260812,20300819,0.05133628563132872,0.14740498850353076,0.04703269319816891,0.06890424434310725,0.05861951449916487,0.2103124866541941,0.03763253018758747,0.764573474254695,0.9298883825309361,0.0015345649837340176,0.03327933793081504,0.2432310061280277
train_cosine_eval_cosine,cosine,cosine,20260812,20300810,0.04932866797014643,0.15019026680965974,0.05685284849882842,0.05972274307573062,0.05890703201178602,0.23526759554419155,0.05089776607932985,0.7676958670794143,0.934526969926656,0.001534564983733119,0.03135675295076129,0.23619948647487168
train_cosine_eval_cosine,cosine,cosine,20260812,20300811,0.04932866797014643,0.15019026680965974,0.06232552419458274,0.07875157269512464,0.06047927173093099,0.24806310319965946,0.057778228578240824,0.7444172679192294,0.930679924819249,0.001534564983733359,0.032414353744916184,0.2390550508849016
train_cosine_eval_cosine,cosine,cosine,20260812,20300812,0.04932866797014643,0.15019026680965974,0.05613369425268372,0.07271160909446277,0.05653045486259122,0.2392687212792604,0.027633361969588047,0.7572611235248086,0.9306718002099696,0.0015345649837329675,0.03289218540130027,0.2415756946309096
train_cosine_eval_cosine,cosine,cosine,20260812,20300813,0.04932866797014643,0.15019026680965974,0.05450285207096388,0.09515202541396804,0.07193779692509618,0.23434159271359428,0.04825101553125769,0.7578713680204922,0.9310660518824181,0.0015345649837328595,0.03258302804514363,0.24112278458669872
train_cosine_eval_cosine,cosine,cosine,20260812,20300814,0.04932866797014643,0.15019026680965974,0.04748129841399902,0.06531659510494608,0.059553632467047445,0.23570809169956816,0.04228843486141152,0.7742289584674638,0.9362914184795954,0.0015345649837337169,0.030493178862274567,0.24501825820727183
train_cosine_eval_cosine,cosine,cosine,20260812,20300815,0.04932866797014643,0.15019026680965974,0.06278599438677987,0.06635832868603886,0.05253822219845028,0.2330364280767339,0.03949313447741381,0.7616230347982417,0.9320468574138066,0.0015345649837330924,0.032597358156551716,0.2432487441366133
train_cosine_eval_cosine,cosine,cosine,20260812,20300816,0.04932866797014643,0.15019026680965974,0.05945520439397692,0.06381884085661634,0.05774061824069582,0.23648840541007068,0.04835796735322295,0.7582329062256005,0.9314196474949398,0.0015345649837337366,0.03280067740443394,0.23834938551883647
train_cosine_eval_cosine,cosine,cosine,20260812,20300817,0.04932866797014643,0.15019026680965974,0.045700604629767584,0.058719979933385257,0.053444317753620206,0.24051600952088292,0.034682789514587024,0.7481827816614451,0.9336489534865138,0.0015345649837327884,0.031749323586660064,0.233235097676028
train_cosine_eval_cosine,cosine,cosine,20260812,20300818,0.04932866797014643,0.15019026680965974,0.06198401348760214,0.08011116427327399,0.07344901850174608,0.239208487255332,0.05151884186276611,0.7754444217747809,0.9364966956619449,0.0015345649837339448,0.029835230674717706,0.2253051231396883
train_cosine_eval_cosine,cosine,cosine,20260812,20300819,0.04932866797014643,0.15019026680965974,0.046898678205901816,0.06802152939017436,0.0582407347515494,0.2355300012600225,0.037164186994662,0.7645734742546952,0.9325821871248371,0.0015345649837340176,0.03202219280542933,0.23577222243927828
train_default_eval_default,default,default,20260813,20300810,0.04860015617146204,0.09459920635956111,0.058454289463003455,0.09613349508102932,0.0961375886800326,0.23472326792089726,0.027071083774315097,0.8365434331891866,0.934565424970919,0.001641605119164653,0.03388278753692907,0.28719668200568177
train_default_eval_default,default,default,20260813,20300811,0.04860015617146204,0.09459920635956111,0.05993384334374947,0.08856251055277818,0.08865608660756828,0.23237796780275652,0.05195385054687338,0.851410537147691,0.936162793205369,0.0016416051191647332,0.03290694336019993,0.28675754680721005
train_default_eval_default,default,default,20260813,20300812,0.04860015617146204,0.09459920635956111,0.05840003379554163,0.09137282213753754,0.09148736451896711,0.23367951611004967,0.04829010858183442,0.8523653105312412,0.9362843549583003,0.0016416051191647009,0.03291986940926697,0.27720160009605005
train_default_eval_default,default,default,20260813,20300813,0.04860015617146204,0.09459920635956111,0.0550229675863481,0.06639960014738944,0.06681796917170438,0.22733659032930573,0.03264760713063833,0.8243199624020718,0.9333723592593854,0.0016416051191645656,0.03466484025619074,0.28535514153104263
train_default_eval_default,default,default,20260813,20300814,0.04860015617146204,0.09459920635956111,0.05081334566439174,0.08332505151716592,0.08334280565551477,0.23179526377549464,0.01886690412734447,0.8555279377000782,0.9338577083347331,0.0016416051191647401,0.03484807519664814,0.29634318904587104
train_default_eval_default,default,default,20260813,20300815,0.04860015617146204,0.09459920635956111,0.05386698155518463,0.06934334804820846,0.06950885545557879,0.22656810227302937,0.032461202083849006,0.8333133132516796,0.934700412420257,0.0016416051191645944,0.034512358398450155,0.2836774390786113
train_default_eval_default,default,default,20260813,20300816,0.04860015617146204,0.09459920635956111,0.057537790022131996,0.08143857934030144,0.0814430028154577,0.2302980153210213,0.03285843976427593,0.818770454323551,0.9339710380191532,0.001641605119164739,0.034326871520144644,0.2902185326274188
train_default_eval_default,default,default,20260813,20300817,0.04860015617146204,0.09459920635956111,0.0481362021758272,0.10322977731539802,0.1032876990947628,0.23154765006592187,0.03974938166628963,0.8008072111242648,0.9266055539270444,0.0016416051191645194,0.03857552056421787,0.29806508041598506
train_default_eval_default,default,default,20260813,20300818,0.04860015617146204,0.09459920635956111,0.0652507248685994,0.11329723483832488,0.1134981582785654,0.23079610635248293,0.029322394589571893,0.8475513832458925,0.9380152478785764,0.0016416051191647449,0.03231792179385614,0.27589120216089674
train_default_eval_default,default,default,20260813,20300819,0.04860015617146204,0.09459920635956111,0.04841820951218813,0.0828122331724938,0.08285525760058282,0.2313549703793566,0.05380643799682658,0.8419261776109058,0.933990868204466,0.001641605119164894,0.03426703030173652,0.28750171979802136
train_default_eval_smoothstep,default,smoothstep,20260813,20300810,0.03399068230372508,0.09166907679440583,0.05782024549926036,0.0894879754003684,0.07828943035737904,0.4801823523629041,0.052773360578028096,0.836543433189187,0.952481385598729,0.001641605119164653,0.024419862693746602,0.22619031133633666
train_default_eval_smoothstep,default,smoothstep,20260813,20300811,0.03399068230372508,0.09166907679440583,0.05611141597705377,0.08154774332582926,0.05051998992790707,0.5049150064936996,0.03740552562820918,0.851410537147691,0.9549250188736153,0.0016416051191647332,0.023077596399926285,0.22349574834590213
train_default_eval_smoothstep,default,smoothstep,20260813,20300812,0.03399068230372508,0.09166907679440583,0.05758870743702218,0.08244518257160507,0.05917318369111605,0.500135846557535,0.07161703824821232,0.8523653105312414,0.9554763602061989,0.0016416051191647009,0.0229404807472412,0.21452962381499416
train_default_eval_smoothstep,default,smoothstep,20260813,20300813,0.03399068230372508,0.09166907679440583,0.05375741511586415,0.06069530542834551,0.06632620040484206,0.486148428732703,0.03573641672317547,0.8243199624020718,0.9509236558395028,0.0016416051191645656,0.025549858453995756,0.22554087373832207
train_default_eval_smoothstep,default,smoothstep,20260813,20300814,0.03399068230372508,0.09166907679440583,0.04974219295815473,0.07586782422498906,0.049807510723747554,0.4908041088490696,0.03549889705369899,0.8555279377000782,0.9534248806862167,0.0016416051191647401,0.024519041958020432,0.23325271419133325
train_default_eval_smoothstep,default,smoothstep,20260813,20300815,0.03399068230372508,0.09166907679440583,0.05435156826653952,0.06166703951072886,0.04691581716684496,0.4970242239430076,0.0471778479038811,0.8333133132516796,0.9526217892463315,0.0016416051191645944,0.02512600233678582,0.22214637469819115
train_default_eval_smoothstep,default,smoothstep,20260813,20300816,0.03399068230372508,0.09166907679440583,0.05509871860151258,0.07466712161674491,0.05581051405145088,0.5093040198914799,0.044404585162775144,0.8187704543235507,0.9518690991886432,0.001641605119164739,0.02513543469537316,0.22613714852227634
train_default_eval_smoothstep,default,smoothstep,20260813,20300817,0.03399068230372508,0.09166907679440583,0.046676492408779455,0.09405614247735745,0.06134047939150928,0.47575338117101906,0.05056766109367017,0.8008072111242648,0.9454544529609381,0.0016416051191645194,0.02863555476779851,0.23463161735267204
train_default_eval_smoothstep,default,smoothstep,20260813,20300818,0.03399068230372508,0.09166907679440583,0.06428719064236556,0.10463727996379713,0.06563418986641019,0.46512089144513336,0.04146842872879613,0.8475513832458924,0.9553776551633438,0.0016416051191647449,0.023178207012541075,0.21658850407971558
train_default_eval_smoothstep,default,smoothstep,20260813,20300819,0.03399068230372508,0.09166907679440583,0.04639738561205266,0.0752451711252655,0.05218658502169044,0.5004653111049917,0.054591128803045896,0.8419261776109056,0.953077631074796,0.001641605119164894,0.024378878710382957,0.22433946541236088
train_default_eval_cosine,default,cosine,20260813,20300810,0.03424172212937653,0.09857853315164428,0.05785615878207561,0.08869573822419745,0.07720498454176536,0.5495952572192206,0.05548497287115226,0.8365434331891867,0.9540666658344044,0.001641605119164653,0.023594465269416248,0.2197975768799955
train_default_eval_cosine,default,cosine,20260813,20300811,0.03424172212937653,0.09857853315164428,0.05579706219956759,0.08062070644334875,0.0505291592088869,0.5751798887516182,0.0356378768958453,0.8514105371476907,0.9565599787078589,0.0016416051191647332,0.02223057294048176,0.21699883227330394
train_default_eval_cosine,default,cosine,20260813,20300812,0.03424172212937653,0.09857853315164428,0.057533708753657084,0.0814219995202888,0.05927660024063827,0.5778054857386343,0.07311863626882707,0.8523653105312411,0.9571433412258866,0.0016416051191647009,0.022081658625521684,0.20804519867092508
train_default_eval_cosine,default,cosine,20260813,20300813,0.03424172212937653,0.09857853315164428,0.0537409723787997,0.06029180966751945,0.06617372751400857,0.5562562707644971,0.03573933366242118,0.8243199624020718,0.9524626304144421,0.0016416051191645656,0.02476006102786313,0.21929764070495103
train_default_eval_cosine,default,cosine,20260813,20300814,0.03424172212937653,0.09857853315164428,0.049681227396821806,0.07483059162485926,0.048587200385917795,0.5611917175356376,0.037826793649086914,0.8555279377000782,0.9551650700309855,0.0016416051191647401,0.02361050867174115,0.22671093329917102
train_default_eval_cosine,default,cosine,20260813,20300815,0.03424172212937653,0.09857853315164428,0.05435733680850623,0.06090047001098456,0.046126471898165274,0.5691196375686464,0.0466475093184864,0.8333133132516792,0.9541774959961064,0.0016416051191645944,0.02431776339340103,0.21575246644633267
train_default_eval_cosine,default,cosine,20260813,20300816,0.03424172212937653,0.09857853315164428,0.05490725686164037,0.0739081434375556,0.05412489104609536,0.5878930090681331,0.0437602257998127,0.8187704543235507,0.953356336860405,0.001641605119164739,0.024379901553378314,0.21959530472854275
train_default_eval_cosine,default,cosine,20260813,20300817,0.03424172212937653,0.09857853315164428,0.04660689827953483,0.09289553872389184,0.061458157483395504,0.5446254643826055,0.05173072876144128,0.8008072111242646,0.9470790489548548,0.0016416051191645194,0.027790220610724246,0.22814961700455222
train_default_eval_cosine,default,cosine,20260813,20300818,0.03424172212937653,0.09857853315164428,0.06425343556563876,0.10354658948654544,0.06696046168059523,0.5311622961638828,0.04178205312120617,0.8475513832458921,0.9569077383639251,0.0016416051191647449,0.02238219758875738,0.21039002031213433
train_default_eval_cosine,default,cosine,20260813,20300819,0.03424172212937653,0.09857853315164428,0.04636268366855698,0.074175153943134,0.050903345137841595,0.5754009263860422,0.057997561050574416,0.8419261776109058,0.9547445188336274,0.001641605119164894,0.023520952574995542,0.2177760260040765
train_smoothstep_eval_default,smoothstep,default,20260813,20300810,0.05791221137122536,0.11272305851324159,0.05929198706886766,0.09416528085541949,0.09414620119891552,0.2395848813863049,0.028813665253398447,0.7937311018851734,0.9180369760987647,0.0015555505325109032,0.041553487228066156,0.3167302227285421
train_smoothstep_eval_default,smoothstep,default,20260813,20300811,0.05791221137122536,0.11272305851324159,0.06273369870024266,0.08631355903800882,0.08641890601120598,0.23774929070006315,0.05438303255913548,0.8032862518215186,0.9185607431899273,0.0015555505325109177,0.04102493977549069,0.3181536461339324
train_smoothstep_eval_default,smoothstep,default,20260813,20300812,0.05791221137122536,0.11272305851324159,0.06005207467431433,0.0878924206526736,0.08800238562560248,0.2382122979354046,0.04698609409096982,0.8114719521279844,0.9191264790142201,0.001555550532510839,0.040927707416844164,0.30799787857880745
train_smoothstep_eval_default,smoothstep,default,20260813,20300813,0.05791221137122536,0.11272305851324159,0.05604923366217496,0.06426637493183766,0.0645557403569385,0.23283859895425896,0.03706345905613832,0.7811059750553879,0.9161362437006598,0.0015555505325108008,0.04278219763163053,0.315219612846845
train_smoothstep_eval_default,smoothstep,default,20260813,20300814,0.05791221137122536,0.11272305851324159,0.050671367792289895,0.07781345178177883,0.0778885466255395,0.2378032448718495,0.016527023626460958,0.8155631769877159,0.9174342505898894,0.0015555505325110842,0.04276504838199532,0.32807000195028296
train_smoothstep_eval_default,smoothstep,default,20260813,20300815,0.05791221137122536,0.11272305851324159,0.0556170010215111,0.06635974425826131,0.06650925161060617,0.2322874803957716,0.03145233235011949,0.7922142627783237,0.9175176059155483,0.0015555505325110242,0.04277266532543621,0.31542062302340124
train_smoothstep_eval_default,smoothstep,default,20260813,20300816,0.05791221137122536,0.11272305851324159,0.05837485088811471,0.07940932824765366,0.07943902985604191,0.23545841882604823,0.032638518479833185,0.7736500675627563,0.9163123102374857,0.0015555505325110606,0.042747163412356334,0.3220636365538276
train_smoothstep_eval_default,smoothstep,default,20260813,20300817,0.05791221137122536,0.11272305851324159,0.04806089458210205,0.09657657203427439,0.09663827902465134,0.23670932454794302,0.03836375166241008,0.7579811502468117,0.9109579993986685,0.0015555505325108021,0.04616117095445733,0.325318024349987
train_smoothstep_eval_default,smoothstep,default,20260813,20300818,0.05791221137122536,0.11272305851324159,0.06650359656702876,0.10902438849513696,0.10919013259270456,0.23655301243973845,0.03353727042645402,0.8067439272340451,0.9219858093101208,0.0015555505325111397,0.039915246297126714,0.30501565118103147
train_smoothstep_eval_default,smoothstep,default,20260813,20300819,0.05791221137122536,0.11272305851324159,0.0484213950654553,0.08155030840193471,0.08160180933220845,0.23682195494259717,0.04950990706212271,0.800526196909326,0.9164254086055751,0.001555550532511156,0.04251634046487372,0.3182158694862879
train_smoothstep_eval_smoothstep,smoothstep,smoothstep,20260813,20300810,0.04081091206222264,0.11130445579037199,0.058482124400359964,0.08791708065615217,0.07625644738619718,0.6013382690657527,0.048373546993758086,0.7937311018851734,0.9405809646577292,0.0015555505325109032,0.029892219354823717,0.2488947008071603
train_smoothstep_eval_smoothstep,smoothstep,smoothstep,20260813,20300811,0.04081091206222264,0.11130445579037199,0.058644335518267574,0.08018472595998315,0.05192071022492873,0.6526464683782863,0.044364413744442,0.8032862518215186,0.9423872660283019,0.0015555505325109177,0.02882221486216221,0.2468652300531919
train_smoothstep_eval_smoothstep,smoothstep,smoothstep,20260813,20300812,0.04081091206222264,0.11130445579037199,0.05902034131005106,0.0799942438603602,0.05833485813332231,0.6269645647100124,0.05892765638736194,0.8114719521279844,0.9436808800786659,0.001555550532510839,0.028529919202036992,0.238456436738301
train_smoothstep_eval_smoothstep,smoothstep,smoothstep,20260813,20300813,0.04081091206222264,0.11130445579037199,0.0545613748150691,0.05952209417800388,0.06502617838173956,0.6103291323956199,0.03176472260642459,0.7811059750553879,0.9387071917709943,0.0015555505325108008,0.03135582452546992,0.24855689651558013
train_smoothstep_eval_smoothstep,smoothstep,smoothstep,20260813,20300814,0.04081091206222264,0.11130445579037199,0.04984893659939996,0.07132069036749217,0.0503428643574326,0.6205750664844739,0.028252021103523595,0.8155631769877159,0.9422807070728515,0.0015555505325110842,0.02995114384121842,0.2571041850739875
train_smoothstep_eval_smoothstep,smoothstep,smoothstep,20260813,20300815,0.04081091206222264,0.11130445579037199,0.05566834260021544,0.05971918493943474,0.04456795743498959,0.626633140628317,0.043833234115389474,0.7922142627783237,0.940668376221938,0.0015555505325110242,0.030952131368416413,0.246602716266228
train_smoothstep_eval_smoothstep,smoothstep,smoothstep,20260813,20300816,0.04081091206222264,0.11130445579037199,0.056069187454934215,0.07324801944263383,0.055465298239556704,0.6424979366522328,0.03874480410086133,0.7736500675627563,0.939576159577516,0.0015555505325110606,0.031066924452562518,0.2502296895175816
train_smoothstep_eval_smoothstep,smoothstep,smoothstep,20260813,20300817,0.04081091206222264,0.11130445579037199,0.04639473015660066,0.08871232698997672,0.05927145957876131,0.5985081795291951,0.045982800477322096,0.7579811502468117,0.9344747912794066,0.0015555505325108021,0.03402876034636405,0.25449143481554537
train_smoothstep_eval_smoothstep,smoothstep,smoothstep,20260813,20300818,0.04081091206222264,0.11130445579037199,0.06511265777615334,0.10134063335370828,0.06626133207703735,0.5878758514482476,0.038572758080467354,0.8067439272340451,0.9441409193973765,0.0015555505325111397,0.02851510196459602,0.23858718193994694
train_smoothstep_eval_smoothstep,smoothstep,smoothstep,20260813,20300819,0.04081091206222264,0.11130445579037199,0.04614036841731752,0.07482437055330671,0.051988051194988644,0.630990523349111,0.051966560500249136,0.800526196909326,0.941107520626792,0.001555550532511156,0.030075438106741424,0.24778697854894607
train_smoothstep_eval_cosine,smoothstep,cosine,20260813,20300810,0.04089322496878677,0.11983042162658897,0.05852176679513142,0.08719912610539603,0.07551066321660248,0.6504252109899874,0.04832809292198816,0.7937311018851732,0.9425707766241462,0.0015555505325109032,0.028870032847841787,0.24163948194690818
train_smoothstep_eval_cosine,smoothstep,cosine,20260813,20300811,0.04089322496878677,0.11983042162658897,0.058281284148943506,0.07927268636779931,0.051643035960094986,0.7031054723024842,0.04256450835437502,0.8032862518215186,0.9444301947003787,0.0015555505325109177,0.027777087942539986,0.23942889978833418
train_smoothstep_eval_cosine,smoothstep,cosine,20260813,20300812,0.04089322496878677,0.11983042162658897,0.058943947125270894,0.07905907935409069,0.05830380427334889,0.6821819421557117,0.05857978870933656,0.8114719521279844,0.9457986131877052,0.001555550532510839,0.027461045062341864,0.23114024563092633
train_smoothstep_eval_cosine,smoothstep,cosine,20260813,20300813,0.04089322496878677,0.11983042162658897,0.05454644749806385,0.05918395553826755,0.06459369783985587,0.6575815224500567,0.03080764106583074,0.7811059750553881,0.9406790444160429,0.0015555505325108008,0.030361849190817393,0.24147454397330378
train_smoothstep_eval_cosine,smoothstep,cosine,20260813,20300814,0.04089322496878677,0.11983042162658897,0.049812795521450653,0.07036670488270762,0.05012527098174405,0.6700588308385029,0.030304239017386464,0.8155631769877159,0.9444570839048773,0.0015555505325110842,0.028830485596705712,0.249596652994473
train_smoothstep_eval_cosine,smoothstep,cosine,20260813,20300815,0.04089322496878677,0.11983042162658897,0.05565131319971569,0.059030092139800504,0.04407879158630168,0.67726670052798,0.04260072829705754,0.7922142627783237,0.9426732484877679,0.0015555505325110242,0.029928417294798487,0.23931007291887602
train_smoothstep_eval_cosine,smoothstep,cosine,20260813,20300816,0.04089322496878677,0.11983042162658897,0.0558830907692667,0.07246470002320178,0.054448614248097806,0.6980089576551699,0.03892851266106275,0.7736500675627561,0.941505523078726,0.0015555505325110606,0.03010188903709274,0.24275604119021973
train_smoothstep_eval_cosine,smoothstep,cosine,20260813,20300817,0.04089322496878677,0.11983042162658897,0.04631895431855528,0.08770410741197084,0.0591640497821996,0.6481324137418162,0.044807794682883345,0.7579811502468115,0.9364693265864791,0.0015555505325108021,0.033002683724371734,0.24711782225235351
train_smoothstep_eval_cosine,smoothstep,cosine,20260813,20300818,0.04089322496878677,0.11983042162658897,0.06505400920510196,0.10032895246286166,0.06621858601497171,0.6396658349937578,0.03819458220173264,0.8067439272340446,0.9460729620656286,0.0015555505325111397,0.027523731288264814,0.23151424114512179
train_smoothstep_eval_cosine,smoothstep,cosine,20260813,20300819,0.04089322496878677,0.11983042162658897,0.046108567590888,0.07382921795772786,0.051072314944682784,0.6814956027045113,0.05163387747860664,0.800526196909326,0.9432475110161299,0.001555550532511156,0.028996374076072966,0.24033310269630417
train_cosine_eval_default,cosine,default,20260813,20300810,0.05937064876089036,0.11550590637487075,0.05952881748923238,0.09310947351262115,0.0931067953313258,0.24443630987874032,0.028461623293049364,0.7877770199941507,0.9157087985039768,0.0015501390651127965,0.04280495507048229,0.32178940392278366
train_cosine_eval_default,cosine,default,20260813,20300811,0.05937064876089036,0.11550590637487075,0.06311935146581596,0.08585423408157511,0.08603508054638316,0.24222890981279482,0.05497465425100234,0.795599040783359,0.9159074934753774,0.001550139065112803,0.042386433748651677,0.3236559598357337
train_cosine_eval_default,cosine,default,20260813,20300812,0.05937064876089036,0.11550590637487075,0.06044335706595375,0.08699417736223736,0.08717347553247445,0.2427771588037661,0.04653981524864023,0.8054080885992967,0.9166772796010072,0.0015501390651127094,0.04223587234447387,0.31313000192782475
train_cosine_eval_default,cosine,default,20260813,20300813,0.05937064876089036,0.11550590637487075,0.056053595486815315,0.06437010641090109,0.0647181713687293,0.2373611032641696,0.0376560563516477,0.7743950023662035,0.9135860744737755,0.0015501390651127024,0.04417240375916946,0.3204950656536294
train_cosine_eval_default,cosine,default,20260813,20300814,0.05937064876089036,0.11550590637487075,0.05059335727914434,0.07686594038313728,0.07701628368451373,0.2426447393937918,0.016088151650360233,0.8083753653707134,0.9148626107488594,0.0015501390651129787,0.04417974652384728,0.33390541190330963
train_cosine_eval_default,cosine,default,20260813,20300815,0.05937064876089036,0.11550590637487075,0.05592751076825575,0.06582625257357932,0.06604190849774921,0.23713508586552068,0.03130614075181037,0.7851945690704664,0.9146961406789794,0.0015501390651129394,0.04427075094492959,0.32092961353105454
train_cosine_eval_default,cosine,default,20260813,20300816,0.05937064876089036,0.11550590637487075,0.05843773171828087,0.07908605844756512,0.07917704895747692,0.240049882831078,0.0328829996892153,0.7673425337656031,0.913929549381422,0.001550139065112948,0.04404529719775439,0.32707602643670064
train_cosine_eval_default,cosine,default,20260813,20300817,0.05937064876089036,0.11550590637487075,0.0480937736023438,0.09574709165851386,0.09588037065821976,0.24118410734048423,0.0384930034790674,0.7527303125989424,0.9088267418502258,0.0015501390651127198,0.04740196210215995,0.33014023334036935
train_cosine_eval_default,cosine,default,20260813,20300818,0.05937064876089036,0.11550590637487075,0.0666858742640696,0.10896627292920658,0.10921951099229532,0.24118526383976321,0.03405514307457041,0.8007063404169387,0.9195571123779145,0.0015501390651130285,0.04125146070974203,0.31040356935026614
train_cosine_eval_default,cosine,default,20260813,20300819,0.05937064876089036,0.11550590637487075,0.04841721169297471,0.08147423557370409,0.08158332096410835,0.24127180669170725,0.04821543360753811,0.7943660465904413,0.9139540297280272,0.0015501390651130019,0.043865953266151066,0.3234801810700504
train_cosine_eval_smoothstep,cosine,smoothstep,20260813,20300810,0.04189631941969522,0.11440215506313614,0.0586870639657566,0.08701392139080256,0.0763300918106557,0.625490883095044,0.04810923226577498,0.7877770199941507,0.9389388244242436,0.0015501390651127965,0.030768067155876218,0.25263742554637514
train_cosine_eval_smoothstep,cosine,smoothstep,20260813,20300811,0.04189631941969522,0.11440215506313614,0.059071587180117735,0.07985158775473959,0.051753005699796385,0.6823464367635593,0.04440359338712574,0.795599040783359,0.940453537475124,0.001550139065112803,0.029792251252548717,0.2509471713038812
train_cosine_eval_smoothstep,cosine,smoothstep,20260813,20300812,0.04189631941969522,0.11440215506313614,0.059340262829110285,0.07922631064072787,0.05813741046999066,0.6526494758472641,0.05784022416324208,0.8054080885992967,0.9419826581839337,0.0015501390651127094,0.029444438288327723,0.24231552871360443
train_cosine_eval_smoothstep,cosine,smoothstep,20260813,20300813,0.04189631941969522,0.11440215506313614,0.05446805157509285,0.05959695032050496,0.0654569168158937,0.6363715187265241,0.03224525285816889,0.7743950023662035,0.9368884039796151,0.0015501390651127024,0.032372056996673296,0.25262799991443086
train_cosine_eval_smoothstep,cosine,smoothstep,20260813,20300814,0.04189631941969522,0.11440215506313614,0.04982725544040601,0.07044137666964036,0.050784443972864524,0.6461058479532847,0.0303411157664779,0.8083753653707134,0.9404627992700352,0.0015501390651129787,0.030956267138848397,0.2614844805024047
train_cosine_eval_smoothstep,cosine,smoothstep,20260813,20300815,0.04189631941969522,0.11440215506313614,0.05594079021500903,0.05933215243925424,0.044585681226470185,0.6541115806868646,0.044769709347761234,0.7851945690704664,0.9386515795648792,0.0015501390651129394,0.03202418257689549,0.2507708173045341
train_cosine_eval_smoothstep,cosine,smoothstep,20260813,20300816,0.04189631941969522,0.11440215506313614,0.05617619511795957,0.07299268525541999,0.0555174977106015,0.6705235981571456,0.039848259374272,0.7673425337656031,0.9379201753222406,0.001550139065112948,0.03198803183839109,0.25393523680864494
train_cosine_eval_smoothstep,cosine,smoothstep,20260813,20300817,0.04189631941969522,0.11440215506313614,0.046355228255847744,0.08803858181150943,0.05901402596391488,0.6216075498437194,0.04614526330661555,0.7527303125989424,0.9330401515976773,0.0015501390651127198,0.034883821917778085,0.25794086306731867
train_cosine_eval_smoothstep,cosine,smoothstep,20260813,20300818,0.04189631941969522,0.11440215506313614,0.06526767530702357,0.10119938560256088,0.06570892050684816,0.6082679883780054,0.03893406963634283,0.8007063404169387,0.9424630124674118,0.0015501390651130285,0.02944604335767893,0.24257828276832769
train_cosine_eval_smoothstep,cosine,smoothstep,20260813,20300819,0.04189631941969522,0.11440215506313614,0.0460556121083599,0.07481493425290597,0.05208366360750194,0.6601840371422271,0.051485776039721765,0.7943660465904413,0.9393922044056033,0.0015501390651130019,0.031027405514691946,0.25179886477987734
train_cosine_eval_cosine,cosine,cosine,20260813,20300810,0.04194736523204712,0.12331965541019174,0.058726853638809584,0.08632083603614875,0.07788561820083896,0.6599687215543277,0.04645854706226036,0.7877770199941507,0.9409873213816805,0.0015501390651127965,0.029714092624436854,0.24523297500642977
train_cosine_eval_cosine,cosine,cosine,20260813,20300811,0.04194736523204712,0.12331965541019174,0.058707575720337454,0.07894635031923476,0.051460085066083884,0.713906409465836,0.04244583637828612,0.795599040783359,0.9425546643365547,0.001550139065112803,0.02871535408077248,0.24335190600266382
train_cosine_eval_cosine,cosine,cosine,20260813,20300812,0.04194736523204712,0.12331965541019174,0.05925738777919344,0.07830414306567102,0.05897275801942218,0.6920460469897021,0.0574020597129291,0.8054080885992967,0.9441636512062297,0.0015501390651127094,0.02834281050891893,0.23485843153095556
train_cosine_eval_cosine,cosine,cosine,20260813,20300813,0.04194736523204712,0.12331965541019174,0.05444991590201048,0.05924885648751274,0.06681370274791516,0.6669550985750299,0.03073228511460424,0.7743950023662033,0.9389217310500658,0.0015501390651127024,0.031346324215823076,0.2454062245217202
train_cosine_eval_cosine,cosine,cosine,20260813,20300814,0.04194736523204712,0.12331965541019174,0.049795434336803224,0.06949958733540852,0.050821029356134785,0.6794100216289534,0.03204936490438375,0.8083753653707135,0.9426996219704888,0.0015501390651129787,0.0298026549633403,0.25381223549613713
train_cosine_eval_cosine,cosine,cosine,20260813,20300815,0.04194736523204712,0.12331965541019174,0.055922565022566734,0.05865761174696508,0.04606295087487499,0.6892869190308222,0.042575275440888745,0.785194569070466,0.9407274319319955,0.0015501390651129394,0.030963686293035753,0.24332800924651962
train_cosine_eval_cosine,cosine,cosine,20260813,20300816,0.04194736523204712,0.12331965541019174,0.05599262737236975,0.07220748121478482,0.05550851990795985,0.708294607938874,0.03955631647436161,0.7673425337656028,0.9399083298651837,0.001550139065112948,0.03099279269665393,0.24631675489952207
train_cosine_eval_cosine,cosine,cosine,20260813,20300817,0.04194736523204712,0.12331965541019174,0.046276698432480515,0.08705071551511569,0.059234058943787964,0.6546258079451222,0.04461243288230706,0.7527303125989424,0.9350912817870928,0.0015501390651127198,0.033826673027738285,0.25041620083050414
train_cosine_eval_cosine,cosine,cosine,20260813,20300818,0.04194736523204712,0.12331965541019174,0.0652062422483426,0.10017241261084632,0.06405605332081114,0.64352620137156,0.037463271254502,0.8007063404169384,0.9444577194387666,0.0015501390651130285,0.028420982554548318,0.23534839134360047
train_cosine_eval_cosine,cosine,cosine,20260813,20300819,0.04194736523204712,0.12331965541019174,0.04602048570924994,0.07382563003956999,0.05157738076137555,0.6964507674787209,0.0509203765028956,0.7943660465904411,0.9415964563612962,0.0015501390651130019,0.029915024920166074,0.2442034191244745
train_default_eval_default,default,default,20260814,20300810,0.005728940156184113,0.01113236620863078,0.057475383505599276,0.07544369493718643,0.07044338839684933,0.01575427690211155,0.017555026646302218,0.9797116798705553,0.990871641514031,0.0014014720354507716,0.004682259937874007,0.11482157137113662
train_default_eval_default,default,default,20260814,20300811,0.005728940156184113,0.01113236620863078,0.0578768718203857,0.054485255224144595,0.04997903397543834,0.01553503786824547,0.0518915169937281,0.981101409639381,0.9904638556788867,0.0014014720354506363,0.004835624228743989,0.12169914461424844
train_default_eval_default,default,default,20260814,20300812,0.005728940156184113,0.01113236620863078,0.05341551416839679,0.05851728037085083,0.054402725136866024,0.015666146582389004,0.057004642461556794,0.9842479542868705,0.9926581419659815,0.0014014720354503189,0.003732753243586011,0.10308494800557833
train_default_eval_default,default,default,20260814,20300813,0.005728940156184113,0.01113236620863078,0.05140372255851217,0.055927629948536554,0.05888105280393933,0.015464735281690477,0.028996411492157436,0.9726818107986767,0.990131504889613,0.0014014720354506858,0.005050738010075468,0.12046150569457326
train_default_eval_default,default,default,20260814,20300814,0.005728940156184113,0.01113236620863078,0.0509104992848856,0.05869944871168178,0.054760934328780375,0.015572477727128232,0.025675725489435742,0.9808423972946235,0.9898877350400236,0.0014014720354513393,0.0051803096174048765,0.12686203355550257
train_default_eval_default,default,default,20260814,20300815,0.005728940156184113,0.01113236620863078,0.054523059659908536,0.04568210416799437,0.0460833686787846,0.015747011870209805,0.036155604971420986,0.9792756083193126,0.9924150215957714,0.0014014720354514829,0.003884181485112075,0.10637531560883629
train_default_eval_default,default,default,20260814,20300816,0.005728940156184113,0.01113236620863078,0.05805452633121233,0.05337644692487356,0.05013542997783732,0.01569644559050601,0.024704888644502255,0.9794621293477523,0.9920890633766346,0.0014014720354513155,0.004023907636169397,0.10546553390825912
train_default_eval_default,default,default,20260814,20300817,0.005728940156184113,0.01113236620863078,0.051452840463115844,0.06524151510779934,0.058126157710852756,0.015938226645743927,0.0407801012733688,0.9730995965375281,0.989733270814275,0.0014014720354508501,0.005256865044320106,0.11892883159291871
train_default_eval_default,default,default,20260814,20300818,0.005728940156184113,0.01113236620863078,0.061483918692418524,0.07993313780046386,0.0746149637134672,0.015617871978683077,0.03421035249759338,0.9808138706327933,0.9920478164622771,0.0014014720354515499,0.004063554045372452,0.10766202843576825
train_default_eval_default,default,default,20260814,20300819,0.005728940156184113,0.01113236620863078,0.048422438626335905,0.053569362649869216,0.05177307878837765,0.015412986095426453,0.05610688870124325,0.9786088572510309,0.9912808993597366,0.0014014720354509785,0.004437957509580886,0.1126884457501365
train_default_eval_smoothstep,default,smoothstep,20260814,20300810,0.0037925515485760387,0.011684137302089661,0.057209261673021546,0.0746016141167655,0.07026256875382976,0.038252304280742264,0.018064704826168496,0.9797116798705551,0.9935565903080354,0.0014014720354507716,0.0032919633156915443,0.08992005051641948
train_default_eval_smoothstep,default,smoothstep,20260814,20300811,0.0037925515485760387,0.011684137302089661,0.054905405486406766,0.05547189354577279,0.05159251096108689,0.038857955280194784,0.042843620360109275,0.981101409639381,0.9930775525413658,0.0014014720354506363,0.0034895108085229365,0.0983809841415043
train_default_eval_smoothstep,default,smoothstep,20260814,20300812,0.0037925515485760387,0.011684137302089661,0.05363170996501624,0.056999134462611546,0.05363986689484385,0.0383717202741305,0.05203358998044633,0.984247954286871,0.9949649140129285,0.0014014720354503189,0.0025602261490600153,0.08003050096365284
train_default_eval_smoothstep,default,smoothstep,20260814,20300813,0.0037925515485760387,0.011684137302089661,0.051998338164553654,0.05689695686334415,0.058153890822191884,0.03869653317695791,0.02383530735875039,0.9726818107986769,0.9924819992640389,0.0014014720354506858,0.0038556873258530516,0.09684594550889647
train_default_eval_smoothstep,default,smoothstep,20260814,20300814,0.0037925515485760387,0.011684137302089661,0.04865545646855046,0.057124135442471836,0.052727041998147595,0.03880499996325941,0.025266831036729692,0.9808423972946233,0.9925155693838341,0.0014014720354513393,0.003823778173201528,0.10402881499232486
train_default_eval_smoothstep,default,smoothstep,20260814,20300815,0.0037925515485760387,0.011684137302089661,0.05550507745554554,0.044618518545240425,0.04401008971149698,0.04003516838990593,0.03684908892822345,0.9792756083193123,0.994387278526794,0.0014014720354514829,0.002873687175836483,0.0844284942381491
train_default_eval_smoothstep,default,smoothstep,20260814,20300816,0.0037925515485760387,0.011684137302089661,0.05669013636522496,0.053523114992714255,0.05011280283573022,0.038520631115716006,0.02863054856444734,0.979462129347752,0.9940999329069561,0.0014014720354513155,0.0030093715570343065,0.08440209300191355
train_default_eval_smoothstep,default,smoothstep,20260814,20300817,0.0037925515485760387,0.011684137302089661,0.050389848467955745,0.06288565662221539,0.059375675129670714,0.038274412433727756,0.03450298776398753,0.9730995965375281,0.9923318931722941,0.0014014720354508501,0.003914487783569004,0.09456004429943214
train_default_eval_smoothstep,default,smoothstep,20260814,20300818,0.0037925515485760387,0.011684137302089661,0.06180851414377889,0.0771046139534212,0.0754003181060317,0.038521964741048104,0.02685432333231888,0.9808138706327931,0.9943361424477596,0.0014014720354515499,0.0028914891768630343,0.0838320688397126
train_default_eval_smoothstep,default,smoothstep,20260814,20300819,0.0037925515485760387,0.011684137302089661,0.04715408907409522,0.051891289662207706,0.051093093732677786,0.03959302419758745,0.04992124631008262,0.9786088572510309,0.9935848325479301,0.0014014720354509785,0.0032773803588182658,0.0903932740057076
train_default_eval_cosine,default,cosine,20260814,20300810,0.003969638468913754,0.010177461924225507,0.05729293675178508,0.07452524342450144,0.0699105917688488,0.044070073551939586,0.017790256250383014,0.9797116798705551,0.9937869676296593,0.0014014720354507716,0.0031739860855220367,0.08741468631438931
train_default_eval_cosine,default,cosine,20260814,20300811,0.003969638468913754,0.010177461924225507,0.05469728530524234,0.05550084474553194,0.051746482911541346,0.04496455265545532,0.042659412188888725,0.981101409639381,0.9933148837595525,0.0014014720354506363,0.0033681967470164985,0.09598909758546073
train_default_eval_cosine,default,cosine,20260814,20300812,0.003969638468913754,0.010177461924225507,0.053675817415109545,0.05690951130565965,0.05373515317813945,0.044527098653895376,0.0481346598197247,0.984247954286871,0.9951573686043929,0.0014014720354503189,0.0024629817997188852,0.077742534212595
train_default_eval_cosine,default,cosine,20260814,20300813,0.003969638468913754,0.010177461924225507,0.052051935696697055,0.057043209967665355,0.05833797796292985,0.044859763832529403,0.022708946508759334,0.9726818107986767,0.9926790447122208,0.0014014720354506858,0.0037562524522587654,0.09452105999025232
train_default_eval_cosine,default,cosine,20260814,20300814,0.003969638468913754,0.010177461924225507,0.04846028533713269,0.05687434455271029,0.05343782212334424,0.04475725869827933,0.025551006502687625,0.9808423972946233,0.992753304618517,0.0014014720354513393,0.0037017809684531553,0.10177242003604112
train_default_eval_cosine,default,cosine,20260814,20300815,0.003969638468913754,0.010177461924225507,0.055562497327978036,0.04460366317634187,0.044056547015104364,0.04608627145100784,0.034648820526800427,0.9792756083193123,0.9945433778779453,0.0014014720354514829,0.0027943073160938752,0.08227586807987966
train_default_eval_cosine,default,cosine,20260814,20300816,0.003969638468913754,0.010177461924225507,0.056574785423407575,0.05350987583720942,0.05043441614399277,0.044562134379120294,0.02967400291556893,0.979462129347752,0.9942596550937125,0.0014014720354513155,0.002929118971298344,0.08246515824556867
train_default_eval_cosine,default,cosine,20260814,20300817,0.003969638468913754,0.010177461924225507,0.05031548552157242,0.06265942325541624,0.059449971633730746,0.04444293539591909,0.032569184155180175,0.9730995965375281,0.9925466217827135,0.0014014720354508501,0.0038042864797619346,0.0921787646331337
train_default_eval_cosine,default,cosine,20260814,20300818,0.003969638468913754,0.010177461924225507,0.06188523197809791,0.07676622416798536,0.07469855491347234,0.044636497821043876,0.02444995821378868,0.9808138706327935,0.9945300520926033,0.0014014720354515499,0.002792825701934308,0.08145806244131579
train_default_eval_cosine,default,cosine,20260814,20300819,0.003969638468913754,0.010177461924225507,0.047101089161938975,0.05169059662137789,0.0512606438580139,0.0457023424268931,0.047724554758275466,0.9786088572510309,0.9937811116739343,0.0014014720354509785,0.003178711938718844,0.08818419922102216
train_smoothstep_eval_default,smoothstep,default,20260814,20300810,0.004472648706827459,0.008638296573505684,0.057547583612512276,0.0739664084423879,0.07027019726126317,0.011821997110534095,0.01716923668279761,0.98386158815915,0.9925620126696284,0.0015736731805786376,0.0038119142363310953,0.10489962031639481
train_smoothstep_eval_default,smoothstep,default,20260814,20300811,0.004472648706827459,0.008638296573505684,0.05803624036836692,0.0524546679878052,0.04928439059771039,0.01152355016599283,0.05050270053196474,0.9852296416756094,0.9922288652098489,0.0015736731805785636,0.00394386371563013,0.11102220786118513
train_smoothstep_eval_default,smoothstep,default,20260814,20300812,0.004472648706827459,0.008638296573505684,0.053306459376685954,0.05630432994594157,0.05369499531824099,0.011467281437777003,0.05864100125520797,0.987552219329575,0.9942708322267372,0.0015736731805782917,0.0029144982146887496,0.09307709441258585
train_smoothstep_eval_default,smoothstep,default,20260814,20300813,0.004472648706827459,0.008638296573505684,0.0516406675343305,0.05550236147765422,0.05806281234825548,0.01150419811650534,0.030028714191635383,0.9774988832633335,0.9920255055912104,0.001573673180578601,0.004077063315280535,0.10911888963038133
train_smoothstep_eval_default,smoothstep,default,20260814,20300814,0.004472648706827459,0.008638296573505684,0.0512449063156306,0.05784707442897707,0.05466399866724828,0.0116362807092598,0.02634943152351941,0.983346787891522,0.9915432204882683,0.0015736731805791001,0.004312041019618979,0.11733785268736194
train_smoothstep_eval_default,smoothstep,default,20260814,20300815,0.004472648706827459,0.008638296573505684,0.054677547943615665,0.04507771689605075,0.04572901761379503,0.011820600940825899,0.03740884603876796,0.9837596693144148,0.9939977794219133,0.001573673180579232,0.0030540445531173476,0.09574236317616104
train_smoothstep_eval_default,smoothstep,default,20260814,20300816,0.004472648706827459,0.008638296573505684,0.05845406802562142,0.05230794769095221,0.0498710594321126,0.011609756879133544,0.025470549106413637,0.9842191753189349,0.9938411643066196,0.001573673180579132,0.0031379382375234617,0.09447575815846926
train_smoothstep_eval_default,smoothstep,default,20260814,20300817,0.004472648706827459,0.008638296573505684,0.05200570253240664,0.06332476070337449,0.05845539277148604,0.011719122319043212,0.041751715026643266,0.9797612711533642,0.9918310167098818,0.0015736731805787371,0.004174373162955299,0.10750152992493682
train_smoothstep_eval_default,smoothstep,default,20260814,20300818,0.004472648706827459,0.008638296573505684,0.06159919502546393,0.07838077938629641,0.07496891130930662,0.011577805000427325,0.033479705249112514,0.9846736806652038,0.9936716120772935,0.001573673180579283,0.003227398759165509,0.09707050653355981
train_smoothstep_eval_default,smoothstep,default,20260814,20300819,0.004472648706827459,0.008638296573505684,0.04794514694751029,0.052839130387282336,0.05157370019973193,0.01151921251625445,0.05582719450765535,0.9825815289813257,0.993108864100907,0.001573673180578774,0.0035078953267776007,0.10101304581645762
train_smoothstep_eval_smoothstep,smoothstep,smoothstep,20260814,20300810,0.0029598919852097194,0.009614985132986385,0.05724312332160568,0.07337094689174888,0.07027630641841674,0.024983111595691457,0.018744619819226843,0.98386158815915,0.9948180346211778,0.0015736731805786376,0.002648146478453778,0.08168031050390971
train_smoothstep_eval_smoothstep,smoothstep,smoothstep,20260814,20300811,0.0029598919852097194,0.009614985132986385,0.05511965539709912,0.053844350745949066,0.05116714655439486,0.02539470416119826,0.04268169032556788,0.9852296416756094,0.9943517928507678,0.0015736731805785636,0.002851628436431291,0.08996655442528742
train_smoothstep_eval_smoothstep,smoothstep,smoothstep,20260814,20300812,0.0029598919852097194,0.009614985132986385,0.05356278383745384,0.05525688309391197,0.05316359573710799,0.025000095551321204,0.05401991530344147,0.987552219329575,0.9960380045050728,0.0015736731805782917,0.002015385797257049,0.07250252928483418
train_smoothstep_eval_smoothstep,smoothstep,smoothstep,20260814,20300813,0.0029598919852097194,0.009614985132986385,0.052264308145134414,0.056749079056996686,0.057992403348014365,0.024987188780190583,0.025128050195826646,0.9774988832633335,0.9938917348120933,0.001573673180578601,0.003127045823186596,0.0875545769434379
train_smoothstep_eval_smoothstep,smoothstep,smoothstep,20260814,20300814,0.0029598919852097194,0.009614985132986385,0.04891429042208843,0.05636878623298718,0.052837698793084774,0.02529823124777223,0.02569550762377505,0.983346787891522,0.9936162258953974,0.0015736731805791001,0.0032440246663128455,0.09699578067400515
train_smoothstep_eval_smoothstep,smoothstep,smoothstep,20260814,20300815,0.0029598919852097194,0.009614985132986385,0.05568849846382798,0.044104736049201974,0.04389228407313434,0.026125928511060506,0.03738534649098258,0.9837596693144148,0.9955487442559058,0.001573673180579232,0.002262498711271492,0.07620604272686851
train_smoothstep_eval_smoothstep,smoothstep,smoothstep,20260814,20300816,0.0029598919852097194,0.009614985132986385,0.05716420996445144,0.05276445954468537,0.05038676615444815,0.02502484378240264,0.028357261855955104,0.9842191753189349,0.9953590594929033,0.001573673180579132,0.002368502155416369,0.07636099160198848
train_smoothstep_eval_smoothstep,smoothstep,smoothstep,20260814,20300817,0.0029598919852097194,0.009614985132986385,0.05088663731600948,0.061347331193594125,0.05871761837876052,0.024974875069697394,0.035456507211345044,0.9797612711533642,0.9939818034081587,0.0015736731805787371,0.003070656470697346,0.08528092635282
train_smoothstep_eval_smoothstep,smoothstep,smoothstep,20260814,20300818,0.0029598919852097194,0.009614985132986385,0.06205235341546411,0.07582247931305341,0.07462495028717113,0.0250705470586245,0.027794552844234124,0.9846736806652038,0.995508098908625,0.001573673180579283,0.002289820421286226,0.07534808745798907
train_smoothstep_eval_smoothstep,smoothstep,smoothstep,20260814,20300819,0.0029598919852097194,0.009614985132986385,0.0467498779280673,0.051402181198569756,0.0506856277813304,0.025853995785947503,0.04999931463762259,0.9825815289813257,0.994844835888887,0.001573673180578774,0.0026320952465313805,0.08161486866828033
train_smoothstep_eval_cosine,smoothstep,cosine,20260814,20300810,0.0030978910277858433,0.008638534542682109,0.05732187146497375,0.07332927227295928,0.07004372355623442,0.030421116733936094,0.017963579059215657,0.9838615881591498,0.9950096926638301,0.0015736731805786376,0.0025501594245975114,0.07931902719918235
train_smoothstep_eval_cosine,smoothstep,cosine,20260814,20300811,0.0030978910277858433,0.008638534542682109,0.05491109603489861,0.05392573114469686,0.051412521123845145,0.03111959382548119,0.04315152002952614,0.9852296416756097,0.9945461445528219,0.0015736731805785636,0.0027523552021130417,0.08778703608515884
train_smoothstep_eval_cosine,smoothstep,cosine,20260814,20300812,0.0030978910277858433,0.008638534542682109,0.053613333047856246,0.05520657539665108,0.05329875109046447,0.03065913821925604,0.051502238414790104,0.9875522193295746,0.9961845684582933,0.0015736731805782917,0.0019412375201658053,0.07044595885976186
train_smoothstep_eval_cosine,smoothstep,cosine,20260814,20300813,0.0030978910277858433,0.008638534542682109,0.05231873999991323,0.05690868565412258,0.05803106479957445,0.03059646089499946,0.02375847116848186,0.977498883263333,0.9940457877317279,0.001573673180578601,0.0030491575619919623,0.08543207758001865
train_smoothstep_eval_cosine,smoothstep,cosine,20260814,20300814,0.0030978910277858433,0.008638534542682109,0.048707847353303815,0.05614190241450439,0.05309023622301603,0.03089670737917758,0.026103674618882425,0.983346787891522,0.9938046374906179,0.0015736731805791001,0.0031473950799712157,0.09496385111914626
train_smoothstep_eval_cosine,smoothstep,cosine,20260814,20300815,0.0030978910277858433,0.008638534542682109,0.055752453140623215,0.04409832991196391,0.04392160240189371,0.03176180362567232,0.03642305642124891,0.9837596693144153,0.9956713014023642,0.001573673180579232,0.0022004024589221917,0.07426548875165238
train_smoothstep_eval_cosine,smoothstep,cosine,20260814,20300816,0.0030978910277858433,0.008638534542682109,0.05705018399158582,0.05278306162559591,0.05048327489159915,0.03058410866987513,0.028401657918858902,0.9842191753189347,0.9954802637939659,0.001573673180579132,0.002307303419498572,0.07469101127733316
train_smoothstep_eval_cosine,smoothstep,cosine,20260814,20300817,0.0030978910277858433,0.008638534542682109,0.05080849491204467,0.06115938094822654,0.05881964072346896,0.030679464934847835,0.03386595664653281,0.9797612711533643,0.9941602783529848,0.0015736731805787371,0.0029795596646966524,0.08307927790370716
train_smoothstep_eval_cosine,smoothstep,cosine,20260814,20300818,0.0030978910277858433,0.008638534542682109,0.062136772830923934,0.07550868405672624,0.07436557979794732,0.030653719382349592,0.02692038244667645,0.9846736806652038,0.9956625799549625,0.001573673180579283,0.002211373799149044,0.07316409265819798
train_smoothstep_eval_cosine,smoothstep,cosine,20260814,20300819,0.0030978910277858433,0.008638534542682109,0.04670440967029272,0.051237413777840336,0.050647579495124405,0.031543209168061616,0.048387558323149116,0.9825815289813266,0.994992148958478,0.001573673180578774,0.0025579486587850356,0.07968781419785147
train_cosine_eval_default,cosine,default,20260814,20300810,0.004668169403920654,0.008993920376934373,0.05755424079863021,0.07396160820821361,0.07016613121287021,0.012675794716031785,0.017328042444004918,0.9830858688823874,0.9922156070834861,0.0015698602464604763,0.003989747285042407,0.1077244463607399
train_cosine_eval_default,cosine,default,20260814,20300811,0.004668169403920654,0.008993920376934373,0.05795922559027335,0.052498801025986856,0.04936112640831788,0.012340368559413206,0.05078119899070574,0.9843286101874037,0.9918839940306519,0.001569860246460401,0.00411829197897066,0.11381179372882697
train_cosine_eval_default,cosine,default,20260814,20300812,0.004668169403920654,0.008993920376934373,0.05339065795777678,0.05630664726345321,0.05373976935099159,0.012243855475664703,0.05862084913698051,0.9868063214371664,0.993988181297037,0.0015698602464601426,0.00305891192837947,0.09566217924965703
train_cosine_eval_default,cosine,default,20260814,20300813,0.004668169403920654,0.008993920376934373,0.051661219934352035,0.05526178182679332,0.05778714460783283,0.012334621340852442,0.030126243311058672,0.9762705665376186,0.991630906912636,0.0015698602464604393,0.004278364002519932,0.11206031491787508
train_cosine_eval_default,cosine,default,20260814,20300814,0.004668169403920654,0.008993920376934373,0.051217609394364386,0.0577844936864727,0.054623324928037675,0.012455646041818164,0.02632365060293068,0.9822555926426998,0.9911688793820396,0.001569860246460932,0.004502008968718385,0.11995851913176474
train_cosine_eval_default,cosine,default,20260814,20300815,0.004668169403920654,0.008993920376934373,0.054639598085072016,0.04505257875077643,0.045622813129226635,0.01265573511153515,0.037362588589584876,0.9826490128604853,0.9936192762252156,0.0015698602464610753,0.0032447920143152064,0.09867167230880723
train_cosine_eval_default,cosine,default,20260814,20300816,0.004668169403920654,0.008993920376934373,0.05844394083526414,0.05237871544462452,0.04998994811263769,0.012447098617550112,0.025300753431559086,0.9834101814650418,0.9935828541056241,0.00156986024646097,0.0032710528154008024,0.09678957599233015
train_cosine_eval_default,cosine,default,20260814,20300817,0.004668169403920654,0.008993920376934373,0.05208011468854507,0.0634497370058082,0.05854709921473431,0.01251950148295622,0.0419078314364443,0.9790575959292178,0.9915049087601236,0.001569860246460578,0.004341657572608149,0.11000318274595973
train_cosine_eval_default,cosine,default,20260814,20300818,0.004668169403920654,0.008993920376934373,0.06157991469732681,0.07872815466530364,0.07531548228441598,0.012380925748540664,0.03347922710996978,0.983723546529832,0.9933099370657082,0.0015698602464611147,0.003411132221601836,0.10009118462860685
train_cosine_eval_default,cosine,default,20260814,20300819,0.004668169403920654,0.008993920376934373,0.04797851679162901,0.05307056419801609,0.051697255127321824,0.012355225458785202,0.05562555025389159,0.9816038324937659,0.9927857385718454,0.0015698602464606127,0.003673442030274524,0.10373572057335241
train_cosine_eval_smoothstep,cosine,smoothstep,20260814,20300810,0.0030993732557600905,0.009932135158808785,0.057267937044145116,0.07333925961682801,0.07059062505315182,0.028470971237111398,0.01881635760419297,0.9830858688823874,0.9945902344206601,0.0015698602464604763,0.002764795431129916,0.08374808314215719
train_cosine_eval_smoothstep,cosine,smoothstep,20260814,20300811,0.0030993732557600905,0.009932135158808785,0.055058530221396874,0.0538460613635643,0.051214414153753274,0.02892492243604679,0.04266494209207961,0.9843286101874037,0.9941033938010042,0.001569860246460401,0.0029766859409969784,0.09210399771950004
train_cosine_eval_smoothstep,cosine,smoothstep,20260814,20300812,0.0030993732557600905,0.009932135158808785,0.05363014418142835,0.055232488260956426,0.05320224990428376,0.028484426771339364,0.05443263859986703,0.9868063214371664,0.9958432194007532,0.0015698602464601426,0.002114237254026571,0.07437338096786775
train_cosine_eval_smoothstep,cosine,smoothstep,20260814,20300813,0.0030993732557600905,0.009932135158808785,0.05228233059563313,0.05655633377677022,0.05769475663031071,0.028458926793372804,0.025189052649317607,0.9762705665376186,0.9935967098218557,0.0015698602464604393,0.0032772315926969326,0.08971981509700214
train_cosine_eval_smoothstep,cosine,smoothstep,20260814,20300814,0.0030993732557600905,0.009932135158808785,0.04890177142877794,0.056316313864341216,0.052437093596055896,0.028759923715923646,0.025946761550313946,0.9822555926426998,0.9933440915427857,0.001569860246460932,0.0033807607713399524,0.09888099139362863
train_cosine_eval_smoothstep,cosine,smoothstep,20260814,20300815,0.0030993732557600905,0.009932135158808785,0.0556622151497224,0.04404897099172617,0.043899898737818986,0.02967513553184462,0.03769586890993019,0.9826490128604853,0.995264834568873,0.0015698602464610753,0.0024051133139778233,0.07846223223907897
train_cosine_eval_smoothstep,cosine,smoothstep,20260814,20300816,0.0030993732557600905,0.009932135158808785,0.0571635587259203,0.0528195357847149,0.05044834485535715,0.028494933921248453,0.028551302289034148,0.9834101814650418,0.9951728841337047,0.00156986024646097,0.0024644171041927946,0.07793538736489064
train_cosine_eval_smoothstep,cosine,smoothstep,20260814,20300817,0.0030993732557600905,0.009932135158808785,0.05097000138429375,0.06146670333660559,0.058839756220423305,0.02839638981875128,0.03567921058588222,0.9790575959292178,0.9937709206007819,0.001569860246460578,0.003179648374043846,0.08704056667328351
train_cosine_eval_smoothstep,cosine,smoothstep,20260814,20300818,0.0030993732557600905,0.009932135158808785,0.06203177632293603,0.07605627651114771,0.07501868443728221,0.028505001775622,0.027888429052360594,0.983723546529832,0.9952564342767865,0.0015698602464611147,0.002417530244975396,0.07757167349436425
train_cosine_eval_smoothstep,cosine,smoothstep,20260814,20300819,0.0030993732557600905,0.009932135158808785,0.04676255403001855,0.05162495306100914,0.05092754032406419,0.029378973743109955,0.050176300646352874,0.9816038324937659,0.9946011068547185,0.0015698602464606127,0.0027566709683896897,0.08370019132844861
train_cosine_eval_cosine,cosine,cosine,20260814,20300810,0.0032378975773661115,0.008942845337548038,0.05734933979060541,0.07329540936911426,0.06991037306062935,0.03149738955474225,0.018084853546884508,0.983085868882387,0.9947917122725748,0.0015698602464604763,0.0026617541916787385,0.08130597285265286
train_cosine_eval_cosine,cosine,cosine,20260814,20300811,0.0032378975773661115,0.008942845337548038,0.05485111935304847,0.05392410763336738,0.051452665128509635,0.03223344543897989,0.0430544386317867,0.9843286101874037,0.9943059523549529,0.001569860246460401,0.00287323376143675,0.08985846963132445
train_cosine_eval_cosine,cosine,cosine,20260814,20300812,0.0032378975773661115,0.008942845337548038,0.05367922080994943,0.05517799897117585,0.05341047603887222,0.03175041975519992,0.0517090332653015,0.9868063214371662,0.9959968094520187,0.0015698602464601426,0.002036461606450316,0.07224355214246485
train_cosine_eval_cosine,cosine,cosine,20260814,20300813,0.0032378975773661115,0.008942845337548038,0.05233691716685268,0.0567225307175909,0.05804256433433292,0.03170846676764501,0.023581891540790975,0.9762705665376186,0.9937586174651131,0.0015698602464604393,0.0031953146477018217,0.08751597986765002
train_cosine_eval_cosine,cosine,cosine,20260814,20300814,0.0032378975773661115,0.008942845337548038,0.048696951561686456,0.056092578893608434,0.0533154471311675,0.03199077191521374,0.026339726218581234,0.9822555926427002,0.9935407353142136,0.001569860246460932,0.0032798398789163886,0.09677778198183146
train_cosine_eval_cosine,cosine,cosine,20260814,20300815,0.0032378975773661115,0.008942845337548038,0.05572761164093799,0.0440415465554127,0.043862120173607126,0.03283479980263579,0.03651544506536423,0.9826490128604849,0.9953952165263887,0.0015698602464610753,0.0023390610628375654,0.07645195528883274
train_cosine_eval_cosine,cosine,cosine,20260814,20300816,0.0032378975773661115,0.008942845337548038,0.05705038900485455,0.05283533417168184,0.05066196696560333,0.03169345353526733,0.028373225447867023,0.983410181465042,0.995299305975113,0.00156986024646097,0.0024005333983329867,0.07619824508892434
train_cosine_eval_cosine,cosine,cosine,20260814,20300817,0.0032378975773661115,0.008942845337548038,0.05089266632051742,0.06127654969251026,0.05885355150505966,0.031804907391760784,0.03422982162609315,0.9790575959292183,0.9939586820160058,0.001569860246460578,0.0030838670781229067,0.08476409870354192
train_cosine_eval_cosine,cosine,cosine,20260814,20300818,0.0032378975773661115,0.008942845337548038,0.0621156412483103,0.07572703844223753,0.07425203095547943,0.031754426996732546,0.026838361320927456,0.9837235465298322,0.9954196858391061,0.0015698602464611147,0.002334624099761898,0.07530687764306607
train_cosine_eval_cosine,cosine,cosine,20260814,20300819,0.0032378975773661115,0.008942845337548038,0.04671535706035596,0.051457800000060255,0.05068803475772871,0.03263868418578848,0.04841362778860822,0.9816038324937659,0.9947548565362615,0.0015698602464606127,0.0026792061176305446,0.08170873948566523
train_default_eval_default,default,default,20260815,20300810,0.0261978229224147,0.052003183170906846,0.05785806474277704,0.08077864713922792,0.07069303487941293,0.1304006638061163,0.027096054039564017,0.9007126498832335,0.9611924874426527,0.001706591757746936,0.01874894183165306,0.2119469731722047
train_default_eval_default,default,default,20260815,20300811,0.0261978229224147,0.052003183170906846,0.061108329988482486,0.06921834339547935,0.060675470460632375,0.13046364109095004,0.039318304810457255,0.9014781999488799,0.960104359359943,0.001706597642022948,0.019491257832032507,0.21719976207111222
train_default_eval_default,default,default,20260815,20300812,0.0261978229224147,0.052003183170906846,0.05218723191801719,0.07890369395590455,0.06637021990077609,0.13397063679599527,0.05465023565175584,0.9076334118963137,0.9603685366363726,0.0017065917577476935,0.018979408336318608,0.21322029548080973
train_default_eval_default,default,default,20260815,20300813,0.0261978229224147,0.052003183170906846,0.05668869972552448,0.08171788779362953,0.07389224594053416,0.13151043045048372,0.041784972675556226,0.9044150764034411,0.9603675161417881,0.0017066042834198343,0.019115243342606062,0.21324791639456242
train_default_eval_default,default,default,20260815,20300814,0.0261978229224147,0.052003183170906846,0.05287633717252617,0.07275660572240167,0.06482505336697741,0.13146372787959623,0.03879788717589634,0.9279852144793006,0.9648909799283659,0.001706602705454037,0.017037277353893356,0.20426524314641212
train_default_eval_default,default,default,20260815,20300815,0.0261978229224147,0.052003183170906846,0.05583822802650064,0.06262158585466836,0.05516070220725879,0.13145496978891344,0.0447640288911893,0.9193730219619064,0.9668616645794046,0.0017065917577459844,0.01600535105277737,0.19953761370100537
train_default_eval_default,default,default,20260815,20300816,0.0261978229224147,0.052003183170906846,0.06130059430278259,0.06651668985363976,0.06145486458061248,0.1310472307480865,0.0370519751757484,0.8983885427646543,0.9579835746520435,0.0017065917577469302,0.020492708780055262,0.22251100616648717
train_default_eval_default,default,default,20260815,20300817,0.0261978229224147,0.052003183170906846,0.05052787152401018,0.06581200823044087,0.06254178189537465,0.13089692540341086,0.038481663572096786,0.8833434962359107,0.9603904287982854,0.0017065917577468997,0.01917464382825217,0.21245768088614464
train_default_eval_default,default,default,20260815,20300818,0.0261978229224147,0.052003183170906846,0.06157885256325096,0.0769834727951118,0.07548536664446003,0.13285768389755007,0.04845757972660567,0.9106689894642019,0.9648117597404215,0.0017065917577463012,0.016981733328072613,0.19913154169994463
train_default_eval_default,default,default,20260815,20300819,0.0261978229224147,0.052003183170906846,0.04755620412697428,0.061126469681175626,0.05412656012637899,0.13230529839771857,0.054952317154701114,0.9039097970067251,0.9588674609010465,0.001706591757746877,0.019899768685851006,0.2195023405194409
train_default_eval_smoothstep,default,smoothstep,20260815,20300810,0.018814187059468628,0.054373007496853414,0.057989978357279,0.07781786905258249,0.07292119521651298,0.14549279344723104,0.05026310833151476,0.9007126498832334,0.9712073520085693,0.001706591757746936,0.013895239834968195,0.17102724075734904
train_default_eval_smoothstep,default,smoothstep,20260815,20300811,0.018814187059468628,0.054373007496853414,0.05592558738114625,0.06646123122907334,0.05589824064194485,0.1420143174238992,0.058028582474153545,0.9014781999488798,0.9711614537909072,0.0017065917577474877,0.014083147513051671,0.17274796896886052
train_default_eval_smoothstep,default,smoothstep,20260815,20300812,0.018814187059468628,0.054373007496853414,0.052905244284335205,0.07211022262698058,0.05675483834774453,0.14680368204779407,0.06770719156166372,0.9076334118963135,0.971961330622705,0.0017065917577476935,0.01345468651930207,0.169450511732675
train_default_eval_smoothstep,default,smoothstep,20260815,20300813,0.018814187059468628,0.054373007496853414,0.05737457107418992,0.07700174219814415,0.06802377744567943,0.14279972339050878,0.05827292874178378,0.9044150764034408,0.9713218404039996,0.0017065917577472345,0.013792058724761266,0.17054346070727194
train_default_eval_smoothstep,default,smoothstep,20260815,20300814,0.018814187059468628,0.054373007496853414,0.050124415671566405,0.06714618468888275,0.05740423327917288,0.14673786798446475,0.048542081704036615,0.927985214479301,0.9760083776964146,0.0017065917577464965,0.01165994807192914,0.16066080015518036
train_default_eval_smoothstep,default,smoothstep,20260815,20300815,0.018814187059468628,0.054373007496853414,0.05603856538513273,0.05908873326236355,0.0498133220601078,0.14485650406994216,0.05849904362086186,0.9193730219619064,0.9765834382992142,0.0017065917577459844,0.011304418941262332,0.15829095951910915
train_default_eval_smoothstep,default,smoothstep,20260815,20300816,0.018814187059468628,0.054373007496853414,0.05948581591756644,0.06247777557082206,0.05752175719230482,0.14569396980238852,0.026400852513150233,0.8983885427646546,0.9698358309922076,0.0017065917577469302,0.01469960337498151,0.17644399739342748
train_default_eval_smoothstep,default,smoothstep,20260815,20300817,0.018814187059468628,0.054373007496853414,0.04978123554619043,0.061551881500299686,0.05785199238296882,0.14499470468701453,0.05277348915804597,0.8833434962359107,0.9699801907291062,0.0017065917577468997,0.014500548703861221,0.17005337475377807
train_default_eval_smoothstep,default,smoothstep,20260815,20300818,0.018814187059468628,0.054373007496853414,0.061074207899634234,0.07487297544246947,0.07047150645774053,0.14506211009907316,0.06566931041197234,0.9106689894642019,0.974511603820489,0.0017065917577463012,0.012289999223583575,0.1585105572906744
train_default_eval_smoothstep,default,smoothstep,20260815,20300819,0.018814187059468628,0.054373007496853414,0.04644922477220894,0.05733859729971821,0.05012406138729878,0.14685967702490227,0.05366152919387233,0.9039097970067251,0.9709917991552622,0.001706591757746877,0.0140439258544542,0.1731761607519639
train_default_eval_cosine,default,cosine,20260815,20300810,0.018290770349423856,0.05319005953181749,0.05812661528877056,0.07756098750491816,0.07203759813500828,0.15517544577727033,0.048756207893144256,0.9007126498832332,0.9721176564583451,0.001706591757746936,0.013450797139687859,0.16645982799614567
train_default_eval_cosine,default,cosine,20260815,20300811,0.018290770349423856,0.05319005953181749,0.05553715354630669,0.06594925040874504,0.05666116432706179,0.15078009595264993,0.05654567818445561,0.9014781999488802,0.9721265836486728,0.0017065917577474877,0.013608225011162715,0.16795823593906564
train_default_eval_cosine,default,cosine,20260815,20300812,0.018290770349423856,0.05319005953181749,0.05299508657315485,0.07144618065147504,0.056532408783874895,0.15673711233270482,0.06704267353684541,0.9076334118963135,0.9729831056654197,0.0017065917577476935,0.012962619496403269,0.16464191732665662
train_default_eval_cosine,default,cosine,20260815,20300813,0.018290770349423856,0.05319005953181749,0.05737582966251578,0.07651593587342011,0.06541235754971425,0.15225200143871195,0.05641915853561822,0.9044150764034408,0.9723051762668338,0.0017065917577472345,0.013311984257860584,0.16587495877852343
train_default_eval_cosine,default,cosine,20260815,20300814,0.018290770349423856,0.05319005953181749,0.04991169930917407,0.06639796396351783,0.05795250905072278,0.1563517540948914,0.05084335228607124,0.9279852144793008,0.9769942026354814,0.0017065917577464965,0.011178093315541659,0.15589529316198286
train_default_eval_cosine,default,cosine,20260815,20300815,0.018290770349423856,0.05319005953181749,0.05600542775534273,0.0586330311615638,0.048952518272632146,0.1541499744591467,0.058205836858173425,0.9193730219619064,0.9774161408354711,0.0017065917577459844,0.010897932383305177,0.15382438648818075
train_default_eval_cosine,default,cosine,20260815,20300816,0.018290770349423856,0.05319005953181749,0.0593199857211262,0.0620209801538415,0.057254317005643256,0.15675409320598016,0.027962944927041333,0.8983885427646546,0.9708679065595465,0.0017065917577469302,0.01419296994015563,0.17155639625674368
train_default_eval_cosine,default,cosine,20260815,20300817,0.018290770349423856,0.05319005953181749,0.049771110522010636,0.06128360050677554,0.05968820872209265,0.15514778498117837,0.051270954887740326,0.8833434962359107,0.9707792585222658,0.0017065917577468997,0.014107551078941311,0.16554191333417748
train_default_eval_cosine,default,cosine,20260815,20300818,0.018290770349423856,0.05319005953181749,0.06110708330919685,0.07477663943707259,0.07249093448724095,0.154779276344532,0.06327412195769017,0.9106689894642019,0.9753585592910327,0.0017065917577463012,0.011876317625217013,0.15408496632147456
train_default_eval_cosine,default,cosine,20260815,20300819,0.018290770349423856,0.05319005953181749,0.046464359368759284,0.05688912392532599,0.050897571652843136,0.1563423796250109,0.05208779042771224,0.9039097970067254,0.9720611012058669,0.001706591757746877,0.013524075520432425,0.1680958165361289
train_smoothstep_eval_default,smoothstep,default,20260815,20300810,0.028074847662057506,0.05551257629728321,0.05860013325430764,0.0764215291271723,0.07073934856512455,0.10611567551177903,0.026118521609182172,0.8871571203652876,0.9561477838666436,0.0016784012351423853,0.02111500155451655,0.23226569287258045
train_smoothstep_eval_default,smoothstep,default,20260815,20300811,0.028074847662057506,0.05551257629728321,0.06219873398670356,0.06520644548431447,0.057017245833263,0.10555083741924295,0.04121441722013003,0.8829834894459019,0.954314415588877,0.0016784497741135708,0.022370899388312153,0.24160573004308547
train_smoothstep_eval_default,smoothstep,default,20260815,20300812,0.028074847662057506,0.05551257629728321,0.052993103294376905,0.07616106351931877,0.06505704664857101,0.10802617481245222,0.05266606330897348,0.8921086680289175,0.9548119404807816,0.00167836134622179,0.021565701645212165,0.23467697363232717
train_smoothstep_eval_default,smoothstep,default,20260815,20300813,0.028074847662057506,0.05551257629728321,0.05632001873936821,0.08477470511938844,0.0743149067220356,0.1062162540957244,0.0402415429851013,0.8856124731261953,0.95390520779676,0.0016784366367179463,0.022220111744157355,0.23886958212870807
train_smoothstep_eval_default,smoothstep,default,20260815,20300814,0.028074847662057506,0.05551257629728321,0.052638240148032964,0.06875585454435325,0.0609339945976638,0.10559974378493044,0.038326043620189244,0.9117565066291412,0.9596896994204688,0.0016784215097021941,0.01957791857776954,0.22816233388645252
train_smoothstep_eval_default,smoothstep,default,20260815,20300815,0.028074847662057506,0.05551257629728321,0.05700008048514564,0.061903148959400835,0.0530119603063205,0.10578177742362914,0.04241521428742583,0.9011429323553943,0.9604070171846708,0.0016784214410797739,0.019220994670878514,0.22658324963034354
train_smoothstep_eval_default,smoothstep,default,20260815,20300816,0.028074847662057506,0.05551257629728321,0.06116707607467161,0.063188496572385,0.05758949111663852,0.10551775381642522,0.03791586394672521,0.8857325978140497,0.9530890180270211,0.0016783950459244648,0.02293468475799354,0.2428726166846568
train_smoothstep_eval_default,smoothstep,default,20260815,20300817,0.028074847662057506,0.05551257629728321,0.05088212626573121,0.058223280568724396,0.05594587114394281,0.10604644598730173,0.03736605022065372,0.8711386215289373,0.9563504563986704,0.0016784170567192152,0.021115999979845472,0.23009533958782558
train_smoothstep_eval_default,smoothstep,default,20260815,20300818,0.028074847662057506,0.05551257629728321,0.06207038413648018,0.07261982217356144,0.07146124179463938,0.1077182687418043,0.04866379113662017,0.8954781985889287,0.9591462963436429,0.0016783983547482815,0.01974357016857419,0.2229979245405417
train_smoothstep_eval_default,smoothstep,default,20260815,20300819,0.028074847662057506,0.05551257629728321,0.0478105020048091,0.05903849643254025,0.05245818042816581,0.10735690801060305,0.0496224619422975,0.8878558851739066,0.9530685012185737,0.0016783748425332153,0.02269783741371599,0.242536467069002
train_smoothstep_eval_smoothstep,smoothstep,smoothstep,20260815,20300810,0.02027359487797742,0.059039282213512984,0.058732773140846926,0.07429128810808669,0.07296299730112937,0.11214260015277916,0.04446655237099551,0.8871571203652876,0.9676139643016961,0.001678556372570113,0.015569246410501874,0.1861791456315698
train_smoothstep_eval_smoothstep,smoothstep,smoothstep,20260815,20300811,0.02027359487797742,0.059039282213512984,0.0571276817818584,0.06330874741607072,0.05670693928888539,0.11049932808920002,0.0571787340210926,0.8829834894459019,0.9668238596353671,0.0016786681855350508,0.0162386787767018,0.19113386423268047
train_smoothstep_eval_smoothstep,smoothstep,smoothstep,20260815,20300812,0.02027359487797742,0.059039282213512984,0.05358535269195257,0.06996941343162227,0.05851444993167305,0.11246393557711849,0.0596279353906965,0.8921086680289175,0.9680063937043313,0.0016785185213565317,0.015263595304368233,0.1852847532654529
train_smoothstep_eval_smoothstep,smoothstep,smoothstep,20260815,20300813,0.02027359487797742,0.059039282213512984,0.05705660838959448,0.07969385946907964,0.06835796078500596,0.11034655466017651,0.05142882006269515,0.8856124731261953,0.9665348720044868,0.0016786481646987605,0.0160564405745744,0.19001376798388636
train_smoothstep_eval_smoothstep,smoothstep,smoothstep,20260815,20300814,0.02027359487797742,0.059039282213512984,0.050034255783849194,0.06340270601169211,0.05475421875330099,0.1140626128782965,0.04701197942993727,0.9117565066291412,0.9723775276723986,0.0016786325546964535,0.013420734213726818,0.17788110288828246
train_smoothstep_eval_smoothstep,smoothstep,smoothstep,20260815,20300815,0.02027359487797742,0.059039282213512984,0.057069690662774036,0.05833130285110164,0.050162278868475345,0.11115579729811854,0.04702433560063126,0.9011429323553943,0.9718673633029498,0.0016786172870126511,0.01365722645889272,0.17874343958132835
train_smoothstep_eval_smoothstep,smoothstep,smoothstep,20260815,20300816,0.02027359487797742,0.059039282213512984,0.05976867214709931,0.060109766653193925,0.05493458135939988,0.11286603055249347,0.020405799011418264,0.8857325978140497,0.9665950790415941,0.001678596190574741,0.01632410928583377,0.19057208493820726
train_smoothstep_eval_smoothstep,smoothstep,smoothstep,20260815,20300817,0.02027359487797742,0.059039282213512984,0.049872933244911447,0.055499574085151236,0.0566153797668539,0.11308868312716835,0.046808554022740236,0.8711386215289373,0.9672400939162648,0.0016785798465193656,0.01580584706618685,0.1819559958798812
train_smoothstep_eval_smoothstep,smoothstep,smoothstep,20260815,20300818,0.02027359487797742,0.059039282213512984,0.06137857545324246,0.07059447464603998,0.07056460451205743,0.11381912316645877,0.058680616464319206,0.8954781985889287,0.9705907099178758,0.0016785880000372518,0.014187842907044574,0.1755907277656838
train_smoothstep_eval_smoothstep,smoothstep,smoothstep,20260815,20300819,0.02027359487797742,0.059039282213512984,0.046468866569360924,0.0556137431419465,0.0501892010547536,0.11298315432928743,0.042124759959404616,0.8878558851739066,0.9669048697312089,0.0016785281948470184,0.01598954885123728,0.19023809178477713
train_smoothstep_eval_cosine,smoothstep,cosine,20260815,20300810,0.01969967108934166,0.05819360606986134,0.058872448810127334,0.07416657537732178,0.07411765630382387,0.11258730609451373,0.04387143157123821,0.8871571203652879,0.9686407984465374,0.0016785159078041676,0.015067362335027212,0.18108246310509304
train_smoothstep_eval_cosine,smoothstep,cosine,20260815,20300811,0.01969967108934166,0.05819360606986134,0.056745466734284156,0.06286447737418893,0.055911138569813855,0.11085272264628321,0.055313045038508056,0.8829834894459019,0.9678976826132566,0.001678631866548019,0.015709380864452695,0.18576163693913353
train_smoothstep_eval_cosine,smoothstep,cosine,20260815,20300812,0.01969967108934166,0.05819360606986134,0.05366262256937018,0.06934138670287306,0.05723417744143538,0.11337081263915762,0.05639628992972958,0.8921086680289175,0.9691506870196328,0.00167847264459567,0.01471136623057375,0.17994184069779454
train_smoothstep_eval_cosine,smoothstep,cosine,20260815,20300813,0.01969967108934166,0.05819360606986134,0.05705626396336236,0.07914512111013379,0.06587368320153565,0.11164733050778552,0.048944841609551565,0.8856124731261955,0.9676510157336822,0.0016786173377132823,0.015508764227498018,0.18474806453553344
train_smoothstep_eval_cosine,smoothstep,cosine,20260815,20300814,0.01969967108934166,0.05819360606986134,0.04983695843312712,0.0627016094528783,0.0539627670713538,0.11520809336721838,0.046934706106758255,0.9117565066291411,0.9734694077466999,0.0016785873262602686,0.012886090909756606,0.17250574844547056
train_smoothstep_eval_cosine,smoothstep,cosine,20260815,20300815,0.01969967108934166,0.05819360606986134,0.057022969149618505,0.05788851994061201,0.048443317753475955,0.11224531028283177,0.04647967966362743,0.9011429323553942,0.9728376301214368,0.0016785748886711427,0.013181732640539557,0.1736507507489434
train_smoothstep_eval_cosine,smoothstep,cosine,20260815,20300816,0.01969967108934166,0.05819360606986134,0.059636531612087124,0.059719871941666926,0.05445494640451786,0.11449952071511045,0.019640200049470254,0.8857325978140493,0.9677487622647769,0.001678552696181293,0.01575692656612132,0.18509378407202384
train_smoothstep_eval_cosine,smoothstep,cosine,20260815,20300817,0.01969967108934166,0.05819360606986134,0.04986231671132894,0.05544476166767794,0.0579977437496794,0.1144369141667493,0.04455685076505295,0.8711386215289373,0.9681287365310475,0.0016785423240570831,0.015368934294767567,0.17687798316989445
train_smoothstep_eval_cosine,smoothstep,cosine,20260815,20300818,0.01969967108934166,0.05819360606986134,0.06138947699552079,0.0705143184529365,0.07111081199775361,0.11536767574739087,0.05646453715658004,0.8954781985889287,0.9715716457896152,0.0016785399142462132,0.0137072749082626,0.1705064180468663
train_smoothstep_eval_cosine,smoothstep,cosine,20260815,20300819,0.01969967108934166,0.05819360606986134,0.046464188379430865,0.05520330343258806,0.05044782582921057,0.11357124018344136,0.03931820278201347,0.8878558851739066,0.9681051775748173,0.0016784779036410546,0.015403735830914079,0.18458532185441148
train_cosine_eval_default,cosine,default,20260815,20300810,0.028282513701706143,0.055900453669043774,0.058669348958103176,0.07611116699455793,0.07127346837627013,0.1096348084607845,0.025861334791429973,0.8857240212614386,0.9556108681567922,0.001680478923561891,0.021365981605269528,0.234165137120933
train_cosine_eval_default,cosine,default,20260815,20300811,0.028282513701706143,0.055900453669043774,0.062333482332757914,0.06492170400251282,0.05690105609456882,0.10900234279267287,0.0413388727986069,0.8810975509493281,0.9537006930827016,0.001680532020381564,0.022669521185850354,0.24384635170141208
train_cosine_eval_default,cosine,default,20260815,20300812,0.028282513701706143,0.055900453669043774,0.05308002870709446,0.07593208065848343,0.06493462488259562,0.11164994349816101,0.050071371604425124,0.890537574592587,0.954242785798691,0.001680441563682777,0.021830881683903083,0.23663723771933548
train_cosine_eval_default,cosine,default,20260815,20300813,0.028282513701706143,0.055900453669043774,0.056287791077027555,0.0849741495261957,0.07358620475621157,0.10966333538760588,0.040168416401176577,0.8835913638477373,0.9532242376487204,0.0016805173806299482,0.022541732087222578,0.24118255141651274
train_cosine_eval_default,cosine,default,20260815,20300814,0.028282513701706143,0.055900453669043774,0.052612684546635216,0.06845173023674972,0.06061056652268574,0.10918549750965545,0.03651270694596164,0.9099935271198885,0.9591126188830943,0.0016805019792087265,0.01985855960060548,0.2304536815400932
train_cosine_eval_default,cosine,default,20260815,20300815,0.028282513701706143,0.055900453669043774,0.05709310915709305,0.06183866704778395,0.052536346682693025,0.10942808077013572,0.04133337466784661,0.8992321941043009,0.9597286134600062,0.0016805017691276514,0.019554230665746918,0.22902620589537684
train_cosine_eval_default,cosine,default,20260815,20300816,0.028282513701706143,0.055900453669043774,0.06115353843924781,0.06296290177996372,0.056845362440290925,0.10902356368617795,0.03712152846001313,0.8843249687227667,0.9525715858618063,0.0016804760245930743,0.02318751773831959,0.24476673275982086
train_cosine_eval_default,cosine,default,20260815,20300817,0.028282513701706143,0.055900453669043774,0.050908451234615244,0.05765946905464193,0.05590817181271668,0.1096123099727754,0.036135262620714446,0.8697825413762051,0.9558796530608374,0.001680496565027442,0.021340329060246445,0.231843433723584
train_cosine_eval_default,cosine,default,20260815,20300818,0.028282513701706143,0.055900453669043774,0.06213505143823765,0.07227740092611123,0.07131243411491327,0.11140528738950363,0.04817894034771422,0.8938976056428701,0.9585493117181517,0.0016804778307469709,0.020032419012014965,0.22521109991825866
train_cosine_eval_default,cosine,default,20260815,20300819,0.028282513701706143,0.055900453669043774,0.047839840560048315,0.058933318072563474,0.052475300578907626,0.11098857730981276,0.04683491683396249,0.8861759863035051,0.9524615035937416,0.0016804552649735058,0.022986682855872246,0.2446512807581395
train_cosine_eval_smoothstep,cosine,smoothstep,20260815,20300810,0.020430185621990227,0.0595128064127034,0.05879717238512372,0.07403963141802382,0.07331281778106914,0.10964517948781538,0.04556378236013769,0.8857240212614386,0.9672344777122923,0.0016805210586840005,0.01574636004881695,0.18759791700482703
train_cosine_eval_smoothstep,cosine,smoothstep,20260815,20300811,0.020430185621990227,0.0595128064127034,0.05727638996060597,0.06308781418748573,0.05770687166484243,0.10856222570377883,0.056925417766986904,0.8810975509493281,0.966370029811028,0.0016806105492605094,0.016458059952939627,0.1927993493334955
train_cosine_eval_smoothstep,cosine,smoothstep,20260815,20300812,0.020430185621990227,0.0595128064127034,0.053656074541668534,0.0697901930567537,0.05965443136598942,0.10989659977203875,0.064237428913012,0.890537574592587,0.967604966297823,0.0016804737230387023,0.015448103829297255,0.18672173607369497
train_cosine_eval_smoothstep,cosine,smoothstep,20260815,20300813,0.020430185621990227,0.0595128064127034,0.05702254221988272,0.07986960658741415,0.0678730937092877,0.10807668015280802,0.05160003198572891,0.8835913638477373,0.9660285599245819,0.001680587925040894,0.016292536474864856,0.19177324674192686
train_cosine_eval_smoothstep,cosine,smoothstep,20260815,20300814,0.020430185621990227,0.0595128064127034,0.05002184802021181,0.0631153185130112,0.05524025565544776,0.11121726934385598,0.051737560792998606,0.9099935271198885,0.9719703079033044,0.0016805673450469038,0.013618034099185683,0.17955205026534132
train_cosine_eval_smoothstep,cosine,smoothstep,20260815,20300815,0.020430185621990227,0.0595128064127034,0.057156685575048785,0.05825488560629336,0.050149516451915656,0.10844298129933652,0.04975497392950776,0.8992321941043009,0.9713732876995703,0.001680559378672137,0.013899978674060518,0.18057158521887234
train_cosine_eval_smoothstep,cosine,smoothstep,20260815,20300816,0.020430185621990227,0.0595128064127034,0.05979434546023136,0.059952376152194196,0.05484084587358499,0.110134248358654,0.026533612745021765,0.8843249687227667,0.9662466356660605,0.0016805271492112439,0.016495648451894145,0.19190303005975434
train_cosine_eval_smoothstep,cosine,smoothstep,20260815,20300817,0.020430185621990227,0.0595128064127034,0.049872479210962356,0.05505773140947842,0.05666657565673985,0.11006416124283058,0.0506040407911322,0.8697825413762051,0.9669187229558626,0.0016805394718205622,0.015957933315622293,0.18316111318287093
train_cosine_eval_smoothstep,cosine,smoothstep,20260815,20300818,0.020430185621990227,0.0595128064127034,0.0614248737978567,0.0702433044721516,0.07093123284647213,0.11147507453144584,0.059292282232407546,0.8938976056428701,0.9701784968673366,0.001680531596151412,0.014386326606169375,0.17718048719353754
train_cosine_eval_smoothstep,cosine,smoothstep,20260815,20300819,0.020430185621990227,0.0595128064127034,0.0464777465397184,0.05551749339681277,0.05107650246148473,0.11041698421674362,0.0485613057020336,0.8861759863035051,0.9664767226421203,0.0016804789072755628,0.0161916790157905,0.19180970308193251
train_cosine_eval_cosine,cosine,cosine,20260815,20300810,0.01985394698038888,0.05872055189947254,0.0589368590433239,0.07392528383165552,0.07379449513538876,0.10667946154703263,0.04618746172912788,0.8857240212614386,0.9682737279138458,0.001680607479856906,0.015238443229658935,0.18245227912799358
train_cosine_eval_cosine,cosine,cosine,20260815,20300811,0.01985394698038888,0.05872055189947254,0.05689497852330609,0.06264897496244222,0.05568586230437008,0.10500109107288425,0.05802689092989725,0.8810975509493281,0.967455963103409,0.0016807197955963967,0.015922730189946208,0.18737126202704704
train_cosine_eval_cosine,cosine,cosine,20260815,20300812,0.01985394698038888,0.05872055189947254,0.053731844168071696,0.06916472816964436,0.05757449375616297,0.10634730279182608,0.06352991463780917,0.890537574592587,0.9687619679282615,0.0016805627956439505,0.014889693611664931,0.18132942278820174
train_cosine_eval_cosine,cosine,cosine,20260815,20300813,0.01985394698038888,0.05872055189947254,0.05702197150420568,0.07931650218679437,0.06815569256767619,0.10504574796144568,0.05201476376548484,0.883591363847737,0.9671583497828594,0.00168069643658137,0.015738038740340354,0.18645302997706403
train_cosine_eval_cosine,cosine,cosine,20260815,20300814,0.01985394698038888,0.05872055189947254,0.04982590895390695,0.0624177790714121,0.0541338902219749,0.10853999099720751,0.05142300411124597,0.9099935271198886,0.9730739635415185,0.001680673462830233,0.013077597130280363,0.17411917232499424
train_cosine_eval_cosine,cosine,cosine,20260815,20300815,0.01985394698038888,0.05872055189947254,0.05710921956023319,0.05781283995910711,0.049458421250110775,0.10536143785792482,0.049697754252938015,0.8992321941043007,0.9723580063623813,0.0016806602889878016,0.013417312115973338,0.1754206970077405
train_cosine_eval_cosine,cosine,cosine,20260815,20300816,0.01985394698038888,0.05872055189947254,0.0596654667899172,0.05956704324772214,0.055332770246188205,0.1077740185622193,0.0240850334183972,0.8843249687227666,0.9674125189760115,0.0016806342410978989,0.015922516020106615,0.1863701932593786
train_cosine_eval_cosine,cosine,cosine,20260815,20300817,0.01985394698038888,0.05872055189947254,0.04986129693985382,0.05501994842786682,0.05658972537997198,0.10828900614275573,0.049604204418240955,0.8697825413762054,0.9678180094521917,0.0016806302607304557,0.015515828082934053,0.17802931476738187
train_cosine_eval_cosine,cosine,cosine,20260815,20300818,0.01985394698038888,0.05872055189947254,0.061433850605163105,0.07016242888278308,0.06940266822439067,0.1092807957895074,0.059319311701037415,0.8938976056428699,0.9711736565149378,0.0016806294278102784,0.013898726824221141,0.17203526214926423
train_cosine_eval_cosine,cosine,cosine,20260815,20300819,0.01985394698038888,0.05872055189947254,0.04647109025650588,0.05510844351900534,0.05025448881156583,0.10713278456426498,0.04602225173604057,0.8861759863035051,0.9676905706725927,0.0016805708074913964,0.015599184247705896,0.18610468807442052
train_default_eval_default,default,default,20260816,20300810,0.027629284559119116,0.054470900934445045,0.057336588728845145,0.08888689776808012,0.06932365183907291,0.08650184078558756,0.052328263591143925,0.8920009524067485,0.9591109096334784,0.0019390552333241277,0.019740981744385606,0.21311885755953738
train_default_eval_default,default,default,20260816,20300811,0.027629284559119116,0.054470900934445045,0.05752902528033153,0.07184830739764676,0.049046789164903765,0.08551484284428565,0.02974905170837786,0.919333327271491,0.9613183610162427,0.0019390552333245492,0.018771667328819835,0.20940715795532397
train_default_eval_default,default,default,20260816,20300812,0.027629284559119116,0.054470900934445045,0.057637355740356326,0.07955215078386296,0.05361573236952772,0.08575869214771623,0.08300325510256566,0.9031331138452782,0.9598558975217397,0.001939055233324681,0.019228581362515023,0.20679525360057888
train_default_eval_default,default,default,20260816,20300813,0.027629284559119116,0.054470900934445045,0.054425895168688294,0.06856364435706792,0.06443365029756833,0.08703202180784167,0.027428972998074373,0.8971035171967796,0.9610315191096648,0.0019390552333240455,0.018673490486621213,0.2046335787713338
train_default_eval_default,default,default,20260816,20300814,0.027629284559119116,0.054470900934445045,0.052046567272487965,0.07477910584734589,0.0525107616228227,0.08532216822039326,0.040437461910814716,0.9109121162154787,0.9591585959610871,0.0019390552333238714,0.019568320781850508,0.2160383667891152
train_default_eval_default,default,default,20260816,20300815,0.027629284559119116,0.054470900934445045,0.050875862796082374,0.0578306147734278,0.044989760786961576,0.08688433775967377,0.055440699667399805,0.9088272901014804,0.963467093435305,0.0019390552333231914,0.01718557677826136,0.19371987586549624
train_default_eval_default,default,default,20260816,20300816,0.027629284559119116,0.054470900934445045,0.05797624820761899,0.06820471911544855,0.05279167588278368,0.08626817753045046,0.05745284763737552,0.8859703797096394,0.9576146471249514,0.0019390552333240021,0.020581277013721307,0.22171257633881228
train_default_eval_default,default,default,20260816,20300817,0.027629284559119116,0.054470900934445045,0.04842328883143601,0.09343446753541007,0.06446940746443007,0.08584248305763367,0.05495214755933203,0.8683064925478166,0.9508996628703799,0.0019390552333237204,0.02335209790272899,0.2274085613994326
train_default_eval_default,default,default,20260816,20300818,0.027629284559119116,0.054470900934445045,0.061332582953447304,0.09204730497758806,0.07665373670654972,0.08629085384951118,0.03715904968478121,0.9113064135532793,0.963574174222728,0.0019390552333237465,0.017508058798154546,0.1981676436573419
train_default_eval_default,default,default,20260816,20300819,0.027629284559119116,0.054470900934445045,0.049095497606907956,0.06754608827531466,0.056699589798442356,0.0849160455779069,0.07839560528312005,0.9000266304629183,0.9603922321909654,0.0019390552333246294,0.019177305692404334,0.21025482361150702
train_default_eval_smoothstep,default,smoothstep,20260816,20300810,0.019249789730679378,0.05085674881636259,0.0570317730411555,0.08538896272801273,0.06755262653599316,0.11536141075134813,0.03163836499827985,0.8920009524067485,0.9698793333354188,0.0019390552333241277,0.014575487717498906,0.17131126859608967
train_default_eval_smoothstep,default,smoothstep,20260816,20300811,0.019249789730679378,0.05085674881636259,0.05274850932480257,0.06868652833039328,0.05281236477230402,0.11356591461084473,0.03971938029417758,0.919333327271491,0.9734318280947878,0.0019390552333245492,0.012863383089814101,0.16298581149728805
train_default_eval_smoothstep,default,smoothstep,20260816,20300812,0.019249789730679378,0.05085674881636259,0.05690173677109332,0.07256707263660846,0.05443392162072794,0.11490101582299164,0.05700687839499544,0.9031331138452778,0.9715834421204834,0.001939055233324681,0.013556957218374101,0.16099611461533964
train_default_eval_smoothstep,default,smoothstep,20260816,20300813,0.019249789730679378,0.05085674881636259,0.054036618638437735,0.06530853587286604,0.06105274009797906,0.11418228696045882,0.027028024160761787,0.8971035171967795,0.9714094934267266,0.0019390552333240455,0.013605969047944689,0.16144975482952334
train_default_eval_smoothstep,default,smoothstep,20260816,20300814,0.019249789730679378,0.05085674881636259,0.04920146252886827,0.0698254827930726,0.05288154564890859,0.11188760132722075,0.02436018254110488,0.9109121162154785,0.9705567929906888,0.0019390552333238714,0.014099602550637996,0.17491224275930306
train_default_eval_smoothstep,default,smoothstep,20260816,20300815,0.019249789730679378,0.05085674881636259,0.05207140965967659,0.05392132460185726,0.04392880242717772,0.11861945281090094,0.04310622041731312,0.9088272901014802,0.9738465601036757,0.0019390552333231914,0.012255482944594094,0.15193879239670433
train_default_eval_smoothstep,default,smoothstep,20260816,20300816,0.019249789730679378,0.05085674881636259,0.05558452479879337,0.06453038399075041,0.05623532538499392,0.11439832384080867,0.031843380853527815,0.8859703797096391,0.9684318893844777,0.0019390552333240021,0.01527382392924653,0.17710932731451576
train_default_eval_smoothstep,default,smoothstep,20260816,20300817,0.019249789730679378,0.05085674881636259,0.046872723903983976,0.08578593483197115,0.06664534731982451,0.11652185135385806,0.03214776605742376,0.8683064925478163,0.9629942663677882,0.0019390552333237204,0.01765507419686128,0.1836558235336715
train_default_eval_smoothstep,default,smoothstep,20260816,20300818,0.019249789730679378,0.05085674881636259,0.06089843233492442,0.08814677056364599,0.0774157783453971,0.11344923127232154,0.044342506503727765,0.9113064135532791,0.9737013869744591,0.0019390552333237465,0.012659282752343948,0.15756346812700373
train_default_eval_smoothstep,default,smoothstep,20260816,20300819,0.019249789730679378,0.05085674881636259,0.04793723215793867,0.060660623413841534,0.04928409698196598,0.11390346900483597,0.05488391792485505,0.9000266304629185,0.9711496751938757,0.0019390552333246294,0.013944882794817814,0.16670274744890262
train_default_eval_cosine,default,cosine,20260816,20300810,0.01916180561690243,0.05526997297505446,0.05707687492874991,0.08494497052409107,0.06816951302710554,0.12479249419068933,0.03177752329639654,0.8920009524067483,0.9707995677800435,0.0019390552333241277,0.014128828413101471,0.16694858914690736
train_default_eval_cosine,default,cosine,20260816,20300811,0.01916180561690243,0.05526997297505446,0.052385236359433235,0.06835096761075139,0.05314629072571203,0.12251968218488848,0.04227694645557378,0.9193333272714905,0.9744839290658259,0.0019390552333245492,0.012347108690639748,0.15820636194946566
train_default_eval_cosine,default,cosine,20260816,20300812,0.01916180561690243,0.05526997297505446,0.056857342886633216,0.07190037261471051,0.05480948787266612,0.12425536759485038,0.056503305020106566,0.9031331138452778,0.9725873191983825,0.001939055233324681,0.013068201435606682,0.1562645181797216
train_default_eval_cosine,default,cosine,20260816,20300813,0.01916180561690243,0.05526997297505446,0.05401657963639201,0.06503898984248364,0.06039164813891749,0.12291872062548956,0.028707128062097048,0.8971035171967795,0.9722944903928752,0.0019390552333240455,0.013171065813250879,0.15698895594120504
train_default_eval_cosine,default,cosine,20260816,20300814,0.01916180561690243,0.05526997297505446,0.04898677565799672,0.06909443207585124,0.053238230634164496,0.12054934449705801,0.02618891491680497,0.9109121162154785,0.9715884606054616,0.0019390552333238714,0.013601029288091853,0.17059559535935162
train_default_eval_cosine,default,cosine,20260816,20300815,0.01916180561690243,0.05526997297505446,0.05214756891936154,0.05353037798380041,0.04346382734125956,0.12780428041009426,0.04520116937220936,0.9088272901014804,0.9747247546696188,0.0019390552333231914,0.011835003179687213,0.14763859172267366
train_default_eval_cosine,default,cosine,20260816,20300816,0.01916180561690243,0.05526997297505446,0.05539476034475388,0.06436336096875263,0.05628146339530329,0.12338539208561067,0.031268587658015816,0.8859703797096394,0.9693515484890659,0.0019390552333240021,0.014819614971594222,0.17255341517330267
train_default_eval_cosine,default,cosine,20260816,20300817,0.01916180561690243,0.05526997297505446,0.046751786196913045,0.08483165658624886,0.06707600109267194,0.12555373764517108,0.03209559586196097,0.8683064925478166,0.964055358373056,0.0019390552333237204,0.01714855811275675,0.17907457794858886
train_default_eval_cosine,default,cosine,20260816,20300818,0.01916180561690243,0.05526997297505446,0.060925052150822084,0.08773818284076666,0.07757313817860804,0.12208132105451877,0.04693308382117286,0.9113064135532791,0.9745877800022509,0.0019390552333237465,0.01223130512045721,0.15332768018236942
train_default_eval_cosine,default,cosine,20260816,20300819,0.01916180561690243,0.05526997297505446,0.047924318338634905,0.05989657207787913,0.04897284697638329,0.12270350906460212,0.05495035521844671,0.9000266304629185,0.972079823556294,0.0019390552333246294,0.013489977348970717,0.16222301113751159
train_smoothstep_eval_default,smoothstep,default,20260816,20300810,0.026279462734074277,0.051838863478123345,0.057036669931792766,0.0875078730502135,0.06957834422225671,0.08066925866394917,0.05001018653166912,0.8939110208284535,0.9601366775969031,0.0019182760487194584,0.019374853710897325,0.2158533595119117
train_smoothstep_eval_default,smoothstep,default,20260816,20300811,0.026279462734074277,0.051838863478123345,0.057370450268325636,0.06947891820639705,0.0494652273542033,0.07979125782534331,0.030097743598627148,0.9212781129064269,0.9624490312664584,0.0019182760487198695,0.018349428553749523,0.2111404430607125
train_smoothstep_eval_default,smoothstep,default,20260816,20300812,0.026279462734074277,0.051838863478123345,0.0576707026636714,0.07741934550148492,0.05350094249558795,0.07995843602110307,0.0827266962627436,0.9046983119983503,0.9609763618131225,0.001918276048719992,0.018816766398887325,0.20880737176645403
train_smoothstep_eval_default,smoothstep,default,20260816,20300813,0.026279462734074277,0.051838863478123345,0.05440445989256354,0.06797729396840808,0.06481304396473973,0.08067642623015454,0.025220212494919386,0.8996970400886455,0.9622102735526011,0.0019182760487193654,0.01819502993215826,0.20622487272468942
train_smoothstep_eval_default,smoothstep,default,20260816,20300814,0.026279462734074277,0.051838863478123345,0.05185714308299197,0.07351864378156486,0.05180649149793625,0.0794195874345926,0.03869728523813548,0.9122380543960396,0.9602075751829323,0.0019182760487192034,0.019157648036805447,0.21878194684703822
train_smoothstep_eval_default,smoothstep,default,20260816,20300815,0.026279462734074277,0.051838863478123345,0.05059942946895121,0.056276378652418246,0.04530954600729081,0.08095360423714977,0.052359237132948495,0.9120365024434359,0.9647146063807481,0.0019182760487185314,0.016652317244011634,0.19472891797548914
train_smoothstep_eval_default,smoothstep,default,20260816,20300816,0.026279462734074277,0.051838863478123345,0.05797857368979353,0.06680465773665514,0.053099299565637026,0.08014866986729943,0.05577391614953514,0.8889151481265989,0.958694461521616,0.0019182760487193294,0.020209961753476845,0.2245490506060766
train_smoothstep_eval_default,smoothstep,default,20260816,20300817,0.026279462734074277,0.051838863478123345,0.04848592974623679,0.09169347061193345,0.06331248373438342,0.08028354530672419,0.05531453058229491,0.8722370176480098,0.952338119690997,0.0019182760487190431,0.02277195991429534,0.22914056779556682
train_smoothstep_eval_default,smoothstep,default,20260816,20300818,0.026279462734074277,0.051838863478123345,0.06120429799988415,0.0897103329493455,0.0770524995006866,0.08014834530754582,0.03347334713822028,0.9137626886086534,0.964738911934502,0.0019182760487190785,0.017048368994381873,0.1995427178604549
train_smoothstep_eval_default,smoothstep,default,20260816,20300819,0.026279462734074277,0.051838863478123345,0.049296588452202986,0.0655098218531527,0.05640952229854979,0.07895713741554278,0.07774230472940603,0.9018770639629649,0.9615710551056864,0.0019182760487199424,0.0187356876951331,0.21225125833764333
train_smoothstep_eval_smoothstep,smoothstep,smoothstep,20260816,20300810,0.01831830056310607,0.0483519150537898,0.05670186935813346,0.08438493941258379,0.06690995947282412,0.10769609481265825,0.031919944235719776,0.8939110208284535,0.9705986085394706,0.0019182760487194584,0.014331168623049034,0.17324167939786186
train_smoothstep_eval_smoothstep,smoothstep,smoothstep,20260816,20300811,0.01831830056310607,0.0483519150537898,0.052658002778150775,0.06689491670349852,0.05239029038117454,0.10619342414521,0.04292731523443625,0.9212781129064269,0.9742094752721746,0.0019182760487198695,0.012568001010307597,0.16373702696769182
train_smoothstep_eval_smoothstep,smoothstep,smoothstep,20260816,20300812,0.01831830056310607,0.0483519150537898,0.05692950733695238,0.0708272806079416,0.05380345578847567,0.10695041751800785,0.0593432657046121,0.9046983119983503,0.972297549710543,0.001918276048719992,0.013299806517230246,0.1623420389345678
train_smoothstep_eval_smoothstep,smoothstep,smoothstep,20260816,20300813,0.01831830056310607,0.0483519150537898,0.05404727830067657,0.0650355023358949,0.06122446902833581,0.10649714091001433,0.029561371465946534,0.8996970400886455,0.9722502481832814,0.0019182760487193654,0.013254571323758282,0.16232743657320967
train_smoothstep_eval_smoothstep,smoothstep,smoothstep,20260816,20300814,0.01831830056310607,0.0483519150537898,0.04893638988509409,0.06874683225045483,0.053338728645164,0.1042467084009142,0.02371257873114099,0.9122380543960396,0.9712059801980331,0.0019182760487192034,0.013850873086380059,0.17720213994437223
train_smoothstep_eval_smoothstep,smoothstep,smoothstep,20260816,20300815,0.01831830056310607,0.0483519150537898,0.05179721496610712,0.05268361373290944,0.04370207580230301,0.11077876618164773,0.043807226119215725,0.9120365024434359,0.974783463414895,0.0019182760487185314,0.011839199280169632,0.15213055321371094
train_smoothstep_eval_smoothstep,smoothstep,smoothstep,20260816,20300816,0.01831830056310607,0.0483519150537898,0.05559789315158051,0.06352731556544189,0.05585014835477755,0.10647014071393954,0.03128740375961944,0.8889151481265989,0.9692158094020066,0.0019182760487193294,0.014995501763306805,0.17904076883412995
train_smoothstep_eval_smoothstep,smoothstep,smoothstep,20260816,20300817,0.01831830056310607,0.0483519150537898,0.04687841816755207,0.08437392719866245,0.06655892253971847,0.10909428902810281,0.0325980377077849,0.8722370176480098,0.9641033314582165,0.0019182760487190431,0.017200844534554765,0.1845537810926047
train_smoothstep_eval_smoothstep,smoothstep,smoothstep,20260816,20300818,0.01831830056310607,0.0483519150537898,0.06083889496920102,0.08630088399932077,0.07760677424966912,0.10598800977531347,0.04615211111365278,0.9137626886086534,0.9745458046212925,0.0019182760487190785,0.012321759092973276,0.1580752724978771
train_smoothstep_eval_smoothstep,smoothstep,smoothstep,20260816,20300819,0.01831830056310607,0.0483519150537898,0.04816758646428633,0.058968050106292885,0.048869582334544796,0.10639181109062151,0.053755974076739266,0.9018770639629649,0.971910013301596,0.0019182760487199424,0.013666151126962876,0.168191056980737
train_smoothstep_eval_cosine,smoothstep,cosine,20260816,20300810,0.01820847529873329,0.05235094322835048,0.05674206388770496,0.0839885772036388,0.06595443240907138,0.11449117849252852,0.030784024504176288,0.8939110208284535,0.9714862250480639,0.0019182760487194584,0.01389843371202024,0.1688445884203557
train_smoothstep_eval_cosine,smoothstep,cosine,20260816,20300811,0.01820847529873329,0.05235094322835048,0.052298741253664384,0.06662270329620497,0.0533195827080763,0.11260137299526483,0.04435900436739946,0.9212781129064269,0.9752246521647802,0.0019182760487198695,0.012066778803683132,0.15891814895436968
train_smoothstep_eval_cosine,smoothstep,cosine,20260816,20300812,0.01820847529873329,0.05235094322835048,0.05688593781417024,0.07021308056240587,0.054264756049885,0.11372221043042158,0.05377154593025302,0.9046983119983502,0.9732615705364427,0.001918276048719992,0.0128275348470898,0.1575884161900462
train_smoothstep_eval_cosine,smoothstep,cosine,20260816,20300813,0.01820847529873329,0.05235094322835048,0.05402557481180083,0.0647877504912102,0.06048184468620033,0.11270204540890444,0.029135070047595333,0.899697040088645,0.9731019409469275,0.0019182760487193654,0.012833489541014754,0.1578408976422042
train_smoothstep_eval_cosine,smoothstep,cosine,20260816,20300814,0.01820847529873329,0.05235094322835048,0.04871318009829967,0.06804073039062646,0.056041476890920004,0.11049043116066354,0.0250124476687576,0.9122380543960391,0.9721981267819982,0.0019182760487192034,0.013369139632925141,0.1728768388218954
train_smoothstep_eval_cosine,smoothstep,cosine,20260816,20300815,0.01820847529873329,0.05235094322835048,0.05187473400533647,0.05232510746824067,0.043678149468086756,0.11722397794031737,0.043012602143157073,0.9120365024434361,0.9756302839057698,0.0019182760487185314,0.011431528569911007,0.1477929096231404
train_smoothstep_eval_cosine,smoothstep,cosine,20260816,20300816,0.01820847529873329,0.05235094322835048,0.05540206112328154,0.06339943173094362,0.056203601270447344,0.1128763918686393,0.03124376692694804,0.8889151481265987,0.9701092863039806,0.0019182760487193294,0.014550513809038285,0.17443267936154191
train_smoothstep_eval_cosine,smoothstep,cosine,20260816,20300817,0.01820847529873329,0.05235094322835048,0.04675192704168338,0.08345859023577361,0.06881764285903352,0.11547151020575881,0.03036013707580244,0.8722370176480098,0.9651309140063647,0.0019182760487190431,0.016707945432188096,0.1799324702260383
train_smoothstep_eval_cosine,smoothstep,cosine,20260816,20300818,0.01820847529873329,0.05235094322835048,0.060871836204391246,0.08594906132194474,0.07859056189241963,0.11209630114005376,0.04671194763800048,0.9137626886086534,0.9753990334672018,0.0019182760487190785,0.011907677430809461,0.15380249921603154
train_smoothstep_eval_cosine,smoothstep,cosine,20260816,20300819,0.01820847529873329,0.05235094322835048,0.04814956351711938,0.05825401968436381,0.049081887526770514,0.11266514128539898,0.05191985039207151,0.9018770639629649,0.9728000252700664,0.0019182760487199424,0.013228267873102755,0.1637076681074639
train_cosine_eval_default,cosine,default,20260816,20300810,0.025531679440539655,0.05037044676770062,0.05700691464536617,0.08677865900191156,0.0690896948616106,0.08442596485279377,0.05272728170938912,0.8952835148436352,0.9607644796554158,0.0019132961587363048,0.018997794436987656,0.21467575934966235
train_cosine_eval_default,cosine,default,20260816,20300811,0.025531679440539655,0.05037044676770062,0.05724658940282622,0.06811542289952285,0.04935738806291921,0.08329124621318951,0.030591827326206692,0.9228165950003548,0.9631244500702074,0.001913296158736713,0.01795295038755353,0.20979914465266022
train_cosine_eval_default,cosine,default,20260816,20300812,0.025531679440539655,0.05037044676770062,0.05779869197685748,0.07617403879710781,0.0532531440398101,0.08336575651617492,0.08497627503004342,0.9058017300027432,0.9615488762488713,0.001913296158736846,0.01846678736493542,0.20768717021917044
train_cosine_eval_default,cosine,default,20260816,20300813,0.025531679440539655,0.05037044676770062,0.05438044668061374,0.06710403347732698,0.06531818567310545,0.08406381965764172,0.028335041213827645,0.9011391059614833,0.9628768538485012,0.001913296158736225,0.017800377932812125,0.2048571828249765
train_cosine_eval_default,cosine,default,20260816,20300814,0.025531679440539655,0.05037044676770062,0.051826885474368437,0.07238532275944919,0.05187527486603658,0.08266598809429362,0.040568315681519945,0.9130277572942918,0.960753451769332,0.001913296158736054,0.018825766528161446,0.21785864383381223
train_cosine_eval_default,cosine,default,20260816,20300815,0.025531679440539655,0.05037044676770062,0.050585918383615716,0.05529436091241766,0.04572368939692709,0.08448091197229074,0.0557920672707988,0.9129852184963815,0.9651523959587556,0.0019132961587353958,0.016381724478210756,0.19381519004287268
train_cosine_eval_default,cosine,default,20260816,20300816,0.025531679440539655,0.05037044676770062,0.05797124440948678,0.0657866242025291,0.05329713521787297,0.08350149498048029,0.05819170649192631,0.8903746123174786,0.9593468262483084,0.00191329615873618,0.019816959200348122,0.22326935822276842
train_cosine_eval_default,cosine,default,20260816,20300817,0.025531679440539655,0.05037044676770062,0.04851044416658837,0.09102614196467708,0.06263382267881044,0.0836743921431497,0.056188229048249695,0.873870977550186,0.9529235908973817,0.0019132961587359117,0.022395427976783663,0.2281107978470293
train_cosine_eval_default,cosine,default,20260816,20300818,0.025531679440539655,0.05037044676770062,0.06118827027929625,0.08909241581459405,0.07672472591459234,0.08347444451970544,0.03594490393633338,0.9151036825469853,0.9652947509289478,0.0019132961587359232,0.016716654818077093,0.19846570870530938
train_cosine_eval_default,cosine,default,20260816,20300819,0.025531679440539655,0.05037044676770062,0.04924571128169161,0.06462455946467831,0.05659610570251005,0.082366987632325,0.07902984222497476,0.903168961579366,0.9622233669799986,0.001913296158736776,0.018347050571264414,0.21096271596780286
train_cosine_eval_smoothstep,cosine,smoothstep,20260816,20300810,0.017794220634044657,0.04700656821933816,0.056664869876542664,0.08386502742028383,0.06580653427474886,0.10421235462851314,0.030994011660569226,0.8952835148436352,0.9710624758609129,0.0019132961587363048,0.014054616385911437,0.17222474161073342
train_cosine_eval_smoothstep,cosine,smoothstep,20260816,20300811,0.017794220634044657,0.04700656821933816,0.05258882897415207,0.06586744236807777,0.05238480960544372,0.10285162626205627,0.03990058226575396,0.9228165950003548,0.9747096782297954,0.001913296158736713,0.012280098304386726,0.16253106625990818
train_cosine_eval_smoothstep,cosine,smoothstep,20260816,20300812,0.017794220634044657,0.04700656821933816,0.057034601725400806,0.06985514075200841,0.053659806478678324,0.10348362690286608,0.0583712520430092,0.9058017300027432,0.9726928016609161,0.001913296158736846,0.013056101536535556,0.16140812741723876
train_cosine_eval_smoothstep,cosine,smoothstep,20260816,20300813,0.017794220634044657,0.04700656821933816,0.05400321220444093,0.06441093634489359,0.06091426379418352,0.10314412773045326,0.024966696030681787,0.9011391059614833,0.9727318229974952,0.001913296158736225,0.012968570521300724,0.1611471992436324
train_cosine_eval_smoothstep,cosine,smoothstep,20260816,20300814,0.017794220634044657,0.04700656821933816,0.04892711817769574,0.0678384932066193,0.05473429760297843,0.10102042876594626,0.024464222562379807,0.9130277572942918,0.9715685136946609,0.001913296158736054,0.013630632025338828,0.17653328889207848
train_cosine_eval_smoothstep,cosine,smoothstep,20260816,20300815,0.017794220634044657,0.04700656821933816,0.05177159602294937,0.05187109323498549,0.04343602406981779,0.10754667006028065,0.04247054904191033,0.9129852184963815,0.9750790534571004,0.0019132961587353958,0.01165413807524901,0.15140383120120587
train_cosine_eval_smoothstep,cosine,smoothstep,20260816,20300816,0.017794220634044657,0.04700656821933816,0.05561980200112675,0.06288141841182977,0.05595896636787121,0.103074648658072,0.03142270925661847,0.8903746123174786,0.9696872244166332,0.00191329615873618,0.014709680826565036,0.17792879863958783
train_cosine_eval_smoothstep,cosine,smoothstep,20260816,20300817,0.017794220634044657,0.04700656821933816,0.04688592736704754,0.08388491140367045,0.06778065575556931,0.10598503657978157,0.032869332424192134,0.873870977550186,0.9645469043870525,0.0019132961587359117,0.016916070107320328,0.18369153039128264
train_cosine_eval_smoothstep,cosine,smoothstep,20260816,20300818,0.017794220634044657,0.04700656821933816,0.06085924474410961,0.08581799677497988,0.07811564409527393,0.10270231677181346,0.04371069431794033,0.9151036825469853,0.9749577627564199,0.0019132961587359232,0.012076977498886442,0.15710569666672553
train_cosine_eval_smoothstep,cosine,smoothstep,20260816,20300819,0.017794220634044657,0.04700656821933816,0.048104928807428046,0.058277881601883574,0.049164913103716255,0.10317662868779909,0.05601020834104775,0.903168961579366,0.9723629665232976,0.001913296158736776,0.013393997233854583,0.16717226099759638
train_cosine_eval_cosine,cosine,cosine,20260816,20300810,0.017691651864649452,0.05128750946726939,0.05670271937120407,0.08349088593266855,0.06762013053663556,0.11101492799463047,0.03112129543756802,0.8952835148436349,0.9719326388960505,0.0019132961587363048,0.013631651858310626,0.16785456797163137
train_cosine_eval_cosine,cosine,cosine,20260816,20300811,0.017691651864649452,0.05128750946726939,0.05223500829609194,0.06563891685764318,0.05237684167165237,0.109261563645901,0.042931786927840415,0.9228165950003544,0.9757068275925065,0.001913296158736713,0.011789205197359142,0.1577362183491648
train_cosine_eval_cosine,cosine,cosine,20260816,20300812,0.017691651864649452,0.05128750946726939,0.056989211620217486,0.06927362427607477,0.05393925535876137,0.11011108039302861,0.058012832790028314,0.905801730002743,0.9736392679299938,0.001913296158736846,0.01259364862471903,0.15668216005427743
train_cosine_eval_cosine,cosine,cosine,20260816,20300813,0.017691651864649452,0.05128750946726939,0.053980453322910626,0.06418795008246302,0.06071645955838365,0.10919284319403672,0.027971815310539872,0.9011391059614833,0.9735648529191578,0.001913296158736225,0.012557740701769607,0.15668979297561575
train_cosine_eval_cosine,cosine,cosine,20260816,20300814,0.017691651864649452,0.05128750946726939,0.0487040839718708,0.0671627234603074,0.05305404603224107,0.10705782870263864,0.026165973646293916,0.9130277572942914,0.972541928650841,0.001913296158736054,0.01315952368378748,0.17224190884609109
train_cosine_eval_cosine,cosine,cosine,20260816,20300815,0.017691651864649452,0.05128750946726939,0.051848822816724066,0.051539920184146625,0.04325659698225329,0.1138261047691545,0.04494557726215425,0.9129852184963815,0.975912397729212,0.0019132961587353958,0.011254009999910827,0.14709454463729082
train_cosine_eval_cosine,cosine,cosine,20260816,20300816,0.017691651864649452,0.05128750946726939,0.055424797000567114,0.06279458957639787,0.05606604774692494,0.10930259964982002,0.031101517775925056,0.8903746123174783,0.9705628204525187,0.00191329615873618,0.014274600750659575,0.1733478723942142
train_cosine_eval_cosine,cosine,cosine,20260816,20300817,0.017691651864649452,0.05128750946726939,0.04675824839097334,0.0829873110567096,0.06655035378374721,0.11233280655666546,0.032612063549511246,0.8738709775501863,0.9655608312573143,0.0019132961587359117,0.016431227828333915,0.17909332250908216
train_cosine_eval_cosine,cosine,cosine,20260816,20300818,0.017691651864649452,0.05128750946726939,0.060893456090803294,0.08547810878889628,0.07762307111197968,0.10872596574583221,0.04724314929053278,0.9151036825469853,0.975796373818991,0.0019132961587359232,0.011671132855917454,0.15285435221536456
train_cosine_eval_cosine,cosine,cosine,20260816,20300819,0.017691651864649452,0.05128750946726939,0.04808456630632526,0.05759020444803383,0.04871245187918838,0.10917872598341569,0.05587433440406069,0.903168961579366,0.9732335724849783,0.001913296158736776,0.012966855635340313,0.1627260406969098
train_default_eval_default,default,default,20260817,20300810,0.18430512339539237,0.35922216668512846,0.059703535672479144,0.09452736748443481,0.07651280347403405,0.39509426524342905,0.08997230100841913,0.4525058703179443,0.7739376419921715,0.001675269273662788,0.11631909971076686,0.4437261358886116
train_default_eval_default,default,default,20260817,20300811,0.18430512339539237,0.35922216668512846,0.07576259194353156,0.07965345612088597,0.08617875826361948,0.3904314838268669,0.0730310780814901,0.49815985804253443,0.7741051973771563,0.0016752692736628169,0.11355836296611314,0.4389453489045012
train_default_eval_default,default,default,20260817,20300812,0.18430512339539237,0.35922216668512846,0.06918953702575138,0.09230545066925655,0.09048187092565202,0.39901772329784346,0.11552261053043311,0.48239943155137155,0.7733344537630344,0.0016752692736627325,0.11789563341774649,0.4532839901310223
train_default_eval_default,default,default,20260817,20300813,0.18430512339539237,0.35922216668512846,0.07797341635269103,0.12874066578152998,0.11997298033899029,0.38789905544290515,0.07083759772541999,0.47805826643147364,0.7742266802997861,0.0016752692736626597,0.11308540711094017,0.43549812715064534
train_default_eval_default,default,default,20260817,20300814,0.18430512339539237,0.35922216668512846,0.05940183669314527,0.09018187770884152,0.09381953280737858,0.40266465955888664,0.08194489105113915,0.4951296363002895,0.7799181498724679,0.001675269273662958,0.11032975216652748,0.43948518965115735
train_default_eval_default,default,default,20260817,20300815,0.18430512339539237,0.35922216668512846,0.05905801188937983,0.0861282174833405,0.08543447731119606,0.3861955274094444,0.09294947094762655,0.5455985240416219,0.7857607672830302,0.0016752692736628494,0.10328866532876443,0.4094151754488811
train_default_eval_default,default,default,20260817,20300816,0.18430512339539237,0.35922216668512846,0.06732434713042339,0.06825471904723614,0.07196202358498545,0.3994903179495937,0.10849696157147233,0.473292611607595,0.7679340414779805,0.0016752692736629292,0.12375411934153042,0.47163651500862747
train_default_eval_default,default,default,20260817,20300817,0.18430512339539237,0.35922216668512846,0.05893433456825482,0.07807013081186044,0.08086533210824022,0.4079148845010744,0.10560603620662508,0.4624569966306999,0.7593316027540797,0.0016752692736626458,0.12272793932148199,0.45981849592886526
train_default_eval_default,default,default,20260817,20300818,0.18430512339539237,0.35922216668512846,0.07547681878195447,0.07071024800788252,0.08520964467861163,0.3780900164977795,0.06254742203556636,0.523313498843186,0.7873033725447129,0.001675269273662995,0.10623164205156885,0.41749163126932337
train_default_eval_default,default,default,20260817,20300819,0.18430512339539237,0.35922216668512846,0.05808931880787382,0.07899549238599461,0.07824549149396363,0.38344882889614773,0.11848835468845109,0.49406348322756327,0.7780490676759696,0.0016752692736630795,0.11894506841384207,0.4579090799804614
train_default_eval_smoothstep,default,smoothstep,20260817,20300810,0.13399991625481036,0.36269153226723017,0.05887330076703024,0.08876929018158669,0.07012360010937181,1.1566482976335903,0.0810703015605352,0.4525058703179441,0.8374801189200397,0.001675269273662788,0.08545011384625205,0.3596713891766149
train_default_eval_smoothstep,default,smoothstep,20260817,20300811,0.13399991625481036,0.36269153226723017,0.06841700109151876,0.07143963750889627,0.06311580529185824,1.2146714092781203,0.05146789623338216,0.49815985804253443,0.8410417039070579,0.0016752692736628169,0.07909276826848974,0.34621738344559366
train_default_eval_smoothstep,default,smoothstep,20260817,20300812,0.13399991625481036,0.36269153226723017,0.06568366500722995,0.08178112184813062,0.06609087336133117,1.191530375186106,0.06842858564107863,0.48239943155137155,0.8387379900717556,0.0016752692736627325,0.08401985623249789,0.36096826958248285
train_default_eval_smoothstep,default,smoothstep,20260817,20300813,0.13399991625481036,0.36269153226723017,0.07750437238972714,0.12019851078690712,0.09618015000985407,1.1503402202814057,0.06031092770669988,0.47805826643147364,0.8397760936160807,0.0016752692736626597,0.08118570600234529,0.35036255734303934
train_default_eval_smoothstep,default,smoothstep,20260817,20300814,0.13399991625481036,0.36269153226723017,0.053264003273374355,0.07930428797187954,0.06340472370726406,1.2219689181753635,0.04816744262742412,0.4951296363002896,0.8430176731228973,0.001675269273662958,0.0792714418573787,0.3559706683907521
train_default_eval_smoothstep,default,smoothstep,20260817,20300815,0.13399991625481036,0.36269153226723017,0.05718286250061495,0.08029038314109987,0.058914578881510436,1.239237017144758,0.05189477342625911,0.5455985240416219,0.8539240121190794,0.0016752692736628494,0.07297150056695569,0.32818907076290477
train_default_eval_smoothstep,default,smoothstep,20260817,20300816,0.13399991625481036,0.36269153226723017,0.06206400471493341,0.0586464721118114,0.05763836131470538,1.1382022561955578,0.062027329103419626,0.4732926116075948,0.8346336079274964,0.0016752692736629292,0.08816509872846293,0.3737046139695088
train_default_eval_smoothstep,default,smoothstep,20260817,20300817,0.13399991625481036,0.36269153226723017,0.050515962457344285,0.06971357309575132,0.059555593502894334,1.1827757008290205,0.07194306782988323,0.46245699663069983,0.8313996031286198,0.0016752692736626458,0.08952623719698807,0.3737865454844226
train_default_eval_smoothstep,default,smoothstep,20260817,20300818,0.13399991625481036,0.36269153226723017,0.06712874289141817,0.06513374181386795,0.08114779310498364,1.149925383027591,0.05919508499220594,0.5233134988431861,0.8512415148155101,0.001675269273662995,0.07488816416121447,0.3305258661111745
train_default_eval_smoothstep,default,smoothstep,20260817,20300819,0.13399991625481036,0.36269153226723017,0.05465422128829468,0.06812305712804063,0.05757759432647513,1.2431450698731883,0.0797762428690501,0.49406348322756327,0.8427865645818373,0.0016752692736630795,0.08583339488248277,0.3654067680395933
train_default_eval_cosine,default,cosine,20260817,20300810,0.12900624662860985,0.3675665966215389,0.058905884462335883,0.08820125426845589,0.0701129098761495,1.2514192176632641,0.07893731275009326,0.4525058703179441,0.8436269531708837,0.001675269273662788,0.08260349905141626,0.3495451462421712
train_default_eval_cosine,default,cosine,20260817,20300811,0.12900624662860985,0.3675665966215389,0.0677445323663155,0.07060856889128946,0.06558737474734914,1.2982562697857247,0.05114986991890171,0.4981598580425343,0.8476377730541618,0.0016752692736628169,0.07591809752632814,0.33517613233598975
train_default_eval_cosine,default,cosine,20260817,20300812,0.12900624662860985,0.3675665966215389,0.06551402697715385,0.08059288664448364,0.06889662056779437,1.2671276508893232,0.06099063068112529,0.4823994315513711,0.8452396599900365,0.0016752692736627325,0.08090095212236266,0.34997282489381254
train_default_eval_cosine,default,cosine,20260817,20300813,0.12900624662860985,0.3675665966215389,0.07719589847399394,0.11886685227209785,0.10179728970058749,1.209473358300209,0.062285655790527354,0.47805826643147353,0.8461559009682226,0.0016752692736626597,0.07819128645073577,0.3398534345599146
train_default_eval_cosine,default,cosine,20260817,20300814,0.12900624662860985,0.3675665966215389,0.05276927471765324,0.07776061482903579,0.06586482479565192,1.2933374417811443,0.04789966536173088,0.49512963630028917,0.8491982173269589,0.001675269273662958,0.07635781203209666,0.3457931303485018
train_default_eval_cosine,default,cosine,20260817,20300815,0.12900624662860985,0.3675665966215389,0.056971593837780374,0.07926151004436481,0.06400106195805037,1.323866194920186,0.05212058631967384,0.5455985240416219,0.8603010140062294,0.0016752692736628494,0.07016657687170098,0.31848792897416933
train_default_eval_cosine,default,cosine,20260817,20300816,0.12900624662860985,0.3675665966215389,0.06170058645859697,0.05809957720915849,0.055312981555019604,1.2080232283404355,0.059885378174810155,0.4732926116075949,0.8412560422072541,0.0016752692736629292,0.0849107876054506,0.362298912062791
train_default_eval_cosine,default,cosine,20260817,20300817,0.12900624662860985,0.3675665966215389,0.049840663847866964,0.06855581609650484,0.05895068916374102,1.2740953346289752,0.06866441273132462,0.4624569966306996,0.8382097780176648,0.0016752692736626458,0.08639886798767746,0.3631806387915533
train_default_eval_cosine,default,cosine,20260817,20300818,0.12900624662860985,0.3675665966215389,0.06677506702734645,0.06504213888023012,0.081075414194417,1.2010261673625529,0.06324948619632971,0.5233134988431859,0.8573686925026978,0.001675269273662995,0.07201790370314208,0.32027322124767055
train_default_eval_cosine,default,cosine,20260817,20300819,0.12900624662860985,0.3675665966215389,0.05461256046363778,0.06687014308527087,0.059495270924924536,1.3703885230117694,0.07895914565004837,0.49406348322756327,0.8491049692129614,0.0016752692736630795,0.08281442164248405,0.3546022881221937
train_smoothstep_eval_default,smoothstep,default,20260817,20300810,0.1947711316390178,0.37943347423063484,0.0600356124298917,0.10073938202615264,0.07183441252711974,0.2766019091361685,0.04277412957232144,0.4425367796154939,0.7658597314721152,0.0013649762389720335,0.11748752574410251,0.43224127523579325
train_smoothstep_eval_default,smoothstep,default,20260817,20300811,0.1947711316390178,0.37943347423063484,0.06891162909650236,0.07327698742987084,0.05840743997304937,0.28301701192762196,0.04400448880382299,0.5112254416439727,0.7709219621886754,0.0013649762389721098,0.11466418769757854,0.43244255395632203
train_smoothstep_eval_default,smoothstep,default,20260817,20300812,0.1947711316390178,0.37943347423063484,0.07960216217343644,0.09370792962789055,0.07406441371576811,0.2766730063451624,0.04220565789555453,0.45157743536025696,0.760485848821625,0.0013649762389720808,0.11892841209368399,0.43476838294635395
train_smoothstep_eval_default,smoothstep,default,20260817,20300813,0.1947711316390178,0.37943347423063484,0.07574308888543536,0.10563463852004223,0.08881986721125278,0.28031161630395707,0.04924835798101871,0.44779541137386425,0.7666066345302652,0.0013649762389718715,0.11411000538993943,0.4228562768295248
train_smoothstep_eval_default,smoothstep,default,20260817,20300814,0.1947711316390178,0.37943347423063484,0.056428167238902024,0.08915314443160861,0.07241972733591062,0.2792206811125681,0.049390966583023506,0.47881966941913756,0.7674016979701492,0.001364976238972126,0.11507012182430776,0.43291019273117015
train_smoothstep_eval_default,smoothstep,default,20260817,20300815,0.1947711316390178,0.37943347423063484,0.05727936399135769,0.07361282960679066,0.05503173293176485,0.2750757247005051,0.041588204361846286,0.4977950714357423,0.7748902340312415,0.001364976238971897,0.10699725439066574,0.39997692516490535
train_smoothstep_eval_default,smoothstep,default,20260817,20300816,0.1947711316390178,0.37943347423063484,0.06602175031363668,0.08910828942940958,0.06378776816934713,0.2760410234690028,0.05623678609253801,0.4700628268678733,0.7666557283149651,0.0013649762389720537,0.12336276609568589,0.4569058288811375
train_smoothstep_eval_default,smoothstep,default,20260817,20300817,0.1947711316390178,0.37943347423063484,0.05848664875241273,0.10687722628827505,0.08442107180356284,0.27816691664523213,0.045232584515603434,0.4335388503411317,0.7389275212159069,0.0013649762389718126,0.1270860980565623,0.44820153307257743
train_smoothstep_eval_default,smoothstep,default,20260817,20300818,0.1947711316390178,0.37943347423063484,0.07293385915291425,0.09398844746497503,0.08468521549494397,0.2761988566424508,0.06424737612296563,0.5037299916401914,0.776118960504028,0.0013649762389721328,0.1098695816456898,0.415853592953258
train_smoothstep_eval_default,smoothstep,default,20260817,20300819,0.1947711316390178,0.37943347423063484,0.05984292774143535,0.0855216917845338,0.06790145276237572,0.28160676280423763,0.060352383029464496,0.4702486095750953,0.7687343671009635,0.0013649762389724145,0.11894148865085204,0.44060337991231774
train_smoothstep_eval_smoothstep,smoothstep,smoothstep,20260817,20300810,0.14059536051070054,0.37684316333643575,0.058495579297596356,0.09800625829797488,0.07472509781306491,0.4972049688262538,0.045166885570389885,0.4425367796154939,0.8327997034131783,0.0013649762389720335,0.08628402597812085,0.3508615917848231
train_smoothstep_eval_smoothstep,smoothstep,smoothstep,20260817,20300811,0.14059536051070054,0.37684316333643575,0.060308162856676124,0.0654075795449497,0.053896605327192613,0.5032285886524932,0.04913087643204638,0.5112254416439727,0.8392455682401841,0.0013649762389721098,0.07905015385169464,0.3409793194549452
train_smoothstep_eval_smoothstep,smoothstep,smoothstep,20260817,20300812,0.14059536051070054,0.37684316333643575,0.07481420496620189,0.08130083257607106,0.06452615950434083,0.4904027514085926,0.04229420219706276,0.45157743536025696,0.8293974032778229,0.0013649762389720808,0.0838286688013648,0.34284511484926417
train_smoothstep_eval_smoothstep,smoothstep,smoothstep,20260817,20300813,0.14059536051070054,0.37684316333643575,0.0731200873552228,0.0977106073055438,0.0924090801847895,0.49010420121593756,0.04244172683433708,0.44779541137386425,0.8330047825909412,0.0013649762389718715,0.08140816993838611,0.3366000343688381
train_smoothstep_eval_smoothstep,smoothstep,smoothstep,20260817,20300814,0.14059536051070054,0.37684316333643575,0.052205164412875024,0.07950464793192479,0.057195452345770705,0.4947413522979731,0.03498776075886153,0.47881966941913756,0.8341198524212089,0.001364976238972126,0.08330313079324911,0.35235530449790564
train_smoothstep_eval_smoothstep,smoothstep,smoothstep,20260817,20300815,0.14059536051070054,0.37684316333643575,0.055295159034171516,0.06560424728753235,0.052153562606413094,0.5056195983809568,0.03419494107984047,0.4977950714357423,0.8423329597374446,0.001364976238971897,0.0759971962223964,0.3198152522294454
train_smoothstep_eval_smoothstep,smoothstep,smoothstep,20260817,20300816,0.14059536051070054,0.37684316333643575,0.05937473164989121,0.07017674523450831,0.05580382938275929,0.4916603391591774,0.04227062644621019,0.4700628268678733,0.8348463849977243,0.0013649762389720537,0.08825267960121766,0.36195216692630594
train_smoothstep_eval_smoothstep,smoothstep,smoothstep,20260817,20300817,0.14059536051070054,0.37684316333643575,0.049517818863656624,0.09921523116825921,0.06487123110207853,0.4959841078688185,0.032826698231790734,0.4335388503411317,0.8188642224566808,0.0013649762389718126,0.09326880366837023,0.36683787982423477
train_smoothstep_eval_smoothstep,smoothstep,smoothstep,20260817,20300818,0.14059536051070054,0.37684316333643575,0.06561012949458336,0.08974483054712185,0.07562677034918075,0.5011647409824334,0.04830433618852777,0.5037299916401914,0.8428050125260093,0.0013649762389721328,0.07779075526388848,0.33063638487620384
train_smoothstep_eval_smoothstep,smoothstep,smoothstep,20260817,20300819,0.14059536051070054,0.37684316333643575,0.05611929017320311,0.0760393394511986,0.06197271242147651,0.49699044097342837,0.04466981975988069,0.4702486095750953,0.8354414924218577,0.0013649762389724145,0.08608099306383654,0.3523730586283662
train_smoothstep_eval_cosine,smoothstep,cosine,20260817,20300810,0.13644280249477198,0.3904434147481786,0.058460104853699124,0.09741222825300078,0.07528951847301514,0.5286002416128,0.04669181129561525,0.44253677961549376,0.8392876199189183,0.0013649762389720335,0.08341324320704577,0.34120579572611537
train_smoothstep_eval_cosine,smoothstep,cosine,20260817,20300811,0.13644280249477198,0.3904434147481786,0.05949653441530014,0.06481948984813742,0.05385598476161683,0.5340348689016214,0.04849245208104131,0.5112254416439724,0.8461780679135327,0.0013649762389721098,0.07574569075667836,0.3301114201223462
train_smoothstep_eval_cosine,smoothstep,cosine,20260817,20300812,0.13644280249477198,0.3904434147481786,0.07445948613852987,0.0797500043534813,0.06501378123719331,0.5214297859161532,0.0438779545496677,0.4515774353602567,0.8362550410699002,0.0013649762389720808,0.08060827746262211,0.3320680795963097
train_smoothstep_eval_cosine,smoothstep,cosine,20260817,20300813,0.13644280249477198,0.3904434147481786,0.0728794699782932,0.09657839285535215,0.09419310230468259,0.5203271265119866,0.04206746194239102,0.4477954113738639,0.8394851176594299,0.0013649762389718715,0.07837443318202073,0.32615393899256745
train_smoothstep_eval_cosine,smoothstep,cosine,20260817,20300814,0.13644280249477198,0.3904434147481786,0.05184739812803065,0.07814014461040396,0.057466847356407315,0.5258907998877185,0.033725600425345795,0.47881966941913756,0.8407990694214371,0.001364976238972126,0.08032512210152908,0.3427470488678515
train_smoothstep_eval_cosine,smoothstep,cosine,20260817,20300815,0.13644280249477198,0.3904434147481786,0.055208831871084586,0.06460049896668718,0.053233345886317694,0.5372282327260596,0.03624330229192004,0.4977950714357421,0.8487965400843974,0.001364976238971897,0.07313803186814456,0.3103561495817168
train_smoothstep_eval_cosine,smoothstep,cosine,20260817,20300816,0.13644280249477198,0.3904434147481786,0.05900543045338146,0.06893311868961693,0.055379479142416345,0.5222860500937329,0.04013212084864174,0.4700628268678733,0.8415150244773348,0.0013649762389720537,0.08506371066825545,0.35097334560906124
train_smoothstep_eval_cosine,smoothstep,cosine,20260817,20300817,0.13644280249477198,0.3904434147481786,0.04886594665178792,0.09783013867770522,0.06461378117637581,0.52667505718762,0.03185484529538254,0.43353885034113127,0.8264351474378925,0.0013649762389718126,0.09003215106640539,0.3566939445697181
train_smoothstep_eval_cosine,smoothstep,cosine,20260817,20300818,0.13644280249477198,0.3904434147481786,0.06528934616721797,0.08920830866026257,0.0760016106311047,0.5322682053121311,0.048447863244313626,0.5037299916401913,0.8493182535035576,0.0013649762389721328,0.07483165065599393,0.32064490287304215
train_smoothstep_eval_cosine,smoothstep,cosine,20260817,20300819,0.13644280249477198,0.3904434147481786,0.055951355557985694,0.07480025602799244,0.06192478558754073,0.5281354412149784,0.04652807341748514,0.4702486095750951,0.8419975017516619,0.0013649762389724145,0.0830820861235432,0.34223430012408207
train_cosine_eval_default,cosine,default,20260817,20300810,0.19838023497950177,0.38643297027228424,0.059982818988682865,0.09986738875034296,0.07031082349131355,0.28673185040105964,0.04427538920802848,0.43812761555429225,0.7630791313430938,0.0014013506761430313,0.11890320718686487,0.43290632017927055
train_cosine_eval_default,cosine,default,20260817,20300811,0.19838023497950177,0.38643297027228424,0.06898641107801196,0.0721516454194363,0.05750161531580401,0.29260704025171486,0.041137386919785975,0.5063191873509646,0.7681890499042777,0.0014013506761431278,0.11620474009768786,0.43330028860222863
train_cosine_eval_default,cosine,default,20260817,20300812,0.19838023497950177,0.38643297027228424,0.08006380882408784,0.09255212044433736,0.07245738868120583,0.2861070550445515,0.04688012719774843,0.4465266781931574,0.7574635129853163,0.0014013506761431233,0.12062906514483687,0.43651106588143396
train_cosine_eval_default,cosine,default,20260817,20300813,0.19838023497950177,0.38643297027228424,0.07674470347134606,0.10639968529486026,0.09026999774525636,0.2891852184298558,0.04733318426413602,0.4430125972875526,0.7636436738933498,0.0014013506761428895,0.11551759301046349,0.4231631199355679
train_cosine_eval_default,cosine,default,20260817,20300814,0.19838023497950177,0.38643297027228424,0.056288537466802666,0.0883629442902993,0.07081501142904216,0.288566979900972,0.04795802280291794,0.4732200619493598,0.7642625732032226,0.0014013506761430816,0.11663380058943895,0.4340329787688046
train_cosine_eval_default,cosine,default,20260817,20300815,0.19838023497950177,0.38643297027228424,0.05782278632448703,0.07302545897899473,0.05400014352976203,0.2856892413014371,0.041132009145758056,0.49212245369302743,0.7716412502448817,0.0014013506761428617,0.10867675413977895,0.40135022513277824
train_cosine_eval_default,cosine,default,20260817,20300816,0.19838023497950177,0.38643297027228424,0.06626766712072929,0.08886523778674005,0.06335402202424663,0.2860998121849655,0.058331238762904254,0.4650867407700097,0.7639033615719669,0.0014013506761430335,0.12471167917193889,0.4567755578079626
train_cosine_eval_default,cosine,default,20260817,20300817,0.19838023497950177,0.38643297027228424,0.058886441694027604,0.10646056299183888,0.08257208021290934,0.28777801809215164,0.04655519261049348,0.4291950565423162,0.7361584540942807,0.0014013506761428156,0.12861551964526027,0.44909113374679877
train_cosine_eval_default,cosine,default,20260817,20300818,0.19838023497950177,0.38643297027228424,0.07299762891450452,0.09393945739631904,0.08465138677189347,0.2861387062695779,0.05694179748981468,0.49860925870652933,0.7728854685926121,0.0014013506761430792,0.1113223731646886,0.4163978728316141
train_cosine_eval_default,cosine,default,20260817,20300819,0.19838023497950177,0.38643297027228424,0.05996850167217058,0.08508851251534522,0.06718736559161799,0.29038402963809923,0.05867143089203806,0.4658636132686586,0.7658050999407948,0.0014013506761433887,0.12046125389033395,0.4410131488105047
train_cosine_eval_smoothstep,cosine,smoothstep,20260817,20300810,0.14324610855220976,0.38429675642552047,0.05843253719754221,0.09753445412325312,0.07448665902670304,0.4985538526530108,0.04401776804676443,0.43812761555429225,0.8307868824255126,0.0014013506761430313,0.08731239574652278,0.3516934422451673
train_cosine_eval_smoothstep,cosine,smoothstep,20260817,20300811,0.14324610855220976,0.38429675642552047,0.060481061664600655,0.06435395443458165,0.052576884391963556,0.5026933691154029,0.04998265946857546,0.5063191873509646,0.8371724439401393,0.0014013506761431278,0.08015556808057364,0.3420299627647722
train_cosine_eval_smoothstep,cosine,smoothstep,20260817,20300812,0.14324610855220976,0.38429675642552047,0.07535812154665836,0.08028695943807,0.06487730356805134,0.4896119045894515,0.04421928001931905,0.4465266781931574,0.8271330776395084,0.0014013506761431233,0.0850279897286032,0.3445960300523542
train_cosine_eval_smoothstep,cosine,smoothstep,20260817,20300813,0.14324610855220976,0.38429675642552047,0.07391534050956204,0.09856060365434449,0.09256935636018661,0.4902628318739757,0.04408847892888617,0.4430125972875526,0.8309064200056678,0.0014013506761428895,0.08238051536398949,0.3371044230856008
train_cosine_eval_smoothstep,cosine,smoothstep,20260817,20300814,0.14324610855220976,0.38429675642552047,0.05206310836171605,0.07862448453659164,0.058042282988697395,0.4950405398436176,0.033556531756592185,0.4732200619493598,0.8319026714108917,0.0014013506761430816,0.08445337663086969,0.35370670123035886
train_cosine_eval_smoothstep,cosine,smoothstep,20260817,20300815,0.14324610855220976,0.38429675642552047,0.05573210708029871,0.06492393113936236,0.050673687040558614,0.5061217984251585,0.03788206869439395,0.49212245369302743,0.8399584370378499,0.0014013506761428617,0.07729972471817884,0.32158351090130577
train_cosine_eval_smoothstep,cosine,smoothstep,20260817,20300816,0.14324610855220976,0.38429675642552047,0.05953102613255361,0.06966669077585434,0.05396548754269759,0.4916681764119504,0.04121679540881931,0.4650867407700097,0.8329083148194346,0.0014013506761430335,0.08915896661219479,0.36185323640838646
train_cosine_eval_smoothstep,cosine,smoothstep,20260817,20300817,0.14324610855220976,0.38429675642552047,0.04977064156355185,0.09895569951141812,0.06516735698059906,0.49625021299182775,0.03414107338975791,0.4291950565423162,0.8169629365463864,0.0014013506761428156,0.09438674957856158,0.3679416725012686
train_cosine_eval_smoothstep,cosine,smoothstep,20260817,20300818,0.14324610855220976,0.38429675642552047,0.0657421435879019,0.0898816183493069,0.07530168831936244,0.5023645877303058,0.05235817955153602,0.49860925870652933,0.8406187800985556,0.0014013506761430792,0.07881102890739147,0.33137857324479525
train_cosine_eval_smoothstep,cosine,smoothstep,20260817,20300819,0.14324610855220976,0.38429675642552047,0.05605919329485505,0.07578565465565322,0.06166369100274926,0.49777648639514305,0.04372144675349194,0.4658636132686586,0.8333714124582077,0.0014013506761433887,0.08720188399313403,0.3531918065770969
train_cosine_eval_cosine,cosine,cosine,20260817,20300810,0.13901737234814757,0.39908893617944285,0.05839853708832391,0.09698265021493362,0.07551257202611095,0.5376657443922565,0.04527821101629095,0.4381276155542921,0.8373917150105793,0.0014013506761430313,0.0843984605593908,0.34202354699774873
train_cosine_eval_cosine,cosine,cosine,20260817,20300811,0.13901737234814757,0.39908893617944285,0.059677760463490555,0.0638075056532632,0.053382363888319094,0.5408275952638504,0.05010132263013356,0.5063191873509644,0.8442120415815373,0.0014013506761431278,0.07680152924662295,0.3311378551523386
train_cosine_eval_cosine,cosine,cosine,20260817,20300812,0.13901737234814757,0.39908893617944285,0.0750121422437887,0.07875709217423188,0.06545849949902048,0.5277173129828783,0.04459784215156635,0.4465266781931571,0.8341058958078881,0.0014013506761431233,0.08175339165804615,0.3337844382718206
train_cosine_eval_cosine,cosine,cosine,20260817,20300813,0.13901737234814757,0.39908893617944285,0.07365971792407162,0.09743645549920188,0.09438292077343265,0.5280737631586746,0.04440178496832043,0.4430125972875521,0.8375045958918077,0.0014013506761428895,0.0792983578554796,0.32664226253470224
train_cosine_eval_cosine,cosine,cosine,20260817,20300814,0.13901737234814757,0.39908893617944285,0.05169979303725214,0.0772523000227869,0.0582984221987968,0.5336249458711467,0.032723739573373774,0.4732200619493596,0.8386993997421157,0.0014013506761430816,0.08143033409915915,0.3440887321709668
train_cosine_eval_cosine,cosine,cosine,20260817,20300815,0.13901737234814757,0.39908893617944285,0.05562976644234956,0.06392476418013893,0.051769608495115256,0.5448213303938872,0.03932668687909285,0.4921224536930271,0.8465371506660613,0.0014013506761428617,0.07439644409322532,0.3121331425070288
train_cosine_eval_cosine,cosine,cosine,20260817,20300816,0.13901737234814757,0.39908893617944285,0.05916179536238141,0.06839255760577413,0.05459245712779748,0.5301307268279573,0.038276400472926325,0.46508674077000944,0.8396829359613868,0.0014013506761430335,0.08592547155822364,0.3508527464224688
train_cosine_eval_cosine,cosine,cosine,20260817,20300817,0.13901737234814757,0.39908893617944285,0.04911023150693471,0.09758303709045545,0.06473029969135188,0.5342984103147093,0.033401443802663945,0.4291950565423162,0.8246471889348068,0.0014013506761428156,0.0911032855096924,0.3577795664157493
train_cosine_eval_cosine,cosine,cosine,20260817,20300818,0.13901737234814757,0.39908893617944285,0.06542610771949203,0.08934593125562407,0.07594652499275101,0.5412414939195019,0.05198067811504589,0.49860925870652933,0.8472612305881245,0.0014013506761430792,0.07580540675326176,0.32137859989126244
train_cosine_eval_cosine,cosine,cosine,20260817,20300819,0.13901737234814757,0.39908893617944285,0.05587359277181962,0.07456734927370305,0.0616132887959348,0.5361346034218083,0.04437155382512619,0.46586361326865827,0.8400460939410255,0.0014013506761433887,0.0841577466632796,0.3430578823401334
train_default_eval_default,default,default,20260818,20300810,0.018402981780673282,0.03555420559791371,0.05827359536594331,0.04927903703421437,0.06106700193629273,0.10990246763691094,0.020014348565387984,0.9369029272672045,0.9763766383571102,0.0012585745274340454,0.012129806125577175,0.17396079640177928
train_default_eval_default,default,default,20260818,20300811,0.018402981780673282,0.03555420559791371,0.05970634279164405,0.06526239590821974,0.05474827921845125,0.10960296303755018,0.05196099422003997,0.9374717203238355,0.9759237052430867,0.0012585745274338912,0.012260286722929756,0.17719486275654098
train_default_eval_default,default,default,20260818,20300812,0.018402981780673282,0.03555420559791371,0.05897559608464788,0.06385002639974592,0.05647656175841639,0.11524136590307624,0.04196076826408338,0.9298631457548332,0.9724258528813549,0.0012585745274335616,0.014053120161148593,0.19106383994288206
train_default_eval_default,default,default,20260818,20300813,0.018402981780673282,0.03555420559791371,0.05276749531053046,0.08172097481170755,0.06490627713204887,0.1091135425568466,0.028584613212490537,0.9318029058877103,0.9742700588322183,0.0012585745274340575,0.013120835577073284,0.18338744616182617
train_default_eval_default,default,default,20260818,20300814,0.018402981780673282,0.03555420559791371,0.05334597979238232,0.06387198648024345,0.06109472517111736,0.11489470203647839,0.025840979043956255,0.9307333386997589,0.9741960562088776,0.0012585745274346035,0.013322941723958509,0.19206237757770628
train_default_eval_default,default,default,20260818,20300815,0.018402981780673282,0.03555420559791371,0.05659989914999222,0.05123187233359283,0.04591238556448632,0.11193333714176947,0.03416372011611867,0.9222571460466695,0.9696158862688613,0.001258574527434895,0.015637598164201957,0.19519164542188272
train_default_eval_default,default,default,20260818,20300816,0.018402981780673282,0.03555420559791371,0.058633385642666694,0.0576987318976589,0.052358432142380264,0.11184273941883244,0.03811622306343274,0.9320395737512244,0.9740934432354191,0.0012585745274346501,0.013174363143725198,0.18762950578824109
train_default_eval_default,default,default,20260818,20300817,0.018402981780673282,0.03555420559791371,0.05104898048845785,0.07265315183674242,0.05720810234800234,0.1079803371147467,0.05253970545581724,0.9321412499932328,0.9734528046530844,0.0012585745274342728,0.01364529192442876,0.1834719202982182
train_default_eval_default,default,default,20260818,20300818,0.018402981780673282,0.03555420559791371,0.06585747085583897,0.09166721220739897,0.07553553113357907,0.11152604109700803,0.028318521007072727,0.9374765164190985,0.9744385942742418,0.0012585745274348256,0.01304073087882426,0.1798737839706958
train_default_eval_default,default,default,20260818,20300819,0.018402981780673282,0.03555420559791371,0.04517871325405133,0.06700695191840812,0.05245993591719907,0.1117551742917412,0.03516191551770314,0.9353844074512743,0.9743219625491693,0.0012585745274340462,0.013061508454164797,0.18169803276327134
train_default_eval_smoothstep,default,smoothstep,20260818,20300810,0.013632567649816893,0.04140308043560298,0.05822509405035256,0.05252079333945805,0.06469547472263186,0.08868143655104518,0.023283637211238106,0.9369029272672047,0.9827925323244202,0.0012588605131707454,0.00883742392433541,0.13740148086150622
train_default_eval_smoothstep,default,smoothstep,20260818,20300811,0.013632567649816893,0.04140308043560298,0.05746493203138728,0.06335459820008817,0.053450647251384494,0.08699227932554782,0.03901236004112615,0.9374717203238355,0.9827167891424944,0.0012588774185265197,0.008779734651429495,0.13814551813620474
train_default_eval_smoothstep,default,smoothstep,20260818,20300812,0.013632567649816893,0.04140308043560298,0.05844101838697009,0.06097859098946281,0.054028322019139007,0.08789734261436008,0.04724880804560753,0.9298631457548335,0.9799914606144544,0.0012588811766487834,0.010218863323051526,0.15153625228466858
train_default_eval_smoothstep,default,smoothstep,20260818,20300813,0.013632567649816893,0.04140308043560298,0.05187905802276672,0.07563744618112173,0.060356813767044055,0.08740730054475068,0.029328156825295288,0.9318029058877105,0.9811163002089909,0.0012588457458049033,0.009658143239452908,0.14576630114001313
train_default_eval_smoothstep,default,smoothstep,20260818,20300814,0.013632567649816893,0.04140308043560298,0.052039555418382934,0.058761643330424156,0.056103795649453704,0.08871335945286885,0.037877899165904956,0.9307333386997592,0.9811005786617712,0.0012588867849383175,0.00981476363490225,0.15309771041293424
train_default_eval_smoothstep,default,smoothstep,20260818,20300815,0.013632567649816893,0.04140308043560298,0.05779567451043894,0.048255083082822094,0.042464709381221495,0.08917851969384061,0.04308746778154437,0.9222571460466698,0.9772069361670903,0.001258879017800025,0.011751598386340656,0.15757143310572186
train_default_eval_smoothstep,default,smoothstep,20260818,20300816,0.013632567649816893,0.04140308043560298,0.05774963273816358,0.05553395465327363,0.04957090932744323,0.08855800770062798,0.035173662371619396,0.9320395737512247,0.9811773011739107,0.0012589014242292186,0.00959383032656028,0.14726708921350368
train_default_eval_smoothstep,default,smoothstep,20260818,20300817,0.013632567649816893,0.04140308043560298,0.04884236454656564,0.06945561113261221,0.06004870677914879,0.08775073190727775,0.044600595844378955,0.9321412499932327,0.9804288778568981,0.0012588673259329186,0.01000325360212472,0.14584900417170527
train_default_eval_smoothstep,default,smoothstep,20260818,20300818,0.013632567649816893,0.04140308043560298,0.06640415581904645,0.08517611481531996,0.07593040880081103,0.08716108084256885,0.03191227261777088,0.9374765164190985,0.981827053273802,0.0012588703507892655,0.009264083516923805,0.1406167097237442
train_default_eval_smoothstep,default,smoothstep,20260818,20300819,0.013632567649816893,0.04140308043560298,0.043476304584977046,0.06123537949717106,0.05354819645470704,0.08817307210465003,0.03893965715202039,0.9353844074512743,0.9817247575310237,0.0012588892467474363,0.00935915868225195,0.14267708444984684
train_default_eval_cosine,default,cosine,20260818,20300810,0.013231847451759891,0.054381463507969734,0.05825739727650281,0.052952496256459314,0.06217513058065,0.09447940763210111,0.02441641110265332,0.9369029272672045,0.9833358095478058,0.0012589000550164292,0.008562219179901558,0.13364734996932318
train_default_eval_cosine,default,cosine,20260818,20300811,0.013231847451759891,0.054381463507969734,0.05726891707113768,0.06314346410497418,0.05308525324120192,0.09279727112384063,0.039215231835589816,0.9374717203238351,0.9832876990402118,0.0012589194333117858,0.008489453304883588,0.13408770571040896
train_default_eval_cosine,default,cosine,20260818,20300812,0.013231847451759891,0.054381463507969734,0.05839538947381959,0.060708818055950076,0.054058537553541695,0.09371693053903235,0.046774282813504285,0.929863145754833,0.9806497098399399,0.0012589249122437664,0.009887662805281054,0.14737728506179434
train_default_eval_cosine,default,cosine,20260818,20300813,0.013231847451759891,0.054381463507969734,0.05180287347660354,0.07501148453078031,0.06326274695615276,0.09348005392102254,0.031147388915791774,0.9318029058877105,0.9817061107619132,0.0012588820618625745,0.009362213028022268,0.14180120287710168
train_default_eval_cosine,default,cosine,20260818,20300814,0.013231847451759891,0.054381463507969734,0.05188275353064761,0.05821793405512499,0.05493009761210136,0.09478526850572185,0.039084913813144995,0.9307333386997592,0.9816719563108982,0.0012589281890989408,0.009526909937308488,0.14904617784765103
train_default_eval_cosine,default,cosine,20260818,20300815,0.013231847451759891,0.054381463507969734,0.057829761597225054,0.04805254062533246,0.04252221282595479,0.09500044305949368,0.040780087003791904,0.9222571460466698,0.9778940019984355,0.0012589212694156062,0.011402408415896136,0.15359841930271237
train_default_eval_cosine,default,cosine,20260818,20300816,0.013231847451759891,0.054381463507969734,0.05763554607862641,0.055422256526517465,0.04980859065010412,0.09457426188176803,0.03356304289149202,0.9320395737512244,0.9817684171488803,0.0012589454437285617,0.009296954696342345,0.1430920755452879
train_default_eval_cosine,default,cosine,20260818,20300817,0.013231847451759891,0.054381463507969734,0.04874454833724714,0.06915637706935014,0.05810878542234624,0.09348038550560211,0.04078534825362771,0.9321412499932324,0.9810432175147923,0.001258907855642204,0.009685466239578585,0.1419616951771645
train_default_eval_cosine,default,cosine,20260818,20300818,0.013231847451759891,0.054381463507969734,0.06643495282528192,0.08445715953321671,0.07401638426043054,0.09303181041439477,0.03449286227757397,0.9374765164190985,0.9824594508468237,0.0012589124498882571,0.008943331604218474,0.13657244532293342
train_default_eval_cosine,default,cosine,20260818,20300819,0.013231847451759891,0.054381463507969734,0.04346324211566783,0.06066149915088248,0.05361860281095637,0.09410852921194,0.036654848015636406,0.9353844074512743,0.982360934758927,0.0012589334597518005,0.00904166966043337,0.13853017962928346
train_smoothstep_eval_default,smoothstep,default,20260818,20300810,0.02089197016531625,0.04039865224385342,0.058195495907858316,0.0540459695083324,0.0684264070658803,0.09556785385854873,0.02303307097426936,0.9275580601543841,0.9725173118616925,0.0015848387793741818,0.014433117723573849,0.19473270050661123
train_smoothstep_eval_default,smoothstep,default,20260818,20300811,0.02089197016531625,0.04039865224385342,0.06112167356698117,0.06554545230804383,0.056894506643676214,0.09532175866003874,0.04945658477879228,0.9336336528780548,0.972616558736725,0.001584909237759864,0.014305228197180428,0.19784758559185547
train_smoothstep_eval_default,smoothstep,default,20260818,20300812,0.02089197016531625,0.04039865224385342,0.0594853850223757,0.0627390741600525,0.05725355833548909,0.09453921393831258,0.04163263579448998,0.9223538466858715,0.9687214056512266,0.0015848315698277684,0.016363752770617135,0.21279149776444353
train_smoothstep_eval_default,smoothstep,default,20260818,20300813,0.02089197016531625,0.04039865224385342,0.054011419811617944,0.07581355384476211,0.06286354676441537,0.09453956462460272,0.029158404955234123,0.9206375236107105,0.9705235119056571,0.0015848696613830556,0.015425186838892348,0.20341017815378964
train_smoothstep_eval_default,smoothstep,default,20260818,20300814,0.02089197016531625,0.04039865224385342,0.054074632108031206,0.061484479627501254,0.058297376293904433,0.09684083435565406,0.02714069006316459,0.9212574586309817,0.9696340173716896,0.0015849003979639998,0.016026062085369143,0.21417943549968627
train_smoothstep_eval_default,smoothstep,default,20260818,20300815,0.02089197016531625,0.04039865224385342,0.05646732987776585,0.04897769661032766,0.04475488057765734,0.09604881634445184,0.03285366300512508,0.9112308038461894,0.9655886165044454,0.0015848848899777945,0.018204806745828927,0.21600665184211473
train_smoothstep_eval_default,smoothstep,default,20260818,20300816,0.02089197016531625,0.04039865224385342,0.058816615399710406,0.05664435118470598,0.050021928418789614,0.09458802718945326,0.03446727231075946,0.9209559879266004,0.9708822549662749,0.0015848752482087534,0.015217220736612866,0.20541932922105585
train_smoothstep_eval_default,smoothstep,default,20260818,20300817,0.02089197016531625,0.04039865224385342,0.05084601551764849,0.07746948732218928,0.05494394371703639,0.09602539763097515,0.04957287302980967,0.9167959931317828,0.9676534610641824,0.001584859170262356,0.016984500583487046,0.21175152020785837
train_smoothstep_eval_default,smoothstep,default,20260818,20300818,0.02089197016531625,0.04039865224385342,0.06541292848918698,0.0956307846930524,0.07264202666091356,0.09498103615949036,0.037013065760117564,0.929624662256414,0.9708012280845763,0.0015848661091034666,0.015259454129859653,0.2007478531844688
train_smoothstep_eval_default,smoothstep,default,20260818,20300819,0.02089197016531625,0.04039865224385342,0.0452780370546502,0.06749765302274487,0.05393033232369348,0.09482667842737297,0.03341622499900127,0.9264512157097011,0.9704843969481838,0.0015848466961608982,0.015401600195796774,0.2043587850376345
train_smoothstep_eval_smoothstep,smoothstep,smoothstep,20260818,20300810,0.01525217343322003,0.04404114592647135,0.057701808737267574,0.056784968115383284,0.06282745705979441,0.18074401886071328,0.02957002187127125,0.9275580601543841,0.9800447859841579,0.0015860436294536425,0.010489086040636659,0.15351151322081996
train_smoothstep_eval_smoothstep,smoothstep,smoothstep,20260818,20300811,0.01525217343322003,0.04404114592647135,0.0582330249622425,0.06348421417544753,0.05367470214921513,0.17591732393500636,0.038119923033254156,0.9336336528780548,0.9807104711855086,0.0015861525025689393,0.010051367060477837,0.15322439727747525
train_smoothstep_eval_smoothstep,smoothstep,smoothstep,20260818,20300812,0.01525217343322003,0.04404114592647135,0.05869419703388991,0.05958555094846992,0.05645738564188283,0.17621647092625692,0.04827655058667021,0.9223538466858715,0.9774592061542198,0.0015860612076454416,0.011770550187108278,0.1673084406245548
train_smoothstep_eval_smoothstep,smoothstep,smoothstep,20260818,20300813,0.01525217343322003,0.04404114592647135,0.05252397224355058,0.07056819287530397,0.06498734273766778,0.17497579256333676,0.03223654611312243,0.9206375236107105,0.9782871435531598,0.001586055343580374,0.011366321844544301,0.1604395289819953
train_smoothstep_eval_smoothstep,smoothstep,smoothstep,20260818,20300814,0.01525217343322003,0.04404114592647135,0.0525240229008303,0.05702249744154649,0.053091725406027725,0.18233451033289194,0.03210453831311593,0.9212574586309817,0.9778386045623566,0.0015861665195481,0.0117352137811186,0.17056374087610734
train_smoothstep_eval_smoothstep,smoothstep,smoothstep,20260818,20300815,0.01525217343322003,0.04404114592647135,0.05732522262889084,0.04632402785214466,0.04145804296571404,0.17362544946733668,0.038928559411108836,0.9112308038461894,0.9741564414511238,0.0015861188434143844,0.01367863838319302,0.17354664790084687
train_smoothstep_eval_smoothstep,smoothstep,smoothstep,20260818,20300816,0.01525217343322003,0.04404114592647135,0.05787258036823989,0.05509256840643826,0.04759357201485271,0.17653319216789432,0.03100736332863539,0.9209559879266004,0.9786848933069401,0.0015861283036738719,0.011147281732873519,0.16010912069520877
train_smoothstep_eval_smoothstep,smoothstep,smoothstep,20260818,20300817,0.01525217343322003,0.04404114592647135,0.048682575518652224,0.07365210805152293,0.057675467074195075,0.1739864414891566,0.045473360972274966,0.9167959931317828,0.9760150849455667,0.0015860594454823508,0.01254683582553072,0.16883337341309862
train_smoothstep_eval_smoothstep,smoothstep,smoothstep,20260818,20300818,0.01525217343322003,0.04404114592647135,0.06622537296237702,0.08882570313509357,0.0728329698390271,0.17522162255746138,0.03406234643525396,0.929624662256414,0.9792093263905715,0.0015861119736421633,0.010844113808240888,0.15704625059139235
train_smoothstep_eval_smoothstep,smoothstep,smoothstep,20260818,20300819,0.01525217343322003,0.04404114592647135,0.04336110027235955,0.06192986270503512,0.05239920158462963,0.1837418891208908,0.04052879538729054,0.9264512157097011,0.978898039310395,0.0015860680953649156,0.011046443826124623,0.1602821374060797
train_smoothstep_eval_cosine,smoothstep,cosine,20260818,20300810,0.014975418073683345,0.058949643638624,0.05770306916749656,0.057070376237957764,0.06556738470346324,0.21447914062249562,0.030793534231952493,0.9275580601543841,0.9806827822020067,0.0015865315645615355,0.01015991362588302,0.14929543028748493
train_smoothstep_eval_cosine,smoothstep,cosine,20260818,20300811,0.014975418073683345,0.058949643638624,0.05799725081185492,0.06329859265341264,0.05268715041393529,0.20891960685819733,0.03848735201959667,0.9336336528780548,0.9814055226007733,0.0015866679859388479,0.009691537684516291,0.14858701770595834
train_smoothstep_eval_cosine,smoothstep,cosine,20260818,20300812,0.014975418073683345,0.058949643638624,0.058637397193162924,0.05929511059189561,0.05544739662452034,0.20945491440330488,0.04776126035442285,0.9223538466858714,0.978223764477514,0.0015865504147317883,0.011374827208083046,0.16256301425066863
train_smoothstep_eval_cosine,smoothstep,cosine,20260818,20300813,0.014975418073683345,0.058949643638624,0.05241858999252837,0.07007801175242163,0.06539153789777898,0.206619478838448,0.03198122140478755,0.9206375236107103,0.9789536934651688,0.0015865532460708851,0.011022699715538382,0.1559644337406349
train_smoothstep_eval_cosine,smoothstep,cosine,20260818,20300814,0.014975418073683345,0.058949643638624,0.052336936445219126,0.05658018968845736,0.05246457430972947,0.21677201597991747,0.033332149361307975,0.9212574586309817,0.9785405049523052,0.001586692413888919,0.011374108176367264,0.16601844075533367
train_smoothstep_eval_cosine,smoothstep,cosine,20260818,20300815,0.014975418073683345,0.058949643638624,0.057333354659360125,0.04622506224822003,0.04189181527417066,0.20444832636473537,0.04008933860683651,0.9112308038461892,0.9749278869799636,0.001586626075512872,0.013276717471695487,0.169128378758057
train_smoothstep_eval_cosine,smoothstep,cosine,20260818,20300816,0.014975418073683345,0.058949643638624,0.057760795721930464,0.05510508174441838,0.048254268148191275,0.2085753906290307,0.03141156875355098,0.9209559879266003,0.9793285092285725,0.0015866313174720485,0.01081644629582097,0.15551087491534724
train_smoothstep_eval_cosine,smoothstep,cosine,20260818,20300817,0.014975418073683345,0.058949643638624,0.04860040649253579,0.0732059971242874,0.05577594773386629,0.20546681809320613,0.04396598889733283,0.9167959931317825,0.9767562869678708,0.0015865414949386932,0.012158821912341706,0.16439899954624987
train_smoothstep_eval_cosine,smoothstep,cosine,20260818,20300818,0.014975418073683345,0.058949643638624,0.06626902304448612,0.0880335014387657,0.07009395762656852,0.20732500352943825,0.03512410644714986,0.9296246622564143,0.9799360671138431,0.0015866186271180892,0.010467951954308502,0.15257475480960275
train_smoothstep_eval_cosine,smoothstep,cosine,20260818,20300819,0.014975418073683345,0.058949643638624,0.043330582439143644,0.0613337623680521,0.052673911870632945,0.22075899989709225,0.04000442966538604,0.9264512157097009,0.9796316753143632,0.0015865454174342924,0.01067090933408631,0.15562725560160912
train_cosine_eval_default,cosine,default,20260818,20300810,0.021823940193320297,0.04219317552007281,0.0581379292457851,0.05473560808176359,0.06862564964139532,0.10274380153827577,0.024521802547259153,0.9236114741950237,0.9710774277226342,0.0016097908074700542,0.015242611428029592,0.20109585493832932
train_cosine_eval_default,cosine,default,20260818,20300811,0.021823940193320297,0.04219317552007281,0.061041933830715635,0.06580115892965661,0.05631591423204235,0.10249907734816216,0.05073350932868647,0.9310145499373962,0.9713498198862164,0.001609862029660945,0.015015540624669291,0.20329268962438724
train_cosine_eval_default,cosine,default,20260818,20300812,0.021823940193320297,0.04219317552007281,0.05974612374330189,0.06322365380078503,0.05674713000264283,0.10162625091286252,0.04046116950733676,0.9186114252332466,0.9673717431720859,0.001609782516345815,0.017129906582891215,0.21813663270108213
train_cosine_eval_default,cosine,default,20260818,20300813,0.021823940193320297,0.04219317552007281,0.054192762029975056,0.07561609091935778,0.06298347415378118,0.10185070536096144,0.030645619082153696,0.9167452058248488,0.9692126296054825,0.001609820667284953,0.01617391584068236,0.20872459237018542
train_cosine_eval_default,cosine,default,20260818,20300814,0.021823940193320297,0.04219317552007281,0.05408476501292604,0.06188850626937126,0.05811512015128689,0.10395722204040637,0.027961159800280855,0.9173937259596184,0.9682001445581727,0.001609851819676638,0.01684557568869755,0.2197535408994133
train_cosine_eval_default,cosine,default,20260818,20300815,0.021823940193320297,0.04219317552007281,0.05629044925859829,0.04929167052369249,0.04480100680589774,0.10308856918386226,0.033760641655445935,0.9078038514465927,0.9642823418813439,0.001609837352960838,0.01896686729390538,0.22100378612587276
train_cosine_eval_default,cosine,default,20260818,20300816,0.021823940193320297,0.04219317552007281,0.05890590458793689,0.05710129507749843,0.050088456989923834,0.10177153454787606,0.034578698932802326,0.9172033443804973,0.9695799536807334,0.0016098267013053976,0.015958315475396872,0.21073945309606462
train_cosine_eval_default,cosine,default,20260818,20300817,0.021823940193320297,0.04219317552007281,0.05079726319405717,0.07886362316277933,0.05432421980295927,0.10324670720448377,0.04760019787234145,0.9125993425784982,0.9659506763744314,0.0016098113694259669,0.017947407713658214,0.21889083298752116
train_cosine_eval_default,cosine,default,20260818,20300818,0.021823940193320297,0.04219317552007281,0.06525122537797058,0.09658373244898343,0.07185538664604123,0.10224619720887232,0.038873933566768604,0.9263588098697836,0.9694963743458711,0.0016098188781054866,0.015998897319987784,0.20618007420781978
train_cosine_eval_default,cosine,default,20260818,20300819,0.021823940193320297,0.04219317552007281,0.045499848478703496,0.06820235851020066,0.05433416656240616,0.10198972342479141,0.03253784986103803,0.9225139134298348,0.9691806788373448,0.0016097990569877753,0.016144993242109138,0.20986596432219473
train_cosine_eval_smoothstep,cosine,smoothstep,20260818,20300810,0.015917917273271142,0.04560080589807645,0.05759544394771347,0.05727383120608734,0.062063091662082855,0.20566703680088783,0.03074176675612533,0.9236114741950237,0.9790161477009143,0.0016112526546993987,0.01106799912356526,0.15816661848596086
train_cosine_eval_smoothstep,cosine,smoothstep,20260818,20300811,0.015917917273271142,0.04560080589807645,0.058098942244670854,0.06362196979881318,0.054157093445148075,0.20051250884288904,0.03700889378388327,0.9310145499373962,0.9798645103663667,0.0016113803188171003,0.01052239612384715,0.15708976877839317
train_cosine_eval_smoothstep,cosine,smoothstep,20260818,20300812,0.015917917273271142,0.04560080589807645,0.058903080615943404,0.0597985203089279,0.05733914289734423,0.20081089311755265,0.050031710692611496,0.9186114252332466,0.976473914675483,0.0016112665058799695,0.012318580007830544,0.1711355022823766
train_cosine_eval_smoothstep,cosine,smoothstep,20260818,20300813,0.015917917273271142,0.04560080589807645,0.05265779058568373,0.070345513524137,0.06596343829587269,0.1991663196845273,0.03288754802730199,0.9167452058248488,0.9773236494176458,0.0016112719721772723,0.011914725181136464,0.16427233752990503
train_cosine_eval_smoothstep,cosine,smoothstep,20260818,20300814,0.015917917273271142,0.04560080589807645,0.052480919656322504,0.05726341458862794,0.052809759166482895,0.208298456191169,0.030669345805163756,0.9173937259596184,0.9767708754311906,0.0016113933908278866,0.012342464697059194,0.1748673089124961
train_cosine_eval_smoothstep,cosine,smoothstep,20260818,20300815,0.015917917273271142,0.04560080589807645,0.0571529230740542,0.04653567295619365,0.041318524933717175,0.19730166036048602,0.04055612117966123,0.9078038514465927,0.9732092030890742,0.0016113383442583618,0.014231165771816209,0.17721559176755777
train_cosine_eval_smoothstep,cosine,smoothstep,20260818,20300816,0.015917917273271142,0.04560080589807645,0.057948807271414285,0.05547622907386446,0.047795685996665914,0.20120274690484521,0.03144952966629039,0.9172033443804973,0.9777225697677915,0.0016113434265849764,0.011695416055233106,0.1640237976976187
train_cosine_eval_smoothstep,cosine,smoothstep,20260818,20300817,0.015917917273271142,0.04560080589807645,0.0486545036521473,0.07477426043612213,0.05815664729910893,0.19797783888061804,0.04607752299726652,0.9125993425784982,0.9747755202471444,0.0016112659448057572,0.013247266868767527,0.17428791214904463
train_cosine_eval_smoothstep,cosine,smoothstep,20260818,20300818,0.015917917273271142,0.04560080589807645,0.06611227251552526,0.08963936382802494,0.07364747625695489,0.1996987328558214,0.03436994438515899,0.9263588098697836,0.9782774280571938,0.0016113288841404457,0.011369132847624272,0.16108594442283616
train_cosine_eval_smoothstep,cosine,smoothstep,20260818,20300819,0.015917917273271142,0.04560080589807645,0.04350937006147358,0.06246128213029522,0.05285636367013765,0.21003212734110416,0.04216774540509799,0.9225139134298348,0.9778879788713788,0.0016112676607780059,0.011613909296582762,0.1646221920418405
train_cosine_eval_cosine,cosine,cosine,20260818,20300810,0.015627807264355892,0.06073792985956481,0.05759287769306998,0.05753248510777461,0.06112047579288655,0.28307889587333035,0.03221031276020949,0.9236114741950233,0.9796861384502143,0.0016120602762882776,0.010721333746210556,0.15380535040408577
train_cosine_eval_cosine,cosine,cosine,20260818,20300811,0.015627807264355892,0.06073792985956481,0.05786225816287867,0.06343431802965675,0.05417911336736772,0.2768730804333748,0.03548532212027464,0.9310145499373961,0.9805954088092879,0.0016122322316457624,0.010142933286076268,0.15231115828090114
train_cosine_eval_cosine,cosine,cosine,20260818,20300812,0.015627807264355892,0.06073792985956481,0.058844476466604616,0.05948026423354153,0.05817199364219172,0.27774297548466975,0.05174083948824628,0.9186114252332466,0.977267893595197,0.0016120768256658665,0.01190594049245937,0.1662640027826437
train_cosine_eval_cosine,cosine,cosine,20260818,20300813,0.015627807264355892,0.06073792985956481,0.05255147624043371,0.06985191312487403,0.06645773920101045,0.2731909332484699,0.033142492903627016,0.9167452058248489,0.978016954948768,0.0016121255098865803,0.011556080557489402,0.1596741785930294
train_cosine_eval_cosine,cosine,cosine,20260818,20300814,0.015627807264355892,0.06073792985956481,0.05228927308365182,0.05680421150432846,0.05304728135435833,0.2885232456090332,0.03490659835049437,0.9173937259596184,0.97750449594957,0.001612280646680092,0.011963681369978763,0.17020987707492682
train_cosine_eval_cosine,cosine,cosine,20260818,20300815,0.015627807264355892,0.06073792985956481,0.05716384866387452,0.04643006274483807,0.04142576968646108,0.27018879981228816,0.04376493669539631,0.9078038514465924,0.9740101489537667,0.0016121973443844564,0.013812535431545866,0.17268615909236049
train_cosine_eval_cosine,cosine,cosine,20260818,20300816,0.015627807264355892,0.06073792985956481,0.05783651133709832,0.05549492477634307,0.047835630482236546,0.276774391406207,0.033901474995849064,0.9172033443804973,0.9783931568503006,0.0016122070040365745,0.011349834731896045,0.15931073977101057
train_cosine_eval_cosine,cosine,cosine,20260818,20300817,0.015627807264355892,0.06073792985956481,0.04857475741894737,0.07428588252649092,0.059512448486573895,0.2712408831988189,0.0465843085968341,0.912599342578498,0.975557217038457,0.0016120493773442643,0.012836975255971583,0.1696980648531036
train_cosine_eval_cosine,cosine,cosine,20260818,20300818,0.015627807264355892,0.06073792985956481,0.06615757940041331,0.08882461897510029,0.07513924665646395,0.27422631618983545,0.035969529477944163,0.9263588098697839,0.9790352995002282,0.001612164690730671,0.01097565925780058,0.15649303975771506
train_cosine_eval_cosine,cosine,cosine,20260818,20300819,0.015627807264355892,0.06073792985956481,0.04347008863797484,0.06183703556996544,0.05376307736169434,0.29354271050349956,0.044435910440371505,0.9225139134298348,0.9786459310176632,0.0016120811525279222,0.011224394465225843,0.15987303892638846
train_default_eval_default,default,default,20260819,20300810,0.35178997175498294,0.6837750162476393,0.06161371268148547,0.09653611830816648,0.07887702553477892,0.3369095038419689,0.09807223667482218,0.30630304216465465,0.6797669695590838,0.0020585624691586983,0.18415182134511002,0.5010265587737492
train_default_eval_default,default,default,20260819,20300811,0.35178997175498294,0.6837750162476393,0.08074181758391084,0.0773519210529319,0.06457309656841655,0.3335737742036384,0.0603342142696778,0.34896731656192215,0.6829727983250301,0.0020585624691589035,0.18250879749236731,0.5027590336982721
train_default_eval_default,default,default,20260819,20300812,0.35178997175498294,0.6837750162476393,0.08779813924695924,0.09111422346665447,0.07643670940076243,0.3324035180662661,0.12358900666552845,0.32094582785285614,0.6763763875645706,0.0020585624691587335,0.1879264908357273,0.5122391749007222
train_default_eval_default,default,default,20260819,20300813,0.35178997175498294,0.6837750162476393,0.09723375437408528,0.13601980300313968,0.11453696862463451,0.3325296493563918,0.07036986081797927,0.30002531164958307,0.6759117700913371,0.002058562469158471,0.17963918560349174,0.48679483713376703
train_default_eval_default,default,default,20260819,20300814,0.35178997175498294,0.6837750162476393,0.0665110415943717,0.09124844371351508,0.07707927058758927,0.33737154448427603,0.101200931312796,0.3211819705138337,0.6744765107867237,0.002058562469158929,0.18039235725858196,0.5016513021036296
train_default_eval_default,default,default,20260819,20300815,0.35178997175498294,0.6837750162476393,0.06809490895029541,0.0777759259891455,0.05959324396082747,0.33993441987854456,0.11750227943931162,0.3581120605877813,0.6812453801446529,0.0020585624691584203,0.1701491392639398,0.46811920672991364
train_default_eval_default,default,default,20260819,20300816,0.35178997175498294,0.6837750162476393,0.07493777324388416,0.0881167719679629,0.07559784154287234,0.3337971749586192,0.10169741813308486,0.3170017187256628,0.6775897266663138,0.002058562469158958,0.1935533593814697,0.5302813102863835
train_default_eval_default,default,default,20260819,20300817,0.35178997175498294,0.6837750162476393,0.06822674062618261,0.08718458478692097,0.06949603613818083,0.3357588223714908,0.09271751986568759,0.31176276680268616,0.6567369988002991,0.0020585624691583267,0.19540005394010398,0.5173164272363036
train_default_eval_default,default,default,20260819,20300818,0.35178997175498294,0.6837750162476393,0.08563051431321703,0.08806682458495023,0.076954618760761,0.3363106647312254,0.07602639578838381,0.35957873761230474,0.6859375855008272,0.00205856246915899,0.17226419997697234,0.4793613819926098
train_default_eval_default,default,default,20260819,20300819,0.35178997175498294,0.6837750162476393,0.06593389319919817,0.08284527404134974,0.06967739159979025,0.3374172877592012,0.11334059352391608,0.3383051280504882,0.6826875332848767,0.002058562469159342,0.18847996383788723,0.5120673132004023
train_default_eval_smoothstep,default,smoothstep,20260819,20300810,0.2549862384458611,0.6844286690130912,0.060298295589419196,0.09482235523026535,0.08288105729233329,0.4234619756160025,0.09371064736718356,0.3063030421646547,0.7671656769596332,0.0020585624691586983,0.1353411183702378,0.4127353446140307
train_default_eval_smoothstep,default,smoothstep,20260819,20300811,0.2549862384458611,0.6844286690130912,0.07213684303108789,0.06738185441789586,0.06431792693382828,0.4187029254446903,0.06375772603353272,0.34896731656192215,0.7697949635206428,0.0020585624691589035,0.12765608463144287,0.403745108478984
train_default_eval_smoothstep,default,smoothstep,20260819,20300812,0.2549862384458611,0.6844286690130912,0.08128664945843041,0.07899385402575176,0.07333194890420448,0.415627188493221,0.12516995485795063,0.32094582785285614,0.7646971430686568,0.0020585624691587335,0.13334773051196935,0.41185908033075275
train_default_eval_smoothstep,default,smoothstep,20260819,20300813,0.2549862384458611,0.6844286690130912,0.09434589105141276,0.12887708292072284,0.11705287631388833,0.41006978799045857,0.07473576317889725,0.30002531164958307,0.764729287859847,0.002058562469158471,0.12866599335350792,0.3951657405200792
train_default_eval_smoothstep,default,smoothstep,20260819,20300814,0.2549862384458611,0.6844286690130912,0.059356119058374956,0.0795996666336148,0.07109195253305191,0.4123203405152296,0.10156157638780272,0.3211819705138337,0.7649695863862289,0.002058562469158929,0.13083812166771014,0.4150991563374301
train_default_eval_smoothstep,default,smoothstep,20260819,20300815,0.2549862384458611,0.6844286690130912,0.06281197148366763,0.07153485429675303,0.05991938284657903,0.42211411768029594,0.1135516334154933,0.3581120605877813,0.775187912423126,0.0020585624691584203,0.12226825878486866,0.38434331843347047
train_default_eval_smoothstep,default,smoothstep,20260819,20300816,0.2549862384458611,0.6844286690130912,0.06441010938755867,0.06834875353400728,0.06950050804645368,0.4167928440530111,0.09236221090774403,0.3170017187256628,0.7663112818314871,0.002058562469158958,0.13801890918791465,0.4252459200344164
train_default_eval_smoothstep,default,smoothstep,20260819,20300817,0.2549862384458611,0.6844286690130912,0.054317176983055646,0.08177607507245938,0.0687007889438943,0.409590957603613,0.09606765507073567,0.31176276680268605,0.757225004601695,0.0020585624691583267,0.14357794557622722,0.43032959727453185
train_default_eval_smoothstep,default,smoothstep,20260819,20300818,0.2549862384458611,0.6844286690130912,0.07123855116349836,0.08091967707473807,0.07384840474240942,0.40907736429231123,0.08548736596964152,0.3595787376123046,0.776366794879056,0.00205856246915899,0.12235349520913211,0.3887588290009184
train_default_eval_smoothstep,default,smoothstep,20260819,20300819,0.2549862384458611,0.6844286690130912,0.06014590327667994,0.07449497788668503,0.0615743308842402,0.4166262882725733,0.10764650771542916,0.3383051280504882,0.7709967361758097,0.002058562469159342,0.13704828141569259,0.41710086653821377
train_default_eval_cosine,default,cosine,20260819,20300810,0.24688268950899228,0.6966410145465933,0.0603420649002306,0.09448757466170761,0.08406894075896006,0.4791949339495745,0.09288469247830455,0.30630304216465454,0.7772661134788138,0.0020585624691586983,0.13061836427546497,0.40165445864940236
train_default_eval_cosine,default,cosine,20260819,20300811,0.24688268950899228,0.6966410145465933,0.07127785249613354,0.06673468090696676,0.06441336579328745,0.47495183602047625,0.06661453939072791,0.348967316561922,0.7799294132540482,0.0020585624691589035,0.12232190130659851,0.3912306592818023
train_default_eval_cosine,default,cosine,20260819,20300812,0.24688268950899228,0.6966410145465933,0.08082767602355954,0.07762590900168913,0.07552222244105201,0.47114917784553156,0.1250707802262224,0.3209458278528559,0.7749645087136589,0.0020585624691587335,0.12811140034695878,0.39946903798514394
train_default_eval_cosine,default,cosine,20260819,20300813,0.24688268950899228,0.6966410145465933,0.09397260008504701,0.12778082000478688,0.11825700402243201,0.46574286326059877,0.07716088468725561,0.30002531164958285,0.7747783996530717,0.002058562469158471,0.12365767490754927,0.3832248916178943
train_default_eval_cosine,default,cosine,20260819,20300814,0.24688268950899228,0.6966410145465933,0.058655396195862824,0.07802104845574863,0.07261872472723235,0.46795277077019937,0.10275119545381665,0.3211819705138334,0.7752457439887709,0.002058562469158929,0.12596093018983184,0.40394818931470605
train_default_eval_cosine,default,cosine,20260819,20300815,0.24688268950899228,0.6966410145465933,0.062291577752651914,0.07073615922322728,0.06159102943302825,0.4788637622339296,0.11343649261129969,0.35811206058778106,0.7854616019605452,0.0020585624691584203,0.1175986802262357,0.3736519516522105
train_default_eval_cosine,default,cosine,20260819,20300816,0.24688268950899228,0.6966410145465933,0.0639845923854808,0.06697104197262929,0.0674193030479719,0.4740958129903413,0.09305314057911411,0.31700171872566263,0.7764275101781014,0.002058562469158958,0.13274172422293803,0.4124182015269029
train_default_eval_cosine,default,cosine,20260819,20300817,0.24688268950899228,0.6966410145465933,0.05311864856611044,0.08086710438600694,0.07099508801840167,0.4655764918661771,0.09735961294549655,0.311762766802686,0.768316503289508,0.0020585624691583267,0.13840230686146746,0.41868099716151913
train_default_eval_cosine,default,cosine,20260819,20300818,0.24688268950899228,0.6966410145465933,0.07034535425419906,0.08048583201580062,0.07636324933350458,0.4644031780050172,0.08884011834598178,0.3595787376123044,0.7865370730935164,0.00205856246915899,0.11752222584262666,0.3773918223559354
train_default_eval_cosine,default,cosine,20260819,20300819,0.24688268950899228,0.6966410145465933,0.05987272718164208,0.07346013148675377,0.06108266618950863,0.47307509907188916,0.10680455346603195,0.33830512805048796,0.7809726320353045,0.002058562469159342,0.13212752344818762,0.40548610705193433
train_smoothstep_eval_default,smoothstep,default,20260819,20300810,0.379576682359964,0.7376950151108672,0.06211359581494859,0.09876947849011623,0.08119515932189571,0.31473141879449906,0.09478666345835711,0.2922092001898123,0.6696201188404871,0.0019762769009216774,0.19637590638630437,0.5170379045503453
train_smoothstep_eval_default,smoothstep,default,20260819,20300811,0.379576682359964,0.7376950151108672,0.08363497468340579,0.08275225284507302,0.06947757445029683,0.3138464999720393,0.061426144220350525,0.32870066217475696,0.6716963320892833,0.0019762769009218223,0.19432044797063558,0.5166685434177849
train_smoothstep_eval_default,smoothstep,default,20260819,20300812,0.379576682359964,0.7376950151108672,0.08844018680624292,0.09332937197256673,0.07728452742061741,0.3119340049659996,0.12291020195196466,0.30902517114864964,0.6669775215913378,0.001976276900921578,0.1994244048200657,0.5268148828930119
train_smoothstep_eval_default,smoothstep,default,20260819,20300813,0.379576682359964,0.7376950151108672,0.09843689604078551,0.1378269636734,0.11932647346667828,0.3105137019732846,0.0705641026414723,0.2849519693222114,0.6656081794844912,0.0019762769009214237,0.19163141114063872,0.5016280865118186
train_smoothstep_eval_default,smoothstep,default,20260819,20300814,0.379576682359964,0.7376950151108672,0.06856132554144309,0.09641748514995203,0.0781384543866847,0.3166856115030618,0.09974777418283808,0.30635092925490703,0.6639987442109628,0.0019762769009220187,0.19203542352862119,0.5171290493143073
train_smoothstep_eval_default,smoothstep,default,20260819,20300815,0.379576682359964,0.7376950151108672,0.06987076188459773,0.08204474380393012,0.06330624823178962,0.3205322275996625,0.1147407919543032,0.34435335152626134,0.6709342629772025,0.0019762769009215664,0.1807237628878952,0.4825052383249416
train_smoothstep_eval_default,smoothstep,default,20260819,20300816,0.379576682359964,0.7376950151108672,0.07696704052999774,0.08954724415955369,0.07846195010897648,0.31065968121754484,0.10428513409734196,0.3025348264889233,0.6676312593034697,0.0019762769009220153,0.20674033569081565,0.5485639271916056
train_smoothstep_eval_default,smoothstep,default,20260819,20300817,0.379576682359964,0.7376950151108672,0.0689131121482851,0.08530104490646294,0.06776237774927309,0.31518979343481435,0.0921694785736944,0.2992171092119248,0.6468570267500245,0.001976276900921318,0.2075284300169961,0.5321428240400063
train_smoothstep_eval_default,smoothstep,default,20260819,20300818,0.379576682359964,0.7376950151108672,0.08822099338324443,0.08736060225535673,0.0789568225897192,0.3141820924133945,0.07845924189926617,0.3450488484522086,0.6765833555183945,0.001976276900922145,0.1834422879805208,0.49462139532131666
train_smoothstep_eval_default,smoothstep,default,20260819,20300819,0.379576682359964,0.7376950151108672,0.06735951823604676,0.08425035514600691,0.0713234534351521,0.31528812950092827,0.11561912801695666,0.3225469790180905,0.6723054615766303,0.0019762769009223496,0.2011386061440945,0.529265555953237
train_smoothstep_eval_smoothstep,smoothstep,smoothstep,20260819,20300810,0.2750335373059225,0.7372191629826652,0.06085298213146872,0.09639026904665975,0.08310721519137625,0.4249456042175688,0.08598417390876517,0.2922092001898123,0.7585187535813123,0.0019762769009216774,0.14431590222559554,0.42621347592421677
train_smoothstep_eval_smoothstep,smoothstep,smoothstep,20260819,20300811,0.2750335373059225,0.7372191629826652,0.07509703164946056,0.0724872183502027,0.06943772953029774,0.42416874942426336,0.057909462866459004,0.32870066217475696,0.7602748217701174,0.0019762769009218223,0.13604112813346989,0.4152928755583406
train_smoothstep_eval_smoothstep,smoothstep,smoothstep,20260819,20300812,0.2750335373059225,0.7372191629826652,0.08134156395189014,0.08074082805289329,0.07460920642890015,0.42033623238873485,0.12292556607998135,0.30902517114864964,0.756864573647313,0.001976276900921578,0.14167068696571353,0.4245271209863124
train_smoothstep_eval_smoothstep,smoothstep,smoothstep,20260819,20300813,0.2750335373059225,0.7372191629826652,0.09591217268527054,0.1306056528695,0.12109279659104982,0.4093048835501827,0.07097865332179158,0.2849519693222114,0.7560830009456784,0.0019762769009214237,0.13748688855889868,0.40808744246235296
train_smoothstep_eval_smoothstep,smoothstep,smoothstep,20260819,20300814,0.2750335373059225,0.7372191629826652,0.06085441660925988,0.08432166192973274,0.07172613548646649,0.412791240994294,0.09683682746626093,0.30635092925490703,0.7560101858355631,0.0019762769009220187,0.13919926550662096,0.42816523751313457
train_smoothstep_eval_smoothstep,smoothstep,smoothstep,20260819,20300815,0.2750335373059225,0.7372191629826652,0.06373342080515867,0.07545612079573154,0.06265047084772135,0.4218398169039509,0.11117272364297599,0.34435335152626134,0.76714494987086,0.0019762769009215664,0.12978706756804181,0.3964449166620767
train_smoothstep_eval_smoothstep,smoothstep,smoothstep,20260819,20300816,0.2750335373059225,0.7372191629826652,0.06600330284982425,0.06987225274980785,0.07395038455606924,0.4165302586354741,0.09521303431476531,0.3025348264889233,0.7578473176602185,0.0019762769009220153,0.14757897372437187,0.44077712321031176
train_smoothstep_eval_smoothstep,smoothstep,smoothstep,20260819,20300817,0.2750335373059225,0.7372191629826652,0.054574519259671384,0.07988657358211683,0.06631118081578886,0.4108378601728482,0.08956085569675654,0.2992171092119248,0.7491015157908597,0.001976276900921318,0.15261362691844063,0.4433602945449494
train_smoothstep_eval_smoothstep,smoothstep,smoothstep,20260819,20300818,0.2750335373059225,0.7372191629826652,0.07245714185649643,0.07882704305965617,0.07354695570461843,0.41272543543628204,0.08136055537725048,0.3450488484522086,0.7682595395491589,0.001976276900922145,0.13045404955882473,0.40177803323619854
train_smoothstep_eval_smoothstep,smoothstep,smoothstep,20260819,20300819,0.2750335373059225,0.7372191629826652,0.06150104784502235,0.07582637548373304,0.06295717474767847,0.41776501691470047,0.10481561476440436,0.3225469790180905,0.7622261459864303,0.0019762769009223496,0.14629555728547255,0.4314986741407273
train_smoothstep_eval_cosine,smoothstep,cosine,20260819,20300810,0.2663347603455176,0.7457658070329708,0.06089625553961377,0.095997940869143,0.08159911046671302,0.4731528043930556,0.07616309031651732,0.29220920018981206,0.7690485960764681,0.0019762769009216774,0.13924646654695566,0.41475092678125447
train_smoothstep_eval_cosine,smoothstep,cosine,20260819,20300811,0.2663347603455176,0.7457658070329708,0.07422583073648044,0.07169694163110897,0.06835262680043276,0.47173394797516743,0.053785873037236816,0.3287006621747568,0.7707940333934215,0.0019762769009218223,0.1303482480827498,0.40242830696747667
train_smoothstep_eval_cosine,smoothstep,cosine,20260819,20300812,0.2663347603455176,0.7457658070329708,0.08083348818141844,0.07932126615132204,0.07359108581389859,0.46705559628647,0.1150096686812665,0.3090251711486493,0.7675330076556524,0.001976276900921578,0.13610277068338278,0.4118451871560471
train_smoothstep_eval_cosine,smoothstep,cosine,20260819,20300813,0.2663347603455176,0.7457658070329708,0.09556703876720815,0.12952363424469635,0.1211058289700765,0.4557824333269327,0.06616507525665273,0.2849519693222112,0.7665422083949291,0.0019762769009214237,0.1321329080907899,0.3958191920897211
train_smoothstep_eval_cosine,smoothstep,cosine,20260819,20300814,0.2663347603455176,0.7457658070329708,0.0601034331604508,0.0826884203472757,0.07005963659152273,0.4595654162825614,0.08998636244896092,0.30635092925490665,0.7667210863228545,0.0019762769009220187,0.1339647868928093,0.41662526107727194
train_smoothstep_eval_cosine,smoothstep,cosine,20260819,20300815,0.2663347603455176,0.7457658070329708,0.06312369974741569,0.0746341106937765,0.06209037358988619,0.46910695422130594,0.10178337535912706,0.34435335152626123,0.7778791842214947,0.0019762769009215664,0.12479684755776346,0.3853866740072958
train_smoothstep_eval_cosine,smoothstep,cosine,20260819,20300816,0.2663347603455176,0.7457658070329708,0.06554629910633906,0.06845110193296901,0.07287241130844019,0.4637784758934844,0.08662693094974123,0.3025348264889232,0.7683660911820432,0.0019762769009220153,0.1419209298592604,0.4275173279315088
train_smoothstep_eval_cosine,smoothstep,cosine,20260819,20300817,0.2663347603455176,0.7457658070329708,0.05331294397467182,0.07903957545904704,0.06696785278870486,0.45781319769260415,0.08177064109615197,0.2992171092119248,0.7606457337934943,0.001976276900921318,0.14710135231129634,0.43139037757046206
train_smoothstep_eval_cosine,smoothstep,cosine,20260819,20300818,0.2663347603455176,0.7457658070329708,0.07141873422141912,0.07838064932602755,0.07482198700695182,0.46042014126647446,0.07785498266229267,0.34504884845220873,0.7788097119887643,0.001976276900922145,0.1252923868487147,0.3900451960329401
train_smoothstep_eval_cosine,smoothstep,cosine,20260819,20300819,0.2663347603455176,0.7457658070329708,0.061210028120459434,0.07477411228351495,0.06191628572063241,0.4646992255036998,0.0966365510857851,0.3225469790180903,0.7725961047418931,0.0019762769009223496,0.141022585529227,0.4194896010168566
train_cosine_eval_default,cosine,default,20260819,20300810,0.38240083648669765,0.7431610597313776,0.06215905312307338,0.09883530624587432,0.08133315249504679,0.3143352595133838,0.09558193686050183,0.2909196939112794,0.6686218273061988,0.0019714101979812007,0.19756243570678228,0.518469503478903
train_cosine_eval_default,cosine,default,20260819,20300811,0.38240083648669765,0.7431610597313776,0.08386267234490029,0.08308984342376129,0.06990261839378502,0.3136541383968667,0.06257362944643736,0.3268481443529246,0.6706021260607551,0.001971410197981344,0.19550290444054597,0.5180568152138941
train_cosine_eval_default,cosine,default,20260819,20300812,0.38240083648669765,0.7431610597313776,0.0886149516322088,0.09338509772708657,0.07728178247119159,0.31173077365510937,0.12400029041252174,0.3077999999859266,0.6660132658512963,0.0019714101979811044,0.20057308632344717,0.5281498300775536
train_cosine_eval_default,cosine,default,20260819,20300813,0.38240083648669765,0.7431610597313776,0.09856263575002006,0.1379653082310344,0.11979530342177573,0.3101434551113885,0.07149460810762277,0.28338080220684225,0.6645640186428452,0.0019714101979809444,0.19280175104798844,0.5029221091624385
train_cosine_eval_default,cosine,default,20260819,20300814,0.38240083648669765,0.7431610597313776,0.06876059579668833,0.09661134492623936,0.07822866946043194,0.31633547883722546,0.10088052304798789,0.3047835248746368,0.662885958848733,0.0019714101979815416,0.19321968459859404,0.518596029274165
train_cosine_eval_default,cosine,default,20260819,20300815,0.38240083648669765,0.7431610597313776,0.07000269660131803,0.08228446144956633,0.06360499367819432,0.32027323354018716,0.11578472423054015,0.3428591736045578,0.6698609132308047,0.001971410197981095,0.18184659770411699,0.4839113729764257
train_cosine_eval_default,cosine,default,20260819,20300816,0.38240083648669765,0.7431610597313776,0.07716842724969128,0.08965520670012476,0.07886355875188844,0.31028753354262656,0.10561027374415606,0.3010503159853709,0.6666240495953583,0.0019714101979815407,0.20798335155759168,0.5500313212819954
train_cosine_eval_default,cosine,default,20260819,20300817,0.38240083648669765,0.7431610597313776,0.06898331804397054,0.08509077001942987,0.06779193683846559,0.3144836797236509,0.09321666656929643,0.29798376364574947,0.6459224581113835,0.0019714101979808408,0.20872307502864024,0.5334844384998433
train_cosine_eval_default,cosine,default,20260819,20300818,0.38240083648669765,0.7431610597313776,0.08844961144076754,0.08741755426985305,0.07940845322375147,0.31352718413035696,0.07944671343421089,0.34349145868653064,0.6755949848015025,0.0019714101979816726,0.18457075337376325,0.4960466969056189
train_cosine_eval_default,cosine,default,20260819,20300819,0.38240083648669765,0.7431610597313776,0.06752079521768056,0.0842623190624856,0.07134792677657743,0.3148297602633956,0.1165841251156156,0.32100923925066044,0.6712774827418239,0.001971410197981878,0.20235533299487715,0.5307033449930434
train_cosine_eval_smoothstep,cosine,smoothstep,20260819,20300810,0.2770776941477809,0.7426574836185698,0.060900869839446925,0.09642507758651941,0.08264700036795403,0.4357453362882385,0.08469434524072532,0.2909196939112794,0.7576751696157891,0.0019714101979812007,0.14518463384892824,0.4274409670198584
train_cosine_eval_smoothstep,cosine,smoothstep,20260819,20300811,0.2770776941477809,0.7426574836185698,0.0753275858892555,0.07281187118174787,0.06937202259318104,0.43436833436843064,0.057863122718936434,0.3268481443529246,0.7593571732109077,0.001971410197981344,0.13688976877876685,0.4164790503138522
train_cosine_eval_smoothstep,cosine,smoothstep,20260819,20300812,0.2770776941477809,0.7426574836185698,0.0814349617960196,0.08075794560950328,0.07474871582289559,0.4307217410903504,0.1224592447010675,0.3077999999859266,0.7560635248732427,0.0019714101979811044,0.1424979840369221,0.4256755122996383
train_cosine_eval_smoothstep,cosine,smoothstep,20260819,20300813,0.2770776941477809,0.7426574836185698,0.09605217347011626,0.1307510700940021,0.121372550808302,0.4193427296087715,0.07082346468997354,0.28338080220684225,0.7552046669253769,0.0019714101979809444,0.13834474226119678,0.4092074023743
train_cosine_eval_smoothstep,cosine,smoothstep,20260819,20300814,0.2770776941477809,0.7426574836185698,0.06100938920746744,0.08450521946002854,0.07205685669320044,0.422991802864212,0.09668137393241683,0.3047835248746368,0.7550935042339079,0.0019714101979815416,0.1400587122771128,0.42942627436038616
train_cosine_eval_smoothstep,cosine,smoothstep,20260819,20300815,0.2770776941477809,0.7426574836185698,0.06381239168167017,0.07564875653107493,0.06286319301571794,0.43194825797338154,0.11040274355870629,0.3428591736045578,0.7662894987044572,0.001971410197981095,0.130602786178231,0.3976672547738046
train_cosine_eval_smoothstep,cosine,smoothstep,20260819,20300816,0.2770776941477809,0.7426574836185698,0.06615908290175794,0.07001047376928225,0.07427695602514876,0.42696004485732464,0.09448081058398881,0.3010503159853709,0.7570041122314852,0.0019714101979815407,0.1484766790285075,0.4420215831699975
train_cosine_eval_smoothstep,cosine,smoothstep,20260819,20300817,0.2770776941477809,0.7426574836185698,0.054600117090782246,0.07967950392374684,0.06678822201518612,0.42112040379696225,0.08886287996930242,0.29798376364574947,0.7483002479961011,0.0019714101979808408,0.15350036827045005,0.4445449936488427
train_cosine_eval_smoothstep,cosine,smoothstep,20260819,20300818,0.2770776941477809,0.7426574836185698,0.07256866397468285,0.07872978148518503,0.07419354595039357,0.4235029427031531,0.08129360115886779,0.34349145868653064,0.7674086006098737,0.0019714101979816726,0.13126726283305873,0.4029950076335105
train_cosine_eval_smoothstep,cosine,smoothstep,20260819,20300819,0.2770776941477809,0.7426574836185698,0.06164724324566026,0.07584036010513986,0.06305911761562721,0.4281087385924076,0.10379103827716808,0.32100923925066044,0.7613597739797046,0.001971410197981878,0.14719077882617962,0.43273747604619095
train_cosine_eval_cosine,cosine,cosine,20260819,20300810,0.26831893383147154,0.750976727693882,0.060944065345138174,0.09603111589305201,0.08191423556917282,0.48801665380679127,0.07846953788348425,0.2909196939112795,0.7682490394370726,0.0019714101979812007,0.14008119547322237,0.41594618618092316
train_cosine_eval_cosine,cosine,cosine,20260819,20300811,0.26831893383147154,0.750976727693882,0.07445411190277673,0.07201425915882277,0.06862916494498679,0.4870178047619388,0.05518121168178588,0.3268481443529245,0.7699158270489862,0.001971410197981344,0.13116173620140453,0.40358330799735065
train_cosine_eval_cosine,cosine,cosine,20260819,20300812,0.26831893383147154,0.750976727693882,0.08091900088926089,0.0793379374186139,0.07418559859805267,0.482659973097767,0.11611184383405881,0.3077999999859264,0.7667734039206933,0.0019714101979811044,0.13689671693845393,0.41296658577833345
train_cosine_eval_cosine,cosine,cosine,20260819,20300813,0.26831893383147154,0.750976727693882,0.09570971590783332,0.1296721781191625,0.12173918920240569,0.4705625577403568,0.06790985109262317,0.28338080220684203,0.7657057037713575,0.0019714101979809444,0.13295702550110938,0.396911144648863
train_cosine_eval_cosine,cosine,cosine,20260819,20300814,0.26831893383147154,0.750976727693882,0.06025375936789189,0.08287337517596886,0.07179940187115191,0.475245381773119,0.09234123910899183,0.3047835248746366,0.7658518257971144,0.0019714101979815416,0.1347892135745786,0.41785277836803775
train_cosine_eval_cosine,cosine,cosine,20260819,20300815,0.26831893383147154,0.750976727693882,0.06319774624155078,0.07482703130047029,0.0632845723046222,0.48501534724911133,0.10360315299009352,0.3428591736045576,0.7770700547642313,0.001971410197981095,0.12557971087241054,0.3865768919077684
train_cosine_eval_cosine,cosine,cosine,20260819,20300816,0.26831893383147154,0.750976727693882,0.06569901303261087,0.06859379925394314,0.0734412338304593,0.4803647298389433,0.0879614986797161,0.30105031598537074,0.7675646593195766,0.0019714101979815407,0.14278263342613734,0.4287273263169925
train_cosine_eval_cosine,cosine,cosine,20260819,20300817,0.26831893383147154,0.750976727693882,0.053331761496352034,0.07883910786412716,0.06748648907975792,0.472839362863814,0.08371865693568188,0.29798376364574913,0.7598872230230865,0.0019714101979808408,0.14795452563049438,0.43254654490010747
train_cosine_eval_cosine,cosine,cosine,20260819,20300818,0.26831893383147154,0.750976727693882,0.07151628484458952,0.07827651480876509,0.07462481314114128,0.4758989918818154,0.080006214707718,0.3434914586865304,0.7779990296793783,0.0019714101979816726,0.12607173843719655,0.39122741936426664
train_cosine_eval_cosine,cosine,cosine,20260819,20300819,0.26831893383147154,0.750976727693882,0.06135285771013435,0.07478885165253306,0.06206952991187827,0.48060086039392197,0.09789224911542911,0.32100923925066027,0.7717702469796652,0.001971410197981878,0.14188433670141737,0.42069863468893837
