objective,model_seed,evaluation_seed,strength,normalized_strength,tangent_local_mmd,tangent_rollout_mmd,mfsi_rollout_mmd,velocity_gap,angular_error,min_ess,mean_ess,max_moment_error,mean_projection_distortion,mean_lambda_norm
info,20260810,20300810,0.4950773022184465,0.958671700219124,0.08904277561700363,0.12493108127117981,0.1037616440194512,0.9069224587304172,0.0488313481795228,0.2587249391956848,0.6373457798358109,0.0015291021406119557,0.24609432049473887,0.58856221233672
info,20260810,20300811,0.4950773022184465,0.958671700219124,0.09097452960394273,0.08903853143359457,0.07178458785298823,0.8942486585943752,0.06658884947336076,0.2566131684115949,0.6337115377935286,0.0015291021406123328,0.24327217520460423,0.5819699661967161
info,20260810,20300812,0.4950773022184465,0.958671700219124,0.09271368807286091,0.08479190736744348,0.08056668966890351,0.900476467140928,0.06925738818528056,0.29283509449375056,0.6391111240660592,0.0015291021406121836,0.24417726153805056,0.5868863029769616
info,20260810,20300813,0.4950773022184465,0.958671700219124,0.08056076722002804,0.12152076623964164,0.10427944233279322,0.9079960444874138,0.0521882719109882,0.26790243396260155,0.6359573990127021,0.001529102140612024,0.2434606500651056,0.5643835534556464
info,20260810,20300814,0.4950773022184465,0.958671700219124,0.08091154051652127,0.08256917249856169,0.08824795898761402,0.9001566078941589,0.04741740601154048,0.28985659618348825,0.6392999518869533,0.0015291021406121212,0.25071035614182957,0.6069169839812101
info,20260810,20300815,0.4950773022184465,0.958671700219124,0.08155935340838585,0.0732693406395886,0.0744488245170488,0.8944722289221634,0.057332506460532055,0.29078110601830914,0.644176915574074,0.0015291021406116355,0.23918990091703746,0.5740522880238427
info,20260810,20300816,0.4950773022184465,0.958671700219124,0.08163184235859443,0.1038562937158367,0.07665214667060917,0.900676445142391,0.054390143975231724,0.26737183338662557,0.6407408970008941,0.0015291021406123814,0.250239347299973,0.5923845526887446
info,20260810,20300817,0.4950773022184465,0.958671700219124,0.08273776582066344,0.10971428453013299,0.07966035827694043,0.9010261091719065,0.057704660577465094,0.2865723617411614,0.6343821863058654,0.0015291021406118551,0.2568532780711391,0.6029032740686857
info,20260810,20300818,0.4950773022184465,0.958671700219124,0.09055620827842173,0.12892486786914073,0.08998221813093904,0.9044532832419956,0.0586806716698302,0.3134204864680253,0.6530145160252256,0.0015291021406121836,0.2374725227873009,0.5769763754568698
info,20260810,20300819,0.4950773022184465,0.958671700219124,0.06670113139877111,0.10228663515945575,0.08055612990752338,0.9024596181238822,0.03977317605678727,0.2801759243351312,0.6379693577819864,0.0015291021406122992,0.24978467927756665,0.5903217042054442
info,20260811,20300810,0.5114305978522361,0.9908661909597595,0.08758291121621484,0.1013056859558049,0.08341822944707372,0.3064944672677734,0.04516603335828282,0.2671469690110787,0.6353645254383959,0.0012451627451813881,0.25811501781209045,0.6056936605390771
info,20260811,20300811,0.5114305978522361,0.9908661909597595,0.0927794156342364,0.07796024975425843,0.07826729230172634,0.30737032523491503,0.057051122168106046,0.2807103168038032,0.6339908101661502,0.001245162745181794,0.2521532598137027,0.5933179794445242
info,20260811,20300812,0.5114305978522361,0.9908661909597595,0.09212880212044183,0.09083778918047748,0.08650580055502294,0.3094372970881465,0.08532179912429914,0.259453472843635,0.6293647699755991,0.001245162745182019,0.25101236515299014,0.5876304349973186
info,20260811,20300813,0.5114305978522361,0.9908661909597595,0.07796254723157069,0.09074360929007981,0.11116399431708186,0.3216582205587119,0.05029182341448286,0.24909525286914821,0.6263905370131827,0.0012451627451814783,0.25223305804547747,0.5763332771478995
info,20260811,20300814,0.5114305978522361,0.9908661909597595,0.0745489766706818,0.09233604180691561,0.07085646220189794,0.3047089655930527,0.04140764821935289,0.2914353820172596,0.6368613515498328,0.0012451627451810776,0.25722689188530734,0.6124674777842929
info,20260811,20300815,0.5114305978522361,0.9908661909597595,0.07239257935638274,0.07791181987614741,0.07138518160640157,0.30794857091574324,0.06901255407746042,0.2957336885390414,0.6421163803049452,0.001245162745180601,0.2438691445613325,0.5834463744585936
info,20260811,20300816,0.5114305978522361,0.9908661909597595,0.08098620232025133,0.08869269551028795,0.07144165310923802,0.3040711001327665,0.05320668454195709,0.26897724514301385,0.6344719647088065,0.001245162745181215,0.2634321550088749,0.6218568090485573
info,20260811,20300817,0.5114305978522361,0.9908661909597595,0.08970994286455641,0.07948742244909161,0.07712305796339404,0.312803550909106,0.05122915922129336,0.2730130153162324,0.625138094993121,0.0012451627451812498,0.26579206456793136,0.6130321213639219
info,20260811,20300818,0.5114305978522361,0.9908661909597595,0.09618757445003068,0.09520112417607147,0.09877459533978845,0.31002642010530296,0.05922948879634404,0.2972755535061327,0.6476798122472579,0.0012451627451808903,0.24502093145648374,0.5858013800941565
info,20260811,20300819,0.5114305978522361,0.9908661909597595,0.07491404846909519,0.08114264372968195,0.07221566407502208,0.3168307882430381,0.07031238621390817,0.256700789936096,0.6224378481136817,0.0012451627451815668,0.25823662604678593,0.5970986242945823
info,20260812,20300810,0.5049713532172867,0.9790155408464237,0.07899468816947941,0.10093807736911058,0.08024780423200355,0.39963316539992055,0.0613817173536132,0.2711859352102344,0.639176107398228,0.0017085545523005709,0.2536918477745588,0.5940554814816404
info,20260812,20300811,0.5049713532172867,0.9790155408464237,0.09308199483906303,0.08686051025097143,0.08254642903147867,0.40987916486053666,0.06948605422355335,0.2854597570659326,0.6360722595641025,0.0017085545523011496,0.2501179758080909,0.5914040884045106
info,20260812,20300812,0.5049713532172867,0.9790155408464237,0.08146903987186553,0.10228769755671736,0.08892340112728825,0.4032467620929997,0.1045003732895707,0.25925211018849686,0.6329204922055386,0.0017085545523007153,0.24724894245152992,0.5851217112066317
info,20260812,20300813,0.5049713532172867,0.9790155408464237,0.07574756373017222,0.09301278208186352,0.10042331312811287,0.40655794515561355,0.06902209148649695,0.24855996847488931,0.6301759035257563,0.0017085545522999665,0.2496256802429956,0.573299491390082
info,20260812,20300814,0.5049713532172867,0.9790155408464237,0.07361687869417488,0.10927864227267413,0.08749149150629858,0.40476928968983145,0.06804302237937555,0.2941052053882434,0.6392634971597655,0.0017085545523011572,0.2504986958413983,0.6023250681303761
info,20260812,20300815,0.5049713532172867,0.9790155408464237,0.07529837318839333,0.09112157697331917,0.07623898235000555,0.40767840850636033,0.08167430588545692,0.30934646313190206,0.644792459225911,0.0017085545522996675,0.23744605549986555,0.5732431146516676
info,20260812,20300816,0.5049713532172867,0.9790155408464237,0.08588460569772308,0.09297495901028935,0.07452664615545063,0.40232888200505634,0.0631222904659293,0.2753389436318028,0.6351866271051065,0.0017085545523010935,0.26148010002543526,0.615801973063127
info,20260812,20300817,0.5049713532172867,0.9790155408464237,0.0881453012468522,0.07799937069510447,0.06689190428422671,0.406906780981341,0.05769637571216666,0.27142009726340527,0.6269827029557914,0.0017085545522996168,0.2612443289056311,0.6052366050585802
info,20260812,20300818,0.5049713532172867,0.9790155408464237,0.0908187297003112,0.07298259236691991,0.0824629319023782,0.40498484203207963,0.08123336630105292,0.2953853588440649,0.6491606936817592,0.0017085545523013745,0.23976569293803504,0.5731063695771672
info,20260812,20300819,0.5049713532172867,0.9790155408464237,0.07469855551714444,0.09006368872037561,0.07334576502611369,0.4095408415074264,0.08481176321329394,0.2561432967820313,0.6271807426171003,0.0017085545523023529,0.25561451247960026,0.5956541191906763
info,20260813,20300810,0.19951612842224747,0.3881573519618101,0.06618796548268707,0.13770828724929837,0.1369253544107924,0.4186976168459423,0.03794161926512732,0.49329162186434794,0.7790024527495994,0.001748564641129589,0.11106327081718959,0.42036109853639364
info,20260813,20300811,0.19951612842224747,0.3881573519618101,0.07709714502354659,0.12779465782735477,0.12715600662981907,0.4134482403822233,0.054979349663944244,0.5350497738353462,0.7825110555920715,0.001748564641129935,0.10984729759857581,0.41896916389488154
info,20260813,20300812,0.19951612842224747,0.3881573519618101,0.07563518641343352,0.13212684029176006,0.13144268137304407,0.4153799688618475,0.051984999529314756,0.5262934229491741,0.780999558662309,0.001748564641129666,0.10738762058999396,0.4061709986152285
info,20260813,20300813,0.19951612842224747,0.3881573519618101,0.060427829785937553,0.09374614645828538,0.09300097359192479,0.41089663031136736,0.04583359978404439,0.49887189436870805,0.7804637052695735,0.0017485646411291935,0.11180505986489657,0.41845963327487035
info,20260813,20300814,0.19951612842224747,0.3881573519618101,0.05742012703229989,0.11963327773205083,0.11869444663269536,0.4146803137025017,0.020306866457468074,0.5512134601765096,0.7828814581923895,0.0017485646411300134,0.11122674486219293,0.43636403489119535
info,20260813,20300815,0.19951612842224747,0.3881573519618101,0.06195173436453155,0.11062644245700332,0.10977705291946648,0.41090263067472926,0.03842689003424138,0.5447067423874837,0.7932684632289566,0.0017485646411291346,0.10630190406845712,0.40870745147420273
info,20260813,20300816,0.19951612842224747,0.3881573519618101,0.06599249567529969,0.11131558143738092,0.1105962139390196,0.4115554212113813,0.03671803511164488,0.4926852564096411,0.7784651874555436,0.0017485646411299401,0.11489734033041368,0.43349496795435194
info,20260813,20300817,0.19951612842224747,0.3881573519618101,0.05425668234232148,0.11980884136689818,0.11908702865112704,0.4163324459607688,0.04018369422031565,0.47599950045666,0.7748257577955362,0.0017485646411290016,0.11845582547647367,0.43505753404304526
info,20260813,20300818,0.19951612842224747,0.3881573519618101,0.07294664449889111,0.13143619784322205,0.1306897868945162,0.41770666594002,0.04317570339858609,0.5234735935377584,0.7905474938088008,0.0017485646411301487,0.10569212357164912,0.40910019793095415
info,20260813,20300819,0.19951612842224747,0.3881573519618101,0.05609413260401471,0.1141427373380982,0.11346549651355416,0.4175629645748658,0.0454264772987103,0.4983633993241579,0.7733015775472296,0.001748564641130735,0.11319007399469887,0.4201220345006975
info,20260814,20300810,0.1341618964061991,0.2611360667160319,0.05902051200270424,0.14322014078653963,0.08404662239576359,1.1101482126588182,0.10985127845269105,0.6634905807036778,0.8567142620744992,0.0016791256295104612,0.07676281675369587,0.36789341874592585
info,20260814,20300811,0.1341618964061991,0.2611360667160319,0.06775586598666275,0.13733291196232367,0.07151639763626959,1.0901211064526841,0.0847590469543041,0.6970099718145765,0.8592802995730343,0.0016791256295112082,0.07474972390948532,0.3671391926804419
info,20260814,20300812,0.1341618964061991,0.2611360667160319,0.06151701167309361,0.14490085235864558,0.07447430486847408,1.0893323755171602,0.10897199915730076,0.6839626523028562,0.8593410402624617,0.0016791256295115493,0.0736876110846984,0.355967046017997
info,20260814,20300813,0.1341618964061991,0.2611360667160319,0.05503546629288815,0.10509292904050953,0.08177356496193063,1.062039875677941,0.10778912986140353,0.6490220930839148,0.8557470530149006,0.0016791256295104634,0.07689495521365959,0.3642927996381913
info,20260814,20300814,0.1341618964061991,0.2611360667160319,0.052472900274036095,0.13334645801853143,0.053815586101023764,1.0881223791664396,0.09965224087251538,0.7012267368266096,0.8586904204714358,0.0016791256295098228,0.07575622885506142,0.37271048178685917
info,20260814,20300815,0.1341618964061991,0.2611360667160319,0.05526763012408788,0.11529832631453414,0.06840587387334592,1.1059571901672904,0.1052464320470732,0.6855698131151932,0.8663437441389377,0.0016791256295087,0.0707289823564222,0.34921316960545795
info,20260814,20300816,0.1341618964061991,0.2611360667160319,0.06419308682358081,0.1270990656815696,0.0679456673214875,1.0588191924715695,0.12099628075151907,0.6512516739095976,0.8576470444298465,0.0016791256295100852,0.0765586134405985,0.3623959212110566
info,20260814,20300817,0.1341618964061991,0.2611360667160319,0.05094226011303289,0.1460262268341526,0.08385772951056902,1.129732123187977,0.09498610462673172,0.6256608727021558,0.8463223670829937,0.0016791256295098874,0.08318771779287346,0.37959815687649834
info,20260814,20300818,0.1341618964061991,0.2611360667160319,0.06582154299138052,0.1440487967861648,0.0932651928687812,1.0256805518798673,0.08218575120520935,0.6830697632209246,0.8645007442780652,0.0016791256295095307,0.07183315194719934,0.3518320203496167
info,20260814,20300819,0.1341618964061991,0.2611360667160319,0.0529098087193813,0.12572650177877656,0.06731710348156655,1.1403903522034313,0.09347911522198864,0.6652914149166758,0.855046231420739,0.0016791256295110202,0.07678943188527101,0.3678218065817515
info,20260815,20300810,0.20570793251230957,0.40064012776542346,0.06370258412351791,0.0978334853538888,0.06584546149887222,0.7205091727512671,0.04191030330509363,0.48885012163494374,0.7744690824630195,0.001535294086808503,0.11861368640422469,0.44462858805056077
info,20260815,20300811,0.20570793251230957,0.40064012776542346,0.07827617145429631,0.10796383280547923,0.07700681233848782,0.7231733967063944,0.04683041358522009,0.49442431546018245,0.7716149770072468,0.0015357590710361906,0.12337260508397593,0.4640443179667333
info,20260815,20300812,0.20570793251230957,0.40064012776542346,0.06664864278363042,0.12413749323369823,0.08217504593435036,0.7321497591735667,0.06455188126416633,0.49480738096073323,0.7732546409003307,0.0015353600124907237,0.1180576485768015,0.44195065557806545
info,20260815,20300813,0.20570793251230957,0.40064012776542346,0.06176654740353106,0.11764101739234263,0.09876672879756083,0.7249306658441219,0.05231131041108527,0.47262015069260027,0.7689675158884199,0.0015356698426040026,0.12130029764483519,0.4479078043819448
info,20260815,20300814,0.20570793251230957,0.40064012776542346,0.05440994079699595,0.11146266201718118,0.06738434365008779,0.7173701372719907,0.04024969364393869,0.5396863768043979,0.780170803034191,0.0015356916096053823,0.11658989582790462,0.4564218296614987
info,20260815,20300815,0.20570793251230957,0.40064012776542346,0.06839074287018289,0.10763181095924296,0.06913777499873895,0.715681073521255,0.05432454227943767,0.5272231960676879,0.7856005235154191,0.0015355386179784155,0.11310571165176034,0.4383910104925814
info,20260815,20300816,0.20570793251230957,0.40064012776542346,0.06919351089009443,0.09112702541656571,0.07157273244065644,0.7248277199578397,0.03861026993528033,0.49348538821804566,0.7697036662865943,0.0015355511034775293,0.12435455974885903,0.45607182743399244
info,20260815,20300817,0.20570793251230957,0.40064012776542346,0.05224617796322157,0.07294266315194109,0.06195720306524575,0.7205448806196787,0.04915893027176487,0.4801113265774768,0.7776521445941155,0.0015354698617720732,0.12073166675617605,0.45082301103670613
info,20260815,20300818,0.20570793251230957,0.40064012776542346,0.06786593753976093,0.091342161772058,0.08441028210731982,0.719452784861201,0.06395916925724048,0.5162860138871872,0.7837263936527561,0.001535516926837524,0.11365813054510739,0.4339875497931113
info,20260815,20300819,0.20570793251230957,0.40064012776542346,0.06299836145137362,0.1029769471259281,0.0717447551844804,0.7228629923720392,0.04179807862870632,0.48051736850356114,0.7663324691987731,0.0015354463140755882,0.12251775071101392,0.45031628584143224
info,20260816,20300810,0.2680459737601353,0.5222661257036196,0.06326101082604371,0.11177989977555151,0.08311131931381327,0.2529391131089937,0.06634365577676227,0.41124053270136385,0.7353992070766557,0.002007359576402381,0.14234760822284534,0.44965513210215907
info,20260816,20300811,0.2680459737601353,0.5222661257036196,0.07222536202017801,0.09742769965147284,0.08022019564003358,0.2545161468975604,0.034537523706759554,0.41281199609473657,0.7258519711618329,0.002007359576403342,0.14108042594094386,0.4516789908965583
info,20260816,20300812,0.2680459737601353,0.5222661257036196,0.08277291375695711,0.11424447272082888,0.09174379236944491,0.25650734106500067,0.08412102045183484,0.4456802889883503,0.7306640461457832,0.0020073595764032353,0.14343337080265273,0.45074599956380784
info,20260816,20300813,0.2680459737601353,0.5222661257036196,0.07194818841236411,0.09139795818962461,0.07751473999009666,0.25526388913372156,0.047858909080109056,0.39935044887043986,0.7276785077174682,0.002007359576401902,0.13993187354354608,0.43990334120493796
info,20260816,20300814,0.2680459737601353,0.5222661257036196,0.06632136591765508,0.11262184207558364,0.10255545204891636,0.2525759280593461,0.05881475130830607,0.4216453686373658,0.726756701788224,0.0020073595764023983,0.14152385051543026,0.4592918510509353
info,20260816,20300815,0.2680459737601353,0.5222661257036196,0.0710102483977337,0.09431027917568639,0.07475159983603052,0.2548750930732763,0.06936030364781505,0.45262780478725234,0.7423305770277172,0.0020073595764004597,0.1340327508976167,0.429567448626758
info,20260816,20300816,0.2680459737601353,0.5222661257036196,0.0660713326496673,0.09270103215663493,0.07183555957792004,0.2507197653140797,0.07293701592339025,0.4127329057590144,0.7306666703984867,0.0020073595764025115,0.1492301609377525,0.46888235687415475
info,20260816,20300817,0.2680459737601353,0.5222661257036196,0.05187558815255155,0.10032194263647054,0.077511274757041,0.2555422953131581,0.06319259419528639,0.400711137413871,0.7182637376895697,0.0020073595764012555,0.15140260161452052,0.46561553424354063
info,20260816,20300818,0.2680459737601353,0.5222661257036196,0.07304594605089716,0.09911323561862113,0.08032325464448815,0.25614311483423047,0.04892547478280288,0.44707472082956906,0.7401827989427087,0.0020073595764023592,0.13387659537239371,0.43151721167701956
info,20260816,20300819,0.2680459737601353,0.5222661257036196,0.06240734114869827,0.10410877329007401,0.08655546807506993,0.25496261385217944,0.0794444203757077,0.41692962564960995,0.7244303158805867,0.002007359576404164,0.14483337607087016,0.45254303040351473
info,20260817,20300810,0.5010973162191472,0.9712921111198901,0.0810292283617931,0.0991121268347816,0.08456165971889928,0.3402259266293127,0.05680624178893012,0.26673728050122214,0.6355081319333793,0.0014665911877542598,0.25322777857411916,0.5940186604005625
info,20260817,20300811,0.5010973162191472,0.9712921111198901,0.0863183514756647,0.08184821641653257,0.07992579805586839,0.3447728083800056,0.06629103057815122,0.27818191760382477,0.6361396835885433,0.0014665911877545003,0.24526496196448128,0.5791411598621633
info,20260817,20300812,0.5010973162191472,0.9712921111198901,0.09764654336767647,0.09593047371178719,0.08942609338054912,0.33798690754164895,0.09048168513727979,0.2501470781859758,0.6290716025360503,0.001466591187754547,0.24904048411650334,0.5899540658491552
info,20260817,20300813,0.5010973162191472,0.9712921111198901,0.08064200654550231,0.10315412151115629,0.11141591922499311,0.34235145144516654,0.05259524516374598,0.24673595611892774,0.6315762473319843,0.001466591187754546,0.24810334769672995,0.5739615193554429
info,20260817,20300814,0.5010973162191472,0.9712921111198901,0.07486181427394502,0.1012621199501434,0.07209550943451763,0.34169600436154857,0.04874381127108587,0.2846844831299888,0.6350820795797645,0.0014665911877542043,0.2511378724263935,0.6003765860572108
info,20260817,20300815,0.5010973162191472,0.9712921111198901,0.07314448898123212,0.08987628137422403,0.07100040977989537,0.3429104160187771,0.06353271412862758,0.2887425933614535,0.6396540763972725,0.0014665911877541926,0.23709244623766898,0.5658580774250288
info,20260817,20300816,0.5010973162191472,0.9712921111198901,0.0834023181056775,0.09856785934492589,0.07042681606470064,0.3363242518436251,0.05932549294597747,0.27355121287573464,0.63826751580145,0.0014665911877544836,0.2610375010661366,0.6212708191376719
info,20260817,20300817,0.5010973162191472,0.9712921111198901,0.08773756950457456,0.08439938890738015,0.07059769456113288,0.34480300760999383,0.05794445882590687,0.26523390188443136,0.6187115369784825,0.001466591187754491,0.2630810028551666,0.6049105307273168
info,20260817,20300818,0.5010973162191472,0.9712921111198901,0.09323963966827606,0.09929789492798287,0.0887870160623841,0.34604410399661184,0.07444076745575133,0.2884060469820857,0.64286960047048,0.0014665911877541626,0.23775140835107447,0.5705566286121663
info,20260817,20300819,0.5010973162191472,0.9712921111198901,0.06863463238393262,0.07860793782669971,0.07046654053895617,0.35091995373439,0.07519742088986535,0.25754798511320465,0.625951931458667,0.0014665911877540503,0.253400180425172,0.5869815324976555
info,20260818,20300810,0.5028369951401428,0.9739548888564846,0.08776690380697125,0.1198657970575356,0.09406645847382235,1.1994003268538866,0.08559596255593376,0.26110644979664055,0.6354246375772956,0.0013205239827126952,0.25199690212975995,0.5936096131988545
info,20260818,20300811,0.5028369951401428,0.9739548888564846,0.08785822708513023,0.08233957839322091,0.07308064349655054,1.1806098020662938,0.09471702701588847,0.2756092515262415,0.6358014469579042,0.0013219124653319624,0.2458964137544825,0.5807661723037923
info,20260818,20300812,0.5028369951401428,0.9739548888564846,0.09082363525158987,0.0800755500357016,0.09046056893270692,1.1842860686662422,0.10791183190770459,0.27440513986415227,0.6343529449920546,0.001319964246810525,0.24818418915138946,0.5904759254902089
info,20260818,20300813,0.5028369951401428,0.9739548888564846,0.07695661007854784,0.10703832188009044,0.09094537731059572,1.173279919861696,0.09111235053094562,0.25990545584208735,0.6327605327930013,0.0013214592707545627,0.24746342730069543,0.5692000679792317
info,20260818,20300814,0.5028369951401428,0.9739548888564846,0.07835338835136403,0.08766430216879167,0.10400784430696652,1.2097184774254626,0.09406158555378974,0.2881166377093119,0.6365926197363565,0.0013213973374606146,0.2552522116151282,0.6171187062060318
info,20260818,20300815,0.5028369951401428,0.9739548888564846,0.08375608016429748,0.07830996759531704,0.08703159961697317,1.1959975820115893,0.09862117002956627,0.2895944258673911,0.6427570925738205,0.0013214139916302562,0.24200334436396126,0.5801857365362225
info,20260818,20300816,0.5028369951401428,0.9739548888564846,0.08293719522720186,0.10009498485901829,0.08589122208510934,1.1918231438926545,0.1001883117803483,0.2674657563853429,0.6401410545142093,0.0013204796858099187,0.25615925069483125,0.6050277135314152
info,20260818,20300817,0.5028369951401428,0.9739548888564846,0.08747882990460412,0.1001907846000878,0.0746968700993257,1.18427445249998,0.09957048257092453,0.28145479704084186,0.6297095082240757,0.0013210697780715944,0.26218716932288244,0.6085016177299771
info,20260818,20300818,0.5028369951401428,0.9739548888564846,0.0891861324661064,0.12043570135582303,0.09827279079630495,1.1889353928430366,0.0938661224175323,0.3049152213750781,0.6490639078286474,0.0013198263624842562,0.2414582405458942,0.5794932978833676
info,20260818,20300819,0.5028369951401428,0.9739548888564846,0.06885095760865698,0.09091487054782706,0.07709096305790496,1.175915333540245,0.07266562748456847,0.26981487743496113,0.6321412612099011,0.0013209562615211085,0.25374871834374374,0.5905576029891663
info,20260819,20300810,0.5154845010363149,0.9988709810580579,0.08506116702498337,0.10008054847320569,0.08497856661553431,0.5636580679892453,0.06061180119231926,0.2552414456703915,0.6327093266647096,0.0021111402560653617,0.256704237507205,0.5995923693610608
info,20260819,20300811,0.5154845010363149,0.9988709810580579,0.10207741557206758,0.08251620797757589,0.08008415071068516,0.5611610691105227,0.0709248761931154,0.2614970269227836,0.6285222483121431,0.0021111402560656245,0.2547014443838515,0.5938928114194015
info,20260819,20300812,0.5154845010363149,0.9988709810580579,0.08680647457407575,0.0786616740008282,0.07820259190940747,0.5633891561352925,0.09043125679123314,0.27178979466260983,0.6317918834377331,0.0021111402560654944,0.2528689609972629,0.5937449216535654
info,20260819,20300813,0.5154845010363149,0.9988709810580579,0.07924535692622806,0.1008008670009165,0.10232951071031322,0.5647053682153391,0.07570212960177121,0.2515550097702113,0.6261279276461951,0.0021111402560651357,0.2544852095078197,0.5778039876594822
info,20260819,20300814,0.5154845010363149,0.9988709810580579,0.08005711857810013,0.08454683356639765,0.08618644377118585,0.5634236343886805,0.068247838678637,0.2851657659757481,0.6340703973479117,0.0021111402560655248,0.25878669103804797,0.6163414169693421
info,20260819,20300815,0.5154845010363149,0.9988709810580579,0.07303920114502913,0.07059857150936809,0.0707221044111694,0.5682908115804939,0.08107687492295536,0.2958262726427061,0.6392398176518199,0.0021111402560649293,0.24596590388658202,0.5822318082851179
info,20260819,20300816,0.5154845010363149,0.9988709810580579,0.08473224416328137,0.08302127906625145,0.08550247667488085,0.5677184767111645,0.07344539495876974,0.2646846491284486,0.628935404106341,0.0021111402560655594,0.26411691884131316,0.615601649055316
info,20260819,20300817,0.5154845010363149,0.9988709810580579,0.08922512137170785,0.0740697223055926,0.06878829659510997,0.5692373249757499,0.06446314842066325,0.27320467856218106,0.6276221022584564,0.0021111402560649328,0.26658621353531875,0.6129236642701239
info,20260819,20300818,0.5154845010363149,0.9988709810580579,0.09147061553574967,0.084937306209321,0.0901274505324997,0.5662330443435403,0.07257125236801137,0.29768272284190744,0.6458375762584574,0.002111140256065576,0.2466001474426255,0.5850681751319018
info,20260819,20300819,0.5154845010363149,0.9988709810580579,0.07206650944349402,0.07849023406684412,0.07372914120646218,0.5790509448814802,0.06929063445867617,0.26032759581917064,0.6267201879293317,0.002111140256066065,0.26160899662981596,0.6037319409686195
cv,20260810,20300810,0.5154755992617881,0.9988003231699569,0.08507046363301034,0.10267855574087727,0.09494037223284374,0.2540185176798825,0.04665180525188595,0.2542337071985094,0.6320799693545368,0.001534064952506872,0.2570720627887885,0.6018441938862973
cv,20260810,20300811,0.5154755992617881,0.9988003231699569,0.09719245499945631,0.07885949700754818,0.07675345146560657,0.2493471701269729,0.06566428920666845,0.25810705874954837,0.6275322216307055,0.0015340346418883533,0.25531180907998013,0.5981932011997506
cv,20260810,20300812,0.5154755992617881,0.9988003231699569,0.09173147044591926,0.08328687851843988,0.0869982646552001,0.25254332059422574,0.06294007508079165,0.26944746399273845,0.6311306462832335,0.0015339508320632322,0.25320840168110037,0.5956795665339241
cv,20260810,20300813,0.5154755992617881,0.9988003231699569,0.07880413037076568,0.09960873115296903,0.10237274217480069,0.25157303829848593,0.05522392240429571,0.25098867312894146,0.6262532161954985,0.0015340049393958595,0.25444633882534956,0.5784019330106277
cv,20260810,20300814,0.5154755992617881,0.9988003231699569,0.08329360258839297,0.08822763768708664,0.09637497915785175,0.24972246456505612,0.035198022255598836,0.28624794367687606,0.6339609944989315,0.0015340413089290996,0.2590127591346818,0.6181162008162491
cv,20260810,20300815,0.5154755992617881,0.9988003231699569,0.07967656327392024,0.07033320317119734,0.0797634569736781,0.25204956225818964,0.05168956820493039,0.2949729722068054,0.6393098849297716,0.0015340996780741547,0.24610025339561853,0.5823972460018294
cv,20260810,20300816,0.5154755992617881,0.9988003231699569,0.08304778191694104,0.08339130008431812,0.07595739282638915,0.24368986074833965,0.047564791348033104,0.2651072421649954,0.6301457647949608,0.0015339728763185977,0.264143032119943,0.613460423207107
cv,20260810,20300817,0.5154755992617881,0.9988003231699569,0.08651487480042215,0.0786902345906386,0.07324546112874204,0.254557327824854,0.05045955541385352,0.27476990815690877,0.626798538083968,0.0015340142889542143,0.2672541421716327,0.6145639463139296
cv,20260810,20300818,0.5154755992617881,0.9988003231699569,0.0928115017298759,0.09145007297853565,0.0809246988586819,0.2500160425677233,0.06341557709673126,0.29761579281594897,0.6464271128571366,0.001534005130314942,0.24695941220279183,0.5895713658850501
cv,20260810,20300819,0.5154755992617881,0.9988003231699569,0.07103349344310228,0.07928027160194073,0.07477500609539629,0.2536846511271065,0.0369855699442922,0.2589206930409183,0.6265707320428243,0.001534013753586002,0.261547630450697,0.6049200082721494
cv,20260811,20300810,0.5153136985567978,0.9983689717657168,0.08608164564971577,0.09851792027388928,0.08671093107854046,0.30347288140754125,0.04337122412231902,0.26004080228083754,0.6329694617085424,0.0015099812144076241,0.25755337289147395,0.6042787859949764
cv,20260811,20300811,0.5153136985567978,0.9983689717657168,0.09988099496559823,0.08403959418159407,0.08446594066592376,0.31367552388736797,0.058888955495355964,0.26073194990306947,0.6291052755376547,0.0015099812144083202,0.2545796555973915,0.5962054908751049
cv,20260811,20300812,0.5153136985567978,0.9983689717657168,0.09489480662010288,0.08335858610646037,0.09363454284912921,0.3111819962606466,0.0671456938725463,0.26799221727465755,0.6300805114641035,0.001509981214408141,0.2531587491313747,0.5914734410181709
cv,20260811,20300813,0.5153136985567978,0.9983689717657168,0.08093488347368774,0.10354144918535357,0.09289972739660574,0.32234256549367724,0.04569638888779789,0.24988173378310702,0.6249888678670541,0.001509981214406788,0.25401554938565757,0.5798784224905936
cv,20260811,20300814,0.5153136985567978,0.9983689717657168,0.07894252897580317,0.08476334634266447,0.08624961949659182,0.3040393434683773,0.03760012760584346,0.2875353695547126,0.6346095734982915,0.0015099812144078323,0.25887423639649365,0.6176542325125525
cv,20260811,20300815,0.5153136985567978,0.9983689717657168,0.06842474425194056,0.07075834043168787,0.06648262685257268,0.30996332103954694,0.05897100301880398,0.2939829671799287,0.6393603751884698,0.0015099812144059193,0.24608049769018922,0.5833326785112021
cv,20260811,20300816,0.5153136985567978,0.9983689717657168,0.0774145256013236,0.07851525657822585,0.08115435677960987,0.3063255119488107,0.06070360617574271,0.2647152581236365,0.6298434563034266,0.001509981214407601,0.2646764616556582,0.6189843958376355
cv,20260811,20300817,0.5153136985567978,0.9983689717657168,0.08883264639788424,0.07522226212191237,0.07898193825711032,0.31224463804208097,0.046592977904949796,0.27306222622197046,0.6268724138997974,0.001509981214406226,0.2665262095155543,0.6128504305747919
cv,20260811,20300818,0.5153136985567978,0.9983689717657168,0.09804537761283129,0.09565026544398343,0.0960066311225854,0.31364635020747894,0.056300027096000245,0.2985525841843053,0.6468009162947483,0.001509981214407876,0.24681372701660503,0.5892577884372904
cv,20260811,20300819,0.5153136985567978,0.9983689717657168,0.07259114131488865,0.07778703103224595,0.08605645298741631,0.31813284377329115,0.04866520012294249,0.260135979736945,0.6243969264603539,0.0015099812144097693,0.2612313138168128,0.6025421997109238
cv,20260812,20300810,0.5159329772152702,0.9997281697881273,0.08290819185963891,0.09860479832598786,0.08670628370257559,0.2967820951422002,0.07816271381188918,0.2631054394742779,0.6340476650658762,0.0016227095237914806,0.25949808478580766,0.6029058828055935
cv,20260812,20300811,0.5159329772152702,0.9997281697881273,0.09164356634148291,0.0736492474094589,0.08096315759330243,0.30217711866789726,0.08737368742703065,0.2670219164185574,0.6295247814619608,0.0016227095237920657,0.25514333370026476,0.596578272237423
cv,20260812,20300812,0.5159329772152702,0.9997281697881273,0.08367973748755024,0.07871849646143525,0.08957789454558042,0.29986424341402784,0.1055048560481859,0.2623751784250743,0.6301060577549497,0.0016227095237916858,0.2545268343127598,0.5978086046401916
cv,20260812,20300813,0.5159329772152702,0.9997281697881273,0.08023119911272394,0.10243186176524238,0.1066564413032286,0.30824194451460063,0.08596201229696136,0.2509027713608797,0.6274361749744068,0.0016227095237909554,0.25495489371469615,0.579394504256884
cv,20260812,20300814,0.5159329772152702,0.9997281697881273,0.08021376846896933,0.08745492821150931,0.08753533948393066,0.29731614574932846,0.08045889423657632,0.28377081177701163,0.633638867884974,0.0016227095237919958,0.25889287165193287,0.6163987508797473
cv,20260812,20300815,0.5159329772152702,0.9997281697881273,0.08263941225709381,0.07432170804940319,0.07784034240350536,0.3016052131475616,0.08648052032512717,0.29663130957073486,0.6389894373806845,0.0016227095237905456,0.24622153093201335,0.5867988052254349
cv,20260812,20300816,0.5159329772152702,0.9997281697881273,0.08534811456953104,0.08345420686631716,0.06878319670814521,0.29506236588173407,0.07936431944756127,0.2659440425990584,0.6336720959137123,0.0016227095237919807,0.26608972721385454,0.6207762757828448
cv,20260812,20300817,0.5159329772152702,0.9997281697881273,0.09173091827676294,0.07535542869095037,0.07016865917497392,0.303917462705471,0.0776825570546436,0.2714680287661424,0.6251657774503822,0.0016227095237905894,0.26813988154661483,0.6173711786285538
cv,20260812,20300818,0.5159329772152702,0.9997281697881273,0.09391113689898742,0.08568736839669065,0.08754134400678505,0.29794173229006077,0.08725252863806543,0.2975607977065757,0.6458665284331581,0.0016227095237921713,0.24669878244054236,0.5848912855002506
cv,20260812,20300819,0.5159329772152702,0.9997281697881273,0.0718492641644589,0.07582583495874869,0.07547740985637458,0.3030201884024839,0.07799319044897408,0.2608676195530091,0.6269290653771776,0.0016227095237931269,0.2621828478514732,0.6068586005175961
cv,20260813,20300810,0.5099354072691102,0.9879521273672665,0.09275410253064745,0.1047988810655552,0.09591556448213208,0.630684620855699,0.07545726207344865,0.25562086050441507,0.6327479154268729,0.0014408120229555074,0.25359191138234327,0.5922037205969788
cv,20260813,20300811,0.5099354072691102,0.9879521273672665,0.09242890647980058,0.08168975871704302,0.0740061433615821,0.639764743112584,0.07239554357685064,0.27651836489245324,0.6326090150805894,0.0014408120229558057,0.25168452034533534,0.5897842308692882
cv,20260813,20300812,0.5099354072691102,0.9879521273672665,0.09606847369138347,0.0928198997925193,0.08131418482583838,0.6320242921125832,0.11164199623458027,0.26074257068642387,0.6293042640574912,0.0014408120229555843,0.24749590052161205,0.5811579193400148
cv,20260813,20300813,0.5099354072691102,0.9879521273672665,0.07567605504732816,0.08437944790813334,0.10350237869475894,0.6396178140841351,0.07854235370144737,0.24798430370625585,0.6254002305828278,0.0014408120229552675,0.2514511565026725,0.5743069887391594
cv,20260813,20300814,0.5099354072691102,0.9879521273672665,0.07717378204508465,0.0907272596082604,0.07843413420343082,0.6407862375291264,0.07719459109492405,0.2927154505162476,0.6358972484882457,0.0014408120229559007,0.2561375643134014,0.6112557611560956
cv,20260813,20300815,0.5099354072691102,0.9879521273672665,0.07639070985823573,0.07156633768990928,0.06766745418628312,0.6391943546362356,0.10384378040687753,0.2931512626020816,0.6412118579325365,0.0014408120229552485,0.24284787179066739,0.5806698984253501
cv,20260813,20300816,0.5099354072691102,0.9879521273672665,0.07961267609521872,0.08564350919824915,0.08156371579478924,0.6345741729688437,0.07767383003702626,0.26213466930878493,0.6260082510981368,0.0014408120229558855,0.2598009999315326,0.607939041411456
cv,20260813,20300817,0.5099354072691102,0.9879521273672665,0.08723870639796212,0.0803477787103042,0.08371554271126307,0.6357559398645692,0.07638265413540164,0.2757318018572603,0.6286455392536596,0.0014408120229551548,0.2626666872496134,0.6038034741025053
cv,20260813,20300818,0.5099354072691102,0.9879521273672665,0.09055540780421062,0.09346928849750068,0.0935779117309166,0.6371331230907564,0.07895199044507005,0.29765202967834564,0.648635689445571,0.0014408120229560187,0.24517662372462165,0.5889652764722833
cv,20260813,20300819,0.5099354072691102,0.9879521273672665,0.07305415261853057,0.0851552633567716,0.07162079213439958,0.6367324414490619,0.09113062166303064,0.2529786946877295,0.6233227720489204,0.0014408120229563517,0.25745251233461514,0.5907048385784857
cv,20260814,20300810,0.5129220169823612,0.9938424840303978,0.0867202242949461,0.1065288512891623,0.09212397554322359,0.25895260761634353,0.05446511103692855,0.255033172934127,0.6323742197144628,0.0018805319287504198,0.2556461630874828,0.6002546062278873
cv,20260814,20300811,0.5129220169823612,0.9938424840303978,0.10115006032762283,0.08080877871849976,0.0771306390609173,0.25307109370261266,0.07980995358136007,0.2579507346335994,0.6277511438342472,0.0018805457931209805,0.25330233722451884,0.5942496171993399
cv,20260814,20300812,0.5129220169823612,0.9938424840303978,0.08886057391548884,0.08105455489495152,0.08911393136016744,0.25932076824511097,0.0556934580137012,0.2744935216279334,0.6325048367532993,0.0018805121288310717,0.251510402174468,0.5918957593689089
cv,20260814,20300813,0.5129220169823612,0.9938424840303978,0.07803463789340151,0.09792980595023278,0.09066448448917845,0.2580227178956521,0.05384939959096189,0.2537544833340453,0.6275841374150829,0.001880514247045718,0.25280152948617146,0.5777934648155381
cv,20260814,20300814,0.5129220169823612,0.9938424840303978,0.08130837374981621,0.08319436366005796,0.08817631545719677,0.2577790231301747,0.0388325825911494,0.2868354684054151,0.6343286994966398,0.0018805416792452624,0.2587517701627245,0.6188612587273743
cv,20260814,20300815,0.5129220169823612,0.9938424840303978,0.07565410537274597,0.06700581035737631,0.06934498590747924,0.26193145548252383,0.04781352149581016,0.2908520708550696,0.6396950549409935,0.00188053322328524,0.2456785406284363,0.5798778284237094
cv,20260814,20300816,0.5129220169823612,0.9938424840303978,0.08288569013096712,0.08681126528240896,0.07740649956215512,0.25798351621879956,0.05226976721114778,0.26593068775581685,0.6315432093853894,0.001880529012293961,0.2622132501634416,0.6117783785125501
cv,20260814,20300817,0.5129220169823612,0.9938424840303978,0.08792881775456277,0.08193260289600508,0.0777697128914503,0.26184229889525407,0.042175986756947996,0.27582391528746697,0.6280033006309419,0.001880533186212624,0.2660713662017315,0.6133494534901845
cv,20260814,20300818,0.5129220169823612,0.9938424840303978,0.09301790026656725,0.09998109433488696,0.08198327441973431,0.2565345534023871,0.07822945135986674,0.30032437597460754,0.6466378479814642,0.0018805490912728918,0.24619572917608848,0.5869726340116348
cv,20260814,20300819,0.5129220169823612,0.9938424840303978,0.07012515049737775,0.08246558256103613,0.08021834541796836,0.25885792771795785,0.04248659874408515,0.2595181307957584,0.6274805449577583,0.0018805294033509066,0.2596787565806966,0.6014168123413869
cv,20260815,20300810,0.5149524542673897,0.997936673256357,0.0893556326233904,0.1004380490735615,0.10086773518848928,0.5425310557097476,0.0682104174613233,0.2584962791567789,0.6332882001754985,0.0018464424137787018,0.25757919809624874,0.6008111054352234
cv,20260815,20300811,0.5149524542673897,0.997936673256357,0.09154404188612526,0.08130253404174068,0.08105928014834785,0.5352844308654806,0.07363597169800999,0.2725527058286605,0.6321970490839274,0.0018464424137792632,0.2546411277258066,0.596172428412257
cv,20260815,20300812,0.5149524542673897,0.997936673256357,0.09724289545861636,0.09142801364145149,0.09054940051111031,0.5403020419661562,0.10218589106034082,0.26093670254404505,0.6297964481321718,0.001846442413779217,0.25284580097373854,0.5927851945241408
cv,20260815,20300813,0.5149524542673897,0.997936673256357,0.07975580639172124,0.09413503389515172,0.09558686222039488,0.5380610006157474,0.07901049444307533,0.24942323542060058,0.6278008630156986,0.0018464424137787255,0.25471838029813487,0.5823930251362264
cv,20260815,20300814,0.5149524542673897,0.997936673256357,0.08047489367704402,0.0914256540935936,0.0899801133326914,0.5374199735939296,0.0744379771724881,0.28826198145133414,0.6351065373611744,0.0018464424137786585,0.25857921036492715,0.6150854932048013
cv,20260815,20300815,0.5149524542673897,0.997936673256357,0.07719450833727019,0.07577794009829153,0.07514518446832101,0.535188491079802,0.08833077604585533,0.2957731106364949,0.6403376978983693,0.0018464424137778282,0.24504723464099087,0.5801917334566776
cv,20260815,20300816,0.5149524542673897,0.997936673256357,0.08092202263912414,0.08417778324998675,0.08350360684134929,0.5388090796457006,0.07416546726092033,0.2671832541175513,0.6298571370065751,0.0018464424137789545,0.2654251084392182,0.6223564284149351
cv,20260815,20300817,0.5149524542673897,0.997936673256357,0.08400426687506492,0.07732340295249897,0.07717043329583893,0.5379498791367189,0.07038946053080902,0.27303780392410787,0.6257549679181345,0.0018464424137783855,0.26748904696537906,0.6134881335071928
cv,20260815,20300818,0.5149524542673897,0.997936673256357,0.0924141014295996,0.08993148000819755,0.09028457430099895,0.5397352480297612,0.07784342881120464,0.29616085212820964,0.6461822719024726,0.0018464424137786214,0.24650128581812386,0.5903837004000458
cv,20260815,20300819,0.5149524542673897,0.997936673256357,0.0716089882106923,0.07973337772420308,0.07872489393231027,0.5415571240120383,0.07556236551816715,0.25478519845714975,0.624140190155722,0.001846442413779246,0.26093586488454196,0.6002988059247591
cv,20260816,20300810,0.49031731502396386,0.9502522121757935,0.0830442518862667,0.1063500042415229,0.09291533647483585,0.3008850772200629,0.10457756320849602,0.2770083167583202,0.6422395905001926,0.0021887086946138327,0.2479547049022633,0.5927283587150349
cv,20260816,20300811,0.49031731502396386,0.9502522121757935,0.09223825013553957,0.0947410583036599,0.10237091495923084,0.296122506169915,0.08752577065403229,0.29305575520235694,0.6419434452484122,0.002188708694614739,0.24073764921482016,0.5782468555786865
cv,20260816,20300812,0.49031731502396386,0.9502522121757935,0.09420071125074905,0.11461744150478649,0.11570104600486882,0.29724136931971545,0.15414960591921367,0.26446308641463273,0.6355652596487908,0.002188708694614714,0.24062608388732715,0.57405725092927
cv,20260816,20300813,0.49031731502396386,0.9502522121757935,0.07246150150219373,0.08276463277571318,0.09921716130886606,0.30171484171751783,0.10563099750265754,0.2531776044666188,0.6349871000528898,0.0021887086946134685,0.24360981106051033,0.5702527314216613
cv,20260816,20300814,0.49031731502396386,0.9502522121757935,0.07037428624713454,0.11517365037170801,0.11658568322543629,0.2981872029477727,0.11271194977519977,0.3063093743999396,0.6456372203597256,0.0021887086946137204,0.24500819292953074,0.5953933450782654
cv,20260816,20300815,0.49031731502396386,0.9502522121757935,0.06625269255146066,0.09152846744018629,0.09375660839699236,0.3000961863798656,0.1306187517817704,0.31082652259847643,0.6515081280277528,0.0021887086946119926,0.23188657637674193,0.564741042339379
cv,20260816,20300816,0.49031731502396386,0.9502522121757935,0.07999447392667407,0.1053599005846393,0.09837114261033575,0.293781559887793,0.11594521613591795,0.28227676907332105,0.6415656175399268,0.0021887086946138974,0.2537199860454875,0.6099413917022489
cv,20260816,20300817,0.49031731502396386,0.9502522121757935,0.08979296505417725,0.09498211402012587,0.09347110491769185,0.2972419251296308,0.11693538741670162,0.2766889541847339,0.6286098659024666,0.0021887086946128344,0.25528879422804984,0.5951483316398424
cv,20260816,20300818,0.49031731502396386,0.9502522121757935,0.08956593566307111,0.09495126563799099,0.09941027515165707,0.3006114241469423,0.09469000373619985,0.2996775330592027,0.6529810685629752,0.0021887086946136454,0.2335957106919097,0.5707201517604258
cv,20260816,20300819,0.49031731502396386,0.9502522121757935,0.07219198406804096,0.09120430835991432,0.08810560706460537,0.3024329628166817,0.1236208094756706,0.2631049542456213,0.6269224054321946,0.0021887086946153463,0.24647566203608234,0.5787632779040612
cv,20260817,20300810,0.5158798410621286,0.9996534131307323,0.08915000090163037,0.10005959572001999,0.09055157867934151,0.41816634697544885,0.04999989756088564,0.2593701665526949,0.6332843750029429,0.001381699174871342,0.25799382557193584,0.5998477819658846
cv,20260817,20300811,0.5158798410621286,0.9996534131307323,0.08959586644765524,0.0799323194059983,0.08221092498675371,0.42145437335074376,0.05535728513031737,0.26613031017800065,0.6310609392571023,0.0013816991748715791,0.2548483579115452,0.5934405554576618
cv,20260817,20300812,0.5158798410621286,0.9996534131307323,0.098654015518574,0.08428040717964902,0.08895772664895975,0.4245123684440819,0.08136816586579118,0.2646360886937814,0.6300765355328373,0.001381699174871537,0.25447023955374104,0.5973610104970957
cv,20260817,20300813,0.5158798410621286,0.9996534131307323,0.08159053382681003,0.10470658506905504,0.10844539970330298,0.42836891382801545,0.0552919579376801,0.2514028191411318,0.6285070247162153,0.0013816991748715843,0.2552787383747071,0.5832108446207301
cv,20260817,20300814,0.5158798410621286,0.9996534131307323,0.0839340346929623,0.08447532034760541,0.07783884098434168,0.42278305091210666,0.04529397972659871,0.2846697892614105,0.6338403950634682,0.0013816991748713905,0.25914303185814125,0.6167794835779523
cv,20260817,20300815,0.5158798410621286,0.9996534131307323,0.07804147770975903,0.07388486314897065,0.06824064315027654,0.42767620715069415,0.06789162269921557,0.2947760296312034,0.6387704950024577,0.0013816991748713142,0.24601566352487372,0.5824277148342253
cv,20260817,20300816,0.5158798410621286,0.9996534131307323,0.0796948576510837,0.0798622264409084,0.06837955360457999,0.4201651663485912,0.05931605539914298,0.26510688216633677,0.6304247228145253,0.0013816991748716618,0.26613582772094524,0.6238092651353031
cv,20260817,20300817,0.5158798410621286,0.9996534131307323,0.08476723063923879,0.07669178160350643,0.06946391753584785,0.42568839912173917,0.05001873139676716,0.2725478315598556,0.6260504966819549,0.001381699174871534,0.2679571415534544,0.6142696783420114
cv,20260817,20300818,0.5158798410621286,0.9996534131307323,0.09472480874909012,0.09213256804763771,0.08910632395216656,0.4199204123450476,0.06173393014236891,0.29713703273727315,0.645226039782141,0.0013816991748713998,0.24667774907534895,0.5892066421415808
cv,20260817,20300819,0.5158798410621286,0.9996534131307323,0.06990614194593998,0.07602025835626668,0.07152098691748253,0.42371831978213237,0.060553186770721246,0.2603330655191414,0.6266408098686874,0.0013816991748712194,0.26216069003061426,0.6026809174961766
cv,20260818,20300810,0.5156889924150571,0.9992371567739646,0.08312679204608545,0.09973070672204713,0.08643195025446782,0.9002146647061111,0.07704777463857926,0.26295893569811873,0.6339509277117251,0.0013361698545595554,0.259508688121835,0.6028098397579018
cv,20260818,20300811,0.5156889924150571,0.9992371567739646,0.09092556979498463,0.0732853165074058,0.07327683217805421,0.8918025845270526,0.0829791570625208,0.2678287529713579,0.6298268864954617,0.001336169854560517,0.2546804799636026,0.5956039594356282
cv,20260818,20300812,0.5156889924150571,0.9992371567739646,0.08469962479188732,0.07879866275819172,0.08913057085817223,0.8920624755834436,0.1072870612265615,0.26186797977726206,0.629919001645465,0.0013361698545607988,0.25445718005611895,0.5977168284823592
cv,20260818,20300813,0.5156889924150571,0.9992371567739646,0.07879862151485162,0.10101291758772372,0.09753715206750964,0.8921578137240956,0.08715057961193502,0.25056706685770685,0.6274934575082403,0.0013361698545596005,0.25471480321768847,0.5792125227121565
cv,20260818,20300814,0.5156889924150571,0.9992371567739646,0.08089077053910294,0.08762767614146709,0.09526301863853674,0.8910123598316096,0.09409354750064824,0.2840028325271249,0.633567330330832,0.0013361698545589634,0.25907436556306906,0.6185327217673191
cv,20260818,20300815,0.5156889924150571,0.9992371567739646,0.08254205487981234,0.07411575895619858,0.07613088754232473,0.8942486545013412,0.09271923495127506,0.2956273390570596,0.639036250110328,0.0013361698545575698,0.24623304020029124,0.5865623974322419
cv,20260818,20300816,0.5156889924150571,0.9992371567739646,0.08464853260870116,0.08411877336444025,0.09219351988595538,0.9007189858180211,0.08754395645481526,0.26610396020848387,0.6340598156081307,0.0013361698545593288,0.2659405286364377,0.6208050133883465
cv,20260818,20300817,0.5156889924150571,0.9992371567739646,0.09205420882151444,0.07602047429632698,0.07697657709443921,0.8918198928809479,0.08384045530914493,0.2719470552378276,0.6250884100842191,0.001336169854558961,0.268210340276161,0.6173026453719981
cv,20260818,20300818,0.5156889924150571,0.9992371567739646,0.09461206168729255,0.08836872564031356,0.10097222078746772,0.8944115558706986,0.08760579661784822,0.29741776546284615,0.645724847422022,0.0013361698545586984,0.24671078959972115,0.5846685117482369
cv,20260818,20300819,0.5156889924150571,0.9992371567739646,0.07111996658144215,0.07629725165909551,0.08244616219472538,0.9023992082463823,0.08559745366236167,0.2603184750671449,0.6269266854481537,0.001336169854560302,0.2619235947378334,0.6058467122665088
cv,20260819,20300810,0.5158577753791975,0.9996218294002717,0.08215129278048883,0.09904285389024603,0.08159232310130794,0.6328063188840869,0.058146732046533624,0.25692275588295144,0.6330004351476008,0.0021717167264996753,0.257874085900573,0.6029616427825605
cv,20260819,20300811,0.5158577753791975,0.9996218294002717,0.10035730842301381,0.08109414719126078,0.07849515933698574,0.6277011228528044,0.065786147634825,0.26156356979043544,0.6287823191434014,0.0021717167264999615,0.25466976063021385,0.5947780699196337
cv,20260819,20300812,0.5158577753791975,0.9996218294002717,0.08744585429552539,0.0780107609172201,0.07622526127256508,0.6283249011914501,0.08976942697420487,0.27185226407428054,0.6318968838792051,0.00217171672649988,0.2543589274038235,0.59794632118203
cv,20260819,20300813,0.5158577753791975,0.9996218294002717,0.08006561049978121,0.10383425260421693,0.10352211829669826,0.6339313524931718,0.06891306593129615,0.2525243391086464,0.6272685709056256,0.002171716726499571,0.2549870287890896,0.5798820131453812
cv,20260819,20300814,0.5158577753791975,0.9996218294002717,0.07974666888339803,0.08682479048341758,0.08418884971154561,0.6341320552759155,0.06134336494796797,0.2828170114656063,0.6335386352494945,0.0021717167264997416,0.258996630977946,0.6170212707073521
cv,20260819,20300815,0.5158577753791975,0.9996218294002717,0.07385887662485338,0.07313502415158073,0.07148379684573085,0.6339178922417333,0.08042611995163308,0.2965341303162235,0.6388276280086685,0.0021717167264992455,0.24604974449793532,0.5819889215296221
cv,20260819,20300816,0.5158577753791975,0.9996218294002717,0.08564363386340298,0.08446424974248422,0.08442929995142141,0.6375411368223266,0.06773399842441334,0.2661792782717899,0.6315709279293071,0.0021717167264998756,0.2654086769712052,0.6187607199224632
cv,20260819,20300817,0.5158577753791975,0.9996218294002717,0.08946473202852566,0.07438088374351838,0.06997626246095144,0.6382939679848708,0.06206736262988547,0.27268061885420203,0.626068752957256,0.0021717167264993877,0.26801967951159605,0.6158354465262419
cv,20260819,20300818,0.5158577753791975,0.9996218294002717,0.09203070779297896,0.08708319175625183,0.08735995625669585,0.6370905550430704,0.06985711438372245,0.296224386957625,0.6449087116297287,0.0021717167264997577,0.2463868423105849,0.5846453174426036
cv,20260819,20300819,0.5158577753791975,0.9996218294002717,0.07119670864038269,0.07592593717084067,0.0728723820993606,0.6476737354482062,0.06925679484246493,0.2631967205700493,0.6271069743663213,0.0021717167265001384,0.2620356611956964,0.6054022740079487
fiber,20260810,20300810,0.02956261209289763,0.05598016452226229,0.057062855501721514,0.05114769089693851,0.05688004772697416,0.16086511046619406,0.017539783321048785,0.8952077379240285,0.9583861782415231,0.0014713925510486813,0.020546920370335512,0.22797462553300182
fiber,20260810,20300811,0.02956261209289763,0.05598016452226229,0.05521058520444311,0.06253521645266202,0.0544657583955343,0.15609142293358394,0.05401164548721135,0.89997309728056,0.9604300460471809,0.0014714303586544398,0.019731938021498044,0.21941586482655612
fiber,20260810,20300812,0.02956261209289763,0.05598016452226229,0.060547985703821,0.064163314208365,0.06524746772595667,0.15856576301392966,0.046382529884632574,0.8961614903907452,0.9608898294953251,0.0014713494247843757,0.019300549874010836,0.21493936747432887
fiber,20260810,20300813,0.02956261209289763,0.05598016452226229,0.05142486784551675,0.08089857309014326,0.07662524460711513,0.15870788733775282,0.025822264222999502,0.8805669870643572,0.9580503686577027,0.001471384274321471,0.02084607179505454,0.22120821869353596
fiber,20260810,20300814,0.02956261209289763,0.05598016452226229,0.04873299476538462,0.06870648327565046,0.06358648435761703,0.15926499357478544,0.034065095801393525,0.8827459229538814,0.9580506915705221,0.001471407985160151,0.020788303133487597,0.22401590459551782
fiber,20260810,20300815,0.02956261209289763,0.05598016452226229,0.05156147090941453,0.057809365798119274,0.05412253603497563,0.15957446674355813,0.038584525253205666,0.8873199653337271,0.9569233828772683,0.001471392193843531,0.021135635091573596,0.2176075227669879
fiber,20260810,20300816,0.02956261209289763,0.05598016452226229,0.05603503018310092,0.06820221126868325,0.05689746727454747,0.15806173979967947,0.03538016535693234,0.8913153382262963,0.9612160631310418,0.0014713896190360822,0.019347481807734684,0.21840687592798322
fiber,20260810,20300817,0.02956261209289763,0.05598016452226229,0.05462595743706057,0.07644098191883204,0.06389977330099629,0.15929262977132302,0.05388551163958707,0.9075700040799932,0.9592956557381538,0.001471395944844446,0.01994710279282725,0.2171046546804849
fiber,20260810,20300818,0.02956261209289763,0.05598016452226229,0.06137944660106716,0.0983509701556805,0.08691287389005092,0.1585107483320469,0.023900291895910173,0.8951386981069333,0.9598087256534532,0.0014714067755319618,0.020013014761565702,0.21582329463435612
fiber,20260810,20300819,0.02956261209289763,0.05598016452226229,0.04719965510700773,0.07458277315231031,0.06244996817601706,0.15905457976282522,0.03697396695184073,0.8900419959977506,0.960989223991153,0.0014713813217334542,0.019604089211179496,0.2127015434492082
fiber,20260811,20300810,0.028623535501183427,0.055454101331214714,0.056510952403919665,0.07896692748717445,0.06651920117713651,0.07461135856078599,0.03208254418397908,0.8820522929417434,0.9548773532511158,0.0012710744048916045,0.023038928916655047,0.24403230462373462
fiber,20260811,20300811,0.028623535501183427,0.055454101331214714,0.05920396215745422,0.06059660417463727,0.05012962259681444,0.07653877782016931,0.05465679351225916,0.9001843238053738,0.9561344820926735,0.0012710744048913425,0.022329238333464285,0.2415697562419866
fiber,20260811,20300812,0.028623535501183427,0.055454101331214714,0.05808188912788534,0.0699635343963388,0.052927673804607035,0.07394835663803136,0.052134264010900926,0.8877708562578825,0.95787879345307,0.001271074404890987,0.02145080938493707,0.2368819887911633
fiber,20260811,20300813,0.028623535501183427,0.055454101331214714,0.0490777956604996,0.07063227801046547,0.0609816045639762,0.07633484017225317,0.03314997711653018,0.8761629610702042,0.955337159810522,0.0012710744048916342,0.02286416877171068,0.24480792475588023
fiber,20260811,20300814,0.028623535501183427,0.055454101331214714,0.05001400017890917,0.07198357004748278,0.05269720269070496,0.0749233431943688,0.02716209418672688,0.8874366207419438,0.9548214472461549,0.0012710744048921967,0.022988520968152217,0.25267089061453046
fiber,20260811,20300815,0.028623535501183427,0.055454101331214714,0.048880262835314936,0.05717240090644921,0.04912450518589331,0.07461264865268669,0.032588870356526904,0.9101164559920615,0.9632332272777251,0.001271074404892636,0.018714040368125604,0.2233715551497352
fiber,20260811,20300816,0.028623535501183427,0.055454101331214714,0.05662729337208533,0.05942397201325394,0.04929721936198846,0.07489817732191076,0.030898287954252854,0.888988390993128,0.9570718095485408,0.0012710744048922405,0.02191420494628631,0.23856539724838588
fiber,20260811,20300817,0.028623535501183427,0.055454101331214714,0.05390712800365987,0.07708230524612701,0.06005231720909975,0.07505428237530871,0.03928424933056359,0.8896680305362351,0.9544617907996358,0.0012710744048918914,0.02330887575436713,0.24119941531874808
fiber,20260811,20300818,0.028623535501183427,0.055454101331214714,0.06273025485551142,0.08050505614860486,0.07931697435430192,0.07438896286164498,0.038149600838359575,0.9000314995365247,0.9607400139992668,0.0012710744048924476,0.019983395013580263,0.22387590331319288
fiber,20260811,20300819,0.028623535501183427,0.055454101331214714,0.05098143001917246,0.05677581012907806,0.052065605894712375,0.0751821345725641,0.046146812810369954,0.8819446593904725,0.9578155160795285,0.0012710744048914854,0.021493178074852362,0.22863183300799345
fiber,20260812,20300810,0.03878679889421315,0.07586736799231233,0.056616760384118676,0.05559539084312908,0.052055231581062955,0.18464822269546072,0.05995042416107923,0.8623166343291148,0.945675689635233,0.0015135575745910445,0.025484894391114687,0.2388123748910184
fiber,20260812,20300811,0.03878679889421315,0.07586736799231233,0.06215455404763,0.07256083645671724,0.07090338893910098,0.18271548245458055,0.07803605545293624,0.8455964331564927,0.9416896054795327,0.001513557574591233,0.02731807398484708,0.24949214760990354
fiber,20260812,20300812,0.03878679889421315,0.07586736799231233,0.055417339715629774,0.07036956057901372,0.06991298344681775,0.17831158833978825,0.034991261926274865,0.8521322379171824,0.9389659387756574,0.0015135575745908701,0.028578323748003627,0.25481111118988925
fiber,20260812,20300813,0.03878679889421315,0.07586736799231233,0.05313888183720608,0.09328601150648003,0.08877662098773886,0.17917165939012938,0.0721965996542747,0.8551974026958377,0.9411398434166698,0.001513557574590892,0.027548723757885436,0.2500086720789202
fiber,20260812,20300814,0.03878679889421315,0.07586736799231233,0.0494332291781201,0.06566213203838116,0.06967870646087716,0.18144015341669806,0.05022819431452941,0.8648644828671365,0.9446276915278287,0.0015135575745915905,0.0261059041927941,0.2563894628238673
fiber,20260812,20300815,0.03878679889421315,0.07586736799231233,0.06140454158454017,0.06282938405338985,0.06190523242520096,0.19096047477131337,0.04118410993387698,0.8527026248319896,0.9403058103251377,0.0015135575745911592,0.028045526412154947,0.2524313067036716
fiber,20260812,20300816,0.03878679889421315,0.07586736799231233,0.05941933353569333,0.061940201829909836,0.06274311541242304,0.1789674011403111,0.056842509969401635,0.8548035686070337,0.9404288562678784,0.0015135575745916622,0.02812008723232387,0.24847162806722706
fiber,20260812,20300817,0.03878679889421315,0.07586736799231233,0.0486815582324827,0.05904242752191977,0.05966981584176425,0.1846764458005969,0.05258387795246811,0.8485602077382126,0.9451409314457935,0.0015135575745908632,0.025763197437668594,0.23938396431557218
fiber,20260812,20300818,0.03878679889421315,0.07586736799231233,0.0623823882482416,0.08521774458988947,0.0867826204146186,0.18165512024890001,0.06424608657349548,0.8649871416137861,0.9445727961239994,0.001513557574591794,0.025713827251640342,0.23616313963124957
fiber,20260812,20300819,0.03878679889421315,0.07586736799231233,0.0478327389505247,0.06721758339316795,0.06506415351591428,0.1818905293712629,0.045118233482824344,0.8595733688206285,0.940657315664627,0.001513557574591683,0.027739634666821267,0.24710581244734264
fiber,20260813,20300810,0.04860015617146204,0.09459920635956111,0.058454289463003455,0.09613349508102932,0.0961375886800326,0.23472326792089726,0.027071083774315097,0.8365434331891866,0.934565424970919,0.001641605119164653,0.03388278753692907,0.28719668200568177
fiber,20260813,20300811,0.04860015617146204,0.09459920635956111,0.05993384334374947,0.08856251055277818,0.08865608660756828,0.23237796780275652,0.05195385054687338,0.851410537147691,0.936162793205369,0.0016416051191647332,0.03290694336019993,0.28675754680721005
fiber,20260813,20300812,0.04860015617146204,0.09459920635956111,0.05840003379554163,0.09137282213753754,0.09148736451896711,0.23367951611004967,0.04829010858183442,0.8523653105312412,0.9362843549583003,0.0016416051191647009,0.03291986940926697,0.27720160009605005
fiber,20260813,20300813,0.04860015617146204,0.09459920635956111,0.0550229675863481,0.06639960014738944,0.06681796917170438,0.22733659032930573,0.03264760713063833,0.8243199624020718,0.9333723592593854,0.0016416051191645656,0.03466484025619074,0.28535514153104263
fiber,20260813,20300814,0.04860015617146204,0.09459920635956111,0.05081334566439174,0.08332505151716592,0.08334280565551477,0.23179526377549464,0.01886690412734447,0.8555279377000782,0.9338577083347331,0.0016416051191647401,0.03484807519664814,0.29634318904587104
fiber,20260813,20300815,0.04860015617146204,0.09459920635956111,0.05386698155518463,0.06934334804820846,0.06950885545557879,0.22656810227302937,0.032461202083849006,0.8333133132516796,0.934700412420257,0.0016416051191645944,0.034512358398450155,0.2836774390786113
fiber,20260813,20300816,0.04860015617146204,0.09459920635956111,0.057537790022131996,0.08143857934030144,0.0814430028154577,0.2302980153210213,0.03285843976427593,0.818770454323551,0.9339710380191532,0.001641605119164739,0.034326871520144644,0.2902185326274188
fiber,20260813,20300817,0.04860015617146204,0.09459920635956111,0.0481362021758272,0.10322977731539802,0.1032876990947628,0.23154765006592187,0.03974938166628963,0.8008072111242648,0.9266055539270444,0.0016416051191645194,0.03857552056421787,0.29806508041598506
fiber,20260813,20300818,0.04860015617146204,0.09459920635956111,0.0652507248685994,0.11329723483832488,0.1134981582785654,0.23079610635248293,0.029322394589571893,0.8475513832458925,0.9380152478785764,0.0016416051191647449,0.03231792179385614,0.27589120216089674
fiber,20260813,20300819,0.04860015617146204,0.09459920635956111,0.04841820951218813,0.0828122331724938,0.08285525760058282,0.2313549703793566,0.05380643799682658,0.8419261776109058,0.933990868204466,0.001641605119164894,0.03426703030173652,0.28750171979802136
fiber,20260814,20300810,0.005728940156184113,0.01113236620863078,0.057475383505599276,0.07544369493718643,0.07044338839684933,0.01575427690211155,0.017555026646302218,0.9797116798705553,0.990871641514031,0.0014014720354507716,0.004682259937874007,0.11482157137113662
fiber,20260814,20300811,0.005728940156184113,0.01113236620863078,0.0578768718203857,0.054485255224144595,0.04997903397543834,0.01553503786824547,0.0518915169937281,0.981101409639381,0.9904638556788867,0.0014014720354506363,0.004835624228743989,0.12169914461424844
fiber,20260814,20300812,0.005728940156184113,0.01113236620863078,0.05341551416839679,0.05851728037085083,0.054402725136866024,0.015666146582389004,0.057004642461556794,0.9842479542868705,0.9926581419659815,0.0014014720354503189,0.003732753243586011,0.10308494800557833
fiber,20260814,20300813,0.005728940156184113,0.01113236620863078,0.05140372255851217,0.055927629948536554,0.05888105280393933,0.015464735281690477,0.028996411492157436,0.9726818107986767,0.990131504889613,0.0014014720354506858,0.005050738010075468,0.12046150569457326
fiber,20260814,20300814,0.005728940156184113,0.01113236620863078,0.0509104992848856,0.05869944871168178,0.054760934328780375,0.015572477727128232,0.025675725489435742,0.9808423972946235,0.9898877350400236,0.0014014720354513393,0.0051803096174048765,0.12686203355550257
fiber,20260814,20300815,0.005728940156184113,0.01113236620863078,0.054523059659908536,0.04568210416799437,0.0460833686787846,0.015747011870209805,0.036155604971420986,0.9792756083193126,0.9924150215957714,0.0014014720354514829,0.003884181485112075,0.10637531560883629
fiber,20260814,20300816,0.005728940156184113,0.01113236620863078,0.05805452633121233,0.05337644692487356,0.05013542997783732,0.01569644559050601,0.024704888644502255,0.9794621293477523,0.9920890633766346,0.0014014720354513155,0.004023907636169397,0.10546553390825912
fiber,20260814,20300817,0.005728940156184113,0.01113236620863078,0.051452840463115844,0.06524151510779934,0.058126157710852756,0.015938226645743927,0.0407801012733688,0.9730995965375281,0.989733270814275,0.0014014720354508501,0.005256865044320106,0.11892883159291871
fiber,20260814,20300818,0.005728940156184113,0.01113236620863078,0.061483918692418524,0.07993313780046386,0.0746149637134672,0.015617871978683077,0.03421035249759338,0.9808138706327933,0.9920478164622771,0.0014014720354515499,0.004063554045372452,0.10766202843576825
fiber,20260814,20300819,0.005728940156184113,0.01113236620863078,0.048422438626335905,0.053569362649869216,0.05177307878837765,0.015412986095426453,0.05610688870124325,0.9786088572510309,0.9912808993597366,0.0014014720354509785,0.004437957509580886,0.1126884457501365
fiber,20260815,20300810,0.0261978229224147,0.052003183170906846,0.05785806474277704,0.08077864713922792,0.07069303487941293,0.1304006638061163,0.027096054039564017,0.9007126498832335,0.9611924874426527,0.001706591757746936,0.01874894183165306,0.2119469731722047
fiber,20260815,20300811,0.0261978229224147,0.052003183170906846,0.061108329988482486,0.06921834339547935,0.060675470460632375,0.13046364109095004,0.039318304810457255,0.9014781999488799,0.960104359359943,0.001706597642022948,0.019491257832032507,0.21719976207111222
fiber,20260815,20300812,0.0261978229224147,0.052003183170906846,0.05218723191801719,0.07890369395590455,0.06637021990077609,0.13397063679599527,0.05465023565175584,0.9076334118963137,0.9603685366363726,0.0017065917577476935,0.018979408336318608,0.21322029548080973
fiber,20260815,20300813,0.0261978229224147,0.052003183170906846,0.05668869972552448,0.08171788779362953,0.07389224594053416,0.13151043045048372,0.041784972675556226,0.9044150764034411,0.9603675161417881,0.0017066042834198343,0.019115243342606062,0.21324791639456242
fiber,20260815,20300814,0.0261978229224147,0.052003183170906846,0.05287633717252617,0.07275660572240167,0.06482505336697741,0.13146372787959623,0.03879788717589634,0.9279852144793006,0.9648909799283659,0.001706602705454037,0.017037277353893356,0.20426524314641212
fiber,20260815,20300815,0.0261978229224147,0.052003183170906846,0.05583822802650064,0.06262158585466836,0.05516070220725879,0.13145496978891344,0.0447640288911893,0.9193730219619064,0.9668616645794046,0.0017065917577459844,0.01600535105277737,0.19953761370100537
fiber,20260815,20300816,0.0261978229224147,0.052003183170906846,0.06130059430278259,0.06651668985363976,0.06145486458061248,0.1310472307480865,0.0370519751757484,0.8983885427646543,0.9579835746520435,0.0017065917577469302,0.020492708780055262,0.22251100616648717
fiber,20260815,20300817,0.0261978229224147,0.052003183170906846,0.05052787152401018,0.06581200823044087,0.06254178189537465,0.13089692540341086,0.038481663572096786,0.8833434962359107,0.9603904287982854,0.0017065917577468997,0.01917464382825217,0.21245768088614464
fiber,20260815,20300818,0.0261978229224147,0.052003183170906846,0.06157885256325096,0.0769834727951118,0.07548536664446003,0.13285768389755007,0.04845757972660567,0.9106689894642019,0.9648117597404215,0.0017065917577463012,0.016981733328072613,0.19913154169994463
fiber,20260815,20300819,0.0261978229224147,0.052003183170906846,0.04755620412697428,0.061126469681175626,0.05412656012637899,0.13230529839771857,0.054952317154701114,0.9039097970067251,0.9588674609010465,0.001706591757746877,0.019899768685851006,0.2195023405194409
fiber,20260816,20300810,0.027629284559119116,0.054470900934445045,0.057336588728845145,0.08888689776808012,0.06932365183907291,0.08650184078558756,0.052328263591143925,0.8920009524067485,0.9591109096334784,0.0019390552333241277,0.019740981744385606,0.21311885755953738
fiber,20260816,20300811,0.027629284559119116,0.054470900934445045,0.05752902528033153,0.07184830739764676,0.049046789164903765,0.08551484284428565,0.02974905170837786,0.919333327271491,0.9613183610162427,0.0019390552333245492,0.018771667328819835,0.20940715795532397
fiber,20260816,20300812,0.027629284559119116,0.054470900934445045,0.057637355740356326,0.07955215078386296,0.05361573236952772,0.08575869214771623,0.08300325510256566,0.9031331138452782,0.9598558975217397,0.001939055233324681,0.019228581362515023,0.20679525360057888
fiber,20260816,20300813,0.027629284559119116,0.054470900934445045,0.054425895168688294,0.06856364435706792,0.06443365029756833,0.08703202180784167,0.027428972998074373,0.8971035171967796,0.9610315191096648,0.0019390552333240455,0.018673490486621213,0.2046335787713338
fiber,20260816,20300814,0.027629284559119116,0.054470900934445045,0.052046567272487965,0.07477910584734589,0.0525107616228227,0.08532216822039326,0.040437461910814716,0.9109121162154787,0.9591585959610871,0.0019390552333238714,0.019568320781850508,0.2160383667891152
fiber,20260816,20300815,0.027629284559119116,0.054470900934445045,0.050875862796082374,0.0578306147734278,0.044989760786961576,0.08688433775967377,0.055440699667399805,0.9088272901014804,0.963467093435305,0.0019390552333231914,0.01718557677826136,0.19371987586549624
fiber,20260816,20300816,0.027629284559119116,0.054470900934445045,0.05797624820761899,0.06820471911544855,0.05279167588278368,0.08626817753045046,0.05745284763737552,0.8859703797096394,0.9576146471249514,0.0019390552333240021,0.020581277013721307,0.22171257633881228
fiber,20260816,20300817,0.027629284559119116,0.054470900934445045,0.04842328883143601,0.09343446753541007,0.06446940746443007,0.08584248305763367,0.05495214755933203,0.8683064925478166,0.9508996628703799,0.0019390552333237204,0.02335209790272899,0.2274085613994326
fiber,20260816,20300818,0.027629284559119116,0.054470900934445045,0.061332582953447304,0.09204730497758806,0.07665373670654972,0.08629085384951118,0.03715904968478121,0.9113064135532793,0.963574174222728,0.0019390552333237465,0.017508058798154546,0.1981676436573419
fiber,20260816,20300819,0.027629284559119116,0.054470900934445045,0.049095497606907956,0.06754608827531466,0.056699589798442356,0.0849160455779069,0.07839560528312005,0.9000266304629183,0.9603922321909654,0.0019390552333246294,0.019177305692404334,0.21025482361150702
fiber,20260817,20300810,0.18430512339539237,0.35922216668512846,0.059703535672479144,0.09452736748443481,0.07651280347403405,0.39509426524342905,0.08997230100841913,0.4525058703179443,0.7739376419921715,0.001675269273662788,0.11631909971076686,0.4437261358886116
fiber,20260817,20300811,0.18430512339539237,0.35922216668512846,0.07576259194353156,0.07965345612088597,0.08617875826361948,0.3904314838268669,0.0730310780814901,0.49815985804253443,0.7741051973771563,0.0016752692736628169,0.11355836296611314,0.4389453489045012
fiber,20260817,20300812,0.18430512339539237,0.35922216668512846,0.06918953702575138,0.09230545066925655,0.09048187092565202,0.39901772329784346,0.11552261053043311,0.48239943155137155,0.7733344537630344,0.0016752692736627325,0.11789563341774649,0.4532839901310223
fiber,20260817,20300813,0.18430512339539237,0.35922216668512846,0.07797341635269103,0.12874066578152998,0.11997298033899029,0.38789905544290515,0.07083759772541999,0.47805826643147364,0.7742266802997861,0.0016752692736626597,0.11308540711094017,0.43549812715064534
fiber,20260817,20300814,0.18430512339539237,0.35922216668512846,0.05940183669314527,0.09018187770884152,0.09381953280737858,0.40266465955888664,0.08194489105113915,0.4951296363002895,0.7799181498724679,0.001675269273662958,0.11032975216652748,0.43948518965115735
fiber,20260817,20300815,0.18430512339539237,0.35922216668512846,0.05905801188937983,0.0861282174833405,0.08543447731119606,0.3861955274094444,0.09294947094762655,0.5455985240416219,0.7857607672830302,0.0016752692736628494,0.10328866532876443,0.4094151754488811
fiber,20260817,20300816,0.18430512339539237,0.35922216668512846,0.06732434713042339,0.06825471904723614,0.07196202358498545,0.3994903179495937,0.10849696157147233,0.473292611607595,0.7679340414779805,0.0016752692736629292,0.12375411934153042,0.47163651500862747
fiber,20260817,20300817,0.18430512339539237,0.35922216668512846,0.05893433456825482,0.07807013081186044,0.08086533210824022,0.4079148845010744,0.10560603620662508,0.4624569966306999,0.7593316027540797,0.0016752692736626458,0.12272793932148199,0.45981849592886526
fiber,20260817,20300818,0.18430512339539237,0.35922216668512846,0.07547681878195447,0.07071024800788252,0.08520964467861163,0.3780900164977795,0.06254742203556636,0.523313498843186,0.7873033725447129,0.001675269273662995,0.10623164205156885,0.41749163126932337
fiber,20260817,20300819,0.18430512339539237,0.35922216668512846,0.05808931880787382,0.07899549238599461,0.07824549149396363,0.38344882889614773,0.11848835468845109,0.49406348322756327,0.7780490676759696,0.0016752692736630795,0.11894506841384207,0.4579090799804614
fiber,20260818,20300810,0.018402981780673282,0.03555420559791371,0.05827359536594331,0.04927903703421437,0.06106700193629273,0.10990246763691094,0.020014348565387984,0.9369029272672045,0.9763766383571102,0.0012585745274340454,0.012129806125577175,0.17396079640177928
fiber,20260818,20300811,0.018402981780673282,0.03555420559791371,0.05970634279164405,0.06526239590821974,0.05474827921845125,0.10960296303755018,0.05196099422003997,0.9374717203238355,0.9759237052430867,0.0012585745274338912,0.012260286722929756,0.17719486275654098
fiber,20260818,20300812,0.018402981780673282,0.03555420559791371,0.05897559608464788,0.06385002639974592,0.05647656175841639,0.11524136590307624,0.04196076826408338,0.9298631457548332,0.9724258528813549,0.0012585745274335616,0.014053120161148593,0.19106383994288206
fiber,20260818,20300813,0.018402981780673282,0.03555420559791371,0.05276749531053046,0.08172097481170755,0.06490627713204887,0.1091135425568466,0.028584613212490537,0.9318029058877103,0.9742700588322183,0.0012585745274340575,0.013120835577073284,0.18338744616182617
fiber,20260818,20300814,0.018402981780673282,0.03555420559791371,0.05334597979238232,0.06387198648024345,0.06109472517111736,0.11489470203647839,0.025840979043956255,0.9307333386997589,0.9741960562088776,0.0012585745274346035,0.013322941723958509,0.19206237757770628
fiber,20260818,20300815,0.018402981780673282,0.03555420559791371,0.05659989914999222,0.05123187233359283,0.04591238556448632,0.11193333714176947,0.03416372011611867,0.9222571460466695,0.9696158862688613,0.001258574527434895,0.015637598164201957,0.19519164542188272
fiber,20260818,20300816,0.018402981780673282,0.03555420559791371,0.058633385642666694,0.0576987318976589,0.052358432142380264,0.11184273941883244,0.03811622306343274,0.9320395737512244,0.9740934432354191,0.0012585745274346501,0.013174363143725198,0.18762950578824109
fiber,20260818,20300817,0.018402981780673282,0.03555420559791371,0.05104898048845785,0.07265315183674242,0.05720810234800234,0.1079803371147467,0.05253970545581724,0.9321412499932328,0.9734528046530844,0.0012585745274342728,0.01364529192442876,0.1834719202982182
fiber,20260818,20300818,0.018402981780673282,0.03555420559791371,0.06585747085583897,0.09166721220739897,0.07553553113357907,0.11152604109700803,0.028318521007072727,0.9374765164190985,0.9744385942742418,0.0012585745274348256,0.01304073087882426,0.1798737839706958
fiber,20260818,20300819,0.018402981780673282,0.03555420559791371,0.04517871325405133,0.06700695191840812,0.05245993591719907,0.1117551742917412,0.03516191551770314,0.9353844074512743,0.9743219625491693,0.0012585745274340462,0.013061508454164797,0.18169803276327134
fiber,20260819,20300810,0.35178997175498294,0.6837750162476393,0.06161371268148547,0.09653611830816648,0.07887702553477892,0.3369095038419689,0.09807223667482218,0.30630304216465465,0.6797669695590838,0.0020585624691586983,0.18415182134511002,0.5010265587737492
fiber,20260819,20300811,0.35178997175498294,0.6837750162476393,0.08074181758391084,0.0773519210529319,0.06457309656841655,0.3335737742036384,0.0603342142696778,0.34896731656192215,0.6829727983250301,0.0020585624691589035,0.18250879749236731,0.5027590336982721
fiber,20260819,20300812,0.35178997175498294,0.6837750162476393,0.08779813924695924,0.09111422346665447,0.07643670940076243,0.3324035180662661,0.12358900666552845,0.32094582785285614,0.6763763875645706,0.0020585624691587335,0.1879264908357273,0.5122391749007222
fiber,20260819,20300813,0.35178997175498294,0.6837750162476393,0.09723375437408528,0.13601980300313968,0.11453696862463451,0.3325296493563918,0.07036986081797927,0.30002531164958307,0.6759117700913371,0.002058562469158471,0.17963918560349174,0.48679483713376703
fiber,20260819,20300814,0.35178997175498294,0.6837750162476393,0.0665110415943717,0.09124844371351508,0.07707927058758927,0.33737154448427603,0.101200931312796,0.3211819705138337,0.6744765107867237,0.002058562469158929,0.18039235725858196,0.5016513021036296
fiber,20260819,20300815,0.35178997175498294,0.6837750162476393,0.06809490895029541,0.0777759259891455,0.05959324396082747,0.33993441987854456,0.11750227943931162,0.3581120605877813,0.6812453801446529,0.0020585624691584203,0.1701491392639398,0.46811920672991364
fiber,20260819,20300816,0.35178997175498294,0.6837750162476393,0.07493777324388416,0.0881167719679629,0.07559784154287234,0.3337971749586192,0.10169741813308486,0.3170017187256628,0.6775897266663138,0.002058562469158958,0.1935533593814697,0.5302813102863835
fiber,20260819,20300817,0.35178997175498294,0.6837750162476393,0.06822674062618261,0.08718458478692097,0.06949603613818083,0.3357588223714908,0.09271751986568759,0.31176276680268616,0.6567369988002991,0.0020585624691583267,0.19540005394010398,0.5173164272363036
fiber,20260819,20300818,0.35178997175498294,0.6837750162476393,0.08563051431321703,0.08806682458495023,0.076954618760761,0.3363106647312254,0.07602639578838381,0.35957873761230474,0.6859375855008272,0.00205856246915899,0.17226419997697234,0.4793613819926098
fiber,20260819,20300819,0.35178997175498294,0.6837750162476393,0.06593389319919817,0.08284527404134974,0.06967739159979025,0.3374172877592012,0.11334059352391608,0.3383051280504882,0.6826875332848767,0.002058562469159342,0.18847996383788723,0.5120673132004023
random,20260810,20300810,0.42593380136314,0.8248755952761734,0.07914260935263745,0.1137678450921125,0.1147804143214472,0.5191487454263409,0.04869596227527353,0.3109620171567675,0.6656693794708823,0.0018971617274016368,0.21251221978528273,0.5428178966275095
random,20260810,20300811,0.42593380136314,0.8248755952761734,0.09378248605350155,0.1090485134454135,0.11034359544894416,0.518714357129425,0.05190750250915444,0.31896228246285463,0.6633876712085558,0.0018971617274019033,0.2093671189937118,0.5333661529522655
random,20260810,20300812,0.42593380136314,0.8248755952761734,0.08648500158202228,0.1133626138373814,0.1146198822553734,0.5218227109736072,0.08562014238957112,0.26948325457734346,0.651083262573731,0.0018971617274018853,0.20605841680324377,0.5233237723350364
random,20260810,20300813,0.42593380136314,0.8248755952761734,0.0626933932524666,0.08881010498483188,0.0889944724228197,0.5197192648180808,0.054557308316149244,0.2735883865623994,0.6541249825032175,0.0018971617274017524,0.21358418045395716,0.5310504183144192
random,20260810,20300814,0.42593380136314,0.8248755952761734,0.07026357376097689,0.13591871489115256,0.13762899014769467,0.5202241962615742,0.05314675760214371,0.3314532101168859,0.6703964150422556,0.0018971617274016611,0.2089599900795999,0.5445769421178781
random,20260810,20300815,0.42593380136314,0.8248755952761734,0.05829124009591027,0.09847056560595042,0.09957673621817453,0.5168474312329105,0.05794004161325059,0.36011230257641386,0.6758577539486105,0.0018971617274014228,0.19904137492958182,0.520449322291312
random,20260810,20300816,0.42593380136314,0.8248755952761734,0.07430662496182605,0.09905911436507137,0.10065536406944076,0.5214694339039536,0.06214391334026215,0.30475100740364824,0.660158640751553,0.0018971617274018617,0.21451432876206447,0.5415358593938994
random,20260810,20300817,0.42593380136314,0.8248755952761734,0.09033700701189741,0.1130971218217035,0.1149335169737961,0.5190272707283468,0.053467270218462315,0.29021202741277474,0.6485722442664716,0.0018971617274016472,0.21380277870677036,0.5327040316662536
random,20260810,20300818,0.42593380136314,0.8248755952761734,0.08068710337170452,0.08101648633456197,0.0817307775832765,0.5193396636744806,0.05912746908689365,0.3353511779386383,0.6747470790484611,0.0018971617274016403,0.20063400150874638,0.5201106461678846
random,20260810,20300819,0.42593380136314,0.8248755952761734,0.07824384809866253,0.09853473488571333,0.10018138442452888,0.5223235239209859,0.06285286106249822,0.2927654873101667,0.6479706833069588,0.0018971617274017583,0.2121397050310156,0.5286611400218189
random,20260811,20300810,0.29916529071410447,0.5791994674187391,0.0786045699446255,0.12703321906129036,0.0776672107220165,0.30036087556929636,0.05712048331397723,0.40656084799028147,0.7186282868159829,0.0011991486098179478,0.1620394482405984,0.5025210097178807
random,20260811,20300811,0.29916529071410447,0.5791994674187391,0.0828806739320811,0.11748954924852277,0.07244714102320582,0.3037165487150231,0.06645783898031833,0.4137080049404265,0.7189349508693519,0.001199148609818378,0.16046650493937314,0.49573848230260104
random,20260811,20300812,0.29916529071410447,0.5791994674187391,0.07945696326065246,0.1322854149421475,0.0839896985580661,0.30490766678101877,0.06774616309067866,0.4141125873720731,0.7241530244977712,0.0011991486098180345,0.15330670620315817,0.4739652589828284
random,20260811,20300813,0.29916529071410447,0.5791994674187391,0.05787923817423655,0.07613668845557825,0.07723770760733369,0.3141138152679441,0.05960594399117231,0.35650207072408235,0.7066106508726564,0.0011991486098170538,0.1613290926782848,0.48139253372308544
random,20260811,20300814,0.29916529071410447,0.5791994674187391,0.05418113887600828,0.1184781898087754,0.06546645975899829,0.297062237300034,0.0405302273452895,0.43821748151460077,0.7234306618800463,0.0011991486098184415,0.16118159901593404,0.5012039272709375
random,20260811,20300815,0.29916529071410447,0.5791994674187391,0.0587989512295867,0.10039095426568727,0.06297358320723152,0.3023623125022006,0.05648756128778042,0.42557217759159666,0.7307956510414411,0.0011991486098168723,0.15321951549597898,0.48097413349255813
random,20260811,20300816,0.29916529071410447,0.5791994674187391,0.07258590299022444,0.11316885424614563,0.06506714303936696,0.3034496884457338,0.04376155463269362,0.38858208012924944,0.7178649850507752,0.0011991486098180987,0.1604936777269898,0.4950579126191023
random,20260811,20300817,0.29916529071410447,0.5791994674187391,0.06874430796854217,0.11623832494725306,0.07700068067805906,0.3039289215979235,0.05977369852032907,0.40640798349681145,0.7182593464166801,0.0011991486098166734,0.1672964020869298,0.5061573936782797
random,20260811,20300818,0.29916529071410447,0.5791994674187391,0.07393929307078646,0.1323695927309058,0.09487053601158633,0.3081529041236365,0.06267722286294268,0.41017686849959367,0.7301035297585994,0.0011991486098186115,0.15730328523346584,0.4929522885372598
random,20260811,20300819,0.29916529071410447,0.5791994674187391,0.06787118706346036,0.1150081227346194,0.06878885781571112,0.30817762673639115,0.0711524071283363,0.37933357588873085,0.7101234680681051,0.0011991486098200306,0.16260300613692602,0.49417369879478157
random,20260812,20300810,0.16834163547319234,0.3267661892424655,0.06979927110706861,0.08911484041332603,0.08184844328128765,0.3773021712626604,0.05705486689023311,0.5096372644624635,0.7846544354707046,0.0018235612565302931,0.10267725447274227,0.41341413756719936
random,20260812,20300811,0.16834163547319234,0.3267661892424655,0.08675949353323432,0.09159283576544998,0.07787356783808248,0.367848731174551,0.07340657909026542,0.48549119273288494,0.7788944926589685,0.0018235612565306533,0.10804639970239067,0.43317927424214925
random,20260812,20300812,0.16834163547319234,0.3267661892424655,0.06676790501025825,0.09284643274962646,0.08781171535467523,0.37574478599602185,0.08200194131012432,0.52062843676567,0.7882235138874848,0.0018235612565302335,0.10037847092496048,0.4056144831145619
random,20260812,20300813,0.16834163547319234,0.3267661892424655,0.05810226025498833,0.07650402871783729,0.07824862659443275,0.37320886996479885,0.06346543093083945,0.4706757021366247,0.7766445618092899,0.0018235612565298286,0.10701578163344945,0.41685310634546796
random,20260812,20300814,0.16834163547319234,0.3267661892424655,0.05474440549946985,0.07886804861823443,0.07910211993776259,0.36942446633674636,0.06479583740272148,0.5404202624048224,0.7873473776244558,0.001823561256530925,0.10496549779679185,0.4358815667714289
random,20260812,20300815,0.16834163547319234,0.3267661892424655,0.07015687741550033,0.07167959765085184,0.06686535836631462,0.3699056360819931,0.06436678119094232,0.525672436006641,0.79160974429518,0.0018235612565299143,0.10213657189142011,0.4154231908456108
random,20260812,20300816,0.16834163547319234,0.3267661892424655,0.06579827977900773,0.07765572876769448,0.06820261613618761,0.37227376941189005,0.055605553411398036,0.5024992029382994,0.7830192429458974,0.0018235612565308777,0.10602684342522681,0.41943687726216317
random,20260812,20300817,0.16834163547319234,0.3267661892424655,0.05624383648774659,0.06653098795122507,0.053385029694136506,0.3721795940509073,0.07233171285191019,0.49798152278035623,0.7898951491433058,0.0018235612565296378,0.10539613684251839,0.417626976932339
random,20260812,20300818,0.16834163547319234,0.3267661892424655,0.07127166411143342,0.09019977120535605,0.07223407545813965,0.37684340007721595,0.06739454581788956,0.5267380145132138,0.7935538250627495,0.0018235612565311494,0.10194909986333862,0.4139105016346165
random,20260812,20300819,0.16834163547319234,0.3267661892424655,0.05862785173972196,0.08419771843056663,0.06811683217707946,0.37650858209073673,0.058682004585626196,0.49390442285926606,0.7773289166475049,0.0018235612565316514,0.10730514608048666,0.4230624105740041
random,20260813,20300810,0.38688139365947827,0.748267929458966,0.09168698856434443,0.11749831114926078,0.09249865166202276,0.8040124078301351,0.0668827685111238,0.3126092120296211,0.6691280908866022,0.0017078304918914451,0.1966115194598203,0.5219731890421702
random,20260813,20300811,0.38688139365947827,0.748267929458966,0.08966042660271432,0.09884075938293573,0.07473606081180513,0.8079912372343467,0.06147232110543352,0.3353342700099834,0.6717032828093271,0.001707830491891581,0.19504033551668573,0.5152845086358357
random,20260813,20300812,0.38688139365947827,0.748267929458966,0.08454179651853827,0.10246844548175689,0.0790363690751439,0.801597395448153,0.10164281684737586,0.3208643321435396,0.6693147371951851,0.001707830491891377,0.18773169866297917,0.49793216940649776
random,20260813,20300813,0.38688139365947827,0.748267929458966,0.06316628904106884,0.07193669355484754,0.08938109583192994,0.8112743634309649,0.06461548406720934,0.28629428274493535,0.6569333665749725,0.0017078304918912096,0.19655463715769056,0.5036893107195831
random,20260813,20300814,0.38688139365947827,0.748267929458966,0.06110280630395767,0.10718375437857601,0.07810234798843387,0.8144600403464201,0.07442649782980898,0.34899873661637215,0.6714361572165272,0.0017078304918918077,0.19786157154372555,0.5307454741699633
random,20260813,20300815,0.38688139365947827,0.748267929458966,0.06426488616758413,0.07669689008109515,0.06449810975236542,0.8091523352589842,0.091681472285056,0.3365866272165535,0.6775453755844882,0.0017078304918914191,0.18812377624590054,0.508776049284849
random,20260813,20300816,0.38688139365947827,0.748267929458966,0.07662403714298471,0.0963765621347384,0.07872123032522507,0.8147189454110412,0.07001236199918111,0.3016800042577197,0.6643108559410411,0.0017078304918917552,0.19564068538515061,0.5184306788616684
random,20260813,20300817,0.38688139365947827,0.748267929458966,0.08399320070486728,0.09184733190698141,0.07782345473414289,0.8188455775247128,0.07515271815639962,0.3346278133004241,0.6669705356574422,0.0017078304918911637,0.2011575952336917,0.5231004314451415
random,20260813,20300818,0.38688139365947827,0.748267929458966,0.07850294658733098,0.11540355662109847,0.10628599869400018,0.8026291237092731,0.06250318234183135,0.34163177829367664,0.6859080339289367,0.0017078304918919187,0.19343022307089375,0.5246659728891058
random,20260813,20300819,0.38688139365947827,0.748267929458966,0.07191277730245557,0.09540406064440632,0.07287138452798371,0.8064316296303429,0.082815280232279,0.30925169475095826,0.6622679321333484,0.00170783049189209,0.19881575266558515,0.5162141245350903
random,20260814,20300810,0.08805524246355712,0.17109366130266934,0.06103229068133824,0.10611003211494024,0.0720720341570345,0.25825417286654334,0.04245902352914257,0.7133637282518361,0.8806300056206042,0.0016199873717459966,0.057364959267330276,0.3406997181477266
random,20260814,20300811,0.08805524246355712,0.17109366130266934,0.06737773324520184,0.10278958541656753,0.05944822193429986,0.2588596983937418,0.059705471996005476,0.710243285029431,0.8786250620453877,0.0016199873717461434,0.05839067250721046,0.3486036777087601
random,20260814,20300812,0.08805524246355712,0.17109366130266934,0.05974240111438883,0.11082411822576665,0.06477917021973238,0.2597073999068745,0.059724447223984185,0.7289238338939296,0.8857570688117802,0.0016199873717458197,0.05377966432820238,0.32268723521541276
random,20260814,20300813,0.08805524246355712,0.17109366130266934,0.05275808837386557,0.07998740419350889,0.0637469825640898,0.26124778888133793,0.05088281713935621,0.6721486275345572,0.8731984272062968,0.00161998737174576,0.05960036050872689,0.3430874156439092
random,20260814,20300814,0.08805524246355712,0.17109366130266934,0.051289035029951316,0.10661601016184563,0.057371039602097766,0.2584757137033531,0.041008531165422656,0.7450602025780586,0.8846617389090327,0.0016199873717465234,0.05624748111889577,0.3434169914408947
random,20260814,20300815,0.08805524246355712,0.17109366130266934,0.056130125103142595,0.08238199713664489,0.05294403709629291,0.26605522825636485,0.039908487901095,0.7273954132739702,0.8902323628086013,0.0016199873717461046,0.0529771966743937,0.3264700591377411
random,20260814,20300816,0.08805524246355712,0.17109366130266934,0.06373222948039671,0.09284898514947953,0.0539318769071363,0.25995104488048826,0.04105044752993329,0.7009667774211066,0.8803882296054952,0.0016199873717464915,0.05693318186337361,0.3356890387273782
random,20260814,20300817,0.08805524246355712,0.17109366130266934,0.052134057625525865,0.09834334301652342,0.06400167900198551,0.2578727855640506,0.05387088215437171,0.6864627546522574,0.8781827127494315,0.0016199873717457416,0.059854407498987294,0.3434778111609896
random,20260814,20300818,0.08805524246355712,0.17109366130266934,0.06220315726762361,0.10607762007491717,0.07891769974830233,0.2584355898588749,0.04846622268504088,0.7153117501605766,0.884975903930241,0.001619987371746713,0.055199595800667633,0.33419480929301815
random,20260814,20300819,0.08805524246355712,0.17109366130266934,0.05682218886707106,0.09188707213915132,0.05845843399079332,0.26136891796132256,0.061459517703957696,0.697480330982597,0.8763850351223168,0.0016199873717467291,0.05859770053730541,0.3436176150324066
random,20260815,20300810,0.1594978324464197,0.31081447923082095,0.06341886819629727,0.10378716730932601,0.07547047553847085,0.49626725025412,0.032832892261035,0.5584194062791936,0.8121873742924386,0.0017013977286514607,0.09549673363304916,0.41386262404770024
random,20260815,20300811,0.1594978324464197,0.31081447923082095,0.07896648985070297,0.10744852566033769,0.07381974784705841,0.49796682435494805,0.04120585198133859,0.5639126445760693,0.8104315748995091,0.001701962206954922,0.09989972496726193,0.43212756069678226
random,20260815,20300812,0.1594978324464197,0.31081447923082095,0.06276225013472896,0.12315785559191983,0.08498362692161605,0.5025839450493533,0.05764607801015792,0.5639039727539709,0.812222418558321,0.0017014404220844735,0.09465300649319454,0.41046621579686116
random,20260815,20300813,0.1594978324464197,0.31081447923082095,0.05672165911395982,0.1234812770007218,0.0889542996836049,0.4997372282518548,0.044484633782210105,0.5364732491697755,0.805242328036386,0.0017017874435740175,0.09858611446054624,0.4184500514934858
random,20260815,20300814,0.1594978324464197,0.31081447923082095,0.053557576553624656,0.11967945919907619,0.07660341422595647,0.49411506414735684,0.03776955526337831,0.611221638581019,0.8201284013813728,0.0017017385457591913,0.09308615624145032,0.4220820110760786
random,20260815,20300815,0.1594978324464197,0.31081447923082095,0.06254166693593412,0.10946708827589698,0.07054295521194125,0.49123349138195,0.04538237041987874,0.6027138750185111,0.825788050455925,0.0017017036722268134,0.08997980844815198,0.4067052330288937
random,20260815,20300816,0.1594978324464197,0.31081447923082095,0.06894355330129061,0.09500615221613389,0.0685155838306065,0.49980358384327805,0.03900015717615169,0.5649951111365328,0.8075213200008615,0.0017017453023927865,0.10028271637988606,0.42527155434067876
random,20260815,20300817,0.1594978324464197,0.31081447923082095,0.05183107505221185,0.07483978930724018,0.05602362557927551,0.4988154648542445,0.04600161235951322,0.5498973005610064,0.815682820404399,0.0017015969751992543,0.09637066052053142,0.41487101063174514
random,20260815,20300818,0.1594978324464197,0.31081447923082095,0.06513361590484794,0.08299001902969416,0.06967444095684465,0.4966627663395368,0.057163099719031864,0.5839259104371207,0.8213396724211164,0.0017016575919595969,0.09178280191564316,0.4046025216571506
random,20260815,20300819,0.1594978324464197,0.31081447923082095,0.059912822727785406,0.09924982066202374,0.06739121399922274,0.49997640355783496,0.04533569758162786,0.5498163907634112,0.8048476939450436,0.001701608779923712,0.09912385921913007,0.42076399437280154
random,20260816,20300810,0.1298147812460686,0.2530173015683438,0.05966541793666032,0.14437766548569267,0.07635584593633131,0.4853551561874977,0.10034570680243808,0.6650063230516549,0.8593810861135573,0.002198245043288166,0.0724926615644927,0.3484334698996116
random,20260816,20300811,0.1298147812460686,0.2530173015683438,0.06546956177032776,0.13679248189247886,0.05982599966780197,0.4815662755422936,0.06741107160816369,0.7048492942920279,0.8623000237328053,0.0021982450432888392,0.07072217277802897,0.34722135083530486
random,20260816,20300812,0.1298147812460686,0.2530173015683438,0.06357817437360631,0.1439601447545136,0.06610541451278489,0.4884042214572335,0.1008838084292012,0.6884902639308316,0.8618966308623364,0.0021982450432888757,0.06994905310916343,0.3328639384694752
random,20260816,20300813,0.1298147812460686,0.2530173015683438,0.0577064718504647,0.10726286268063351,0.07980943626271488,0.4894978202894549,0.07885186694192305,0.6586881789891568,0.8594319904413602,0.002198245043287887,0.07226626946628076,0.34509227571354195
random,20260816,20300814,0.1298147812460686,0.2530173015683438,0.053657247619932076,0.1342670543775642,0.06303979306093917,0.4805851961599166,0.08816100836565714,0.7063569114726012,0.8619779026810276,0.002198245043288004,0.07127971498668736,0.3496974378756328
random,20260816,20300815,0.1298147812460686,0.2530173015683438,0.05331618888160682,0.11482275342709732,0.05603822281218517,0.4853997686049677,0.10553585570174175,0.6950273471478545,0.870119723807219,0.002198245043286734,0.06682350666450818,0.3321417194235411
random,20260816,20300816,0.1298147812460686,0.2530173015683438,0.062485663474331016,0.12867878716165893,0.059395080356830554,0.48598161412769547,0.10903361106637832,0.6574629523874678,0.8596800724500966,0.002198245043288122,0.07343150496714804,0.35099441741044957
random,20260816,20300817,0.1298147812460686,0.2530173015683438,0.04975832602626483,0.14692630538227727,0.07664289478669627,0.48411366192141475,0.08711853830591916,0.6304503668057656,0.8485193275064727,0.0021982450432873925,0.0792134470572269,0.3614936976058666
random,20260816,20300818,0.1298147812460686,0.2530173015683438,0.06555244682901643,0.14162407462000526,0.0827693439746361,0.4831925731517515,0.08655994009079503,0.6903905127399605,0.8676299493605747,0.002198245043287907,0.067732847460766,0.33397806260412566
random,20260816,20300819,0.1298147812460686,0.2530173015683438,0.05461861093619267,0.12552832822115453,0.06975538956507456,0.4835070125623374,0.09349349433425487,0.6726422021983988,0.8589836673425669,0.002198245043289266,0.07245122787414102,0.34675484121154365
random,20260817,20300810,0.42542387989679575,0.8250233823664401,0.06805269853262974,0.09911710627653499,0.07920949030325997,0.553491757195049,0.04690721358212633,0.27499148128112977,0.6504958103848056,0.0018352641705383509,0.2189956208819034,0.5474576638404891
random,20260817,20300811,0.42542387989679575,0.8250233823664401,0.08070742734631421,0.07964343793165578,0.07142808154236906,0.5632763191746994,0.05986204528299968,0.3077097555580113,0.655659985303748,0.0018352641705385521,0.2109157856126874,0.5324649775327659
random,20260817,20300812,0.42542387989679575,0.8250233823664401,0.09457098828929053,0.09419872972165316,0.08671064172606108,0.5549233301233907,0.07189017000457242,0.25063273198249725,0.6416704301179847,0.0018352641705385864,0.21913255622805114,0.551224030321886
random,20260817,20300813,0.42542387989679575,0.8250233823664401,0.09430503263060007,0.13097953876863325,0.1200214563862228,0.5553103632664207,0.042675561612734635,0.26508632648708236,0.6501673298787173,0.0018352641705385233,0.21264104839054418,0.5259744627473985
random,20260817,20300814,0.42542387989679575,0.8250233823664401,0.0655876010312273,0.09818562517961528,0.06958428467726582,0.5598804608290815,0.03207670348891974,0.29046119029181744,0.6491427915885416,0.0018352641705383227,0.21556493016481787,0.5470173024208979
random,20260817,20300815,0.42542387989679575,0.8250233823664401,0.07064747131806978,0.09127896419971669,0.06613525596969581,0.5563854626066514,0.052155461515785956,0.30612321260969133,0.651861216858107,0.0018352641705382533,0.2037774914508763,0.5156338940412937
random,20260817,20300816,0.42542387989679575,0.8250233823664401,0.08288364300767999,0.10382948589239438,0.07000732654284968,0.5514258465467614,0.037995414686317834,0.2886055374737687,0.6546851418801045,0.0018352641705385348,0.22514259231804962,0.5674147523765242
random,20260817,20300817,0.42542387989679575,0.8250233823664401,0.08022571097021826,0.10103967318437586,0.07342259974821709,0.5537639802205417,0.04799995239803024,0.2724333697675581,0.6258625468677316,0.0018352641705384615,0.22902582666695942,0.5567682826702893
random,20260817,20300818,0.42542387989679575,0.8250233823664401,0.08661751851110355,0.10844132118500839,0.08442088551379634,0.5559944034391634,0.05763601485297798,0.31276479651765066,0.6587544594407116,0.001835264170538295,0.20336878105609787,0.5187804846962925
random,20260817,20300819,0.42542387989679575,0.8250233823664401,0.06705156321914217,0.08140953692899412,0.06681351873905451,0.5609214761265892,0.04961177962120481,0.2819343080598873,0.6481550423308695,0.0018352641705382832,0.21846933852592146,0.5395064378133205
random,20260818,20300810,0.37332936394138116,0.7242013425399474,0.08045680035405936,0.11160909344403475,0.1024920764305197,0.6681564380002101,0.06302743396812661,0.33781754408383174,0.6795852815885677,0.0012001222022652851,0.18717632799387435,0.5072839122085319
random,20260818,20300811,0.37332936394138116,0.7242013425399474,0.08241314944293866,0.10557585009043756,0.07562703660805976,0.668313274189476,0.0648112938678893,0.2867502766108189,0.667968791748217,0.0012001222022653042,0.1895869002177574,0.5174201980465519
random,20260818,20300812,0.37332936394138116,0.7242013425399474,0.09393962342310408,0.09686116109731858,0.09099991166767914,0.6676708534011798,0.07829288071288311,0.36426665411398085,0.6826859876397637,0.0012001222022648948,0.18917797090078953,0.5117142081261007
random,20260818,20300813,0.37332936394138116,0.7242013425399474,0.07158110463630461,0.10777402583004984,0.07936188099831017,0.6687767841163091,0.05869803302419082,0.33383551136151374,0.6818096084372056,0.001200122202264964,0.18936692093273805,0.5068099514662909
random,20260818,20300814,0.37332936394138116,0.7242013425399474,0.08410334492602917,0.08212515360932511,0.10583909746800901,0.6669582662081337,0.06973775223799943,0.3443683102138535,0.6785495192034185,0.0012001222022659842,0.1962015395439924,0.546602772273603
random,20260818,20300815,0.37332936394138116,0.7242013425399474,0.08444023291260944,0.07911890863360577,0.08936426898156315,0.6725169732411931,0.09595673793029658,0.35529128345910704,0.68595047015537,0.0012001222022656488,0.18880649342568206,0.5147397122571273
random,20260818,20300816,0.37332936394138116,0.7242013425399474,0.06962217123966494,0.09751129725493142,0.07329937457731796,0.6595834110998616,0.08207509973514789,0.3331626319999362,0.683069098321393,0.0012001222022658517,0.19311877651621093,0.5227587603906257
random,20260818,20300817,0.37332936394138116,0.7242013425399474,0.06508063459744234,0.1234043838836688,0.07292150353863068,0.662557510510017,0.07451057416752836,0.3251652844486466,0.6749413684190603,0.0012001222022650312,0.19645804227078262,0.5204985194813636
random,20260818,20300818,0.37332936394138116,0.7242013425399474,0.08542226591032179,0.1334680210335613,0.07810802536393457,0.6650809653836275,0.07340558939785458,0.3722160813089244,0.6891451046539989,0.001200122202266234,0.1833964764669002,0.5057549254697291
random,20260818,20300819,0.37332936394138116,0.7242013425399474,0.06203914288123047,0.10691582816054013,0.07679201699502088,0.6646559080788603,0.07319338664672796,0.34380319074392945,0.6800090996258692,0.001200122202266086,0.19223142624943396,0.5128875256036252
random,20260819,20300810,0.48136692780504936,0.9333464622659197,0.07008942994869766,0.0947776453614586,0.07722179972200384,0.48455800267381677,0.06280180278663433,0.26449418901974564,0.6379252347029466,0.0021431699865972955,0.24413878713011083,0.5808547562298317
random,20260819,20300811,0.48136692780504936,0.9333464622659197,0.09382689409080183,0.08584958720339497,0.07584524656824981,0.47993793594572276,0.053775328844142885,0.26809290627812754,0.6359272338118526,0.0021431699865975956,0.23671219428509124,0.5643099149093666
random,20260819,20300812,0.48136692780504936,0.9333464622659197,0.08792425995557734,0.08394032881626794,0.07918787931761744,0.48044128407478104,0.09942365331519602,0.254483274411126,0.6315289657181303,0.0021431699865974915,0.24300348333773353,0.5823024692843818
random,20260819,20300813,0.48136692780504936,0.9333464622659197,0.09177297100799062,0.1304069528144768,0.11089022146303566,0.49308471717153163,0.0585924325751662,0.25009952473322905,0.6344983660015068,0.0021431699865970847,0.2386184391186394,0.556770577637607
random,20260819,20300814,0.48136692780504936,0.9333464622659197,0.06979340443354459,0.09379126101379896,0.0892331259753455,0.4854968623795366,0.07859266732769958,0.26644750592847827,0.6336924480668114,0.0021431699865974243,0.23869858361264976,0.5727682105643312
random,20260819,20300815,0.48136692780504936,0.9333464622659197,0.06688798966211473,0.08935393797005797,0.07439118535807306,0.48448683202464243,0.09206578356098764,0.29699661992712706,0.6368418000947763,0.0021431699865967976,0.22647802761097263,0.546403546902825
random,20260819,20300816,0.48136692780504936,0.9333464622659197,0.08954407421140856,0.09212920953658395,0.08899083367423401,0.4942113247735863,0.08076961415643019,0.2696078885680933,0.6403162770832382,0.002143169986597474,0.253061044288115,0.6082358863889286
random,20260819,20300817,0.48136692780504936,0.9333464622659197,0.08740472686394131,0.07887243628432157,0.0705729379003258,0.4842810626438856,0.0683930829451936,0.25892444393011876,0.6178946763338975,0.002143169986596874,0.2537489050034795,0.5903914779564944
random,20260819,20300818,0.48136692780504936,0.9333464622659197,0.09262897675640698,0.08604049721495748,0.08072531164708503,0.48774294273184626,0.0682563610616916,0.29277498446722994,0.6455837559718762,0.0021431699865974534,0.226582868590181,0.54623909735821
random,20260819,20300819,0.48136692780504936,0.9333464622659197,0.07099138492245395,0.06906054067207412,0.06770072290861155,0.49789621887900437,0.0903769785219221,0.2713971626726709,0.6321206497579059,0.002143169986597983,0.24555787616281138,0.57937912938219
full_phi5,20260810,20300810,0.5160304672922152,0.9999999999999635,0.08280386819761112,0.09720819813349724,0.08601344372990638,0.2305512468364438,0.03938150751600252,0.2642485667570321,0.6337922546380856,0.0014382790907579717,0.2599971711843863,0.6126632704392148
full_phi5,20260810,20300811,0.5160304672922152,0.9999999999999635,0.09977796234582004,0.0808524559893779,0.07425939183778506,0.22453278222602477,0.06082215539041935,0.2598029617132078,0.6287719988763741,0.001438289186884705,0.2565031747526781,0.6046845456944121
full_phi5,20260810,20300812,0.5160304672922152,0.9999999999999635,0.09002308616591859,0.081065847332734,0.07376129197958206,0.22721030411692877,0.05954159443912469,0.2698049774411959,0.6312335735049752,0.001438263779679196,0.25535304035883793,0.6021901493305724
full_phi5,20260810,20300813,0.5160304672922152,0.9999999999999635,0.0836763915271524,0.10562085219130714,0.11210909012501329,0.22340247098694804,0.0462321827918267,0.2524918526317971,0.6285147228419647,0.001438262722159571,0.2554795364059966,0.5864217918565704
full_phi5,20260810,20300814,0.5160304672922152,0.9999999999999635,0.0767398405947468,0.08176461879706898,0.08229865856870182,0.22872916002732532,0.029631467796511306,0.2839046637773929,0.6332597853163531,0.0014382881231144264,0.2599398949074521,0.6252669525681911
full_phi5,20260810,20300815,0.5160304672922152,0.9999999999999635,0.07211709818981162,0.07159507894254281,0.07012405307356546,0.22723967602487746,0.05966083201009139,0.29428919272998966,0.6382806061571676,0.0014382918141410729,0.24672393670498444,0.5889767129328435
full_phi5,20260810,20300816,0.5160304672922152,0.9999999999999635,0.08025431219383461,0.07881531863266157,0.07754623985172315,0.22319847990834396,0.05988000095242325,0.2668924307477755,0.6327181968861375,0.0014382793613412583,0.26686421788474857,0.6289845905789567
full_phi5,20260810,20300817,0.5160304672922152,0.9999999999999635,0.08323014200815608,0.07494884098345822,0.07978436930081609,0.22627912260577954,0.04047517093006927,0.2716555870625907,0.6250166245802332,0.0014382732079856876,0.2683870972183636,0.6190667627972576
full_phi5,20260810,20300818,0.5160304672922152,0.9999999999999635,0.09536489552814813,0.09315548861231045,0.09740516862624483,0.22823531743807546,0.061145841861982735,0.2985948061197031,0.6463779030319319,0.001438288529878845,0.24724160867027076,0.592441672407138
full_phi5,20260810,20300819,0.5160304672922152,0.9999999999999635,0.07074254096060348,0.07572929184912919,0.07277746868422551,0.2270397040459411,0.048585396576094876,0.2649222596033536,0.6278304205603911,0.0014382870883235196,0.26267222625866526,0.6108856776348477
full_phi5,20260811,20300810,0.5160304672922152,0.9999999999999635,0.0828038681976109,0.09720819813349701,0.08026821576649215,0.26285206650581017,0.046361602310405925,0.2642485667570322,0.6337922546380856,0.0014384457467822736,0.2599971711843863,0.6126632704392148
full_phi5,20260811,20300811,0.5160304672922152,0.9999999999999635,0.09977796234582,0.08085245598937783,0.07855089104228445,0.2633776820983387,0.05721706552501571,0.2598029617132078,0.6287719988763741,0.0014384551914084745,0.2565031747526781,0.6046845456944121
full_phi5,20260811,20300812,0.5160304672922152,0.9999999999999635,0.0900230861659189,0.08106584733273405,0.08695296135539998,0.2641176807187202,0.07539408968687658,0.26980497744119586,0.6312335735049752,0.00143839246543031,0.25535304035883793,0.6021901493305724
full_phi5,20260811,20300813,0.5160304672922152,0.9999999999999635,0.0836763915271525,0.10562085219130701,0.10322658840961214,0.2708494597356278,0.05361622444656192,0.252491852631797,0.6285147228419647,0.0014384356923857332,0.2554795364059966,0.5864217918565704
full_phi5,20260811,20300814,0.5160304672922152,0.9999999999999635,0.07673984059474723,0.08176461879706894,0.08930472880989111,0.26103566912958603,0.053334131431726085,0.283904663777393,0.6332597853163531,0.0014384372260236391,0.2599398949074521,0.6252669525681911
full_phi5,20260811,20300815,0.5160304672922152,0.9999999999999635,0.07211709818981178,0.07159507894254241,0.07216314960986123,0.26604428619982806,0.07138611708724656,0.29428919272998966,0.6382806061571676,0.001438419524748178,0.24672393670498444,0.5889767129328435
full_phi5,20260811,20300816,0.5160304672922152,0.9999999999999635,0.08025431219383418,0.07881531863266136,0.08116017912941396,0.2607787973974088,0.06360618901378019,0.2668924307477755,0.6327181968861375,0.001438398926434211,0.26686421788474857,0.6289845905789567
full_phi5,20260811,20300817,0.5160304672922152,0.9999999999999635,0.08323014200815614,0.07494884098345822,0.07660948086582263,0.26838651274985703,0.0545371428673801,0.2716555870625907,0.6250166245802332,0.001438425907891162,0.2683870972183636,0.6190667627972576
full_phi5,20260811,20300818,0.5160304672922152,0.9999999999999635,0.09536489552814806,0.09315548861231036,0.09471331071154417,0.26671678857995496,0.05818506811104859,0.2985948061197031,0.6463779030319319,0.001438442336118668,0.24724160867027076,0.592441672407138
full_phi5,20260811,20300819,0.5160304672922152,0.9999999999999635,0.07074254096060388,0.07572929184912937,0.07651842519648698,0.2712200854915964,0.05788494549842862,0.2649222596033535,0.6278304205603911,0.0014384040664911616,0.26267222625866526,0.6108856776348477
full_phi5,20260812,20300810,0.5160304672922152,0.9999999999999635,0.0828038681976109,0.09720819813349701,0.0835292376290494,0.3466113681693153,0.08229013484955598,0.2642485667570322,0.6337922546380856,0.0014386517970151704,0.2599971711843863,0.6126632704392148
full_phi5,20260812,20300811,0.5160304672922152,0.9999999999999635,0.09977796234582,0.08085245598937783,0.08405519172607746,0.34715013365955055,0.08789003929191293,0.2598029617132078,0.6287719988763741,0.0014386901656685794,0.2565031747526781,0.6046845456944121
full_phi5,20260812,20300812,0.5160304672922152,0.9999999999999635,0.0900230861659189,0.08106584733273405,0.08993525230944423,0.3495642637592384,0.11299286029922263,0.26980497744119586,0.6312335735049752,0.001438604796320022,0.25535304035883793,0.6021901493305724
full_phi5,20260812,20300813,0.5160304672922152,0.9999999999999635,0.0836763915271525,0.10562085219130701,0.11072632638172214,0.35453782758868957,0.08741797928202118,0.252491852631797,0.6285147228419647,0.0014386649297377808,0.2554795364059966,0.5864217918565704
full_phi5,20260812,20300814,0.5160304672922152,0.9999999999999635,0.07673984059474723,0.08176461879706894,0.08353864569658868,0.3485484718370324,0.08938920935156348,0.283904663777393,0.6332597853163531,0.001438632945427389,0.2599398949074521,0.6252669525681911
full_phi5,20260812,20300815,0.5160304672922152,0.9999999999999635,0.07211709818981178,0.07159507894254241,0.07421461826186086,0.34937288105600867,0.09701693926456784,0.29428919272998966,0.6382806061571676,0.0014386565864489033,0.24672393670498444,0.5889767129328435
full_phi5,20260812,20300816,0.5160304672922152,0.9999999999999635,0.08025431219383418,0.07881531863266136,0.06751695086501273,0.35045560520804375,0.08609696099587238,0.2668924307477755,0.6327181968861375,0.0014386212409217233,0.26686421788474857,0.6289845905789567
full_phi5,20260812,20300817,0.5160304672922152,0.9999999999999635,0.08323014200815614,0.07494884098345822,0.06588041011996737,0.3505907286613862,0.08296953590585672,0.2716555870625907,0.6250166245802332,0.0014386430958306345,0.2683870972183636,0.6190667627972576
full_phi5,20260812,20300818,0.5160304672922152,0.9999999999999635,0.09536489552814806,0.09315548861231036,0.0933071574115441,0.3482223958110742,0.08944398547319969,0.2985948061197031,0.6463779030319319,0.0014386194665960855,0.24724160867027076,0.592441672407138
full_phi5,20260812,20300819,0.5160304672922152,0.9999999999999635,0.07074254096060388,0.07572929184912937,0.07259971531653472,0.35260510885016083,0.08295762903384936,0.2649222596033535,0.6278304205603911,0.0014385841717800205,0.26267222625866526,0.6108856776348477
full_phi5,20260813,20300810,0.5160304672922152,0.9999999999999635,0.0828038681976109,0.09720819813349701,0.09718644196565851,0.542391143332837,0.06882402749644888,0.2642485667570322,0.6337922546380856,0.0014380355660265098,0.2599971711843863,0.6126632704392148
full_phi5,20260813,20300811,0.5160304672922152,0.9999999999999635,0.09977796234582,0.08085245598937783,0.08085798175135135,0.5363191242401266,0.07408500954796866,0.2598029617132078,0.6287719988763741,0.0014380355660267984,0.2565031747526781,0.6046845456944121
full_phi5,20260813,20300812,0.5160304672922152,0.9999999999999635,0.0900230861659189,0.08106584733273405,0.08106414416444666,0.5404457224361736,0.10069859282485503,0.26980497744119586,0.6312335735049752,0.0014380355660267331,0.25535304035883793,0.6021901493305724
full_phi5,20260813,20300813,0.5160304672922152,0.9999999999999635,0.0836763915271525,0.10562085219130701,0.1056196107059204,0.5376099815173099,0.07825119167998633,0.252491852631797,0.6285147228419647,0.0014380355660267453,0.2554795364059966,0.5864217918565704
full_phi5,20260813,20300814,0.5160304672922152,0.9999999999999635,0.07673984059474723,0.08176461879706894,0.0817548599868077,0.5392728574858026,0.07548397112366309,0.283904663777393,0.6332597853163531,0.0014380355660265538,0.2599398949074521,0.6252669525681911
full_phi5,20260813,20300815,0.5160304672922152,0.9999999999999635,0.07211709818981178,0.07159507894254241,0.07160027319064889,0.5354141544245962,0.08974873633025705,0.29428919272998966,0.6382806061571676,0.0014380355660263584,0.24672393670498444,0.5889767129328435
full_phi5,20260813,20300816,0.5160304672922152,0.9999999999999635,0.08025431219383418,0.07881531863266136,0.07881574901989748,0.5392394736120472,0.07569948282198868,0.2668924307477755,0.6327181968861375,0.0014380355660268823,0.26686421788474857,0.6289845905789567
full_phi5,20260813,20300817,0.5160304672922152,0.9999999999999635,0.08323014200815614,0.07494884098345822,0.07493014719047432,0.5369793734594677,0.07009903481598348,0.2716555870625907,0.6250166245802332,0.001438035566026643,0.2683870972183636,0.6190667627972576
full_phi5,20260813,20300818,0.5160304672922152,0.9999999999999635,0.09536489552814806,0.09315548861231036,0.09313469254959807,0.5400179520936963,0.07739814005805878,0.2985948061197031,0.6463779030319319,0.0014380355660265677,0.24724160867027076,0.592441672407138
full_phi5,20260813,20300819,0.5160304672922152,0.9999999999999635,0.07074254096060388,0.07572929184912937,0.07572543074759837,0.540584975058735,0.07469140651171079,0.2649222596033535,0.6278304205603911,0.001438035566026452,0.26267222625866526,0.6108856776348477
full_phi5,20260814,20300810,0.5160304672922152,0.9999999999999635,0.0828038681976109,0.09720819813349701,0.08578372920105803,0.19126653035048274,0.04857489515387572,0.2642485667570322,0.6337922546380856,0.0014381150797343717,0.2599971711843863,0.6126632704392148
full_phi5,20260814,20300811,0.5160304672922152,0.9999999999999635,0.09977796234582,0.08085245598937783,0.07430974067694414,0.1932999920045647,0.06320106043176249,0.2598029617132078,0.6287719988763741,0.0014381017097810172,0.2565031747526781,0.6046845456944121
full_phi5,20260814,20300812,0.5160304672922152,0.9999999999999635,0.0900230861659189,0.08106584733273405,0.08114065374648043,0.18999066439350273,0.06200777673391757,0.26980497744119586,0.6312335735049752,0.0014380823104397447,0.25535304035883793,0.6021901493305724
full_phi5,20260814,20300813,0.5160304672922152,0.9999999999999635,0.0836763915271525,0.10562085219130701,0.10443630212936561,0.19478976085809352,0.049997472890154736,0.252491852631797,0.6285147228419647,0.0014381157201430413,0.2554795364059966,0.5864217918565704
full_phi5,20260814,20300814,0.5160304672922152,0.9999999999999635,0.07673984059474723,0.08176461879706894,0.07846706339991644,0.19391543606866862,0.03712368402649269,0.283904663777393,0.6332597853163531,0.0014381206462560439,0.2599398949074521,0.6252669525681911
full_phi5,20260814,20300815,0.5160304672922152,0.9999999999999635,0.07211709818981178,0.07159507894254241,0.06559081545717367,0.1958500573525579,0.05692961615332042,0.29428919272998966,0.6382806061571676,0.001438116736005091,0.24672393670498444,0.5889767129328435
full_phi5,20260814,20300816,0.5160304672922152,0.9999999999999635,0.08025431219383418,0.07881531863266136,0.07784363815629507,0.1940878525490489,0.054655992574157646,0.2668924307477755,0.6327181968861375,0.001438094766679289,0.26686421788474857,0.6289845905789567
full_phi5,20260814,20300817,0.5160304672922152,0.9999999999999635,0.08323014200815614,0.07494884098345822,0.0782507016691395,0.19712586799528453,0.04373097679325813,0.2716555870625907,0.6250166245802332,0.0014381043155913484,0.2683870972183636,0.6190667627972576
full_phi5,20260814,20300818,0.5160304672922152,0.9999999999999635,0.09536489552814806,0.09315548861231036,0.09496746137205499,0.19342316247196478,0.06818078100300547,0.2985948061197031,0.6463779030319319,0.0014381058501403096,0.24724160867027076,0.592441672407138
full_phi5,20260814,20300819,0.5160304672922152,0.9999999999999635,0.07074254096060388,0.07572929184912937,0.0711625648069447,0.198045656250961,0.050891848751913306,0.2649222596033535,0.6278304205603911,0.0014380924305108106,0.26267222625866526,0.6108856776348477
full_phi5,20260815,20300810,0.5160304672922152,0.9999999999999635,0.0828038681976109,0.09720819813349701,0.09719102028161704,0.5462721282730185,0.06883889457972005,0.2642485667570322,0.6337922546380856,0.0014380355660265098,0.2599971711843863,0.6126632704392148
full_phi5,20260815,20300811,0.5160304672922152,0.9999999999999635,0.09977796234582,0.08085245598937783,0.08083957907177083,0.5399187513090064,0.07411693982510568,0.2598029617132078,0.6287719988763741,0.0014380355660267984,0.2565031747526781,0.6046845456944121
full_phi5,20260815,20300812,0.5160304672922152,0.9999999999999635,0.0900230861659189,0.08106584733273405,0.08105177870241374,0.5440011773152502,0.10071543465286936,0.26980497744119586,0.6312335735049752,0.0014380355660267331,0.25535304035883793,0.6021901493305724
full_phi5,20260815,20300813,0.5160304672922152,0.9999999999999635,0.0836763915271525,0.10562085219130701,0.10562351394910914,0.5410911074331937,0.07827972361118486,0.252491852631797,0.6285147228419647,0.0014380355660267453,0.2554795364059966,0.5864217918565704
full_phi5,20260815,20300814,0.5160304672922152,0.9999999999999635,0.07673984059474723,0.08176461879706894,0.08175447987540231,0.5426517138737917,0.07551943685022598,0.283904663777393,0.6332597853163531,0.0014380355660265538,0.2599398949074521,0.6252669525681911
full_phi5,20260815,20300815,0.5160304672922152,0.9999999999999635,0.07211709818981178,0.07159507894254241,0.07158522650974829,0.5389961525975645,0.08977559074084163,0.29428919272998966,0.6382806061571676,0.0014380355660263584,0.24672393670498444,0.5889767129328435
full_phi5,20260815,20300816,0.5160304672922152,0.9999999999999635,0.08025431219383418,0.07881531863266136,0.07881852672172084,0.5426526535291178,0.07572485930595786,0.2668924307477755,0.6327181968861375,0.0014380355660268823,0.26686421788474857,0.6289845905789567
full_phi5,20260815,20300817,0.5160304672922152,0.9999999999999635,0.08323014200815614,0.07494884098345822,0.07494944010377635,0.5406039928644966,0.07010552982877967,0.2716555870625907,0.6250166245802332,0.001438035566026643,0.2683870972183636,0.6190667627972576
full_phi5,20260815,20300818,0.5160304672922152,0.9999999999999635,0.09536489552814806,0.09315548861231036,0.09315951417768441,0.5435554798611864,0.0774108815062245,0.2985948061197031,0.6463779030319319,0.0014380355660265677,0.24724160867027076,0.592441672407138
full_phi5,20260815,20300819,0.5160304672922152,0.9999999999999635,0.07074254096060388,0.07572929184912937,0.07572156056951444,0.5441090523493317,0.07471956806333745,0.2649222596033535,0.6278304205603911,0.001438035566026452,0.26267222625866526,0.6108856776348477
full_phi5,20260816,20300810,0.5160304672922152,0.9999999999999635,0.0828038681976109,0.09720819813349701,0.09195818694602255,0.37726048801186507,0.10122642500514727,0.2642485667570322,0.6337922546380856,0.0014380355660265098,0.2599971711843863,0.6126632704392148
full_phi5,20260816,20300811,0.5160304672922152,0.9999999999999635,0.09977796234582,0.08085245598937783,0.09274840634893107,0.37525964148425334,0.08879678296045879,0.2598029617132078,0.6287719988763741,0.0014380355660267984,0.2565031747526781,0.6046845456944121
full_phi5,20260816,20300812,0.5160304672922152,0.9999999999999635,0.0900230861659189,0.08106584733273405,0.0875225111488911,0.3749375836926749,0.15031231421652086,0.26980497744119586,0.6312335735049752,0.0014380355660267331,0.25535304035883793,0.6021901493305724
full_phi5,20260816,20300813,0.5160304672922152,0.9999999999999635,0.0836763915271525,0.10562085219130701,0.12658982552473308,0.3802230161668861,0.10684905425501968,0.252491852631797,0.6285147228419647,0.0014380355660267453,0.2554795364059966,0.5864217918565704
full_phi5,20260816,20300814,0.5160304672922152,0.9999999999999635,0.07673984059474723,0.08176461879706894,0.08014176551546388,0.3752598579830955,0.10931328428249626,0.283904663777393,0.6332597853163531,0.0014380355660265538,0.2599398949074521,0.6252669525681911
full_phi5,20260816,20300815,0.5160304672922152,0.9999999999999635,0.07211709818981178,0.07159507894254241,0.07604603565104591,0.37614587342023126,0.13367837660445767,0.29428919272998966,0.6382806061571676,0.0014380355660263584,0.24672393670498444,0.5889767129328435
full_phi5,20260816,20300816,0.5160304672922152,0.9999999999999635,0.08025431219383418,0.07881531863266136,0.07652570855478615,0.37053644115934037,0.10943345007246026,0.2668924307477755,0.6327181968861375,0.0014380355660268823,0.26686421788474857,0.6289845905789567
full_phi5,20260816,20300817,0.5160304672922152,0.9999999999999635,0.08323014200815614,0.07494884098345822,0.0753930519115727,0.3739972095933279,0.11053967709780539,0.2716555870625907,0.6250166245802332,0.001438035566026643,0.2683870972183636,0.6190667627972576
full_phi5,20260816,20300818,0.5160304672922152,0.9999999999999635,0.09536489552814806,0.09315548861231036,0.10306875366438499,0.37545821284225794,0.09959597882191377,0.2985948061197031,0.6463779030319319,0.0014380355660265677,0.24724160867027076,0.592441672407138
full_phi5,20260816,20300819,0.5160304672922152,0.9999999999999635,0.07074254096060388,0.07572929184912937,0.08044629204763577,0.37624548573596067,0.1250042390386583,0.2649222596033535,0.6278304205603911,0.001438035566026452,0.26267222625866526,0.6108856776348477
full_phi5,20260817,20300810,0.5160304672922152,0.9999999999999635,0.0828038681976109,0.09720819813349701,0.08534362620471603,0.5943435599270627,0.07193587108146747,0.2642485667570322,0.6337922546380856,0.0014386923161581779,0.2599971711843863,0.6126632704392148
full_phi5,20260817,20300811,0.5160304672922152,0.9999999999999635,0.09977796234582,0.08085245598937783,0.08221546382501743,0.6078570567789872,0.08833989159081652,0.2598029617132078,0.6287719988763741,0.0014387233950185624,0.2565031747526781,0.6046845456944121
full_phi5,20260817,20300812,0.5160304672922152,0.9999999999999635,0.0900230861659189,0.08106584733273405,0.09039431970143935,0.6131820979324972,0.10355305942494882,0.26980497744119586,0.6312335735049752,0.0014386182679973075,0.25535304035883793,0.6021901493305724
full_phi5,20260817,20300813,0.5160304672922152,0.9999999999999635,0.0836763915271525,0.10562085219130701,0.11473193789591629,0.6180786662701022,0.08320865548509744,0.252491852631797,0.6285147228419647,0.0014387030937841761,0.2554795364059966,0.5864217918565704
full_phi5,20260817,20300814,0.5160304672922152,0.9999999999999635,0.07673984059474723,0.08176461879706894,0.08010381965207819,0.5979958389258597,0.07111175790529989,0.283904663777393,0.6332597853163531,0.0014387417820737995,0.2599398949074521,0.6252669525681911
full_phi5,20260817,20300815,0.5160304672922152,0.9999999999999635,0.07211709818981178,0.07159507894254241,0.07140279138268685,0.609292609766233,0.08374018755638916,0.29428919272998966,0.6382806061571676,0.0014387324020599887,0.24672393670498444,0.5889767129328435
full_phi5,20260817,20300816,0.5160304672922152,0.9999999999999635,0.08025431219383418,0.07881531863266136,0.07124964499784185,0.58811033270298,0.07077411852941588,0.2668924307477755,0.6327181968861375,0.0014386762376733461,0.26686421788474857,0.6289845905789567
full_phi5,20260817,20300817,0.5160304672922152,0.9999999999999635,0.08323014200815614,0.07494884098345822,0.06562489865460819,0.611124358192571,0.08078019676206913,0.2716555870625907,0.6250166245802332,0.001438718627032534,0.2683870972183636,0.6190667627972576
full_phi5,20260817,20300818,0.5160304672922152,0.9999999999999635,0.09536489552814806,0.09315548861231036,0.0907108383478643,0.6098756660732193,0.08930417783444483,0.2985948061197031,0.6463779030319319,0.0014387125901304068,0.24724160867027076,0.592441672407138
full_phi5,20260817,20300819,0.5160304672922152,0.9999999999999635,0.07074254096060388,0.07572929184912937,0.072465624651251,0.609200523664526,0.07539581163471708,0.2649222596033535,0.6278304205603911,0.0014386563949059978,0.26267222625866526,0.6108856776348477
full_phi5,20260818,20300810,0.5160304672922152,0.9999999999999635,0.0828038681976109,0.09720819813349701,0.07919778560259098,0.2880803213207004,0.06239027994929366,0.2642485667570322,0.6337922546380856,0.0014390093702582167,0.2599971711843863,0.6126632704392148
full_phi5,20260818,20300811,0.5160304672922152,0.9999999999999635,0.09977796234582,0.08085245598937783,0.08339354950380834,0.28442938806397106,0.07191235965616129,0.2598029617132078,0.6287719988763741,0.0014390300145424102,0.2565031747526781,0.6046845456944121
full_phi5,20260818,20300812,0.5160304672922152,0.9999999999999635,0.0900230861659189,0.08106584733273405,0.08767511826943537,0.28904584312287335,0.09978965880488229,0.26980497744119586,0.6312335735049752,0.0014389753433405074,0.25535304035883793,0.6021901493305724
full_phi5,20260818,20300813,0.5160304672922152,0.9999999999999635,0.0836763915271525,0.10562085219130701,0.10337238323710252,0.2877710412579372,0.0799857436103184,0.252491852631797,0.6285147228419647,0.0014389978409442893,0.2554795364059966,0.5864217918565704
full_phi5,20260818,20300814,0.5160304672922152,0.9999999999999635,0.07673984059474723,0.08176461879706894,0.0819238838314653,0.2859324926552859,0.07668044255484183,0.283904663777393,0.6332597853163531,0.0014390239855924692,0.2599398949074521,0.6252669525681911
full_phi5,20260818,20300815,0.5160304672922152,0.9999999999999635,0.07211709818981178,0.07159507894254241,0.06883589172629345,0.29021581055712314,0.08863251372155516,0.29428919272998966,0.6382806061571676,0.0014390667373701618,0.24672393670498444,0.5889767129328435
full_phi5,20260818,20300816,0.5160304672922152,0.9999999999999635,0.08025431219383418,0.07881531863266136,0.07767854209087387,0.2871005645614218,0.08202337796553481,0.2668924307477755,0.6327181968861375,0.0014390113294664789,0.26686421788474857,0.6289845905789567
full_phi5,20260818,20300817,0.5160304672922152,0.9999999999999635,0.08323014200815614,0.07494884098345822,0.07321452223992427,0.2925464468526667,0.07223001027160282,0.2716555870625907,0.6250166245802332,0.0014390007496736324,0.2683870972183636,0.6190667627972576
full_phi5,20260818,20300818,0.5160304672922152,0.9999999999999635,0.09536489552814806,0.09315548861231036,0.10073278524891364,0.2879595702114786,0.07497844774329865,0.2985948061197031,0.6463779030319319,0.0014390084245747997,0.24724160867027076,0.592441672407138
full_phi5,20260818,20300819,0.5160304672922152,0.9999999999999635,0.07074254096060388,0.07572929184912937,0.07755746852046004,0.29120697573024246,0.0823415482123561,0.2649222596033535,0.6278304205603911,0.0014390088830998314,0.26267222625866526,0.6108856776348477
full_phi5,20260819,20300810,0.5160304672922152,0.9999999999999635,0.0828038681976109,0.09720819813349701,0.07936767996441758,0.48100227698246906,0.0655553610010723,0.2642485667570322,0.6337922546380856,0.0014380716858769231,0.2599971711843863,0.6126632704392148
full_phi5,20260819,20300811,0.5160304672922152,0.9999999999999635,0.09977796234582,0.08085245598937783,0.07784071236322436,0.47721734396208393,0.06596419926993102,0.2598029617132078,0.6287719988763741,0.0014380870961101819,0.2565031747526781,0.6046845456944121
full_phi5,20260819,20300812,0.5160304672922152,0.9999999999999635,0.0900230861659189,0.08106584733273405,0.08335651752797152,0.48087613743413826,0.09892626880983589,0.26980497744119586,0.6312335735049752,0.0014380431873668846,0.25535304035883793,0.6021901493305724
full_phi5,20260819,20300813,0.5160304672922152,0.9999999999999635,0.0836763915271525,0.10562085219130701,0.10602873746980805,0.4877292491127089,0.07041202574360632,0.252491852631797,0.6285147228419647,0.0014380396483168515,0.2554795364059966,0.5864217918565704
full_phi5,20260819,20300814,0.5160304672922152,0.9999999999999635,0.07673984059474723,0.08176461879706894,0.08166244963391851,0.481088021556613,0.06929719278764213,0.283904663777393,0.6332597853163531,0.0014380883671854018,0.2599398949074521,0.6252669525681911
full_phi5,20260819,20300815,0.5160304672922152,0.9999999999999635,0.07211709818981178,0.07159507894254241,0.07055847176352638,0.47977239851089376,0.09135486005980924,0.29428919272998966,0.6382806061571676,0.0014381104124418162,0.24672393670498444,0.5889767129328435
full_phi5,20260819,20300816,0.5160304672922152,0.9999999999999635,0.08025431219383418,0.07881531863266136,0.07721421167805355,0.4846915176298889,0.07655958135567116,0.2668924307477755,0.6327181968861375,0.0014380567255575399,0.26686421788474857,0.6289845905789567
full_phi5,20260819,20300817,0.5160304672922152,0.9999999999999635,0.08323014200815614,0.07494884098345822,0.06607298790243056,0.48389079323718787,0.07020107867291571,0.2716555870625907,0.6250166245802332,0.0014380813740193954,0.2683870972183636,0.6190667627972576
full_phi5,20260819,20300818,0.5160304672922152,0.9999999999999635,0.09536489552814806,0.09315548861231036,0.08757998818305134,0.48168080133551927,0.07426033773675661,0.2985948061197031,0.6463779030319319,0.001438081616923402,0.24724160867027076,0.592441672407138
full_phi5,20260819,20300819,0.5160304672922152,0.9999999999999635,0.07074254096060388,0.07572929184912937,0.06945315487127107,0.4881167089984243,0.07713676504730756,0.2649222596033535,0.6278304205603911,0.0014380687332081303,0.26267222625866526,0.6108856776348477
strength_matched_random,20260810,20300810,0.02962791638851056,0.05795527355499117,0.057153447910053404,0.074794847362284,0.07755530384811231,0.08106206731652935,0.03574406467169735,0.8793433176888966,0.9543727103834225,0.0015768759574315294,0.02239000529672236,0.23624866847781237
strength_matched_random,20260810,20300811,0.02962791638851056,0.05795527355499117,0.058901332212846734,0.06286789844563048,0.05539077439207889,0.08165217820519571,0.04679784512959988,0.891080935678219,0.9544881514099275,0.0015768841808916883,0.022262589942882112,0.2370757013861226
strength_matched_random,20260810,20300812,0.02962791638851056,0.05795527355499117,0.05751684078135181,0.06862171743197297,0.06267975369859233,0.08146000850345099,0.06368374001370608,0.8821260657148452,0.9528361213372938,0.0015768601919780218,0.023100853497798855,0.2397553824034734
strength_matched_random,20260810,20300813,0.02962791638851056,0.05795527355499117,0.055556868533434,0.07890303017289388,0.07324951582766218,0.08076140417463769,0.040014908815397966,0.8804002285240407,0.9540636887898675,0.0015768557124667365,0.022424813379503732,0.23577680372783627
strength_matched_random,20260810,20300814,0.02962791638851056,0.05795527355499117,0.051424209597837056,0.06588709303101518,0.06359643534165586,0.08143915569957169,0.04100944148842178,0.892082743384665,0.9550481651609599,0.001576888500505021,0.02216389871378178,0.2408294978806532
strength_matched_random,20260810,20300815,0.02962791638851056,0.05795527355499117,0.05439144783287386,0.05666309022247874,0.052680065856097615,0.08106441314176889,0.05190038373609247,0.8927722876771906,0.9562417970542809,0.0015768772935227074,0.02157383357053666,0.23009831286944776
strength_matched_random,20260810,20300816,0.02962791638851056,0.05795527355499117,0.059282625706978065,0.061112599452427196,0.05772062302735283,0.08126917513846559,0.04362186400594831,0.8760278409067903,0.9520617462214943,0.0015768452646036837,0.02350070683711617,0.24285411897006898
strength_matched_random,20260810,20300817,0.02962791638851056,0.05795527355499117,0.05005745097817045,0.07593015976457271,0.07099110178437656,0.0815367819609096,0.05413009627426678,0.8698743949902294,0.9505145848729581,0.0015768686750071194,0.024434604253610888,0.2457513503924515
strength_matched_random,20260810,20300818,0.02962791638851056,0.05795527355499117,0.06237237698896438,0.08331144792444542,0.07848143405058497,0.08124387960007243,0.03954908561687544,0.8933685679490889,0.9571460145131961,0.0015768822468744683,0.020938475392940338,0.2251559754006017
strength_matched_random,20260810,20300819,0.02962791638851056,0.05795527355499117,0.04826006380840964,0.062359996776013026,0.060059817163679904,0.0811826531519679,0.059027715680117866,0.8828432106368928,0.9538289480542927,0.0015768579969771105,0.022652192415074785,0.23608050971624178
strength_matched_random,20260811,20300810,0.0286752933203774,0.05595386577348007,0.05759446216399631,0.07202653793769273,0.06833819238111083,0.09416268813377067,0.0352161780272387,0.878884242880631,0.9557467610342478,0.0013518224942789864,0.021022565478013743,0.22097934998805385
strength_matched_random,20260811,20300811,0.0286752933203774,0.05595386577348007,0.06032460298917799,0.06519090865351837,0.0495202588133067,0.09641590857415896,0.04457916591499258,0.8901278784102423,0.9559637115357347,0.001351770739896854,0.020903157719148874,0.2214381276748118
strength_matched_random,20260811,20300812,0.0286752933203774,0.05595386577348007,0.05656257413715558,0.0710768962789306,0.05342852848960391,0.094230907435817,0.06210553038157172,0.8834169697788488,0.9557151863141946,0.001351746881805798,0.021063089189397276,0.21973687999265357
strength_matched_random,20260811,20300813,0.0286752933203774,0.05595386577348007,0.05348490006664679,0.08355163914298595,0.06560811224941816,0.09567060603434431,0.033019718575405844,0.8841203276514579,0.9562569968923823,0.001351768336294596,0.02074112502754652,0.21892213478405745
strength_matched_random,20260811,20300814,0.0286752933203774,0.05595386577348007,0.05199811638102725,0.07262277737510472,0.05734415424112057,0.09596160444071719,0.03602061463854321,0.8925288571031709,0.9574138564017194,0.0013516673673364282,0.02025525418902715,0.2234506159294105
strength_matched_random,20260811,20300815,0.0286752933203774,0.05595386577348007,0.053421299450247685,0.06356682281265649,0.048303382227442127,0.09509836952184039,0.04559862786609353,0.9035233887700045,0.9601535968759561,0.001351821716066397,0.018896298261615766,0.20776496808571848
strength_matched_random,20260811,20300816,0.0286752933203774,0.05595386577348007,0.05915232427414309,0.0629636519874133,0.05269352495091908,0.09478331936477509,0.04515533809066964,0.8796753945491792,0.9533794587691364,0.0013516778248417558,0.022226572610325485,0.23195271505455534
strength_matched_random,20260811,20300817,0.0286752933203774,0.05595386577348007,0.050851637470190766,0.07236830940700226,0.058616439666425414,0.09535418675888321,0.054364822219905795,0.8816714415089443,0.9548564384769913,0.0013517449641216523,0.02145684377047627,0.22153420635517462
strength_matched_random,20260811,20300818,0.0286752933203774,0.05595386577348007,0.06332170799095979,0.08175792435651094,0.07342709221866245,0.0940556517583244,0.039860295350075,0.8960771451437433,0.9597864301388924,0.001351672101772726,0.019047877709928735,0.20525346463784655
strength_matched_random,20260811,20300819,0.0286752933203774,0.05595386577348007,0.04849307927916115,0.06356983632620132,0.05184319005328384,0.09499215316171183,0.05851645627977916,0.8837706000593307,0.956017278125828,0.0013517693270218606,0.020975870075728258,0.21968779149133794
strength_matched_random,20260812,20300810,0.03878424469514287,0.07513494750783369,0.05753763033623431,0.07343998963538141,0.07045442610804502,0.2228882910413968,0.03227483520435105,0.8340619788298282,0.9373489168594963,0.0016157240511958278,0.030271576458074035,0.27455235367297953
strength_matched_random,20260812,20300811,0.03878424469514287,0.07513494750783369,0.059034041833134696,0.06216035539423007,0.058599983399551026,0.22844487201092262,0.0505608339556361,0.847932793215944,0.9383538148265662,0.0016158997339233657,0.029655077076025375,0.2707525783097741
strength_matched_random,20260812,20300812,0.03878424469514287,0.07513494750783369,0.05838093006962367,0.07166553510502433,0.06626341589985467,0.23045303308770598,0.07042318282315818,0.8396896827991028,0.9386609049537439,0.0016157197569656335,0.029554251636659923,0.26970026115044593
strength_matched_random,20260812,20300813,0.03878424469514287,0.07513494750783369,0.05365573078705458,0.07953307932834634,0.07338018934103231,0.22723905261375227,0.03770294805161362,0.8295889090200796,0.936929634332236,0.0016157299210754605,0.030398601220975284,0.2727244957905054
strength_matched_random,20260812,20300814,0.03878424469514287,0.07513494750783369,0.05114880641685193,0.07352873031056001,0.06611814129989362,0.228556699494275,0.04559112572543249,0.8451691646929955,0.9391040793683574,0.0016158229642234845,0.02941879209364432,0.2754510909695516
strength_matched_random,20260812,20300815,0.03878424469514287,0.07513494750783369,0.052649302392780616,0.06364960251788314,0.05825916217383429,0.2284621474191392,0.04847202731892601,0.8604338869193591,0.9433844245833696,0.0016157219385712195,0.027460009646164536,0.2611505930958035
strength_matched_random,20260812,20300816,0.03878424469514287,0.07513494750783369,0.060888027316483906,0.06331343324095705,0.058672083102066765,0.22681181416875282,0.04898831663090593,0.8363503218922042,0.9370923699157503,0.001615836704063815,0.03063877594748113,0.277805237022181
strength_matched_random,20260812,20300817,0.03878424469514287,0.07513494750783369,0.05217033039504938,0.07214862179209602,0.06837088845657449,0.22659720238948874,0.05814153759316183,0.8362463783458416,0.9360377527474701,0.0016156785202180138,0.03074293098953267,0.2745644380980879
strength_matched_random,20260812,20300818,0.03878424469514287,0.07513494750783369,0.06173476664058856,0.0802116011676359,0.08175349902097076,0.22253096889419327,0.042533217661752706,0.8521532756915775,0.9425044327857626,0.0016158533092393433,0.027723249001642573,0.25739495129030465
strength_matched_random,20260812,20300819,0.03878424469514287,0.07513494750783369,0.05054839269028906,0.06302470112417345,0.05948794528209735,0.2226587121681371,0.06867667378753346,0.8349174690726846,0.9384971792691857,0.0016157515543461201,0.029833002829563932,0.2700899552558042
strength_matched_random,20260813,20300810,0.048618806988225495,0.09407003828949807,0.05730078977716917,0.07323804928548103,0.06505313137840997,0.3773965103249497,0.03566504626833454,0.8245693996412996,0.933080120335805,0.0014695891383079023,0.03355583952742435,0.275207818756526
strength_matched_random,20260813,20300811,0.048618806988225495,0.09407003828949807,0.059226976338033054,0.07490424070337372,0.06048629442427792,0.3788638775100978,0.052296192770979896,0.8335589061034199,0.9332437048202078,0.001469672000525522,0.03345047142913905,0.2737913397686863
strength_matched_random,20260813,20300812,0.048618806988225495,0.09407003828949807,0.05835680909214237,0.0847074015090811,0.06789905962726174,0.3831325049093211,0.07223701743624093,0.8288607258345941,0.9346301435806874,0.0014694027750937577,0.03272943528664401,0.2689789134831955
strength_matched_random,20260813,20300813,0.048618806988225495,0.09407003828949807,0.05433846067386772,0.0992116965727603,0.08080695491793154,0.38383851860238133,0.03914461162676097,0.8269203386950952,0.9335192855685616,0.0014696096753269174,0.033526329850368373,0.2730525049279948
strength_matched_random,20260813,20300814,0.048618806988225495,0.09407003828949807,0.05118624582559096,0.08946003560397851,0.0710613486617693,0.38302459546806655,0.05368769880518719,0.8395156227832026,0.9370300944931571,0.0014694871333834833,0.03157994963331921,0.2691228399408595
strength_matched_random,20260813,20300815,0.048618806988225495,0.09407003828949807,0.05158634363117195,0.07873870887355669,0.06366054438399445,0.3808256368311652,0.055721717301747985,0.8606724190593911,0.9415265875534189,0.001469607533760936,0.029417840138897578,0.2562785651366516
strength_matched_random,20260813,20300816,0.048618806988225495,0.09407003828949807,0.0597233383546825,0.07716658770595566,0.0618789071348287,0.3823954661078557,0.05522449337051065,0.828230137432157,0.9316489198042446,0.0014694332913387084,0.034475280971485625,0.2816030459355172
strength_matched_random,20260813,20300817,0.048618806988225495,0.09407003828949807,0.05324743192750557,0.07848049588205255,0.0722440935104399,0.3803069513305987,0.058303693179735674,0.8393945679658401,0.9352480379027025,0.0014695540894800595,0.032458522952724375,0.26881648150129916
strength_matched_random,20260813,20300818,0.048618806988225495,0.09407003828949807,0.061297286365801326,0.08719435262571987,0.08117868707861908,0.3788360553525269,0.043402397545260936,0.8421492768179478,0.9387152019771504,0.0014693696053632702,0.03074415490999462,0.25731300274110447
strength_matched_random,20260813,20300819,0.048618806988225495,0.09407003828949807,0.05157736748002959,0.07746795412696891,0.06431629795586491,0.3777229768237918,0.06255442719997914,0.8263032861288041,0.9346087917446948,0.0014695226917272564,0.0331383676964198,0.27033148068056345
strength_matched_random,20260814,20300810,0.005736873710939147,0.011097172481229567,0.05648989655551857,0.06103308477203999,0.0659565414250024,0.03389590908647232,0.019805321571622476,0.9803542896817824,0.9922271255475426,0.0014637416762843692,0.003868050874547801,0.10249609981773641
strength_matched_random,20260814,20300811,0.005736873710939147,0.011097172481229567,0.0559439606444212,0.05095791172021654,0.04725164956001996,0.03410782717208555,0.04795633481223982,0.9784324763007846,0.9916106155474301,0.0014637408495700615,0.004189585982786332,0.10545484565492261
strength_matched_random,20260814,20300812,0.005736873710939147,0.011097172481229567,0.055119240354977596,0.05393308254096703,0.052817250897374456,0.03399973806535452,0.04704516452187602,0.9779802454060131,0.9912799908771118,0.0014637347121998832,0.004341958288248122,0.10613125838366848
strength_matched_random,20260814,20300813,0.005736873710939147,0.011097172481229567,0.05229259042607154,0.06595570315293242,0.06248000020443212,0.03377073884530764,0.029722099528006397,0.9773927922795703,0.9915404349496354,0.0014637353550925017,0.00420330863760819,0.10483799398960855
strength_matched_random,20260814,20300814,0.005736873710939147,0.011097172481229567,0.05058035935559661,0.0570792091607056,0.05557898500287848,0.03364121210060224,0.02641671544207489,0.976920278582645,0.9911525580375251,0.0014637415426147686,0.004390890901180278,0.1099721872272911
strength_matched_random,20260814,20300815,0.005736873710939147,0.011097172481229567,0.05408126504261659,0.04612974629302377,0.043472618872514995,0.03431476918970065,0.03757937141250249,0.9735784161963291,0.9898799169984744,0.0014637418624028212,0.005020202763088064,0.11212241508334272
strength_matched_random,20260814,20300816,0.005736873710939147,0.011097172481229567,0.05795469888595291,0.05176191093194753,0.04847503221677142,0.03378206939415164,0.035835782239664,0.9783279881872413,0.9915871254064685,0.0014637389623634034,0.0041967367524711596,0.10456853071082498
strength_matched_random,20260814,20300817,0.005736873710939147,0.011097172481229567,0.05033916887328984,0.06119474752367633,0.059600397497710234,0.03395420923115897,0.04524182359188986,0.9786322136380672,0.9915501799504142,0.0014637380749573923,0.004202249105073925,0.10261944939004719
strength_matched_random,20260814,20300818,0.005736873710939147,0.011097172481229567,0.061591534120225847,0.0792092984004766,0.07515412819485726,0.03394236509368293,0.029571774551943153,0.9791875935246477,0.9916531762405085,0.0014637414282225381,0.004147148237545263,0.10316773655158676
strength_matched_random,20260814,20300819,0.005736873710939147,0.011097172481229567,0.046135303779835636,0.055126999877071904,0.050946378966633454,0.034103981356210004,0.039585581085309116,0.9791850221807878,0.9916122020707583,0.0014637363837332125,0.004180758030080617,0.10387770057503679
strength_matched_random,20260815,20300810,0.02620648579012,0.05026949360737295,0.05722030489260589,0.07117430160456131,0.07011338831005229,0.31528694877113256,0.03356276093390664,0.8999682446620586,0.9610120629300957,0.001319026549654978,0.01926929495255436,0.21908032471166847
strength_matched_random,20260815,20300811,0.02620648579012,0.05026949360737295,0.05736518256324027,0.06624790057098968,0.05542155091072091,0.31738563799624164,0.060096337215501894,0.907842327027749,0.9620857450632606,0.001319024774013626,0.018598912566835792,0.2121098528699586
strength_matched_random,20260815,20300812,0.02620648579012,0.05026949360737295,0.05756642580988756,0.06850803006786767,0.061468612979540226,0.3193556908548023,0.06145433477695943,0.9042994440267915,0.963609480446794,0.0013190292530252709,0.017941220271211776,0.20749299055016465
strength_matched_random,20260815,20300813,0.02620648579012,0.05026949360737295,0.05176423833434013,0.07103319335784945,0.06449162602189354,0.3139937056140739,0.0419225190915473,0.8917115880858472,0.9608735003735738,0.0013190154003029637,0.019312375446462852,0.2142150531743388
strength_matched_random,20260815,20300814,0.02620648579012,0.05026949360737295,0.05021487851318722,0.07132785386981924,0.05941793214091663,0.31967782420741797,0.04392947946778567,0.9009001869504205,0.9614432522099869,0.0013190349839917632,0.019086369837835508,0.220024793458213
strength_matched_random,20260815,20300815,0.02620648579012,0.05026949360737295,0.05211934999195644,0.05927814272781891,0.05074118770236062,0.3192816221473435,0.0499280567403279,0.9099350159255021,0.9644282530395986,0.0013190363481879654,0.017657236257456434,0.20678466391373274
strength_matched_random,20260815,20300816,0.02620648579012,0.05026949360737295,0.057529365270489005,0.06654467231929559,0.05424610584020575,0.313967068314165,0.0358729077908992,0.8999284109794129,0.9625077506075425,0.001319031215573286,0.018542990271984243,0.2141146523064214
strength_matched_random,20260815,20300817,0.02620648579012,0.05026949360737295,0.05292499908692093,0.07601459022579712,0.06622548378232286,0.3170693919442228,0.054021481860674216,0.9045130208775868,0.960947108959258,0.00131902023835769,0.01932008116498623,0.2157582261747999
strength_matched_random,20260815,20300818,0.02620648579012,0.05026949360737295,0.062285646657577555,0.09139253492242402,0.08348918360189665,0.3140167416042231,0.045419927632984386,0.9070375821934368,0.9641025273285697,0.0013190534007644444,0.017703310471506976,0.20259410240075412
strength_matched_random,20260815,20300819,0.02620648579012,0.05026949360737295,0.04870628539389686,0.0686869214941978,0.05801621819833698,0.3202079543855415,0.0543233791247581,0.8978740140727922,0.9628794938579042,0.0013190249561654452,0.018371226996651398,0.20777313804219735
strength_matched_random,20260816,20300810,0.027632979082197355,0.05452028178292253,0.05653466597397013,0.07671021550642351,0.07312114948669693,0.08229408983064664,0.04061039591533521,0.8843881773508455,0.9572414418252132,0.0017972737010366554,0.020573439956171523,0.22381916341971825
strength_matched_random,20260816,20300811,0.027632979082197355,0.05452028178292253,0.060332689223487446,0.06442214600231926,0.05207129035173145,0.08327200985618985,0.04756729518980796,0.890960576945983,0.9563943081947347,0.0017972792786742637,0.021062717360652055,0.22682995418372426
strength_matched_random,20260816,20300812,0.027632979082197355,0.05452028178292253,0.05426608070470782,0.07419329294265598,0.05615134833538936,0.08263394344888929,0.04178490826768521,0.8892153045534232,0.9560495444088442,0.001797275054919657,0.02113647811865958,0.2256490725372558
strength_matched_random,20260816,20300813,0.027632979082197355,0.05452028178292253,0.05467412977644952,0.08472179390661301,0.07299755377572217,0.08363346663953757,0.044593021020227316,0.8936770040352915,0.9575280828869325,0.0017972725317864566,0.02025872706232944,0.2209110400028929
strength_matched_random,20260816,20300814,0.027632979082197355,0.05452028178292253,0.05090540985984919,0.07415225674369201,0.056470246950638944,0.08375786155774836,0.03899639365771386,0.9076513562541333,0.9601221563539551,0.0017972884345646121,0.019187790763380057,0.2234386653957968
strength_matched_random,20260816,20300815,0.027632979082197355,0.05452028178292253,0.05570633657029096,0.06463983244651214,0.05090781882239674,0.08304154328302496,0.04208237107315165,0.9119856896420219,0.9630223017248689,0.0017972805584670927,0.01772457833994062,0.20669580191967302
strength_matched_random,20260816,20300816,0.027632979082197355,0.05452028178292253,0.060608991558253035,0.06343359400964202,0.05549232707483389,0.08277597141503508,0.04260128161477575,0.8833560050647995,0.9532290385117573,0.001797274985237714,0.02262742742873481,0.23719681313653962
strength_matched_random,20260816,20300817,0.027632979082197355,0.05452028178292253,0.04849484817377838,0.06529361341931329,0.05720926960631952,0.08267552182358481,0.04170873065529456,0.8784195353421177,0.9559783432098389,0.0017972737995867005,0.021253222464876133,0.22723682124635275
strength_matched_random,20260816,20300818,0.027632979082197355,0.05452028178292253,0.06086993847321802,0.07213713481518058,0.07237234786186947,0.08330702994037278,0.046824942315747194,0.8998549775471103,0.9609908043843672,0.001797286192288695,0.018693869586806553,0.2090829218365886
strength_matched_random,20260816,20300819,0.027632979082197355,0.05452028178292253,0.04877911762142807,0.0604548220636726,0.055021891042317105,0.08274777363636829,0.04691569683483941,0.8895155526556312,0.9559110307629799,0.0017972766683442773,0.021273233163120953,0.22761362916503405
strength_matched_random,20260817,20300810,0.18431550178840775,0.35726638343875167,0.06688321541940272,0.11489009842564468,0.1004909953809153,0.4216233473560088,0.04761413542099955,0.5294454018181567,0.7927969761080835,0.0016890352776655318,0.10489360819899587,0.40902026996391444
strength_matched_random,20260817,20300811,0.18431550178840775,0.35726638343875167,0.0732986465526854,0.10753355085411717,0.08994963920838489,0.4247524607723608,0.06190133019817923,0.5360848627765609,0.791032056421024,0.0016890266485776184,0.10433604781418777,0.4063762770464307
strength_matched_random,20260817,20300812,0.18431550178840775,0.35726638343875167,0.06902015427703237,0.11741285360182148,0.10335674808551927,0.4242062571910724,0.0728205985794763,0.5430231834319829,0.7949348698483989,0.001689018931533289,0.10156256005946682,0.3968515997123855
strength_matched_random,20260817,20300813,0.18431550178840775,0.35726638343875167,0.057958253356439574,0.10230287880643112,0.09425663143198941,0.42495710697829947,0.05376201139521523,0.4921154126807311,0.7862681062511098,0.0016890266772806666,0.1056677802980468,0.40086100075227965
strength_matched_random,20260817,20300814,0.18431550178840775,0.35726638343875167,0.05419833009477014,0.11886243178712477,0.09889756829476659,0.42540916188163713,0.058950084393715185,0.5542391913567069,0.7952683355719665,0.0016890230214675935,0.10358451233855345,0.41177014305610504
strength_matched_random,20260817,20300815,0.18431550178840775,0.35726638343875167,0.05957838444889255,0.09903421609123854,0.08325849634079592,0.42453856401846035,0.05631761511456498,0.556581770383143,0.802652897500321,0.0016890366697324799,0.0982996505089024,0.3922313429272529
strength_matched_random,20260817,20300816,0.18431550178840775,0.35726638343875167,0.06580806090979657,0.10750169670486723,0.08829888481376447,0.4208776427235513,0.06098071563743708,0.5185616259217203,0.7921513474011243,0.0016890202683225452,0.10508031246323664,0.4064367915218175
strength_matched_random,20260817,20300817,0.18431550178840775,0.35726638343875167,0.06153416569660033,0.1100055235062803,0.09156669124026676,0.42406404867322056,0.06045519392566924,0.5214519827731076,0.7877579846275193,0.0016890266044687064,0.10751353458278531,0.4091257750214698
strength_matched_random,20260817,20300818,0.18431550178840775,0.35726638343875167,0.06720044469242605,0.1156454808657799,0.10125823113382941,0.42069561027934643,0.05846313351826123,0.544738888646178,0.8008672058226611,0.0016890281956181117,0.10036624439435264,0.3953030601462596
strength_matched_random,20260817,20300819,0.18431550178840775,0.35726638343875167,0.062100538649859774,0.10605991182800674,0.08902749485165617,0.42505502940368806,0.06462077895509456,0.5166016048698829,0.7878168577050307,0.0016890241732046636,0.10538276442450174,0.4047195096485724
strength_matched_random,20260818,20300810,0.01847620185232668,0.03608079171116192,0.05665763064381999,0.06749090745692418,0.06516218138418223,0.10063764036969473,0.02717992269952313,0.9242290850454387,0.9718064171944828,0.0016611951836160907,0.014105108155990129,0.19380484882132873
strength_matched_random,20260818,20300811,0.01847620185232668,0.03608079171116192,0.057939281121951104,0.05900550007251219,0.049661573152123356,0.1003884991350997,0.04481618693483145,0.9252556949827836,0.9706792261324922,0.001661215928278456,0.014641379303803692,0.1970877185957674
strength_matched_random,20260818,20300812,0.01847620185232668,0.03608079171116192,0.05544344231659228,0.06442678296886477,0.053934043184272064,0.09950085779609155,0.04954328418537813,0.9240496774491422,0.9706706166367972,0.0016611845552233126,0.014605397713028745,0.19708681987802396
strength_matched_random,20260818,20300813,0.01847620185232668,0.03608079171116192,0.05341540008418059,0.07776078233220926,0.0676076531442396,0.09817081753861609,0.03533578435794568,0.924675054661183,0.970928356967779,0.0016611995447736636,0.014535460571604025,0.19706626099345242
strength_matched_random,20260818,20300814,0.01847620185232668,0.03608079171116192,0.050816456497569516,0.06714529282848172,0.05708216524444003,0.10070371526779794,0.03280928404499903,0.9303924002589051,0.9722142399612357,0.0016612183543590145,0.013942972195640928,0.19949503879911654
strength_matched_random,20260818,20300815,0.01847620185232668,0.03608079171116192,0.05441465889950799,0.05706947841603014,0.04784696011457717,0.10075741979552921,0.040731491993594576,0.9359989991701287,0.9736982291686582,0.0016612189748272475,0.01321187838948971,0.1870223386249164
strength_matched_random,20260818,20300816,0.01847620185232668,0.03608079171116192,0.0593952113226429,0.05816525127101322,0.05209272264424911,0.09888115019106533,0.04232586905939649,0.9243556411437428,0.9698764131843344,0.0016611963941969283,0.01508136120368973,0.20185427957621163
strength_matched_random,20260818,20300817,0.01847620185232668,0.03608079171116192,0.050724178046768306,0.06360861025932103,0.05829266605040702,0.1004744389436923,0.04327067568190633,0.9247763409788948,0.97177915322905,0.0016611909427937436,0.014219492707987575,0.19318650591478906
strength_matched_random,20260818,20300818,0.01847620185232668,0.03608079171116192,0.061720248342055826,0.07461653058353593,0.07441865990861798,0.09979157241389366,0.03700628653495167,0.9317931648537444,0.9734590349877864,0.0016612018661330541,0.013245896597022706,0.18411575394186902
strength_matched_random,20260818,20300819,0.01847620185232668,0.03608079171116192,0.04753225769052183,0.05803091805903118,0.05111373815718778,0.09964539772287595,0.049887896593694254,0.9248056299710287,0.9707874045423802,0.0016611875235143525,0.014599868571805322,0.19581368006597022
strength_matched_random,20260819,20300810,0.35180752926567777,0.6825420884140669,0.06868601819453925,0.12072281049864679,0.09291748599262883,0.8735695110598346,0.07405736460627657,0.3385238067426738,0.6903537846875075,0.0017563794079496497,0.1786133624449134,0.49140834789726406
strength_matched_random,20260819,20300811,0.35180752926567777,0.6825420884140669,0.08444376501390231,0.1132593878424257,0.08738282753495225,0.9420348406334698,0.07240125471407717,0.3529151271636461,0.686956937226356,0.0017567271995717246,0.17489678916672066,0.48579558343721574
strength_matched_random,20260819,20300812,0.35180752926567777,0.6825420884140669,0.08286257796180217,0.12472778592936822,0.0958708632654565,0.9565277930154533,0.09081228188304884,0.3379256616796981,0.6844538144688151,0.0017564670976666845,0.1775271729813111,0.489323112579907
strength_matched_random,20260819,20300813,0.35180752926567777,0.6825420884140669,0.07440160849890726,0.1328350202927899,0.10790445417197037,0.9341484442761299,0.07283984684886992,0.32312157872115577,0.6862808354653371,0.0017564767703491819,0.1764236639031068,0.4798882029263994
strength_matched_random,20260819,20300814,0.35180752926567777,0.6825420884140669,0.06518103550824114,0.12028151820860451,0.09409044981738661,0.9274280022515577,0.05695220274025155,0.3623944986141102,0.6910854443191428,0.0017566411435559176,0.17581189298653382,0.49517337647071924
strength_matched_random,20260819,20300815,0.35180752926567777,0.6825420884140669,0.06417083536595007,0.11481905177996772,0.0855622081550211,0.9182346687597965,0.07481821846083966,0.38067653457755,0.6976856797892969,0.001756425646352877,0.16856484437498712,0.47439237253694094
strength_matched_random,20260819,20300816,0.35180752926567777,0.6825420884140669,0.0740424048605564,0.11689717402617786,0.08255989143152623,0.9019438598677144,0.06672723771565241,0.34335690736399627,0.6886236971264532,0.0017565430516050134,0.18354249131318756,0.5063853924842611
strength_matched_random,20260819,20300817,0.35180752926567777,0.6825420884140669,0.07138383463218514,0.11848390959686916,0.0838251055777133,0.9335884125988946,0.07079035343487781,0.3379224960366135,0.6780388351580373,0.0017566345031894003,0.1852045488974298,0.4993110876726126
strength_matched_random,20260819,20300818,0.35180752926567777,0.6825420884140669,0.08005245622242645,0.12163055273357556,0.0899863506471097,0.8910191514495533,0.06884045374633245,0.3672368944089962,0.6981571847347638,0.001756617520286163,0.16714695258396017,0.4678767999733794
strength_matched_random,20260819,20300819,0.35180752926567777,0.6825420884140669,0.06836676581983223,0.11020934799368372,0.08078513005541792,0.9170570142672714,0.07071213059901774,0.3343108498506983,0.6829615513983816,0.0017564515287271936,0.17835658533053314,0.4854063123235896
joint_matched_random,20260810,20300810,0.029892528630621428,0.05829647539597098,0.057216528005091846,0.07114540931071336,0.07200224492892707,0.06597986650826657,0.03424359980074748,0.877542836108627,0.9540113165980048,0.0016287112031490268,0.022106941604525122,0.23093492058644793
joint_matched_random,20260810,20300811,0.029892528630621428,0.05829647539597098,0.057829534989476516,0.06230873006457014,0.05951660245629903,0.06700687659361364,0.051730566524598585,0.8830024172361078,0.9528391957631133,0.001628704636294214,0.02265792298873105,0.23386126654014383
joint_matched_random,20260810,20300812,0.029892528630621428,0.05829647539597098,0.05751791385492296,0.07062089718455551,0.06770500923918639,0.06663613039317197,0.058443616123817634,0.8794146201371286,0.9533575327293766,0.0016286976099685931,0.022344114442277345,0.23084309219138568
joint_matched_random,20260810,20300813,0.029892528630621428,0.05829647539597098,0.0540541199279944,0.0808023869654599,0.07830460635544813,0.06670820815509207,0.03962388927845576,0.8785796100630507,0.9533081142066864,0.0016286912047705174,0.022249314071799274,0.23111717151468641
joint_matched_random,20260810,20300814,0.029892528630621428,0.05829647539597098,0.050995255596880604,0.07122320663364624,0.06983613669848601,0.06707462699793226,0.040316552037712325,0.8893950343693643,0.9556474057194013,0.001628709293848559,0.02133602004022233,0.23168157801319
joint_matched_random,20260810,20300815,0.029892528630621428,0.05829647539597098,0.05285189063638664,0.06059204733509762,0.059608700443289066,0.06690343489108433,0.042288791365568616,0.9001131636044182,0.9590190441742104,0.0016287008213421734,0.019606920369282244,0.21552020225373053
joint_matched_random,20260810,20300816,0.029892528630621428,0.05829647539597098,0.05916088163207125,0.062954084632478,0.06197929705308739,0.06674437619067301,0.03538256024624162,0.8779265549072346,0.9516265140103239,0.0016286880955126031,0.023269199505804233,0.23810314247851644
joint_matched_random,20260810,20300817,0.029892528630621428,0.05829647539597098,0.05102532172163989,0.06803277873371275,0.06693651532489878,0.06730366759175767,0.04787753599742568,0.8792218057959609,0.9532893826498224,0.0016286993884550849,0.02243972544752224,0.23039007057872057
joint_matched_random,20260810,20300818,0.029892528630621428,0.05829647539597098,0.06106591178602515,0.07806302680853396,0.07875973014111987,0.06611857558010364,0.04564389106997803,0.8894768266530158,0.956823627911031,0.0016287099943077996,0.020654256675369364,0.22058413599780655
joint_matched_random,20260810,20300819,0.029892528630621428,0.05829647539597098,0.04931815955738493,0.06189110240280351,0.06253301113646485,0.06651114579074882,0.05145853084351935,0.8778469398703669,0.9533979852401261,0.0016286939617381417,0.022406320197331207,0.2295732341283197
joint_matched_random,20260811,20300810,0.028278630834730832,0.05468397056985795,0.05663681295413199,0.06417015506805436,0.06728293514975145,0.09110602201408058,0.03625252036688513,0.8935694731385382,0.9595096262166269,0.0016558887401028843,0.019607640826579988,0.21439991660591176
joint_matched_random,20260811,20300811,0.028278630834730832,0.05468397056985795,0.05821696921635653,0.06670796514680452,0.048670533292525964,0.09310782846663039,0.04400191764369989,0.8942359872095349,0.9594140370271809,0.001655876566955202,0.0197603536802973,0.21276679649993854
joint_matched_random,20260811,20300812,0.028278630834730832,0.05468397056985795,0.057502953006505896,0.0725921208172975,0.05476210411668268,0.09149212501767835,0.058748081047871895,0.8948745622832701,0.9600410967780315,0.001655845229090259,0.019321673889966254,0.2083944113354092
joint_matched_random,20260811,20300813,0.028278630834730832,0.05468397056985795,0.05315196368757515,0.08430645841643364,0.06568826829710378,0.09281594958151948,0.03748753719092765,0.89260194216695,0.9591829720232804,0.0016558541151732258,0.019816097097946555,0.21266303374844484
joint_matched_random,20260811,20300814,0.028278630834730832,0.05468397056985795,0.05076229453912111,0.07145345620634405,0.05843544701514236,0.09196496704573512,0.03873874261770896,0.9004619792219086,0.9612255806340736,0.001655847284789504,0.018820723282768837,0.21268604622787848
joint_matched_random,20260811,20300815,0.028278630834730832,0.05468397056985795,0.05350827874657695,0.06523025331313793,0.049045821145446554,0.09176449588668563,0.047419875181380626,0.9088107348933905,0.9628422988429473,0.0016558863161023126,0.01797535627679324,0.20269119728354293
joint_matched_random,20260811,20300816,0.028278630834730832,0.05468397056985795,0.05910488855265805,0.06756059984762716,0.05357366547688208,0.09161020755833969,0.042407985698448725,0.8934862931918449,0.9581918108015017,0.0016558482954837073,0.020359551184149255,0.22023252817542813
joint_matched_random,20260811,20300817,0.028278630834730832,0.05468397056985795,0.05125438592981922,0.0680089822697491,0.05880993529708349,0.09193037370646791,0.049160583260301434,0.9002690335266973,0.9612652912096014,0.0016558607158493291,0.01873887194643084,0.20548079778486245
joint_matched_random,20260811,20300818,0.028278630834730832,0.05468397056985795,0.061230149856399206,0.08579550954279457,0.07556210119662818,0.09094595005224679,0.03755607775432429,0.9006818358738826,0.9621749219880309,0.0016558406730434224,0.018325384043119324,0.2019732304760118
joint_matched_random,20260811,20300819,0.028278630834730832,0.05468397056985795,0.048350252975397655,0.06764463553959764,0.05440424154796578,0.09204028816060247,0.05035769067491912,0.8929084117901773,0.9597494012267573,0.001655872637583694,0.019648525480746328,0.21045888570100865
joint_matched_random,20260812,20300810,0.03891600426887363,0.07591423753920357,0.05718794284938716,0.06732146604168514,0.068762079050503,0.23448944965839053,0.037662705343590605,0.8601174991984806,0.945815719177924,0.0012284625378975798,0.026080916414993494,0.24301081449124057
joint_matched_random,20260812,20300811,0.03891600426887363,0.07591423753920357,0.060417747018870635,0.07536478555482433,0.0703438624461273,0.23760606173230658,0.056552092937095136,0.8589122374760615,0.9444050287848242,0.0012284819700124914,0.02685119321693058,0.2489763357305952
joint_matched_random,20260812,20300812,0.03891600426887363,0.07591423753920357,0.058642234502390644,0.07604482937821425,0.07149300215847901,0.23333241435495883,0.04284051139938435,0.8574712627754101,0.9417780827841608,0.0012284710769985393,0.02800595924169394,0.25088728625987755
joint_matched_random,20260812,20300813,0.03891600426887363,0.07591423753920357,0.05579474254703468,0.08996022498557174,0.08227095455879768,0.2294199947951935,0.04960487831849154,0.8535746599372486,0.9428640020993646,0.0012284648695422109,0.027283069987065922,0.2472194438585224
joint_matched_random,20260812,20300814,0.03891600426887363,0.07591423753920357,0.05092690997045379,0.06983570595201008,0.07002243657169042,0.23613277056941456,0.039730565167031454,0.8659563762222966,0.9450969808912271,0.0012284734816205942,0.026584246271665918,0.2541173875496809
joint_matched_random,20260812,20300815,0.03891600426887363,0.07591423753920357,0.05754931200640251,0.06206381224827752,0.05740264536602392,0.240591186327532,0.03812908539378758,0.8550476618964682,0.9418517583564588,0.0012285080867393623,0.02802968755868508,0.2512322355298361
joint_matched_random,20260812,20300816,0.03891600426887363,0.07591423753920357,0.059612528526790554,0.07182647357582692,0.06783023627210091,0.23278175940120063,0.03859793623535197,0.8520517829369438,0.9422881951815061,0.0012284701550110823,0.027849499506955776,0.252093976629017
joint_matched_random,20260812,20300817,0.03891600426887363,0.07591423753920357,0.050065777572946515,0.08005386711673668,0.07736542934005076,0.23296239324194096,0.04256425615876451,0.8455706554915337,0.942303167755384,0.0012284473436494033,0.027887608141004844,0.24853260621041856
joint_matched_random,20260812,20300818,0.03891600426887363,0.07591423753920357,0.06454132225851125,0.09455285541407862,0.09163998377884436,0.23631526780870543,0.049713725262635865,0.8662974753088338,0.9457627234151754,0.0012284884315842157,0.02590612166186712,0.23816500634517812
joint_matched_random,20260812,20300819,0.03891600426887363,0.07591423753920357,0.04808598953716876,0.07509302314376261,0.07066690153127156,0.2323469214146073,0.042810583508148564,0.8597900697958598,0.9428917127556307,0.0012284245518316649,0.027476017055506268,0.2486993492349729
joint_matched_random,20260813,20300810,0.05015433474672911,0.09753769755869501,0.05763313336040502,0.07975376432902229,0.07348109098079271,0.27710799551056897,0.03447856689331269,0.8245627499535126,0.9330489438211591,0.0017629851206918215,0.03310281534595849,0.2655889009942972
joint_matched_random,20260813,20300811,0.05015433474672911,0.09753769755869501,0.059074786492263665,0.08080684527177967,0.07439459105507279,0.27882057320484394,0.04714298832068388,0.8400262263723952,0.9332229137761056,0.0017629862827645442,0.032766580711608116,0.265479863417142
joint_matched_random,20260813,20300812,0.05015433474672911,0.09753769755869501,0.06088941581193521,0.08674521746353976,0.0793900076276476,0.27874117644451624,0.05667704652864752,0.8268812749314852,0.9312609722415164,0.0017629636527373125,0.03400664554620809,0.269753576930995
joint_matched_random,20260813,20300813,0.05015433474672911,0.09753769755869501,0.055042669603398764,0.09222424516858495,0.08615989811683164,0.2798331031321666,0.03962629611500035,0.8255680629819471,0.9327744708798005,0.0017629797762171617,0.033061508768556416,0.2640212559865153
joint_matched_random,20260813,20300814,0.05015433474672911,0.09753769755869501,0.051129266681605945,0.08545253535684681,0.07800989878844386,0.27770467971778234,0.03937101939806403,0.8349599597691434,0.933535784676749,0.0017629672587321818,0.03286540589168628,0.270632167101832
joint_matched_random,20260813,20300815,0.05015433474672911,0.09753769755869501,0.05433042536357709,0.07629875530813585,0.06938058376878917,0.275980591547681,0.044739336981216016,0.8430763686589066,0.9355254286497224,0.0017629969917692754,0.0319741228111523,0.25737701797998724
joint_matched_random,20260813,20300816,0.05015433474672911,0.09753769755869501,0.05923074997350255,0.08079247693451728,0.07531828673829286,0.2783862786050227,0.04723849224069216,0.8221448709782425,0.9307835246528742,0.0017629557954806484,0.03440653227783956,0.2726465009195148
joint_matched_random,20260813,20300817,0.05015433474672911,0.09753769755869501,0.05163629531509119,0.09405931272544739,0.09115921411512445,0.27514197273825564,0.05184815601705024,0.8209348926020679,0.9288367279041279,0.001762979485830166,0.035107788584756404,0.2705398122329118
joint_matched_random,20260813,20300818,0.05015433474672911,0.09753769755869501,0.06265915313913337,0.10181658317756796,0.10039149229372786,0.27598609173533434,0.04156295079090269,0.8418976105998668,0.9363272984181146,0.0017629768338091878,0.03133714056200062,0.254940027523748
joint_matched_random,20260813,20300819,0.05015433474672911,0.09753769755869501,0.04868469213499366,0.0829302224676852,0.07545481015693996,0.27433880728148013,0.05513377932198538,0.8279533601037479,0.9325185730494396,0.001762980064164988,0.033382970367885845,0.2643907687754778
joint_matched_random,20260814,20300810,0.005669231811093535,0.011011151765872747,0.05628322590232086,0.06455094013214,0.06620782763847825,0.03582431071016916,0.021150386108103512,0.9780905449492463,0.9914426024988441,0.0015244683354164873,0.004208752940378852,0.10919477050489837
joint_matched_random,20260814,20300811,0.005669231811093535,0.011011151765872747,0.05625040112659411,0.05012555207151069,0.04759639341257292,0.03619638510790396,0.04840288517584234,0.9748291166894119,0.9902879074672628,0.001524469119704888,0.004797383397228102,0.11673032762750468
joint_matched_random,20260814,20300812,0.005669231811093535,0.011011151765872747,0.053746051581505694,0.05423341656392072,0.0524773815345248,0.0356238412892802,0.046220814510683765,0.9766607455299983,0.990771244851525,0.0015244657341416154,0.004549991919632842,0.11303682557605461
joint_matched_random,20260814,20300813,0.005669231811093535,0.011011151765872747,0.05277704445913445,0.06830379549691393,0.06281655848920364,0.03538132468744818,0.032212091479805985,0.9753145055193961,0.9905849659609135,0.0015244640624416498,0.004627947169430123,0.11355827140851478
joint_matched_random,20260814,20300814,0.005669231811093535,0.011011151765872747,0.05009856669569871,0.05648845028237427,0.054555466290105124,0.03555187496489294,0.026109259369613898,0.9760907048556013,0.9906972648277759,0.0015244712650343446,0.0045789436611331944,0.11588556616674342
joint_matched_random,20260814,20300815,0.005669231811093535,0.011011151765872747,0.054390788346211215,0.048154840727762334,0.04461435016138592,0.03628022662382798,0.035871469300551954,0.9757303570433127,0.9905111368451625,0.0015244686374949097,0.004674074868149209,0.1132974021992564
joint_matched_random,20260814,20300816,0.005669231811093535,0.011011151765872747,0.05860623772378627,0.05182009545196901,0.04964137083550361,0.035490895403408954,0.036023711655222085,0.9771487134211487,0.9908577425405463,0.0015244691567069808,0.004511037248875312,0.111135582507271
joint_matched_random,20260814,20300817,0.005669231811093535,0.011011151765872747,0.05054557860215283,0.058931906995316995,0.059202250304385126,0.035862046177091454,0.0423363897246983,0.9774832252523492,0.9913200888999851,0.0015244666093630393,0.004282677922491016,0.10835824154319051
joint_matched_random,20260814,20300818,0.005669231811093535,0.011011151765872747,0.06096557414469095,0.07515301736654176,0.07536551683017219,0.03552345603800454,0.03030905681470435,0.9774454096203673,0.9911978681475695,0.0015244707109474524,0.004332559879180528,0.1090943641988908
joint_matched_random,20260814,20300819,0.005669231811093535,0.011011151765872747,0.04661481217546355,0.05396635327033651,0.051384668917299,0.03570320647789803,0.04023701108358791,0.9766186554557341,0.9906434985970167,0.0015244660475364844,0.004611740589476493,0.11322188232870671
joint_matched_random,20260815,20300810,0.026473587240262542,0.0516270189919761,0.05760352696955563,0.0818342426259187,0.07294111695709538,0.17053729973387477,0.03136814900953478,0.8875952342127323,0.9573397834961324,0.001566690368130432,0.0203541229174573,0.22251730606371725
joint_matched_random,20260815,20300811,0.026473587240262542,0.0516270189919761,0.06042862050569121,0.06748752300069707,0.0577989894204748,0.17165957519228656,0.049372349380636546,0.8977684612194375,0.9574345329437186,0.0015666903681307066,0.020264217616199766,0.22491262675255613
joint_matched_random,20260815,20300812,0.026473587240262542,0.0516270189919761,0.055289065471880804,0.0737050475123318,0.06327945279267642,0.1717988663128533,0.05665405294371619,0.8953877930119566,0.9588855276631467,0.0015666903681307298,0.01954546957961239,0.21724610543229517
joint_matched_random,20260815,20300813,0.026473587240262542,0.0516270189919761,0.05374853618330546,0.07005867886582862,0.06570129456000481,0.16910477171255833,0.03630030413445974,0.8819335526688514,0.9563296690269217,0.0015666903681304616,0.020669664224149058,0.22482216312561293
joint_matched_random,20260815,20300814,0.026473587240262542,0.0516270189919761,0.05160162291541533,0.07426150735431938,0.06455306811961603,0.1705042273258437,0.03220057420392071,0.9011944191837997,0.9584773556440664,0.0015666903681303412,0.01989584476031129,0.22531625912194145
joint_matched_random,20260815,20300815,0.026473587240262542,0.0516270189919761,0.05293177818782548,0.05852139055830976,0.05179977962457109,0.17054399629250863,0.04316243586311459,0.9048471600885721,0.9624351785702357,0.0015666903681299828,0.018021835914761412,0.2110491200570296
joint_matched_random,20260815,20300816,0.026473587240262542,0.0516270189919761,0.059283020019302655,0.06508597044619127,0.05745383157201902,0.16971044986209366,0.03268882318627776,0.8874857234803241,0.9569742073142031,0.0015666903681305119,0.020589203496769386,0.2269470006382833
joint_matched_random,20260815,20300817,0.026473587240262542,0.0516270189919761,0.050404206941808485,0.07467354608496911,0.06692635533022732,0.17105920373596992,0.042875179955622116,0.8778358828812275,0.9545507124300038,0.0015666903681302812,0.02175420620534444,0.22922776598970115
joint_matched_random,20260815,20300818,0.026473587240262542,0.0516270189919761,0.06259608000141806,0.08296343622955125,0.0791195775983675,0.16962237510346462,0.04106365280914062,0.8998872802407213,0.9607876001698081,0.0015666903681302933,0.018682153420681923,0.21244160501167117
joint_matched_random,20260815,20300819,0.026473587240262542,0.0516270189919761,0.04923289779915715,0.06382063909769303,0.05710444843968361,0.17133715665921562,0.05665845391560167,0.887884803961754,0.9572845860953197,0.0015666903681306338,0.020391273008949398,0.22481733378964996
joint_matched_random,20260816,20300810,0.02762244152459859,0.05333181569520893,0.056963013803723525,0.06822029172094063,0.06758035725660266,0.0959249138378472,0.029946323551141112,0.8961331538213237,0.9595128598855259,0.0017619008458329803,0.01932959746280697,0.21330742978844883
joint_matched_random,20260816,20300811,0.02762244152459859,0.05333181569520893,0.05838610475040523,0.06678560609931236,0.052905336376500876,0.09715989984995478,0.044324744300638666,0.8942132611883722,0.9589116580367056,0.0017619252085280396,0.019656870120784167,0.2139913998792496
joint_matched_random,20260816,20300812,0.02762244152459859,0.05333181569520893,0.057115974731824434,0.0719022899873597,0.05866817496083121,0.09643487451327311,0.04603646461248791,0.8979444449515505,0.9603469624322271,0.0017618853840158737,0.018915187758105554,0.2088558067291574
joint_matched_random,20260816,20300813,0.02762244152459859,0.05333181569520893,0.052713582416922124,0.08017756429331857,0.06709016928211528,0.096898396572861,0.032803039182190324,0.8876701961080936,0.9578558549904154,0.0017619158423342496,0.020122482476400243,0.21529521992445658
joint_matched_random,20260816,20300814,0.02762244152459859,0.05333181569520893,0.050335197721528536,0.07253189186331811,0.05793121612698039,0.09653188058894428,0.03586455899554381,0.9000250481468148,0.9603135192617319,0.0017619199757070187,0.01908116054733953,0.21565979306166963
joint_matched_random,20260816,20300815,0.02762244152459859,0.05333181569520893,0.05335214146521059,0.06262809815716808,0.04781508109761259,0.0968128682515335,0.03819929836535644,0.9052501004529011,0.9622986858110106,0.0017619166635295118,0.01820883962477123,0.20484447324974736
joint_matched_random,20260816,20300816,0.02762244152459859,0.05333181569520893,0.059434067207921305,0.06741897235751673,0.052648284761275956,0.09635564584765298,0.03648018776790772,0.895326940804338,0.9592992353415873,0.0017619090032275219,0.019513195622674423,0.21430155154390246
joint_matched_random,20260816,20300817,0.02762244152459859,0.05333181569520893,0.05196224321222326,0.07011877020864803,0.05897875568473705,0.09681981068338283,0.04448151228730476,0.8976275934834433,0.9605378160240804,0.0017619031364231985,0.018872895283813296,0.20592200428878224
joint_matched_random,20260816,20300818,0.02762244152459859,0.05333181569520893,0.061324271654051785,0.08487564887146191,0.07759420211757356,0.09766972223126939,0.03710561376188041,0.8998980102031048,0.9614917456146775,0.0017619125281557498,0.018438301981910602,0.20486946550933166
joint_matched_random,20260816,20300819,0.02762244152459859,0.05333181569520893,0.04852201900546495,0.0668618103801488,0.0537466971804894,0.09660202415910035,0.040072378248187566,0.8925405523528347,0.9592411241113717,0.0017618965894353408,0.01952398834699321,0.21070039114167916
joint_matched_random,20260817,20300810,0.18478073790991917,0.3585847522577753,0.06652160235175822,0.10575768136876469,0.0863330714348992,0.4345031285971258,0.045780166156507984,0.5042118245313101,0.7898001006036867,0.001487108068315423,0.10432590794412824,0.407460666718921
joint_matched_random,20260817,20300811,0.18478073790991917,0.3585847522577753,0.07363701394818312,0.10973924943972338,0.08664346213088321,0.43603017611315087,0.06015062854000548,0.5074094554740527,0.785338849680892,0.0014870772141829536,0.10684545303933297,0.41731548592942735
joint_matched_random,20260817,20300812,0.18478073790991917,0.3585847522577753,0.06875428708488907,0.11349818106523127,0.09804541775594058,0.43667385262674613,0.07158580150240837,0.5242213363454414,0.7899174126593371,0.0014870709905140957,0.10488747808326068,0.40840932876145813
joint_matched_random,20260817,20300813,0.18478073790991917,0.3585847522577753,0.06859828213872832,0.13024107333823032,0.11359502740984484,0.43751824758833535,0.04992687410045943,0.4914969496120801,0.7835734982405873,0.0014871021467159793,0.10590619141210922,0.405618976336827
joint_matched_random,20260817,20300814,0.18478073790991917,0.3585847522577753,0.05694872040982184,0.10723400233421201,0.0942911558843123,0.4368301737414025,0.054808187548672394,0.5316060666733164,0.7919388059077952,0.0014870695443086287,0.1037084611626411,0.41756620484278617
joint_matched_random,20260817,20300815,0.18478073790991917,0.3585847522577753,0.06484534998123895,0.10343228142018746,0.08291742242975056,0.440642899782857,0.06142347942528818,0.5455847810987002,0.7943265816265354,0.0014871196643253947,0.10095170404652994,0.400936903352007
joint_matched_random,20260817,20300816,0.18478073790991917,0.3585847522577753,0.06623500674400383,0.10007322659584024,0.07839118664362363,0.4332421092938682,0.05515924784022878,0.5000551040407679,0.7834783820201362,0.0014870556792536435,0.10869976676458279,0.4194789475924612
joint_matched_random,20260817,20300817,0.18478073790991917,0.3585847522577753,0.056388935335473636,0.10481780926543467,0.08231811350235872,0.43703936330463106,0.06483914186963755,0.5066635674229809,0.7869334925314588,0.0014870918969021327,0.10763370376535833,0.41499929465911894
joint_matched_random,20260817,20300818,0.18478073790991917,0.3585847522577753,0.07115745217990585,0.11385050405168577,0.09408766312178987,0.435771933973956,0.05253681383418899,0.5378445218270596,0.7970298111284585,0.001487099792132288,0.10104299958420963,0.40057678876665886
joint_matched_random,20260817,20300819,0.18478073790991917,0.3585847522577753,0.05808113637623027,0.10649129998218028,0.08071387292014962,0.43646790574417593,0.05969082047360199,0.5134592505098965,0.7874018793010366,0.0014870888842790878,0.10769469790309641,0.4161167991075511
joint_matched_random,20260818,20300810,0.01899203840530569,0.03725040675240302,0.055559592623821166,0.06768877664149853,0.0653945574962099,0.08719488304661431,0.025522636227355185,0.9175909888690391,0.9696685622656886,0.0017011548869760632,0.01498464342582915,0.19976118955888106
joint_matched_random,20260818,20300811,0.01899203840530569,0.03725040675240302,0.057871456190079974,0.05825716026759518,0.050798155929052215,0.08672852362579424,0.0460883680125784,0.9284831626726501,0.9702863393128824,0.0017011627132429547,0.014673534466810158,0.19796950849379016
joint_matched_random,20260818,20300812,0.01899203840530569,0.03725040675240302,0.055583431329264486,0.06403632563096326,0.05368473040567728,0.08611753945044283,0.05760970406578233,0.9182099773806847,0.9683749032392939,0.0017011404421253921,0.015563645493933695,0.20370267296311778
joint_matched_random,20260818,20300813,0.01899203840530569,0.03725040675240302,0.052912202358487814,0.07499944034002717,0.06587059335006792,0.08471597664005272,0.03336644211485791,0.922733571146822,0.9704060531495788,0.0017011538550385313,0.014575949942677805,0.19695754653627734
joint_matched_random,20260818,20300814,0.01899203840530569,0.03725040675240302,0.050656686978858424,0.06448925885056335,0.05653242639443794,0.08667517838994683,0.0363986433446634,0.9258180103778055,0.9699166372912333,0.0017011628483008963,0.014874575955460694,0.2072554412514668
joint_matched_random,20260818,20300815,0.01899203840530569,0.03725040675240302,0.05629778580168874,0.05431320478778482,0.047913493323325326,0.08688584247130367,0.04314602102723207,0.930150252713257,0.9715024128892585,0.0017011678928209356,0.014036305651471973,0.1905238684156086
joint_matched_random,20260818,20300816,0.01899203840530569,0.03725040675240302,0.060144935330421076,0.055842469860118496,0.0522114495727881,0.08543005140866751,0.04325858501583306,0.9171470310858629,0.9678650484791802,0.0017011512947892264,0.015889268253530334,0.20442056187266786
joint_matched_random,20260818,20300817,0.01899203840530569,0.03725040675240302,0.049105789507774285,0.06895400289801638,0.05947345485050133,0.0863514995558177,0.046887385911996496,0.9134058944706702,0.967019418915114,0.0017011506441443852,0.016327934806444355,0.2072685997673422
joint_matched_random,20260818,20300818,0.01899203840530569,0.03725040675240302,0.05990487635915921,0.07861737452834258,0.07437614528746626,0.08653129591022092,0.038364730780337655,0.9291340345038295,0.9719204556526684,0.0017011571148914319,0.013821670167444514,0.1883064182914841
joint_matched_random,20260818,20300819,0.01899203840530569,0.03725040675240302,0.047175847108474875,0.05833542909276883,0.051498280796473714,0.08611009256125648,0.05260563124153629,0.9200669588992559,0.9694494125766691,0.0017011455295993633,0.015121234308647747,0.20018766719338554
joint_matched_random,20260819,20300810,0.35789742814774994,0.6939406850208617,0.07544803488857363,0.10894025919572828,0.08120285320401013,0.4845448329857319,0.05803488339787675,0.32844976355535893,0.6859084715518746,0.0014577000743397552,0.18106033759984871,0.5012622873321236
joint_matched_random,20260819,20300811,0.35789742814774994,0.6939406850208617,0.0846802483400549,0.09774657878351924,0.07207600061679013,0.48134277308897805,0.054216755443815524,0.3392354051035106,0.6812376747755036,0.0014576963049682228,0.18008580882983208,0.4967808342077129
joint_matched_random,20260819,20300812,0.35789742814774994,0.6939406850208617,0.08586681721357171,0.09988719223488753,0.07976151949364914,0.4807833935858669,0.07389757663846457,0.3523884792591375,0.6848306662483058,0.0014577058462344147,0.17882092158176155,0.4913141540235955
joint_matched_random,20260819,20300813,0.35789742814774994,0.6939406850208617,0.07343567178381978,0.10942578210600111,0.0947980863282882,0.4816059605136019,0.05262128494064833,0.329101323280799,0.6799347886017326,0.001457692654059532,0.1803120462825439,0.4855438014518098
joint_matched_random,20260819,20300814,0.35789742814774994,0.6939406850208617,0.06787673291234222,0.10223096612535891,0.08511024561658395,0.48357324968274434,0.0546336463750695,0.35164504627977244,0.6845224153181313,0.0014577022384836377,0.18178959245843712,0.5091583748756399
joint_matched_random,20260819,20300815,0.35789742814774994,0.6939406850208617,0.06862060555833911,0.08644356738422666,0.06519162248568491,0.4822131924409977,0.06837109865130521,0.37287546230449464,0.6937138112931109,0.001457715116117045,0.17454638675952716,0.4853119973608025
joint_matched_random,20260819,20300816,0.35789742814774994,0.6939406850208617,0.07265145394261427,0.09312718098446607,0.06731134609086398,0.4858712395779465,0.06406650245397691,0.32518243921506257,0.6839457159628675,0.0014576480921434,0.18473585176801594,0.5067093482831553
joint_matched_random,20260819,20300817,0.35789742814774994,0.6939406850208617,0.07012287988916974,0.0925583034658813,0.067866602620514,0.48747842149201537,0.06145585219928237,0.346589316945881,0.6819076962842633,0.0014576686991047637,0.1875413939422043,0.5068591373438527
joint_matched_random,20260819,20300818,0.35789742814774994,0.6939406850208617,0.07915168527850953,0.1114981472795143,0.0852041397134666,0.48331926776135725,0.05411048156601672,0.37268690204163407,0.6965680791277507,0.001457693658727949,0.17366938140588803,0.4855221217629319
joint_matched_random,20260819,20300819,0.35789742814774994,0.6939406850208617,0.06781995936368954,0.1001655012809477,0.07037684956908088,0.48641040373997485,0.0692279201266302,0.3422870117025524,0.6828247987486205,0.0014576619188254516,0.1838133962292543,0.4989064669362387
fiber_low,20260810,20300810,0.07336298754500503,0.14007327067602002,0.06024768471569368,0.060863964321897224,0.05920944690947281,0.26981854941362776,0.026204358380213483,0.7498988057350501,0.8976389947448012,0.0012784807589342085,0.0492056159481597,0.3270056621136944
fiber_low,20260810,20300811,0.07336298754500503,0.14007327067602002,0.05811691495649195,0.07334974006091048,0.05920172378686107,0.26605293014762804,0.06039370718345529,0.7689592295132894,0.9033305843918356,0.00127855530244082,0.046467402507498326,0.31122388394372547
fiber_low,20260810,20300812,0.07336298754500503,0.14007327067602002,0.06735507726365346,0.07472176026537228,0.06900865703207516,0.26725832246761566,0.045908108112828895,0.7586751925833906,0.9028309294412891,0.0012784156613499843,0.04623467241862082,0.310040201459289
fiber_low,20260810,20300813,0.07336298754500503,0.14007327067602002,0.05269852127424363,0.08771051025431809,0.07876926000441757,0.2687706964146148,0.02696273917427594,0.7337409663456015,0.8993568984374066,0.001278444761778727,0.04935366453425406,0.31870680986766253
fiber_low,20260810,20300814,0.07336298754500503,0.14007327067602002,0.04887714749643464,0.08141592488635992,0.06871836514867274,0.2685195718222161,0.04055642987062355,0.7466562770561933,0.9003415817919773,0.001278512455437084,0.04856092112206385,0.32145993489228636
fiber_low,20260810,20300815,0.07336298754500503,0.14007327067602002,0.05212827510465272,0.06685784183394207,0.05849298491322615,0.2696999974248693,0.031490967658257873,0.7586113004186967,0.9015456459856127,0.0012784887078361104,0.04771618892313754,0.30842084317874824
fiber_low,20260810,20300816,0.07336298754500503,0.14007327067602002,0.05691207032947841,0.08269350785872347,0.06419138229253572,0.26756300580595993,0.03088464482986498,0.7419879140579585,0.9031815383261164,0.0012784719568905989,0.04705080953703526,0.318070616314733
fiber_low,20260810,20300817,0.07336298754500503,0.14007327067602002,0.06046623841040011,0.08637475804424888,0.06764228197223165,0.2694718126651937,0.05264697086444151,0.7731626791812185,0.899708792373955,0.001278476687096792,0.04840997299910897,0.3151745619389788
fiber_low,20260810,20300818,0.07336298754500503,0.14007327067602002,0.062224340312388285,0.11059496951712726,0.09505166615224529,0.2680710958603324,0.02715732070292712,0.7641687994382994,0.9052531835177705,0.001278521017832393,0.04642479275437403,0.3069104517858571
fiber_low,20260810,20300819,0.07336298754500503,0.14007327067602002,0.05039577339571699,0.08964332407323376,0.07369598442600672,0.2672183888458359,0.031053343536835785,0.7495429612182793,0.9048571740904408,0.0012784724239289051,0.047243883044525994,0.3118536971019227
fiber_medium,20260810,20300810,0.24963707217918665,0.48073848366283134,0.07283163448193337,0.09445184014413482,0.079425451797132,0.7295894838471548,0.05345351659411172,0.4166066935850373,0.7401568494514178,0.0007882354034060556,0.1374065414867459,0.4624755426035234
fiber_medium,20260810,20300811,0.24963707217918665,0.48073848366283134,0.06968126221853314,0.08885633072943323,0.06570318697883996,0.725889212755455,0.07810226681933255,0.45803841233951,0.746917019288284,0.0007884430615084659,0.12931831044320533,0.43556502265707725
fiber_medium,20260810,20300812,0.24963707217918665,0.48073848366283134,0.08101823689763982,0.08883183830560794,0.07596153235742555,0.7272230333879353,0.05539032568767238,0.43905228865208984,0.7425258139363149,0.0007881283987148345,0.13127102307092758,0.44037373067733815
fiber_medium,20260810,20300813,0.24963707217918665,0.48073848366283134,0.05847777152432838,0.10661206907323861,0.0880462168517453,0.7360288437572966,0.04946047830855188,0.4305089617553141,0.7428352724770667,0.0007882440801327318,0.13703412396261455,0.4492779323605044
fiber_medium,20260810,20300814,0.24963707217918665,0.48073848366283134,0.052651892808907946,0.10437572961946466,0.07838367812195664,0.7302283442842983,0.06061747056702691,0.45015029838560366,0.7502545594375664,0.0007882608675246298,0.13518166556648642,0.4579772912621377
fiber_medium,20260810,20300815,0.24963707217918665,0.48073848366283134,0.05964388932455342,0.08469443828389532,0.0694996831743681,0.7320307247078774,0.045658848838378556,0.47382536391955166,0.7552845196240812,0.0007884091020188115,0.1316694417169824,0.4439361961353335
fiber_medium,20260810,20300816,0.24963707217918665,0.48073848366283134,0.06351699599771046,0.10101884942681592,0.06898002147153375,0.7283401509444348,0.040233816072062126,0.40157990138527117,0.747617592030281,0.0007881999657036176,0.1345804071001127,0.45471371667982885
fiber_medium,20260810,20300817,0.24963707217918665,0.48073848366283134,0.07972169621281927,0.10302006115878985,0.06995388095646053,0.7332552278283957,0.0541807514635752,0.4664834743190871,0.7423457994750003,0.0007882945470743228,0.13819232017807576,0.4551505281709904
fiber_medium,20260810,20300818,0.24963707217918665,0.48073848366283134,0.06925531847558433,0.13166385451752105,0.1042006737733937,0.7322935879660261,0.05272814249571666,0.4778845068331006,0.761014067275673,0.0007881837820570559,0.12881595888810898,0.4359926542144034
fiber_medium,20260810,20300819,0.24963707217918665,0.48073848366283134,0.06115919980639586,0.11062417812129544,0.08527307524342694,0.7276547804557081,0.020544855158715954,0.4483039437027363,0.7509920772132388,0.0007882189845738443,0.13434472937718017,0.4477436158135382
fiber_high,20260810,20300810,0.44727327233167097,0.8660733082684884,0.0755379774583414,0.10611513484260975,0.10731888466332114,0.5186146437297687,0.053535782966488844,0.2934070322620421,0.656574689417068,0.0013167458237730693,0.2254171272425622,0.5610663508509053
fiber_high,20260810,20300811,0.44727327233167097,0.8660733082684884,0.09329388421783898,0.09881262899731769,0.10016407928330434,0.5125870134996652,0.058628524895696865,0.3083984859268759,0.6546682197824965,0.001316745823773613,0.21933343936087116,0.544987431693392
fiber_high,20260810,20300812,0.44727327233167097,0.8660733082684884,0.08627214034192433,0.10021339176716594,0.10158530493601363,0.5164898692461222,0.08598331023647916,0.272291898775722,0.6449724405509775,0.001316745823773399,0.21876100725349254,0.5428634944319997
fiber_high,20260810,20300813,0.44727327233167097,0.8660733082684884,0.06625497702308883,0.09065029599130055,0.09131851110941935,0.5138938352732527,0.0598478055580002,0.27071329671092825,0.6454400956546072,0.0013167458237723071,0.22451910777547862,0.542753685058835
fiber_high,20260810,20300814,0.44727327233167097,0.8660733082684884,0.06680424183655169,0.12187412729063955,0.12381112019071472,0.5165369495826041,0.05207274604869442,0.3214872380322311,0.6620557306398618,0.0013167458237733007,0.2222691534949631,0.5664102274473553
fiber_high,20260810,20300815,0.44727327233167097,0.8660733082684884,0.06091976515632386,0.09438263643271246,0.09591841096242015,0.5128424636957576,0.06144807239132244,0.34556649547681745,0.6683661078874368,0.0013167458237716796,0.21111932093868022,0.5407524192596107
fiber_high,20260810,20300816,0.44727327233167097,0.8660733082684884,0.07804112267077636,0.08954162958990024,0.09108340807817387,0.5155112666764029,0.05688044299749648,0.2906107342278337,0.6546664196105628,0.0013167458237730717,0.22746802245905723,0.5637147105225395
fiber_high,20260810,20300817,0.44727327233167097,0.8660733082684884,0.0901702700884965,0.10261352298490477,0.10426452641799351,0.5130323087220849,0.050326678285110726,0.2850393096339084,0.6420685440633005,0.0013167458237718262,0.2287142036059587,0.555248994209683
fiber_high,20260810,20300818,0.44727327233167097,0.8660733082684884,0.08523411656918248,0.08574002708851668,0.08657974467291658,0.5164975894606727,0.06458792407788294,0.3232586413689407,0.666957695921823,0.0013167458237733607,0.21171110057900563,0.5361504568806494
fiber_high,20260810,20300819,0.44727327233167097,0.8660733082684884,0.07786823075801107,0.08631259796170991,0.08768567939858285,0.5173807531072765,0.05991457399674196,0.28632436331814093,0.6397496007023779,0.0013167458237749376,0.22358721350748634,0.5430130266607437
fiber_low,20260811,20300810,0.07246301738682753,0.14016323690110757,0.05796185383583821,0.09352242091825703,0.06734827989594226,0.1444694526267872,0.03608540472909839,0.7474091054605759,0.8984582051438244,0.0010530883026479997,0.05272571415412415,0.3444919425056377
fiber_low,20260811,20300811,0.07246301738682753,0.14016323690110757,0.06225983411025386,0.07600056243444403,0.05194389957035406,0.14557492318731236,0.04702337297979978,0.7774899341453546,0.9014485090314673,0.0010530883026476476,0.05040931653952786,0.33630603472344134
fiber_low,20260811,20300812,0.07246301738682753,0.14016323690110757,0.06305791197712741,0.08958632093206559,0.05772963619347373,0.14235214565177898,0.05802785880752918,0.7530062078404195,0.9017095831719389,0.001053088302647282,0.05040536425174964,0.3373695882311319
fiber_low,20260811,20300813,0.07246301738682753,0.14016323690110757,0.049270805186564015,0.0810229356559937,0.06070351178671365,0.1461940365087229,0.029007485582975945,0.7250676468523076,0.8972093616992955,0.0010530883026480748,0.05295878462971073,0.34506618149484336
fiber_low,20260811,20300814,0.07246301738682753,0.14016323690110757,0.05090651912573503,0.08824258616012132,0.05619289759714916,0.14225292234178216,0.028091867177052313,0.7551137756363591,0.8992676201647862,0.001053088302648636,0.05209604761216843,0.35031651900506333
fiber_low,20260811,20300815,0.07246301738682753,0.14016323690110757,0.048311152885132394,0.07135114980437936,0.05157158873737656,0.1415017714708948,0.03659468643410005,0.7817954925555879,0.90945373169122,0.001053088302649272,0.046571878315586804,0.32599679164687884
fiber_low,20260811,20300816,0.07246301738682753,0.14016323690110757,0.05926276754952954,0.07683080371226185,0.051255165209562886,0.14516942856905474,0.0390256470019382,0.7541761194756117,0.9031565652601241,0.0010530883026486492,0.05032732581402447,0.33594584865078014
fiber_low,20260811,20300817,0.07246301738682753,0.14016323690110757,0.05857292722653821,0.09573176808775329,0.06400383765925836,0.14521442719815303,0.03969228186973859,0.7511610949231083,0.8952529840247804,0.0010530883026484091,0.053899683119963626,0.3422198229105812
fiber_low,20260811,20300818,0.07246301738682753,0.14016323690110757,0.06556375200523598,0.0969548563045175,0.08063577175586746,0.1432955331859973,0.032415563481458444,0.7730996214585937,0.9074936385172304,0.0010530883026488996,0.047384106680213436,0.32078840052448043
fiber_low,20260811,20300819,0.07246301738682753,0.14016323690110757,0.05572857200736165,0.0724255368159051,0.05512593868802529,0.1447922517508799,0.03964086754167861,0.741589791251194,0.9021515219380589,0.0010530883026477385,0.050047318838380594,0.32653770651203884
fiber_medium,20260811,20300810,0.25050142719887714,0.4845760060388889,0.0657246901934256,0.112003022821129,0.06946058291360345,0.2895456569016707,0.040239981052549924,0.44231677902621763,0.7445889320568926,0.0010188763027874058,0.14467124559145622,0.4809049623547321
fiber_medium,20260811,20300811,0.25050142719887714,0.4845760060388889,0.07452426205501529,0.08954517801331541,0.06008981168869815,0.2888463206051641,0.0451356193206546,0.47157169483761063,0.7477936088927053,0.0010188763027876532,0.13509008342803866,0.45612255712916616
fiber_medium,20260811,20300812,0.25050142719887714,0.4845760060388889,0.07909216546954827,0.11188054999247136,0.07395479485530976,0.28732877625021414,0.04860938212441506,0.4400446219295269,0.742013101119688,0.0010188763027873954,0.13955495512026014,0.46533560016088577
fiber_medium,20260811,20300813,0.25050142719887714,0.4845760060388889,0.0529487400053676,0.09549420574421563,0.0654251585532692,0.2923202675424064,0.03929387132463631,0.3945016073913341,0.7386968543892671,0.0010188763027866512,0.1422135507064254,0.46704274119899497
fiber_medium,20260811,20300814,0.25050142719887714,0.4845760060388889,0.057689850301645425,0.11485788573529288,0.07103343466694423,0.28227214188299166,0.041589470219671736,0.4597724614375671,0.7510739826272209,0.0010188763027877954,0.1405181771787899,0.47931529393478167
fiber_medium,20260811,20300815,0.25050142719887714,0.4845760060388889,0.05275967088627019,0.09615998083780718,0.0656087961093087,0.2828107345330428,0.0423065801760907,0.48299687792163815,0.7593895074476762,0.001018876302786647,0.13283594813274058,0.4589123174883777
fiber_medium,20260811,20300816,0.25050142719887714,0.4845760060388889,0.06942703121278822,0.10561487858453639,0.060936429440906166,0.2866298750094292,0.05597567067019657,0.44115465823899247,0.7523774706710735,0.0010188763027874485,0.14056602822563885,0.47404503862785896
fiber_medium,20260811,20300817,0.25050142719887714,0.4845760060388889,0.07953599704131097,0.11392369943588149,0.07586165684011492,0.28964967501334227,0.058411153638844665,0.4435840993238243,0.7353134230009377,0.0010188763027863892,0.14622516249473969,0.4730919908893004
fiber_medium,20260811,20300818,0.25050142719887714,0.4845760060388889,0.07707353844196183,0.11749430216796242,0.08684976912653458,0.28864813355094304,0.03548295805789257,0.4667385046615983,0.7570482707304201,0.0010188763027879169,0.1307793526716803,0.4434319796639826
fiber_medium,20260811,20300819,0.25050142719887714,0.4845760060388889,0.06709255937416576,0.09065859886890347,0.06706971951343117,0.28970341575195796,0.04106134880101101,0.4224068091710652,0.7388781526149547,0.0010188763027890063,0.13733344916611256,0.451241229616073
fiber_high,20260811,20300810,0.42671878810050523,0.8265737316254702,0.08844694322980959,0.10114461844265572,0.08218205489722508,0.5304253153345382,0.055268680517307794,0.3071704277665955,0.6561157319723321,0.0013328726630501366,0.2105436234748137,0.534045216504462
fiber_high,20260811,20300811,0.42671878810050523,0.8265737316254702,0.10157705943831005,0.10075913665810199,0.07266577253690883,0.5281094929822668,0.05440818709187365,0.2716742169997392,0.6491766356839683,0.0013328726630503795,0.2177376467596881,0.54816589691155
fiber_high,20260811,20300812,0.42671878810050523,0.8265737316254702,0.08175850040295068,0.10207610858431353,0.07896213034477544,0.5368934703173776,0.08268497889887111,0.30396764501090767,0.6567542631762312,0.0013328726630499111,0.2069427736275098,0.5237084397767798
fiber_high,20260811,20300813,0.42671878810050523,0.8265737316254702,0.07213801842169444,0.10663824940863338,0.10151038175646793,0.5408133030957539,0.0587621142029054,0.26628916572874894,0.6474549540738384,0.0013328726630492862,0.21314196867985385,0.5242615911093609
fiber_high,20260811,20300814,0.42671878810050523,0.8265737316254702,0.07153310061568333,0.09290885303045937,0.07481712012618573,0.5287652438074053,0.07002678755907037,0.3306649452181076,0.656445059295321,0.0013328726630508468,0.2154636409602492,0.5586540622055158
fiber_high,20260811,20300815,0.42671878810050523,0.8265737316254702,0.07206254754012456,0.08042785262955936,0.06630025614363565,0.5326560351162867,0.07188051558406787,0.3161395107878664,0.6604848724098191,0.0013328726630496093,0.20615169661391608,0.5311754030547919
fiber_high,20260811,20300816,0.42671878810050523,0.8265737316254702,0.07400799470475335,0.09589070307632973,0.07442263173377273,0.5306874236911445,0.07428982749224668,0.29548221304937144,0.6478364258994548,0.0013328726630504814,0.21559777336124192,0.5403165105410245
fiber_high,20260811,20300817,0.42671878810050523,0.8265737316254702,0.08101730498569773,0.0888976793721639,0.07029458391814304,0.5343673324068117,0.06761186901264747,0.30747631037180323,0.6586656694998685,0.0013328726630490785,0.21472700557336752,0.5353453270468146
fiber_high,20260811,20300818,0.42671878810050523,0.8265737316254702,0.08814316347919084,0.10245139115319783,0.08919856099586974,0.5340956556415563,0.06708840631758128,0.32297214709309346,0.6694361121646326,0.001332872663051106,0.20905384856653755,0.5388610861894764
fiber_high,20260811,20300819,0.42671878810050523,0.8265737316254702,0.07579492538209086,0.10046848146341776,0.06910486146101387,0.5379605031198498,0.055737885525995734,0.28420727312376903,0.6449454476322727,0.0013328726630519871,0.2174704394802526,0.5392244087236897
fiber_low,20260812,20300810,0.07291353111739811,0.14142378887185095,0.056781528043663446,0.05861557055472585,0.0599596603180358,0.32558065099546374,0.03537961367203173,0.7868629342041805,0.9151961830926882,0.001485759046833891,0.03981734816452155,0.2610273147958265
fiber_low,20260812,20300811,0.07291353111739811,0.14142378887185095,0.06283111012390341,0.10381070382934932,0.10607268614383263,0.32445417883305266,0.05307906532041711,0.7660189324499754,0.9099274786452615,0.001485759046834071,0.042428209914200654,0.27441301425363085
fiber_low,20260812,20300812,0.07291353111739811,0.14142378887185095,0.060146643819150004,0.10016688791679862,0.10263202047547297,0.3238645062817216,0.042982676845784086,0.7723262477625802,0.9067114949065402,0.0014857590468337518,0.043841055367192114,0.27965975663755216
fiber_low,20260812,20300813,0.07291353111739811,0.14142378887185095,0.05599133246180445,0.1268489812657339,0.12911127982190573,0.32757527282129,0.03421836533122008,0.7769479782696178,0.909191042255228,0.0014857590468338032,0.04249472791998142,0.27293146835930127
fiber_low,20260812,20300814,0.07291353111739811,0.14142378887185095,0.051383952107839956,0.09450756300161711,0.09683544493768335,0.32671812321309374,0.02470013391599583,0.7815843308759154,0.913332111832014,0.0014857590468343959,0.040993759361242,0.28142644486197177
fiber_low,20260812,20300815,0.07291353111739811,0.14142378887185095,0.06199583117737721,0.09204044372619614,0.09444470568171763,0.32587740464609477,0.035228543523887476,0.7766699242791265,0.9069395766143081,0.0014857590468340225,0.043680113247331245,0.2776626675436541
fiber_low,20260812,20300816,0.07291353111739811,0.14142378887185095,0.0605186373996488,0.09402905219966397,0.09640328026241068,0.325463355287059,0.04097734097064864,0.7804882392838987,0.908653103792402,0.001485759046834492,0.04285219701358143,0.27175419374876864
fiber_low,20260812,20300817,0.07291353111739811,0.14142378887185095,0.0513122958336012,0.09376099284440749,0.0960187197507475,0.3231758241208017,0.04447227776863693,0.7812646526675288,0.9147667631703402,0.0014857590468337644,0.03978631299199072,0.25968053766563226
fiber_low,20260812,20300818,0.07291353111739811,0.14142378887185095,0.06303379330386305,0.11545525938084773,0.11767056972588151,0.3259330907192929,0.03544923826905908,0.7916583946361645,0.9125988518290882,0.0014857590468345763,0.040570128746772474,0.2630472806346589
fiber_low,20260812,20300819,0.07291353111739811,0.14142378887185095,0.04910565534408714,0.09983572091987399,0.10204713169423474,0.32271636914935675,0.04098408615461987,0.7822348311285567,0.9095721522764478,0.001485759046834433,0.04236363937962054,0.26859413185403314
fiber_medium,20260812,20300810,0.24983025011864135,0.48420384018053836,0.06072569210121123,0.10784510629865611,0.11100773493440036,0.5123000510321176,0.036972321955006764,0.48554477277192915,0.7690324599601582,0.001581791406299194,0.12122851422082126,0.4057751884727119
fiber_medium,20260812,20300811,0.24983025011864135,0.48420384018053836,0.07513818885265587,0.14234185469811353,0.14535406571592202,0.5094307370948259,0.05111523924381256,0.4528841136519531,0.76045746005391,0.0015817914062994324,0.12610488125961813,0.42101499133279097
fiber_medium,20260812,20300812,0.24983025011864135,0.48420384018053836,0.07432469786983022,0.13936075570225182,0.1426314585342718,0.5095286587779506,0.04704326050943253,0.4812612032352373,0.7608097638108372,0.0015817914062990581,0.1276037047915709,0.4252436145643915
fiber_medium,20260812,20300813,0.24983025011864135,0.48420384018053836,0.07748422055576769,0.182696354241716,0.18604699893506282,0.5093990655167671,0.03502774744487063,0.467464312360345,0.7619364562332752,0.001581791406298978,0.12454454498100598,0.4115258238457777
fiber_medium,20260812,20300814,0.24983025011864135,0.48420384018053836,0.06077812316801222,0.12410421416261304,0.12699102342324597,0.5109749215088062,0.029394161270914043,0.4822249472244029,0.7653576216155501,0.001581791406299743,0.12386309752698055,0.428222073978052
fiber_medium,20260812,20300815,0.24983025011864135,0.48420384018053836,0.07011849124683397,0.12805540505328683,0.13144190855028626,0.5071545664740574,0.044731330050225095,0.48933642408729233,0.7615923304284784,0.001581791406299168,0.12481165877511846,0.4166735087803753
fiber_medium,20260812,20300816,0.24983025011864135,0.48420384018053836,0.0644050016624253,0.13608952895902682,0.13945562660860855,0.5111072029143027,0.04597618099198792,0.4733946847725322,0.7600769487988331,0.0015817914062998019,0.12640176172105438,0.4172951250658298
fiber_medium,20260812,20300817,0.24983025011864135,0.48420384018053836,0.05987184255171704,0.1370938353483868,0.14013418430370134,0.5094380403742966,0.04368098463064737,0.47644730781052896,0.7667753985974796,0.0015817914062988894,0.12375902187253925,0.41107029010299867
fiber_medium,20260812,20300818,0.24983025011864135,0.48420384018053836,0.07018335795479493,0.1508485129525344,0.15389973031585233,0.5102683155556277,0.041562725709687214,0.506769802223417,0.7671772375674294,0.001581791406299951,0.11906736475701478,0.40169438670677
fiber_medium,20260812,20300819,0.24983025011864135,0.48420384018053836,0.05763253473156849,0.14291351203550268,0.1461159551383052,0.5078581039971024,0.04797813579542904,0.4893104253461975,0.7645177153357995,0.0015817914062999927,0.1255272192391505,0.4121535707693115
fiber_high,20260812,20300810,0.4301005342314421,0.8332896273599391,0.07299264406543857,0.12030795400775429,0.12393391431329033,0.5455015413300901,0.05129194617726065,0.3073593772213797,0.6651746434391342,0.0015642993139980987,0.21039675747391415,0.5333173928171255
fiber_high,20260812,20300811,0.4301005342314421,0.8332896273599391,0.08308077538512545,0.12228290771964467,0.12547541809538076,0.5392460380600193,0.059482096251973406,0.2850905105080619,0.659010250728088,0.0015642993139983986,0.21159206556004223,0.5344712229973122
fiber_high,20260812,20300812,0.4301005342314421,0.8332896273599391,0.08900340786210958,0.11825440693777474,0.12165508146619514,0.5414078250921378,0.0776722618821795,0.33526624565136115,0.6663547944402722,0.0015642993139980688,0.21523330090956824,0.5503462465301884
fiber_high,20260812,20300813,0.4301005342314421,0.8332896273599391,0.09841657478037015,0.18338279418731465,0.18691807403486027,0.5402740095451815,0.05604020275737578,0.28945439809896023,0.6606029180252321,0.0015642993139979074,0.21018308936200497,0.5250689857563507
fiber_high,20260812,20300814,0.4301005342314421,0.8332896273599391,0.07636295496774922,0.09636286326860628,0.0987392843133995,0.5415904310481252,0.05804164274319662,0.3053730550983911,0.659607529320335,0.0015642993139985532,0.21157775157650244,0.5488943802938604
fiber_high,20260812,20300815,0.4301005342314421,0.8332896273599391,0.07625607161031046,0.10689460325679852,0.1101285110523641,0.5369453442734659,0.07588390870028601,0.3393917740391483,0.6611858617976066,0.0015642993139978964,0.20622209080414627,0.5291517271678036
fiber_high,20260812,20300816,0.4301005342314421,0.8332896273599391,0.07240015899171943,0.1225856273131627,0.12609011593897423,0.5430490793784519,0.0632829168738056,0.29596674367885384,0.6611996523734203,0.0015642993139986562,0.21753453290957592,0.5509748168454465
fiber_high,20260812,20300817,0.4301005342314421,0.8332896273599391,0.07200222219391475,0.12561109602497694,0.12885879097493783,0.5406384436221399,0.05602425450265234,0.3105646803197901,0.6619288170519679,0.0015642993139977739,0.21782353044784314,0.5468468438021441
fiber_high,20260812,20300818,0.4301005342314421,0.8332896273599391,0.08705468532820733,0.13653083113803097,0.13965871138743702,0.5428473472073491,0.0596855297478254,0.34411851779551594,0.6726366936746639,0.001564299313998721,0.20137598191814984,0.5206632572798215
fiber_high,20260812,20300819,0.4301005342314421,0.8332896273599391,0.06432712377504013,0.12137283419391916,0.12474097644794431,0.5418842540029841,0.06419403647609874,0.33215713327352425,0.670575338679879,0.0015642993139988876,0.2167658672553685,0.5436783697948157
fiber_low,20260813,20300810,0.07370897415114143,0.14282202613937064,0.059685268150400504,0.10711498150900411,0.10748553054205597,0.3361669646604115,0.02586755818811315,0.7841880571292313,0.9116525048336064,0.0017173304991721394,0.04817793038123737,0.33184357444635293
fiber_low,20260813,20300811,0.07370897415114143,0.14282202613937064,0.05987873868817825,0.10339991328633569,0.10394348293728235,0.3298741355365613,0.0521443570270397,0.8046517718909699,0.9140593407510492,0.0017173300327500082,0.04647875014104038,0.3304157289966887
fiber_low,20260813,20300812,0.07370897415114143,0.14282202613937064,0.062024550953677655,0.10689842674125442,0.10746333029087414,0.33319681750547375,0.049183365968153425,0.7997915557186819,0.9140072733274799,0.0017173312740084827,0.046674364698582424,0.31936786440919146
fiber_low,20260813,20300813,0.07370897415114143,0.14282202613937064,0.054730621222942616,0.08341229890627688,0.08447625631947035,0.32584795886781476,0.03084758861173927,0.7656490765118755,0.9106154147254678,0.0017173298773383184,0.04897502485045775,0.32819665586041713
fiber_low,20260813,20300814,0.07370897415114143,0.14282202613937064,0.05070514189257833,0.09904669943602777,0.09946825662904023,0.32998375390412565,0.019541688090129187,0.7934348930350671,0.9091705403166699,0.0017173300381107027,0.04996277153882383,0.342323460187413
fiber_low,20260813,20300815,0.07370897415114143,0.14282202613937064,0.054271225310528914,0.08746866741241166,0.08814766483216703,0.32488222136859046,0.03389911872858142,0.7752021017453069,0.9106659305420699,0.001717329818184852,0.049092603999220344,0.325118811781273
fiber_low,20260813,20300816,0.07370897415114143,0.14282202613937064,0.05832141417007876,0.09857615549707192,0.09907010887436325,0.3292389702225247,0.03500670639686367,0.7658977985075323,0.9133772903260746,0.0017173305039868436,0.047689991672068756,0.3308161030330762
fiber_low,20260813,20300817,0.07370897415114143,0.14282202613937064,0.04926623648527132,0.12650084952793292,0.12702997513832007,0.3294159695404464,0.04359864249662628,0.7514386654614993,0.9020034818632873,0.001717329965342402,0.054240227864545576,0.34488282085893446
fiber_low,20260813,20300818,0.07370897415114143,0.14282202613937064,0.06594494714660916,0.1363978152959808,0.13716858728924122,0.3286984095256463,0.028654297383772512,0.7955354731191093,0.9151554636585792,0.0017173304371869574,0.04645142841199267,0.32130844003528625
fiber_low,20260813,20300819,0.07370897415114143,0.14282202613937064,0.04946791322868452,0.10009828381640025,0.10058027739522357,0.3284711647925397,0.05399675103675005,0.7861735485306535,0.9120343364358705,0.0017173310968128588,0.048271496586299284,0.3314253586926335
fiber_medium,20260813,20300810,0.2534970336548227,0.49231794648459026,0.06415118175161474,0.1519067466972486,0.15185840042097704,0.4630482563556384,0.0365595387618765,0.4610404380326223,0.7584019309227589,0.0017518586289808438,0.13272926222293127,0.4478564887485607
fiber_medium,20260813,20300811,0.2534970336548227,0.49231794648459026,0.07132111227145191,0.1331467339166993,0.13320049991949837,0.4593902932427748,0.0441729934804693,0.5065096508995884,0.7628570301601691,0.0017518586289810012,0.12857519807804113,0.4431540431141097
fiber_medium,20260813,20300812,0.2534970336548227,0.49231794648459026,0.07857194872563478,0.14027800202464233,0.14038834551516224,0.4620747756596226,0.06692558375759854,0.48026354496368906,0.7586768418718537,0.001751858628980912,0.1311704376482447,0.43812240446670814
fiber_medium,20260813,20300813,0.2534970336548227,0.49231794648459026,0.06419233626190515,0.11277285822870997,0.11307600209227693,0.4609138469462646,0.03362683937898848,0.4356673662739599,0.757732558841521,0.0017518586289806681,0.13109773442923356,0.4370720941559421
fiber_medium,20260813,20300814,0.2534970336548227,0.49231794648459026,0.055600031924125395,0.13924216066483955,0.13921379354148197,0.45711733014260997,0.03172044939051965,0.4748029500763922,0.754762108183911,0.0017518586289810012,0.13520172391406282,0.45918279061192385
fiber_medium,20260813,20300815,0.2534970336548227,0.49231794648459026,0.05940451675061326,0.12748688132551075,0.12758561251748765,0.45364777380062193,0.04685292867883514,0.48024522289938953,0.7655565479892499,0.0017518586289806543,0.1279842307375235,0.43403173518435
fiber_medium,20260813,20300816,0.2534970336548227,0.49231794648459026,0.06610498107968321,0.14556128367606422,0.14557434713341533,0.4609523218945507,0.03540501562410515,0.4685027904562306,0.7668505306872082,0.0017518586289809778,0.13414268852715378,0.45434303414472466
fiber_medium,20260813,20300817,0.2534970336548227,0.49231794648459026,0.05674730909036208,0.16652775990306948,0.1665207573897118,0.45741493450127013,0.049323536578570894,0.44052986060187177,0.7373436421741241,0.0017518586289805836,0.1434204787002729,0.4620865275293579
fiber_medium,20260813,20300818,0.2534970336548227,0.49231794648459026,0.07271991847337063,0.16468182588604677,0.16485131011409584,0.4595665365155305,0.04210492189445649,0.49166935101058673,0.76758747116654,0.001751858628981037,0.12679217270884416,0.4353316478772766
fiber_medium,20260813,20300819,0.2534970336548227,0.49231794648459026,0.05924309036679975,0.1335855418813154,0.13366731089818945,0.4595988097592408,0.06166032196618904,0.4665681379633403,0.7589534450844067,0.0017518586289813273,0.13282882412113922,0.44722820997806123
fiber_high,20260813,20300810,0.4264045478088604,0.8249578224660521,0.08936145814816199,0.1058394805728533,0.0812985676319216,0.789831120121215,0.06730420669783269,0.29278371481776794,0.6602892398614323,0.0015062934507427798,0.21093847450597517,0.5343684102055327
fiber_high,20260813,20300811,0.4264045478088604,0.8249578224660521,0.09605121506850393,0.09516052642520871,0.07567946784483905,0.7983146027320578,0.06919366078380963,0.2863388769749497,0.6537035367862182,0.0015062934507427822,0.21600960897046734,0.5429769662440488
fiber_high,20260813,20300812,0.4264045478088604,0.8249578224660521,0.07936745879894067,0.08941018058756815,0.07872448476362821,0.7973761060687494,0.1288699500137983,0.29437345874423154,0.6550216885083644,0.001506293450742582,0.20697677225905853,0.5254967931910308
fiber_high,20260813,20300813,0.4264045478088604,0.8249578224660521,0.07296622728546331,0.10919024777765973,0.10138603066003059,0.8065803294468907,0.08209959536049163,0.27609076740205823,0.6474170174197786,0.0015062934507425404,0.2140811815468254,0.5235241070618586
fiber_high,20260813,20300814,0.4264045478088604,0.8249578224660521,0.06998785911417757,0.10103502459030927,0.08619613275941866,0.7964523728832218,0.10351876761616813,0.32570438080530795,0.6590325157892316,0.0015062934507431545,0.21508072651786506,0.5525509436873549
fiber_high,20260813,20300815,0.4264045478088604,0.8249578224660521,0.06933521194007537,0.08081405230777945,0.07088944976834612,0.7965718175983081,0.11379104094043442,0.31395632789453554,0.6611429332131049,0.0015062934507429672,0.2052656398443843,0.5322890649604003
fiber_high,20260813,20300816,0.4264045478088604,0.8249578224660521,0.07436983563346287,0.09093995149803545,0.07510038891443083,0.7917244696891066,0.11214841767180195,0.29101970348710254,0.6517556869405652,0.0015062934507430428,0.21458473549551535,0.5397926420055008
fiber_high,20260813,20300817,0.4264045478088604,0.8249578224660521,0.08870830877080446,0.09504824412359907,0.08061276044849,0.7896939557540916,0.09542845499515307,0.30804817043411276,0.6568670145039208,0.0015062934507425693,0.214872619006373,0.538851394101563
fiber_high,20260813,20300818,0.4264045478088604,0.8249578224660521,0.08488754784015597,0.10386729723303278,0.09358190940008186,0.792955912824338,0.07150200183749467,0.33454053765077146,0.6739073047863536,0.001506293450743277,0.20953559850116643,0.5413010738849853
fiber_high,20260813,20300819,0.4264045478088604,0.8249578224660521,0.0760356971724237,0.09683282930254584,0.07395072884745847,0.7878866911398259,0.10452547575567224,0.2965534806222439,0.6490736062774054,0.0015062934507432933,0.21808959297290617,0.5435458706346697
fiber_low,20260814,20300810,0.0733056823325141,0.14086640983412219,0.060074135488866864,0.09198619203569218,0.07241288179131143,0.20358439841336223,0.042481219846077674,0.7602553241827106,0.8970950505181733,0.0013567855431588284,0.05193749576859393,0.33697645255017644
fiber_low,20260814,20300811,0.0733056823325141,0.14086640983412219,0.06121874656774688,0.07578674449336185,0.05735814366953266,0.2062510566563086,0.04601386733928442,0.7805856133047838,0.9020177303722363,0.001356785543159387,0.04788930014789791,0.31768317788693057
fiber_low,20260814,20300812,0.0733056823325141,0.14086640983412219,0.06321728700700815,0.08418577467130957,0.06601110256199852,0.20401919862372,0.08114365685416566,0.7643614495825788,0.9020819836208226,0.001356785543159824,0.04818570064297061,0.32090095607411967
fiber_low,20260814,20300813,0.0733056823325141,0.14086640983412219,0.051369558346999425,0.0677837564912223,0.057597894781758745,0.20145200523714535,0.03147454439289308,0.7278775731143665,0.8967761142206221,0.0013567855431590198,0.051924124576982575,0.33159400450041765
fiber_low,20260814,20300814,0.0733056823325141,0.14086640983412219,0.05234139553441401,0.08034329146504744,0.05704600924050238,0.20685310977406357,0.025560124777121985,0.7531786735801672,0.8970898620806622,0.0013567855431580803,0.05143327173640001,0.3371209028434554
fiber_low,20260814,20300815,0.0733056823325141,0.14086640983412219,0.05376458274134922,0.06846355609627447,0.05054492978463221,0.20937124936066426,0.05030918405510928,0.7653492728702126,0.9037009367754486,0.0013567855431574891,0.048068328647397476,0.3212098242894873
fiber_low,20260814,20300816,0.0733056823325141,0.14086640983412219,0.06291122158521709,0.08030838478721276,0.056059920697362105,0.2021394541990481,0.03472755432316078,0.7548441600894207,0.9053117171349363,0.0013567855431583537,0.047275847812762666,0.3153938978178329
fiber_low,20260814,20300817,0.0733056823325141,0.14086640983412219,0.06140635603530421,0.09472784773850394,0.06772853220781999,0.2052822648770358,0.05468310689062509,0.7535157362301903,0.8934358018893882,0.0013567855431586,0.052686862493801265,0.3326303074025604
fiber_low,20260814,20300818,0.0733056823325141,0.14086640983412219,0.06346329252982259,0.11266695556873048,0.09144563490792039,0.20114345768812386,0.040521434709222336,0.7690673887173681,0.9043398716496979,0.0013567855431577528,0.047372190820464,0.3125625289339052
fiber_low,20260814,20300819,0.0733056823325141,0.14086640983412219,0.054285817883109495,0.07885391372712906,0.06114088837480974,0.20478493030597297,0.06580959985359942,0.7450613645646526,0.9022811689021035,0.0013567855431588505,0.04850316215737979,0.31779376798095876
fiber_medium,20260814,20300810,0.2616570862470221,0.5063999638420075,0.07711946771850184,0.1179766820530952,0.07928157938922496,0.5495369789250333,0.03712934399211537,0.441228595612589,0.7386988911745382,0.0011470367430045398,0.14194884721462167,0.46639096406249686
fiber_medium,20260814,20300811,0.2616570862470221,0.5063999638420075,0.0776395064649067,0.11064049507185009,0.0685867536869299,0.5545268926528698,0.05000336221633789,0.437322393739666,0.7361243112145612,0.001147036743004722,0.14249617295785108,0.46806001020214555
fiber_medium,20260814,20300812,0.2616570862470221,0.5063999638420075,0.0764045368844266,0.12481720807416548,0.07787705532054434,0.541590009930617,0.06636880554139252,0.428220771091742,0.7382061538111643,0.0011470367430044693,0.13490589032342767,0.4453117125598626
fiber_medium,20260814,20300813,0.2616570862470221,0.5063999638420075,0.055520587632796124,0.07852496296236715,0.0729703373314077,0.5522367278310693,0.052594328037535755,0.3806255658920156,0.7249883896900772,0.0011470367430042234,0.14393179066341547,0.4584535611031694
fiber_medium,20260814,20300814,0.2616570862470221,0.5063999638420075,0.05675368546975482,0.1213796842263296,0.06656516177926121,0.5506101681835168,0.04838022561457864,0.4686576219066974,0.7430820971457064,0.0011470367430049717,0.14038108621941872,0.4675058290217778
fiber_medium,20260814,20300815,0.2616570862470221,0.5063999638420075,0.05725094206242361,0.09368353352708514,0.06020515847044164,0.5619413133229939,0.05367731990270577,0.45764726551137197,0.7487390244560166,0.001147036743004435,0.13312245713754683,0.44930783889811143
fiber_medium,20260814,20300816,0.2616570862470221,0.5063999638420075,0.0713762732713544,0.10494784567516828,0.06244723966941712,0.552397010948023,0.05028519151639645,0.41940149466487076,0.7363763156232708,0.0011470367430048652,0.139776205109372,0.4575964231504611
fiber_medium,20260814,20300817,0.2616570862470221,0.5063999638420075,0.07094627559239236,0.1066394765176875,0.07031873277178254,0.5532084840750373,0.05757380774686847,0.42460154521134524,0.7315273118931239,0.0011470367430041703,0.14351520209362018,0.46169337576253355
fiber_medium,20260814,20300818,0.2616570862470221,0.5063999638420075,0.07044801545254828,0.1169252510657182,0.0926633291349821,0.5484831062131316,0.053255120569817425,0.4364943786489567,0.7461049552059501,0.0011470367430051198,0.13825468967797003,0.46058334380201726
fiber_medium,20260814,20300819,0.2616570862470221,0.5063999638420075,0.07092627979865543,0.10660387585041418,0.06763930154564968,0.5553623822938679,0.06858097193840858,0.4097311265991368,0.726550170402361,0.0011470367430053904,0.14302175009476417,0.4616985814114377
fiber_high,20260814,20300810,0.430941693421765,0.8350561921987524,0.0771437856985295,0.1206951441827171,0.08740627444655784,1.9123112777692595,0.13868987880731468,0.3217102891560983,0.6718667565480865,0.0008637512123616114,0.21100383444359255,0.5332147321533639
fiber_high,20260814,20300811,0.430941693421765,0.8350561921987524,0.09526828327652365,0.12405768343710218,0.10176428758788193,2.2470884647121787,0.15300428908138056,0.3052149542073507,0.6617280206954333,0.0008637512123625759,0.21466927684185627,0.5451963140993266
fiber_high,20260814,20300812,0.430941693421765,0.8350561921987524,0.07332654737130524,0.1254678374447434,0.11007525470954826,2.2156727125809397,0.08334934135719536,0.29866987446911114,0.662145222641221,0.0008637512123625378,0.2082737880228674,0.5292222614347305
fiber_high,20260814,20300813,0.430941693421765,0.8350561921987524,0.07230306342220348,0.14277959442721208,0.12517410378990798,2.1210009529377953,0.1467049909758479,0.2807940839082752,0.6578578808462241,0.0008637512123609881,0.21328286389250461,0.5283883792134805
fiber_high,20260814,20300814,0.430941693421765,0.8350561921987524,0.0749378883264546,0.14599589310563937,0.12193800412920487,2.2328234699329603,0.12899730809252077,0.34283518381212835,0.6727671778132016,0.0008637512123615779,0.207302538671606,0.5424415900963255
fiber_high,20260814,20300815,0.430941693421765,0.8350561921987524,0.06493508860802148,0.13413573293427214,0.11547573216220564,2.2390861550538905,0.11469444833401166,0.36490790142918605,0.6754718657203402,0.0008637512123594754,0.19869788397493157,0.5227439921352095
fiber_high,20260814,20300816,0.430941693421765,0.8350561921987524,0.07012439151092877,0.10466753225895657,0.09806270542403332,1.9958590560910978,0.12142610982697476,0.3150956066255039,0.6618935708710719,0.0008637512123615063,0.21822933852564522,0.5486237493550556
fiber_high,20260814,20300817,0.430941693421765,0.8350561921987524,0.08702733393140204,0.1170383815058574,0.09474968512762288,2.268734157802503,0.11218091528170489,0.3040871725035953,0.658830809708762,0.0008637512123603173,0.21175947765503414,0.5318755361059225
fiber_high,20260814,20300818,0.430941693421765,0.8350561921987524,0.08736979935757028,0.08792955682327996,0.09220741407722984,2.0052648833816784,0.16725724288557153,0.33874431631448043,0.6777361380932677,0.0008637512123615155,0.201656351038368,0.5187047777700311
fiber_high,20260814,20300819,0.430941693421765,0.8350561921987524,0.07808963854948153,0.11454686020626985,0.10782620467915677,2.056729370147602,0.10886042025524811,0.3065161024057983,0.6557626440121744,0.0008637512123636388,0.21610453531359072,0.5437642638162022
fiber_low,20260815,20300810,0.07566766190866904,0.14824231238486382,0.059592050317342715,0.10517691231705127,0.08043023393775657,0.40479155829242836,0.03937307622436706,0.7564279155430116,0.9023470102463161,0.0017398322414528549,0.045702076260719655,0.28835839492729887
fiber_low,20260815,20300811,0.07566766190866904,0.14824231238486382,0.06763828649631227,0.10631824775871278,0.08161235121338255,0.40734837304489396,0.04944375288143361,0.7624175739119705,0.9011850713601289,0.001739832241453388,0.04703338184868103,0.2970685589490704
fiber_low,20260815,20300812,0.07566766190866904,0.14824231238486382,0.05535673693142705,0.11705842942129523,0.08859138855411741,0.41921109963794245,0.0685199619622218,0.7695645012994962,0.9035474714923147,0.0017398322414535954,0.044525090631625484,0.2828190692187323
fiber_low,20260815,20300813,0.07566766190866904,0.14824231238486382,0.05656425353439084,0.10629014039786416,0.08345629442730719,0.4074917401573405,0.050673638636974806,0.7495229732807455,0.8989907551001934,0.001739832241453174,0.046832410729435864,0.28999283328476244
fiber_low,20260815,20300814,0.07566766190866904,0.14824231238486382,0.05391257070659909,0.11097915951051847,0.08498790272315417,0.4132245792190379,0.04121457823056787,0.8022967258432162,0.9093005559473731,0.0017398322414524277,0.04268518495076304,0.28072893986947073
fiber_low,20260815,20300815,0.07566766190866904,0.14824231238486382,0.05591983163507426,0.09502919292113017,0.0706009895462547,0.4120439992750834,0.04886235792494784,0.7917112182849287,0.9142039320527664,0.0017398322414519615,0.04001799911890758,0.274016518206789
fiber_low,20260815,20300816,0.07566766190866904,0.14824231238486382,0.06452953624292443,0.09750902247495202,0.0769241089184171,0.4109443630347134,0.04277923014398205,0.75648960259101,0.8989871497788844,0.0017398322414528729,0.048027729745047966,0.2986469477979593
fiber_low,20260815,20300817,0.07566766190866904,0.14824231238486382,0.05121714711887776,0.09281127555476774,0.07503121332334457,0.411165731228333,0.04697716437020542,0.7350355439855651,0.902083090411655,0.0017398322414528544,0.0464975211050568,0.2909497744500259
fiber_low,20260815,20300818,0.07566766190866904,0.14824231238486382,0.062103725462586336,0.09947331568291767,0.08530990163826409,0.40771198181750556,0.059011624767969485,0.7735793191639952,0.909047391512906,0.0017398322414522484,0.04250052006777648,0.27599647997896903
fiber_low,20260815,20300819,0.07566766190866904,0.14824231238486382,0.05180142210357527,0.09476316910914907,0.07118106938453587,0.41425066339119,0.05043773046516035,0.75677483487662,0.8987574931011398,0.0017398322414527514,0.04732517676333457,0.2960074568498222
fiber_medium,20260815,20300810,0.25210638665174334,0.488724307585247,0.06983080649558486,0.13752565910635067,0.13712526126054678,0.4917902175320948,0.03989066686046181,0.4662980206914805,0.7547600121960822,0.001676554771930773,0.14054845975286645,0.48280569428705455
fiber_medium,20260815,20300811,0.25210638665174334,0.488724307585247,0.07680021288135364,0.13209329680839665,0.1314265639414662,0.4851973306701972,0.04780565133788602,0.4911196210214082,0.7592394184083873,0.0016765547719312175,0.13752209441676494,0.4729451794592848
fiber_medium,20260815,20300812,0.25210638665174334,0.488724307585247,0.07533127530600892,0.1439326727477703,0.143347558104298,0.4902631087671853,0.07768193728776494,0.480106253080054,0.7603112944801478,0.0016765547719314374,0.13309598339908996,0.4571622876546715
fiber_medium,20260815,20300813,0.25210638665174334,0.488724307585247,0.05698245600406196,0.09051973601391024,0.09014001761390067,0.48434676262033827,0.041210677112425494,0.4243844192591643,0.748667324480604,0.0016765547719311956,0.14024332722951638,0.46679799074767975
fiber_medium,20260815,20300814,0.25210638665174334,0.488724307585247,0.05532822069003775,0.13411368117132133,0.13379970342613903,0.48657876796227273,0.03121274950573219,0.5048928677376461,0.7609168733256879,0.0016765547719303137,0.13906978681204935,0.48247708737176503
fiber_medium,20260815,20300815,0.25210638665174334,0.488724307585247,0.05674945667236131,0.11439741625797718,0.11390739843237196,0.48306870905515825,0.05335133303360704,0.4925069036193958,0.7688171193632835,0.001676554771930101,0.13212449501769424,0.4600849786768381
fiber_medium,20260815,20300816,0.25210638665174334,0.488724307585247,0.07195757767658018,0.12739799006439423,0.12696869211805353,0.4865393012820432,0.04159430606842316,0.45801536688949573,0.7567667848660373,0.0016765547719307938,0.13947060258558835,0.47708837993623465
fiber_medium,20260815,20300817,0.25210638665174334,0.488724307585247,0.06137845009326341,0.13627678389761852,0.13567228421062186,0.4873458643092901,0.05235173384532823,0.4562655236266101,0.7520047613345114,0.001676554771930943,0.14667440947759774,0.4864581126921982
fiber_medium,20260815,20300818,0.25210638665174334,0.488724307585247,0.06975493751250984,0.13789462175766018,0.1368846999399993,0.4881071113236214,0.04158031798048888,0.47702874755018576,0.7660423546495548,0.0016765547719301461,0.13466009105372295,0.47099695225734173
fiber_medium,20260815,20300819,0.25210638665174334,0.488724307585247,0.0621308369291621,0.12416008023369322,0.1235589393808541,0.4896317405138785,0.061438288265824405,0.4473268541993645,0.7504110486713964,0.0016765547719304098,0.14026781568197527,0.4723916617372386
fiber_high,20260815,20300810,0.43072869822037063,0.8349486898314082,0.07970804090210981,0.12555990489177002,0.12568775845794491,0.5321683339866143,0.05361322374793285,0.313566912086088,0.6643744902630692,0.0019693258597713805,0.21548172973489246,0.5504277117279263
fiber_high,20260815,20300811,0.43072869822037063,0.8349486898314082,0.08988764395634198,0.11539890016380228,0.11546680655131719,0.527219913341036,0.05823088894427397,0.33750389247372503,0.6656150709969904,0.001969325859771765,0.21344687372101978,0.5461698001417956
fiber_high,20260815,20300812,0.43072869822037063,0.8349486898314082,0.0857037578285565,0.13890433379616415,0.13887891187038284,0.5325390782182264,0.09462270364771737,0.3004550726644726,0.6601305620176718,0.0019693258597718337,0.20682586561177874,0.5283298362026407
fiber_high,20260815,20300813,0.43072869822037063,0.8349486898314082,0.061614712756359206,0.07392439596094764,0.07455461286945785,0.5291065505625362,0.06454166745146524,0.2711577965195004,0.6524666022858564,0.001969325859771614,0.21420942942462512,0.5308922991546565
fiber_high,20260815,20300814,0.43072869822037063,0.8349486898314082,0.0638470504982806,0.1353507317549055,0.13566720479766345,0.5289625199379244,0.05623338979276763,0.3494496065279125,0.6695540400080111,0.001969325859771167,0.21352517385427322,0.5541109697368649
fiber_high,20260815,20300815,0.43072869822037063,0.8349486898314082,0.061587826369349,0.10411146295318187,0.10448965781219251,0.5265041610321359,0.06955913706059104,0.34970883373126754,0.6756141955078462,0.001969325859770862,0.20195793247155755,0.5258713674158944
fiber_high,20260815,20300816,0.43072869822037063,0.8349486898314082,0.07970816044271735,0.12537838635915913,0.1254565882091709,0.5295756056102942,0.061605487958882925,0.30757428424490196,0.6563880856453694,0.001969325859771535,0.21789423946829825,0.5521450511421406
fiber_high,20260815,20300817,0.43072869822037063,0.8349486898314082,0.07858967000898637,0.1174845520184027,0.11754236714113186,0.5292506741451128,0.06191769419542642,0.31077727238008324,0.6557534551418727,0.001969325859771388,0.22114300009857427,0.5501313048702801
fiber_high,20260815,20300818,0.43072869822037063,0.8349486898314082,0.07806020875402551,0.10406989381719474,0.10357125225594381,0.530042187333971,0.06212836318234583,0.32718505214809196,0.676743169456618,0.0019693258597710908,0.2062574866335194,0.537872749709949
fiber_high,20260815,20300819,0.43072869822037063,0.8349486898314082,0.07504472449285379,0.11929199591625916,0.11922618068572478,0.5326050442778438,0.06865864164364367,0.2887896398178917,0.6483914178697309,0.0019693258597713323,0.21533546274290702,0.5373564486732322
fiber_low,20260816,20300810,0.07271424936599213,0.1421808562357227,0.058938982585275565,0.1167080052537363,0.06923235971639848,0.2556922748154152,0.09516483694559441,0.770704001110461,0.9090497445840416,0.0021028946367284257,0.04389085749765587,0.28141163874080793
fiber_low,20260816,20300811,0.07271424936599213,0.1421808562357227,0.06022709666435338,0.10586439036054719,0.055206100813145524,0.2524793817139426,0.05081181546230309,0.8140901371616649,0.9124121576784334,0.002102894636728992,0.04215483226405976,0.27808402709228236
fiber_low,20260816,20300812,0.07271424936599213,0.1421808562357227,0.06144546486882031,0.11427280829456056,0.058814686238078416,0.25453686352849203,0.09756042147402859,0.7876761120618263,0.9095276662294236,0.002102894636729076,0.04304100146823819,0.27328734863244974
fiber_low,20260816,20300813,0.07271424936599213,0.1421808562357227,0.05628032872322232,0.09080501316016365,0.07294159242809418,0.25639768472947355,0.07147350612689826,0.7714640419597717,0.9104911901314331,0.0021028946367282184,0.042935435288305276,0.27582881715041824
fiber_low,20260816,20300814,0.07271424936599213,0.1421808562357227,0.05294267000062207,0.10550355616710477,0.05855702294504004,0.25191876855451084,0.07389448938111066,0.7981201006287567,0.9089422546872085,0.0021028946367282267,0.04369173771629968,0.28497916936979867
fiber_low,20260816,20300815,0.07271424936599213,0.1421808562357227,0.051343305762158745,0.08743942962119523,0.05214119307866565,0.2545928918178956,0.0889567070641462,0.7933624523822641,0.9154773176408106,0.0021028946367271754,0.0399911817348296,0.2625069719739366
fiber_low,20260816,20300816,0.07271424936599213,0.1421808562357227,0.059008832323896684,0.10077705610893684,0.05833963502152666,0.2549673830289463,0.09964062783512705,0.7618349009483452,0.9080789379160678,0.0021028946367283364,0.044823986772941395,0.28776282219446275
fiber_low,20260816,20300817,0.07271424936599213,0.1421808562357227,0.048929499711774155,0.12783006593992044,0.06865092374381787,0.2539235728356281,0.08351336963927192,0.7358257068341657,0.8959018540137695,0.0021028946367277783,0.04998139069557641,0.2972583525229119
fiber_low,20260816,20300818,0.07271424936599213,0.1421808562357227,0.06355987091512988,0.12177126116395427,0.08128891982220472,0.25402794107973153,0.06663408437841387,0.7983355545370956,0.915578617267869,0.0021028946367281135,0.04048857637233952,0.2678377795571273
fiber_low,20260816,20300819,0.07271424936599213,0.1421808562357227,0.05118574142312806,0.09933977983457476,0.06568276109358696,0.252788696987973,0.103985879241757,0.781341089142817,0.91002474946031,0.0021028946367292883,0.04343723998685091,0.27995568105558766
fiber_medium,20260816,20300810,0.2519281289730668,0.4901735803374872,0.06439855753306546,0.15295124252674985,0.06752936351383261,0.49313332018509526,0.09146232892004348,0.4418383644940357,0.7532175076256132,0.002226792561092504,0.12771346996390004,0.41662591547878813
fiber_medium,20260816,20300811,0.2519281289730668,0.4901735803374872,0.07042137848104732,0.1354810333082885,0.07098898660766179,0.4846328960560562,0.055335717461810346,0.498931388843141,0.7567984349037669,0.002226792561093361,0.12421527808383695,0.4132889046246519
fiber_medium,20260816,20300812,0.2519281289730668,0.4901735803374872,0.07923268752052165,0.14611274505502966,0.07051907053200662,0.4907815254532832,0.09580384428735268,0.4648537845019702,0.7512212035880215,0.0022267925610932778,0.1267901839314919,0.41020681654913016
fiber_medium,20260816,20300813,0.2519281289730668,0.4901735803374872,0.06325123372128218,0.12157741056759247,0.08372151767302514,0.4937317419529561,0.06866392334276622,0.4308145941063858,0.7519091398643825,0.00222679256109202,0.12582441367594102,0.41038288944593937
fiber_medium,20260816,20300814,0.2519281289730668,0.4901735803374872,0.058168553601746976,0.14411885413147582,0.07740972280857684,0.4861329732674943,0.0705550248688341,0.4700739720144649,0.7506935728034592,0.0022267925610924993,0.12804593150107896,0.4250318349786908
fiber_medium,20260816,20300815,0.2519281289730668,0.4901735803374872,0.057863325919536274,0.12740209755371193,0.061217309113953323,0.4905801651901108,0.09608855452872352,0.47573754059105994,0.7628033982332532,0.0022267925610907208,0.11917932571191044,0.39242214850198653
fiber_medium,20260816,20300816,0.2519281289730668,0.4901735803374872,0.0658864156407392,0.14631872041584157,0.0727023564717536,0.4855452468470469,0.09234927592591517,0.4548583026112495,0.7577511431460108,0.002226792561092571,0.13139260481720066,0.4298307629135795
fiber_medium,20260816,20300817,0.2519281289730668,0.4901735803374872,0.05621866346092262,0.16165117332749615,0.07384663716952433,0.49164413797860357,0.08771012932744181,0.42111941980419204,0.7297121325047072,0.002226792561091405,0.138928625084342,0.433025513530204
fiber_medium,20260816,20300818,0.2519281289730668,0.4901735803374872,0.07299245330061258,0.15359615073330637,0.08924007227646837,0.49469762403919637,0.07220902319270424,0.4818484049893315,0.7620679088406461,0.002226792561092466,0.12084190544204174,0.4030558723707407
fiber_medium,20260816,20300819,0.2519281289730668,0.4901735803374872,0.058362655882624244,0.13476519211810967,0.07631817366317763,0.4919933338825082,0.10905067214397275,0.454209823529647,0.7498862789140615,0.0022267925610941854,0.1283220974310706,0.4151218083374365
fiber_high,20260816,20300810,0.44719424212785874,0.8680031142953203,0.07105840405158678,0.10547819622292308,0.08648940439762075,0.3432683711472894,0.15688914585678032,0.2770814981037589,0.6497953669512814,0.0018689691044433635,0.22254594201869288,0.5483833128969533
fiber_high,20260816,20300811,0.44719424212785874,0.8680031142953203,0.08527732489427144,0.08564169404051021,0.0953523512944353,0.34209204386680675,0.11810271841415887,0.2955639552056988,0.6506984206962227,0.0018689691044442868,0.22000247835291226,0.5482911743196301
fiber_high,20260816,20300812,0.44719424212785874,0.8680031142953203,0.09835818582931423,0.09564251947441531,0.09876826576219229,0.3461357694518911,0.1791184875045354,0.27933280465190297,0.6464405449055992,0.0018689691044440696,0.2230580990019413,0.5487789585022552
fiber_high,20260816,20300813,0.44719424212785874,0.8680031142953203,0.08205744832839547,0.11190468082114635,0.12879384785566603,0.34762093341376976,0.1345943456605094,0.2567518876653325,0.6472928095422981,0.0018689691044425753,0.21868570382450944,0.5342079797873562
fiber_high,20260816,20300814,0.44719424212785874,0.8680031142953203,0.0769291591666957,0.1055047935812438,0.1105754089950391,0.34576664094849496,0.15196461780178136,0.286343920256472,0.6436666489424475,0.0018689691044436046,0.22452794441422558,0.5635202470415495
fiber_high,20260816,20300815,0.44719424212785874,0.8680031142953203,0.07005482366013789,0.09202707276709904,0.09142597749754809,0.34443949599631885,0.17964291474036007,0.2987514397995174,0.6523520996313137,0.0018689691044413888,0.21131148767219274,0.5228182736822176
fiber_high,20260816,20300816,0.44719424212785874,0.8680031142953203,0.07757911387923025,0.10771532610697905,0.09236599546703846,0.33602850369063986,0.1477903210760987,0.29593296950740267,0.6545575000569683,0.0018689691044434982,0.23163118501253394,0.5746836765939173
fiber_high,20260816,20300817,0.44719424212785874,0.8680031142953203,0.07195212889674013,0.10295949673236315,0.08837005860918644,0.34644309182228267,0.1492151232833119,0.27929332210936186,0.6276050918047894,0.0018689691044419068,0.23507759854458432,0.5625227877153545
fiber_high,20260816,20300818,0.44719424212785874,0.8680031142953203,0.0904237620771926,0.11329338379390046,0.10687344128343619,0.3432237875890477,0.13340196059494266,0.31167550593727583,0.6540644802080451,0.0018689691044436463,0.21171919619873103,0.5308702596440791
fiber_high,20260816,20300819,0.44719424212785874,0.8680031142953203,0.06821474067427319,0.09303965944548624,0.08180269782117762,0.3438519876379207,0.16139054040694012,0.2781473541053751,0.6457828334560739,0.0018689691044457024,0.2255700522835724,0.5486981982007483
fiber_medium,20260817,20300810,0.25211781699442715,0.4902852664179978,0.06202232821210711,0.09730825950161341,0.07398520746215873,0.3257930704230537,0.06719866492721518,0.36997110816668705,0.7270421631114361,0.0018415918655499974,0.145743352924198,0.4668854059579545
fiber_medium,20260817,20300811,0.25211781699442715,0.4902852664179978,0.0784568146453359,0.08173493017726635,0.07875507305689987,0.3318173392772293,0.0560762529027495,0.411093837852128,0.7262318464054929,0.001841591865550112,0.14204718428677382,0.461396027185027
fiber_medium,20260817,20300812,0.25211781699442715,0.4902852664179978,0.0732690227215902,0.09222956031130664,0.08415172036753271,0.3294447715237837,0.06570213984030022,0.39559317521016946,0.7252628973010193,0.0018415918655500876,0.1476768975856274,0.47774093499325787
fiber_medium,20260817,20300813,0.25211781699442715,0.4902852664179978,0.08491531311145978,0.13698624248478797,0.11992550367970482,0.32164844373129375,0.06713728079423421,0.3910349538266062,0.7266060041824429,0.0018415918655499096,0.1420327599015675,0.4566435662874837
fiber_medium,20260817,20300814,0.25211781699442715,0.4902852664179978,0.06268307451866607,0.09080106242724917,0.08823658432480556,0.3276117057469396,0.05643548548201038,0.40310298873473943,0.7314235098263915,0.0018415918655500679,0.13884717067199143,0.45923836081663233
fiber_medium,20260817,20300815,0.25211781699442715,0.4902852664179978,0.06055103321218565,0.0885352875650457,0.0829272234875217,0.33269204214242815,0.06064779736447793,0.4576249594635819,0.7343045020144119,0.0018415918655498458,0.13118513104548318,0.43322997407943015
fiber_medium,20260817,20300816,0.25211781699442715,0.4902852664179978,0.07130199350412003,0.0709004114158757,0.06782333928838787,0.3202903212748384,0.07973849248303073,0.39320393295696693,0.7227877146389265,0.0018415918655500956,0.1542311436669122,0.49719858583155174
fiber_medium,20260817,20300817,0.25211781699442715,0.4902852664179978,0.06406650901620843,0.08144032261205265,0.07418529266699604,0.32999056149408623,0.07779341656577497,0.3786963566104917,0.7074320849492011,0.0018415918655498205,0.15352647314313184,0.4823852317979796
fiber_medium,20260817,20300818,0.25211781699442715,0.4902852664179978,0.080892937223742,0.07391565036795233,0.08098549026995995,0.3232845309592764,0.06278610389744066,0.4406399683592556,0.7401322531947148,0.0018415918655500713,0.13366798704230937,0.4402928200962111
fiber_medium,20260817,20300819,0.25211781699442715,0.4902852664179978,0.062340709436516206,0.07850578641791424,0.07356197588928473,0.32450963285858947,0.09361358567748672,0.4143602390656043,0.7335271883625432,0.0018415918655502947,0.148728400403584,0.48119574441296403
fiber_high,20260817,20300810,0.4260322015896705,0.8274582157494405,0.06631354114550589,0.09872769954514388,0.0769771336068127,0.6654145347787395,0.043583392758927995,0.27157984522157647,0.6514864904142033,0.001729794277586923,0.2167455902740542,0.5422317500504874
fiber_high,20260817,20300811,0.4260322015896705,0.8274582157494405,0.08507463436816982,0.08123746142156889,0.07000784194956904,0.6921915614401829,0.06225893395666768,0.3092587988869623,0.6574496424948599,0.0017297942775870688,0.2122874350433112,0.5375534237359797
fiber_high,20260817,20300812,0.4260322015896705,0.8274582157494405,0.0883459502020885,0.0906492084047232,0.08360460227266331,0.6704804672497767,0.048628666977395964,0.2650321497351872,0.6467152474663953,0.001729794277586886,0.21777415621538795,0.5487182979091905
fiber_high,20260817,20300813,0.4260322015896705,0.8274582157494405,0.09191700263505762,0.12534317667911227,0.11314246878115548,0.6642111784305993,0.05672852315136428,0.260586232288556,0.6503349135876865,0.0017297942775865622,0.2108884565498458,0.5228192034806933
fiber_high,20260817,20300814,0.4260322015896705,0.8274582157494405,0.06869067783735947,0.10157452374300026,0.0899977442895001,0.6758610562199238,0.047808723410461336,0.2847375078672977,0.6472206592910763,0.0017297942775872214,0.21351934300032224,0.5434366157666735
fiber_high,20260817,20300815,0.4260322015896705,0.8274582157494405,0.06962161712642785,0.08320332369171006,0.06486326693899062,0.673595942155139,0.05038843106656027,0.30966748616004813,0.6533974196840837,0.0017297942775866871,0.20069560042266682,0.5092075484842711
fiber_high,20260817,20300816,0.4260322015896705,0.8274582157494405,0.08268993734251538,0.1020823556667954,0.07622595861243549,0.6618557138882133,0.05124245410260377,0.29065220270448094,0.6543801456936843,0.0017297942775871087,0.22625111163992537,0.5713020481560733
fiber_high,20260817,20300817,0.4260322015896705,0.8274582157494405,0.07459903905216665,0.08990674579134396,0.07253148033450389,0.6734900415835374,0.046738080006501814,0.2777983975806281,0.6265103580109246,0.0017297942775864582,0.22767641467831204,0.5552101672124876
fiber_high,20260817,20300818,0.4260322015896705,0.8274582157494405,0.08896787089790056,0.09218030807274559,0.0811492751974226,0.6628496359567942,0.0759582969242993,0.3190965526789769,0.6578098785830335,0.0017297942775873192,0.2020189593055331,0.5127682204333669
fiber_high,20260817,20300819,0.4260322015896705,0.8274582157494405,0.06610535118963981,0.08558342957541414,0.07181874552736342,0.6759327697849531,0.06064211084248363,0.28833246444238464,0.6520172353956954,0.0017297942775877418,0.22019527459541913,0.5495195024307493
fiber_low,20260818,20300810,0.07571568124841317,0.14685804357191,0.05905966193075088,0.060969641364449774,0.06408883053804351,0.19341873395688652,0.028368832984125666,0.7686382864797412,0.9072972993575116,0.0012372414619874332,0.046038635352012386,0.3019565953944662
fiber_low,20260818,20300811,0.07571568124841317,0.14685804357191,0.06527447257953334,0.09937727261717859,0.0639517727714083,0.19544582523961387,0.04558167983052622,0.763889684819385,0.9039853047982713,0.001237241461987296,0.04751818303667092,0.31262484310530997
fiber_low,20260818,20300812,0.07571568124841317,0.14685804357191,0.06564063422584057,0.09341082572686114,0.06324685055947758,0.1919196880459224,0.049577869554170116,0.7574575768157515,0.8978279507087965,0.001237241461986944,0.050483692139584715,0.3220474012595353
fiber_low,20260818,20300813,0.07571568124841317,0.14685804357191,0.05908830069742043,0.1187545736087738,0.0700315376095622,0.19199091014783934,0.02855218600530555,0.7551419679645722,0.901033348046056,0.0012372414619874024,0.04877782478690455,0.31343807550286473
fiber_low,20260818,20300814,0.07571568124841317,0.14685804357191,0.053612016155977923,0.08452423917807912,0.0666060877803549,0.1943726209215395,0.02380974985177584,0.7594052238557887,0.9026139488304867,0.0012372414619880195,0.04869444261827507,0.32544813024762176
fiber_low,20260818,20300815,0.07571568124841317,0.14685804357191,0.06205016006597716,0.07711642826261932,0.04915580594184049,0.19639429072145842,0.050599986995691404,0.7509162073039114,0.896826786936824,0.001237241461988237,0.0517450542791284,0.31979672874772896
fiber_low,20260818,20300816,0.07571568124841317,0.14685804357191,0.06071032887866672,0.0858326294471752,0.05748763906109907,0.1917211650249715,0.05238675849649596,0.7577009135202885,0.901811793273775,0.0012372414619880297,0.04841046071369328,0.3149215326238829
fiber_low,20260818,20300817,0.07571568124841317,0.14685804357191,0.05225516806713984,0.10075857728711297,0.0625840456800927,0.1923738032154188,0.04526235183254838,0.7517126246787149,0.9009858685436903,0.0012372414619876032,0.049355297754283135,0.31369401843560774
fiber_low,20260818,20300818,0.07571568124841317,0.14685804357191,0.06736387938531946,0.11606621534665329,0.07969397555555514,0.1927397401668534,0.02913240377767998,0.7759648101144064,0.9039125206309636,0.0012372414619882463,0.0469392339780567,0.30479816390067865
fiber_low,20260818,20300819,0.07571568124841317,0.14685804357191,0.04818106817309724,0.09826984080400908,0.06048837645980984,0.19311529455942267,0.04569140400641,0.7655390410409619,0.9012831054305787,0.0012372414619875362,0.04851710237009419,0.31063177114219814
fiber_medium,20260818,20300810,0.25202264673732244,0.48900588570205594,0.06341244114754122,0.09574148204518645,0.06837767809834003,0.7145083165174735,0.05378468332751252,0.46648513294915706,0.756990005044585,0.0013676824602090673,0.12394343330478744,0.40611722272147677
fiber_medium,20260818,20300811,0.25202264673732244,0.48900588570205594,0.07886237600057845,0.12889901350620178,0.08173429230651237,0.7272833468403404,0.03781354257023204,0.4194352953057734,0.7447861303423173,0.0013676824602090018,0.12902292816945726,0.4254252413510996
fiber_medium,20260818,20300812,0.25202264673732244,0.48900588570205594,0.07653402728073226,0.12133917474984802,0.07850427924224536,0.7096137439302345,0.08201456624581205,0.4579560648062164,0.7477487249272536,0.0013676824602086174,0.1310077098078823,0.42697534391979275
fiber_medium,20260818,20300813,0.25202264673732244,0.48900588570205594,0.07496305587948134,0.16289579305962373,0.10073557374416357,0.7041340204193628,0.05322153367697743,0.44944138464180267,0.7516227659893512,0.0013676824602089064,0.1278540660012008,0.41543963429878666
fiber_medium,20260818,20300814,0.25202264673732244,0.48900588570205594,0.06292530058021531,0.10402757209956981,0.07143234469540384,0.7142559590749933,0.04433878746689688,0.45982173665390125,0.7519606032217067,0.0013676824602097079,0.12876558692938,0.4355086720352892
fiber_medium,20260818,20300815,0.25202264673732244,0.48900588570205594,0.07251398191005788,0.10689791349518286,0.05975555842525199,0.7237369221822837,0.08408358655774416,0.46208960797099896,0.750439327365044,0.0013676824602096894,0.12972666867053545,0.42416594149023695
fiber_medium,20260818,20300816,0.25202264673732244,0.48900588570205594,0.06426667250978936,0.11877108241252256,0.0653974772640684,0.6991615401807284,0.06857228438993387,0.4497322892797147,0.7493116744999782,0.0013676824602096558,0.12898934993968983,0.4207835174003902
fiber_medium,20260818,20300817,0.25202264673732244,0.48900588570205594,0.05783082744085562,0.12455661241021658,0.07821198825040286,0.7129657650900043,0.0626730973107013,0.44758838385552807,0.7524611252122559,0.001367682460209043,0.12826151818860418,0.416154000776189
fiber_medium,20260818,20300818,0.25202264673732244,0.48900588570205594,0.07434029054889899,0.13789019048521467,0.09433416432645932,0.6966672052644576,0.03239159529526489,0.4841214042570745,0.7531725551349859,0.0013676824602099438,0.12223077369495335,0.4037718178820474
fiber_medium,20260818,20300819,0.25202264673732244,0.48900588570205594,0.05833353618204577,0.12697780905817224,0.07537848042727972,0.7160388696177495,0.08306796211248903,0.46537859984473634,0.7507163131473397,0.0013676824602094906,0.1284039666879803,0.41503239038887535
fiber_high,20260818,20300810,0.42814939210383807,0.8299347649321738,0.07961134627445787,0.10498678247057454,0.10386218970127557,1.0174309886203807,0.057217149947419055,0.3086541906406314,0.6579160612708662,0.0018396962983245444,0.2060929456109745,0.5180024177676666
fiber_high,20260818,20300811,0.42814939210383807,0.8299347649321738,0.09685004622551646,0.1093597098909299,0.08461547820623888,1.022133854986373,0.05506303898930501,0.22441634817526673,0.6383332357299821,0.0018396962983246341,0.21257120844599173,0.5338639371859802
fiber_high,20260818,20300812,0.42814939210383807,0.8299347649321738,0.08405328166408765,0.10486798866480766,0.08828119150986698,1.0198648985530325,0.08569504392637184,0.32293570112998654,0.6611676408986039,0.0018396962983243791,0.20940032404129233,0.5288550381664529
fiber_high,20260818,20300813,0.42814939210383807,0.8299347649321738,0.08402372096428191,0.14596959563449058,0.1001403679112437,1.0238891408807396,0.06623331281660387,0.29758448276270166,0.6583661984022384,0.0018396962983243826,0.2093259935570638,0.518584167410119
fiber_high,20260818,20300814,0.42814939210383807,0.8299347649321738,0.07908635122517,0.0783662699972516,0.09533844599423758,1.0147229230161625,0.06877145482239101,0.3197959515929091,0.6594992386573529,0.001839696298324959,0.21323623761521357,0.552637034906879
fiber_high,20260818,20300815,0.42814939210383807,0.8299347649321738,0.08248057071284912,0.08943003445888537,0.07952171081044851,1.0176598187516332,0.09979982411530362,0.32431998534852174,0.6642064386795468,0.001839696298324716,0.20751968122227504,0.5326186852179212
fiber_high,20260818,20300816,0.42814939210383807,0.8299347649321738,0.07295245554533299,0.10891096194382803,0.07446238140625605,1.011050948842372,0.0797640506173643,0.29932087483569203,0.6575208787995631,0.0018396962983249676,0.21287982169780478,0.5327607091090414
fiber_high,20260818,20300817,0.42814939210383807,0.8299347649321738,0.07272632543253099,0.11534380095880359,0.08027779647295107,1.006037682864814,0.06268813685644992,0.3002878093991202,0.6600460008135199,0.0018396962983243889,0.21250622801946123,0.530857609862876
fiber_high,20260818,20300818,0.42814939210383807,0.8299347649321738,0.09040975776691859,0.1276239681759833,0.08817908248499941,1.0230185891407206,0.0485120359423812,0.3396881994897168,0.6655546647032858,0.001839696298325107,0.20244373361184906,0.5174765162510007
fiber_high,20260818,20300819,0.42814939210383807,0.8299347649321738,0.06967403360433387,0.1127880134231155,0.0783337226130749,1.0198272620292128,0.07340087118436746,0.3077877778627121,0.6584941498795542,0.0018396962983250377,0.21327899692657856,0.530696284576574
fiber_medium,20260819,20300810,0.2626769894560576,0.5106199546041197,0.05967825347159429,0.09154713745038022,0.07414691329658589,0.5785808731258828,0.08034512274883922,0.3840583855324458,0.7271325989396696,0.0021306416423042093,0.14626798562586374,0.46405716965314936
fiber_medium,20260819,20300811,0.2626769894560576,0.5106199546041197,0.07106524468661649,0.073216454500081,0.05683661566890167,0.592997687351071,0.03461472551505022,0.4392414117341207,0.7310271984567877,0.0021306416423044804,0.14568148450314505,0.4709937078112266
fiber_medium,20260819,20300812,0.2626769894560576,0.5106199546041197,0.08679506691141683,0.08981817509195882,0.07407555268334612,0.5968114239527802,0.09236289048037961,0.3888036633301871,0.7195809733801344,0.002130641642304411,0.1509269757099227,0.47600335899150165
fiber_medium,20260819,20300813,0.2626769894560576,0.5106199546041197,0.08732904969182956,0.12400912248492346,0.09500759454889347,0.5954383244923308,0.04875871649099492,0.37812713609729176,0.7237550766670553,0.002130641642304084,0.14359930699581067,0.4555405666561727
fiber_medium,20260819,20300814,0.2626769894560576,0.5106199546041197,0.0581804522419468,0.0826600328411512,0.07099222058732689,0.5885801839855402,0.07108161569327161,0.39938231836990407,0.7222269269736655,0.002130641642304268,0.14579331510732557,0.47211496941443354
fiber_medium,20260819,20300815,0.2626769894560576,0.5106199546041197,0.06481673757738425,0.07283210604969052,0.051539433131274355,0.5968178052758069,0.08356563209260225,0.4243654547739702,0.7294577407654635,0.0021306416423037774,0.13884303441125406,0.4418001376228947
fiber_medium,20260819,20300816,0.2626769894560576,0.5106199546041197,0.06890866957384585,0.086004856410349,0.06683293833290595,0.597065909486917,0.07235997960460809,0.3941860638238969,0.7249154607083245,0.002130641642304374,0.1517545362857003,0.4807925675753656
fiber_medium,20260819,20300817,0.2626769894560576,0.5106199546041197,0.0622090958700881,0.09916635662867117,0.07317604854245716,0.584426037269618,0.06973354425652771,0.3796871043959336,0.7037590102993038,0.002130641642303899,0.15698947048268674,0.48059710604380157
fiber_medium,20260819,20300818,0.2626769894560576,0.5106199546041197,0.07533905195740138,0.09788295986900401,0.07521362586798844,0.5870950435488951,0.04879563156250458,0.43214786536524047,0.7302478021888057,0.002130641642304275,0.13869258718741248,0.44887779700680336
fiber_medium,20260819,20300819,0.2626769894560576,0.5106199546041197,0.06247544915210898,0.08639221356836445,0.06605638826006588,0.5913265959755979,0.08246450266618464,0.410182337978407,0.728529508368348,0.0021306416423047037,0.14898333140253434,0.46914274559953795
fiber_high,20260819,20300810,0.4273270052043769,0.8297196930088782,0.06473561277552473,0.09734723145220768,0.07849018302033796,0.323375918427327,0.08319329162303939,0.2703469591151039,0.6514386330772048,0.002020148526333189,0.21706426024423653,0.5409461327468271
fiber_high,20260819,20300811,0.4273270052043769,0.8297196930088782,0.08866671837988847,0.08510268602003879,0.07216906769530577,0.316298678196571,0.051319011171990704,0.2964393126427118,0.6528699258601541,0.00202014852633343,0.21412385886866098,0.53813199634668
fiber_high,20260819,20300812,0.4273270052043769,0.8297196930088782,0.09142449547052142,0.09228842952799426,0.07987006522596296,0.318710566317919,0.11275147204288131,0.2787006046059318,0.6481377053439858,0.002020148526333281,0.21941557858744748,0.5486329979645874
fiber_high,20260819,20300813,0.4273270052043769,0.8297196930088782,0.10083600093392393,0.14074121890152402,0.12021758973675052,0.3188929040306368,0.06284600784642584,0.2598689298926671,0.648219485477907,0.0020201485263329315,0.21184491841928485,0.5229442716938099
fiber_high,20260819,20300814,0.4273270052043769,0.8297196930088782,0.07155260492382155,0.09512876809001385,0.08300086216231665,0.32569869216137626,0.09223075251095059,0.2788797915528848,0.6450928187950395,0.002020148526333407,0.21249431977286232,0.5392905933495185
fiber_high,20260819,20300815,0.4273270052043769,0.8297196930088782,0.06842298328404454,0.08367175911194358,0.06573262127435713,0.3284607952449598,0.10704929587666907,0.3158696979197081,0.6507070474715559,0.002020148526332804,0.200763776596951,0.5057320031669102
fiber_high,20260819,20300816,0.4273270052043769,0.8297196930088782,0.08057734361117488,0.09150732859440976,0.08066594781332191,0.3202141984184682,0.09125812043744651,0.27965929997441,0.6512204963739097,0.0020201485263333973,0.2279441101547468,0.5737173544451831
fiber_high,20260819,20300817,0.4273270052043769,0.8297196930088782,0.07422663060434329,0.08237762634073749,0.06755174978268104,0.32165070514376304,0.08050970571148591,0.2743663703213787,0.6293693675902947,0.0020201485263327476,0.22834660321163996,0.554835940923492
fiber_high,20260819,20300818,0.4273270052043769,0.8297196930088782,0.09191191779634883,0.08924126541882565,0.08043013803729171,0.32307241241681184,0.06993857744909279,0.3171132174615472,0.659045663987994,0.0020201485263334667,0.20267220647205814,0.5157591937998525
fiber_high,20260819,20300819,0.4273270052043769,0.8297196930088782,0.06945205225795446,0.07993491634070601,0.06965542962927113,0.3249705362142813,0.1046017840648945,0.29738120467029033,0.6541056889083683,0.00202014852633394,0.22154687907833695,0.5510945504154259
