design_index,design_id,source_time_index,day,risk
0,design_000000,0,0.0,0.002493662186412389
0,design_000000,10,2.5,0.0030052433259812553
0,design_000000,20,5.0,0.01811181126590038
0,design_000000,30,7.5,0.02192100634375086
0,design_000000,40,10.0,0.022019852699878023
0,design_000000,50,12.5,0.02564040178546541
0,design_000000,60,15.0,0.018334296561693997
0,design_000000,70,17.5,0.014561120660553843
0,design_000000,80,20.0,0.0075207552775413975
0,design_000000,90,22.5,0.005814601639178983
0,design_000000,100,25.0,0.0034358290588020033
0,design_000000,110,27.5,0.0036631459977918054
0,design_000000,120,30.0,0.0035890292406826124
0,design_000000,130,32.5,0.002050192850880723
0,design_000000,140,35.0,0.0021209393733756616
0,design_000000,150,37.5,0.002665775146696113
0,design_000000,160,40.0,0.004423988126094112
0,design_000000,170,42.5,0.0036709741857425377
0,design_000000,180,45.0,0.0049224800516805695
1,design_000001,0,0.0,0.0020545434897685003
1,design_000001,10,2.5,0.003357541196214865
1,design_000001,20,5.0,0.04358038278459654
1,design_000001,30,7.5,0.10171408564092489
1,design_000001,40,10.0,0.14028062654175194
1,design_000001,50,12.5,0.13291936372173893
1,design_000001,60,15.0,0.1149645164276441
1,design_000001,70,17.5,0.08975023103587498
1,design_000001,80,20.0,0.06729667424048927
1,design_000001,90,22.5,0.051443971149658534
1,design_000001,100,25.0,0.038309244498223816
1,design_000001,110,27.5,0.030233746465888632
1,design_000001,120,30.0,0.01858977555765251
1,design_000001,130,32.5,0.02011200111619031
1,design_000001,140,35.0,0.022581344217252587
1,design_000001,150,37.5,0.02132517618237243
1,design_000001,160,40.0,0.019772460229133603
1,design_000001,170,42.5,0.018974080289893978
1,design_000001,180,45.0,0.02131686859409456
2,design_000002,0,0.0,0.002187476625597752
2,design_000002,10,2.5,0.06803326995601049
2,design_000002,20,5.0,0.08560927596969357
2,design_000002,30,7.5,0.019315162009987136
2,design_000002,40,10.0,0.030657475950958895
2,design_000002,50,12.5,0.029113317669134296
2,design_000002,60,15.0,0.0229017593633291
2,design_000002,70,17.5,0.027041599125535068
2,design_000002,80,20.0,0.03240433859824818
2,design_000002,90,22.5,0.037716081419632265
2,design_000002,100,25.0,0.0354271404999262
2,design_000002,110,27.5,0.025690724302822446
2,design_000002,120,30.0,0.014842019541830688
2,design_000002,130,32.5,0.013870328310800439
2,design_000002,140,35.0,0.015083489418889416
2,design_000002,150,37.5,0.012557750911536068
2,design_000002,160,40.0,0.010507595957281363
2,design_000002,170,42.5,0.008212958329141153
2,design_000002,180,45.0,0.010484404193470222
3,design_000003,0,0.0,0.002096722510054567
3,design_000003,10,2.5,0.08466769656271458
3,design_000003,20,5.0,0.01901122181296186
3,design_000003,30,7.5,0.035070960370124526
3,design_000003,40,10.0,0.05202976504551362
3,design_000003,50,12.5,0.05647336572506001
3,design_000003,60,15.0,0.060763752477546965
3,design_000003,70,17.5,0.04523046570494594
3,design_000003,80,20.0,0.025610648446206568
3,design_000003,90,22.5,0.016882671409629898
3,design_000003,100,25.0,0.010128488425604518
3,design_000003,110,27.5,0.004239716399934585
3,design_000003,120,30.0,0.0014875019668833594
3,design_000003,130,32.5,0.003700034704042725
3,design_000003,140,35.0,0.006818789364259769
3,design_000003,150,37.5,0.008235172309054083
3,design_000003,160,40.0,0.011833034523440328
3,design_000003,170,42.5,0.011581117448211718
3,design_000003,180,45.0,0.014009688747824772
4,design_000004,0,0.0,0.002418392229847593
4,design_000004,10,2.5,0.0019582076133124104
4,design_000004,20,5.0,0.0065419514206072945
4,design_000004,30,7.5,0.01452318283399338
4,design_000004,40,10.0,0.017075846504246255
4,design_000004,50,12.5,0.019754956212876238
4,design_000004,60,15.0,0.01769926899662587
4,design_000004,70,17.5,0.004247047435980663
4,design_000004,80,20.0,0.0025212882901541095
4,design_000004,90,22.5,0.003449969353793884
4,design_000004,100,25.0,0.0032537457563188194
4,design_000004,110,27.5,0.002899570669669343
4,design_000004,120,30.0,0.0010321920250507784
4,design_000004,130,32.5,0.002391187857925348
4,design_000004,140,35.0,0.004339203496615611
4,design_000004,150,37.5,0.00527400082735837
4,design_000004,160,40.0,0.007806238224463153
4,design_000004,170,42.5,0.00703260334115615
4,design_000004,180,45.0,0.007287012580641218
5,design_000005,0,0.0,0.002068183356061605
5,design_000005,10,2.5,0.008873104700879639
5,design_000005,20,5.0,0.037419329786628756
5,design_000005,30,7.5,0.06313410662465643
5,design_000005,40,10.0,0.07353499750572345
5,design_000005,50,12.5,0.0646531306233133
5,design_000005,60,15.0,0.06067161098912176
5,design_000005,70,17.5,0.04980186084392328
5,design_000005,80,20.0,0.03392823666438959
5,design_000005,90,22.5,0.029767504402940063
5,design_000005,100,25.0,0.0213816438075614
5,design_000005,110,27.5,0.010482337683237902
5,design_000005,120,30.0,0.004171329762662386
5,design_000005,130,32.5,0.003523206826692483
5,design_000005,140,35.0,0.004146504433322694
5,design_000005,150,37.5,0.004700274699188999
5,design_000005,160,40.0,0.0072033944905331715
5,design_000005,170,42.5,0.006516921823671971
5,design_000005,180,45.0,0.009424626734864622
6,design_000006,0,0.0,0.00188583081985325
6,design_000006,10,2.5,0.08503445819464756
6,design_000006,20,5.0,0.05745851895708412
6,design_000006,30,7.5,0.05438251384193821
6,design_000006,40,10.0,0.06668404528862505
6,design_000006,50,12.5,0.07099691305735663
6,design_000006,60,15.0,0.0767128653179062
6,design_000006,70,17.5,0.07026143451685948
6,design_000006,80,20.0,0.051189557088295576
6,design_000006,90,22.5,0.045036528147332104
6,design_000006,100,25.0,0.031786431480321384
6,design_000006,110,27.5,0.021543173857384648
6,design_000006,120,30.0,0.010263278517744952
6,design_000006,130,32.5,0.012722673888660538
6,design_000006,140,35.0,0.015847577601795074
6,design_000006,150,37.5,0.015713520479948066
6,design_000006,160,40.0,0.018533350011617135
6,design_000006,170,42.5,0.01860840273793301
6,design_000006,180,45.0,0.018842399011521398
7,design_000007,0,0.0,0.001966149503392023
7,design_000007,10,2.5,0.004293911042978816
7,design_000007,20,5.0,0.003637098800888287
7,design_000007,30,7.5,0.009447047095176003
7,design_000007,40,10.0,0.02362161700814537
7,design_000007,50,12.5,0.03690534365139446
7,design_000007,60,15.0,0.043912048429792155
7,design_000007,70,17.5,0.04408438138617411
7,design_000007,80,20.0,0.0394423176470788
7,design_000007,90,22.5,0.035944567637235025
7,design_000007,100,25.0,0.025559955536462335
7,design_000007,110,27.5,0.014338844903587222
7,design_000007,120,30.0,0.006271431976977318
7,design_000007,130,32.5,0.005432098641288354
7,design_000007,140,35.0,0.005869103023059617
7,design_000007,150,37.5,0.005982502887398305
7,design_000007,160,40.0,0.007058462012504597
7,design_000007,170,42.5,0.005532920957532762
7,design_000007,180,45.0,0.007797151533918519
8,design_000008,0,0.0,0.0014210936579783506
8,design_000008,10,2.5,0.08315969476262522
8,design_000008,20,5.0,0.11902524357766375
8,design_000008,30,7.5,0.0890655339163656
8,design_000008,40,10.0,0.06895008497914953
8,design_000008,50,12.5,0.057847618552063766
8,design_000008,60,15.0,0.039332991014623155
8,design_000008,70,17.5,0.022931552257050795
8,design_000008,80,20.0,0.01191535836502582
8,design_000008,90,22.5,0.008825091783449831
8,design_000008,100,25.0,0.009286547374198467
8,design_000008,110,27.5,0.010750393745173045
8,design_000008,120,30.0,0.008500599417266146
8,design_000008,130,32.5,0.011230436178100604
8,design_000008,140,35.0,0.013993699962365836
8,design_000008,150,37.5,0.014234664040686995
8,design_000008,160,40.0,0.014219705237602817
8,design_000008,170,42.5,0.010576174323903051
8,design_000008,180,45.0,0.010852243023879344
9,design_000009,0,0.0,0.0019705985814421866
9,design_000009,10,2.5,0.06272084310388483
9,design_000009,20,5.0,0.07064593181808565
9,design_000009,30,7.5,0.08062139594038811
9,design_000009,40,10.0,0.08677404071730639
9,design_000009,50,12.5,0.08365580424750968
9,design_000009,60,15.0,0.07847308115347879
9,design_000009,70,17.5,0.06373511861052888
9,design_000009,80,20.0,0.04368081604638084
9,design_000009,90,22.5,0.028945427698767387
9,design_000009,100,25.0,0.021680511988419974
9,design_000009,110,27.5,0.015514262429916905
9,design_000009,120,30.0,0.009841561294248125
9,design_000009,130,32.5,0.012550368969972516
9,design_000009,140,35.0,0.014977305924087313
9,design_000009,150,37.5,0.012092741216862862
9,design_000009,160,40.0,0.0147685037444894
9,design_000009,170,42.5,0.012648200219384849
9,design_000009,180,45.0,0.015200558448236645
10,design_000010,0,0.0,0.002342654457112559
10,design_000010,10,2.5,0.012843005978329838
10,design_000010,20,5.0,0.035522576985237184
10,design_000010,30,7.5,0.0530052600266603
10,design_000010,40,10.0,0.06210642314394981
10,design_000010,50,12.5,0.05388705049640162
10,design_000010,60,15.0,0.04552051042897029
10,design_000010,70,17.5,0.039840282161439665
10,design_000010,80,20.0,0.028736392343833426
10,design_000010,90,22.5,0.02356723726909997
10,design_000010,100,25.0,0.015756945905139264
10,design_000010,110,27.5,0.008916690250433509
10,design_000010,120,30.0,0.003913928939790192
10,design_000010,130,32.5,0.005343117643685349
10,design_000010,140,35.0,0.007088672068982459
10,design_000010,150,37.5,0.007589375674532614
10,design_000010,160,40.0,0.0079469850956775
10,design_000010,170,42.5,0.006983906661813383
10,design_000010,180,45.0,0.009581920778727066
11,design_000011,0,0.0,0.0025088947503680214
11,design_000011,10,2.5,0.03858143382799189
11,design_000011,20,5.0,0.06527762177769972
11,design_000011,30,7.5,0.03667648792127433
11,design_000011,40,10.0,0.02588978312005743
11,design_000011,50,12.5,0.02198380028989398
11,design_000011,60,15.0,0.020063766765284662
11,design_000011,70,17.5,0.01667625463592808
11,design_000011,80,20.0,0.006874538578469178
11,design_000011,90,22.5,0.007894191507385035
11,design_000011,100,25.0,0.005690267062474667
11,design_000011,110,27.5,0.005608747371013843
11,design_000011,120,30.0,0.0024895279072186215
11,design_000011,130,32.5,0.00484614664990261
11,design_000011,140,35.0,0.008025928244433381
11,design_000011,150,37.5,0.008812820490026227
11,design_000011,160,40.0,0.010851148872897636
11,design_000011,170,42.5,0.011605252620180865
11,design_000011,180,45.0,0.011377111418769917
12,design_000012,0,0.0,0.002286971751507327
12,design_000012,10,2.5,0.0012556097685444785
12,design_000012,20,5.0,0.009412856041194479
12,design_000012,30,7.5,0.014721387730584401
12,design_000012,40,10.0,0.01338828937643334
12,design_000012,50,12.5,0.016424297737570703
12,design_000012,60,15.0,0.015345982274848903
12,design_000012,70,17.5,0.008344217036602557
12,design_000012,80,20.0,0.009710580975956772
12,design_000012,90,22.5,0.01371986824426261
12,design_000012,100,25.0,0.013824363022704381
12,design_000012,110,27.5,0.01337664558055627
12,design_000012,120,30.0,0.008027983213762668
12,design_000012,130,32.5,0.007940529695833512
12,design_000012,140,35.0,0.008814512813362254
12,design_000012,150,37.5,0.008932246908186905
12,design_000012,160,40.0,0.008100831040552186
12,design_000012,170,42.5,0.008733653163965217
12,design_000012,180,45.0,0.00932075140359312
13,design_000013,0,0.0,0.002064452872218005
13,design_000013,10,2.5,0.015630947565650186
13,design_000013,20,5.0,0.004372116078705481
13,design_000013,30,7.5,0.014500850528010856
13,design_000013,40,10.0,0.027738339000694202
13,design_000013,50,12.5,0.026672055171110143
13,design_000013,60,15.0,0.024954548233352608
13,design_000013,70,17.5,0.014247801759305302
13,design_000013,80,20.0,0.005860853898510071
13,design_000013,90,22.5,0.0038139716388771575
13,design_000013,100,25.0,0.0036249384978664385
13,design_000013,110,27.5,0.004493611803464239
13,design_000013,120,30.0,0.0030701210594289837
13,design_000013,130,32.5,0.004212014343454488
13,design_000013,140,35.0,0.00598003007342254
13,design_000013,150,37.5,0.005640670159441856
13,design_000013,160,40.0,0.006675250101967567
13,design_000013,170,42.5,0.0069142335755003215
13,design_000013,180,45.0,0.007939531457105069
14,design_000014,0,0.0,0.002009280840624822
14,design_000014,10,2.5,0.004164815587641907
14,design_000014,20,5.0,0.015643924922747604
14,design_000014,30,7.5,0.021610520552602833
14,design_000014,40,10.0,0.006965998082991693
14,design_000014,50,12.5,0.01117209213944664
14,design_000014,60,15.0,0.01226614595240424
14,design_000014,70,17.5,0.007469675024909578
14,design_000014,80,20.0,0.005900097279168113
14,design_000014,90,22.5,0.008139499651479127
14,design_000014,100,25.0,0.007466492343843059
14,design_000014,110,27.5,0.005800117708934922
14,design_000014,120,30.0,0.003953628708672707
14,design_000014,130,32.5,0.002474698899205729
14,design_000014,140,35.0,0.002222675710339562
14,design_000014,150,37.5,0.0027600563144846496
14,design_000014,160,40.0,0.005236867307883955
14,design_000014,170,42.5,0.005728635853471277
14,design_000014,180,45.0,0.006391256609335947
15,design_000015,0,0.0,0.002204669610145737
15,design_000015,10,2.5,0.04951248104900541
15,design_000015,20,5.0,0.06932288855379623
15,design_000015,30,7.5,0.016174040956806808
15,design_000015,40,10.0,0.022660457655594983
15,design_000015,50,12.5,0.03107657014869935
15,design_000015,60,15.0,0.03834583562661653
15,design_000015,70,17.5,0.0375720181796953
15,design_000015,80,20.0,0.03058688490035802
15,design_000015,90,22.5,0.02576965600698291
15,design_000015,100,25.0,0.018273697307475308
15,design_000015,110,27.5,0.01315845445651738
15,design_000015,120,30.0,0.0084924622545956
15,design_000015,130,32.5,0.00843142432531949
15,design_000015,140,35.0,0.008005860517142322
15,design_000015,150,37.5,0.007904094764362992
15,design_000015,160,40.0,0.008509015095382214
15,design_000015,170,42.5,0.008094132888984942
15,design_000015,180,45.0,0.009427330704282078
16,design_000016,0,0.0,0.0020427495134313876
16,design_000016,10,2.5,0.04772899367582975
16,design_000016,20,5.0,0.06804475874850885
16,design_000016,30,7.5,0.06449489552876271
16,design_000016,40,10.0,0.06801209211862667
16,design_000016,50,12.5,0.05884738560595886
16,design_000016,60,15.0,0.05852384720188723
16,design_000016,70,17.5,0.04781178877472519
16,design_000016,80,20.0,0.03787284613916841
16,design_000016,90,22.5,0.034509650350135194
16,design_000016,100,25.0,0.027805194159309
16,design_000016,110,27.5,0.018369871809955148
16,design_000016,120,30.0,0.011105267257049651
16,design_000016,130,32.5,0.01107514707046522
16,design_000016,140,35.0,0.009598953904814151
16,design_000016,150,37.5,0.009306953810781508
16,design_000016,160,40.0,0.012147984230367538
16,design_000016,170,42.5,0.010882795620825086
16,design_000016,180,45.0,0.012375368851110262
17,design_000017,0,0.0,0.0023977286507303325
17,design_000017,10,2.5,0.009387059330349867
17,design_000017,20,5.0,0.05926094199228489
17,design_000017,30,7.5,0.10719463288415698
17,design_000017,40,10.0,0.03265274127660559
17,design_000017,50,12.5,0.00815789389755381
17,design_000017,60,15.0,0.011802064212343182
17,design_000017,70,17.5,0.01117106582055442
17,design_000017,80,20.0,0.00820537147505466
17,design_000017,90,22.5,0.010589986284054134
17,design_000017,100,25.0,0.009065909058668635
17,design_000017,110,27.5,0.006236937761224376
17,design_000017,120,30.0,0.003309946527984961
17,design_000017,130,32.5,0.0010458421652457836
17,design_000017,140,35.0,0.002300415132022093
17,design_000017,150,37.5,0.0037894607327396256
17,design_000017,160,40.0,0.007586813380198109
17,design_000017,170,42.5,0.008148300546428101
17,design_000017,180,45.0,0.010299919345683693
18,design_000018,0,0.0,0.0020378964403134367
18,design_000018,10,2.5,0.020490439190911244
18,design_000018,20,5.0,0.038825706008042006
18,design_000018,30,7.5,0.04379408601631292
18,design_000018,40,10.0,0.03621085348777317
18,design_000018,50,12.5,0.018315851721008948
18,design_000018,60,15.0,0.013186469535075166
18,design_000018,70,17.5,0.006903558298476205
18,design_000018,80,20.0,0.00320218902497174
18,design_000018,90,22.5,0.004792301883286013
18,design_000018,100,25.0,0.003971661824593589
18,design_000018,110,27.5,0.0038197669161639746
18,design_000018,120,30.0,0.002703078776632095
18,design_000018,130,32.5,0.00263557391086164
18,design_000018,140,35.0,0.0036192026004827783
18,design_000018,150,37.5,0.004606395077370122
18,design_000018,160,40.0,0.007750336580649789
18,design_000018,170,42.5,0.006975539975305433
18,design_000018,180,45.0,0.008213309998350436
19,design_000019,0,0.0,0.00222515948854678
19,design_000019,10,2.5,0.08963452520641421
19,design_000019,20,5.0,0.02357594832046169
19,design_000019,30,7.5,0.023176822755440692
19,design_000019,40,10.0,0.03316130058796446
19,design_000019,50,12.5,0.03562780049892652
19,design_000019,60,15.0,0.037732725090547495
19,design_000019,70,17.5,0.031172265746859128
19,design_000019,80,20.0,0.025878563940513164
19,design_000019,90,22.5,0.02638651363041846
19,design_000019,100,25.0,0.0228343176796847
19,design_000019,110,27.5,0.016007569035296237
19,design_000019,120,30.0,0.009349248491948774
19,design_000019,130,32.5,0.008734439853659202
19,design_000019,140,35.0,0.00905074532918549
19,design_000019,150,37.5,0.007639666528342921
19,design_000019,160,40.0,0.01127946923803641
19,design_000019,170,42.5,0.010363906553376996
19,design_000019,180,45.0,0.011465938930813983
20,design_000020,0,0.0,0.002370547817583841
20,design_000020,10,2.5,0.034068624878127264
20,design_000020,20,5.0,0.02189607961959186
20,design_000020,30,7.5,0.025777949478276663
20,design_000020,40,10.0,0.028473351865296835
20,design_000020,50,12.5,0.023334351971184147
20,design_000020,60,15.0,0.01741650203201616
20,design_000020,70,17.5,0.00899369337917893
20,design_000020,80,20.0,0.007765415167425934
20,design_000020,90,22.5,0.007306475285870603
20,design_000020,100,25.0,0.006209428456591372
20,design_000020,110,27.5,0.006205686113550999
20,design_000020,120,30.0,0.004321951860244417
20,design_000020,130,32.5,0.007103663100818363
20,design_000020,140,35.0,0.008370273984153947
20,design_000020,150,37.5,0.007655135573460838
20,design_000020,160,40.0,0.00972048705145561
20,design_000020,170,42.5,0.009595078725538917
20,design_000020,180,45.0,0.010801993164405811
21,design_000021,0,0.0,0.0021083141320295605
21,design_000021,10,2.5,0.006992277238823554
21,design_000021,20,5.0,0.017624845125089803
21,design_000021,30,7.5,0.042434850733027746
21,design_000021,40,10.0,0.07772428402914477
21,design_000021,50,12.5,0.09067117173572536
21,design_000021,60,15.0,0.08520118374783828
21,design_000021,70,17.5,0.060047079716916335
21,design_000021,80,20.0,0.04240665329481012
21,design_000021,90,22.5,0.030708733057145197
21,design_000021,100,25.0,0.02207874544134396
21,design_000021,110,27.5,0.017122208731220112
21,design_000021,120,30.0,0.01006126026313394
21,design_000021,130,32.5,0.011204091048504242
21,design_000021,140,35.0,0.010840316457018467
21,design_000021,150,37.5,0.010789237233083587
21,design_000021,160,40.0,0.011737835644312564
21,design_000021,170,42.5,0.010897816559636314
21,design_000021,180,45.0,0.011676764833076368
22,design_000022,0,0.0,0.0020689533182350027
22,design_000022,10,2.5,0.010147747384854515
22,design_000022,20,5.0,0.004557616158684877
22,design_000022,30,7.5,0.006308955838192331
22,design_000022,40,10.0,0.018196601756919534
22,design_000022,50,12.5,0.02700798583192389
22,design_000022,60,15.0,0.03468468667272477
22,design_000022,70,17.5,0.039327291035471605
22,design_000022,80,20.0,0.036441815565426944
22,design_000022,90,22.5,0.03514368982902523
22,design_000022,100,25.0,0.023194444147620747
22,design_000022,110,27.5,0.010510709284624673
22,design_000022,120,30.0,0.0031836548999697794
22,design_000022,130,32.5,0.0014358673081618558
22,design_000022,140,35.0,0.0021757807418390325
22,design_000022,150,37.5,0.0026219782854686492
22,design_000022,160,40.0,0.0038617390597745016
22,design_000022,170,42.5,0.00455816668045711
22,design_000022,180,45.0,0.006479262967750504
23,design_000023,0,0.0,0.0021271959403372028
23,design_000023,10,2.5,0.04182494264002473
23,design_000023,20,5.0,0.01050291021134283
23,design_000023,30,7.5,0.013497732840908471
23,design_000023,40,10.0,0.025516301420457382
23,design_000023,50,12.5,0.036898825877285046
23,design_000023,60,15.0,0.03714663082973614
23,design_000023,70,17.5,0.024262346175965566
23,design_000023,80,20.0,0.01378733845031653
23,design_000023,90,22.5,0.012597580668578117
23,design_000023,100,25.0,0.009359442894852202
23,design_000023,110,27.5,0.004933106216904605
23,design_000023,120,30.0,0.002597079044927326
23,design_000023,130,32.5,0.0017499826320315193
23,design_000023,140,35.0,0.0031130925262669884
23,design_000023,150,37.5,0.004235989530179452
23,design_000023,160,40.0,0.006684644084901935
23,design_000023,170,42.5,0.008700505016792787
23,design_000023,180,45.0,0.01094591347229656
24,design_000024,0,0.0,0.002215395166195084
24,design_000024,10,2.5,0.007035235545630524
24,design_000024,20,5.0,0.022028367300323905
24,design_000024,30,7.5,0.02276615086818217
24,design_000024,40,10.0,0.022359503060975294
24,design_000024,50,12.5,0.02940155255388354
24,design_000024,60,15.0,0.0288524838480574
24,design_000024,70,17.5,0.02294816731048029
24,design_000024,80,20.0,0.016664744109164357
24,design_000024,90,22.5,0.01569975505891127
24,design_000024,100,25.0,0.010303447266503618
24,design_000024,110,27.5,0.006701244629805912
24,design_000024,120,30.0,0.004227644812687127
24,design_000024,130,32.5,0.0014604718888768275
24,design_000024,140,35.0,0.0012691366273700684
24,design_000024,150,37.5,0.0014988775420231928
24,design_000024,160,40.0,0.003345182739688531
24,design_000024,170,42.5,0.0034117627198056322
24,design_000024,180,45.0,0.0058925781510090775
25,design_000025,0,0.0,0.002315713357080142
25,design_000025,10,2.5,0.005807770162215488
25,design_000025,20,5.0,0.012919178304294746
25,design_000025,30,7.5,0.0227173569449551
25,design_000025,40,10.0,0.027244172946865926
25,design_000025,50,12.5,0.03206108972880268
25,design_000025,60,15.0,0.02787539137325838
25,design_000025,70,17.5,0.019465972961292006
25,design_000025,80,20.0,0.011785940641156744
25,design_000025,90,22.5,0.010089190047383425
25,design_000025,100,25.0,0.007094044464504703
25,design_000025,110,27.5,0.00415922026704165
25,design_000025,120,30.0,0.0020607946623893607
25,design_000025,130,32.5,0.0027177990207745517
25,design_000025,140,35.0,0.004642103904654719
25,design_000025,150,37.5,0.005452682156906661
25,design_000025,160,40.0,0.00734586174751864
25,design_000025,170,42.5,0.008986292093342568
25,design_000025,180,45.0,0.010656455517803292
26,design_000026,0,0.0,0.002059955640043286
26,design_000026,10,2.5,0.0011607359188480983
26,design_000026,20,5.0,0.006210912988120638
26,design_000026,30,7.5,0.012600630068389379
26,design_000026,40,10.0,0.02163635898418627
26,design_000026,50,12.5,0.029338872795379556
26,design_000026,60,15.0,0.029321584227886423
26,design_000026,70,17.5,0.02925975501275365
26,design_000026,80,20.0,0.030051244808358114
26,design_000026,90,22.5,0.03377314290727357
26,design_000026,100,25.0,0.027614482473626606
26,design_000026,110,27.5,0.018272848497079962
26,design_000026,120,30.0,0.007416342794868714
26,design_000026,130,32.5,0.007750991502247062
26,design_000026,140,35.0,0.011026006437982286
26,design_000026,150,37.5,0.01113375746373663
26,design_000026,160,40.0,0.010115302596523556
26,design_000026,170,42.5,0.011312051362729824
26,design_000026,180,45.0,0.012948057403002852
27,design_000027,0,0.0,0.0022404362431553844
27,design_000027,10,2.5,0.004745066292851359
27,design_000027,20,5.0,0.011846647110956345
27,design_000027,30,7.5,0.02821406771953482
27,design_000027,40,10.0,0.049524846982964624
27,design_000027,50,12.5,0.060782609424060705
27,design_000027,60,15.0,0.06818033219886405
27,design_000027,70,17.5,0.05721632135485734
27,design_000027,80,20.0,0.04051542445808998
27,design_000027,90,22.5,0.02919182048961834
27,design_000027,100,25.0,0.019375251159523793
27,design_000027,110,27.5,0.013529375463820423
27,design_000027,120,30.0,0.007585240780132296
27,design_000027,130,32.5,0.008833327992923298
27,design_000027,140,35.0,0.009141382692737933
27,design_000027,150,37.5,0.00818983946730775
27,design_000027,160,40.0,0.010043470961846952
27,design_000027,170,42.5,0.010535374303927302
27,design_000027,180,45.0,0.011161137178697888
28,design_000028,0,0.0,0.001749089367450577
28,design_000028,10,2.5,0.042229472670039375
28,design_000028,20,5.0,0.013941751689041701
28,design_000028,30,7.5,0.009523706608069242
28,design_000028,40,10.0,0.019213556824973083
28,design_000028,50,12.5,0.020369771893952594
28,design_000028,60,15.0,0.021379215063113983
28,design_000028,70,17.5,0.017019107008573918
28,design_000028,80,20.0,0.01152630416566005
28,design_000028,90,22.5,0.008957536806161553
28,design_000028,100,25.0,0.004813841439642914
28,design_000028,110,27.5,0.00255138904892559
28,design_000028,120,30.0,0.0018250594657297414
28,design_000028,130,32.5,0.0015464826827659027
28,design_000028,140,35.0,0.0028015527758917867
28,design_000028,150,37.5,0.003922169943838244
28,design_000028,160,40.0,0.004851870720976288
28,design_000028,170,42.5,0.00578288367887185
28,design_000028,180,45.0,0.0076467480004066
29,design_000029,0,0.0,0.0021836679506981567
29,design_000029,10,2.5,0.030356274965803818
29,design_000029,20,5.0,0.022935602560558495
29,design_000029,30,7.5,0.013482999046557451
29,design_000029,40,10.0,0.020772377468293714
29,design_000029,50,12.5,0.02608794522128898
29,design_000029,60,15.0,0.023340813449824117
29,design_000029,70,17.5,0.02045453119565424
29,design_000029,80,20.0,0.015201319202576936
29,design_000029,90,22.5,0.015010270187875593
29,design_000029,100,25.0,0.009915280089979099
29,design_000029,110,27.5,0.003913324359146455
29,design_000029,120,30.0,0.00037818682427580394
29,design_000029,130,32.5,0.00045877832327514745
29,design_000029,140,35.0,0.001992940454147946
29,design_000029,150,37.5,0.003732198237651902
29,design_000029,160,40.0,0.004962677662321729
29,design_000029,170,42.5,0.0038132568332055142
29,design_000029,180,45.0,0.005594822315639701
30,design_000030,0,0.0,0.0020371400650263365
30,design_000030,10,2.5,0.024280547839571155
30,design_000030,20,5.0,0.07804973562883968
30,design_000030,30,7.5,0.08468652777376964
30,design_000030,40,10.0,0.04247998855210368
30,design_000030,50,12.5,0.028928050689971174
30,design_000030,60,15.0,0.02683047978752491
30,design_000030,70,17.5,0.019958363914529275
30,design_000030,80,20.0,0.014387589954689105
30,design_000030,90,22.5,0.015093291116803494
30,design_000030,100,25.0,0.010156749324688043
30,design_000030,110,27.5,0.00515084390588815
30,design_000030,120,30.0,0.0024616170355825162
30,design_000030,130,32.5,0.0023272815608166944
30,design_000030,140,35.0,0.004506461295657844
30,design_000030,150,37.5,0.005292379328307494
30,design_000030,160,40.0,0.007908135101639222
30,design_000030,170,42.5,0.009420227994626263
30,design_000030,180,45.0,0.012529439494770225
31,design_000031,0,0.0,0.0023690963097263793
31,design_000031,10,2.5,0.012950012017680833
31,design_000031,20,5.0,0.006739818697195539
31,design_000031,30,7.5,0.015868897935925386
31,design_000031,40,10.0,0.024368628927694324
31,design_000031,50,12.5,0.024270590128147994
31,design_000031,60,15.0,0.021538506221950436
31,design_000031,70,17.5,0.009746881937637158
31,design_000031,80,20.0,0.005083554977021005
31,design_000031,90,22.5,0.004238608686502581
31,design_000031,100,25.0,0.003559830829291041
31,design_000031,110,27.5,0.0035497276677094133
31,design_000031,120,30.0,0.004210304370314508
31,design_000031,130,32.5,0.0033165127538867844
31,design_000031,140,35.0,0.0042455475042753495
31,design_000031,150,37.5,0.003747664044772665
31,design_000031,160,40.0,0.004998309684471295
31,design_000031,170,42.5,0.006237718269077989
31,design_000031,180,45.0,0.006813888865696987
32,design_000032,0,0.0,0.0021465259756393556
32,design_000032,10,2.5,0.0060716297655837945
32,design_000032,20,5.0,0.033890410966578285
32,design_000032,30,7.5,0.03143656057057391
32,design_000032,40,10.0,0.020088802167863608
32,design_000032,50,12.5,0.01653466917446865
32,design_000032,60,15.0,0.012222050936281535
32,design_000032,70,17.5,0.01123812866054141
32,design_000032,80,20.0,0.005577595706379201
32,design_000032,90,22.5,0.003983704471159177
32,design_000032,100,25.0,0.003765424561890737
32,design_000032,110,27.5,0.003862178019386114
32,design_000032,120,30.0,0.002321217954634488
32,design_000032,130,32.5,0.0038797489614841845
32,design_000032,140,35.0,0.006161784117917308
32,design_000032,150,37.5,0.006813479339800163
32,design_000032,160,40.0,0.00874390524596512
32,design_000032,170,42.5,0.009834515179711428
32,design_000032,180,45.0,0.011901907710761682
33,design_000033,0,0.0,0.002018116030252014
33,design_000033,10,2.5,0.010282975910871819
33,design_000033,20,5.0,0.010918080074025477
33,design_000033,30,7.5,0.02301555271459002
33,design_000033,40,10.0,0.039540629378126
33,design_000033,50,12.5,0.03421226291819781
33,design_000033,60,15.0,0.03535748693803833
33,design_000033,70,17.5,0.032990161658385586
33,design_000033,80,20.0,0.027576278866651417
33,design_000033,90,22.5,0.02379590765139905
33,design_000033,100,25.0,0.017286292670530695
33,design_000033,110,27.5,0.011663525497329194
33,design_000033,120,30.0,0.004905700005012002
33,design_000033,130,32.5,0.0031540433711183128
33,design_000033,140,35.0,0.0038048516502694352
33,design_000033,150,37.5,0.0037253965221147544
33,design_000033,160,40.0,0.0047171153906288826
33,design_000033,170,42.5,0.005026109326671486
33,design_000033,180,45.0,0.007015847223641177
34,design_000034,0,0.0,0.001893700877788536
34,design_000034,10,2.5,0.004219125614221709
34,design_000034,20,5.0,0.022300751700092745
34,design_000034,30,7.5,0.05686823843800598
34,design_000034,40,10.0,0.057486808325530596
34,design_000034,50,12.5,0.03283884287757561
34,design_000034,60,15.0,0.02026350720836594
34,design_000034,70,17.5,0.013377089157614278
34,design_000034,80,20.0,0.007360406917994613
34,design_000034,90,22.5,0.00417319914419678
34,design_000034,100,25.0,0.0034590595727951538
34,design_000034,110,27.5,0.004235739142524147
34,design_000034,120,30.0,0.0034678638143345133
34,design_000034,130,32.5,0.0041150966389444914
34,design_000034,140,35.0,0.004009481735776546
34,design_000034,150,37.5,0.0050622116899937475
34,design_000034,160,40.0,0.00608952860317947
34,design_000034,170,42.5,0.004819119281334239
34,design_000034,180,45.0,0.005950080116648133
35,design_000035,0,0.0,0.0021545018389671085
35,design_000035,10,2.5,0.003693189555769167
35,design_000035,20,5.0,0.039094186760725194
35,design_000035,30,7.5,0.060243573910596246
35,design_000035,40,10.0,0.022400684352391616
35,design_000035,50,12.5,0.019117387550516448
35,design_000035,60,15.0,0.020433137748016635
35,design_000035,70,17.5,0.017730820463422777
35,design_000035,80,20.0,0.013855517153970539
35,design_000035,90,22.5,0.014541120168292005
35,design_000035,100,25.0,0.010746996341956819
35,design_000035,110,27.5,0.00578917967588698
35,design_000035,120,30.0,0.0033947392782662468
35,design_000035,130,32.5,0.0012453611000485599
35,design_000035,140,35.0,0.0022790492790073936
35,design_000035,150,37.5,0.003536120491410958
35,design_000035,160,40.0,0.007521341966479738
35,design_000035,170,42.5,0.007562371940975936
35,design_000035,180,45.0,0.010837153757008297
36,design_000036,0,0.0,0.002231986518878699
36,design_000036,10,2.5,0.02144152017295744
36,design_000036,20,5.0,0.03625837385190528
36,design_000036,30,7.5,0.018980416798933905
36,design_000036,40,10.0,0.02494859195550627
36,design_000036,50,12.5,0.03322012074135541
36,design_000036,60,15.0,0.03222041665368932
36,design_000036,70,17.5,0.023500311032255236
36,design_000036,80,20.0,0.01102861568331192
36,design_000036,90,22.5,0.006959322242549788
36,design_000036,100,25.0,0.004103887830662118
36,design_000036,110,27.5,0.0035568339554563296
36,design_000036,120,30.0,0.0030746696586890815
36,design_000036,130,32.5,0.0015580874988704797
36,design_000036,140,35.0,0.0030819834027162075
36,design_000036,150,37.5,0.004708716017249359
36,design_000036,160,40.0,0.008516735162790619
36,design_000036,170,42.5,0.009003770927428333
36,design_000036,180,45.0,0.011683110082057102
37,design_000037,0,0.0,0.001973759493322394
37,design_000037,10,2.5,0.0033924838097162246
37,design_000037,20,5.0,0.014566131692997458
37,design_000037,30,7.5,0.024664358194107776
37,design_000037,40,10.0,0.028066937407379387
37,design_000037,50,12.5,0.025557806013240057
37,design_000037,60,15.0,0.026236145982614673
37,design_000037,70,17.5,0.026993367455951787
37,design_000037,80,20.0,0.029082768971542633
37,design_000037,90,22.5,0.030391375655300732
37,design_000037,100,25.0,0.02541203874158339
37,design_000037,110,27.5,0.017855267417225346
37,design_000037,120,30.0,0.00898531335398002
37,design_000037,130,32.5,0.008934594044535513
37,design_000037,140,35.0,0.010190701976423557
37,design_000037,150,37.5,0.009639000251470041
37,design_000037,160,40.0,0.009048453850884788
37,design_000037,170,42.5,0.009414971235151141
37,design_000037,180,45.0,0.010720778079738785
38,design_000038,0,0.0,0.002082484004734379
38,design_000038,10,2.5,0.004010296011921465
38,design_000038,20,5.0,0.0145578575098879
38,design_000038,30,7.5,0.014885874850391518
38,design_000038,40,10.0,0.02076614515602617
38,design_000038,50,12.5,0.02818653641168419
38,design_000038,60,15.0,0.02725904906710851
38,design_000038,70,17.5,0.015495509559484944
38,design_000038,80,20.0,0.008501481544060621
38,design_000038,90,22.5,0.007787334532607966
38,design_000038,100,25.0,0.005067355188347736
38,design_000038,110,27.5,0.005321497037353422
38,design_000038,120,30.0,0.003306153051195201
38,design_000038,130,32.5,0.0022651453027572417
38,design_000038,140,35.0,0.004091336596366551
38,design_000038,150,37.5,0.004514854930113176
38,design_000038,160,40.0,0.005730970962347766
38,design_000038,170,42.5,0.00563349324552514
38,design_000038,180,45.0,0.008074681827289338
39,design_000039,0,0.0,0.002126725128656682
39,design_000039,10,2.5,0.01079577784085892
39,design_000039,20,5.0,0.05416504740935004
39,design_000039,30,7.5,0.09380956735134471
39,design_000039,40,10.0,0.12046408868810204
39,design_000039,50,12.5,0.10409124358672892
39,design_000039,60,15.0,0.07707701020634276
39,design_000039,70,17.5,0.04591349957834452
39,design_000039,80,20.0,0.030161812380287686
39,design_000039,90,22.5,0.02274775814889629
39,design_000039,100,25.0,0.01706045213823877
39,design_000039,110,27.5,0.012973339902814294
39,design_000039,120,30.0,0.008197687991004687
39,design_000039,130,32.5,0.008302925891774796
39,design_000039,140,35.0,0.009272989126640216
39,design_000039,150,37.5,0.010334799309213978
39,design_000039,160,40.0,0.01312291284529722
39,design_000039,170,42.5,0.012071820663815711
39,design_000039,180,45.0,0.013817583078806556
40,design_000040,0,0.0,0.001997517621714309
40,design_000040,10,2.5,0.004396161917543608
40,design_000040,20,5.0,0.012762750888725126
40,design_000040,30,7.5,0.013935498855381527
40,design_000040,40,10.0,0.028207458636388683
40,design_000040,50,12.5,0.033442499227437264
40,design_000040,60,15.0,0.04007675438053927
40,design_000040,70,17.5,0.046866784070048226
40,design_000040,80,20.0,0.04111206768763832
40,design_000040,90,22.5,0.03599120434160637
40,design_000040,100,25.0,0.026167847535650213
40,design_000040,110,27.5,0.015616341298316502
40,design_000040,120,30.0,0.007368754213864766
40,design_000040,130,32.5,0.00639039866401396
40,design_000040,140,35.0,0.008275858688063896
40,design_000040,150,37.5,0.006021044129257183
40,design_000040,160,40.0,0.0063121135772443715
40,design_000040,170,42.5,0.006693381742069259
40,design_000040,180,45.0,0.007815841444888469
41,design_000041,0,0.0,0.0021407100646926884
41,design_000041,10,2.5,0.0084180630302738
41,design_000041,20,5.0,0.04134944976555727
41,design_000041,30,7.5,0.07831267996908689
41,design_000041,40,10.0,0.10581952373875575
41,design_000041,50,12.5,0.10655729850741737
41,design_000041,60,15.0,0.09733012860992561
41,design_000041,70,17.5,0.07123809495487238
41,design_000041,80,20.0,0.045939320026517835
41,design_000041,90,22.5,0.03498529649578164
41,design_000041,100,25.0,0.024173464511369702
41,design_000041,110,27.5,0.013803680105160445
41,design_000041,120,30.0,0.0051874189175588874
41,design_000041,130,32.5,0.004499479862432614
41,design_000041,140,35.0,0.006042710783404191
41,design_000041,150,37.5,0.005990304379691518
41,design_000041,160,40.0,0.00770688105740382
41,design_000041,170,42.5,0.006971581236370066
41,design_000041,180,45.0,0.009199069469061221
42,design_000042,0,0.0,0.002247356694026862
42,design_000042,10,2.5,0.007987519547291329
42,design_000042,20,5.0,0.011976009498386678
42,design_000042,30,7.5,0.02353068698715067
42,design_000042,40,10.0,0.03241024316825822
42,design_000042,50,12.5,0.037173525855970765
42,design_000042,60,15.0,0.032972471001362885
42,design_000042,70,17.5,0.023437331875275323
42,design_000042,80,20.0,0.01463511867439444
42,design_000042,90,22.5,0.013561575066844578
42,design_000042,100,25.0,0.008882946768233462
42,design_000042,110,27.5,0.005521683070442382
42,design_000042,120,30.0,0.003375483740690405
42,design_000042,130,32.5,0.0019181696754513972
42,design_000042,140,35.0,0.0019379954716108251
42,design_000042,150,37.5,0.002446280705463023
42,design_000042,160,40.0,0.003900865258775491
42,design_000042,170,42.5,0.0036390983127475053
42,design_000042,180,45.0,0.005962303780402354
43,design_000043,0,0.0,0.0022173021016355012
43,design_000043,10,2.5,0.013202271743435582
43,design_000043,20,5.0,0.03915634895012803
43,design_000043,30,7.5,0.020421031071062426
43,design_000043,40,10.0,0.019327953438352925
43,design_000043,50,12.5,0.017929877905732312
43,design_000043,60,15.0,0.015435075222276318
43,design_000043,70,17.5,0.009767056749324163
43,design_000043,80,20.0,0.01280495014076553
43,design_000043,90,22.5,0.017657862295004125
43,design_000043,100,25.0,0.018266169985591045
43,design_000043,110,27.5,0.015155654299283509
43,design_000043,120,30.0,0.008295171906743738
43,design_000043,130,32.5,0.005851836189581293
43,design_000043,140,35.0,0.006098088556655655
43,design_000043,150,37.5,0.005944043873773805
43,design_000043,160,40.0,0.007061473871090624
43,design_000043,170,42.5,0.005645088923469094
43,design_000043,180,45.0,0.007270789636726971
44,design_000044,0,0.0,0.0020860901290653045
44,design_000044,10,2.5,0.007595648568593395
44,design_000044,20,5.0,0.05697564863860601
44,design_000044,30,7.5,0.12178542422616313
44,design_000044,40,10.0,0.1573819132490216
44,design_000044,50,12.5,0.13835104701580878
44,design_000044,60,15.0,0.10386678589138576
44,design_000044,70,17.5,0.07270591892492638
44,design_000044,80,20.0,0.0448810328712525
44,design_000044,90,22.5,0.02627563166021349
44,design_000044,100,25.0,0.016818667416494983
44,design_000044,110,27.5,0.010891161841103688
44,design_000044,120,30.0,0.007277979098983463
44,design_000044,130,32.5,0.008121226588935247
44,design_000044,140,35.0,0.010756958631285549
44,design_000044,150,37.5,0.012537753777183748
44,design_000044,160,40.0,0.014893468648474746
44,design_000044,170,42.5,0.01169969206388757
44,design_000044,180,45.0,0.01445771755391939
45,design_000045,0,0.0,0.0020240717171356947
45,design_000045,10,2.5,0.0019249842246020898
45,design_000045,20,5.0,0.018690775570663523
45,design_000045,30,7.5,0.03256823153568156
45,design_000045,40,10.0,0.04027213474279569
45,design_000045,50,12.5,0.036573669291432284
45,design_000045,60,15.0,0.03313270720133797
45,design_000045,70,17.5,0.02256243325611492
45,design_000045,80,20.0,0.014331775906807273
45,design_000045,90,22.5,0.010945921941412647
45,design_000045,100,25.0,0.006326103417882964
45,design_000045,110,27.5,0.0040509177427334
45,design_000045,120,30.0,0.0020260801761005504
45,design_000045,130,32.5,0.0034791372722989943
45,design_000045,140,35.0,0.004815362945798282
45,design_000045,150,37.5,0.0049135002654742835
45,design_000045,160,40.0,0.00583663963183909
45,design_000045,170,42.5,0.006739980731075903
45,design_000045,180,45.0,0.00913093351383524
46,design_000046,0,0.0,0.0023991646672404396
46,design_000046,10,2.5,0.0296107119605536
46,design_000046,20,5.0,0.06330611236245524
46,design_000046,30,7.5,0.05442533305641013
46,design_000046,40,10.0,0.02582154635720326
46,design_000046,50,12.5,0.018915199378927446
46,design_000046,60,15.0,0.01456404283000528
46,design_000046,70,17.5,0.009828309385695257
46,design_000046,80,20.0,0.005562351273601484
46,design_000046,90,22.5,0.003652845193173399
46,design_000046,100,25.0,0.0027883922231054094
46,design_000046,110,27.5,0.0046219113811412985
46,design_000046,120,30.0,0.0049126385712732
46,design_000046,130,32.5,0.0028687885961623024
46,design_000046,140,35.0,0.0033357356551911724
46,design_000046,150,37.5,0.004632199783830882
46,design_000046,160,40.0,0.008980896060326211
46,design_000046,170,42.5,0.009393983218656587
46,design_000046,180,45.0,0.01059229366264355
47,design_000047,0,0.0,0.0022025046960492223
47,design_000047,10,2.5,0.04409747750123988
47,design_000047,20,5.0,0.15327013632810735
47,design_000047,30,7.5,0.11147419826780594
47,design_000047,40,10.0,0.04759953784054203
47,design_000047,50,12.5,0.020091079550722715
47,design_000047,60,15.0,0.00994936402479541
47,design_000047,70,17.5,0.005053707210163397
47,design_000047,80,20.0,0.00641916762047552
47,design_000047,90,22.5,0.00862870532593319
47,design_000047,100,25.0,0.00860695358515546
47,design_000047,110,27.5,0.00816607675863272
47,design_000047,120,30.0,0.005362882929710109
47,design_000047,130,32.5,0.005164099385156883
47,design_000047,140,35.0,0.0060630914680564595
47,design_000047,150,37.5,0.0064060958840475215
47,design_000047,160,40.0,0.00795020782575001
47,design_000047,170,42.5,0.007508597312067862
47,design_000047,180,45.0,0.008640622689766321
48,design_000048,0,0.0,0.002027096635240315
48,design_000048,10,2.5,0.010269504188589098
48,design_000048,20,5.0,0.026039791312782154
48,design_000048,30,7.5,0.05133202401862187
48,design_000048,40,10.0,0.08858557243264831
48,design_000048,50,12.5,0.10798638853539437
48,design_000048,60,15.0,0.1191881775151163
48,design_000048,70,17.5,0.10231014066723843
48,design_000048,80,20.0,0.07858614861330301
48,design_000048,90,22.5,0.05923412236251049
48,design_000048,100,25.0,0.038550537740864935
48,design_000048,110,27.5,0.026187053648617495
48,design_000048,120,30.0,0.013331497025236071
48,design_000048,130,32.5,0.01038414489584484
48,design_000048,140,35.0,0.011207699369745118
48,design_000048,150,37.5,0.009240695678963212
48,design_000048,160,40.0,0.010457552950470773
48,design_000048,170,42.5,0.011564956047849882
48,design_000048,180,45.0,0.012643936364962497
49,design_000049,0,0.0,0.0021100764210804724
49,design_000049,10,2.5,0.004687634360984223
49,design_000049,20,5.0,0.006698861939508515
49,design_000049,30,7.5,0.018228481143104935
49,design_000049,40,10.0,0.040782781695310105
49,design_000049,50,12.5,0.04826569758191443
49,design_000049,60,15.0,0.05802543294175466
49,design_000049,70,17.5,0.050608392647000816
49,design_000049,80,20.0,0.042972278431343755
49,design_000049,90,22.5,0.03457924947723751
49,design_000049,100,25.0,0.022755975373140194
49,design_000049,110,27.5,0.016239264071871477
49,design_000049,120,30.0,0.008700316196655067
49,design_000049,130,32.5,0.010220202249281225
49,design_000049,140,35.0,0.010232185725918917
49,design_000049,150,37.5,0.009111879063929157
49,design_000049,160,40.0,0.009137372445073701
49,design_000049,170,42.5,0.008457473174837818
49,design_000049,180,45.0,0.009599475507205826
50,design_000050,0,0.0,0.0018076478262925866
50,design_000050,10,2.5,0.03941242235633974
50,design_000050,20,5.0,0.08142326242664306
50,design_000050,30,7.5,0.12669617901532204
50,design_000050,40,10.0,0.14167176900010536
50,design_000050,50,12.5,0.09779670528286928
50,design_000050,60,15.0,0.05987290635608844
50,design_000050,70,17.5,0.031971436010131915
50,design_000050,80,20.0,0.015027095613569267
50,design_000050,90,22.5,0.007168029529753466
50,design_000050,100,25.0,0.006744871593152483
50,design_000050,110,27.5,0.008235625284379305
50,design_000050,120,30.0,0.005933833828335275
50,design_000050,130,32.5,0.007471829572084422
50,design_000050,140,35.0,0.009885841191258887
50,design_000050,150,37.5,0.010145578106067888
50,design_000050,160,40.0,0.011862007069476155
50,design_000050,170,42.5,0.010774153150341468
50,design_000050,180,45.0,0.012313426597029036
51,design_000051,0,0.0,0.0023433081864563396
51,design_000051,10,2.5,0.012733240419142693
51,design_000051,20,5.0,0.02051249768041186
51,design_000051,30,7.5,0.0324070916227201
51,design_000051,40,10.0,0.0364792901819487
51,design_000051,50,12.5,0.02447174833955946
51,design_000051,60,15.0,0.015882851561010346
51,design_000051,70,17.5,0.010186694123576662
51,design_000051,80,20.0,0.01756109613388887
51,design_000051,90,22.5,0.0209591468793473
51,design_000051,100,25.0,0.020034111573302725
51,design_000051,110,27.5,0.01709434594644299
51,design_000051,120,30.0,0.009933704335964764
51,design_000051,130,32.5,0.009184628077140298
51,design_000051,140,35.0,0.009272571797525164
51,design_000051,150,37.5,0.009542895694669661
51,design_000051,160,40.0,0.008751126808173885
51,design_000051,170,42.5,0.006969384098804807
51,design_000051,180,45.0,0.007783506211766333
52,design_000052,0,0.0,0.002219635214417025
52,design_000052,10,2.5,0.0034039999452681762
52,design_000052,20,5.0,0.037104956600654625
52,design_000052,30,7.5,0.08577239404228283
52,design_000052,40,10.0,0.09828919258962099
52,design_000052,50,12.5,0.06519475500828795
52,design_000052,60,15.0,0.043066758438649155
52,design_000052,70,17.5,0.02069334540578085
52,design_000052,80,20.0,0.012511812829105524
52,design_000052,90,22.5,0.009321820244196003
52,design_000052,100,25.0,0.006544745704762217
52,design_000052,110,27.5,0.004046049014177917
52,design_000052,120,30.0,0.0021175368021988297
52,design_000052,130,32.5,0.0038299207579471535
52,design_000052,140,35.0,0.005961382581426475
52,design_000052,150,37.5,0.0066264110853806076
52,design_000052,160,40.0,0.010289003607697808
52,design_000052,170,42.5,0.009637977442803133
52,design_000052,180,45.0,0.012297079036567878
53,design_000053,0,0.0,0.002104472016349174
53,design_000053,10,2.5,0.0023796607458651062
53,design_000053,20,5.0,0.022116004892983064
53,design_000053,30,7.5,0.058987581228690425
53,design_000053,40,10.0,0.04457971906902674
53,design_000053,50,12.5,0.017864129137026525
53,design_000053,60,15.0,0.017512041087231412
53,design_000053,70,17.5,0.015946320606796675
53,design_000053,80,20.0,0.013867309217421712
53,design_000053,90,22.5,0.013574679588702131
53,design_000053,100,25.0,0.009678322624335243
53,design_000053,110,27.5,0.006284725275685002
53,design_000053,120,30.0,0.0041464258324818756
53,design_000053,130,32.5,0.0015677063621559672
53,design_000053,140,35.0,0.0016441882818992316
53,design_000053,150,37.5,0.002207839435928895
53,design_000053,160,40.0,0.005220496217936776
53,design_000053,170,42.5,0.006315095979065214
53,design_000053,180,45.0,0.009938747519968582
54,design_000054,0,0.0,0.002282978054102468
54,design_000054,10,2.5,0.003039722124386552
54,design_000054,20,5.0,0.010002151858380916
54,design_000054,30,7.5,0.016859093866027308
54,design_000054,40,10.0,0.02840999849630593
54,design_000054,50,12.5,0.024610799103134108
54,design_000054,60,15.0,0.020069190701265324
54,design_000054,70,17.5,0.01804956206053328
54,design_000054,80,20.0,0.016275549529891856
54,design_000054,90,22.5,0.019417047358559748
54,design_000054,100,25.0,0.018648730024840018
54,design_000054,110,27.5,0.01840025488339418
54,design_000054,120,30.0,0.010299416342751656
54,design_000054,130,32.5,0.011260713042386624
54,design_000054,140,35.0,0.01185909459967832
54,design_000054,150,37.5,0.010682222130750924
54,design_000054,160,40.0,0.009810406995964745
54,design_000054,170,42.5,0.008018464081004553
54,design_000054,180,45.0,0.008200964640595297
55,design_000055,0,0.0,0.002323290076740567
55,design_000055,10,2.5,0.009874196731756123
55,design_000055,20,5.0,0.004245605620206847
55,design_000055,30,7.5,0.013049706400678955
55,design_000055,40,10.0,0.017356126406553728
55,design_000055,50,12.5,0.019687900951789353
55,design_000055,60,15.0,0.023304293570956668
55,design_000055,70,17.5,0.012503946749583853
55,design_000055,80,20.0,0.007649214067715
55,design_000055,90,22.5,0.00836529234107724
55,design_000055,100,25.0,0.007382066344098695
55,design_000055,110,27.5,0.005998111658149728
55,design_000055,120,30.0,0.0042807261887397
55,design_000055,130,32.5,0.0018226515292081857
55,design_000055,140,35.0,0.002127821752245532
55,design_000055,150,37.5,0.0024699022511818648
55,design_000055,160,40.0,0.004352518243973315
55,design_000055,170,42.5,0.005054054093347804
55,design_000055,180,45.0,0.00601398360167356
56,design_000056,0,0.0,0.002324231384962505
56,design_000056,10,2.5,0.0029879831021676277
56,design_000056,20,5.0,0.007666212589045188
56,design_000056,30,7.5,0.020366385079034252
56,design_000056,40,10.0,0.024090369093598952
56,design_000056,50,12.5,0.02444619477762247
56,design_000056,60,15.0,0.01901480472175767
56,design_000056,70,17.5,0.01201322879159374
56,design_000056,80,20.0,0.006448042486459849
56,design_000056,90,22.5,0.0059230591034223675
56,design_000056,100,25.0,0.0037497899202416306
56,design_000056,110,27.5,0.0027466251574630104
56,design_000056,120,30.0,0.0022095992538249346
56,design_000056,130,32.5,0.0012201590496409012
56,design_000056,140,35.0,0.0025135663857502547
56,design_000056,150,37.5,0.003076886685029273
56,design_000056,160,40.0,0.004719335405775632
56,design_000056,170,42.5,0.005731918559738343
56,design_000056,180,45.0,0.008622721082069539
57,design_000057,0,0.0,0.002154900100855159
57,design_000057,10,2.5,0.0033293926243389703
57,design_000057,20,5.0,0.023207027051805877
57,design_000057,30,7.5,0.038930864789463844
57,design_000057,40,10.0,0.034644996519668805
57,design_000057,50,12.5,0.0356851531505592
57,design_000057,60,15.0,0.018335521433791878
57,design_000057,70,17.5,0.007698681227679778
57,design_000057,80,20.0,0.005409477577708797
57,design_000057,90,22.5,0.0053196542672976155
57,design_000057,100,25.0,0.006357620129205231
57,design_000057,110,27.5,0.006652018536846644
57,design_000057,120,30.0,0.004375740718256836
57,design_000057,130,32.5,0.003679466942295555
57,design_000057,140,35.0,0.00414847222628447
57,design_000057,150,37.5,0.005363158267944635
57,design_000057,160,40.0,0.006409717257716503
57,design_000057,170,42.5,0.005040182239257265
57,design_000057,180,45.0,0.0053879031212565355
58,design_000058,0,0.0,0.002211667311680777
58,design_000058,10,2.5,0.0007703804071460959
58,design_000058,20,5.0,0.007972225873935538
58,design_000058,30,7.5,0.021677932736241235
58,design_000058,40,10.0,0.03127862773470637
58,design_000058,50,12.5,0.03658058563618863
58,design_000058,60,15.0,0.030406743509543137
58,design_000058,70,17.5,0.023492033759845987
58,design_000058,80,20.0,0.011084629885062794
58,design_000058,90,22.5,0.007914426114838773
58,design_000058,100,25.0,0.006311493253770704
58,design_000058,110,27.5,0.0043232129235275035
58,design_000058,120,30.0,0.002886875325837435
58,design_000058,130,32.5,0.0022017221782101616
58,design_000058,140,35.0,0.0029591669258507494
58,design_000058,150,37.5,0.0034096103629811716
58,design_000058,160,40.0,0.004797652871080552
58,design_000058,170,42.5,0.0055387574247247225
58,design_000058,180,45.0,0.007119254076511727
59,design_000059,0,0.0,0.0021593503553810345
59,design_000059,10,2.5,0.0041277853315209384
59,design_000059,20,5.0,0.00861880637078168
59,design_000059,30,7.5,0.015107735793099866
59,design_000059,40,10.0,0.02326242799369562
59,design_000059,50,12.5,0.02792695302974425
59,design_000059,60,15.0,0.02231338661447866
59,design_000059,70,17.5,0.012788713858155902
59,design_000059,80,20.0,0.006384321941868186
59,design_000059,90,22.5,0.005046923125154199
59,design_000059,100,25.0,0.004445254571019111
59,design_000059,110,27.5,0.005852996187030954
59,design_000059,120,30.0,0.005320239067681247
59,design_000059,130,32.5,0.0043105185720803685
59,design_000059,140,35.0,0.004277493259306568
59,design_000059,150,37.5,0.004177040713020121
59,design_000059,160,40.0,0.004282901385660041
59,design_000059,170,42.5,0.0031919093730838274
59,design_000059,180,45.0,0.0037569974578537894
60,design_000060,0,0.0,0.0020971974486185922
60,design_000060,10,2.5,0.015549639182387777
60,design_000060,20,5.0,0.08826537911131241
60,design_000060,30,7.5,0.12843323801599366
60,design_000060,40,10.0,0.11799523140729488
60,design_000060,50,12.5,0.08406999107823578
60,design_000060,60,15.0,0.05678220422793951
60,design_000060,70,17.5,0.03339110961516838
60,design_000060,80,20.0,0.019835148977692417
60,design_000060,90,22.5,0.01405632245618472
60,design_000060,100,25.0,0.012031293948297779
60,design_000060,110,27.5,0.013332219919822693
60,design_000060,120,30.0,0.009013240473230662
60,design_000060,130,32.5,0.010124748842720011
60,design_000060,140,35.0,0.013086428748517752
60,design_000060,150,37.5,0.014183968707665123
60,design_000060,160,40.0,0.016954479919766237
60,design_000060,170,42.5,0.013765439482274388
60,design_000060,180,45.0,0.013885760563532839
61,design_000061,0,0.0,0.001953800543423356
61,design_000061,10,2.5,0.0026787741314302695
61,design_000061,20,5.0,0.018934148767587124
61,design_000061,30,7.5,0.05711059943138204
61,design_000061,40,10.0,0.09104036722112895
61,design_000061,50,12.5,0.09319763487257077
61,design_000061,60,15.0,0.07665970001058756
61,design_000061,70,17.5,0.05448970173888157
61,design_000061,80,20.0,0.025561026240749147
61,design_000061,90,22.5,0.01380572167128673
61,design_000061,100,25.0,0.00880454174514461
61,design_000061,110,27.5,0.007590466630507017
61,design_000061,120,30.0,0.0037372707714701517
61,design_000061,130,32.5,0.003978351338201897
61,design_000061,140,35.0,0.005433574131071997
61,design_000061,150,37.5,0.005584177110583608
61,design_000061,160,40.0,0.00841120443596256
61,design_000061,170,42.5,0.007744344469072043
61,design_000061,180,45.0,0.008841328657693957
62,design_000062,0,0.0,0.0021891003235804864
62,design_000062,10,2.5,0.04738661408189597
62,design_000062,20,5.0,0.105282809941543
62,design_000062,30,7.5,0.12666407105805438
62,design_000062,40,10.0,0.07487116860736212
62,design_000062,50,12.5,0.05447960761644196
62,design_000062,60,15.0,0.033905993505141604
62,design_000062,70,17.5,0.012664234250415025
62,design_000062,80,20.0,0.008136943843539126
62,design_000062,90,22.5,0.009084946502162931
62,design_000062,100,25.0,0.010761862669366648
62,design_000062,110,27.5,0.011878729254870409
62,design_000062,120,30.0,0.0075094784023921595
62,design_000062,130,32.5,0.009886651521679408
62,design_000062,140,35.0,0.013080987639237634
62,design_000062,150,37.5,0.015335027730850218
62,design_000062,160,40.0,0.018285673823790812
62,design_000062,170,42.5,0.014543453303541488
62,design_000062,180,45.0,0.013154556148760217
63,design_000063,0,0.0,0.002220562678383302
63,design_000063,10,2.5,0.005854893415046464
63,design_000063,20,5.0,0.00439691898305551
63,design_000063,30,7.5,0.013064805375210242
63,design_000063,40,10.0,0.026772442326923593
63,design_000063,50,12.5,0.031040481155099803
63,design_000063,60,15.0,0.04023021792518466
63,design_000063,70,17.5,0.04525954934832181
63,design_000063,80,20.0,0.037662058016196376
63,design_000063,90,22.5,0.03547826558293754
63,design_000063,100,25.0,0.02365505962848542
63,design_000063,110,27.5,0.014916887590646544
63,design_000063,120,30.0,0.007961081106019913
63,design_000063,130,32.5,0.00978047110082908
63,design_000063,140,35.0,0.012667857442065568
63,design_000063,150,37.5,0.010427794635536787
63,design_000063,160,40.0,0.007860043874120436
63,design_000063,170,42.5,0.007244627802584775
63,design_000063,180,45.0,0.00961880562872546
64,design_000064,0,0.0,0.0017655838765513374
64,design_000064,10,2.5,0.07048253323805569
64,design_000064,20,5.0,0.07205661674633403
64,design_000064,30,7.5,0.05970516028991783
64,design_000064,40,10.0,0.05430831477672328
64,design_000064,50,12.5,0.0371419727648967
64,design_000064,60,15.0,0.025006054919809013
64,design_000064,70,17.5,0.009954853350571998
64,design_000064,80,20.0,0.008804100409036326
64,design_000064,90,22.5,0.012064610354885676
64,design_000064,100,25.0,0.012023509673650047
64,design_000064,110,27.5,0.011000063278458566
64,design_000064,120,30.0,0.007057322313543031
64,design_000064,130,32.5,0.007150185059481737
64,design_000064,140,35.0,0.0073639158467681525
64,design_000064,150,37.5,0.007689029022544741
64,design_000064,160,40.0,0.010338621304705123
64,design_000064,170,42.5,0.007592772355470084
64,design_000064,180,45.0,0.006723226451784015
65,design_000065,0,0.0,0.0022850635890087007
65,design_000065,10,2.5,0.004968065705496502
65,design_000065,20,5.0,0.027688351579899344
65,design_000065,30,7.5,0.027966811727626367
65,design_000065,40,10.0,0.007058670123550473
65,design_000065,50,12.5,0.01686442909712355
65,design_000065,60,15.0,0.01860513865325485
65,design_000065,70,17.5,0.01603338160339637
65,design_000065,80,20.0,0.01612618870773583
65,design_000065,90,22.5,0.017869278614882207
65,design_000065,100,25.0,0.013698443589649372
65,design_000065,110,27.5,0.008231177458091345
65,design_000065,120,30.0,0.003735400072397383
65,design_000065,130,32.5,0.0018350005431167055
65,design_000065,140,35.0,0.001531752178877425
65,design_000065,150,37.5,0.0019011770460938444
65,design_000065,160,40.0,0.004430211746724623
65,design_000065,170,42.5,0.004691197854068276
65,design_000065,180,45.0,0.00591321767133118
66,design_000066,0,0.0,0.0020898803685712865
66,design_000066,10,2.5,0.02679627776551506
66,design_000066,20,5.0,0.07742703999703043
66,design_000066,30,7.5,0.0756141744893932
66,design_000066,40,10.0,0.049757748469997004
66,design_000066,50,12.5,0.031777516711373216
66,design_000066,60,15.0,0.023705299972294817
66,design_000066,70,17.5,0.014307507748376306
66,design_000066,80,20.0,0.00817250780488478
66,design_000066,90,22.5,0.004780102517819641
66,design_000066,100,25.0,0.0018673052043633816
66,design_000066,110,27.5,0.0017435574257347168
66,design_000066,120,30.0,0.0019650081684942106
66,design_000066,130,32.5,0.0019066310792536967
66,design_000066,140,35.0,0.0034279818781033523
66,design_000066,150,37.5,0.004556591032548183
66,design_000066,160,40.0,0.008572967401896824
66,design_000066,170,42.5,0.00807422939402264
66,design_000066,180,45.0,0.011235919805879804
67,design_000067,0,0.0,0.0021590580998820416
67,design_000067,10,2.5,0.021877010057106048
67,design_000067,20,5.0,0.08691306465019055
67,design_000067,30,7.5,0.13113609788170322
67,design_000067,40,10.0,0.10369019698246293
67,design_000067,50,12.5,0.03806184816455538
67,design_000067,60,15.0,0.019955651246360707
67,design_000067,70,17.5,0.010201688257703703
67,design_000067,80,20.0,0.0062594537386429
67,design_000067,90,22.5,0.004388114591835093
67,design_000067,100,25.0,0.004553433775811019
67,design_000067,110,27.5,0.0055170161841830295
67,design_000067,120,30.0,0.004703580879544374
67,design_000067,130,32.5,0.004656390138874108
67,design_000067,140,35.0,0.005195900736618356
67,design_000067,150,37.5,0.006412283065728658
67,design_000067,160,40.0,0.006475092735500282
67,design_000067,170,42.5,0.0057420854602920676
67,design_000067,180,45.0,0.006835731106190271
68,design_000068,0,0.0,0.002283242537704642
68,design_000068,10,2.5,0.014640963927405744
68,design_000068,20,5.0,0.055415578871513105
68,design_000068,30,7.5,0.06843486284505625
68,design_000068,40,10.0,0.07848180195784216
68,design_000068,50,12.5,0.06047774497230689
68,design_000068,60,15.0,0.04339948388942185
68,design_000068,70,17.5,0.02548530068499502
68,design_000068,80,20.0,0.015631947642018446
68,design_000068,90,22.5,0.01167528624124635
68,design_000068,100,25.0,0.008722209481989325
68,design_000068,110,27.5,0.0078986016350634
68,design_000068,120,30.0,0.0049687629810538265
68,design_000068,130,32.5,0.004063575692621576
68,design_000068,140,35.0,0.004236068397905397
68,design_000068,150,37.5,0.00403728448798495
68,design_000068,160,40.0,0.006558959051618442
68,design_000068,170,42.5,0.005241018470938897
68,design_000068,180,45.0,0.006595408058066446
69,design_000069,0,0.0,0.0023738127760836616
69,design_000069,10,2.5,0.002083471486506047
69,design_000069,20,5.0,0.006074273536116347
69,design_000069,30,7.5,0.014950152602538942
69,design_000069,40,10.0,0.030789684816270466
69,design_000069,50,12.5,0.025019538088665288
69,design_000069,60,15.0,0.022692179998385967
69,design_000069,70,17.5,0.022216556733296734
69,design_000069,80,20.0,0.01151578697231728
69,design_000069,90,22.5,0.0058840637565798016
69,design_000069,100,25.0,0.0034428554672061287
69,design_000069,110,27.5,0.004023892114273627
69,design_000069,120,30.0,0.0022637091338508176
69,design_000069,130,32.5,0.002823697734008452
69,design_000069,140,35.0,0.005290962837389683
69,design_000069,150,37.5,0.005485460930807965
69,design_000069,160,40.0,0.0052884368195156035
69,design_000069,170,42.5,0.004794462689495891
69,design_000069,180,45.0,0.006724837535735251
70,design_000070,0,0.0,0.0019637804727899687
70,design_000070,10,2.5,0.07483948175696335
70,design_000070,20,5.0,0.11478501437257266
70,design_000070,30,7.5,0.1120129815475792
70,design_000070,40,10.0,0.06941900706773753
70,design_000070,50,12.5,0.057037565609497715
70,design_000070,60,15.0,0.03944079813502392
70,design_000070,70,17.5,0.01906961840443786
70,design_000070,80,20.0,0.012377458968584151
70,design_000070,90,22.5,0.013146243766557986
70,design_000070,100,25.0,0.014532984703345497
70,design_000070,110,27.5,0.016718961922287043
70,design_000070,120,30.0,0.011884152763256058
70,design_000070,130,32.5,0.011811961197846069
70,design_000070,140,35.0,0.012592862550924707
70,design_000070,150,37.5,0.013330320118576626
70,design_000070,160,40.0,0.01370589912425102
70,design_000070,170,42.5,0.01022724801503384
70,design_000070,180,45.0,0.009693103256696332
71,design_000071,0,0.0,0.002155965933957709
71,design_000071,10,2.5,0.005811754023719031
71,design_000071,20,5.0,0.036646185367727714
71,design_000071,30,7.5,0.020849800445552378
71,design_000071,40,10.0,0.025063440038826258
71,design_000071,50,12.5,0.03128525212363317
71,design_000071,60,15.0,0.03496414911715733
71,design_000071,70,17.5,0.028534026423737147
71,design_000071,80,20.0,0.021006823842168957
71,design_000071,90,22.5,0.01893033959516688
71,design_000071,100,25.0,0.011454194433477076
71,design_000071,110,27.5,0.005883142020872389
71,design_000071,120,30.0,0.0034752782118676363
71,design_000071,130,32.5,0.0015753231482382184
71,design_000071,140,35.0,0.0023945384573184937
71,design_000071,150,37.5,0.003317084301678036
71,design_000071,160,40.0,0.006715314706759281
71,design_000071,170,42.5,0.007356968806297568
71,design_000071,180,45.0,0.010259597655071426
72,design_000072,0,0.0,0.002187018380242572
72,design_000072,10,2.5,0.0016001941638825127
72,design_000072,20,5.0,0.008931202384499409
72,design_000072,30,7.5,0.031521231733501034
72,design_000072,40,10.0,0.05332613154598361
72,design_000072,50,12.5,0.05292556627990875
72,design_000072,60,15.0,0.029050213954129843
72,design_000072,70,17.5,0.015435502027529953
72,design_000072,80,20.0,0.009371648711006026
72,design_000072,90,22.5,0.009765743355470907
72,design_000072,100,25.0,0.009044618852960495
72,design_000072,110,27.5,0.005866325442530259
72,design_000072,120,30.0,0.003637769912788264
72,design_000072,130,32.5,0.002758766787596199
72,design_000072,140,35.0,0.0028906250482764097
72,design_000072,150,37.5,0.0036229762070831284
72,design_000072,160,40.0,0.005158417849201078
72,design_000072,170,42.5,0.004791451581120364
72,design_000072,180,45.0,0.007407123786707931
73,design_000073,0,0.0,0.0020001216688024064
73,design_000073,10,2.5,0.005103724807262436
73,design_000073,20,5.0,0.012805592174784183
73,design_000073,30,7.5,0.007116115249975182
73,design_000073,40,10.0,0.013799802973431913
73,design_000073,50,12.5,0.020166960064052504
73,design_000073,60,15.0,0.02180209505120437
73,design_000073,70,17.5,0.025754617757885206
73,design_000073,80,20.0,0.02933927799666918
73,design_000073,90,22.5,0.03153063024590772
73,design_000073,100,25.0,0.026660436903287076
73,design_000073,110,27.5,0.018966713077152864
73,design_000073,120,30.0,0.010021126000223436
73,design_000073,130,32.5,0.01085304394704674
73,design_000073,140,35.0,0.01359198948091981
73,design_000073,150,37.5,0.012328907890978185
73,design_000073,160,40.0,0.011265637495891413
73,design_000073,170,42.5,0.011404663159928614
73,design_000073,180,45.0,0.01388025982853634
74,design_000074,0,0.0,0.0020041756417938823
74,design_000074,10,2.5,0.007309407877160868
74,design_000074,20,5.0,0.03738612499364044
74,design_000074,30,7.5,0.03581207283552529
74,design_000074,40,10.0,0.007056555074799402
74,design_000074,50,12.5,0.012672146799404272
74,design_000074,60,15.0,0.015776892565107566
74,design_000074,70,17.5,0.012323980234708414
74,design_000074,80,20.0,0.010664161329558882
74,design_000074,90,22.5,0.012451287028279861
74,design_000074,100,25.0,0.009655690751267095
74,design_000074,110,27.5,0.006033825068546646
74,design_000074,120,30.0,0.0038491495620945255
74,design_000074,130,32.5,0.0015050806214753744
74,design_000074,140,35.0,0.0019910050913536778
74,design_000074,150,37.5,0.002939679856251294
74,design_000074,160,40.0,0.006603272991893026
74,design_000074,170,42.5,0.007215024007370209
74,design_000074,180,45.0,0.00903222294574703
75,design_000075,0,0.0,0.0020460122996216923
75,design_000075,10,2.5,0.07859200394897167
75,design_000075,20,5.0,0.054689367820729674
75,design_000075,30,7.5,0.011774400816658252
75,design_000075,40,10.0,0.0073281374904028
75,design_000075,50,12.5,0.01620253695690416
75,design_000075,60,15.0,0.018543562277690086
75,design_000075,70,17.5,0.011503964572653281
75,design_000075,80,20.0,0.013067135210759083
75,design_000075,90,22.5,0.016315587997258022
75,design_000075,100,25.0,0.013969591786559633
75,design_000075,110,27.5,0.007815420538997572
75,design_000075,120,30.0,0.0034148168596925847
75,design_000075,130,32.5,0.000999905423435427
75,design_000075,140,35.0,0.001800448076933931
75,design_000075,150,37.5,0.0030886224391886803
75,design_000075,160,40.0,0.005399343917734755
75,design_000075,170,42.5,0.006393012188305215
75,design_000075,180,45.0,0.007805159777432097
76,design_000076,0,0.0,0.001911684202738065
76,design_000076,10,2.5,0.0038081108672552858
76,design_000076,20,5.0,0.02118108359023183
76,design_000076,30,7.5,0.01789186002622762
76,design_000076,40,10.0,0.018742333820118424
76,design_000076,50,12.5,0.02509106196198175
76,design_000076,60,15.0,0.019692041943385155
76,design_000076,70,17.5,0.018410678847635614
76,design_000076,80,20.0,0.02542322490660852
76,design_000076,90,22.5,0.030804886775723954
76,design_000076,100,25.0,0.03029030046192227
76,design_000076,110,27.5,0.02513086704026619
76,design_000076,120,30.0,0.014874734343958716
76,design_000076,130,32.5,0.012578499714659349
76,design_000076,140,35.0,0.013374631471255062
76,design_000076,150,37.5,0.012427234071476383
76,design_000076,160,40.0,0.011229826143118338
76,design_000076,170,42.5,0.010095768599441196
76,design_000076,180,45.0,0.011596406578524135
77,design_000077,0,0.0,0.0021196585786382423
77,design_000077,10,2.5,0.00278696545542235
77,design_000077,20,5.0,0.027172874693320317
77,design_000077,30,7.5,0.05892632626846486
77,design_000077,40,10.0,0.058141690981079325
77,design_000077,50,12.5,0.03509593321150388
77,design_000077,60,15.0,0.016964095038385033
77,design_000077,70,17.5,0.008678109296868984
77,design_000077,80,20.0,0.002644783579952152
77,design_000077,90,22.5,0.0012667525717038803
77,design_000077,100,25.0,0.0015461298074491662
77,design_000077,110,27.5,0.002285989340928416
77,design_000077,120,30.0,0.0018452384910364827
77,design_000077,130,32.5,0.002651614920021047
77,design_000077,140,35.0,0.0048534593684345624
77,design_000077,150,37.5,0.005886005067408993
77,design_000077,160,40.0,0.008479352119068273
77,design_000077,170,42.5,0.009074670738736496
77,design_000077,180,45.0,0.011090268412719338
78,design_000078,0,0.0,0.0020842738034788245
78,design_000078,10,2.5,0.015669493160190874
78,design_000078,20,5.0,0.025562211111717102
78,design_000078,30,7.5,0.012650158681132825
78,design_000078,40,10.0,0.02713422734822226
78,design_000078,50,12.5,0.038292437887130264
78,design_000078,60,15.0,0.032635461465795615
78,design_000078,70,17.5,0.031039962205254623
78,design_000078,80,20.0,0.03511040662631035
78,design_000078,90,22.5,0.037773510011104794
78,design_000078,100,25.0,0.030051099909882282
78,design_000078,110,27.5,0.020262076868254066
78,design_000078,120,30.0,0.009331465706788227
78,design_000078,130,32.5,0.008551646904469495
78,design_000078,140,35.0,0.011936884184400127
78,design_000078,150,37.5,0.011334979646781316
78,design_000078,160,40.0,0.00931905098243777
78,design_000078,170,42.5,0.009731199392817573
78,design_000078,180,45.0,0.011266600568178626
79,design_000079,0,0.0,0.0019054833489807821
79,design_000079,10,2.5,0.007267661748771593
79,design_000079,20,5.0,0.013217985930449334
79,design_000079,30,7.5,0.02454975703063624
79,design_000079,40,10.0,0.04360842933104739
79,design_000079,50,12.5,0.04758397162136245
79,design_000079,60,15.0,0.05254661149309017
79,design_000079,70,17.5,0.0494400681803552
79,design_000079,80,20.0,0.042607116722246874
79,design_000079,90,22.5,0.0341616716210183
79,design_000079,100,25.0,0.024629101108186415
79,design_000079,110,27.5,0.017523507392897767
79,design_000079,120,30.0,0.009510335152928534
79,design_000079,130,32.5,0.007864157330689644
79,design_000079,140,35.0,0.008411356840714208
79,design_000079,150,37.5,0.00882946336901333
79,design_000079,160,40.0,0.008876612096334682
79,design_000079,170,42.5,0.009551373718874358
79,design_000079,180,45.0,0.011242472082333744
80,design_000080,0,0.0,0.0020469908990190322
80,design_000080,10,2.5,0.02406186492664234
80,design_000080,20,5.0,0.047746567063697065
80,design_000080,30,7.5,0.009673022288858394
80,design_000080,40,10.0,0.0186094564937221
80,design_000080,50,12.5,0.03172199055085526
80,design_000080,60,15.0,0.037778376834542056
80,design_000080,70,17.5,0.027969307400864528
80,design_000080,80,20.0,0.017152576247017937
80,design_000080,90,22.5,0.014239182489578554
80,design_000080,100,25.0,0.00953724228848794
80,design_000080,110,27.5,0.005667193535067809
80,design_000080,120,30.0,0.003238788077277048
80,design_000080,130,32.5,0.0017824025619772653
80,design_000080,140,35.0,0.003088842789864807
80,design_000080,150,37.5,0.00432345076226226
80,design_000080,160,40.0,0.007275404429451237
80,design_000080,170,42.5,0.009578618499479722
80,design_000080,180,45.0,0.01138063458310688
81,design_000081,0,0.0,0.0020539294135849583
81,design_000081,10,2.5,0.012195753182314752
81,design_000081,20,5.0,0.022278545381214876
81,design_000081,30,7.5,0.026242332575792043
81,design_000081,40,10.0,0.03509983768393185
81,design_000081,50,12.5,0.0323918250617554
81,design_000081,60,15.0,0.02180180012583634
81,design_000081,70,17.5,0.01115743786954849
81,design_000081,80,20.0,0.012421411425507624
81,design_000081,90,22.5,0.01747274755804684
81,design_000081,100,25.0,0.01948340706852866
81,design_000081,110,27.5,0.019628210705279436
81,design_000081,120,30.0,0.011558737136240862
81,design_000081,130,32.5,0.010795703516375705
81,design_000081,140,35.0,0.01210911240227359
81,design_000081,150,37.5,0.010993914620456135
81,design_000081,160,40.0,0.00967631929816256
81,design_000081,170,42.5,0.007894448245032073
81,design_000081,180,45.0,0.008574165209613493
82,design_000082,0,0.0,0.0017256305427833965
82,design_000082,10,2.5,0.0027760790040368168
82,design_000082,20,5.0,0.050919517686898744
82,design_000082,30,7.5,0.0602884484676377
82,design_000082,40,10.0,0.051218500017451776
82,design_000082,50,12.5,0.029227986617276182
82,design_000082,60,15.0,0.017545013749017842
82,design_000082,70,17.5,0.006623053564475664
82,design_000082,80,20.0,0.004645853223711179
82,design_000082,90,22.5,0.0035013844101047073
82,design_000082,100,25.0,0.0030578843795507626
82,design_000082,110,27.5,0.0037925799654172287
82,design_000082,120,30.0,0.003034271123985438
82,design_000082,130,32.5,0.0033156508087965946
82,design_000082,140,35.0,0.0031842562530249164
82,design_000082,150,37.5,0.0041884848807733875
82,design_000082,160,40.0,0.007753417171215845
82,design_000082,170,42.5,0.006058609811555285
82,design_000082,180,45.0,0.00626121417922855
83,design_000083,0,0.0,0.002146478398315551
83,design_000083,10,2.5,0.003253896839082226
83,design_000083,20,5.0,0.01786203601935187
83,design_000083,30,7.5,0.02888150777303984
83,design_000083,40,10.0,0.02361593340824112
83,design_000083,50,12.5,0.02174760071421011
83,design_000083,60,15.0,0.02022482782086633
83,design_000083,70,17.5,0.013943730221060689
83,design_000083,80,20.0,0.010625992867905514
83,design_000083,90,22.5,0.011666062011174093
83,design_000083,100,25.0,0.009537917039261615
83,design_000083,110,27.5,0.006681184766148595
83,design_000083,120,30.0,0.0042070182021681675
83,design_000083,130,32.5,0.0032408878180154753
83,design_000083,140,35.0,0.002639129947956612
83,design_000083,150,37.5,0.003345987183183971
83,design_000083,160,40.0,0.005442300983096959
83,design_000083,170,42.5,0.005692613208040403
83,design_000083,180,45.0,0.007888265570160782
84,design_000084,0,0.0,0.0018972230773345912
84,design_000084,10,2.5,0.004675227953746751
84,design_000084,20,5.0,0.016761887359201408
84,design_000084,30,7.5,0.04149099050980781
84,design_000084,40,10.0,0.052620966909847286
84,design_000084,50,12.5,0.03423551895347967
84,design_000084,60,15.0,0.02350792689323898
84,design_000084,70,17.5,0.015248542378035553
84,design_000084,80,20.0,0.007394608363780062
84,design_000084,90,22.5,0.003245481509319233
84,design_000084,100,25.0,0.002402831844589522
84,design_000084,110,27.5,0.004336532712535661
84,design_000084,120,30.0,0.0031885929761356463
84,design_000084,130,32.5,0.0032701961306300636
84,design_000084,140,35.0,0.004515816927574903
84,design_000084,150,37.5,0.005032509288664427
84,design_000084,160,40.0,0.005946057986834709
84,design_000084,170,42.5,0.005534496020735165
84,design_000084,180,45.0,0.006812808618404495
85,design_000085,0,0.0,0.0022309905031447017
85,design_000085,10,2.5,0.0041745097712967034
85,design_000085,20,5.0,0.003729397171839421
85,design_000085,30,7.5,0.005005093705711965
85,design_000085,40,10.0,0.011964007351793631
85,design_000085,50,12.5,0.02146541049428498
85,design_000085,60,15.0,0.021769435429243512
85,design_000085,70,17.5,0.01609063650752649
85,design_000085,80,20.0,0.01037570776580194
85,design_000085,90,22.5,0.008696626184481361
85,design_000085,100,25.0,0.004468213084742873
85,design_000085,110,27.5,0.0028969116780011087
85,design_000085,120,30.0,0.0024281863995163156
85,design_000085,130,32.5,0.0021095653139023137
85,design_000085,140,35.0,0.0043119638978740184
85,design_000085,150,37.5,0.004758566098508725
85,design_000085,160,40.0,0.005129986922493595
85,design_000085,170,42.5,0.0056017282861866744
85,design_000085,180,45.0,0.007303666297837547
86,design_000086,0,0.0,0.0021616509824840327
86,design_000086,10,2.5,0.05028668754730818
86,design_000086,20,5.0,0.03409396767499455
86,design_000086,30,7.5,0.03096917450433786
86,design_000086,40,10.0,0.028052887681226962
86,design_000086,50,12.5,0.02301522838881992
86,design_000086,60,15.0,0.01543260829087292
86,design_000086,70,17.5,0.010144702784134695
86,design_000086,80,20.0,0.003670723605355986
86,design_000086,90,22.5,0.003833363404577358
86,design_000086,100,25.0,0.003542799753988489
86,design_000086,110,27.5,0.002694605400012518
86,design_000086,120,30.0,0.0013594153878427834
86,design_000086,130,32.5,0.0011586272903014285
86,design_000086,140,35.0,0.0017133024254183287
86,design_000086,150,37.5,0.0022307456806954767
86,design_000086,160,40.0,0.004087876095874968
86,design_000086,170,42.5,0.0031231501274564897
86,design_000086,180,45.0,0.004351549256594749
87,design_000087,0,0.0,0.0018998020132990263
87,design_000087,10,2.5,0.0016775581193608532
87,design_000087,20,5.0,0.010052434132042883
87,design_000087,30,7.5,0.02216360682586912
87,design_000087,40,10.0,0.0299795010802842
87,design_000087,50,12.5,0.03487966216825872
87,design_000087,60,15.0,0.0360939990538169
87,design_000087,70,17.5,0.026744854199952157
87,design_000087,80,20.0,0.017120703316506766
87,design_000087,90,22.5,0.009330807141856502
87,design_000087,100,25.0,0.004621838051070238
87,design_000087,110,27.5,0.002571805413310876
87,design_000087,120,30.0,0.0018434408778116996
87,design_000087,130,32.5,0.002459773956940029
87,design_000087,140,35.0,0.004308277506969999
87,design_000087,150,37.5,0.004660853663694761
87,design_000087,160,40.0,0.006130663401030481
87,design_000087,170,42.5,0.006183065857536014
87,design_000087,180,45.0,0.007697035636628232
88,design_000088,0,0.0,0.0019177511893079793
88,design_000088,10,2.5,0.003914445057723406
88,design_000088,20,5.0,0.014387795996038719
88,design_000088,30,7.5,0.00962444620149417
88,design_000088,40,10.0,0.009093975181761714
88,design_000088,50,12.5,0.016671141056703406
88,design_000088,60,15.0,0.020557777304902058
88,design_000088,70,17.5,0.01687963416396948
88,design_000088,80,20.0,0.013116169439395387
88,design_000088,90,22.5,0.011492658183293425
88,design_000088,100,25.0,0.00882730188727902
88,design_000088,110,27.5,0.006322144033470492
88,design_000088,120,30.0,0.004492986436734514
88,design_000088,130,32.5,0.0030160738446644085
88,design_000088,140,35.0,0.0025609757491255897
88,design_000088,150,37.5,0.0027477926884491586
88,design_000088,160,40.0,0.0045693543201169445
88,design_000088,170,42.5,0.005436579303567989
88,design_000088,180,45.0,0.007839557003818462
89,design_000089,0,0.0,0.0017882417304330312
89,design_000089,10,2.5,0.041258706839981146
89,design_000089,20,5.0,0.03538346668653587
89,design_000089,30,7.5,0.0489808222866594
89,design_000089,40,10.0,0.03485037345826351
89,design_000089,50,12.5,0.031929408429852285
89,design_000089,60,15.0,0.028622482796852956
89,design_000089,70,17.5,0.013766318657351808
89,design_000089,80,20.0,0.009424674763023395
89,design_000089,90,22.5,0.013326495736368151
89,design_000089,100,25.0,0.012293537888308333
89,design_000089,110,27.5,0.00855825327308517
89,design_000089,120,30.0,0.0037289950018097578
89,design_000089,130,32.5,0.0015487558088244837
89,design_000089,140,35.0,0.0020328960007695556
89,design_000089,150,37.5,0.003154431526951145
89,design_000089,160,40.0,0.006428767663730021
89,design_000089,170,42.5,0.006911837425917838
89,design_000089,180,45.0,0.00890646669176531
90,design_000090,0,0.0,0.0020875638610370712
90,design_000090,10,2.5,0.003906581338689407
90,design_000090,20,5.0,0.009766097141264259
90,design_000090,30,7.5,0.030195217673767802
90,design_000090,40,10.0,0.037790372345508944
90,design_000090,50,12.5,0.03467880827117448
90,design_000090,60,15.0,0.030637469771156327
90,design_000090,70,17.5,0.01963944367889304
90,design_000090,80,20.0,0.012774586495771501
90,design_000090,90,22.5,0.011746477848886574
90,design_000090,100,25.0,0.008753947817164511
90,design_000090,110,27.5,0.004573467588293311
90,design_000090,120,30.0,0.002438469492244313
90,design_000090,130,32.5,0.002398461798859451
90,design_000090,140,35.0,0.004679614838024841
90,design_000090,150,37.5,0.004561254055242075
90,design_000090,160,40.0,0.006233490989395332
90,design_000090,170,42.5,0.008316729387120865
90,design_000090,180,45.0,0.01059832040758478
91,design_000091,0,0.0,0.0021250894891220676
91,design_000091,10,2.5,0.002687781212912142
91,design_000091,20,5.0,0.014525222543938256
91,design_000091,30,7.5,0.0477346888009274
91,design_000091,40,10.0,0.07216549857127345
91,design_000091,50,12.5,0.07109497018656022
91,design_000091,60,15.0,0.05583791093370348
91,design_000091,70,17.5,0.03796713306713202
91,design_000091,80,20.0,0.021350333294950348
91,design_000091,90,22.5,0.01724546416268275
91,design_000091,100,25.0,0.01234104450220028
91,design_000091,110,27.5,0.007049485961243152
91,design_000091,120,30.0,0.002966071396740477
91,design_000091,130,32.5,0.004229468779435763
91,design_000091,140,35.0,0.00650049286370757
91,design_000091,150,37.5,0.006959398921286369
91,design_000091,160,40.0,0.008930761897280603
91,design_000091,170,42.5,0.009808188781728022
91,design_000091,180,45.0,0.012742487311038154
92,design_000092,0,0.0,0.0018830642452679798
92,design_000092,10,2.5,0.03038675910003662
92,design_000092,20,5.0,0.06258501688285165
92,design_000092,30,7.5,0.029729999280590058
92,design_000092,40,10.0,0.022170744710388095
92,design_000092,50,12.5,0.025471611032599418
92,design_000092,60,15.0,0.018486961744485386
92,design_000092,70,17.5,0.01312456702763672
92,design_000092,80,20.0,0.016408754022530884
92,design_000092,90,22.5,0.01986101329552177
92,design_000092,100,25.0,0.01759539823555048
92,design_000092,110,27.5,0.014548247291491019
92,design_000092,120,30.0,0.007879818246171438
92,design_000092,130,32.5,0.007390947970225294
92,design_000092,140,35.0,0.009659971910406176
92,design_000092,150,37.5,0.011479758211659252
92,design_000092,160,40.0,0.010069493953657763
92,design_000092,170,42.5,0.008164983936405811
92,design_000092,180,45.0,0.009646716182553822
93,design_000093,0,0.0,0.001838373529462408
93,design_000093,10,2.5,0.06573007748039691
93,design_000093,20,5.0,0.017578225966557955
93,design_000093,30,7.5,0.008147901240412527
93,design_000093,40,10.0,0.015336419997784841
93,design_000093,50,12.5,0.022008852106863278
93,design_000093,60,15.0,0.026252624871156163
93,design_000093,70,17.5,0.02804672824375398
93,design_000093,80,20.0,0.03201164413324394
93,design_000093,90,22.5,0.037205015793791624
93,design_000093,100,25.0,0.034707657984578866
93,design_000093,110,27.5,0.026687864032674903
93,design_000093,120,30.0,0.015366938773915732
93,design_000093,130,32.5,0.013056553192348296
93,design_000093,140,35.0,0.013634738534291545
93,design_000093,150,37.5,0.012392311451780111
93,design_000093,160,40.0,0.011268691937025122
93,design_000093,170,42.5,0.009831070290358557
93,design_000093,180,45.0,0.01167907106962356
94,design_000094,0,0.0,0.002120122184701349
94,design_000094,10,2.5,0.030639939320580074
94,design_000094,20,5.0,0.09805535484302573
94,design_000094,30,7.5,0.0953493953830779
94,design_000094,40,10.0,0.09957294988091343
94,design_000094,50,12.5,0.07989335639020914
94,design_000094,60,15.0,0.05880566130851775
94,design_000094,70,17.5,0.0471938268382689
94,design_000094,80,20.0,0.03945425757483518
94,design_000094,90,22.5,0.0335058002708728
94,design_000094,100,25.0,0.026816700436792025
94,design_000094,110,27.5,0.018839749044641935
94,design_000094,120,30.0,0.009587908505852094
94,design_000094,130,32.5,0.011152493884286496
94,design_000094,140,35.0,0.012875506536607798
94,design_000094,150,37.5,0.010881559307992335
94,design_000094,160,40.0,0.010634142946857371
94,design_000094,170,42.5,0.009554709391286073
94,design_000094,180,45.0,0.012408426127231316
95,design_000095,0,0.0,0.0022197244838840936
95,design_000095,10,2.5,0.006235107165822139
95,design_000095,20,5.0,0.006475085925169792
95,design_000095,30,7.5,0.02030845630822571
95,design_000095,40,10.0,0.03762287525926628
95,design_000095,50,12.5,0.047986487301745415
95,design_000095,60,15.0,0.05285051161465566
95,design_000095,70,17.5,0.04115068651258991
95,design_000095,80,20.0,0.030653676220188435
95,design_000095,90,22.5,0.02442475238891609
95,design_000095,100,25.0,0.017515345283282545
95,design_000095,110,27.5,0.014848385269402253
95,design_000095,120,30.0,0.008317026350676736
95,design_000095,130,32.5,0.008673229832305153
95,design_000095,140,35.0,0.0076970176271724065
95,design_000095,150,37.5,0.004852555664766616
95,design_000095,160,40.0,0.006561198499646443
95,design_000095,170,42.5,0.005087336993250133
95,design_000095,180,45.0,0.006063488862956082
96,design_000096,0,0.0,0.0017476630410605204
96,design_000096,10,2.5,0.03550917072118777
96,design_000096,20,5.0,0.07137635111421772
96,design_000096,30,7.5,0.09116556449442927
96,design_000096,40,10.0,0.07813856243463292
96,design_000096,50,12.5,0.05855007418008
96,design_000096,60,15.0,0.04119901544005303
96,design_000096,70,17.5,0.01582882443680328
96,design_000096,80,20.0,0.007914816394375784
96,design_000096,90,22.5,0.009347842942362565
96,design_000096,100,25.0,0.008674642692693472
96,design_000096,110,27.5,0.009928081270351793
96,design_000096,120,30.0,0.007647535212491301
96,design_000096,130,32.5,0.008658000903405433
96,design_000096,140,35.0,0.010435935506783456
96,design_000096,150,37.5,0.01333498234783532
96,design_000096,160,40.0,0.012335409486119261
96,design_000096,170,42.5,0.010522991504113361
96,design_000096,180,45.0,0.009197480644960725
97,design_000097,0,0.0,0.002086292529825456
97,design_000097,10,2.5,0.0021562641276690947
97,design_000097,20,5.0,0.0051111757263931495
97,design_000097,30,7.5,0.011260892958715211
97,design_000097,40,10.0,0.025003955902878544
97,design_000097,50,12.5,0.037783269489460605
97,design_000097,60,15.0,0.05060897377407816
97,design_000097,70,17.5,0.05534346262853183
97,design_000097,80,20.0,0.04747507939802335
97,design_000097,90,22.5,0.04086729903843558
97,design_000097,100,25.0,0.02833818383821704
97,design_000097,110,27.5,0.019886403096706383
97,design_000097,120,30.0,0.009379950965244245
97,design_000097,130,32.5,0.008539740151551354
97,design_000097,140,35.0,0.009958080733591307
97,design_000097,150,37.5,0.008997627574663821
97,design_000097,160,40.0,0.007694158597604389
97,design_000097,170,42.5,0.008771569649565662
97,design_000097,180,45.0,0.01042534839797859
98,design_000098,0,0.0,0.0020533095494649654
98,design_000098,10,2.5,0.01094489501597692
98,design_000098,20,5.0,0.04193776886415242
98,design_000098,30,7.5,0.030682303392702434
98,design_000098,40,10.0,0.019614441781020682
98,design_000098,50,12.5,0.02210860693026953
98,design_000098,60,15.0,0.025452370342445373
98,design_000098,70,17.5,0.022680285596052084
98,design_000098,80,20.0,0.017727035047386194
98,design_000098,90,22.5,0.016898200787828457
98,design_000098,100,25.0,0.010672565603636488
98,design_000098,110,27.5,0.005979931333439147
98,design_000098,120,30.0,0.0035370412536517
98,design_000098,130,32.5,0.001564982985884152
98,design_000098,140,35.0,0.001980541511296215
98,design_000098,150,37.5,0.0027227032139102783
98,design_000098,160,40.0,0.00614720647608458
98,design_000098,170,42.5,0.005988649400974669
98,design_000098,180,45.0,0.00861296706789712
99,design_000099,0,0.0,0.0020089782219591735
99,design_000099,10,2.5,0.09613212079306548
99,design_000099,20,5.0,0.00611537752665852
99,design_000099,30,7.5,0.006337088987692315
99,design_000099,40,10.0,0.009669833468400672
99,design_000099,50,12.5,0.019061238661928475
99,design_000099,60,15.0,0.025662663250016933
99,design_000099,70,17.5,0.02744116201708489
99,design_000099,80,20.0,0.02095474818222791
99,design_000099,90,22.5,0.019256018880709977
99,design_000099,100,25.0,0.01143857509133204
99,design_000099,110,27.5,0.005189928346965917
99,design_000099,120,30.0,0.002151657474103579
99,design_000099,130,32.5,0.0021568323607913417
99,design_000099,140,35.0,0.0028359068018655176
99,design_000099,150,37.5,0.0027694884012239808
99,design_000099,160,40.0,0.003281046143394154
99,design_000099,170,42.5,0.003537811071553036
99,design_000099,180,45.0,0.004997641510584945
100,design_000100,0,0.0,0.0020296028198825014
100,design_000100,10,2.5,0.0024448643858998717
100,design_000100,20,5.0,0.016542698460272467
100,design_000100,30,7.5,0.043003179342484585
100,design_000100,40,10.0,0.06506555700341062
100,design_000100,50,12.5,0.06111012689064877
100,design_000100,60,15.0,0.050365746941785944
100,design_000100,70,17.5,0.033760139732282486
100,design_000100,80,20.0,0.02805848109884714
100,design_000100,90,22.5,0.027448313120099203
100,design_000100,100,25.0,0.023244142681044563
100,design_000100,110,27.5,0.017592990695667467
100,design_000100,120,30.0,0.01020752022932943
100,design_000100,130,32.5,0.010524495528300565
100,design_000100,140,35.0,0.011829922505898352
100,design_000100,150,37.5,0.010322052764743649
100,design_000100,160,40.0,0.012814636609806154
100,design_000100,170,42.5,0.01215754974645831
100,design_000100,180,45.0,0.01233611640767965
101,design_000101,0,0.0,0.0021103420934089276
101,design_000101,10,2.5,0.07771906406135898
101,design_000101,20,5.0,0.16371818406432717
101,design_000101,30,7.5,0.10698526490284238
101,design_000101,40,10.0,0.05589716109373365
101,design_000101,50,12.5,0.02338624208786612
101,design_000101,60,15.0,0.01269479299657289
101,design_000101,70,17.5,0.006584251073960317
101,design_000101,80,20.0,0.0024613141376127025
101,design_000101,90,22.5,0.001325764034949657
101,design_000101,100,25.0,0.0015682462451940666
101,design_000101,110,27.5,0.0036528647960966647
101,design_000101,120,30.0,0.0036237945969932184
101,design_000101,130,32.5,0.0035412298058800935
101,design_000101,140,35.0,0.0058499601232953604
101,design_000101,150,37.5,0.006822915870932228
101,design_000101,160,40.0,0.009753040777897038
101,design_000101,170,42.5,0.00916659309221843
101,design_000101,180,45.0,0.011963436343787815
102,design_000102,0,0.0,0.002067378581249688
102,design_000102,10,2.5,0.022499162801469068
102,design_000102,20,5.0,0.08848256005648879
102,design_000102,30,7.5,0.0349554401456256
102,design_000102,40,10.0,0.021255827072415565
102,design_000102,50,12.5,0.025205551228251237
102,design_000102,60,15.0,0.02822763876806826
102,design_000102,70,17.5,0.019488373296057196
102,design_000102,80,20.0,0.011810732356017425
102,design_000102,90,22.5,0.008921768942253633
102,design_000102,100,25.0,0.0042517205487685086
102,design_000102,110,27.5,0.003513659290337111
102,design_000102,120,30.0,0.0028607206063404065
102,design_000102,130,32.5,0.0013780196674178348
102,design_000102,140,35.0,0.002687520511411774
102,design_000102,150,37.5,0.0034211984145479267
102,design_000102,160,40.0,0.0059209392014637425
102,design_000102,170,42.5,0.007733864671863015
102,design_000102,180,45.0,0.01083631070275957
103,design_000103,0,0.0,0.002131857886314088
103,design_000103,10,2.5,0.002832972790094139
103,design_000103,20,5.0,0.01004834498849661
103,design_000103,30,7.5,0.02898492039795276
103,design_000103,40,10.0,0.05471283988004349
103,design_000103,50,12.5,0.0639181331067617
103,design_000103,60,15.0,0.0533254333763281
103,design_000103,70,17.5,0.026397422464671735
103,design_000103,80,20.0,0.01221816548648574
103,design_000103,90,22.5,0.0069137414790739525
103,design_000103,100,25.0,0.003822733786821031
103,design_000103,110,27.5,0.0022427506003199595
103,design_000103,120,30.0,0.0017510066487259057
103,design_000103,130,32.5,0.000825318510304586
103,design_000103,140,35.0,0.0018912627683265928
103,design_000103,150,37.5,0.0029493051502102532
103,design_000103,160,40.0,0.006492626258796794
103,design_000103,170,42.5,0.006749682198030415
103,design_000103,180,45.0,0.008676814401279237
104,design_000104,0,0.0,0.001965821781332492
104,design_000104,10,2.5,0.006114303296292076
104,design_000104,20,5.0,0.014658410618143882
104,design_000104,30,7.5,0.026909000723675306
104,design_000104,40,10.0,0.050136290343313517
104,design_000104,50,12.5,0.06314003035861276
104,design_000104,60,15.0,0.07298462196537434
104,design_000104,70,17.5,0.061927709032850456
104,design_000104,80,20.0,0.043888436746318545
104,design_000104,90,22.5,0.02615545090214086
104,design_000104,100,25.0,0.015201134225395716
104,design_000104,110,27.5,0.011122330601392307
104,design_000104,120,30.0,0.005619157196434245
104,design_000104,130,32.5,0.006093607138466615
104,design_000104,140,35.0,0.008113256585367162
104,design_000104,150,37.5,0.00725360390995149
104,design_000104,160,40.0,0.008288102000370135
104,design_000104,170,42.5,0.008526535961592589
104,design_000104,180,45.0,0.010610419796301535
105,design_000105,0,0.0,0.0021503081942230466
105,design_000105,10,2.5,0.010796825677305843
105,design_000105,20,5.0,0.024600404353350987
105,design_000105,30,7.5,0.025585859244352097
105,design_000105,40,10.0,0.014628567260578179
105,design_000105,50,12.5,0.011729035724200369
105,design_000105,60,15.0,0.014425172410672645
105,design_000105,70,17.5,0.011004049391668073
105,design_000105,80,20.0,0.00713165831324656
105,design_000105,90,22.5,0.007428404686695526
105,design_000105,100,25.0,0.0062742160730848325
105,design_000105,110,27.5,0.005460479449786824
105,design_000105,120,30.0,0.004332537541439094
105,design_000105,130,32.5,0.0019942038649665723
105,design_000105,140,35.0,0.0027757653920867254
105,design_000105,150,37.5,0.0030935889622099233
105,design_000105,160,40.0,0.005970880719065309
105,design_000105,170,42.5,0.006023537498915692
105,design_000105,180,45.0,0.007832862581610252
106,design_000106,0,0.0,0.0022553175580107337
106,design_000106,10,2.5,0.002589410959639315
106,design_000106,20,5.0,0.009245964902535469
106,design_000106,30,7.5,0.03408121618538416
106,design_000106,40,10.0,0.05346135273013172
106,design_000106,50,12.5,0.05380195277369866
106,design_000106,60,15.0,0.03918540635378312
106,design_000106,70,17.5,0.027265514105615358
106,design_000106,80,20.0,0.016975683978072482
106,design_000106,90,22.5,0.009942057489485933
106,design_000106,100,25.0,0.004640295515464488
106,design_000106,110,27.5,0.0038299629067427964
106,design_000106,120,30.0,0.0025561468255667036
106,design_000106,130,32.5,0.0031417053970514744
106,design_000106,140,35.0,0.00441535773305998
106,design_000106,150,37.5,0.004783971193812079
106,design_000106,160,40.0,0.005433813876648751
106,design_000106,170,42.5,0.005665436747523723
106,design_000106,180,45.0,0.007071404781409819
107,design_000107,0,0.0,0.001998853216970192
107,design_000107,10,2.5,0.0042295827139909505
107,design_000107,20,5.0,0.015426151402494506
107,design_000107,30,7.5,0.023452406182231114
107,design_000107,40,10.0,0.04277664485609096
107,design_000107,50,12.5,0.054110410865492446
107,design_000107,60,15.0,0.05921465606120799
107,design_000107,70,17.5,0.04692048729694657
107,design_000107,80,20.0,0.03290268529048662
107,design_000107,90,22.5,0.023403995686483416
107,design_000107,100,25.0,0.013611000371369593
107,design_000107,110,27.5,0.006214635417413274
107,design_000107,120,30.0,0.0020972201475596254
107,design_000107,130,32.5,0.002813265149421384
107,design_000107,140,35.0,0.005381316044596376
107,design_000107,150,37.5,0.005614212026896078
107,design_000107,160,40.0,0.005992323040608446
107,design_000107,170,42.5,0.005958850059547525
107,design_000107,180,45.0,0.00878251621941709
108,design_000108,0,0.0,0.002087773989715518
108,design_000108,10,2.5,0.00729365868601858
108,design_000108,20,5.0,0.010387241002452233
108,design_000108,30,7.5,0.020208394161375126
108,design_000108,40,10.0,0.03763340471422005
108,design_000108,50,12.5,0.038899549271413925
108,design_000108,60,15.0,0.033513742898719036
108,design_000108,70,17.5,0.028333891407771757
108,design_000108,80,20.0,0.02036885851463267
108,design_000108,90,22.5,0.016866468953447136
108,design_000108,100,25.0,0.010320985588990934
108,design_000108,110,27.5,0.0053685581446053605
108,design_000108,120,30.0,0.002653661315518833
108,design_000108,130,32.5,0.0033472531895217972
108,design_000108,140,35.0,0.0062732877901142845
108,design_000108,150,37.5,0.0060399185323050785
108,design_000108,160,40.0,0.005696632176137768
108,design_000108,170,42.5,0.005994677189409158
108,design_000108,180,45.0,0.009212098831278177
109,design_000109,0,0.0,0.0019951170154909013
109,design_000109,10,2.5,0.040831247271066184
109,design_000109,20,5.0,0.08597583879540074
109,design_000109,30,7.5,0.12640111159264614
109,design_000109,40,10.0,0.15529762670712527
109,design_000109,50,12.5,0.14404519176866182
109,design_000109,60,15.0,0.12027309547545362
109,design_000109,70,17.5,0.08701691455862687
109,design_000109,80,20.0,0.05279550412374204
109,design_000109,90,22.5,0.02906477806930425
109,design_000109,100,25.0,0.01669599363513078
109,design_000109,110,27.5,0.012945796249045901
109,design_000109,120,30.0,0.007690246199279006
109,design_000109,130,32.5,0.00906782340837703
109,design_000109,140,35.0,0.012596193694821695
109,design_000109,150,37.5,0.013687081515148629
109,design_000109,160,40.0,0.015365036726323663
109,design_000109,170,42.5,0.014754985919298998
109,design_000109,180,45.0,0.017264653706031353
110,design_000110,0,0.0,0.002232451897398213
110,design_000110,10,2.5,0.02363979897013748
110,design_000110,20,5.0,0.09344639120357279
110,design_000110,30,7.5,0.058007353398012815
110,design_000110,40,10.0,0.028097493620606477
110,design_000110,50,12.5,0.026703403073314893
110,design_000110,60,15.0,0.02056254998775555
110,design_000110,70,17.5,0.009837316001141785
110,design_000110,80,20.0,0.007726316762298785
110,design_000110,90,22.5,0.009579317463995074
110,design_000110,100,25.0,0.00939582438417829
110,design_000110,110,27.5,0.00839676533453528
110,design_000110,120,30.0,0.0050860782070123196
110,design_000110,130,32.5,0.0036790623947371
110,design_000110,140,35.0,0.0036732418493032474
110,design_000110,150,37.5,0.004225724635093401
110,design_000110,160,40.0,0.005542214003709852
110,design_000110,170,42.5,0.004185991366258382
110,design_000110,180,45.0,0.0051445019746620396
111,design_000111,0,0.0,0.0022002841106208114
111,design_000111,10,2.5,0.0013641558407842583
111,design_000111,20,5.0,0.005149954362742597
111,design_000111,30,7.5,0.014807797946120034
111,design_000111,40,10.0,0.02390212766689267
111,design_000111,50,12.5,0.031537938135355326
111,design_000111,60,15.0,0.036440085983137055
111,design_000111,70,17.5,0.03179120600997781
111,design_000111,80,20.0,0.024113155933579874
111,design_000111,90,22.5,0.019183063185618337
111,design_000111,100,25.0,0.01536723436003488
111,design_000111,110,27.5,0.011077353163753646
111,design_000111,120,30.0,0.006915805802429828
111,design_000111,130,32.5,0.006547624512817948
111,design_000111,140,35.0,0.0071541300699228955
111,design_000111,150,37.5,0.007318528708058661
111,design_000111,160,40.0,0.008112794426086659
111,design_000111,170,42.5,0.00879715511512282
111,design_000111,180,45.0,0.01099801753696266
112,design_000112,0,0.0,0.0021847712724911354
112,design_000112,10,2.5,0.0035816106932069726
112,design_000112,20,5.0,0.047511525895833004
112,design_000112,30,7.5,0.1029096072419138
112,design_000112,40,10.0,0.12267190185645704
112,design_000112,50,12.5,0.09302363972307176
112,design_000112,60,15.0,0.05966581786503298
112,design_000112,70,17.5,0.03544282845712554
112,design_000112,80,20.0,0.016841005754896894
112,design_000112,90,22.5,0.01102541151012094
112,design_000112,100,25.0,0.009394638671768017
112,design_000112,110,27.5,0.009527428302928829
112,design_000112,120,30.0,0.0071381998240781135
112,design_000112,130,32.5,0.00935676428857729
112,design_000112,140,35.0,0.011111993776815415
112,design_000112,150,37.5,0.011519804171896828
112,design_000112,160,40.0,0.013243337924648733
112,design_000112,170,42.5,0.011256143677876418
112,design_000112,180,45.0,0.010906017515082045
113,design_000113,0,0.0,0.0020966959022966965
113,design_000113,10,2.5,0.003350703120119354
113,design_000113,20,5.0,0.0204388505196424
113,design_000113,30,7.5,0.0390164441720222
113,design_000113,40,10.0,0.025501780665132222
113,design_000113,50,12.5,0.024081477645242592
113,design_000113,60,15.0,0.02031834877428685
113,design_000113,70,17.5,0.007817142449709293
113,design_000113,80,20.0,0.006274894141906108
113,design_000113,90,22.5,0.008948081271959306
113,design_000113,100,25.0,0.008815432904193943
113,design_000113,110,27.5,0.007835821075302053
113,design_000113,120,30.0,0.005154839297791243
113,design_000113,130,32.5,0.003890134393682714
113,design_000113,140,35.0,0.0030147003752453885
113,design_000113,150,37.5,0.0036200728541387435
113,design_000113,160,40.0,0.0056836557298721065
113,design_000113,170,42.5,0.004606335361669295
113,design_000113,180,45.0,0.005068016423026374
114,design_000114,0,0.0,0.002069710486126782
114,design_000114,10,2.5,0.0036091900223195715
114,design_000114,20,5.0,0.003316697606655228
114,design_000114,30,7.5,0.012695581449177854
114,design_000114,40,10.0,0.02757816989963514
114,design_000114,50,12.5,0.024582504571334603
114,design_000114,60,15.0,0.026441277949765307
114,design_000114,70,17.5,0.02239387117431264
114,design_000114,80,20.0,0.02158904731167906
114,design_000114,90,22.5,0.025330520067964366
114,design_000114,100,25.0,0.022284655773435025
114,design_000114,110,27.5,0.01943741795788064
114,design_000114,120,30.0,0.0118754982149081
114,design_000114,130,32.5,0.01345950120246234
114,design_000114,140,35.0,0.014223068988117149
114,design_000114,150,37.5,0.01161509953046842
114,design_000114,160,40.0,0.012265655608038096
114,design_000114,170,42.5,0.01006647168097847
114,design_000114,180,45.0,0.009329798387022074
115,design_000115,0,0.0,0.0020829132026289453
115,design_000115,10,2.5,0.047459794790656026
115,design_000115,20,5.0,0.0951108358303388
115,design_000115,30,7.5,0.010258898225422221
115,design_000115,40,10.0,0.011298602096005543
115,design_000115,50,12.5,0.014333465557444228
115,design_000115,60,15.0,0.018833405967459936
115,design_000115,70,17.5,0.020620977403510935
115,design_000115,80,20.0,0.019155961507386673
115,design_000115,90,22.5,0.019575417216548173
115,design_000115,100,25.0,0.013754677522876985
115,design_000115,110,27.5,0.007910857578100403
115,design_000115,120,30.0,0.003989341263361769
115,design_000115,130,32.5,0.004239313397269916
115,design_000115,140,35.0,0.0053764728391220385
115,design_000115,150,37.5,0.0056921252514151015
115,design_000115,160,40.0,0.006430601097989055
115,design_000115,170,42.5,0.006363787275923407
115,design_000115,180,45.0,0.008747509037823602
116,design_000116,0,0.0,0.002246656267441995
116,design_000116,10,2.5,0.02934973465112771
116,design_000116,20,5.0,0.026663458306373036
116,design_000116,30,7.5,0.008468522655148322
116,design_000116,40,10.0,0.013467070004912686
116,design_000116,50,12.5,0.017576157390729312
116,design_000116,60,15.0,0.020284092288199208
116,design_000116,70,17.5,0.016896391336864706
116,design_000116,80,20.0,0.014968331596849125
116,design_000116,90,22.5,0.017194003323297017
116,design_000116,100,25.0,0.01425734927299405
116,design_000116,110,27.5,0.010192389618397297
116,design_000116,120,30.0,0.006037631233632331
116,design_000116,130,32.5,0.005629680280689751
116,design_000116,140,35.0,0.005454935319586191
116,design_000116,150,37.5,0.0055150778159022106
116,design_000116,160,40.0,0.008360788799966365
116,design_000116,170,42.5,0.009676574141364084
116,design_000116,180,45.0,0.01003335570227339
117,design_000117,0,0.0,0.00208829307892118
117,design_000117,10,2.5,0.002673724935625747
117,design_000117,20,5.0,0.0069376979306682365
117,design_000117,30,7.5,0.025087322822428933
117,design_000117,40,10.0,0.04916316288495892
117,design_000117,50,12.5,0.0626038176442927
117,design_000117,60,15.0,0.07310817657850724
117,design_000117,70,17.5,0.06657160905214268
117,design_000117,80,20.0,0.055596994813458867
117,design_000117,90,22.5,0.046343471724045786
117,design_000117,100,25.0,0.034322070370760155
117,design_000117,110,27.5,0.027148950604735947
117,design_000117,120,30.0,0.017408978113755
117,design_000117,130,32.5,0.021578817209623263
117,design_000117,140,35.0,0.0251209554796447
117,design_000117,150,37.5,0.02197770418601827
117,design_000117,160,40.0,0.0196090177073469
117,design_000117,170,42.5,0.018389577478810183
117,design_000117,180,45.0,0.01908161808424818
118,design_000118,0,0.0,0.002151037169786301
118,design_000118,10,2.5,0.0052749052405958105
118,design_000118,20,5.0,0.024090666125161142
118,design_000118,30,7.5,0.05961171804037727
118,design_000118,40,10.0,0.08147810800928862
118,design_000118,50,12.5,0.08446256882385356
118,design_000118,60,15.0,0.08645826154405645
118,design_000118,70,17.5,0.07150241077194922
118,design_000118,80,20.0,0.05943246963377356
118,design_000118,90,22.5,0.04487479798730731
118,design_000118,100,25.0,0.03173528451346593
118,design_000118,110,27.5,0.026043693013809863
118,design_000118,120,30.0,0.01571092536407727
118,design_000118,130,32.5,0.016102659971560095
118,design_000118,140,35.0,0.016196912978353274
118,design_000118,150,37.5,0.014437397828775827
118,design_000118,160,40.0,0.013015828354486614
118,design_000118,170,42.5,0.010944705944752699
118,design_000118,180,45.0,0.011071611765848546
119,design_000119,0,0.0,0.0022669023646879785
119,design_000119,10,2.5,0.002770431036895722
119,design_000119,20,5.0,0.00873806386880532
119,design_000119,30,7.5,0.0367859491602436
119,design_000119,40,10.0,0.07020010469386725
119,design_000119,50,12.5,0.07254435898404933
119,design_000119,60,15.0,0.06294801018490027
119,design_000119,70,17.5,0.036129536486485064
119,design_000119,80,20.0,0.02019328060918071
119,design_000119,90,22.5,0.010556325557259237
119,design_000119,100,25.0,0.0064350753836673255
119,design_000119,110,27.5,0.005622185346323626
119,design_000119,120,30.0,0.0038042054662744944
119,design_000119,130,32.5,0.005604982083826649
119,design_000119,140,35.0,0.0059517627346121725
119,design_000119,150,37.5,0.0050795322414418686
119,design_000119,160,40.0,0.007703083786668626
119,design_000119,170,42.5,0.0069855134555743895
119,design_000119,180,45.0,0.008487224767051101
120,design_000120,0,0.0,0.0021407723522136385
120,design_000120,10,2.5,0.0680804345454743
120,design_000120,20,5.0,0.08419698948401723
120,design_000120,30,7.5,0.03189203833179578
120,design_000120,40,10.0,0.04298340237927788
120,design_000120,50,12.5,0.041075455703267004
120,design_000120,60,15.0,0.0284379782141811
120,design_000120,70,17.5,0.023126639056385623
120,design_000120,80,20.0,0.017605174961777735
120,design_000120,90,22.5,0.011132810393576973
120,design_000120,100,25.0,0.008045716235558964
120,design_000120,110,27.5,0.007279770542005237
120,design_000120,120,30.0,0.004543978568588255
120,design_000120,130,32.5,0.004793016676633113
120,design_000120,140,35.0,0.006255101484596803
120,design_000120,150,37.5,0.00670557473498571
120,design_000120,160,40.0,0.00575685143690452
120,design_000120,170,42.5,0.0043476168028356715
120,design_000120,180,45.0,0.006461203935696887
121,design_000121,0,0.0,0.002249347454492019
121,design_000121,10,2.5,0.01667851562848313
121,design_000121,20,5.0,0.00789355388668956
121,design_000121,30,7.5,0.011260785703080409
121,design_000121,40,10.0,0.012876276280684208
121,design_000121,50,12.5,0.016314267653966402
121,design_000121,60,15.0,0.013428382719947392
121,design_000121,70,17.5,0.010115658930066196
121,design_000121,80,20.0,0.006539445362035023
121,design_000121,90,22.5,0.006461960178739542
121,design_000121,100,25.0,0.00474045079033707
121,design_000121,110,27.5,0.0037299862202726346
121,design_000121,120,30.0,0.0020790095503949836
121,design_000121,130,32.5,0.0025167803845416656
121,design_000121,140,35.0,0.00430206150965184
121,design_000121,150,37.5,0.0049882897052662
121,design_000121,160,40.0,0.005031529186840732
121,design_000121,170,42.5,0.006684002033418332
121,design_000121,180,45.0,0.008143651056849808
122,design_000122,0,0.0,0.002198025117732796
122,design_000122,10,2.5,0.021959419675059287
122,design_000122,20,5.0,0.024761885733312793
122,design_000122,30,7.5,0.01507457826058237
122,design_000122,40,10.0,0.00934207700902784
122,design_000122,50,12.5,0.017991285312388444
122,design_000122,60,15.0,0.020885715471103516
122,design_000122,70,17.5,0.022195751025533245
122,design_000122,80,20.0,0.020821113172190396
122,design_000122,90,22.5,0.02381897514459168
122,design_000122,100,25.0,0.017351734484004358
122,design_000122,110,27.5,0.008210195446241028
122,design_000122,120,30.0,0.002849935407484471
122,design_000122,130,32.5,0.001709403630944455
122,design_000122,140,35.0,0.001326820759563295
122,design_000122,150,37.5,0.0017721128315738865
122,design_000122,160,40.0,0.002753946999660855
122,design_000122,170,42.5,0.002422414768710601
122,design_000122,180,45.0,0.003855584554413506
123,design_000123,0,0.0,0.0016078665056678545
123,design_000123,10,2.5,0.028368402916576684
123,design_000123,20,5.0,0.02846392568068729
123,design_000123,30,7.5,0.027623921994153172
123,design_000123,40,10.0,0.035767639623246236
123,design_000123,50,12.5,0.02216305808267239
123,design_000123,60,15.0,0.013959028302450294
123,design_000123,70,17.5,0.007774209119749124
123,design_000123,80,20.0,0.0074175271529245195
123,design_000123,90,22.5,0.008224960457633594
123,design_000123,100,25.0,0.007514303231567906
123,design_000123,110,27.5,0.00795673257863613
123,design_000123,120,30.0,0.005517161939492971
123,design_000123,130,32.5,0.005548069350794741
123,design_000123,140,35.0,0.004732867346247465
123,design_000123,150,37.5,0.004788772198715839
123,design_000123,160,40.0,0.008363785604549635
123,design_000123,170,42.5,0.006605803782271587
123,design_000123,180,45.0,0.0062642242421823095
124,design_000124,0,0.0,0.0013670638080219817
124,design_000124,10,2.5,0.03328094232505982
124,design_000124,20,5.0,0.16570309988683446
124,design_000124,30,7.5,0.24249518092654068
124,design_000124,40,10.0,0.20820329871213505
124,design_000124,50,12.5,0.11346330239697044
124,design_000124,60,15.0,0.060499346122907006
124,design_000124,70,17.5,0.031508258009508607
124,design_000124,80,20.0,0.017573334616926346
124,design_000124,90,22.5,0.010958278437689418
124,design_000124,100,25.0,0.008268879862324736
124,design_000124,110,27.5,0.009573855061576174
124,design_000124,120,30.0,0.007654767469256755
124,design_000124,130,32.5,0.009484000263577916
124,design_000124,140,35.0,0.01133595402644293
124,design_000124,150,37.5,0.013191589412860439
124,design_000124,160,40.0,0.01534545790116306
124,design_000124,170,42.5,0.014379150673807354
124,design_000124,180,45.0,0.015379297472600778
125,design_000125,0,0.0,0.002098874175683103
125,design_000125,10,2.5,0.0010191207439388347
125,design_000125,20,5.0,0.005317486613673074
125,design_000125,30,7.5,0.025581347331528146
125,design_000125,40,10.0,0.03291335173734058
125,design_000125,50,12.5,0.041384839506850096
125,design_000125,60,15.0,0.043352160216607136
125,design_000125,70,17.5,0.038562122010010906
125,design_000125,80,20.0,0.024793581165708574
125,design_000125,90,22.5,0.019186572094295008
125,design_000125,100,25.0,0.013092321435248735
125,design_000125,110,27.5,0.008177857955834663
125,design_000125,120,30.0,0.003708665556033643
125,design_000125,130,32.5,0.004564317152380055
125,design_000125,140,35.0,0.00578393383871831
125,design_000125,150,37.5,0.005751133319651912
125,design_000125,160,40.0,0.007465335317096953
125,design_000125,170,42.5,0.00816887101388502
125,design_000125,180,45.0,0.009944061843935995
126,design_000126,0,0.0,0.00214890627246736
126,design_000126,10,2.5,0.010971947515771279
126,design_000126,20,5.0,0.0037434105020978242
126,design_000126,30,7.5,0.017877142566053217
126,design_000126,40,10.0,0.023569647214172845
126,design_000126,50,12.5,0.029218847204262554
126,design_000126,60,15.0,0.031151641446078057
126,design_000126,70,17.5,0.02864347497271643
126,design_000126,80,20.0,0.01766957998361847
126,design_000126,90,22.5,0.014293528083708623
126,design_000126,100,25.0,0.00847336243391582
126,design_000126,110,27.5,0.004092044584502781
126,design_000126,120,30.0,0.002298052171048417
126,design_000126,130,32.5,0.0015407389141709313
126,design_000126,140,35.0,0.001979761990888704
126,design_000126,150,37.5,0.0018281322042742636
126,design_000126,160,40.0,0.0025640393548891477
126,design_000126,170,42.5,0.002885159651652058
126,design_000126,180,45.0,0.004690542270262124
127,design_000127,0,0.0,0.0020690287822243136
127,design_000127,10,2.5,0.058023257075249524
127,design_000127,20,5.0,0.022318044021242066
127,design_000127,30,7.5,0.004780142148730487
127,design_000127,40,10.0,0.010845741555828972
127,design_000127,50,12.5,0.022456644006206023
127,design_000127,60,15.0,0.02897201526169219
127,design_000127,70,17.5,0.030408322823342306
127,design_000127,80,20.0,0.02930501839052109
127,design_000127,90,22.5,0.03062112537934446
127,design_000127,100,25.0,0.023276174384679403
127,design_000127,110,27.5,0.013608296278609697
127,design_000127,120,30.0,0.005548180510274746
127,design_000127,130,32.5,0.003745502355962777
127,design_000127,140,35.0,0.004556466332868145
127,design_000127,150,37.5,0.004858010293110554
127,design_000127,160,40.0,0.007430032693061516
127,design_000127,170,42.5,0.007060678288361666
127,design_000127,180,45.0,0.00862087733765569
128,design_000128,0,0.0,0.0018096238156779564
128,design_000128,10,2.5,0.001729328613390477
128,design_000128,20,5.0,0.01036824035201724
128,design_000128,30,7.5,0.0450287318604992
128,design_000128,40,10.0,0.05806381068970192
128,design_000128,50,12.5,0.04370179612053196
128,design_000128,60,15.0,0.03282347687661023
128,design_000128,70,17.5,0.023145822783188528
128,design_000128,80,20.0,0.017398877617205627
128,design_000128,90,22.5,0.01380319311758949
128,design_000128,100,25.0,0.010176706930472663
128,design_000128,110,27.5,0.008058208751941813
128,design_000128,120,30.0,0.005483101543538637
128,design_000128,130,32.5,0.008763912514141405
128,design_000128,140,35.0,0.008700777957237591
128,design_000128,150,37.5,0.008661628528673991
128,design_000128,160,40.0,0.009129025873247057
128,design_000128,170,42.5,0.009461514786487655
128,design_000128,180,45.0,0.01210907806699454
129,design_000129,0,0.0,0.002325473745330795
129,design_000129,10,2.5,0.0034540932497993566
129,design_000129,20,5.0,0.025981018396922576
129,design_000129,30,7.5,0.058403923049446894
129,design_000129,40,10.0,0.07309461631492373
129,design_000129,50,12.5,0.05379270237489049
129,design_000129,60,15.0,0.03830026960597377
129,design_000129,70,17.5,0.018408756185675723
129,design_000129,80,20.0,0.006156537602293991
129,design_000129,90,22.5,0.005440102417372555
129,design_000129,100,25.0,0.005572389651934311
129,design_000129,110,27.5,0.006479127580831917
129,design_000129,120,30.0,0.004001958824397314
129,design_000129,130,32.5,0.004659660393176035
129,design_000129,140,35.0,0.005543596423337004
129,design_000129,150,37.5,0.005977022313739439
129,design_000129,160,40.0,0.009373624695727226
129,design_000129,170,42.5,0.008029607360389608
129,design_000129,180,45.0,0.008672070808456365
130,design_000130,0,0.0,0.002197954068563748
130,design_000130,10,2.5,0.05160402680338544
130,design_000130,20,5.0,0.08000988112990176
130,design_000130,30,7.5,0.019313882162566055
130,design_000130,40,10.0,0.027279718316838772
130,design_000130,50,12.5,0.030131731391900257
130,design_000130,60,15.0,0.03532264475414981
130,design_000130,70,17.5,0.03597264026066622
130,design_000130,80,20.0,0.031426519809712845
130,design_000130,90,22.5,0.026948100250676066
130,design_000130,100,25.0,0.0189836973194011
130,design_000130,110,27.5,0.013728698487910121
130,design_000130,120,30.0,0.009010051666513105
130,design_000130,130,32.5,0.009328829945582177
130,design_000130,140,35.0,0.009094423570980503
130,design_000130,150,37.5,0.008964653800051047
130,design_000130,160,40.0,0.008409411065711872
130,design_000130,170,42.5,0.008307830636925508
130,design_000130,180,45.0,0.009288921979849186
131,design_000131,0,0.0,0.0020890963869754464
131,design_000131,10,2.5,0.00872122450127898
131,design_000131,20,5.0,0.006538440870386301
131,design_000131,30,7.5,0.019739930536552
131,design_000131,40,10.0,0.03304679583839397
131,design_000131,50,12.5,0.030049470658401814
131,design_000131,60,15.0,0.03309171066463293
131,design_000131,70,17.5,0.0342825339589373
131,design_000131,80,20.0,0.024517427551662658
131,design_000131,90,22.5,0.01889894457899218
131,design_000131,100,25.0,0.012744130074488602
131,design_000131,110,27.5,0.009358972238450492
131,design_000131,120,30.0,0.004322377721748322
131,design_000131,130,32.5,0.004926172635769533
131,design_000131,140,35.0,0.005622346317328421
131,design_000131,150,37.5,0.004323381720582662
131,design_000131,160,40.0,0.005307611162132612
131,design_000131,170,42.5,0.004979160002594577
131,design_000131,180,45.0,0.006373229881700348
132,design_000132,0,0.0,0.0022997752431725546
132,design_000132,10,2.5,0.004245372050015158
132,design_000132,20,5.0,0.01271527220692978
132,design_000132,30,7.5,0.017396577128808238
132,design_000132,40,10.0,0.02227212990192725
132,design_000132,50,12.5,0.021369382098938804
132,design_000132,60,15.0,0.01635173270131855
132,design_000132,70,17.5,0.007734073929848291
132,design_000132,80,20.0,0.007597846629597029
132,design_000132,90,22.5,0.011371364084789354
132,design_000132,100,25.0,0.012075099595386794
132,design_000132,110,27.5,0.013816803418789991
132,design_000132,120,30.0,0.008406378003687431
132,design_000132,130,32.5,0.007961620383727688
132,design_000132,140,35.0,0.009206302980314798
132,design_000132,150,37.5,0.009299572661716535
132,design_000132,160,40.0,0.0081351891661244
132,design_000132,170,42.5,0.007411842420430992
132,design_000132,180,45.0,0.007381523036189887
133,design_000133,0,0.0,0.0015209744104717122
133,design_000133,10,2.5,0.03597630791431139
133,design_000133,20,5.0,0.06993669567846991
133,design_000133,30,7.5,0.059657211105024956
133,design_000133,40,10.0,0.04414320086805928
133,design_000133,50,12.5,0.04258782446259775
133,design_000133,60,15.0,0.0252830093348066
133,design_000133,70,17.5,0.01189869316946478
133,design_000133,80,20.0,0.008610668234495805
133,design_000133,90,22.5,0.009155742313999614
133,design_000133,100,25.0,0.008244912900740788
133,design_000133,110,27.5,0.00583309764078019
133,design_000133,120,30.0,0.002473755542909582
133,design_000133,130,32.5,0.0038543712397655326
133,design_000133,140,35.0,0.005899149670375314
133,design_000133,150,37.5,0.006366755663614726
133,design_000133,160,40.0,0.006487325994453133
133,design_000133,170,42.5,0.006360136145217974
133,design_000133,180,45.0,0.008393805929490536
134,design_000134,0,0.0,0.0020667743915400863
134,design_000134,10,2.5,0.007789286883901931
134,design_000134,20,5.0,0.006040111448997837
134,design_000134,30,7.5,0.016195824129289462
134,design_000134,40,10.0,0.029992697680292925
134,design_000134,50,12.5,0.035441678669991906
134,design_000134,60,15.0,0.039295729875552264
134,design_000134,70,17.5,0.041309426613554565
134,design_000134,80,20.0,0.04128348249453154
134,design_000134,90,22.5,0.03671596602285579
134,design_000134,100,25.0,0.02875039372186157
134,design_000134,110,27.5,0.02230338641957951
134,design_000134,120,30.0,0.0109668483279531
134,design_000134,130,32.5,0.013577313059315695
134,design_000134,140,35.0,0.013858582811584487
134,design_000134,150,37.5,0.012709007400904509
134,design_000134,160,40.0,0.010946485568568337
134,design_000134,170,42.5,0.010019609209442669
134,design_000134,180,45.0,0.012764674978164785
135,design_000135,0,0.0,0.002180147460233252
135,design_000135,10,2.5,0.0315356449290099
135,design_000135,20,5.0,0.0833086656001194
135,design_000135,30,7.5,0.0652676135814666
135,design_000135,40,10.0,0.010507657338590572
135,design_000135,50,12.5,0.014260358375492554
135,design_000135,60,15.0,0.013794098738569554
135,design_000135,70,17.5,0.011710234890538516
135,design_000135,80,20.0,0.011841128151491562
135,design_000135,90,22.5,0.01487965865942062
135,design_000135,100,25.0,0.010847343133378044
135,design_000135,110,27.5,0.005735898112264545
135,design_000135,120,30.0,0.0018834540029151756
135,design_000135,130,32.5,0.00204030394996107
135,design_000135,140,35.0,0.003736224530910955
135,design_000135,150,37.5,0.005481036004476083
135,design_000135,160,40.0,0.010873210135455318
135,design_000135,170,42.5,0.011411025157053029
135,design_000135,180,45.0,0.012789955194366136
136,design_000136,0,0.0,0.002058397282612683
136,design_000136,10,2.5,0.04148649958764042
136,design_000136,20,5.0,0.10313908989811549
136,design_000136,30,7.5,0.08878565101555003
136,design_000136,40,10.0,0.06111521175153732
136,design_000136,50,12.5,0.04397393400891682
136,design_000136,60,15.0,0.03492279968101004
136,design_000136,70,17.5,0.028843874496553283
136,design_000136,80,20.0,0.02299904065046191
136,design_000136,90,22.5,0.022793563265639923
136,design_000136,100,25.0,0.017931544504095162
136,design_000136,110,27.5,0.014110515139858414
136,design_000136,120,30.0,0.00706609818688816
136,design_000136,130,32.5,0.006083788513573174
136,design_000136,140,35.0,0.0071382325467105765
136,design_000136,150,37.5,0.006930078168095927
136,design_000136,160,40.0,0.008885347869479462
136,design_000136,170,42.5,0.009429187505141913
136,design_000136,180,45.0,0.01158291357703866
137,design_000137,0,0.0,0.0022340120462078965
137,design_000137,10,2.5,0.005271432290438274
137,design_000137,20,5.0,0.017582232550728355
137,design_000137,30,7.5,0.05403301869554031
137,design_000137,40,10.0,0.06974097008334479
137,design_000137,50,12.5,0.06509393116561932
137,design_000137,60,15.0,0.060459046777179656
137,design_000137,70,17.5,0.04573568743192702
137,design_000137,80,20.0,0.03615610747126012
137,design_000137,90,22.5,0.026161860996119928
137,design_000137,100,25.0,0.017247711445031802
137,design_000137,110,27.5,0.012989648003381983
137,design_000137,120,30.0,0.007721857458319421
137,design_000137,130,32.5,0.008462239004892796
137,design_000137,140,35.0,0.008354892500962085
137,design_000137,150,37.5,0.008326233793561812
137,design_000137,160,40.0,0.009311809229662281
137,design_000137,170,42.5,0.009320402879027835
137,design_000137,180,45.0,0.010068361545126
138,design_000138,0,0.0,0.0022541323832284514
138,design_000138,10,2.5,0.0026448112645940615
138,design_000138,20,5.0,0.00485226424652402
138,design_000138,30,7.5,0.007948999915074612
138,design_000138,40,10.0,0.015245225309096291
138,design_000138,50,12.5,0.020072424675816998
138,design_000138,60,15.0,0.020623385046318884
138,design_000138,70,17.5,0.015927781327540864
138,design_000138,80,20.0,0.009297840702453885
138,design_000138,90,22.5,0.007794231690414365
138,design_000138,100,25.0,0.004286459073109178
138,design_000138,110,27.5,0.002413201845322961
138,design_000138,120,30.0,0.0019034706797872894
138,design_000138,130,32.5,0.0017391321426975077
138,design_000138,140,35.0,0.002298743728597924
138,design_000138,150,37.5,0.003000107381006884
138,design_000138,160,40.0,0.003136054052166039
138,design_000138,170,42.5,0.004256723475581989
138,design_000138,180,45.0,0.006109636526321726
139,design_000139,0,0.0,0.0020229090146293128
139,design_000139,10,2.5,0.009467013087054162
139,design_000139,20,5.0,0.01024620289506005
139,design_000139,30,7.5,0.011389617266001052
139,design_000139,40,10.0,0.012977765758207608
139,design_000139,50,12.5,0.014404431823158526
139,design_000139,60,15.0,0.014087832329787182
139,design_000139,70,17.5,0.00850706053888172
139,design_000139,80,20.0,0.011852013512506653
139,design_000139,90,22.5,0.016143292298645646
139,design_000139,100,25.0,0.015357730379386399
139,design_000139,110,27.5,0.013544551609489638
139,design_000139,120,30.0,0.008006196890004359
139,design_000139,130,32.5,0.007858969017330167
139,design_000139,140,35.0,0.008140668167352625
139,design_000139,150,37.5,0.008271099804090108
139,design_000139,160,40.0,0.007948747843576194
139,design_000139,170,42.5,0.008614976525450707
139,design_000139,180,45.0,0.009239791175184964
140,design_000140,0,0.0,0.0013147871468300537
140,design_000140,10,2.5,0.02769295054497621
140,design_000140,20,5.0,0.14827454104366755
140,design_000140,30,7.5,0.21950763172878435
140,design_000140,40,10.0,0.17107193491750217
140,design_000140,50,12.5,0.09346179950117783
140,design_000140,60,15.0,0.059463735023906276
140,design_000140,70,17.5,0.029714036432985598
140,design_000140,80,20.0,0.016692827924915377
140,design_000140,90,22.5,0.012194037900492062
140,design_000140,100,25.0,0.010040337174960695
140,design_000140,110,27.5,0.010295517797456414
140,design_000140,120,30.0,0.006965628013710275
140,design_000140,130,32.5,0.008098462983700129
140,design_000140,140,35.0,0.009878822102541401
140,design_000140,150,37.5,0.011802194121992491
140,design_000140,160,40.0,0.01348104655921255
140,design_000140,170,42.5,0.013231782782591335
140,design_000140,180,45.0,0.014882053524965294
141,design_000141,0,0.0,0.0020923088620885613
141,design_000141,10,2.5,0.027970051049463894
141,design_000141,20,5.0,0.0478599515754564
141,design_000141,30,7.5,0.054350384821992136
141,design_000141,40,10.0,0.05915726538632844
141,design_000141,50,12.5,0.05937836695407769
141,design_000141,60,15.0,0.05777817071636251
141,design_000141,70,17.5,0.04297308219236065
141,design_000141,80,20.0,0.028657604831093322
141,design_000141,90,22.5,0.023631250863049475
141,design_000141,100,25.0,0.013940484713395838
141,design_000141,110,27.5,0.006709386459034355
141,design_000141,120,30.0,0.0028008495221348503
141,design_000141,130,32.5,0.001016617007761069
141,design_000141,140,35.0,0.001964775931941193
141,design_000141,150,37.5,0.0037673712232339745
141,design_000141,160,40.0,0.007806104132333411
141,design_000141,170,42.5,0.008303105713223465
141,design_000141,180,45.0,0.01163624608025763
142,design_000142,0,0.0,0.0021287606148850686
142,design_000142,10,2.5,0.043801902451507405
142,design_000142,20,5.0,0.15968164988808953
142,design_000142,30,7.5,0.11731615832382902
142,design_000142,40,10.0,0.029456634299726614
142,design_000142,50,12.5,0.01499994160192623
142,design_000142,60,15.0,0.011561526431683851
142,design_000142,70,17.5,0.007331540612920897
142,design_000142,80,20.0,0.006142496769224376
142,design_000142,90,22.5,0.008937256801373746
142,design_000142,100,25.0,0.00800285969319806
142,design_000142,110,27.5,0.0066393908777258905
142,design_000142,120,30.0,0.004334854524220872
142,design_000142,130,32.5,0.006286536323373303
142,design_000142,140,35.0,0.007605806500494934
142,design_000142,150,37.5,0.009155496550654387
142,design_000142,160,40.0,0.010005545174261651
142,design_000142,170,42.5,0.009299002902499059
142,design_000142,180,45.0,0.010565277553580572
143,design_000143,0,0.0,0.002026448983089525
143,design_000143,10,2.5,0.017121253188278833
143,design_000143,20,5.0,0.025215168178339544
143,design_000143,30,7.5,0.013166117469809991
143,design_000143,40,10.0,0.018170255437971523
143,design_000143,50,12.5,0.017280598548667626
143,design_000143,60,15.0,0.017207360501023457
143,design_000143,70,17.5,0.013795963808024572
143,design_000143,80,20.0,0.009399717000682074
143,design_000143,90,22.5,0.006653232144438487
143,design_000143,100,25.0,0.004115506470288206
143,design_000143,110,27.5,0.003865519366490233
143,design_000143,120,30.0,0.0027263143347707225
143,design_000143,130,32.5,0.0028449456716365075
143,design_000143,140,35.0,0.004234507068633506
143,design_000143,150,37.5,0.004998357570498595
143,design_000143,160,40.0,0.004902697743783534
143,design_000143,170,42.5,0.006081141085877656
143,design_000143,180,45.0,0.007905421515834562
144,design_000144,0,0.0,0.0020419499880572393
144,design_000144,10,2.5,0.004973247442232931
144,design_000144,20,5.0,0.011130151269152934
144,design_000144,30,7.5,0.022852876771506513
144,design_000144,40,10.0,0.04460399954914278
144,design_000144,50,12.5,0.05556199922829207
144,design_000144,60,15.0,0.062181740139622445
144,design_000144,70,17.5,0.05051252629549294
144,design_000144,80,20.0,0.03496705494025597
144,design_000144,90,22.5,0.027230187034185227
144,design_000144,100,25.0,0.018938689836207306
144,design_000144,110,27.5,0.01312961604857885
144,design_000144,120,30.0,0.007730774261174059
144,design_000144,130,32.5,0.008550188050914773
144,design_000144,140,35.0,0.011699426923140683
144,design_000144,150,37.5,0.009607324952075811
144,design_000144,160,40.0,0.01007172575728212
144,design_000144,170,42.5,0.013447719826551262
144,design_000144,180,45.0,0.014966362611285394
145,design_000145,0,0.0,0.0021631559465396773
145,design_000145,10,2.5,0.04620198605530583
145,design_000145,20,5.0,0.05546814685036693
145,design_000145,30,7.5,0.01895180859910543
145,design_000145,40,10.0,0.029569243324721342
145,design_000145,50,12.5,0.043092009800309174
145,design_000145,60,15.0,0.04609879318917237
145,design_000145,70,17.5,0.03402963189081158
145,design_000145,80,20.0,0.020068720469612028
145,design_000145,90,22.5,0.016254226343991415
145,design_000145,100,25.0,0.008796261856146584
145,design_000145,110,27.5,0.004767371028426412
145,design_000145,120,30.0,0.0019423855534475558
145,design_000145,130,32.5,0.0017855590110860678
145,design_000145,140,35.0,0.002943201613739112
145,design_000145,150,37.5,0.003913828670921177
145,design_000145,160,40.0,0.006369777092188996
145,design_000145,170,42.5,0.006992397388972884
145,design_000145,180,45.0,0.010331639599594267
146,design_000146,0,0.0,0.002049404646203655
146,design_000146,10,2.5,0.003076894532371332
146,design_000146,20,5.0,0.03698344436335845
146,design_000146,30,7.5,0.07153169751790417
146,design_000146,40,10.0,0.074550193286788
146,design_000146,50,12.5,0.061422693760113806
146,design_000146,60,15.0,0.04956290142651714
146,design_000146,70,17.5,0.0381072447474191
146,design_000146,80,20.0,0.025246634228790477
146,design_000146,90,22.5,0.020019283735755983
146,design_000146,100,25.0,0.013557223993308616
146,design_000146,110,27.5,0.009595423045823788
146,design_000146,120,30.0,0.003942639313580913
146,design_000146,130,32.5,0.0037751780626569197
146,design_000146,140,35.0,0.005446286165139509
146,design_000146,150,37.5,0.004619947906254881
146,design_000146,160,40.0,0.006670016011859013
146,design_000146,170,42.5,0.0065954729930776355
146,design_000146,180,45.0,0.00831709042009705
147,design_000147,0,0.0,0.0022925133992892947
147,design_000147,10,2.5,0.08568410138007068
147,design_000147,20,5.0,0.09072857461119029
147,design_000147,30,7.5,0.05729328077120486
147,design_000147,40,10.0,0.03952390001562718
147,design_000147,50,12.5,0.02907634641015592
147,design_000147,60,15.0,0.023340896422505433
147,design_000147,70,17.5,0.01478984242429157
147,design_000147,80,20.0,0.009050881628204542
147,design_000147,90,22.5,0.006462437465949008
147,design_000147,100,25.0,0.003921186278661343
147,design_000147,110,27.5,0.004293180758202418
147,design_000147,120,30.0,0.0034444217322180436
147,design_000147,130,32.5,0.0034332579663456883
147,design_000147,140,35.0,0.004290073203558214
147,design_000147,150,37.5,0.004884798696156689
147,design_000147,160,40.0,0.006729774986453748
147,design_000147,170,42.5,0.005834041618256557
147,design_000147,180,45.0,0.00835078016390234
148,design_000148,0,0.0,0.0021503929766066277
148,design_000148,10,2.5,0.02096225377552606
148,design_000148,20,5.0,0.03152071517177477
148,design_000148,30,7.5,0.04418501788722012
148,design_000148,40,10.0,0.04707250195123656
148,design_000148,50,12.5,0.0541388410518346
148,design_000148,60,15.0,0.05491272476576141
148,design_000148,70,17.5,0.04499868977263286
148,design_000148,80,20.0,0.02982348644762011
148,design_000148,90,22.5,0.024979031754670294
148,design_000148,100,25.0,0.015426607165422986
148,design_000148,110,27.5,0.007579302303096546
148,design_000148,120,30.0,0.003689420382578271
148,design_000148,130,32.5,0.002676016595572831
148,design_000148,140,35.0,0.002863808102831712
148,design_000148,150,37.5,0.0041072115350754505
148,design_000148,160,40.0,0.006159674324038432
148,design_000148,170,42.5,0.005766802546366885
148,design_000148,180,45.0,0.008808852207399381
149,design_000149,0,0.0,0.0027402420319019814
149,design_000149,10,2.5,0.006433112433847926
149,design_000149,20,5.0,0.05312072021352049
149,design_000149,30,7.5,0.021259632943727617
149,design_000149,40,10.0,0.03937148576801493
149,design_000149,50,12.5,0.029359250021375214
149,design_000149,60,15.0,0.015507163388099253
149,design_000149,70,17.5,0.014186546337096848
149,design_000149,80,20.0,0.01361163028393386
149,design_000149,90,22.5,0.01213023442797905
149,design_000149,100,25.0,0.010958260784885978
149,design_000149,110,27.5,0.010422075829769074
149,design_000149,120,30.0,0.006163931037752593
149,design_000149,130,32.5,0.007268449658580872
149,design_000149,140,35.0,0.009340314310406597
149,design_000149,150,37.5,0.008760958185034036
149,design_000149,160,40.0,0.007941349005210112
149,design_000149,170,42.5,0.005985712588690573
149,design_000149,180,45.0,0.008517988942893826
150,design_000150,0,0.0,0.002173112534949369
150,design_000150,10,2.5,0.006319185638900323
150,design_000150,20,5.0,0.006746296877048566
150,design_000150,30,7.5,0.02446363457974201
150,design_000150,40,10.0,0.01866462145330161
150,design_000150,50,12.5,0.011957827823302828
150,design_000150,60,15.0,0.008058178553153977
150,design_000150,70,17.5,0.004215033176958765
150,design_000150,80,20.0,0.002331414783820665
150,design_000150,90,22.5,0.0019758333151703986
150,design_000150,100,25.0,0.002228315453342803
150,design_000150,110,27.5,0.0031785277250179393
150,design_000150,120,30.0,0.0021445664535260926
150,design_000150,130,32.5,0.0029153389824647926
150,design_000150,140,35.0,0.004401215486307193
150,design_000150,150,37.5,0.004833745654207235
150,design_000150,160,40.0,0.005430387538715926
150,design_000150,170,42.5,0.0058732959147183485
150,design_000150,180,45.0,0.007092187935882071
151,design_000151,0,0.0,0.002061478171733292
151,design_000151,10,2.5,0.059292746946928716
151,design_000151,20,5.0,0.01816960599152289
151,design_000151,30,7.5,0.030017906427729495
151,design_000151,40,10.0,0.0339979832289684
151,design_000151,50,12.5,0.03426916366269816
151,design_000151,60,15.0,0.027876640483806614
151,design_000151,70,17.5,0.017161757093019522
151,design_000151,80,20.0,0.020188796432581497
151,design_000151,90,22.5,0.024758184315996943
151,design_000151,100,25.0,0.024226276752150562
151,design_000151,110,27.5,0.02007929934984328
151,design_000151,120,30.0,0.012174588145486727
151,design_000151,130,32.5,0.009807417968629602
151,design_000151,140,35.0,0.010230558671712077
151,design_000151,150,37.5,0.010381808023702054
151,design_000151,160,40.0,0.009902749667701164
151,design_000151,170,42.5,0.009617415115962494
151,design_000151,180,45.0,0.010328164469858568
152,design_000152,0,0.0,0.0019926283772036544
152,design_000152,10,2.5,0.0037490952590127453
152,design_000152,20,5.0,0.019014095779360415
152,design_000152,30,7.5,0.03299189353040742
152,design_000152,40,10.0,0.045956603686475424
152,design_000152,50,12.5,0.04464383645186137
152,design_000152,60,15.0,0.04043699795478632
152,design_000152,70,17.5,0.027811247675479045
152,design_000152,80,20.0,0.021338811604313918
152,design_000152,90,22.5,0.01849062210561244
152,design_000152,100,25.0,0.014167647087760972
152,design_000152,110,27.5,0.009766707861063522
152,design_000152,120,30.0,0.006362558458081872
152,design_000152,130,32.5,0.006695393152089285
152,design_000152,140,35.0,0.005579573107399302
152,design_000152,150,37.5,0.0067976466985094144
152,design_000152,160,40.0,0.008658788418658641
152,design_000152,170,42.5,0.008331213320523067
152,design_000152,180,45.0,0.010315894294753662
153,design_000153,0,0.0,0.002189140256761841
153,design_000153,10,2.5,0.019347563970229062
153,design_000153,20,5.0,0.008277237561175155
153,design_000153,30,7.5,0.007727623040442354
153,design_000153,40,10.0,0.01803422557514717
153,design_000153,50,12.5,0.0319624246619718
153,design_000153,60,15.0,0.038621363959108534
153,design_000153,70,17.5,0.029077703176608016
153,design_000153,80,20.0,0.018599104593415315
153,design_000153,90,22.5,0.014617300663894906
153,design_000153,100,25.0,0.008048546410662535
153,design_000153,110,27.5,0.00219633008725282
153,design_000153,120,30.0,0.0031325556564085425
153,design_000153,130,32.5,0.002661457446868692
153,design_000153,140,35.0,0.0023815077354670234
153,design_000153,150,37.5,0.0027364880629512974
153,design_000153,160,40.0,0.0024979759243563054
153,design_000153,170,42.5,0.003301138932840236
153,design_000153,180,45.0,0.004243375665313331
154,design_000154,0,0.0,0.0020995761749714927
154,design_000154,10,2.5,0.005330023610969684
154,design_000154,20,5.0,0.007618984514821823
154,design_000154,30,7.5,0.017063702574797102
154,design_000154,40,10.0,0.0354613566764725
154,design_000154,50,12.5,0.039735205049263284
154,design_000154,60,15.0,0.03746638086390851
154,design_000154,70,17.5,0.022928871170068522
154,design_000154,80,20.0,0.015303964253760412
154,design_000154,90,22.5,0.013035719232423292
154,design_000154,100,25.0,0.011156518686387715
154,design_000154,110,27.5,0.00840571530153536
154,design_000154,120,30.0,0.005820925369664361
154,design_000154,130,32.5,0.0047412345609862475
154,design_000154,140,35.0,0.005163161115675635
154,design_000154,150,37.5,0.005875553228333958
154,design_000154,160,40.0,0.007866814807454586
154,design_000154,170,42.5,0.007914697711505742
154,design_000154,180,45.0,0.010163346430997608
155,design_000155,0,0.0,0.0022603648028135725
155,design_000155,10,2.5,0.010719071171403806
155,design_000155,20,5.0,0.006856331315850556
155,design_000155,30,7.5,0.03299986293476263
155,design_000155,40,10.0,0.050071711492289284
155,design_000155,50,12.5,0.03843988252741866
155,design_000155,60,15.0,0.028035897340965007
155,design_000155,70,17.5,0.01864532377289322
155,design_000155,80,20.0,0.024046288660708064
155,design_000155,90,22.5,0.02493588487460291
155,design_000155,100,25.0,0.02217376724710516
155,design_000155,110,27.5,0.019624275881848483
155,design_000155,120,30.0,0.012309292648530548
155,design_000155,130,32.5,0.011133131604170017
155,design_000155,140,35.0,0.010729021819172152
155,design_000155,150,37.5,0.011509633155449013
155,design_000155,160,40.0,0.009302804284390308
155,design_000155,170,42.5,0.007988543187777359
155,design_000155,180,45.0,0.007866203862349527
156,design_000156,0,0.0,0.002002215601644892
156,design_000156,10,2.5,0.016718821448933066
156,design_000156,20,5.0,0.01890000501323604
156,design_000156,30,7.5,0.05559341396286662
156,design_000156,40,10.0,0.0945069627720109
156,design_000156,50,12.5,0.10793476977138017
156,design_000156,60,15.0,0.11587399194624456
156,design_000156,70,17.5,0.10334465349274458
156,design_000156,80,20.0,0.080444590662886
156,design_000156,90,22.5,0.0655577713405682
156,design_000156,100,25.0,0.0517584353276017
156,design_000156,110,27.5,0.04061157871723245
156,design_000156,120,30.0,0.022851370685275242
156,design_000156,130,32.5,0.018649670943938414
156,design_000156,140,35.0,0.020986155906903236
156,design_000156,150,37.5,0.02123870172573846
156,design_000156,160,40.0,0.022080394788933075
156,design_000156,170,42.5,0.021381148305046907
156,design_000156,180,45.0,0.02212115492275305
157,design_000157,0,0.0,0.0020688423127078726
157,design_000157,10,2.5,0.014117692682137006
157,design_000157,20,5.0,0.04733839983870132
157,design_000157,30,7.5,0.009923517383648016
157,design_000157,40,10.0,0.014854843398471667
157,design_000157,50,12.5,0.02667734170996213
157,design_000157,60,15.0,0.033129180832187174
157,design_000157,70,17.5,0.029850322231717664
157,design_000157,80,20.0,0.02212468960720752
157,design_000157,90,22.5,0.018929197582195974
157,design_000157,100,25.0,0.013457018198946073
157,design_000157,110,27.5,0.009189857118519076
157,design_000157,120,30.0,0.005339771313579639
157,design_000157,130,32.5,0.004583469449349804
157,design_000157,140,35.0,0.004749908479277425
157,design_000157,150,37.5,0.005469742039312747
157,design_000157,160,40.0,0.007367436265112544
157,design_000157,170,42.5,0.00839561004823726
157,design_000157,180,45.0,0.011382397833405616
158,design_000158,0,0.0,0.002265261802788698
158,design_000158,10,2.5,0.14855706829285503
158,design_000158,20,5.0,0.04280012081567418
158,design_000158,30,7.5,0.033544616925344974
158,design_000158,40,10.0,0.02757238170034564
158,design_000158,50,12.5,0.01746284207944067
158,design_000158,60,15.0,0.015158504843192326
158,design_000158,70,17.5,0.0065717030539415395
158,design_000158,80,20.0,0.0028272439876632516
158,design_000158,90,22.5,0.004359361552489335
158,design_000158,100,25.0,0.004685303835123189
158,design_000158,110,27.5,0.004474765389175116
158,design_000158,120,30.0,0.0033186905487626525
158,design_000158,130,32.5,0.004111691300391022
158,design_000158,140,35.0,0.004083396920223125
158,design_000158,150,37.5,0.004990966483888932
158,design_000158,160,40.0,0.007244602619685816
158,design_000158,170,42.5,0.007480141152997668
158,design_000158,180,45.0,0.007964310024433527
159,design_000159,0,0.0,0.0020103173699214487
159,design_000159,10,2.5,0.020725994335228037
159,design_000159,20,5.0,0.018683212764884008
159,design_000159,30,7.5,0.0363929223823831
159,design_000159,40,10.0,0.0581695837563854
159,design_000159,50,12.5,0.06452769825662111
159,design_000159,60,15.0,0.052876101771289014
159,design_000159,70,17.5,0.03059169011681849
159,design_000159,80,20.0,0.015367006866134493
159,design_000159,90,22.5,0.008479112136059296
159,design_000159,100,25.0,0.005509973182129023
159,design_000159,110,27.5,0.002573047740933536
159,design_000159,120,30.0,0.000865075415198799
159,design_000159,130,32.5,0.0010278795186060802
159,design_000159,140,35.0,0.003240170731780615
159,design_000159,150,37.5,0.004005872871412788
159,design_000159,160,40.0,0.0075233469179029015
159,design_000159,170,42.5,0.005510229332026845
159,design_000159,180,45.0,0.00819329593707142
160,design_000160,0,0.0,0.0020064559438317305
160,design_000160,10,2.5,0.07198768998015445
160,design_000160,20,5.0,0.05019494568482495
160,design_000160,30,7.5,0.009724176706912821
160,design_000160,40,10.0,0.01062593919003656
160,design_000160,50,12.5,0.017810780755395918
160,design_000160,60,15.0,0.021234564329740774
160,design_000160,70,17.5,0.016291248110638496
160,design_000160,80,20.0,0.015420837568593988
160,design_000160,90,22.5,0.018231466332492438
160,design_000160,100,25.0,0.014799563980473912
160,design_000160,110,27.5,0.008928348453312012
160,design_000160,120,30.0,0.0046311784836820975
160,design_000160,130,32.5,0.0019146233552086802
160,design_000160,140,35.0,0.0024544832043861993
160,design_000160,150,37.5,0.003575273796666274
160,design_000160,160,40.0,0.0068467845553270255
160,design_000160,170,42.5,0.0074128306277245655
160,design_000160,180,45.0,0.009338032701041252
161,design_000161,0,0.0,0.002306949983163046
161,design_000161,10,2.5,0.006406939101617999
161,design_000161,20,5.0,0.004691427827354927
161,design_000161,30,7.5,0.01022563025256569
161,design_000161,40,10.0,0.017048620518005878
161,design_000161,50,12.5,0.024471010602491006
161,design_000161,60,15.0,0.02550116736585143
161,design_000161,70,17.5,0.01700253806579918
161,design_000161,80,20.0,0.013908408282929094
161,design_000161,90,22.5,0.012978247407079046
161,design_000161,100,25.0,0.008675196009832537
161,design_000161,110,27.5,0.004507154907747541
161,design_000161,120,30.0,0.002921753543336415
161,design_000161,130,32.5,0.0013686238864529837
161,design_000161,140,35.0,0.0025451963400085304
161,design_000161,150,37.5,0.002985959777931259
161,design_000161,160,40.0,0.004233043224767426
161,design_000161,170,42.5,0.004737528592203219
161,design_000161,180,45.0,0.006385341091524924
162,design_000162,0,0.0,0.0023292385769585026
162,design_000162,10,2.5,0.0034285261592579682
162,design_000162,20,5.0,0.01972607041584061
162,design_000162,30,7.5,0.005443505135656881
162,design_000162,40,10.0,0.008706465987547462
162,design_000162,50,12.5,0.015752938070882908
162,design_000162,60,15.0,0.020441206176494437
162,design_000162,70,17.5,0.01965178836801169
162,design_000162,80,20.0,0.016772999298587367
162,design_000162,90,22.5,0.016186378197929303
162,design_000162,100,25.0,0.010692777626520988
162,design_000162,110,27.5,0.005992071777232836
162,design_000162,120,30.0,0.0033531402550069324
162,design_000162,130,32.5,0.0033336834234969515
162,design_000162,140,35.0,0.003038410503722161
162,design_000162,150,37.5,0.002896847518493846
162,design_000162,160,40.0,0.002956616154385863
162,design_000162,170,42.5,0.004825636181251551
162,design_000162,180,45.0,0.005655995356028577
163,design_000163,0,0.0,0.0020812847346746727
163,design_000163,10,2.5,0.10336056638544582
163,design_000163,20,5.0,0.013284238440443668
163,design_000163,30,7.5,0.005513419891247613
163,design_000163,40,10.0,0.008807371882688632
163,design_000163,50,12.5,0.016011157469395028
163,design_000163,60,15.0,0.01664791762070956
163,design_000163,70,17.5,0.013987554219671981
163,design_000163,80,20.0,0.01752906145392824
163,design_000163,90,22.5,0.022640027201240816
163,design_000163,100,25.0,0.02154245501907106
163,design_000163,110,27.5,0.017256762894584506
163,design_000163,120,30.0,0.011068900759235906
163,design_000163,130,32.5,0.009717791605033523
163,design_000163,140,35.0,0.010260893288293778
163,design_000163,150,37.5,0.01065825315309623
163,design_000163,160,40.0,0.00982727631017981
163,design_000163,170,42.5,0.010905954444527854
163,design_000163,180,45.0,0.010904770235035334
164,design_000164,0,0.0,0.0028295873239182964
164,design_000164,10,2.5,0.03776017337612576
164,design_000164,20,5.0,0.04609831533410859
164,design_000164,30,7.5,0.017142016510931682
164,design_000164,40,10.0,0.009007644042456258
164,design_000164,50,12.5,0.019216941484442453
164,design_000164,60,15.0,0.020672232553009498
164,design_000164,70,17.5,0.014251621727234568
164,design_000164,80,20.0,0.00845789783145574
164,design_000164,90,22.5,0.00869951406828198
164,design_000164,100,25.0,0.007111358109722915
164,design_000164,110,27.5,0.005514939549073507
164,design_000164,120,30.0,0.0034713879672924985
164,design_000164,130,32.5,0.0023567486421674543
164,design_000164,140,35.0,0.0032817264684050227
164,design_000164,150,37.5,0.004253280600454613
164,design_000164,160,40.0,0.006425869622293157
164,design_000164,170,42.5,0.007718306300089369
164,design_000164,180,45.0,0.008555912146160652
165,design_000165,0,0.0,0.0018570698184048515
165,design_000165,10,2.5,0.05255257845480785
165,design_000165,20,5.0,0.015919504423318326
165,design_000165,30,7.5,0.016190219432220335
165,design_000165,40,10.0,0.014465954676013257
165,design_000165,50,12.5,0.022969531693891515
165,design_000165,60,15.0,0.023476056817521324
165,design_000165,70,17.5,0.017565944192378554
165,design_000165,80,20.0,0.011902641548326156
165,design_000165,90,22.5,0.008797616750565004
165,design_000165,100,25.0,0.004579314474837802
165,design_000165,110,27.5,0.0031340356353875697
165,design_000165,120,30.0,0.002906063245655147
165,design_000165,130,32.5,0.0025507004883904005
165,design_000165,140,35.0,0.003238874598414835
165,design_000165,150,37.5,0.003871968727306976
165,design_000165,160,40.0,0.006083764535859685
165,design_000165,170,42.5,0.007664202953705707
165,design_000165,180,45.0,0.009523889469578474
166,design_000166,0,0.0,0.0011646324214498785
166,design_000166,10,2.5,0.004231188552376074
166,design_000166,20,5.0,0.015415428606289312
166,design_000166,30,7.5,0.030105358468264357
166,design_000166,40,10.0,0.054315135477489215
166,design_000166,50,12.5,0.052708757148184814
166,design_000166,60,15.0,0.056798681347359214
166,design_000166,70,17.5,0.047563066274902366
166,design_000166,80,20.0,0.0357832172217596
166,design_000166,90,22.5,0.022184157606277215
166,design_000166,100,25.0,0.012682490493061815
166,design_000166,110,27.5,0.007933864562505675
166,design_000166,120,30.0,0.003502796033666756
166,design_000166,130,32.5,0.004228584401280868
166,design_000166,140,35.0,0.006822870624729239
166,design_000166,150,37.5,0.006792158762458144
166,design_000166,160,40.0,0.006808939995430394
166,design_000166,170,42.5,0.005570353142666796
166,design_000166,180,45.0,0.008089569797269072
167,design_000167,0,0.0,0.002096455078527704
167,design_000167,10,2.5,0.011405640577057116
167,design_000167,20,5.0,0.030814426208694783
167,design_000167,30,7.5,0.018590422451196922
167,design_000167,40,10.0,0.030724343926836296
167,design_000167,50,12.5,0.028781978517233405
167,design_000167,60,15.0,0.016721886477262117
167,design_000167,70,17.5,0.008669583740540353
167,design_000167,80,20.0,0.004603396231230084
167,design_000167,90,22.5,0.004918581113913243
167,design_000167,100,25.0,0.005687178550778937
167,design_000167,110,27.5,0.005736135711097454
167,design_000167,120,30.0,0.0035404644625030334
167,design_000167,130,32.5,0.0034816660367483244
167,design_000167,140,35.0,0.004618839807252875
167,design_000167,150,37.5,0.00481077947368809
167,design_000167,160,40.0,0.0044417377482212535
167,design_000167,170,42.5,0.0039946486476749995
167,design_000167,180,45.0,0.0054459699535867045
168,design_000168,0,0.0,0.0022644657549603523
168,design_000168,10,2.5,0.010756879644835998
168,design_000168,20,5.0,0.007861970946037512
168,design_000168,30,7.5,0.016286717001111443
168,design_000168,40,10.0,0.024600880646648404
168,design_000168,50,12.5,0.023521623763544105
168,design_000168,60,15.0,0.01740317544202235
168,design_000168,70,17.5,0.014793549757632508
168,design_000168,80,20.0,0.012261793596376065
168,design_000168,90,22.5,0.011097625815664341
168,design_000168,100,25.0,0.007497751340884787
168,design_000168,110,27.5,0.005869048066326418
168,design_000168,120,30.0,0.003472080945645285
168,design_000168,130,32.5,0.002983454200985073
168,design_000168,140,35.0,0.004034523925307071
168,design_000168,150,37.5,0.00466134919683809
168,design_000168,160,40.0,0.0038891324034015006
168,design_000168,170,42.5,0.0050664687835474094
168,design_000168,180,45.0,0.0063715181042904665
169,design_000169,0,0.0,0.002192117735014814
169,design_000169,10,2.5,0.0035425998684337403
169,design_000169,20,5.0,0.007349484452411607
169,design_000169,30,7.5,0.031959201653183764
169,design_000169,40,10.0,0.041346270248198654
169,design_000169,50,12.5,0.03617203938795184
169,design_000169,60,15.0,0.025337835621370694
169,design_000169,70,17.5,0.014846434429804458
169,design_000169,80,20.0,0.013047658870566893
169,design_000169,90,22.5,0.010796320037076075
169,design_000169,100,25.0,0.009290537829176344
169,design_000169,110,27.5,0.007068155324538196
169,design_000169,120,30.0,0.004319404615854757
169,design_000169,130,32.5,0.0042305802102510694
169,design_000169,140,35.0,0.005575468724644041
169,design_000169,150,37.5,0.0063810626394112495
169,design_000169,160,40.0,0.004964533920667017
169,design_000169,170,42.5,0.0029196279711284586
169,design_000169,180,45.0,0.004938529470672922
170,design_000170,0,0.0,0.0019461314260314569
170,design_000170,10,2.5,0.0032222232133077605
170,design_000170,20,5.0,0.038649663073955134
170,design_000170,30,7.5,0.06735742136949144
170,design_000170,40,10.0,0.04576676342695046
170,design_000170,50,12.5,0.039462375947777364
170,design_000170,60,15.0,0.033093680230249695
170,design_000170,70,17.5,0.022651955484585512
170,design_000170,80,20.0,0.016980360668967857
170,design_000170,90,22.5,0.014831213911264898
170,design_000170,100,25.0,0.010367085369022252
170,design_000170,110,27.5,0.007345290407658642
170,design_000170,120,30.0,0.004867530479861756
170,design_000170,130,32.5,0.0038885073410527007
170,design_000170,140,35.0,0.003962225759977707
170,design_000170,150,37.5,0.0046396620228310245
170,design_000170,160,40.0,0.0075159155440430525
170,design_000170,170,42.5,0.006417240881305859
170,design_000170,180,45.0,0.009113593657585952
171,design_000171,0,0.0,0.0019919463665645414
171,design_000171,10,2.5,0.06672932071642537
171,design_000171,20,5.0,0.016157654943837238
171,design_000171,30,7.5,0.01672972197989722
171,design_000171,40,10.0,0.01645893287538392
171,design_000171,50,12.5,0.019759614758492583
171,design_000171,60,15.0,0.019624408810395982
171,design_000171,70,17.5,0.01770841303441875
171,design_000171,80,20.0,0.01693458835168968
171,design_000171,90,22.5,0.01802199296948982
171,design_000171,100,25.0,0.012763193730025185
171,design_000171,110,27.5,0.006038782031117215
171,design_000171,120,30.0,0.003351498076296963
171,design_000171,130,32.5,0.0010732980498615265
171,design_000171,140,35.0,0.0022507432887095666
171,design_000171,150,37.5,0.00386460776303724
171,design_000171,160,40.0,0.00625600333754721
171,design_000171,170,42.5,0.0077158988412500615
171,design_000171,180,45.0,0.009839286159720875
172,design_000172,0,0.0,0.0021624838224251204
172,design_000172,10,2.5,0.010846156650204476
172,design_000172,20,5.0,0.09428342180252375
172,design_000172,30,7.5,0.05356913623779122
172,design_000172,40,10.0,0.025710906501692186
172,design_000172,50,12.5,0.0241188173194014
172,design_000172,60,15.0,0.024781288203221882
172,design_000172,70,17.5,0.016293419430993196
172,design_000172,80,20.0,0.010117046840889146
172,design_000172,90,22.5,0.008682697047348567
172,design_000172,100,25.0,0.005982703539665138
172,design_000172,110,27.5,0.003012513957161269
172,design_000172,120,30.0,0.0015355746986491841
172,design_000172,130,32.5,0.004088350483358537
172,design_000172,140,35.0,0.007311297978099778
172,design_000172,150,37.5,0.008350874721746754
172,design_000172,160,40.0,0.011045759651684013
172,design_000172,170,42.5,0.011531272120185163
172,design_000172,180,45.0,0.013975576234357197
173,design_000173,0,0.0,0.0023442813670483758
173,design_000173,10,2.5,0.008452507170396214
173,design_000173,20,5.0,0.027670482525645697
173,design_000173,30,7.5,0.05351658153474227
173,design_000173,40,10.0,0.0725743949068062
173,design_000173,50,12.5,0.06632115513809667
173,design_000173,60,15.0,0.05140024452453791
173,design_000173,70,17.5,0.031083659234164746
173,design_000173,80,20.0,0.01260602539379493
173,design_000173,90,22.5,0.007559432109260207
173,design_000173,100,25.0,0.006832416727816617
173,design_000173,110,27.5,0.007273392130198026
173,design_000173,120,30.0,0.0037377435503350757
173,design_000173,130,32.5,0.005098712677864041
173,design_000173,140,35.0,0.007847413942040155
173,design_000173,150,37.5,0.00745837630899342
173,design_000173,160,40.0,0.011024350135819663
173,design_000173,170,42.5,0.009815271200510092
173,design_000173,180,45.0,0.010487358593212051
174,design_000174,0,0.0,0.002136868215332284
174,design_000174,10,2.5,0.11291172690120188
174,design_000174,20,5.0,0.051702851153667656
174,design_000174,30,7.5,0.04473544644677946
174,design_000174,40,10.0,0.024141919538598296
174,design_000174,50,12.5,0.018170873389751423
174,design_000174,60,15.0,0.01072100606732526
174,design_000174,70,17.5,0.0048467524057496025
174,design_000174,80,20.0,0.0022560769196881443
174,design_000174,90,22.5,0.002132236779379701
174,design_000174,100,25.0,0.002410269508212727
174,design_000174,110,27.5,0.0035095030943627812
174,design_000174,120,30.0,0.002399764302975167
174,design_000174,130,32.5,0.0025957331338450356
174,design_000174,140,35.0,0.004040540349061977
174,design_000174,150,37.5,0.005107475108196416
174,design_000174,160,40.0,0.007539159320464524
174,design_000174,170,42.5,0.007054474995819679
174,design_000174,180,45.0,0.008700612616991349
175,design_000175,0,0.0,0.0021567020163035322
175,design_000175,10,2.5,0.011022642023438098
175,design_000175,20,5.0,0.05815716243968415
175,design_000175,30,7.5,0.13718946171245802
175,design_000175,40,10.0,0.17175728019126874
175,design_000175,50,12.5,0.1092855727162676
175,design_000175,60,15.0,0.06719075804067329
175,design_000175,70,17.5,0.037605370461071236
175,design_000175,80,20.0,0.020097917039859758
175,design_000175,90,22.5,0.009409154321441408
175,design_000175,100,25.0,0.007358889892964288
175,design_000175,110,27.5,0.008521032175315767
175,design_000175,120,30.0,0.006190571744054856
175,design_000175,130,32.5,0.0075067415043972106
175,design_000175,140,35.0,0.010614925443020085
175,design_000175,150,37.5,0.012848903677107145
175,design_000175,160,40.0,0.013242232483822064
175,design_000175,170,42.5,0.01243739232481629
175,design_000175,180,45.0,0.013634601132620133
176,design_000176,0,0.0,0.002117344358800068
176,design_000176,10,2.5,0.0013666114747967785
176,design_000176,20,5.0,0.010926973666507956
176,design_000176,30,7.5,0.026005982020222487
176,design_000176,40,10.0,0.036545949049553925
176,design_000176,50,12.5,0.028509895768523762
176,design_000176,60,15.0,0.018548425949487503
176,design_000176,70,17.5,0.007655414577795642
176,design_000176,80,20.0,0.004682650029219817
176,design_000176,90,22.5,0.0029935630560178417
176,design_000176,100,25.0,0.0017818382942020182
176,design_000176,110,27.5,0.0016525686625417872
176,design_000176,120,30.0,0.002805093446468181
176,design_000176,130,32.5,0.003006199275908226
176,design_000176,140,35.0,0.0039302961064458675
176,design_000176,150,37.5,0.004019513755751953
176,design_000176,160,40.0,0.006630925580521826
176,design_000176,170,42.5,0.006670182095931738
176,design_000176,180,45.0,0.008033951316052425
177,design_000177,0,0.0,0.002090278097263789
177,design_000177,10,2.5,0.007334068553339598
177,design_000177,20,5.0,0.06589202034778896
177,design_000177,30,7.5,0.11846559876137473
177,design_000177,40,10.0,0.09574613872187329
177,design_000177,50,12.5,0.039891316706932196
177,design_000177,60,15.0,0.017447872854087818
177,design_000177,70,17.5,0.008640191303828367
177,design_000177,80,20.0,0.0036519168908618537
177,design_000177,90,22.5,0.00406910698849559
177,design_000177,100,25.0,0.004182943503408894
177,design_000177,110,27.5,0.004757543717310231
177,design_000177,120,30.0,0.0030671539145705608
177,design_000177,130,32.5,0.006086342735863091
177,design_000177,140,35.0,0.008923897266069562
177,design_000177,150,37.5,0.00958735838199012
177,design_000177,160,40.0,0.012394376795887395
177,design_000177,170,42.5,0.012574281934758734
177,design_000177,180,45.0,0.013714834530541955
178,design_000178,0,0.0,0.002053033536902725
178,design_000178,10,2.5,0.00423970584769098
178,design_000178,20,5.0,0.015120386257231052
178,design_000178,30,7.5,0.01507908496577216
178,design_000178,40,10.0,0.021208409269569007
178,design_000178,50,12.5,0.027829372663466155
178,design_000178,60,15.0,0.034896523392141804
178,design_000178,70,17.5,0.040506107310024346
178,design_000178,80,20.0,0.03890411228126152
178,design_000178,90,22.5,0.03809330535046583
178,design_000178,100,25.0,0.029104197768270647
178,design_000178,110,27.5,0.019699356699242054
178,design_000178,120,30.0,0.009991331219821584
178,design_000178,130,32.5,0.008910733378775997
178,design_000178,140,35.0,0.00986949395985203
178,design_000178,150,37.5,0.00863487433953619
178,design_000178,160,40.0,0.008603751246386949
178,design_000178,170,42.5,0.008270732542075096
178,design_000178,180,45.0,0.009402611295768276
179,design_000179,0,0.0,0.001770258607735693
179,design_000179,10,2.5,0.02601061962799355
179,design_000179,20,5.0,0.056210476315014184
179,design_000179,30,7.5,0.07546565028659878
179,design_000179,40,10.0,0.06447447194771382
179,design_000179,50,12.5,0.047192956972209675
179,design_000179,60,15.0,0.03471944217421291
179,design_000179,70,17.5,0.03004733411424537
179,design_000179,80,20.0,0.015831474203720906
179,design_000179,90,22.5,0.008664009878215709
179,design_000179,100,25.0,0.0062945860602909125
179,design_000179,110,27.5,0.005074782377909255
179,design_000179,120,30.0,0.0033470110658030115
179,design_000179,130,32.5,0.0044125855619050885
179,design_000179,140,35.0,0.006286208438875835
179,design_000179,150,37.5,0.005638862403549697
179,design_000179,160,40.0,0.0076583495320380664
179,design_000179,170,42.5,0.006276229232078476
179,design_000179,180,45.0,0.008730453509530143
180,design_000180,0,0.0,0.002075088264942495
180,design_000180,10,2.5,0.034903022629359085
180,design_000180,20,5.0,0.07536275754776803
180,design_000180,30,7.5,0.04051136630658504
180,design_000180,40,10.0,0.031669503811935396
180,design_000180,50,12.5,0.032618238513972664
180,design_000180,60,15.0,0.03296806584875768
180,design_000180,70,17.5,0.02732962553959781
180,design_000180,80,20.0,0.020490575170959445
180,design_000180,90,22.5,0.01797552386217715
180,design_000180,100,25.0,0.012289152257316055
180,design_000180,110,27.5,0.00829598701228713
180,design_000180,120,30.0,0.004493335999766835
180,design_000180,130,32.5,0.004080969857595942
180,design_000180,140,35.0,0.006012929531743535
180,design_000180,150,37.5,0.007259587955616121
180,design_000180,160,40.0,0.010031162984500873
180,design_000180,170,42.5,0.009281460733787467
180,design_000180,180,45.0,0.012690400530313855
181,design_000181,0,0.0,0.0020670120365879167
181,design_000181,10,2.5,0.01059379210292257
181,design_000181,20,5.0,0.059356262334378504
181,design_000181,30,7.5,0.0766668170872718
181,design_000181,40,10.0,0.05780767477009962
181,design_000181,50,12.5,0.03555137228510851
181,design_000181,60,15.0,0.023945017615012748
181,design_000181,70,17.5,0.01365490043140561
181,design_000181,80,20.0,0.006695140026762309
181,design_000181,90,22.5,0.00541792282285003
181,design_000181,100,25.0,0.003239174100870021
181,design_000181,110,27.5,0.002350526769547378
181,design_000181,120,30.0,0.0013543585713185358
181,design_000181,130,32.5,0.001156061589839134
181,design_000181,140,35.0,0.002432246013560784
181,design_000181,150,37.5,0.003100585950730698
181,design_000181,160,40.0,0.006851791545469646
181,design_000181,170,42.5,0.006990112582437256
181,design_000181,180,45.0,0.008833159113081055
182,design_000182,0,0.0,0.002267344200651664
182,design_000182,10,2.5,0.0018894531510416737
182,design_000182,20,5.0,0.006846312417526643
182,design_000182,30,7.5,0.015264582768722453
182,design_000182,40,10.0,0.024986934422593518
182,design_000182,50,12.5,0.026329596380452784
182,design_000182,60,15.0,0.022645788409688915
182,design_000182,70,17.5,0.013277340488800473
182,design_000182,80,20.0,0.004345155734078924
182,design_000182,90,22.5,0.0027459615039710965
182,design_000182,100,25.0,0.0022148957836989136
182,design_000182,110,27.5,0.002139011543418023
182,design_000182,120,30.0,0.0023281690332772886
182,design_000182,130,32.5,0.002413948765575777
182,design_000182,140,35.0,0.0029746072087821576
182,design_000182,150,37.5,0.0032868527565240416
182,design_000182,160,40.0,0.0038808462571504852
182,design_000182,170,42.5,0.004734597191956588
182,design_000182,180,45.0,0.006560113564950463
183,design_000183,0,0.0,0.0026771656060645323
183,design_000183,10,2.5,0.04711747884527408
183,design_000183,20,5.0,0.11017732490517378
183,design_000183,30,7.5,0.17741415885114853
183,design_000183,40,10.0,0.18112047014603955
183,design_000183,50,12.5,0.10003355492961152
183,design_000183,60,15.0,0.04735602958076787
183,design_000183,70,17.5,0.025215443560702225
183,design_000183,80,20.0,0.011192032308409185
183,design_000183,90,22.5,0.005123262337449554
183,design_000183,100,25.0,0.0040447806214573435
183,design_000183,110,27.5,0.005264651872919919
183,design_000183,120,30.0,0.004832662487492532
183,design_000183,130,32.5,0.007504974449061444
183,design_000183,140,35.0,0.010767542880773022
183,design_000183,150,37.5,0.012252006867326203
183,design_000183,160,40.0,0.013847987830044473
183,design_000183,170,42.5,0.013136440942880587
183,design_000183,180,45.0,0.014972369703730618
184,design_000184,0,0.0,0.0022701380312202986
184,design_000184,10,2.5,0.004344915061587145
184,design_000184,20,5.0,0.005679702558049193
184,design_000184,30,7.5,0.023645088055440654
184,design_000184,40,10.0,0.028040248639427674
184,design_000184,50,12.5,0.02260738334514773
184,design_000184,60,15.0,0.019378054868841144
184,design_000184,70,17.5,0.015177658329746616
184,design_000184,80,20.0,0.020358757136677962
184,design_000184,90,22.5,0.025416641654010162
184,design_000184,100,25.0,0.02410452483065445
184,design_000184,110,27.5,0.021442667482946966
184,design_000184,120,30.0,0.011995445595570024
184,design_000184,130,32.5,0.010277345155317797
184,design_000184,140,35.0,0.009222449463051943
184,design_000184,150,37.5,0.0077125303482000395
184,design_000184,160,40.0,0.008718627881937332
184,design_000184,170,42.5,0.006658619928750161
184,design_000184,180,45.0,0.006481640220093794
185,design_000185,0,0.0,0.0021080923646183813
185,design_000185,10,2.5,0.008633273902083714
185,design_000185,20,5.0,0.02173843970919512
185,design_000185,30,7.5,0.04401841593523271
185,design_000185,40,10.0,0.03269329244991796
185,design_000185,50,12.5,0.03136792341742571
185,design_000185,60,15.0,0.027889553380629775
185,design_000185,70,17.5,0.016079087879010728
185,design_000185,80,20.0,0.010806269383905769
185,design_000185,90,22.5,0.011196459871536942
185,design_000185,100,25.0,0.010277554148909327
185,design_000185,110,27.5,0.009308289327773901
185,design_000185,120,30.0,0.0063459595664599865
185,design_000185,130,32.5,0.005898275524150048
185,design_000185,140,35.0,0.00510300306953022
185,design_000185,150,37.5,0.005845964151257505
185,design_000185,160,40.0,0.006843423848133457
185,design_000185,170,42.5,0.006230271446414959
185,design_000185,180,45.0,0.006581699312529306
186,design_000186,0,0.0,0.0021930753848015032
186,design_000186,10,2.5,0.0025452864745292986
186,design_000186,20,5.0,0.0193763043795858
186,design_000186,30,7.5,0.018715157169658853
186,design_000186,40,10.0,0.006248063015497393
186,design_000186,50,12.5,0.007716281937894741
186,design_000186,60,15.0,0.009279910159467143
186,design_000186,70,17.5,0.009481823099559661
186,design_000186,80,20.0,0.008451652759073655
186,design_000186,90,22.5,0.010196745204619332
186,design_000186,100,25.0,0.008232023444151831
186,design_000186,110,27.5,0.005239923536071354
186,design_000186,120,30.0,0.002839130567768136
186,design_000186,130,32.5,0.002398551391593809
186,design_000186,140,35.0,0.002481298517280222
186,design_000186,150,37.5,0.0029599465705847793
186,design_000186,160,40.0,0.005463257759551203
186,design_000186,170,42.5,0.005056279638458758
186,design_000186,180,45.0,0.00540920285660986
187,design_000187,0,0.0,0.002073628620724829
187,design_000187,10,2.5,0.019282953562500583
187,design_000187,20,5.0,0.03920336399344013
187,design_000187,30,7.5,0.05056751492203665
187,design_000187,40,10.0,0.052241614408897116
187,design_000187,50,12.5,0.037104474726146114
187,design_000187,60,15.0,0.02706036898167107
187,design_000187,70,17.5,0.013836894773898569
187,design_000187,80,20.0,0.012573916544071136
187,design_000187,90,22.5,0.016963413120466397
187,design_000187,100,25.0,0.015576829510083755
187,design_000187,110,27.5,0.010974912839199338
187,design_000187,120,30.0,0.00564029709627183
187,design_000187,130,32.5,0.003717971306404846
187,design_000187,140,35.0,0.004254215312522504
187,design_000187,150,37.5,0.0040129492582528115
187,design_000187,160,40.0,0.007966417998191826
187,design_000187,170,42.5,0.007232102334404166
187,design_000187,180,45.0,0.009168377724250668
188,design_000188,0,0.0,0.002403573273370683
188,design_000188,10,2.5,0.04991556881554258
188,design_000188,20,5.0,0.05396118735339137
188,design_000188,30,7.5,0.040567917580288895
188,design_000188,40,10.0,0.03062588344237547
188,design_000188,50,12.5,0.0343264637904553
188,design_000188,60,15.0,0.01879980249257692
188,design_000188,70,17.5,0.010840106821359233
188,design_000188,80,20.0,0.01006025281798929
188,design_000188,90,22.5,0.008097159315155752
188,design_000188,100,25.0,0.006449515450950798
188,design_000188,110,27.5,0.005519718028042313
188,design_000188,120,30.0,0.003062105980407617
188,design_000188,130,32.5,0.004370387439422101
188,design_000188,140,35.0,0.006452685761439886
188,design_000188,150,37.5,0.008012622159489797
188,design_000188,160,40.0,0.008377264592775043
188,design_000188,170,42.5,0.007313099032388408
188,design_000188,180,45.0,0.009130478861002957
189,design_000189,0,0.0,0.002037075268226011
189,design_000189,10,2.5,0.0023079783780758124
189,design_000189,20,5.0,0.007950566406619348
189,design_000189,30,7.5,0.032955165256181806
189,design_000189,40,10.0,0.06346517537886215
189,design_000189,50,12.5,0.08472059812322263
189,design_000189,60,15.0,0.10005453230184377
189,design_000189,70,17.5,0.08877312800490161
189,design_000189,80,20.0,0.06710959785112638
189,design_000189,90,22.5,0.052861899385380745
189,design_000189,100,25.0,0.04211690866170339
189,design_000189,110,27.5,0.03085017615388773
189,design_000189,120,30.0,0.015334633068072527
189,design_000189,130,32.5,0.01447818042393572
189,design_000189,140,35.0,0.017848858148270155
189,design_000189,150,37.5,0.012269104134943361
189,design_000189,160,40.0,0.01413229563426308
189,design_000189,170,42.5,0.01273058157884946
189,design_000189,180,45.0,0.013776390519888587
190,design_000190,0,0.0,0.0018765156833468865
190,design_000190,10,2.5,0.0007374780538206708
190,design_000190,20,5.0,0.005880483979145562
190,design_000190,30,7.5,0.025586106393469144
190,design_000190,40,10.0,0.04088074799906125
190,design_000190,50,12.5,0.03899381534720826
190,design_000190,60,15.0,0.033365561738022145
190,design_000190,70,17.5,0.019541319344421475
190,design_000190,80,20.0,0.011494088793341822
190,design_000190,90,22.5,0.008314679489790379
190,design_000190,100,25.0,0.004995042487353394
190,design_000190,110,27.5,0.0034419028163212304
190,design_000190,120,30.0,0.0023222589104927817
190,design_000190,130,32.5,0.0028491216642995824
190,design_000190,140,35.0,0.004241634974970141
190,design_000190,150,37.5,0.00421176934961295
190,design_000190,160,40.0,0.005788404468185409
190,design_000190,170,42.5,0.0074509348933011876
190,design_000190,180,45.0,0.009439946505760716
191,design_000191,0,0.0,0.002392342548734984
191,design_000191,10,2.5,0.05324780372319156
191,design_000191,20,5.0,0.11473333429683125
191,design_000191,30,7.5,0.034998700221043524
191,design_000191,40,10.0,0.016297825784218206
191,design_000191,50,12.5,0.018596840989071814
191,design_000191,60,15.0,0.020043014187802355
191,design_000191,70,17.5,0.015069153372090988
191,design_000191,80,20.0,0.008745426520190704
191,design_000191,90,22.5,0.008283540051678678
191,design_000191,100,25.0,0.0065378980263590515
191,design_000191,110,27.5,0.005338073204332647
191,design_000191,120,30.0,0.004676393840589866
191,design_000191,130,32.5,0.001718789216436564
191,design_000191,140,35.0,0.0026513279604914435
191,design_000191,150,37.5,0.0036732338989059546
191,design_000191,160,40.0,0.006960122359158646
191,design_000191,170,42.5,0.007487129093859842
191,design_000191,180,45.0,0.010646172049810512
192,design_000192,0,0.0,0.0020396390305074024
192,design_000192,10,2.5,0.004598114661820235
192,design_000192,20,5.0,0.0020202571334055662
192,design_000192,30,7.5,0.01634151092221542
192,design_000192,40,10.0,0.028393618951903017
192,design_000192,50,12.5,0.028727748659758485
192,design_000192,60,15.0,0.025702299364559523
192,design_000192,70,17.5,0.013432733239054426
192,design_000192,80,20.0,0.0058831953690421076
192,design_000192,90,22.5,0.004629065410123187
192,design_000192,100,25.0,0.0028338118755916854
192,design_000192,110,27.5,0.002093578281604434
192,design_000192,120,30.0,0.0015918292277714227
192,design_000192,130,32.5,0.0010569653492485602
192,design_000192,140,35.0,0.0027662176817693203
192,design_000192,150,37.5,0.0038832717923847565
192,design_000192,160,40.0,0.005901502376324769
192,design_000192,170,42.5,0.006961108366434596
192,design_000192,180,45.0,0.00890487184844848
193,design_000193,0,0.0,0.0022622417850568506
193,design_000193,10,2.5,0.004966228429637079
193,design_000193,20,5.0,0.0023558709975445725
193,design_000193,30,7.5,0.008015776194115047
193,design_000193,40,10.0,0.012341308343163371
193,design_000193,50,12.5,0.016600826170920013
193,design_000193,60,15.0,0.01716669416227107
193,design_000193,70,17.5,0.012294090855729117
193,design_000193,80,20.0,0.007907671391105733
193,design_000193,90,22.5,0.00810832494538433
193,design_000193,100,25.0,0.008260601159083862
193,design_000193,110,27.5,0.007933949558203961
193,design_000193,120,30.0,0.00430843324285515
193,design_000193,130,32.5,0.004163280373483383
193,design_000193,140,35.0,0.0054434143234314706
193,design_000193,150,37.5,0.006170472133678946
193,design_000193,160,40.0,0.005472378436452253
193,design_000193,170,42.5,0.005351035766641289
193,design_000193,180,45.0,0.0062874555584786175
194,design_000194,0,0.0,0.0021411821849937817
194,design_000194,10,2.5,0.012347218890216463
194,design_000194,20,5.0,0.07105914317066195
194,design_000194,30,7.5,0.1044622783989486
194,design_000194,40,10.0,0.12233315493801754
194,design_000194,50,12.5,0.10796292613561378
194,design_000194,60,15.0,0.09192819414854457
194,design_000194,70,17.5,0.06393448526868564
194,design_000194,80,20.0,0.04215543610187362
194,design_000194,90,22.5,0.03280363984021584
194,design_000194,100,25.0,0.020284189286336657
194,design_000194,110,27.5,0.011880270207251345
194,design_000194,120,30.0,0.004678682152770963
194,design_000194,130,32.5,0.002856204129664744
194,design_000194,140,35.0,0.003565960099345021
194,design_000194,150,37.5,0.0033681293424333036
194,design_000194,160,40.0,0.006761466711377114
194,design_000194,170,42.5,0.007552801785239273
194,design_000194,180,45.0,0.01049344677303881
195,design_000195,0,0.0,0.0019936532630859833
195,design_000195,10,2.5,0.025917414631959873
195,design_000195,20,5.0,0.1622107173795796
195,design_000195,30,7.5,0.10090236729159277
195,design_000195,40,10.0,0.028437217123029986
195,design_000195,50,12.5,0.019114999671310404
195,design_000195,60,15.0,0.011715516866035364
195,design_000195,70,17.5,0.008301380233687301
195,design_000195,80,20.0,0.010451516847114655
195,design_000195,90,22.5,0.014331039143753102
195,design_000195,100,25.0,0.014187141146840585
195,design_000195,110,27.5,0.01362370506007232
195,design_000195,120,30.0,0.008637434341266462
195,design_000195,130,32.5,0.008355331659461639
195,design_000195,140,35.0,0.008673918943945832
195,design_000195,150,37.5,0.00967914616229061
195,design_000195,160,40.0,0.010787158762642121
195,design_000195,170,42.5,0.009325742901808952
195,design_000195,180,45.0,0.010606211463240329
196,design_000196,0,0.0,0.0022552178313973935
196,design_000196,10,2.5,0.04178303607002098
196,design_000196,20,5.0,0.009239092573711274
196,design_000196,30,7.5,0.009343539567189595
196,design_000196,40,10.0,0.01568246108915204
196,design_000196,50,12.5,0.023079893361228974
196,design_000196,60,15.0,0.02718192271242577
196,design_000196,70,17.5,0.026502096352662326
196,design_000196,80,20.0,0.02668174232488571
196,design_000196,90,22.5,0.02883446706348279
196,design_000196,100,25.0,0.023384768300572
196,design_000196,110,27.5,0.013351967678955537
196,design_000196,120,30.0,0.005140130166282165
196,design_000196,130,32.5,0.003999214891744945
196,design_000196,140,35.0,0.00450509696614049
196,design_000196,150,37.5,0.004358452527108599
196,design_000196,160,40.0,0.005082816517889648
196,design_000196,170,42.5,0.005944651122753131
196,design_000196,180,45.0,0.007435068505614177
197,design_000197,0,0.0,0.0023759646721603234
197,design_000197,10,2.5,0.02774957888330742
197,design_000197,20,5.0,0.011931097808154682
197,design_000197,30,7.5,0.028478509697725484
197,design_000197,40,10.0,0.05118433574952412
197,design_000197,50,12.5,0.05430975177430583
197,design_000197,60,15.0,0.045035603224075696
197,design_000197,70,17.5,0.030103759379559107
197,design_000197,80,20.0,0.014223844443889196
197,design_000197,90,22.5,0.006236587594150737
197,design_000197,100,25.0,0.0025570279887526474
197,design_000197,110,27.5,0.003120909838471687
197,design_000197,120,30.0,0.0014022062871646202
197,design_000197,130,32.5,0.002603935106879107
197,design_000197,140,35.0,0.004625461510452849
197,design_000197,150,37.5,0.004926472491961583
197,design_000197,160,40.0,0.006643702128224856
197,design_000197,170,42.5,0.007004703515737301
197,design_000197,180,45.0,0.008435352180405108
198,design_000198,0,0.0,0.0018235334580143513
198,design_000198,10,2.5,0.02649500775658413
198,design_000198,20,5.0,0.11381749837578883
198,design_000198,30,7.5,0.19266351750904664
198,design_000198,40,10.0,0.20186963931059335
198,design_000198,50,12.5,0.11073745171704602
198,design_000198,60,15.0,0.046906903303081754
198,design_000198,70,17.5,0.01829028025089157
198,design_000198,80,20.0,0.009803973709605632
198,design_000198,90,22.5,0.006306862616057695
198,design_000198,100,25.0,0.005977192101558157
198,design_000198,110,27.5,0.007587132278931437
198,design_000198,120,30.0,0.006349271108806646
198,design_000198,130,32.5,0.008918146333405107
198,design_000198,140,35.0,0.01201681611152957
198,design_000198,150,37.5,0.013820431226446425
198,design_000198,160,40.0,0.01728376668812241
198,design_000198,170,42.5,0.015403092475941951
198,design_000198,180,45.0,0.015639082513421984
199,design_000199,0,0.0,0.0023023925093256757
199,design_000199,10,2.5,0.018413117294637286
199,design_000199,20,5.0,0.03539229145372344
199,design_000199,30,7.5,0.03594049769775341
199,design_000199,40,10.0,0.03429791972640804
199,design_000199,50,12.5,0.039874560415601584
199,design_000199,60,15.0,0.041650891208996475
199,design_000199,70,17.5,0.028371312389813094
199,design_000199,80,20.0,0.016625818264956935
199,design_000199,90,22.5,0.013278486997343538
199,design_000199,100,25.0,0.0077343264538642905
199,design_000199,110,27.5,0.0038907969317694855
199,design_000199,120,30.0,0.002846160512654376
199,design_000199,130,32.5,0.0029700160984532094
199,design_000199,140,35.0,0.003932497037876943
199,design_000199,150,37.5,0.003618695432254878
199,design_000199,160,40.0,0.005990300757896593
199,design_000199,170,42.5,0.006948891692341792
199,design_000199,180,45.0,0.01029790144267213
200,design_000200,0,0.0,0.0024282749207841974
200,design_000200,10,2.5,0.021599840893816703
200,design_000200,20,5.0,0.025715390233352703
200,design_000200,30,7.5,0.018626600120027655
200,design_000200,40,10.0,0.01742449784230565
200,design_000200,50,12.5,0.015701987321041777
200,design_000200,60,15.0,0.013423252231889535
200,design_000200,70,17.5,0.005903903981982263
200,design_000200,80,20.0,0.006170567602444779
200,design_000200,90,22.5,0.008761816407385416
200,design_000200,100,25.0,0.008594540864740494
200,design_000200,110,27.5,0.006839984606105947
200,design_000200,120,30.0,0.0015079088256841895
200,design_000200,130,32.5,0.002469599615266155
200,design_000200,140,35.0,0.005140622043160882
200,design_000200,150,37.5,0.007399898147857395
200,design_000200,160,40.0,0.007992970410277973
200,design_000200,170,42.5,0.0073054485811086135
200,design_000200,180,45.0,0.008522159503161604
201,design_000201,0,0.0,0.0019187875126639759
201,design_000201,10,2.5,0.009435346655575253
201,design_000201,20,5.0,0.020931590632203505
201,design_000201,30,7.5,0.03289766712435099
201,design_000201,40,10.0,0.03256404931119146
201,design_000201,50,12.5,0.0236858768050199
201,design_000201,60,15.0,0.021795085110090297
201,design_000201,70,17.5,0.014897532863585389
201,design_000201,80,20.0,0.009743540894984368
201,design_000201,90,22.5,0.00978937032582436
201,design_000201,100,25.0,0.006428538253881726
201,design_000201,110,27.5,0.0045561390364664955
201,design_000201,120,30.0,0.002115928110814336
201,design_000201,130,32.5,0.0020276186175580066
201,design_000201,140,35.0,0.0038943535177938617
201,design_000201,150,37.5,0.003550997450239914
201,design_000201,160,40.0,0.005374224273744342
201,design_000201,170,42.5,0.0049832366545197035
201,design_000201,180,45.0,0.007182538036052837
202,design_000202,0,0.0,0.002252206687171115
202,design_000202,10,2.5,0.0057077851270365704
202,design_000202,20,5.0,0.009230814435946238
202,design_000202,30,7.5,0.013648263449973972
202,design_000202,40,10.0,0.0165379803174143
202,design_000202,50,12.5,0.01609920212338833
202,design_000202,60,15.0,0.015342997765120072
202,design_000202,70,17.5,0.008971914557905391
202,design_000202,80,20.0,0.00499777390343888
202,design_000202,90,22.5,0.008275675166544316
202,design_000202,100,25.0,0.008613785541478446
202,design_000202,110,27.5,0.006699769280739676
202,design_000202,120,30.0,0.0026735476788142597
202,design_000202,130,32.5,0.0031380457259121905
202,design_000202,140,35.0,0.004944659408621427
202,design_000202,150,37.5,0.005848541196218032
202,design_000202,160,40.0,0.0069075336575376775
202,design_000202,170,42.5,0.00644878943380303
202,design_000202,180,45.0,0.007640893423599433
203,design_000203,0,0.0,0.002221300910864748
203,design_000203,10,2.5,0.00734650356940501
203,design_000203,20,5.0,0.007452937683332953
203,design_000203,30,7.5,0.006798816563814226
203,design_000203,40,10.0,0.016801400145121728
203,design_000203,50,12.5,0.024876899827738334
203,design_000203,60,15.0,0.02584482507094061
203,design_000203,70,17.5,0.021928874758370225
203,design_000203,80,20.0,0.018929650505876926
203,design_000203,90,22.5,0.017492731204149868
203,design_000203,100,25.0,0.013157866375593711
203,design_000203,110,27.5,0.006818042273779699
203,design_000203,120,30.0,0.0040920950556106355
203,design_000203,130,32.5,0.002369018189658331
203,design_000203,140,35.0,0.0026859442017802475
203,design_000203,150,37.5,0.0031069737799634643
203,design_000203,160,40.0,0.004920028380661084
203,design_000203,170,42.5,0.006792082489307197
203,design_000203,180,45.0,0.008388874697035332
204,design_000204,0,0.0,0.0023472502058388997
204,design_000204,10,2.5,0.01114281829556378
204,design_000204,20,5.0,0.028565659832889764
204,design_000204,30,7.5,0.014286095457327303
204,design_000204,40,10.0,0.014580447377926345
204,design_000204,50,12.5,0.021536624002372447
204,design_000204,60,15.0,0.02091517433452352
204,design_000204,70,17.5,0.021825752626298725
204,design_000204,80,20.0,0.023211943587129594
204,design_000204,90,22.5,0.027803398940332565
204,design_000204,100,25.0,0.022389230599625908
204,design_000204,110,27.5,0.012328178012784165
204,design_000204,120,30.0,0.004826897495062107
204,design_000204,130,32.5,0.002058709771008285
204,design_000204,140,35.0,0.002521424776121727
204,design_000204,150,37.5,0.003255717349862716
204,design_000204,160,40.0,0.005394643851701668
204,design_000204,170,42.5,0.004529933305110255
204,design_000204,180,45.0,0.006548020819916138
205,design_000205,0,0.0,0.002336365894880032
205,design_000205,10,2.5,0.010969986611961621
205,design_000205,20,5.0,0.022219377764038786
205,design_000205,30,7.5,0.012997755430436447
205,design_000205,40,10.0,0.020177359745977903
205,design_000205,50,12.5,0.012568661695605391
205,design_000205,60,15.0,0.00929717398731417
205,design_000205,70,17.5,0.006345294352043252
205,design_000205,80,20.0,0.0030947413272121704
205,design_000205,90,22.5,0.004761277544234265
205,design_000205,100,25.0,0.005605592734867585
205,design_000205,110,27.5,0.0065650081043978365
205,design_000205,120,30.0,0.003646456748704216
205,design_000205,130,32.5,0.004858764796726302
205,design_000205,140,35.0,0.006074467749960795
205,design_000205,150,37.5,0.006461514075901491
205,design_000205,160,40.0,0.005362800298637395
205,design_000205,170,42.5,0.0036132519660761015
205,design_000205,180,45.0,0.004631959698391163
206,design_000206,0,0.0,0.0019971336609551065
206,design_000206,10,2.5,0.0022548814868396687
206,design_000206,20,5.0,0.007135311772124033
206,design_000206,30,7.5,0.02692639046119339
206,design_000206,40,10.0,0.03086594310489526
206,design_000206,50,12.5,0.031844171411852695
206,design_000206,60,15.0,0.03083011686226387
206,design_000206,70,17.5,0.024189735274929684
206,design_000206,80,20.0,0.017612519624449593
206,design_000206,90,22.5,0.017246868075161414
206,design_000206,100,25.0,0.014954888776477033
206,design_000206,110,27.5,0.010476002237157887
206,design_000206,120,30.0,0.004881214648036008
206,design_000206,130,32.5,0.004410098393061521
206,design_000206,140,35.0,0.004984169956889616
206,design_000206,150,37.5,0.005266507290438776
206,design_000206,160,40.0,0.00646612223420584
206,design_000206,170,42.5,0.0059607027120907475
206,design_000206,180,45.0,0.007355124083025374
207,design_000207,0,0.0,0.002406094809016721
207,design_000207,10,2.5,0.005517234804963262
207,design_000207,20,5.0,0.03368424097785884
207,design_000207,30,7.5,0.06012573758099713
207,design_000207,40,10.0,0.06293095114282149
207,design_000207,50,12.5,0.055273101145971434
207,design_000207,60,15.0,0.04626309284901932
207,design_000207,70,17.5,0.03223313894250135
207,design_000207,80,20.0,0.01783029370509098
207,design_000207,90,22.5,0.011451343670306176
207,design_000207,100,25.0,0.005798252357332581
207,design_000207,110,27.5,0.0028392798326395134
207,design_000207,120,30.0,0.0006104075785787982
207,design_000207,130,32.5,0.0014694421320918213
207,design_000207,140,35.0,0.002429618231319921
207,design_000207,150,37.5,0.0032788470706684005
207,design_000207,160,40.0,0.004991907872146795
207,design_000207,170,42.5,0.0048987584882610345
207,design_000207,180,45.0,0.007261080740012726
208,design_000208,0,0.0,0.002247235621173999
208,design_000208,10,2.5,0.010185149189679957
208,design_000208,20,5.0,0.07461287871251254
208,design_000208,30,7.5,0.14179318996644794
208,design_000208,40,10.0,0.16137189741884234
208,design_000208,50,12.5,0.11736325624242104
208,design_000208,60,15.0,0.06623169932947622
208,design_000208,70,17.5,0.03503649582359446
208,design_000208,80,20.0,0.017286979711203028
208,design_000208,90,22.5,0.008825977640790128
208,design_000208,100,25.0,0.005593249435024691
208,design_000208,110,27.5,0.005523662821578476
208,design_000208,120,30.0,0.0039124767464009235
208,design_000208,130,32.5,0.003979776445345683
208,design_000208,140,35.0,0.0062826174835690736
208,design_000208,150,37.5,0.006905689839941349
208,design_000208,160,40.0,0.009863300285392066
208,design_000208,170,42.5,0.007932770986703901
208,design_000208,180,45.0,0.009872807823363628
209,design_000209,0,0.0,0.0020246599717906495
209,design_000209,10,2.5,0.00614951612755086
209,design_000209,20,5.0,0.04631322201448374
209,design_000209,30,7.5,0.10074472525399533
209,design_000209,40,10.0,0.09799646582071664
209,design_000209,50,12.5,0.048355369112569276
209,design_000209,60,15.0,0.030433154531818843
209,design_000209,70,17.5,0.018734034756206108
209,design_000209,80,20.0,0.010209627331062586
209,design_000209,90,22.5,0.01018525675914143
209,design_000209,100,25.0,0.0063972432629735045
209,design_000209,110,27.5,0.003248238370740214
209,design_000209,120,30.0,0.0009007587115464073
209,design_000209,130,32.5,0.0009115895320141348
209,design_000209,140,35.0,0.0034281918577342375
209,design_000209,150,37.5,0.004645382676311039
209,design_000209,160,40.0,0.006597195119157224
209,design_000209,170,42.5,0.009103966509853484
209,design_000209,180,45.0,0.012695229217170069
210,design_000210,0,0.0,0.002216309518863959
210,design_000210,10,2.5,0.009873389821694044
210,design_000210,20,5.0,0.027985655968349305
210,design_000210,30,7.5,0.025265093174903178
210,design_000210,40,10.0,0.026641387893900442
210,design_000210,50,12.5,0.031179812561976643
210,design_000210,60,15.0,0.02440890048710637
210,design_000210,70,17.5,0.020736522648478736
210,design_000210,80,20.0,0.015310712241304597
210,design_000210,90,22.5,0.014153533036244444
210,design_000210,100,25.0,0.010258661606610313
210,design_000210,110,27.5,0.007066204839368319
210,design_000210,120,30.0,0.00262794319662255
210,design_000210,130,32.5,0.002929348931119593
210,design_000210,140,35.0,0.004255221524238979
210,design_000210,150,37.5,0.0038384444325523567
210,design_000210,160,40.0,0.006183964530123134
210,design_000210,170,42.5,0.004383256239917749
210,design_000210,180,45.0,0.006255417993369155
211,design_000211,0,0.0,0.0018834801522809945
211,design_000211,10,2.5,0.014649779912269243
211,design_000211,20,5.0,0.08715107154282879
211,design_000211,30,7.5,0.07827585947746335
211,design_000211,40,10.0,0.02185330960218955
211,design_000211,50,12.5,0.01079564907822425
211,design_000211,60,15.0,0.010432846413377135
211,design_000211,70,17.5,0.006143238360611045
211,design_000211,80,20.0,0.004280258350355135
211,design_000211,90,22.5,0.007150361462225418
211,design_000211,100,25.0,0.006448594450111157
211,design_000211,110,27.5,0.004483982274531952
211,design_000211,120,30.0,0.002329540667390946
211,design_000211,130,32.5,0.0020281706400038083
211,design_000211,140,35.0,0.0037255949805567704
211,design_000211,150,37.5,0.005346679091032706
211,design_000211,160,40.0,0.00866010124854719
211,design_000211,170,42.5,0.010027974394506596
211,design_000211,180,45.0,0.012064947705477226
212,design_000212,0,0.0,0.002027853678318087
212,design_000212,10,2.5,0.002657820586440575
212,design_000212,20,5.0,0.016474241186133498
212,design_000212,30,7.5,0.04829665364661265
212,design_000212,40,10.0,0.07989170389990778
212,design_000212,50,12.5,0.030688228468265653
212,design_000212,60,15.0,0.0166006341245777
212,design_000212,70,17.5,0.011028318152243156
212,design_000212,80,20.0,0.008596182355309134
212,design_000212,90,22.5,0.009123934166984229
212,design_000212,100,25.0,0.006679538823406781
212,design_000212,110,27.5,0.005709238416607375
212,design_000212,120,30.0,0.004569580637757397
212,design_000212,130,32.5,0.002233427092228922
212,design_000212,140,35.0,0.002138334544157316
212,design_000212,150,37.5,0.0027435602930001553
212,design_000212,160,40.0,0.0056959676617228325
212,design_000212,170,42.5,0.005094958251735975
212,design_000212,180,45.0,0.007190745075380709
213,design_000213,0,0.0,0.0021839933082637504
213,design_000213,10,2.5,0.014596161216475861
213,design_000213,20,5.0,0.05135726277733059
213,design_000213,30,7.5,0.034141624879484495
213,design_000213,40,10.0,0.02959908213436721
213,design_000213,50,12.5,0.018954709041034426
213,design_000213,60,15.0,0.015518641031110138
213,design_000213,70,17.5,0.01295478184916395
213,design_000213,80,20.0,0.01574178309066606
213,design_000213,90,22.5,0.01702208870194037
213,design_000213,100,25.0,0.015170367284405371
213,design_000213,110,27.5,0.011871867786770527
213,design_000213,120,30.0,0.008312276570801892
213,design_000213,130,32.5,0.008356376195635418
213,design_000213,140,35.0,0.00799542439327236
213,design_000213,150,37.5,0.00797755482085015
213,design_000213,160,40.0,0.0066340382256072855
213,design_000213,170,42.5,0.006350219093330819
213,design_000213,180,45.0,0.0072543933752554956
214,design_000214,0,0.0,0.002197307951633527
214,design_000214,10,2.5,0.034683095914393
214,design_000214,20,5.0,0.017537232401101825
214,design_000214,30,7.5,0.00904385826744224
214,design_000214,40,10.0,0.018789190769190806
214,design_000214,50,12.5,0.026332932604938852
214,design_000214,60,15.0,0.03124626060053775
214,design_000214,70,17.5,0.035953457666109925
214,design_000214,80,20.0,0.03402223690522384
214,design_000214,90,22.5,0.03739384645616837
214,design_000214,100,25.0,0.03013593326897462
214,design_000214,110,27.5,0.017720140607712945
214,design_000214,120,30.0,0.006350889503904335
214,design_000214,130,32.5,0.003766663989239036
214,design_000214,140,35.0,0.004624477429073688
214,design_000214,150,37.5,0.0043830355875774975
214,design_000214,160,40.0,0.005133168393727704
214,design_000214,170,42.5,0.004816372657144755
214,design_000214,180,45.0,0.007104667370324095
215,design_000215,0,0.0,0.0021029578736347816
215,design_000215,10,2.5,0.0019784580726604087
215,design_000215,20,5.0,0.008412324734431589
215,design_000215,30,7.5,0.034436680253719876
215,design_000215,40,10.0,0.06665262273886172
215,design_000215,50,12.5,0.07929095799364938
215,design_000215,60,15.0,0.07627956409958478
215,design_000215,70,17.5,0.05798178962176433
215,design_000215,80,20.0,0.04536733049016254
215,design_000215,90,22.5,0.03289000921492472
215,design_000215,100,25.0,0.026844403926908893
215,design_000215,110,27.5,0.023770823246343324
215,design_000215,120,30.0,0.013614539762242195
215,design_000215,130,32.5,0.017413308910684253
215,design_000215,140,35.0,0.016578412382367312
215,design_000215,150,37.5,0.012804771756142964
215,design_000215,160,40.0,0.0140675122655666
215,design_000215,170,42.5,0.012488012187893246
215,design_000215,180,45.0,0.012483573725718379
216,design_000216,0,0.0,0.00234754056751197
216,design_000216,10,2.5,0.0027331460785470748
216,design_000216,20,5.0,0.007687507194016044
216,design_000216,30,7.5,0.016341632443352037
216,design_000216,40,10.0,0.015022781078179243
216,design_000216,50,12.5,0.007177196525280774
216,design_000216,60,15.0,0.006265957979411926
216,design_000216,70,17.5,0.002653696294558019
216,design_000216,80,20.0,0.0012694075666660701
216,design_000216,90,22.5,0.0031668803045939967
216,design_000216,100,25.0,0.00392853862414249
216,design_000216,110,27.5,0.0033352044756696075
216,design_000216,120,30.0,0.0023959021811826046
216,design_000216,130,32.5,0.0020585534011745305
216,design_000216,140,35.0,0.0035664260854831853
216,design_000216,150,37.5,0.004025862869131695
216,design_000216,160,40.0,0.005861605865437955
216,design_000216,170,42.5,0.007391095718516916
216,design_000216,180,45.0,0.0077405325405335654
217,design_000217,0,0.0,0.0021715746388465077
217,design_000217,10,2.5,0.002763733754039643
217,design_000217,20,5.0,0.022740813347835582
217,design_000217,30,7.5,0.041360910857302736
217,design_000217,40,10.0,0.023820935899687926
217,design_000217,50,12.5,0.021213400255924084
217,design_000217,60,15.0,0.022889932639185134
217,design_000217,70,17.5,0.019859524969140934
217,design_000217,80,20.0,0.014957332654695022
217,design_000217,90,22.5,0.013710851694173883
217,design_000217,100,25.0,0.008430370862595456
217,design_000217,110,27.5,0.005567269654266325
217,design_000217,120,30.0,0.003384769430640578
217,design_000217,130,32.5,0.001617158612956673
217,design_000217,140,35.0,0.002423117973394168
217,design_000217,150,37.5,0.003362843018485804
217,design_000217,160,40.0,0.007967826806674998
217,design_000217,170,42.5,0.0077863261335688674
217,design_000217,180,45.0,0.009791889293624836
218,design_000218,0,0.0,0.002113750225681546
218,design_000218,10,2.5,0.002419444866783706
218,design_000218,20,5.0,0.0025703383627621013
218,design_000218,30,7.5,0.008985959335506355
218,design_000218,40,10.0,0.015450880070122987
218,design_000218,50,12.5,0.02444825372416058
218,design_000218,60,15.0,0.02027067034532997
218,design_000218,70,17.5,0.014237663033264632
218,design_000218,80,20.0,0.009807268678944926
218,design_000218,90,22.5,0.009453555809290536
218,design_000218,100,25.0,0.00812355397333836
218,design_000218,110,27.5,0.0052313220317873185
218,design_000218,120,30.0,0.0039972242148162826
218,design_000218,130,32.5,0.0032260320678224163
218,design_000218,140,35.0,0.0030889882681088485
218,design_000218,150,37.5,0.0038111688852040435
218,design_000218,160,40.0,0.004099206496613436
218,design_000218,170,42.5,0.00423909253293113
218,design_000218,180,45.0,0.006477805819179993
219,design_000219,0,0.0,0.0021276978939329407
219,design_000219,10,2.5,0.005030574787284976
219,design_000219,20,5.0,0.031163878400426975
219,design_000219,30,7.5,0.0699328279188769
219,design_000219,40,10.0,0.08204728630969421
219,design_000219,50,12.5,0.048269695870145984
219,design_000219,60,15.0,0.03257901923985461
219,design_000219,70,17.5,0.017831471472515965
219,design_000219,80,20.0,0.012478500121611679
219,design_000219,90,22.5,0.013649112116681354
219,design_000219,100,25.0,0.009313638933672257
219,design_000219,110,27.5,0.0055501765905697446
219,design_000219,120,30.0,0.0027633914152109243
219,design_000219,130,32.5,0.003077698376437279
219,design_000219,140,35.0,0.005324743019769377
219,design_000219,150,37.5,0.0052713545037820836
219,design_000219,160,40.0,0.008317883944180853
219,design_000219,170,42.5,0.009452084118560968
219,design_000219,180,45.0,0.009888860357904265
220,design_000220,0,0.0,0.0020190668840966526
220,design_000220,10,2.5,0.02166469778583647
220,design_000220,20,5.0,0.12278554208087544
220,design_000220,30,7.5,0.2082724469069393
220,design_000220,40,10.0,0.23149588790833348
220,design_000220,50,12.5,0.16634523523308675
220,design_000220,60,15.0,0.1020463082072613
220,design_000220,70,17.5,0.06806201041100512
220,design_000220,80,20.0,0.0483595806428601
220,design_000220,90,22.5,0.03645973963011021
220,design_000220,100,25.0,0.02700620194380081
220,design_000220,110,27.5,0.02045826125605879
220,design_000220,120,30.0,0.012536367284477564
220,design_000220,130,32.5,0.015486054552552371
220,design_000220,140,35.0,0.016826406400891194
220,design_000220,150,37.5,0.01485009657666795
220,design_000220,160,40.0,0.014502242078463942
220,design_000220,170,42.5,0.014601203877311248
220,design_000220,180,45.0,0.016980492249707976
221,design_000221,0,0.0,0.0021477649392313146
221,design_000221,10,2.5,0.0071101322619786505
221,design_000221,20,5.0,0.013903304485261338
221,design_000221,30,7.5,0.026420951868671484
221,design_000221,40,10.0,0.02377924592873396
221,design_000221,50,12.5,0.021106184073768117
221,design_000221,60,15.0,0.01970747926407255
221,design_000221,70,17.5,0.01074131407225884
221,design_000221,80,20.0,0.007347796371977394
221,design_000221,90,22.5,0.010767198374676008
221,design_000221,100,25.0,0.010058117050697809
221,design_000221,110,27.5,0.005743678186288417
221,design_000221,120,30.0,0.0030109253161964907
221,design_000221,130,32.5,0.0014427300612273918
221,design_000221,140,35.0,0.0025431498508419062
221,design_000221,150,37.5,0.003587122282979891
221,design_000221,160,40.0,0.006921686131231262
221,design_000221,170,42.5,0.0076213548191867405
221,design_000221,180,45.0,0.008899118052618747
222,design_000222,0,0.0,0.001987302229744738
222,design_000222,10,2.5,0.055504028774806397
222,design_000222,20,5.0,0.005948528514102254
222,design_000222,30,7.5,0.0056527813666113515
222,design_000222,40,10.0,0.013350223611530548
222,design_000222,50,12.5,0.02119890149766712
222,design_000222,60,15.0,0.023782246942721626
222,design_000222,70,17.5,0.019563111200104906
222,design_000222,80,20.0,0.017781083215673246
222,design_000222,90,22.5,0.016728085274806015
222,design_000222,100,25.0,0.011917616139136899
222,design_000222,110,27.5,0.005173067931272727
222,design_000222,120,30.0,0.0023757421419394356
222,design_000222,130,32.5,0.001667249996278331
222,design_000222,140,35.0,0.0023994922280142356
222,design_000222,150,37.5,0.003162567211431708
222,design_000222,160,40.0,0.005056923755529826
222,design_000222,170,42.5,0.006572831959436282
222,design_000222,180,45.0,0.008353216884598284
223,design_000223,0,0.0,0.002212165745117561
223,design_000223,10,2.5,0.011426242688014716
223,design_000223,20,5.0,0.007029876013919332
223,design_000223,30,7.5,0.015777317130108062
223,design_000223,40,10.0,0.024161219044606955
223,design_000223,50,12.5,0.02229575231947011
223,design_000223,60,15.0,0.023176879359684
223,design_000223,70,17.5,0.011713200833594858
223,design_000223,80,20.0,0.007456483233562779
223,design_000223,90,22.5,0.008230550040882011
223,design_000223,100,25.0,0.007041328185969117
223,design_000223,110,27.5,0.0060497070428150185
223,design_000223,120,30.0,0.004557569933898175
223,design_000223,130,32.5,0.0027521671605874667
223,design_000223,140,35.0,0.003335943294076044
223,design_000223,150,37.5,0.0038437239582116453
223,design_000223,160,40.0,0.006213014529514697
223,design_000223,170,42.5,0.006107423819540761
223,design_000223,180,45.0,0.006951969393007634
224,design_000224,0,0.0,0.002207673446309472
224,design_000224,10,2.5,0.005135491215864002
224,design_000224,20,5.0,0.01620966357256328
224,design_000224,30,7.5,0.010051826380359967
224,design_000224,40,10.0,0.008094956055715188
224,design_000224,50,12.5,0.013628738271031624
224,design_000224,60,15.0,0.014899770204606538
224,design_000224,70,17.5,0.015370425451668555
224,design_000224,80,20.0,0.013976883489636752
224,design_000224,90,22.5,0.01542161081212072
224,design_000224,100,25.0,0.012021617274418946
224,design_000224,110,27.5,0.006825668166406309
224,design_000224,120,30.0,0.0026279108119556974
224,design_000224,130,32.5,0.0027255113323236763
224,design_000224,140,35.0,0.003213065145816465
224,design_000224,150,37.5,0.002666436616875521
224,design_000224,160,40.0,0.0037553603847140455
224,design_000224,170,42.5,0.004172953719149325
224,design_000224,180,45.0,0.005251134715402286
225,design_000225,0,0.0,0.002043273448750443
225,design_000225,10,2.5,0.009424913643908605
225,design_000225,20,5.0,0.0037260685327365644
225,design_000225,30,7.5,0.010591054061875691
225,design_000225,40,10.0,0.020413605939531343
225,design_000225,50,12.5,0.029009876926879282
225,design_000225,60,15.0,0.031134615176166804
225,design_000225,70,17.5,0.021288553658778818
225,design_000225,80,20.0,0.016923274519330674
225,design_000225,90,22.5,0.01691693513864543
225,design_000225,100,25.0,0.01352439303689362
225,design_000225,110,27.5,0.008178018695881266
225,design_000225,120,30.0,0.00478385231855824
225,design_000225,130,32.5,0.002955468437118328
225,design_000225,140,35.0,0.002977052638440213
225,design_000225,150,37.5,0.003709692356691975
225,design_000225,160,40.0,0.006292874052446095
225,design_000225,170,42.5,0.006536188044790756
225,design_000225,180,45.0,0.008103438669204316
226,design_000226,0,0.0,0.0021565329599418205
226,design_000226,10,2.5,0.011838055206627937
226,design_000226,20,5.0,0.04280000878754883
226,design_000226,30,7.5,0.0037831867882410566
226,design_000226,40,10.0,0.009077349347922273
226,design_000226,50,12.5,0.01730811480451145
226,design_000226,60,15.0,0.02298519270469638
226,design_000226,70,17.5,0.023153132144823237
226,design_000226,80,20.0,0.018816463592053127
226,design_000226,90,22.5,0.017272565929824922
226,design_000226,100,25.0,0.010492489714042437
226,design_000226,110,27.5,0.005450132654320051
226,design_000226,120,30.0,0.0027035778261701032
226,design_000226,130,32.5,0.0024183323962420726
226,design_000226,140,35.0,0.00338809616273486
226,design_000226,150,37.5,0.004255822252061867
226,design_000226,160,40.0,0.006244172256352017
226,design_000226,170,42.5,0.008076184063801247
226,design_000226,180,45.0,0.009666896194575515
227,design_000227,0,0.0,0.0021131046651599317
227,design_000227,10,2.5,0.0097828660602475
227,design_000227,20,5.0,0.004159628606796198
227,design_000227,30,7.5,0.008009352812440862
227,design_000227,40,10.0,0.017568161726086294
227,design_000227,50,12.5,0.027241492288112675
227,design_000227,60,15.0,0.03258638752745299
227,design_000227,70,17.5,0.03632507597274068
227,design_000227,80,20.0,0.031782269513312304
227,design_000227,90,22.5,0.03107448331381939
227,design_000227,100,25.0,0.024037629431789102
227,design_000227,110,27.5,0.012976128516932334
227,design_000227,120,30.0,0.005699476824326384
227,design_000227,130,32.5,0.0036245992661973828
227,design_000227,140,35.0,0.005811941262818449
227,design_000227,150,37.5,0.006690390318860446
227,design_000227,160,40.0,0.007803645598454562
227,design_000227,170,42.5,0.008905230716889995
227,design_000227,180,45.0,0.011963281063361383
228,design_000228,0,0.0,0.0021039250894234023
228,design_000228,10,2.5,0.004966824504846886
228,design_000228,20,5.0,0.025399463036249827
228,design_000228,30,7.5,0.05093118756590448
228,design_000228,40,10.0,0.07246066001731549
228,design_000228,50,12.5,0.0684029820240745
228,design_000228,60,15.0,0.057695021405988256
228,design_000228,70,17.5,0.03188464329268549
228,design_000228,80,20.0,0.020583165373464458
228,design_000228,90,22.5,0.012890422437305472
228,design_000228,100,25.0,0.007507132061380683
228,design_000228,110,27.5,0.004885265575882952
228,design_000228,120,30.0,0.0020790525446069555
228,design_000228,130,32.5,0.004686010775033389
228,design_000228,140,35.0,0.007387644807356361
228,design_000228,150,37.5,0.007933397829362886
228,design_000228,160,40.0,0.01059564606367236
228,design_000228,170,42.5,0.009946094332408454
228,design_000228,180,45.0,0.010972529984928921
229,design_000229,0,0.0,0.0021276873452430313
229,design_000229,10,2.5,0.0034771366912841927
229,design_000229,20,5.0,0.005721396180598643
229,design_000229,30,7.5,0.025517910917364058
229,design_000229,40,10.0,0.03166059375515648
229,design_000229,50,12.5,0.034298512805318676
229,design_000229,60,15.0,0.04525202245526961
229,design_000229,70,17.5,0.04480438107850086
229,design_000229,80,20.0,0.041061101201369604
229,design_000229,90,22.5,0.04087723188448033
229,design_000229,100,25.0,0.03456933265081842
229,design_000229,110,27.5,0.026038114428807334
229,design_000229,120,30.0,0.013795287370566484
229,design_000229,130,32.5,0.012082032404439405
229,design_000229,140,35.0,0.012844781595653667
229,design_000229,150,37.5,0.010466591998422092
229,design_000229,160,40.0,0.011722282804758179
229,design_000229,170,42.5,0.011559431701213072
229,design_000229,180,45.0,0.012233878788477114
230,design_000230,0,0.0,0.0020079026353812
230,design_000230,10,2.5,0.001659272185712308
230,design_000230,20,5.0,0.014283986574543824
230,design_000230,30,7.5,0.027853394302795455
230,design_000230,40,10.0,0.03860583931322991
230,design_000230,50,12.5,0.03786119624428967
230,design_000230,60,15.0,0.035374438671548755
230,design_000230,70,17.5,0.01876047815861136
230,design_000230,80,20.0,0.007155900264638564
230,design_000230,90,22.5,0.00698885138622006
230,design_000230,100,25.0,0.006895212084293435
230,design_000230,110,27.5,0.0067417427821895755
230,design_000230,120,30.0,0.003932315854043607
230,design_000230,130,32.5,0.0036311524065953775
230,design_000230,140,35.0,0.004970820640338448
230,design_000230,150,37.5,0.005513867992916682
230,design_000230,160,40.0,0.00819439205245969
230,design_000230,170,42.5,0.007270494472088491
230,design_000230,180,45.0,0.007591659053287037
231,design_000231,0,0.0,0.0023328217482436854
231,design_000231,10,2.5,0.005046382985870795
231,design_000231,20,5.0,0.04957384428389836
231,design_000231,30,7.5,0.020583748603747364
231,design_000231,40,10.0,0.016410081798172438
231,design_000231,50,12.5,0.011503609063461042
231,design_000231,60,15.0,0.009522608898516659
231,design_000231,70,17.5,0.006651488352229275
231,design_000231,80,20.0,0.009932808429322103
231,design_000231,90,22.5,0.011574249068341595
231,design_000231,100,25.0,0.009836591768790787
231,design_000231,110,27.5,0.008125954812212132
231,design_000231,120,30.0,0.0051265597268743595
231,design_000231,130,32.5,0.00517148754047077
231,design_000231,140,35.0,0.006135061107203963
231,design_000231,150,37.5,0.006675117205449051
231,design_000231,160,40.0,0.006364760179959385
231,design_000231,170,42.5,0.005911017336618524
231,design_000231,180,45.0,0.007993283705182014
232,design_000232,0,0.0,0.0021384743256919114
232,design_000232,10,2.5,0.001343074819280956
232,design_000232,20,5.0,0.014519776691536087
232,design_000232,30,7.5,0.05103255143310991
232,design_000232,40,10.0,0.08326913758536758
232,design_000232,50,12.5,0.09110869479113257
232,design_000232,60,15.0,0.085891134918981
232,design_000232,70,17.5,0.06442828406557773
232,design_000232,80,20.0,0.037353512396836985
232,design_000232,90,22.5,0.028341214981985302
232,design_000232,100,25.0,0.01889358241927376
232,design_000232,110,27.5,0.011020203407313148
232,design_000232,120,30.0,0.0048970759861843485
232,design_000232,130,32.5,0.006930013837315968
232,design_000232,140,35.0,0.010745552887637334
232,design_000232,150,37.5,0.011294178810111032
232,design_000232,160,40.0,0.012422818354104517
232,design_000232,170,42.5,0.013566502575257374
232,design_000232,180,45.0,0.016311173919314154
233,design_000233,0,0.0,0.002198284520889394
233,design_000233,10,2.5,0.0026366591809828355
233,design_000233,20,5.0,0.01140173026253257
233,design_000233,30,7.5,0.035406850314123814
233,design_000233,40,10.0,0.04251443704611081
233,design_000233,50,12.5,0.03270313874441788
233,design_000233,60,15.0,0.02350597276924377
233,design_000233,70,17.5,0.014468990363383585
233,design_000233,80,20.0,0.00944769941664849
233,design_000233,90,22.5,0.008063255874730944
233,design_000233,100,25.0,0.0060401670040787425
233,design_000233,110,27.5,0.004385749382856141
233,design_000233,120,30.0,0.0024135664076309427
233,design_000233,130,32.5,0.0028226216863448416
233,design_000233,140,35.0,0.003869174209905406
233,design_000233,150,37.5,0.004751729718699889
233,design_000233,160,40.0,0.007092779304160093
233,design_000233,170,42.5,0.0069726218601541485
233,design_000233,180,45.0,0.008195381745457706
234,design_000234,0,0.0,0.0021836070998744496
234,design_000234,10,2.5,0.047797239908214634
234,design_000234,20,5.0,0.04836929457616537
234,design_000234,30,7.5,0.00781459900270263
234,design_000234,40,10.0,0.006343548974797382
234,design_000234,50,12.5,0.012232950803819177
234,design_000234,60,15.0,0.013641412569731526
234,design_000234,70,17.5,0.009204957345618743
234,design_000234,80,20.0,0.010168314327934632
234,design_000234,90,22.5,0.013439885086317688
234,design_000234,100,25.0,0.011312725743348621
234,design_000234,110,27.5,0.007338787675530685
234,design_000234,120,30.0,0.0032651977865801843
234,design_000234,130,32.5,0.0030051705046278466
234,design_000234,140,35.0,0.003993102260228507
234,design_000234,150,37.5,0.005339321730190969
234,design_000234,160,40.0,0.0077321248189988045
234,design_000234,170,42.5,0.008532308194038812
234,design_000234,180,45.0,0.009767413969564823
235,design_000235,0,0.0,0.0022211258070769175
235,design_000235,10,2.5,0.0009382491289641721
235,design_000235,20,5.0,0.010008672265068606
235,design_000235,30,7.5,0.021763894247235568
235,design_000235,40,10.0,0.011553525095751301
235,design_000235,50,12.5,0.012899196387530534
235,design_000235,60,15.0,0.011365005817526298
235,design_000235,70,17.5,0.005344559547534285
235,design_000235,80,20.0,0.0033986828067246377
235,design_000235,90,22.5,0.005600901766479118
235,design_000235,100,25.0,0.005215772844276783
235,design_000235,110,27.5,0.003551199129630909
235,design_000235,120,30.0,0.0016665421499108672
235,design_000235,130,32.5,0.0019894025504367694
235,design_000235,140,35.0,0.003309785699861895
235,design_000235,150,37.5,0.003803428369278632
235,design_000235,160,40.0,0.004972634218816808
235,design_000235,170,42.5,0.0057487390689230965
235,design_000235,180,45.0,0.00644783639900641
236,design_000236,0,0.0,0.00233661406981109
236,design_000236,10,2.5,0.0022103375705930304
236,design_000236,20,5.0,0.011897302514671814
236,design_000236,30,7.5,0.023193252952799955
236,design_000236,40,10.0,0.013722675625398695
236,design_000236,50,12.5,0.02106058796619159
236,design_000236,60,15.0,0.020741023245409978
236,design_000236,70,17.5,0.012351302128013598
236,design_000236,80,20.0,0.013970543705783696
236,design_000236,90,22.5,0.015745648525861283
236,design_000236,100,25.0,0.013348523031407615
236,design_000236,110,27.5,0.010882383486750248
236,design_000236,120,30.0,0.006526747585362168
236,design_000236,130,32.5,0.005689778861487151
236,design_000236,140,35.0,0.004527755402204207
236,design_000236,150,37.5,0.004728678599426987
236,design_000236,160,40.0,0.006256942659224454
236,design_000236,170,42.5,0.005686566225789821
236,design_000236,180,45.0,0.006491254686358589
237,design_000237,0,0.0,0.002261395929064469
237,design_000237,10,2.5,0.023850499907464733
237,design_000237,20,5.0,0.00967622945193106
237,design_000237,30,7.5,0.02047446223709075
237,design_000237,40,10.0,0.03683127168794238
237,design_000237,50,12.5,0.047198666506007625
237,design_000237,60,15.0,0.04930919986865018
237,design_000237,70,17.5,0.03152936435842138
237,design_000237,80,20.0,0.018780596304056305
237,design_000237,90,22.5,0.010760087305954852
237,design_000237,100,25.0,0.0050837113146390295
237,design_000237,110,27.5,0.002869030381303968
237,design_000237,120,30.0,0.0012177755585657214
237,design_000237,130,32.5,0.0016429114194341176
237,design_000237,140,35.0,0.004922308677122703
237,design_000237,150,37.5,0.0064367073367900575
237,design_000237,160,40.0,0.009295149237401431
237,design_000237,170,42.5,0.010028124648071268
237,design_000237,180,45.0,0.012239368865891798
238,design_000238,0,0.0,0.002164184150810159
238,design_000238,10,2.5,0.002228841967932979
238,design_000238,20,5.0,0.007890313916591035
238,design_000238,30,7.5,0.011601501464873733
238,design_000238,40,10.0,0.015503749176624521
238,design_000238,50,12.5,0.02332109621279202
238,design_000238,60,15.0,0.0214830407218946
238,design_000238,70,17.5,0.022420523697530108
238,design_000238,80,20.0,0.02768036568980541
238,design_000238,90,22.5,0.03321667215572932
238,design_000238,100,25.0,0.030972534575114088
238,design_000238,110,27.5,0.022655072143339113
238,design_000238,120,30.0,0.011142777350205088
238,design_000238,130,32.5,0.007823094968691055
238,design_000238,140,35.0,0.009222947014649341
238,design_000238,150,37.5,0.008930655888221872
238,design_000238,160,40.0,0.009332660804811219
238,design_000238,170,42.5,0.009096901962204553
238,design_000238,180,45.0,0.011291013871314424
239,design_000239,0,0.0,0.0022597311377355015
239,design_000239,10,2.5,0.009700687924438248
239,design_000239,20,5.0,0.008688364742099037
239,design_000239,30,7.5,0.024377374560268946
239,design_000239,40,10.0,0.03294023967757523
239,design_000239,50,12.5,0.035901773611536826
239,design_000239,60,15.0,0.033954334648402834
239,design_000239,70,17.5,0.028758130932516345
239,design_000239,80,20.0,0.014766734888788996
239,design_000239,90,22.5,0.008047142745767528
239,design_000239,100,25.0,0.005310573640031423
239,design_000239,110,27.5,0.005077856426618523
239,design_000239,120,30.0,0.003225325671090409
239,design_000239,130,32.5,0.004032711443151693
239,design_000239,140,35.0,0.004636319009847726
239,design_000239,150,37.5,0.004355851998464578
239,design_000239,160,40.0,0.007087281906099823
239,design_000239,170,42.5,0.007403964580066493
239,design_000239,180,45.0,0.007176066267850739
240,design_000240,0,0.0,0.0021748172308734613
240,design_000240,10,2.5,0.0012253797942866993
240,design_000240,20,5.0,0.008250637087275931
240,design_000240,30,7.5,0.024436600176898478
240,design_000240,40,10.0,0.016572106234553553
240,design_000240,50,12.5,0.009856478346008994
240,design_000240,60,15.0,0.008274305554755626
240,design_000240,70,17.5,0.0027051438464566896
240,design_000240,80,20.0,0.0016133022110688118
240,design_000240,90,22.5,0.0038478635006919254
240,design_000240,100,25.0,0.003917243779732136
240,design_000240,110,27.5,0.0034164951501319046
240,design_000240,120,30.0,0.001843572680468681
240,design_000240,130,32.5,0.0025535259647661273
240,design_000240,140,35.0,0.003800727669395534
240,design_000240,150,37.5,0.004284202926169321
240,design_000240,160,40.0,0.005414407184551517
240,design_000240,170,42.5,0.005922193575035777
240,design_000240,180,45.0,0.006330729233754314
241,design_000241,0,0.0,0.0019179654118247759
241,design_000241,10,2.5,0.006380245293355371
241,design_000241,20,5.0,0.011928518006390942
241,design_000241,30,7.5,0.017584386370973787
241,design_000241,40,10.0,0.015565784235850172
241,design_000241,50,12.5,0.012961620542302231
241,design_000241,60,15.0,0.014444328875038676
241,design_000241,70,17.5,0.008150798774153124
241,design_000241,80,20.0,0.004867175159728484
241,design_000241,90,22.5,0.006132773996793205
241,design_000241,100,25.0,0.006398251490144871
241,design_000241,110,27.5,0.004549164706320126
241,design_000241,120,30.0,0.002701767307363107
241,design_000241,130,32.5,0.0029470730846173506
241,design_000241,140,35.0,0.0038208314702990916
241,design_000241,150,37.5,0.00455343857118984
241,design_000241,160,40.0,0.0060892630660577575
241,design_000241,170,42.5,0.007548998559359958
241,design_000241,180,45.0,0.008639306391023142
242,design_000242,0,0.0,0.0020179815316375732
242,design_000242,10,2.5,0.007049153241382234
242,design_000242,20,5.0,0.008910410393042863
242,design_000242,30,7.5,0.025121775926479996
242,design_000242,40,10.0,0.020478292780078462
242,design_000242,50,12.5,0.023211672566943127
242,design_000242,60,15.0,0.024069470801886494
242,design_000242,70,17.5,0.015964650759831157
242,design_000242,80,20.0,0.01624518344695467
242,design_000242,90,22.5,0.01840399714083378
242,design_000242,100,25.0,0.017052337448945055
242,design_000242,110,27.5,0.015357259884788137
242,design_000242,120,30.0,0.00895755592431392
242,design_000242,130,32.5,0.00851633822848091
242,design_000242,140,35.0,0.009247929976840104
242,design_000242,150,37.5,0.00799822353796966
242,design_000242,160,40.0,0.0073371451129341375
242,design_000242,170,42.5,0.006374120672586935
242,design_000242,180,45.0,0.0066125563529082125
243,design_000243,0,0.0,0.0018939420648407955
243,design_000243,10,2.5,0.037652452546591685
243,design_000243,20,5.0,0.09921274683468759
243,design_000243,30,7.5,0.09008253686551224
243,design_000243,40,10.0,0.07776498593569392
243,design_000243,50,12.5,0.04947548490043407
243,design_000243,60,15.0,0.029901695867441434
243,design_000243,70,17.5,0.015747297265302405
243,design_000243,80,20.0,0.00895767975288026
243,design_000243,90,22.5,0.004622430504004758
243,design_000243,100,25.0,0.0032918249344506324
243,design_000243,110,27.5,0.004503071508648095
243,design_000243,120,30.0,0.003894270469770218
243,design_000243,130,32.5,0.002551843573527656
243,design_000243,140,35.0,0.0033543947925274366
243,design_000243,150,37.5,0.004037489288555156
243,design_000243,160,40.0,0.0063332374652526465
243,design_000243,170,42.5,0.004620491227469178
243,design_000243,180,45.0,0.006914781056681748
244,design_000244,0,0.0,0.00203726634074533
244,design_000244,10,2.5,0.07799939782872994
244,design_000244,20,5.0,0.02034855258318593
244,design_000244,30,7.5,0.0098978118739942
244,design_000244,40,10.0,0.015292559565643956
244,design_000244,50,12.5,0.020479933222389696
244,design_000244,60,15.0,0.02309993558942032
244,design_000244,70,17.5,0.02410907255307539
244,design_000244,80,20.0,0.02320293519626477
244,design_000244,90,22.5,0.02422625887336868
244,design_000244,100,25.0,0.01696232426447257
244,design_000244,110,27.5,0.00984741515213695
244,design_000244,120,30.0,0.004002629352028394
244,design_000244,130,32.5,0.0036744135766932757
244,design_000244,140,35.0,0.004866600437207394
244,design_000244,150,37.5,0.005250991443749138
244,design_000244,160,40.0,0.006829216166036973
244,design_000244,170,42.5,0.009017346537162282
244,design_000244,180,45.0,0.01045990495906385
245,design_000245,0,0.0,0.0022227293647810176
245,design_000245,10,2.5,0.003056602382333078
245,design_000245,20,5.0,0.0022739720146717074
245,design_000245,30,7.5,0.013883234570831661
245,design_000245,40,10.0,0.020501215577398167
245,design_000245,50,12.5,0.0229932744897249
245,design_000245,60,15.0,0.02234148244622692
245,design_000245,70,17.5,0.016558081761636482
245,design_000245,80,20.0,0.008926723947880738
245,design_000245,90,22.5,0.0077940353286257095
245,design_000245,100,25.0,0.005236114999467379
245,design_000245,110,27.5,0.0036329124757478338
245,design_000245,120,30.0,0.002841506622942978
245,design_000245,130,32.5,0.001581549107281719
245,design_000245,140,35.0,0.00195275834561329
245,design_000245,150,37.5,0.0022906470692082683
245,design_000245,160,40.0,0.004218415420242071
245,design_000245,170,42.5,0.005162816136530159
245,design_000245,180,45.0,0.007620395891518079
246,design_000246,0,0.0,0.002473667560004406
246,design_000246,10,2.5,0.0008174026860776057
246,design_000246,20,5.0,0.005394286264707495
246,design_000246,30,7.5,0.025427790589192194
246,design_000246,40,10.0,0.040873281529264956
246,design_000246,50,12.5,0.057181272901573134
246,design_000246,60,15.0,0.05221612575933918
246,design_000246,70,17.5,0.03259251382196682
246,design_000246,80,20.0,0.016602007523251198
246,design_000246,90,22.5,0.013833044199679574
246,design_000246,100,25.0,0.010635640510529273
246,design_000246,110,27.5,0.007081242526138931
246,design_000246,120,30.0,0.003360953000378671
246,design_000246,130,32.5,0.002513881385072053
246,design_000246,140,35.0,0.003179817307673139
246,design_000246,150,37.5,0.00395775124081388
246,design_000246,160,40.0,0.007218231182784862
246,design_000246,170,42.5,0.006993515877846818
246,design_000246,180,45.0,0.008475096836774186
247,design_000247,0,0.0,0.0023910420373922693
247,design_000247,10,2.5,0.0025586427150436943
247,design_000247,20,5.0,0.016137292175266195
247,design_000247,30,7.5,0.04899128024191929
247,design_000247,40,10.0,0.05528766836274551
247,design_000247,50,12.5,0.04106609089216205
247,design_000247,60,15.0,0.02548408388599453
247,design_000247,70,17.5,0.016499170307283546
247,design_000247,80,20.0,0.009835921578124211
247,design_000247,90,22.5,0.005105559053472762
247,design_000247,100,25.0,0.003222436375526821
247,design_000247,110,27.5,0.004012832656369401
247,design_000247,120,30.0,0.00252755557891179
247,design_000247,130,32.5,0.00373914631274269
247,design_000247,140,35.0,0.004333486816265742
247,design_000247,150,37.5,0.004946858348273865
247,design_000247,160,40.0,0.0069247819177204566
247,design_000247,170,42.5,0.00616245745798695
247,design_000247,180,45.0,0.007224266852019932
248,design_000248,0,0.0,0.0022137975512072565
248,design_000248,10,2.5,0.0038804564309646602
248,design_000248,20,5.0,0.004024199844702217
248,design_000248,30,7.5,0.010281600324056476
248,design_000248,40,10.0,0.01986225236588538
248,design_000248,50,12.5,0.025628437995813422
248,design_000248,60,15.0,0.031662963580952566
248,design_000248,70,17.5,0.03443475962906659
248,design_000248,80,20.0,0.0350885991660741
248,design_000248,90,22.5,0.03444004845573055
248,design_000248,100,25.0,0.026965413312857327
248,design_000248,110,27.5,0.0176528166530641
248,design_000248,120,30.0,0.009545820156516175
248,design_000248,130,32.5,0.008261932800438264
248,design_000248,140,35.0,0.008541168149947778
248,design_000248,150,37.5,0.007500093769721728
248,design_000248,160,40.0,0.008316124843456776
248,design_000248,170,42.5,0.00875073978155394
248,design_000248,180,45.0,0.00968329601365147
249,design_000249,0,0.0,0.0019789035694827463
249,design_000249,10,2.5,0.03308387549407041
249,design_000249,20,5.0,0.06344756096750517
249,design_000249,30,7.5,0.003941506002086456
249,design_000249,40,10.0,0.006638619561930693
249,design_000249,50,12.5,0.017839562261083006
249,design_000249,60,15.0,0.02270879630525706
249,design_000249,70,17.5,0.0217059852863217
249,design_000249,80,20.0,0.01718098148144164
249,design_000249,90,22.5,0.01642713444049397
249,design_000249,100,25.0,0.011164684838135926
249,design_000249,110,27.5,0.0067662453400370295
249,design_000249,120,30.0,0.0038369126873575095
249,design_000249,130,32.5,0.0037359802923521376
249,design_000249,140,35.0,0.0030737163485718886
249,design_000249,150,37.5,0.0039773748013530955
249,design_000249,160,40.0,0.0038209234278572084
249,design_000249,170,42.5,0.0038985770464191206
249,design_000249,180,45.0,0.0050990690053996385
250,design_000250,0,0.0,0.0021279536786037397
250,design_000250,10,2.5,0.022112674452835504
250,design_000250,20,5.0,0.013097518413324741
250,design_000250,30,7.5,0.03828245891227023
250,design_000250,40,10.0,0.06282427410940122
250,design_000250,50,12.5,0.06723401862577538
250,design_000250,60,15.0,0.05155975365866264
250,design_000250,70,17.5,0.02786652609403025
250,design_000250,80,20.0,0.014136371316889716
250,design_000250,90,22.5,0.009368908323822207
250,design_000250,100,25.0,0.005062762096873512
250,design_000250,110,27.5,0.0009273639856835599
250,design_000250,120,30.0,0.0009152167306320679
250,design_000250,130,32.5,0.0021974519523788472
250,design_000250,140,35.0,0.00352328399154194
250,design_000250,150,37.5,0.004129839272988342
250,design_000250,160,40.0,0.007228538259355346
250,design_000250,170,42.5,0.007747957163074647
250,design_000250,180,45.0,0.009183587121263787
251,design_000251,0,0.0,0.0020389399762240816
251,design_000251,10,2.5,0.011565753321455784
251,design_000251,20,5.0,0.016202008559303663
251,design_000251,30,7.5,0.023355582700031685
251,design_000251,40,10.0,0.02784515582843788
251,design_000251,50,12.5,0.025084846675756486
251,design_000251,60,15.0,0.020933023767108535
251,design_000251,70,17.5,0.01199137622542671
251,design_000251,80,20.0,0.006245001426706124
251,design_000251,90,22.5,0.006906218660967481
251,design_000251,100,25.0,0.00556928910729048
251,design_000251,110,27.5,0.005529036071147381
251,design_000251,120,30.0,0.004178886492445407
251,design_000251,130,32.5,0.002686250430294265
251,design_000251,140,35.0,0.002559477459852506
251,design_000251,150,37.5,0.002999278449417716
251,design_000251,160,40.0,0.00392996692944979
251,design_000251,170,42.5,0.003605769135159792
251,design_000251,180,45.0,0.004813752557291019
252,design_000252,0,0.0,0.0021336669093034023
252,design_000252,10,2.5,0.003815984187237301
252,design_000252,20,5.0,0.013014931293359528
252,design_000252,30,7.5,0.003694413624146879
252,design_000252,40,10.0,0.008904910630786033
252,design_000252,50,12.5,0.015847315968774152
252,design_000252,60,15.0,0.016838677116172922
252,design_000252,70,17.5,0.014484222637566402
252,design_000252,80,20.0,0.015494181000179618
252,design_000252,90,22.5,0.01530505285258662
252,design_000252,100,25.0,0.01128878806244389
252,design_000252,110,27.5,0.00774670537269973
252,design_000252,120,30.0,0.0044058931837038726
252,design_000252,130,32.5,0.003667459866722983
252,design_000252,140,35.0,0.003384411393793776
252,design_000252,150,37.5,0.0037667218010765747
252,design_000252,160,40.0,0.0053396751051198055
252,design_000252,170,42.5,0.005720261737694365
252,design_000252,180,45.0,0.0073426745769094685
253,design_000253,0,0.0,0.002067336785677308
253,design_000253,10,2.5,0.0068916678915890255
253,design_000253,20,5.0,0.04041291498870184
253,design_000253,30,7.5,0.028910548958735283
253,design_000253,40,10.0,0.033662704419999454
253,design_000253,50,12.5,0.04468977212897182
253,design_000253,60,15.0,0.03325770663131083
253,design_000253,70,17.5,0.026709100957824486
253,design_000253,80,20.0,0.031344923766750896
253,design_000253,90,22.5,0.033536696977842805
253,design_000253,100,25.0,0.028975776952848913
253,design_000253,110,27.5,0.021940313954337844
253,design_000253,120,30.0,0.010998528047933253
253,design_000253,130,32.5,0.010338976308424416
253,design_000253,140,35.0,0.012001376061187993
253,design_000253,150,37.5,0.010996347522155003
253,design_000253,160,40.0,0.009403801534990647
253,design_000253,170,42.5,0.009146489151213154
253,design_000253,180,45.0,0.011080132716073846
254,design_000254,0,0.0,0.0017698047583642182
254,design_000254,10,2.5,0.0026588441931909936
254,design_000254,20,5.0,0.022493983576387083
254,design_000254,30,7.5,0.04601839702211905
254,design_000254,40,10.0,0.05154837880398684
254,design_000254,50,12.5,0.0419926476387709
254,design_000254,60,15.0,0.033766505182781174
254,design_000254,70,17.5,0.022564943594017527
254,design_000254,80,20.0,0.014175917625111655
254,design_000254,90,22.5,0.011742673218853056
254,design_000254,100,25.0,0.007631288971177492
254,design_000254,110,27.5,0.006392418353720152
254,design_000254,120,30.0,0.0033865060791132525
254,design_000254,130,32.5,0.0031482163127586078
254,design_000254,140,35.0,0.0032346680564532106
254,design_000254,150,37.5,0.004034247133336603
254,design_000254,160,40.0,0.00584669409768219
254,design_000254,170,42.5,0.006362281206840657
254,design_000254,180,45.0,0.00799578191806994
255,design_000255,0,0.0,0.002440259534984498
255,design_000255,10,2.5,0.0050588338751478695
255,design_000255,20,5.0,0.003293865834704041
255,design_000255,30,7.5,0.013966516361312246
255,design_000255,40,10.0,0.020046101558590795
255,design_000255,50,12.5,0.023886043865624425
255,design_000255,60,15.0,0.02150142042624733
255,design_000255,70,17.5,0.016834225829247033
255,design_000255,80,20.0,0.014948214694948756
255,design_000255,90,22.5,0.014202055222277628
255,design_000255,100,25.0,0.010838172469415867
255,design_000255,110,27.5,0.00780033717616861
255,design_000255,120,30.0,0.003337673337192008
255,design_000255,130,32.5,0.0044854396264791905
255,design_000255,140,35.0,0.006160011039876033
255,design_000255,150,37.5,0.006637301392619617
255,design_000255,160,40.0,0.007469612117261597
255,design_000255,170,42.5,0.007839147697742877
255,design_000255,180,45.0,0.008907521756020092
256,design_000256,0,0.0,0.0021881549757164862
256,design_000256,10,2.5,0.011185187459579055
256,design_000256,20,5.0,0.049594743490095836
256,design_000256,30,7.5,0.0814546988845661
256,design_000256,40,10.0,0.08441303306695469
256,design_000256,50,12.5,0.06528557341629296
256,design_000256,60,15.0,0.044655813241680636
256,design_000256,70,17.5,0.02362115551938711
256,design_000256,80,20.0,0.014878227319076587
256,design_000256,90,22.5,0.008279361499050064
256,design_000256,100,25.0,0.004090174661398533
256,design_000256,110,27.5,0.0033581265723678652
256,design_000256,120,30.0,0.002492436285274394
256,design_000256,130,32.5,0.0036484715311990577
256,design_000256,140,35.0,0.004709953155488183
256,design_000256,150,37.5,0.006378050145809623
256,design_000256,160,40.0,0.009728221684552358
256,design_000256,170,42.5,0.00836305854148231
256,design_000256,180,45.0,0.009904853043416213
257,design_000257,0,0.0,0.0018714213265503443
257,design_000257,10,2.5,0.017722198876945438
257,design_000257,20,5.0,0.05642417721323722
257,design_000257,30,7.5,0.08552848448358863
257,design_000257,40,10.0,0.06418364501320875
257,design_000257,50,12.5,0.03205308604505447
257,design_000257,60,15.0,0.02168061055741098
257,design_000257,70,17.5,0.011524658679440528
257,design_000257,80,20.0,0.007255395381235742
257,design_000257,90,22.5,0.006897405960940203
257,design_000257,100,25.0,0.004467914177230496
257,design_000257,110,27.5,0.001537414610648467
257,design_000257,120,30.0,0.0012878991948370917
257,design_000257,130,32.5,0.001547833819585614
257,design_000257,140,35.0,0.003217303801642316
257,design_000257,150,37.5,0.004136665436978498
257,design_000257,160,40.0,0.0059573914164428865
257,design_000257,170,42.5,0.006077151234308972
257,design_000257,180,45.0,0.008584125624538058
258,design_000258,0,0.0,0.001946554562593425
258,design_000258,10,2.5,0.01000137385285808
258,design_000258,20,5.0,0.009071459322151192
258,design_000258,30,7.5,0.014422722931857286
258,design_000258,40,10.0,0.028086504842021933
258,design_000258,50,12.5,0.03734179170093706
258,design_000258,60,15.0,0.0442517655455822
258,design_000258,70,17.5,0.034600009369060276
258,design_000258,80,20.0,0.02527387695891307
258,design_000258,90,22.5,0.017972796646657505
258,design_000258,100,25.0,0.010341523264540362
258,design_000258,110,27.5,0.007495720765628313
258,design_000258,120,30.0,0.004465013670108191
258,design_000258,130,32.5,0.003476911378003443
258,design_000258,140,35.0,0.004403466728001583
258,design_000258,150,37.5,0.005269587646072998
258,design_000258,160,40.0,0.0068279215054953095
258,design_000258,170,42.5,0.007226380912125234
258,design_000258,180,45.0,0.009520507784080954
259,design_000259,0,0.0,0.002243413278144665
259,design_000259,10,2.5,0.005606192565867729
259,design_000259,20,5.0,0.039684370269137674
259,design_000259,30,7.5,0.07570553008803216
259,design_000259,40,10.0,0.03659137926132296
259,design_000259,50,12.5,0.02846238354250885
259,design_000259,60,15.0,0.022085760338372486
259,design_000259,70,17.5,0.013030606846023012
259,design_000259,80,20.0,0.007946892224131367
259,design_000259,90,22.5,0.004773469739680948
259,design_000259,100,25.0,0.0028309557391548385
259,design_000259,110,27.5,0.002035055612730147
259,design_000259,120,30.0,0.002391645873338895
259,design_000259,130,32.5,0.0027526742745133496
259,design_000259,140,35.0,0.0043170619607524425
259,design_000259,150,37.5,0.005728842281359553
259,design_000259,160,40.0,0.009048334794486884
259,design_000259,170,42.5,0.00758286848866948
259,design_000259,180,45.0,0.010916570843019644
260,design_000260,0,0.0,0.0022654787604849454
260,design_000260,10,2.5,0.007607194982246773
260,design_000260,20,5.0,0.04018287960306064
260,design_000260,30,7.5,0.056482972898895964
260,design_000260,40,10.0,0.07500829616295562
260,design_000260,50,12.5,0.06675926677569463
260,design_000260,60,15.0,0.05176361161063282
260,design_000260,70,17.5,0.029302378741561302
260,design_000260,80,20.0,0.017982190420250968
260,design_000260,90,22.5,0.013858603158592196
260,design_000260,100,25.0,0.01013270630157855
260,design_000260,110,27.5,0.006488920043694287
260,design_000260,120,30.0,0.0043153561464617475
260,design_000260,130,32.5,0.0020752263510681944
260,design_000260,140,35.0,0.0028761390563797617
260,design_000260,150,37.5,0.0034441796382418026
260,design_000260,160,40.0,0.006240796230035584
260,design_000260,170,42.5,0.005983399684249829
260,design_000260,180,45.0,0.008194660293011746
261,design_000261,0,0.0,0.0020532005747870468
261,design_000261,10,2.5,0.01338205653830633
261,design_000261,20,5.0,0.005944621104707209
261,design_000261,30,7.5,0.02123508704128072
261,design_000261,40,10.0,0.034313610832670274
261,design_000261,50,12.5,0.0436707511776684
261,design_000261,60,15.0,0.05582489283409939
261,design_000261,70,17.5,0.06008581726509421
261,design_000261,80,20.0,0.05234808164129925
261,design_000261,90,22.5,0.044851873451031976
261,design_000261,100,25.0,0.032343536592545005
261,design_000261,110,27.5,0.023926876803135464
261,design_000261,120,30.0,0.013222478012451893
261,design_000261,130,32.5,0.013675155012611503
261,design_000261,140,35.0,0.014646555491061735
261,design_000261,150,37.5,0.011747698355813841
261,design_000261,160,40.0,0.012001023351610967
261,design_000261,170,42.5,0.013397048651534961
261,design_000261,180,45.0,0.013644615313500827
262,design_000262,0,0.0,0.002040122049585938
262,design_000262,10,2.5,0.005598956641310236
262,design_000262,20,5.0,0.014856374132363221
262,design_000262,30,7.5,0.02466948954628593
262,design_000262,40,10.0,0.02894198686326776
262,design_000262,50,12.5,0.03584300747480805
262,design_000262,60,15.0,0.04507397042377386
262,design_000262,70,17.5,0.050123119551308964
262,design_000262,80,20.0,0.0453527938022214
262,design_000262,90,22.5,0.04303479905991315
262,design_000262,100,25.0,0.034368552150417134
262,design_000262,110,27.5,0.024445705675881328
262,design_000262,120,30.0,0.013444992878819503
262,design_000262,130,32.5,0.012335260983856858
262,design_000262,140,35.0,0.013264025766095706
262,design_000262,150,37.5,0.010611769964101805
262,design_000262,160,40.0,0.011994561014156874
262,design_000262,170,42.5,0.01298937896782747
262,design_000262,180,45.0,0.013738681376702491
263,design_000263,0,0.0,0.00204621866794353
263,design_000263,10,2.5,0.028669918806952827
263,design_000263,20,5.0,0.054679503735714494
263,design_000263,30,7.5,0.016398818596282956
263,design_000263,40,10.0,0.011392416620697284
263,design_000263,50,12.5,0.015327405600875692
263,design_000263,60,15.0,0.01829715425285692
263,design_000263,70,17.5,0.019722686100509458
263,design_000263,80,20.0,0.01760907429072677
263,design_000263,90,22.5,0.018913786729881903
263,design_000263,100,25.0,0.014022706493575595
263,design_000263,110,27.5,0.0068571675201378746
263,design_000263,120,30.0,0.002666103133480971
263,design_000263,130,32.5,0.003177953807530108
263,design_000263,140,35.0,0.0044638773249985894
263,design_000263,150,37.5,0.005491110738272072
263,design_000263,160,40.0,0.0069413992851969876
263,design_000263,170,42.5,0.007822691536759107
263,design_000263,180,45.0,0.010066027568958528
264,design_000264,0,0.0,0.0021104316939379144
264,design_000264,10,2.5,0.009722750424931636
264,design_000264,20,5.0,0.025960667754191112
264,design_000264,30,7.5,0.048596702153564326
264,design_000264,40,10.0,0.029833385038161013
264,design_000264,50,12.5,0.020128448379518694
264,design_000264,60,15.0,0.01836404167355634
264,design_000264,70,17.5,0.01324864355537149
264,design_000264,80,20.0,0.011554105705684844
264,design_000264,90,22.5,0.01410697533787214
264,design_000264,100,25.0,0.011390986652150197
264,design_000264,110,27.5,0.006412648908516302
264,design_000264,120,30.0,0.003324810272232661
264,design_000264,130,32.5,0.002000242634173287
264,design_000264,140,35.0,0.002628210685795113
264,design_000264,150,37.5,0.0038698063339716797
264,design_000264,160,40.0,0.0077566924876120245
264,design_000264,170,42.5,0.007989476253034991
264,design_000264,180,45.0,0.010175910285428722
265,design_000265,0,0.0,0.002011743876227246
265,design_000265,10,2.5,0.018334667880510507
265,design_000265,20,5.0,0.02124715951680011
265,design_000265,30,7.5,0.025073552826916624
265,design_000265,40,10.0,0.0310835813064547
265,design_000265,50,12.5,0.026287473307674433
265,design_000265,60,15.0,0.021670196253189722
265,design_000265,70,17.5,0.013469763152407953
265,design_000265,80,20.0,0.00846454840419632
265,design_000265,90,22.5,0.009078152887838302
265,design_000265,100,25.0,0.006764625714197379
265,design_000265,110,27.5,0.0033899363807953385
265,design_000265,120,30.0,0.0016871077535909498
265,design_000265,130,32.5,0.0016478977237021747
265,design_000265,140,35.0,0.003255432499021857
265,design_000265,150,37.5,0.004362326595510632
265,design_000265,160,40.0,0.008208255721096912
265,design_000265,170,42.5,0.00939367771560633
265,design_000265,180,45.0,0.01136762276379033
266,design_000266,0,0.0,0.002142862972164473
266,design_000266,10,2.5,0.002069634262419337
266,design_000266,20,5.0,0.005941927298061461
266,design_000266,30,7.5,0.008978833846531436
266,design_000266,40,10.0,0.00644364351511214
266,design_000266,50,12.5,0.013661748664719822
266,design_000266,60,15.0,0.015499097328420667
266,design_000266,70,17.5,0.012450860300352461
266,design_000266,80,20.0,0.009673941341047293
266,design_000266,90,22.5,0.00986928292707348
266,design_000266,100,25.0,0.007357229337727497
266,design_000266,110,27.5,0.0031908768483643697
266,design_000266,120,30.0,0.001989369293315764
266,design_000266,130,32.5,0.0016225889614076283
266,design_000266,140,35.0,0.0030629521795467584
266,design_000266,150,37.5,0.003947070621677092
266,design_000266,160,40.0,0.005969723870450066
266,design_000266,170,42.5,0.007467717055866021
266,design_000266,180,45.0,0.009402401354437439
267,design_000267,0,0.0,0.002408204567890887
267,design_000267,10,2.5,0.007569020701671392
267,design_000267,20,5.0,0.008983559241040988
267,design_000267,30,7.5,0.013071920885251402
267,design_000267,40,10.0,0.00886606306957495
267,design_000267,50,12.5,0.008583463151792647
267,design_000267,60,15.0,0.011110793690873786
267,design_000267,70,17.5,0.006967402404139487
267,design_000267,80,20.0,0.006844171371856872
267,design_000267,90,22.5,0.008054981858649926
267,design_000267,100,25.0,0.006772629819203925
267,design_000267,110,27.5,0.005365651843582189
267,design_000267,120,30.0,0.0036476390787600187
267,design_000267,130,32.5,0.0021327099205324055
267,design_000267,140,35.0,0.002431447013183821
267,design_000267,150,37.5,0.0028401287918517057
267,design_000267,160,40.0,0.0049774442791384425
267,design_000267,170,42.5,0.005185078430169115
267,design_000267,180,45.0,0.00613295488133994
268,design_000268,0,0.0,0.00156599560907528
268,design_000268,10,2.5,0.04808481677285342
268,design_000268,20,5.0,0.03937449100471143
268,design_000268,30,7.5,0.0547165419240378
268,design_000268,40,10.0,0.05036958931763093
268,design_000268,50,12.5,0.025005768437466814
268,design_000268,60,15.0,0.015053994556328075
268,design_000268,70,17.5,0.007812290749965827
268,design_000268,80,20.0,0.005628306737457804
268,design_000268,90,22.5,0.007349625139200242
268,design_000268,100,25.0,0.006184537738845458
268,design_000268,110,27.5,0.004767907946366095
268,design_000268,120,30.0,0.002938670235248852
268,design_000268,130,32.5,0.003767338603456083
268,design_000268,140,35.0,0.003738089699433552
268,design_000268,150,37.5,0.003606547901118448
268,design_000268,160,40.0,0.006564800234119781
268,design_000268,170,42.5,0.006841308964004822
268,design_000268,180,45.0,0.007129504777687423
269,design_000269,0,0.0,0.0019419360187409862
269,design_000269,10,2.5,0.11899895280775984
269,design_000269,20,5.0,0.03331896529731236
269,design_000269,30,7.5,0.02778182333769427
269,design_000269,40,10.0,0.008916642476178736
269,design_000269,50,12.5,0.011367774634117707
269,design_000269,60,15.0,0.014535613774800496
269,design_000269,70,17.5,0.010524990511617162
269,design_000269,80,20.0,0.008118021230021623
269,design_000269,90,22.5,0.009593015492235235
269,design_000269,100,25.0,0.007582291062920567
269,design_000269,110,27.5,0.006095805318133737
269,design_000269,120,30.0,0.004786572991003504
269,design_000269,130,32.5,0.0029276176851890916
269,design_000269,140,35.0,0.0025784855886206923
269,design_000269,150,37.5,0.0034434928256096595
269,design_000269,160,40.0,0.004907180031743805
269,design_000269,170,42.5,0.004322926752651093
269,design_000269,180,45.0,0.005473555657863368
270,design_000270,0,0.0,0.002154766816654381
270,design_000270,10,2.5,0.002088834410147398
270,design_000270,20,5.0,0.024372693769800894
270,design_000270,30,7.5,0.05407086264544102
270,design_000270,40,10.0,0.02888085637423752
270,design_000270,50,12.5,0.011207560678971221
270,design_000270,60,15.0,0.011307148674554658
270,design_000270,70,17.5,0.009847441184122566
270,design_000270,80,20.0,0.006545747393650303
270,design_000270,90,22.5,0.005455487376968455
270,design_000270,100,25.0,0.0042009845643558984
270,design_000270,110,27.5,0.005182661151947326
270,design_000270,120,30.0,0.0048146512330915076
270,design_000270,130,32.5,0.002063313152098596
270,design_000270,140,35.0,0.0014757740313640804
270,design_000270,150,37.5,0.0019669963310108996
270,design_000270,160,40.0,0.004732355784418055
270,design_000270,170,42.5,0.0044902417191744455
270,design_000270,180,45.0,0.006505417796418956
271,design_000271,0,0.0,0.002238705160329508
271,design_000271,10,2.5,0.008767569987555204
271,design_000271,20,5.0,0.016701528959609194
271,design_000271,30,7.5,0.029024352688866665
271,design_000271,40,10.0,0.03380694045104536
271,design_000271,50,12.5,0.024369335851432944
271,design_000271,60,15.0,0.019684609062742036
271,design_000271,70,17.5,0.006223306912588421
271,design_000271,80,20.0,0.0041167189469608605
271,design_000271,90,22.5,0.0074170124609762
271,design_000271,100,25.0,0.007928280398736573
271,design_000271,110,27.5,0.008282565368090465
271,design_000271,120,30.0,0.00571044990191679
271,design_000271,130,32.5,0.005910714803539105
271,design_000271,140,35.0,0.005990949606993213
271,design_000271,150,37.5,0.006102170885598951
271,design_000271,160,40.0,0.008373383070114086
271,design_000271,170,42.5,0.007645583638914113
271,design_000271,180,45.0,0.007604282094327024
272,design_000272,0,0.0,0.002294359681493349
272,design_000272,10,2.5,0.006733647244266762
272,design_000272,20,5.0,0.026153094959767028
272,design_000272,30,7.5,0.03839609482392432
272,design_000272,40,10.0,0.01528738085484
272,design_000272,50,12.5,0.014377412681040688
272,design_000272,60,15.0,0.015453000216883485
272,design_000272,70,17.5,0.015100589477333127
272,design_000272,80,20.0,0.013039811061996816
272,design_000272,90,22.5,0.012629192445041747
272,design_000272,100,25.0,0.007563453442623647
272,design_000272,110,27.5,0.0034952815177040865
272,design_000272,120,30.0,0.0016338500834747276
272,design_000272,130,32.5,0.0009144131903387775
272,design_000272,140,35.0,0.0017202756820120396
272,design_000272,150,37.5,0.0026404276223943356
272,design_000272,160,40.0,0.004117740918322364
272,design_000272,170,42.5,0.004917296922224406
272,design_000272,180,45.0,0.006833878287697139
273,design_000273,0,0.0,0.0023141904731136757
273,design_000273,10,2.5,0.03433193989341529
273,design_000273,20,5.0,0.008060121759666687
273,design_000273,30,7.5,0.023377437482061232
273,design_000273,40,10.0,0.04312397907252503
273,design_000273,50,12.5,0.047338010198907564
273,design_000273,60,15.0,0.04624637083838672
273,design_000273,70,17.5,0.031104801126832903
273,design_000273,80,20.0,0.022105319816942866
273,design_000273,90,22.5,0.015083419426140254
273,design_000273,100,25.0,0.008912151603569755
273,design_000273,110,27.5,0.006363475851856528
273,design_000273,120,30.0,0.004260441157138228
273,design_000273,130,32.5,0.004061525442073735
273,design_000273,140,35.0,0.004539525801620312
273,design_000273,150,37.5,0.004179077200184834
273,design_000273,160,40.0,0.007145432718056299
273,design_000273,170,42.5,0.006912285227042229
273,design_000273,180,45.0,0.008762386560424893
274,design_000274,0,0.0,0.0022179844578571273
274,design_000274,10,2.5,0.00589639281225364
274,design_000274,20,5.0,0.01881703961764515
274,design_000274,30,7.5,0.04021185976553755
274,design_000274,40,10.0,0.05130110090112425
274,design_000274,50,12.5,0.040532502743683564
274,design_000274,60,15.0,0.03809016642551364
274,design_000274,70,17.5,0.02205954581519628
274,design_000274,80,20.0,0.012106323822942789
274,design_000274,90,22.5,0.00937814660724847
274,design_000274,100,25.0,0.008683669005513248
274,design_000274,110,27.5,0.006959134207396581
274,design_000274,120,30.0,0.004402471480526035
274,design_000274,130,32.5,0.00272965449581753
274,design_000274,140,35.0,0.0031113826313332567
274,design_000274,150,37.5,0.0039999162504382076
274,design_000274,160,40.0,0.0061660591400021164
274,design_000274,170,42.5,0.0059617358162106894
274,design_000274,180,45.0,0.006815893630112186
275,design_000275,0,0.0,0.0022289742841703954
275,design_000275,10,2.5,0.00852744680463053
275,design_000275,20,5.0,0.026674085882133682
275,design_000275,30,7.5,0.006474365619753499
275,design_000275,40,10.0,0.01548161685653302
275,design_000275,50,12.5,0.02377750574287672
275,design_000275,60,15.0,0.027597828177891533
275,design_000275,70,17.5,0.023738654490870776
275,design_000275,80,20.0,0.0170775889164175
275,design_000275,90,22.5,0.014439830421538898
275,design_000275,100,25.0,0.008340129587930567
275,design_000275,110,27.5,0.005130632263830267
275,design_000275,120,30.0,0.002954490548541488
275,design_000275,130,32.5,0.0017232160738089822
275,design_000275,140,35.0,0.0021381026730578727
275,design_000275,150,37.5,0.0034577060841461376
275,design_000275,160,40.0,0.004668711864079144
275,design_000275,170,42.5,0.004912979345122702
275,design_000275,180,45.0,0.006380568468048412
276,design_000276,0,0.0,0.0020892301675501873
276,design_000276,10,2.5,0.008445814026754882
276,design_000276,20,5.0,0.014583616835530564
276,design_000276,30,7.5,0.017098776268643548
276,design_000276,40,10.0,0.022745676233961475
276,design_000276,50,12.5,0.02859544152151454
276,design_000276,60,15.0,0.024735873277445725
276,design_000276,70,17.5,0.020188656832568916
276,design_000276,80,20.0,0.008415418389153745
276,design_000276,90,22.5,0.004430340317649859
276,design_000276,100,25.0,0.002237762301569089
276,design_000276,110,27.5,0.0021136793901289502
276,design_000276,120,30.0,0.0021716665639812498
276,design_000276,130,32.5,0.0014279611799176343
276,design_000276,140,35.0,0.0015902352971549297
276,design_000276,150,37.5,0.0019673116355634034
276,design_000276,160,40.0,0.0038330764803488626
276,design_000276,170,42.5,0.004248952276521719
276,design_000276,180,45.0,0.005430742739658215
277,design_000277,0,0.0,0.002205162807942593
277,design_000277,10,2.5,0.00782261325291889
277,design_000277,20,5.0,0.01026659966334952
277,design_000277,30,7.5,0.01777270229431623
277,design_000277,40,10.0,0.025920050750928562
277,design_000277,50,12.5,0.03539883763729813
277,design_000277,60,15.0,0.04258585495298144
277,design_000277,70,17.5,0.042879295117812896
277,design_000277,80,20.0,0.03432304577520426
277,design_000277,90,22.5,0.030250237888079463
277,design_000277,100,25.0,0.022090604757544624
277,design_000277,110,27.5,0.013321909612400307
277,design_000277,120,30.0,0.006580762889968835
277,design_000277,130,32.5,0.004653836196213785
277,design_000277,140,35.0,0.006095416036403314
277,design_000277,150,37.5,0.00586229118487362
277,design_000277,160,40.0,0.008397276140401559
277,design_000277,170,42.5,0.009425468734890651
277,design_000277,180,45.0,0.01071094610320902
278,design_000278,0,0.0,0.0021874428850076105
278,design_000278,10,2.5,0.0022133789976589704
278,design_000278,20,5.0,0.012195778097054516
278,design_000278,30,7.5,0.01508006396980801
278,design_000278,40,10.0,0.004975884668616582
278,design_000278,50,12.5,0.008582033513194502
278,design_000278,60,15.0,0.01150886419790395
278,design_000278,70,17.5,0.010728038711563744
278,design_000278,80,20.0,0.008877931627815916
278,design_000278,90,22.5,0.009355919681356411
278,design_000278,100,25.0,0.006956228228145518
278,design_000278,110,27.5,0.0046613879675530216
278,design_000278,120,30.0,0.003082458273580675
278,design_000278,130,32.5,0.0020991106470161034
278,design_000278,140,35.0,0.0019591328123317576
278,design_000278,150,37.5,0.0024532774483697634
278,design_000278,160,40.0,0.0038933744947610704
278,design_000278,170,42.5,0.0047068777757481835
278,design_000278,180,45.0,0.006225986164939412
279,design_000279,0,0.0,0.0022644355060476465
279,design_000279,10,2.5,0.04596630897735147
279,design_000279,20,5.0,0.05818734885311093
279,design_000279,30,7.5,0.007768560152790196
279,design_000279,40,10.0,0.012528835491751749
279,design_000279,50,12.5,0.020961972900821194
279,design_000279,60,15.0,0.023420761104749256
279,design_000279,70,17.5,0.01627648254324726
279,design_000279,80,20.0,0.011629554032218194
279,design_000279,90,22.5,0.013087905434947422
279,design_000279,100,25.0,0.010028831049833195
279,design_000279,110,27.5,0.0070204252234492455
279,design_000279,120,30.0,0.003911702372694777
279,design_000279,130,32.5,0.001900429349398055
279,design_000279,140,35.0,0.002766459153116578
279,design_000279,150,37.5,0.004254211988231063
279,design_000279,160,40.0,0.007440492406882205
279,design_000279,170,42.5,0.009207536970089067
279,design_000279,180,45.0,0.011016052781838809
280,design_000280,0,0.0,0.002258171999692736
280,design_000280,10,2.5,0.037402184367333675
280,design_000280,20,5.0,0.02413068483521584
280,design_000280,30,7.5,0.008457886773226828
280,design_000280,40,10.0,0.009935611979891242
280,design_000280,50,12.5,0.020234410941615363
280,design_000280,60,15.0,0.020751786703239357
280,design_000280,70,17.5,0.01535312171624113
280,design_000280,80,20.0,0.01532778155932421
280,design_000280,90,22.5,0.017170808809559852
280,design_000280,100,25.0,0.013361650698875623
280,design_000280,110,27.5,0.008039571219931423
280,design_000280,120,30.0,0.004156680152220183
280,design_000280,130,32.5,0.0028476401478172804
280,design_000280,140,35.0,0.0025726073137808123
280,design_000280,150,37.5,0.0037228385531600594
280,design_000280,160,40.0,0.004658665355019775
280,design_000280,170,42.5,0.004678987236820667
280,design_000280,180,45.0,0.006306294092295522
281,design_000281,0,0.0,0.001975415706003246
281,design_000281,10,2.5,0.008880357580977848
281,design_000281,20,5.0,0.01604114769733127
281,design_000281,30,7.5,0.005210278453492281
281,design_000281,40,10.0,0.004184532623428341
281,design_000281,50,12.5,0.010673511009783114
281,design_000281,60,15.0,0.012213944890287697
281,design_000281,70,17.5,0.011733871854183842
281,design_000281,80,20.0,0.01059843857454799
281,design_000281,90,22.5,0.012665709478307982
281,design_000281,100,25.0,0.009928701497764637
281,design_000281,110,27.5,0.005375528022514463
281,design_000281,120,30.0,0.0028543985937262645
281,design_000281,130,32.5,0.0027618929074073014
281,design_000281,140,35.0,0.0033804533672936827
281,design_000281,150,37.5,0.004088182190488445
281,design_000281,160,40.0,0.006018524572101242
281,design_000281,170,42.5,0.006418326804950839
281,design_000281,180,45.0,0.007151447187869893
282,design_000282,0,0.0,0.0020706448694011448
282,design_000282,10,2.5,0.012980054110023249
282,design_000282,20,5.0,0.00950166198513621
282,design_000282,30,7.5,0.00643550268047644
282,design_000282,40,10.0,0.013673955456722751
282,design_000282,50,12.5,0.025796244411541124
282,design_000282,60,15.0,0.02732935799873297
282,design_000282,70,17.5,0.02384183415605555
282,design_000282,80,20.0,0.02009021594429389
282,design_000282,90,22.5,0.019242818307807906
282,design_000282,100,25.0,0.013432139192512928
282,design_000282,110,27.5,0.005888726295826397
282,design_000282,120,30.0,0.002417593896686954
282,design_000282,130,32.5,0.001529230192027064
282,design_000282,140,35.0,0.0026345884031907414
282,design_000282,150,37.5,0.003766783380963267
282,design_000282,160,40.0,0.005151447438245135
282,design_000282,170,42.5,0.006679655371481766
282,design_000282,180,45.0,0.009292784397206016
283,design_000283,0,0.0,0.002264516155040118
283,design_000283,10,2.5,0.006582431639417486
283,design_000283,20,5.0,0.04583907040535569
283,design_000283,30,7.5,0.04932082388054088
283,design_000283,40,10.0,0.018906118230928033
283,design_000283,50,12.5,0.012662791387466388
283,design_000283,60,15.0,0.01196681421031263
283,design_000283,70,17.5,0.008903493126821524
283,design_000283,80,20.0,0.003970160598010152
283,design_000283,90,22.5,0.004248364971016161
283,design_000283,100,25.0,0.0032230417710484506
283,design_000283,110,27.5,0.00307051862826831
283,design_000283,120,30.0,0.0025998947788422513
283,design_000283,130,32.5,0.0022822990457760112
283,design_000283,140,35.0,0.0035306494575585764
283,design_000283,150,37.5,0.004634416520024514
283,design_000283,160,40.0,0.008389859814257581
283,design_000283,170,42.5,0.008823549574060502
283,design_000283,180,45.0,0.011237000948540504
284,design_000284,0,0.0,0.002012663819361666
284,design_000284,10,2.5,0.005318189516997364
284,design_000284,20,5.0,0.012096354695024066
284,design_000284,30,7.5,0.019623195938344582
284,design_000284,40,10.0,0.019159908241528915
284,design_000284,50,12.5,0.026245190906146475
284,design_000284,60,15.0,0.024169160915003582
284,design_000284,70,17.5,0.010729126934429352
284,design_000284,80,20.0,0.011874949127905831
284,design_000284,90,22.5,0.017434441605484234
284,design_000284,100,25.0,0.017463375609550087
284,design_000284,110,27.5,0.014575383134334232
284,design_000284,120,30.0,0.007417530776415942
284,design_000284,130,32.5,0.004809353823853529
284,design_000284,140,35.0,0.00558449186232528
284,design_000284,150,37.5,0.0058305686118205816
284,design_000284,160,40.0,0.0066951506012493745
284,design_000284,170,42.5,0.0074234378692668405
284,design_000284,180,45.0,0.008201673836876602
285,design_000285,0,0.0,0.002147217663437658
285,design_000285,10,2.5,0.006614802132813919
285,design_000285,20,5.0,0.044263225223598414
285,design_000285,30,7.5,0.08943071453157292
285,design_000285,40,10.0,0.05068718843253198
285,design_000285,50,12.5,0.03057569549028985
285,design_000285,60,15.0,0.02053052764325459
285,design_000285,70,17.5,0.011512011942294597
285,design_000285,80,20.0,0.004654659919458732
285,design_000285,90,22.5,0.0024056225545277194
285,design_000285,100,25.0,0.0011903038836917545
285,design_000285,110,27.5,0.0007836555248304222
285,design_000285,120,30.0,0.0009820492016833298
285,design_000285,130,32.5,0.0007158172160321643
285,design_000285,140,35.0,0.0024248344487405237
285,design_000285,150,37.5,0.003795517065634704
285,design_000285,160,40.0,0.006595277532309148
285,design_000285,170,42.5,0.006252405006433313
285,design_000285,180,45.0,0.009103646832862244
286,design_000286,0,0.0,0.002087383071946264
286,design_000286,10,2.5,0.0046033979415149515
286,design_000286,20,5.0,0.012539601168413482
286,design_000286,30,7.5,0.013950697830996775
286,design_000286,40,10.0,0.021712600714744644
286,design_000286,50,12.5,0.024319789152336756
286,design_000286,60,15.0,0.021464727435595216
286,design_000286,70,17.5,0.015575170541137627
286,design_000286,80,20.0,0.010975765168591714
286,design_000286,90,22.5,0.010552575023386043
286,design_000286,100,25.0,0.007645189995431819
286,design_000286,110,27.5,0.004505101534145937
286,design_000286,120,30.0,0.001869166194290656
286,design_000286,130,32.5,0.002820136311068693
286,design_000286,140,35.0,0.005329676206861167
286,design_000286,150,37.5,0.006254381668120355
286,design_000286,160,40.0,0.00730062146113806
286,design_000286,170,42.5,0.008071588534195446
286,design_000286,180,45.0,0.010495904571440041
287,design_000287,0,0.0,0.002212660074652402
287,design_000287,10,2.5,0.010621886085437082
287,design_000287,20,5.0,0.019264176239579926
287,design_000287,30,7.5,0.04239854756832218
287,design_000287,40,10.0,0.07159039112755068
287,design_000287,50,12.5,0.07869354404114987
287,design_000287,60,15.0,0.07331356972221602
287,design_000287,70,17.5,0.043418393316020876
287,design_000287,80,20.0,0.024991911817472956
287,design_000287,90,22.5,0.016585880809304687
287,design_000287,100,25.0,0.009123372325330647
287,design_000287,110,27.5,0.005948621852655324
287,design_000287,120,30.0,0.0030747500719257867
287,design_000287,130,32.5,0.004075185381692796
287,design_000287,140,35.0,0.005027279933202354
287,design_000287,150,37.5,0.005936811285722118
287,design_000287,160,40.0,0.008286361900462681
287,design_000287,170,42.5,0.008897192903268085
287,design_000287,180,45.0,0.010279143278977325
288,design_000288,0,0.0,0.0021371852055575564
288,design_000288,10,2.5,0.0033590276124533204
288,design_000288,20,5.0,0.032309644942835794
288,design_000288,30,7.5,0.08430703031498096
288,design_000288,40,10.0,0.11140131668785598
288,design_000288,50,12.5,0.07585100668049237
288,design_000288,60,15.0,0.03952793475981903
288,design_000288,70,17.5,0.020366099951871976
288,design_000288,80,20.0,0.010580086779652205
288,design_000288,90,22.5,0.010349764287927745
288,design_000288,100,25.0,0.006927515541675976
288,design_000288,110,27.5,0.00285344373997874
288,design_000288,120,30.0,0.0012355154927668627
288,design_000288,130,32.5,0.0012200562987807369
288,design_000288,140,35.0,0.0038902537016124545
288,design_000288,150,37.5,0.005009294661934498
288,design_000288,160,40.0,0.009078093764103973
288,design_000288,170,42.5,0.00933191168399725
288,design_000288,180,45.0,0.013105614608256318
289,design_000289,0,0.0,0.0019492094215664206
289,design_000289,10,2.5,0.030245118047221315
289,design_000289,20,5.0,0.02082313947254881
289,design_000289,30,7.5,0.04633373516540682
289,design_000289,40,10.0,0.06982656109052333
289,design_000289,50,12.5,0.06974324401027532
289,design_000289,60,15.0,0.055432591703054576
289,design_000289,70,17.5,0.03234549538081309
289,design_000289,80,20.0,0.01867222129756644
289,design_000289,90,22.5,0.012810525939101824
289,design_000289,100,25.0,0.006765308102071698
289,design_000289,110,27.5,0.003228015787088012
289,design_000289,120,30.0,0.002147197789426722
289,design_000289,130,32.5,0.0028294067303721946
289,design_000289,140,35.0,0.0036402842245692227
289,design_000289,150,37.5,0.004209968514507259
289,design_000289,160,40.0,0.00659212323433485
289,design_000289,170,42.5,0.00702522016763164
289,design_000289,180,45.0,0.00855994023176849
290,design_000290,0,0.0,0.002109889958661586
290,design_000290,10,2.5,0.003855940281342541
290,design_000290,20,5.0,0.02641693343448597
290,design_000290,30,7.5,0.06962812976774507
290,design_000290,40,10.0,0.09210236714891298
290,design_000290,50,12.5,0.07858517618621991
290,design_000290,60,15.0,0.05380557967509687
290,design_000290,70,17.5,0.0342108205975552
290,design_000290,80,20.0,0.016857402226896058
290,design_000290,90,22.5,0.011476995177360375
290,design_000290,100,25.0,0.0077154948578731395
290,design_000290,110,27.5,0.0060830243883172284
290,design_000290,120,30.0,0.0030675034603468276
290,design_000290,130,32.5,0.004848768624099789
290,design_000290,140,35.0,0.006912257076636006
290,design_000290,150,37.5,0.006858969272232207
290,design_000290,160,40.0,0.009482337079180685
290,design_000290,170,42.5,0.009629118833785687
290,design_000290,180,45.0,0.011527165761712466
291,design_000291,0,0.0,0.002164684130899451
291,design_000291,10,2.5,0.014229223318187711
291,design_000291,20,5.0,0.00800519772643063
291,design_000291,30,7.5,0.015189608007545836
291,design_000291,40,10.0,0.03029546700522378
291,design_000291,50,12.5,0.03026905567870622
291,design_000291,60,15.0,0.03407147050333049
291,design_000291,70,17.5,0.03981139507030494
291,design_000291,80,20.0,0.03889268962109101
291,design_000291,90,22.5,0.04029736417946972
291,design_000291,100,25.0,0.031079821892590023
291,design_000291,110,27.5,0.020428483879438738
291,design_000291,120,30.0,0.00915006586288439
291,design_000291,130,32.5,0.007976991088804461
291,design_000291,140,35.0,0.008949670225893583
291,design_000291,150,37.5,0.007048033335391591
291,design_000291,160,40.0,0.00647834250519762
291,design_000291,170,42.5,0.00653742259664452
291,design_000291,180,45.0,0.008639314757246788
292,design_000292,0,0.0,0.0020224090063209765
292,design_000292,10,2.5,0.0011837241134752341
292,design_000292,20,5.0,0.015677324331705416
292,design_000292,30,7.5,0.025548584076569382
292,design_000292,40,10.0,0.011767601861784369
292,design_000292,50,12.5,0.017482014306815424
292,design_000292,60,15.0,0.016196698142467963
292,design_000292,70,17.5,0.008145403265428272
292,design_000292,80,20.0,0.00827363404916894
292,design_000292,90,22.5,0.01177014914794057
292,design_000292,100,25.0,0.011746904749963021
292,design_000292,110,27.5,0.010562528771267263
292,design_000292,120,30.0,0.006188124361483386
292,design_000292,130,32.5,0.006583533994482457
292,design_000292,140,35.0,0.006913926961644252
292,design_000292,150,37.5,0.006750154624314331
292,design_000292,160,40.0,0.007155583665809268
292,design_000292,170,42.5,0.006388919319451045
292,design_000292,180,45.0,0.00665041336609452
293,design_000293,0,0.0,0.002190286422343449
293,design_000293,10,2.5,0.034893565465021356
293,design_000293,20,5.0,0.046254918901704724
293,design_000293,30,7.5,0.05933218361209145
293,design_000293,40,10.0,0.05348519191610111
293,design_000293,50,12.5,0.044326773824596405
293,design_000293,60,15.0,0.043097682633321595
293,design_000293,70,17.5,0.03421857710020357
293,design_000293,80,20.0,0.02239520739528407
293,design_000293,90,22.5,0.018937211905872386
293,design_000293,100,25.0,0.013076698534297972
293,design_000293,110,27.5,0.007979463594693214
293,design_000293,120,30.0,0.003846268290871116
293,design_000293,130,32.5,0.002476827850931066
293,design_000293,140,35.0,0.0028073925939029903
293,design_000293,150,37.5,0.0038776037653120913
293,design_000293,160,40.0,0.004909459118625253
293,design_000293,170,42.5,0.005399205599818733
293,design_000293,180,45.0,0.007734391398293015
294,design_000294,0,0.0,0.0024530090689042156
294,design_000294,10,2.5,0.001985439176067461
294,design_000294,20,5.0,0.008088535035440148
294,design_000294,30,7.5,0.027840828807499454
294,design_000294,40,10.0,0.03350861098935768
294,design_000294,50,12.5,0.027490399080668776
294,design_000294,60,15.0,0.030686634293931512
294,design_000294,70,17.5,0.027576477533853574
294,design_000294,80,20.0,0.0224433062353077
294,design_000294,90,22.5,0.01658484507738217
294,design_000294,100,25.0,0.012233548309455791
294,design_000294,110,27.5,0.010183578955962336
294,design_000294,120,30.0,0.006297203201424728
294,design_000294,130,32.5,0.007264864280815115
294,design_000294,140,35.0,0.008598804692107012
294,design_000294,150,37.5,0.008010812456255609
294,design_000294,160,40.0,0.0069200688771284095
294,design_000294,170,42.5,0.006720825042081477
294,design_000294,180,45.0,0.007617369175967729
295,design_000295,0,0.0,0.00207367784686453
295,design_000295,10,2.5,0.027702173060163655
295,design_000295,20,5.0,0.012203858424977787
295,design_000295,30,7.5,0.012926697860667503
295,design_000295,40,10.0,0.028800898994040054
295,design_000295,50,12.5,0.03999329289503507
295,design_000295,60,15.0,0.045004062315428944
295,design_000295,70,17.5,0.045176581351864045
295,design_000295,80,20.0,0.03804157677736733
295,design_000295,90,22.5,0.03236203689082577
295,design_000295,100,25.0,0.019168454914481742
295,design_000295,110,27.5,0.008660449351028988
295,design_000295,120,30.0,0.003695535805391389
295,design_000295,130,32.5,0.0020778481667241538
295,design_000295,140,35.0,0.0024579008434316373
295,design_000295,150,37.5,0.0034021309588218957
295,design_000295,160,40.0,0.00433948191351351
295,design_000295,170,42.5,0.0036395202080256434
295,design_000295,180,45.0,0.006049700868500434
296,design_000296,0,0.0,0.002267667874517481
296,design_000296,10,2.5,0.003675378501255564
296,design_000296,20,5.0,0.027687871420670314
296,design_000296,30,7.5,0.0591916839581797
296,design_000296,40,10.0,0.06138616136876306
296,design_000296,50,12.5,0.03828050788876341
296,design_000296,60,15.0,0.02417827413203957
296,design_000296,70,17.5,0.015041532052058658
296,design_000296,80,20.0,0.009946087129622857
296,design_000296,90,22.5,0.009126940248341413
296,design_000296,100,25.0,0.008229655197492067
296,design_000296,110,27.5,0.0073901549989517056
296,design_000296,120,30.0,0.004061977546956717
296,design_000296,130,32.5,0.005504680892407056
296,design_000296,140,35.0,0.006869733085705249
296,design_000296,150,37.5,0.0064757408188804095
296,design_000296,160,40.0,0.009609024555567228
296,design_000296,170,42.5,0.008930687612032941
296,design_000296,180,45.0,0.011018190607165723
297,design_000297,0,0.0,0.002067129508774065
297,design_000297,10,2.5,0.020186662322428564
297,design_000297,20,5.0,0.046450260420115574
297,design_000297,30,7.5,0.055201834345325634
297,design_000297,40,10.0,0.03882101597389245
297,design_000297,50,12.5,0.03055270512338857
297,design_000297,60,15.0,0.025679272932534233
297,design_000297,70,17.5,0.018048477623215715
297,design_000297,80,20.0,0.0076294172399379925
297,design_000297,90,22.5,0.0069142708747096625
297,design_000297,100,25.0,0.005520164840876786
297,design_000297,110,27.5,0.004331779871999234
297,design_000297,120,30.0,0.003533769827344319
297,design_000297,130,32.5,0.0018354654041203948
297,design_000297,140,35.0,0.0018567976339487816
297,design_000297,150,37.5,0.0032047373190812645
297,design_000297,160,40.0,0.00562520809583661
297,design_000297,170,42.5,0.0052472571242965955
297,design_000297,180,45.0,0.0075821350271459125
298,design_000298,0,0.0,0.0018895365956571872
298,design_000298,10,2.5,0.0028511900480114403
298,design_000298,20,5.0,0.015536225027661254
298,design_000298,30,7.5,0.03322797443120649
298,design_000298,40,10.0,0.04269460116920119
298,design_000298,50,12.5,0.03892534400986022
298,design_000298,60,15.0,0.02839599507666668
298,design_000298,70,17.5,0.0177127729721041
298,design_000298,80,20.0,0.01202819880551425
298,design_000298,90,22.5,0.008168817714875395
298,design_000298,100,25.0,0.005926544930054183
298,design_000298,110,27.5,0.006960802002955962
298,design_000298,120,30.0,0.005954217364624283
298,design_000298,130,32.5,0.005834757977635797
298,design_000298,140,35.0,0.005388967343209596
298,design_000298,150,37.5,0.00692188259103217
298,design_000298,160,40.0,0.008712237350793418
298,design_000298,170,42.5,0.007163184671511603
298,design_000298,180,45.0,0.008812745396853368
299,design_000299,0,0.0,0.0020908451398182343
299,design_000299,10,2.5,0.004322903694601359
299,design_000299,20,5.0,0.03445912747208827
299,design_000299,30,7.5,0.07379798399342197
299,design_000299,40,10.0,0.0837433131331295
299,design_000299,50,12.5,0.07629850809993699
299,design_000299,60,15.0,0.07570385789908013
299,design_000299,70,17.5,0.06078292745253758
299,design_000299,80,20.0,0.045997853631738465
299,design_000299,90,22.5,0.03996461928512541
299,design_000299,100,25.0,0.03460583751982105
299,design_000299,110,27.5,0.026827284367964624
299,design_000299,120,30.0,0.017549156107243453
299,design_000299,130,32.5,0.016952816882123918
299,design_000299,140,35.0,0.01719134894265473
299,design_000299,150,37.5,0.016781517078725362
299,design_000299,160,40.0,0.01773495652101336
299,design_000299,170,42.5,0.015314361803137857
299,design_000299,180,45.0,0.015108701985609973
300,design_000300,0,0.0,0.0018904355511021875
300,design_000300,10,2.5,0.00860896978313729
300,design_000300,20,5.0,0.07047656047355481
300,design_000300,30,7.5,0.1446846910845871
300,design_000300,40,10.0,0.13529533408073935
300,design_000300,50,12.5,0.05836271831361053
300,design_000300,60,15.0,0.02680040207316025
300,design_000300,70,17.5,0.015160513884082414
300,design_000300,80,20.0,0.009665089688903585
300,design_000300,90,22.5,0.008268229747037318
300,design_000300,100,25.0,0.005666398489773083
300,design_000300,110,27.5,0.0043315550650430395
300,design_000300,120,30.0,0.0026595549100239977
300,design_000300,130,32.5,0.0052003818638344055
300,design_000300,140,35.0,0.008292354194416634
300,design_000300,150,37.5,0.008550742090158886
300,design_000300,160,40.0,0.011917499967920877
300,design_000300,170,42.5,0.012193377979623539
300,design_000300,180,45.0,0.015430638359605448
301,design_000301,0,0.0,0.002090921190189055
301,design_000301,10,2.5,0.0018300544157051845
301,design_000301,20,5.0,0.007957294822415209
301,design_000301,30,7.5,0.027317735931152134
301,design_000301,40,10.0,0.05902926425715838
301,design_000301,50,12.5,0.08056709571871594
301,design_000301,60,15.0,0.0975655242763431
301,design_000301,70,17.5,0.08420792647947335
301,design_000301,80,20.0,0.06415673376739486
301,design_000301,90,22.5,0.04826413037271828
301,design_000301,100,25.0,0.032355284491019876
301,design_000301,110,27.5,0.02345378790204522
301,design_000301,120,30.0,0.011671543977609878
301,design_000301,130,32.5,0.010130508813976076
301,design_000301,140,35.0,0.010009768778732765
301,design_000301,150,37.5,0.008689615695556043
301,design_000301,160,40.0,0.00966997876049904
301,design_000301,170,42.5,0.009515397380594443
301,design_000301,180,45.0,0.010012775585480358
302,design_000302,0,0.0,0.002031984411261314
302,design_000302,10,2.5,0.03787632195400313
302,design_000302,20,5.0,0.018817892409538538
302,design_000302,30,7.5,0.019941604265692494
302,design_000302,40,10.0,0.02749975042484202
302,design_000302,50,12.5,0.03247433899223829
302,design_000302,60,15.0,0.04005118898701572
302,design_000302,70,17.5,0.040023728515171504
302,design_000302,80,20.0,0.03192807614016725
302,design_000302,90,22.5,0.027395525170954532
302,design_000302,100,25.0,0.016712434008102583
302,design_000302,110,27.5,0.009604608764314803
302,design_000302,120,30.0,0.003938350185427093
302,design_000302,130,32.5,0.003918994798640741
302,design_000302,140,35.0,0.005130219442914863
302,design_000302,150,37.5,0.005532413095785604
302,design_000302,160,40.0,0.006571235005056481
302,design_000302,170,42.5,0.008699633702387565
302,design_000302,180,45.0,0.010351326740049096
303,design_000303,0,0.0,0.001965523482260364
303,design_000303,10,2.5,0.016833393059333582
303,design_000303,20,5.0,0.03834794716676883
303,design_000303,30,7.5,0.043509978206004704
303,design_000303,40,10.0,0.048374299009272245
303,design_000303,50,12.5,0.041392418230112735
303,design_000303,60,15.0,0.02345800928149034
303,design_000303,70,17.5,0.01342404066975072
303,design_000303,80,20.0,0.00616915782990997
303,design_000303,90,22.5,0.004649189212721849
303,design_000303,100,25.0,0.0032063776958007623
303,design_000303,110,27.5,0.002359775799097072
303,design_000303,120,30.0,0.002083704377822673
303,design_000303,130,32.5,0.002449499406311211
303,design_000303,140,35.0,0.004888105043730086
303,design_000303,150,37.5,0.00552824115528401
303,design_000303,160,40.0,0.007785266353256374
303,design_000303,170,42.5,0.008550491274298433
303,design_000303,180,45.0,0.011045273800013414
304,design_000304,0,0.0,0.002180564343038106
304,design_000304,10,2.5,0.0020318270186041607
304,design_000304,20,5.0,0.024377833563739647
304,design_000304,30,7.5,0.046332832787990136
304,design_000304,40,10.0,0.031749685360768526
304,design_000304,50,12.5,0.030986127575115645
304,design_000304,60,15.0,0.028187351522561428
304,design_000304,70,17.5,0.01875639296533438
304,design_000304,80,20.0,0.013420935679755074
304,design_000304,90,22.5,0.011034764229530328
304,design_000304,100,25.0,0.007423322214684323
304,design_000304,110,27.5,0.004168221177057247
304,design_000304,120,30.0,0.003036528093821319
304,design_000304,130,32.5,0.0027061877800669387
304,design_000304,140,35.0,0.0034126281959248493
304,design_000304,150,37.5,0.004419686976071679
304,design_000304,160,40.0,0.007129050828041128
304,design_000304,170,42.5,0.006850503556011614
304,design_000304,180,45.0,0.009290934799238537
305,design_000305,0,0.0,0.0020803231165972265
305,design_000305,10,2.5,0.06354142385445596
305,design_000305,20,5.0,0.1617743450305858
305,design_000305,30,7.5,0.11910039409546036
305,design_000305,40,10.0,0.0753301193829338
305,design_000305,50,12.5,0.043495348964693155
305,design_000305,60,15.0,0.03238615841010377
305,design_000305,70,17.5,0.02182956216035074
305,design_000305,80,20.0,0.01603635106045629
305,design_000305,90,22.5,0.013553417956203268
305,design_000305,100,25.0,0.009220802937815353
305,design_000305,110,27.5,0.0072212610906297724
305,design_000305,120,30.0,0.0051629779212603935
305,design_000305,130,32.5,0.0058078590881092415
305,design_000305,140,35.0,0.007481038684579567
305,design_000305,150,37.5,0.007436008438370056
305,design_000305,160,40.0,0.010060866943328535
305,design_000305,170,42.5,0.008957946907812757
305,design_000305,180,45.0,0.011534447268478663
306,design_000306,0,0.0,0.002151292649172421
306,design_000306,10,2.5,0.017647564443928294
306,design_000306,20,5.0,0.042369001911022094
306,design_000306,30,7.5,0.04213242078497998
306,design_000306,40,10.0,0.02659909307687027
306,design_000306,50,12.5,0.024308066204593668
306,design_000306,60,15.0,0.024081763500020475
306,design_000306,70,17.5,0.026274496557066207
306,design_000306,80,20.0,0.025738132244213282
306,design_000306,90,22.5,0.02859921966985776
306,design_000306,100,25.0,0.023796629238538473
306,design_000306,110,27.5,0.015704659814423604
306,design_000306,120,30.0,0.00776393379657413
306,design_000306,130,32.5,0.008105975388492857
306,design_000306,140,35.0,0.009859024107349538
306,design_000306,150,37.5,0.010941616337646844
306,design_000306,160,40.0,0.01109961691454978
306,design_000306,170,42.5,0.010187660770947612
306,design_000306,180,45.0,0.012212116466748085
307,design_000307,0,0.0,0.0022474217845570733
307,design_000307,10,2.5,0.0023096428234170054
307,design_000307,20,5.0,0.01587260179272346
307,design_000307,30,7.5,0.012053817517202092
307,design_000307,40,10.0,0.010388648656846116
307,design_000307,50,12.5,0.014652032072525925
307,design_000307,60,15.0,0.017526599555948014
307,design_000307,70,17.5,0.015869369252444043
307,design_000307,80,20.0,0.011586955709497831
307,design_000307,90,22.5,0.010798977117355045
307,design_000307,100,25.0,0.006788748936072738
307,design_000307,110,27.5,0.004755291178029024
307,design_000307,120,30.0,0.0026421452202363346
307,design_000307,130,32.5,0.0019381614067303498
307,design_000307,140,35.0,0.002396283269865178
307,design_000307,150,37.5,0.003423302119247678
307,design_000307,160,40.0,0.004536013966784656
307,design_000307,170,42.5,0.004174437834276651
307,design_000307,180,45.0,0.006216012919776113
308,design_000308,0,0.0,0.002094135953543903
308,design_000308,10,2.5,0.012545524565934102
308,design_000308,20,5.0,0.02260088027322478
308,design_000308,30,7.5,0.0381161620216859
308,design_000308,40,10.0,0.02914271822744453
308,design_000308,50,12.5,0.01878767890314203
308,design_000308,60,15.0,0.019716786255440422
308,design_000308,70,17.5,0.014108052263781333
308,design_000308,80,20.0,0.008705109059658747
308,design_000308,90,22.5,0.00925154990842409
308,design_000308,100,25.0,0.005999760657671292
308,design_000308,110,27.5,0.004746663607106358
308,design_000308,120,30.0,0.0028824220844896795
308,design_000308,130,32.5,0.003222879992377593
308,design_000308,140,35.0,0.004843612334511593
308,design_000308,150,37.5,0.005439993137990705
308,design_000308,160,40.0,0.007831337019464618
308,design_000308,170,42.5,0.007155410112553861
308,design_000308,180,45.0,0.009239966418189558
309,design_000309,0,0.0,0.0018920096275296234
309,design_000309,10,2.5,0.003114126366443628
309,design_000309,20,5.0,0.015367989102124703
309,design_000309,30,7.5,0.04214822394328077
309,design_000309,40,10.0,0.06063421476022132
309,design_000309,50,12.5,0.06065295177962044
309,design_000309,60,15.0,0.04792549036384241
309,design_000309,70,17.5,0.029970337657219192
309,design_000309,80,20.0,0.020718895263916723
309,design_000309,90,22.5,0.013729905254855176
309,design_000309,100,25.0,0.009105348303252866
309,design_000309,110,27.5,0.009329919012838144
309,design_000309,120,30.0,0.006854870891042865
309,design_000309,130,32.5,0.007038774314831361
309,design_000309,140,35.0,0.005943752044782216
309,design_000309,150,37.5,0.005535035999068972
309,design_000309,160,40.0,0.006740493579966476
309,design_000309,170,42.5,0.005443590939890984
309,design_000309,180,45.0,0.006720154631635644
310,design_000310,0,0.0,0.0019752645833558706
310,design_000310,10,2.5,0.026525837384081607
310,design_000310,20,5.0,0.050922474660995705
310,design_000310,30,7.5,0.02576844649916335
310,design_000310,40,10.0,0.02806652535604209
310,design_000310,50,12.5,0.026262273254258697
310,design_000310,60,15.0,0.022951158695223937
310,design_000310,70,17.5,0.01925596192776121
310,design_000310,80,20.0,0.012087493913181759
310,design_000310,90,22.5,0.00895123825213347
310,design_000310,100,25.0,0.0049878479107176975
310,design_000310,110,27.5,0.0033206055554694334
310,design_000310,120,30.0,0.002696162288886108
310,design_000310,130,32.5,0.002526601696555238
310,design_000310,140,35.0,0.003851828920759844
310,design_000310,150,37.5,0.004147964032376434
310,design_000310,160,40.0,0.005861967858069694
310,design_000310,170,42.5,0.008145105247147417
310,design_000310,180,45.0,0.009870987060230322
311,design_000311,0,0.0,0.002140681916755543
311,design_000311,10,2.5,0.0011379058499073683
311,design_000311,20,5.0,0.024944108657596765
311,design_000311,30,7.5,0.0340354454075468
311,design_000311,40,10.0,0.03858795684949818
311,design_000311,50,12.5,0.030979515881805243
311,design_000311,60,15.0,0.02650621544145889
311,design_000311,70,17.5,0.020200397639938486
311,design_000311,80,20.0,0.021378698788157454
311,design_000311,90,22.5,0.0214711659465968
311,design_000311,100,25.0,0.01766937026493632
311,design_000311,110,27.5,0.014083193777384869
311,design_000311,120,30.0,0.007044255497521615
311,design_000311,130,32.5,0.005810252029085446
311,design_000311,140,35.0,0.005666715428089917
311,design_000311,150,37.5,0.005498660578218753
311,design_000311,160,40.0,0.005853634935994756
311,design_000311,170,42.5,0.005866723538134789
311,design_000311,180,45.0,0.007198105440684533
312,design_000312,0,0.0,0.0021444245413998948
312,design_000312,10,2.5,0.007168613173542765
312,design_000312,20,5.0,0.013109057897900601
312,design_000312,30,7.5,0.02624595996969418
312,design_000312,40,10.0,0.022747784009126006
312,design_000312,50,12.5,0.02104073794460782
312,design_000312,60,15.0,0.014047870681760105
312,design_000312,70,17.5,0.006991464286939313
312,design_000312,80,20.0,0.002663693085587119
312,design_000312,90,22.5,0.0025824477589804673
312,design_000312,100,25.0,0.0019588992319002976
312,design_000312,110,27.5,0.0022247270578641867
312,design_000312,120,30.0,0.0019907950156445265
312,design_000312,130,32.5,0.0015053305883255515
312,design_000312,140,35.0,0.002320839334736335
312,design_000312,150,37.5,0.003003579348261025
312,design_000312,160,40.0,0.005264169232355098
312,design_000312,170,42.5,0.005914241476648035
312,design_000312,180,45.0,0.0074603429793957616
313,design_000313,0,0.0,0.0022827569314784525
313,design_000313,10,2.5,0.0023641011489014337
313,design_000313,20,5.0,0.024168769486959268
313,design_000313,30,7.5,0.06783899051446099
313,design_000313,40,10.0,0.08942536395794683
313,design_000313,50,12.5,0.06266073553038262
313,design_000313,60,15.0,0.02812903385605143
313,design_000313,70,17.5,0.01388032598477161
313,design_000313,80,20.0,0.0072595475197359104
313,design_000313,90,22.5,0.009084590470632085
313,design_000313,100,25.0,0.006626549840201201
313,design_000313,110,27.5,0.004328543923772353
313,design_000313,120,30.0,0.0028476324201937896
313,design_000313,130,32.5,0.0022393448235161094
313,design_000313,140,35.0,0.0033951360522649155
313,design_000313,150,37.5,0.0038644032109241555
313,design_000313,160,40.0,0.0062715557041365475
313,design_000313,170,42.5,0.007355477337432343
313,design_000313,180,45.0,0.010601976267414673
314,design_000314,0,0.0,0.002227703262402171
314,design_000314,10,2.5,0.016388811484732625
314,design_000314,20,5.0,0.018521560954538274
314,design_000314,30,7.5,0.0244157622810778
314,design_000314,40,10.0,0.03530144838830385
314,design_000314,50,12.5,0.040814421933358845
314,design_000314,60,15.0,0.04731400323962394
314,design_000314,70,17.5,0.04439467670311039
314,design_000314,80,20.0,0.031001934851180798
314,design_000314,90,22.5,0.023261880502058456
314,design_000314,100,25.0,0.013699778635506444
314,design_000314,110,27.5,0.008742702002097525
314,design_000314,120,30.0,0.004848197055627056
314,design_000314,130,32.5,0.006649187613047378
314,design_000314,140,35.0,0.00915787698914352
314,design_000314,150,37.5,0.007562093353923194
314,design_000314,160,40.0,0.007657405924670799
314,design_000314,170,42.5,0.007806771617183364
314,design_000314,180,45.0,0.009258048686232796
315,design_000315,0,0.0,0.0021248088326252363
315,design_000315,10,2.5,0.04082291396252615
315,design_000315,20,5.0,0.06003373597171845
315,design_000315,30,7.5,0.02909760796880009
315,design_000315,40,10.0,0.0270051497061733
315,design_000315,50,12.5,0.030811701800953207
315,design_000315,60,15.0,0.03517290399257518
315,design_000315,70,17.5,0.0301497965025695
315,design_000315,80,20.0,0.025045106241794388
315,design_000315,90,22.5,0.023927601475695833
315,design_000315,100,25.0,0.01615661646034472
315,design_000315,110,27.5,0.008038214723027997
315,design_000315,120,30.0,0.0038071020328564954
315,design_000315,130,32.5,0.0015405591193027894
315,design_000315,140,35.0,0.0021347250360758303
315,design_000315,150,37.5,0.003198276379400153
315,design_000315,160,40.0,0.006104003310111844
315,design_000315,170,42.5,0.00752767198666135
315,design_000315,180,45.0,0.010780616072207563
316,design_000316,0,0.0,0.0022514430449180707
316,design_000316,10,2.5,0.0024881972336905835
316,design_000316,20,5.0,0.017439196098976147
316,design_000316,30,7.5,0.045280850977641535
316,design_000316,40,10.0,0.057019606324600666
316,design_000316,50,12.5,0.0405917633656898
316,design_000316,60,15.0,0.028186050138320214
316,design_000316,70,17.5,0.01703243538684531
316,design_000316,80,20.0,0.01123762424306977
316,design_000316,90,22.5,0.01034576301163174
316,design_000316,100,25.0,0.007981752563934835
316,design_000316,110,27.5,0.005106706363705292
316,design_000316,120,30.0,0.002684902297831077
316,design_000316,130,32.5,0.0025617151387529644
316,design_000316,140,35.0,0.003238772183483316
316,design_000316,150,37.5,0.0043351094416838615
316,design_000316,160,40.0,0.00693004383214413
316,design_000316,170,42.5,0.006997725481867181
316,design_000316,180,45.0,0.008578359757521819
317,design_000317,0,0.0,0.002199806589779656
317,design_000317,10,2.5,0.026564118698566584
317,design_000317,20,5.0,0.11139441290244824
317,design_000317,30,7.5,0.13696954897202412
317,design_000317,40,10.0,0.09961229589540649
317,design_000317,50,12.5,0.05188559158667892
317,design_000317,60,15.0,0.02640142992727177
317,design_000317,70,17.5,0.014152803766090308
317,design_000317,80,20.0,0.00877858613776919
317,design_000317,90,22.5,0.005288860334825347
317,design_000317,100,25.0,0.0029397945510514474
317,design_000317,110,27.5,0.0027029530935247705
317,design_000317,120,30.0,0.0035780514520734677
317,design_000317,130,32.5,0.0033870369529171132
317,design_000317,140,35.0,0.00457753959904238
317,design_000317,150,37.5,0.006034210103905501
317,design_000317,160,40.0,0.007849601231910024
317,design_000317,170,42.5,0.006987066524082958
317,design_000317,180,45.0,0.009231686603050623
318,design_000318,0,0.0,0.0021735386240034514
318,design_000318,10,2.5,0.01491482564220231
318,design_000318,20,5.0,0.021970305626450196
318,design_000318,30,7.5,0.029586833264615864
318,design_000318,40,10.0,0.019982064656114844
318,design_000318,50,12.5,0.010971466096178486
318,design_000318,60,15.0,0.011043489125283037
318,design_000318,70,17.5,0.009688969578678246
318,design_000318,80,20.0,0.00710899137548468
318,design_000318,90,22.5,0.007862002099375664
318,design_000318,100,25.0,0.007666410877077038
318,design_000318,110,27.5,0.0069652153240105825
318,design_000318,120,30.0,0.004853382416254521
318,design_000318,130,32.5,0.0016446080965640312
318,design_000318,140,35.0,0.0012799062977244798
318,design_000318,150,37.5,0.0017128769055033731
318,design_000318,160,40.0,0.0032744794502740588
318,design_000318,170,42.5,0.0031973920217215806
318,design_000318,180,45.0,0.004847291171437127
319,design_000319,0,0.0,0.00211326064824272
319,design_000319,10,2.5,0.0019624641462992727
319,design_000319,20,5.0,0.003322977264561336
319,design_000319,30,7.5,0.023592119021016607
319,design_000319,40,10.0,0.03602095136192644
319,design_000319,50,12.5,0.03975006591307384
319,design_000319,60,15.0,0.04359192507316761
319,design_000319,70,17.5,0.036898541784989344
319,design_000319,80,20.0,0.026603230100152586
319,design_000319,90,22.5,0.020017586868555905
319,design_000319,100,25.0,0.013831631492420938
319,design_000319,110,27.5,0.010474766249444422
319,design_000319,120,30.0,0.0046816672314852195
319,design_000319,130,32.5,0.005219301277052356
319,design_000319,140,35.0,0.005658100457310864
319,design_000319,150,37.5,0.004909038949895387
319,design_000319,160,40.0,0.005623337790240139
319,design_000319,170,42.5,0.005568793645394239
319,design_000319,180,45.0,0.006545917168727506
320,design_000320,0,0.0,0.0021438679731150215
320,design_000320,10,2.5,0.004669207817950356
320,design_000320,20,5.0,0.007291072699877617
320,design_000320,30,7.5,0.009157174015338242
320,design_000320,40,10.0,0.016685891397151813
320,design_000320,50,12.5,0.022282823934160943
320,design_000320,60,15.0,0.025479388739770945
320,design_000320,70,17.5,0.02850154734288743
320,design_000320,80,20.0,0.032686150297293604
320,design_000320,90,22.5,0.03332771231842968
320,design_000320,100,25.0,0.02558133422921056
320,design_000320,110,27.5,0.01786944419034088
320,design_000320,120,30.0,0.008724847995668684
320,design_000320,130,32.5,0.008367714253737713
320,design_000320,140,35.0,0.008780036153923754
320,design_000320,150,37.5,0.00796307449183831
320,design_000320,160,40.0,0.007647265086123768
320,design_000320,170,42.5,0.007498285940808054
320,design_000320,180,45.0,0.008648490710258187
321,design_000321,0,0.0,0.0020770806727758266
321,design_000321,10,2.5,0.09103984853186484
321,design_000321,20,5.0,0.038831100689023165
321,design_000321,30,7.5,0.02998124011329102
321,design_000321,40,10.0,0.053287105378951906
321,design_000321,50,12.5,0.060952418504388546
321,design_000321,60,15.0,0.05653804774038679
321,design_000321,70,17.5,0.030833335523695694
321,design_000321,80,20.0,0.016541102895660617
321,design_000321,90,22.5,0.011578253170461643
321,design_000321,100,25.0,0.008118242913696137
321,design_000321,110,27.5,0.002326677707065736
321,design_000321,120,30.0,0.001577699144439577
321,design_000321,130,32.5,0.0027525577777893035
321,design_000321,140,35.0,0.0041435509724543455
321,design_000321,150,37.5,0.004617246406100383
321,design_000321,160,40.0,0.006813137781487804
321,design_000321,170,42.5,0.008118101399351266
321,design_000321,180,45.0,0.009981323999448871
322,design_000322,0,0.0,0.002166440080271901
322,design_000322,10,2.5,0.003695046263395554
322,design_000322,20,5.0,0.027996937605503536
322,design_000322,30,7.5,0.02031674232654687
322,design_000322,40,10.0,0.01180174950812746
322,design_000322,50,12.5,0.011178715000839331
322,design_000322,60,15.0,0.013255754789238166
322,design_000322,70,17.5,0.008959572548902135
322,design_000322,80,20.0,0.009525996522767961
322,design_000322,90,22.5,0.011518525118006032
322,design_000322,100,25.0,0.010301198651734551
322,design_000322,110,27.5,0.007693829289233265
322,design_000322,120,30.0,0.005119075552243056
322,design_000322,130,32.5,0.004227361510843292
322,design_000322,140,35.0,0.003584585208795776
322,design_000322,150,37.5,0.00397992679972365
322,design_000322,160,40.0,0.006477170876534478
322,design_000322,170,42.5,0.006267435537249457
322,design_000322,180,45.0,0.007313155356754735
323,design_000323,0,0.0,0.0018060439394508726
323,design_000323,10,2.5,0.016674713912702373
323,design_000323,20,5.0,0.09463879702878719
323,design_000323,30,7.5,0.1341881961528107
323,design_000323,40,10.0,0.08502712561996366
323,design_000323,50,12.5,0.042283763728624114
323,design_000323,60,15.0,0.030036200056100876
323,design_000323,70,17.5,0.017716572895236093
323,design_000323,80,20.0,0.009589718821612489
323,design_000323,90,22.5,0.005797538776659788
323,design_000323,100,25.0,0.002183128413492938
323,design_000323,110,27.5,0.0020673630196071523
323,design_000323,120,30.0,0.0018613468406844642
323,design_000323,130,32.5,0.0030335821070493025
323,design_000323,140,35.0,0.0047259134137109145
323,design_000323,150,37.5,0.005797178273414848
323,design_000323,160,40.0,0.006874953424737972
323,design_000323,170,42.5,0.00797607474734443
323,design_000323,180,45.0,0.010847655683491478
324,design_000324,0,0.0,0.0021186544978156517
324,design_000324,10,2.5,0.0014851466309136617
324,design_000324,20,5.0,0.009110897910069192
324,design_000324,30,7.5,0.023801259921669343
324,design_000324,40,10.0,0.012919441796807039
324,design_000324,50,12.5,0.010917473674936942
324,design_000324,60,15.0,0.00988509627592098
324,design_000324,70,17.5,0.0038677848393055382
324,design_000324,80,20.0,0.002945553952482272
324,design_000324,90,22.5,0.005443535103000425
324,design_000324,100,25.0,0.0054476584640773505
324,design_000324,110,27.5,0.004274124939822859
324,design_000324,120,30.0,0.0023146650306689245
324,design_000324,130,32.5,0.0029283432644523323
324,design_000324,140,35.0,0.003692348596512479
324,design_000324,150,37.5,0.004439057058125391
324,design_000324,160,40.0,0.00589553304032563
324,design_000324,170,42.5,0.0062589056970425655
324,design_000324,180,45.0,0.006767585361578495
325,design_000325,0,0.0,0.0019447756524503678
325,design_000325,10,2.5,0.0017539608584734303
325,design_000325,20,5.0,0.003226568182606418
325,design_000325,30,7.5,0.009419187589863905
325,design_000325,40,10.0,0.01606784075355674
325,design_000325,50,12.5,0.019962159208823015
325,design_000325,60,15.0,0.022632061565386566
325,design_000325,70,17.5,0.014087630998112676
325,design_000325,80,20.0,0.006123523433351716
325,design_000325,90,22.5,0.005006738672408799
325,design_000325,100,25.0,0.004465883691669158
325,design_000325,110,27.5,0.00505226144754436
325,design_000325,120,30.0,0.003936456510948818
325,design_000325,130,32.5,0.003984579719036797
325,design_000325,140,35.0,0.004790298202456064
325,design_000325,150,37.5,0.005166258622654737
325,design_000325,160,40.0,0.004347819394060286
325,design_000325,170,42.5,0.003994931004243271
325,design_000325,180,45.0,0.0055963465616496455
326,design_000326,0,0.0,0.002324621735347941
326,design_000326,10,2.5,0.013207734003530234
326,design_000326,20,5.0,0.022002436437248512
326,design_000326,30,7.5,0.024063073594501216
326,design_000326,40,10.0,0.013714563019855517
326,design_000326,50,12.5,0.009813181454651829
326,design_000326,60,15.0,0.013032947061369206
326,design_000326,70,17.5,0.007779371991634643
326,design_000326,80,20.0,0.007482417850588186
326,design_000326,90,22.5,0.00825111615430709
326,design_000326,100,25.0,0.006977376866856039
326,design_000326,110,27.5,0.0063191640737310754
326,design_000326,120,30.0,0.004882748686109717
326,design_000326,130,32.5,0.0032846287651334414
326,design_000326,140,35.0,0.002814114168902593
326,design_000326,150,37.5,0.002989707785852266
326,design_000326,160,40.0,0.005530511605655299
326,design_000326,170,42.5,0.005552897966199068
326,design_000326,180,45.0,0.006635425434194826
327,design_000327,0,0.0,0.002213242624149213
327,design_000327,10,2.5,0.007985861697914836
327,design_000327,20,5.0,0.05915653470804551
327,design_000327,30,7.5,0.08067242606058414
327,design_000327,40,10.0,0.03613991459552909
327,design_000327,50,12.5,0.025476949455412477
327,design_000327,60,15.0,0.023848531438133154
327,design_000327,70,17.5,0.018176861166644367
327,design_000327,80,20.0,0.010960751651067673
327,design_000327,90,22.5,0.0073911964396883405
327,design_000327,100,25.0,0.004672016517845431
327,design_000327,110,27.5,0.003585225429541332
327,design_000327,120,30.0,0.00251768984529229
327,design_000327,130,32.5,0.001269944567316382
327,design_000327,140,35.0,0.0019431150612201763
327,design_000327,150,37.5,0.003093110580396193
327,design_000327,160,40.0,0.006359613097077008
327,design_000327,170,42.5,0.006326876092547162
327,design_000327,180,45.0,0.00997352192402282
328,design_000328,0,0.0,0.002086750443579217
328,design_000328,10,2.5,0.08352383094511223
328,design_000328,20,5.0,0.04468038819437871
328,design_000328,30,7.5,0.02840914085157678
328,design_000328,40,10.0,0.04132982407146965
328,design_000328,50,12.5,0.032004307189497094
328,design_000328,60,15.0,0.023078618124318773
328,design_000328,70,17.5,0.012704780698255065
328,design_000328,80,20.0,0.00495575603898807
328,design_000328,90,22.5,0.003017001709056462
328,design_000328,100,25.0,0.002714305675251716
328,design_000328,110,27.5,0.003625889968481024
328,design_000328,120,30.0,0.003303931690511048
328,design_000328,130,32.5,0.0037172504001193136
328,design_000328,140,35.0,0.004374474013448829
328,design_000328,150,37.5,0.004674093143613018
328,design_000328,160,40.0,0.007842222972748614
328,design_000328,170,42.5,0.008085003376928855
328,design_000328,180,45.0,0.010005630958881672
329,design_000329,0,0.0,0.0019494563557309827
329,design_000329,10,2.5,0.018367469815160492
329,design_000329,20,5.0,0.010305580602505731
329,design_000329,30,7.5,0.014853450516184256
329,design_000329,40,10.0,0.022283924430391407
329,design_000329,50,12.5,0.018902661992648104
329,design_000329,60,15.0,0.017691424487351927
329,design_000329,70,17.5,0.009264565473200752
329,design_000329,80,20.0,0.004428578552025756
329,design_000329,90,22.5,0.0059658504209384525
329,design_000329,100,25.0,0.005480808207876097
329,design_000329,110,27.5,0.004034490488155269
329,design_000329,120,30.0,0.002307691029178085
329,design_000329,130,32.5,0.0020204320210807964
329,design_000329,140,35.0,0.0030569317286268283
329,design_000329,150,37.5,0.003835526744665069
329,design_000329,160,40.0,0.006524091032987917
329,design_000329,170,42.5,0.008214204280147373
329,design_000329,180,45.0,0.009039497868419755
330,design_000330,0,0.0,0.002297268148986461
330,design_000330,10,2.5,0.001824666405304475
330,design_000330,20,5.0,0.009521398841399884
330,design_000330,30,7.5,0.02596569648398825
330,design_000330,40,10.0,0.0368086445557602
330,design_000330,50,12.5,0.03278630730199268
330,design_000330,60,15.0,0.023188274026000398
330,design_000330,70,17.5,0.014642477311608407
330,design_000330,80,20.0,0.009613851037139864
330,design_000330,90,22.5,0.009347702769315496
330,design_000330,100,25.0,0.006910250896278747
330,design_000330,110,27.5,0.0039023995390330074
330,design_000330,120,30.0,0.003608689058897258
330,design_000330,130,32.5,0.0020571143843071227
330,design_000330,140,35.0,0.0030951653423897914
330,design_000330,150,37.5,0.003688446186385418
330,design_000330,160,40.0,0.006047013671911068
330,design_000330,170,42.5,0.007222608719801035
330,design_000330,180,45.0,0.008881815804508274
331,design_000331,0,0.0,0.002077610528814039
331,design_000331,10,2.5,0.0035541816734825085
331,design_000331,20,5.0,0.025979263706784547
331,design_000331,30,7.5,0.011229641362525095
331,design_000331,40,10.0,0.00876656144767879
331,design_000331,50,12.5,0.01703542617176517
331,design_000331,60,15.0,0.019536838355021485
331,design_000331,70,17.5,0.01831480695471798
331,design_000331,80,20.0,0.015008253700505144
331,design_000331,90,22.5,0.013764046220155533
331,design_000331,100,25.0,0.00886485927074675
331,design_000331,110,27.5,0.0044971095047544075
331,design_000331,120,30.0,0.00245081861831033
331,design_000331,130,32.5,0.0015228229327703912
331,design_000331,140,35.0,0.0013906050024003946
331,design_000331,150,37.5,0.0020327672345987276
331,design_000331,160,40.0,0.003403868887568084
331,design_000331,170,42.5,0.004437248667675114
331,design_000331,180,45.0,0.006245332031485273
332,design_000332,0,0.0,0.002022809474788225
332,design_000332,10,2.5,0.0027534441710007915
332,design_000332,20,5.0,0.012802990933476519
332,design_000332,30,7.5,0.027998490803244847
332,design_000332,40,10.0,0.029100884844873862
332,design_000332,50,12.5,0.021955330367567624
332,design_000332,60,15.0,0.013133624588527536
332,design_000332,70,17.5,0.007912002026873836
332,design_000332,80,20.0,0.0044069919824705345
332,design_000332,90,22.5,0.005268713504017686
332,design_000332,100,25.0,0.005738656077952183
332,design_000332,110,27.5,0.005699138509997705
332,design_000332,120,30.0,0.0050235274266602625
332,design_000332,130,32.5,0.0021054515052107174
332,design_000332,140,35.0,0.0017903767726355632
332,design_000332,150,37.5,0.0021067948866570685
332,design_000332,160,40.0,0.004800703516129436
332,design_000332,170,42.5,0.005232080187252986
332,design_000332,180,45.0,0.006624323391440494
333,design_000333,0,0.0,0.0021613495598862614
333,design_000333,10,2.5,0.001965693229984746
333,design_000333,20,5.0,0.004971976680343817
333,design_000333,30,7.5,0.011460913394782666
333,design_000333,40,10.0,0.027072325063714594
333,design_000333,50,12.5,0.0357633728850663
333,design_000333,60,15.0,0.03770279400338162
333,design_000333,70,17.5,0.02959612125638568
333,design_000333,80,20.0,0.02235078497818086
333,design_000333,90,22.5,0.017384447804027515
333,design_000333,100,25.0,0.012351189502072046
333,design_000333,110,27.5,0.009745858205626201
333,design_000333,120,30.0,0.005720653730361932
333,design_000333,130,32.5,0.006368392800135927
333,design_000333,140,35.0,0.006412604635452722
333,design_000333,150,37.5,0.006485869066651376
333,design_000333,160,40.0,0.006489796197344357
333,design_000333,170,42.5,0.0062283145136831815
333,design_000333,180,45.0,0.008125033665106186
334,design_000334,0,0.0,0.0020419571563528205
334,design_000334,10,2.5,0.05261745105503026
334,design_000334,20,5.0,0.13614142881094657
334,design_000334,30,7.5,0.05658791187376428
334,design_000334,40,10.0,0.02930383792567932
334,design_000334,50,12.5,0.02945651681415791
334,design_000334,60,15.0,0.030896742142420847
334,design_000334,70,17.5,0.030223531817713332
334,design_000334,80,20.0,0.028756534008244142
334,design_000334,90,22.5,0.027901532418951228
334,design_000334,100,25.0,0.02141081205688113
334,design_000334,110,27.5,0.015570152881164456
334,design_000334,120,30.0,0.008718660418263519
334,design_000334,130,32.5,0.008712166684379345
334,design_000334,140,35.0,0.008147239652527855
334,design_000334,150,37.5,0.008371275955636331
334,design_000334,160,40.0,0.007954511556134079
334,design_000334,170,42.5,0.007545597599874919
334,design_000334,180,45.0,0.009181053734112907
335,design_000335,0,0.0,0.0022132880326003615
335,design_000335,10,2.5,0.001812118267019092
335,design_000335,20,5.0,0.020686394200562917
335,design_000335,30,7.5,0.05655864454730404
335,design_000335,40,10.0,0.07063820181436287
335,design_000335,50,12.5,0.04036328722905524
335,design_000335,60,15.0,0.019483679078295995
335,design_000335,70,17.5,0.009409508422747091
335,design_000335,80,20.0,0.0036274084630131083
335,design_000335,90,22.5,0.002622597336862761
335,design_000335,100,25.0,0.0024223667717460564
335,design_000335,110,27.5,0.0033105549621879793
335,design_000335,120,30.0,0.0027683927705958603
335,design_000335,130,32.5,0.0024066766296902283
335,design_000335,140,35.0,0.0025282488311054604
335,design_000335,150,37.5,0.0033548570202925586
335,design_000335,160,40.0,0.006867760859423354
335,design_000335,170,42.5,0.005993197430259464
335,design_000335,180,45.0,0.007141424440087939
336,design_000336,0,0.0,0.0016579057376650591
336,design_000336,10,2.5,0.0016287469930073811
336,design_000336,20,5.0,0.010473433234232743
336,design_000336,30,7.5,0.03320735079606123
336,design_000336,40,10.0,0.047111322947307854
336,design_000336,50,12.5,0.04135644750727287
336,design_000336,60,15.0,0.03389815367604149
336,design_000336,70,17.5,0.02483753844048147
336,design_000336,80,20.0,0.014866182837189566
336,design_000336,90,22.5,0.006529072701185816
336,design_000336,100,25.0,0.0037825267285640698
336,design_000336,110,27.5,0.004191554826844571
336,design_000336,120,30.0,0.0027035023317308234
336,design_000336,130,32.5,0.004238155937771275
336,design_000336,140,35.0,0.006741609729633257
336,design_000336,150,37.5,0.005987849073342129
336,design_000336,160,40.0,0.006843549005069439
336,design_000336,170,42.5,0.006380880096960249
336,design_000336,180,45.0,0.008413315675050298
337,design_000337,0,0.0,0.0021542074476073774
337,design_000337,10,2.5,0.0334142401058148
337,design_000337,20,5.0,0.0035910708027217537
337,design_000337,30,7.5,0.013822433127163894
337,design_000337,40,10.0,0.02388011220034956
337,design_000337,50,12.5,0.025391484829477708
337,design_000337,60,15.0,0.02728453850955662
337,design_000337,70,17.5,0.02434444688691271
337,design_000337,80,20.0,0.016863681471843178
337,design_000337,90,22.5,0.012950604090651668
337,design_000337,100,25.0,0.00694591355618999
337,design_000337,110,27.5,0.0033324618090814807
337,design_000337,120,30.0,0.001566669500878685
337,design_000337,130,32.5,0.0023489016450997276
337,design_000337,140,35.0,0.003831332228635651
337,design_000337,150,37.5,0.0038347046036416583
337,design_000337,160,40.0,0.004278586834781885
337,design_000337,170,42.5,0.004735512627717297
337,design_000337,180,45.0,0.0067020219942021415
338,design_000338,0,0.0,0.0023200847128455916
338,design_000338,10,2.5,0.001825269142761658
338,design_000338,20,5.0,0.004080674717878525
338,design_000338,30,7.5,0.013792240844478356
338,design_000338,40,10.0,0.024778713972965286
338,design_000338,50,12.5,0.03422015385149818
338,design_000338,60,15.0,0.03749510713382277
338,design_000338,70,17.5,0.029397445739222382
338,design_000338,80,20.0,0.022012736430000825
338,design_000338,90,22.5,0.017487548892490615
338,design_000338,100,25.0,0.012890014300574513
338,design_000338,110,27.5,0.008734679810595657
338,design_000338,120,30.0,0.003948185214007616
338,design_000338,130,32.5,0.004443421733589114
338,design_000338,140,35.0,0.006008710301661573
338,design_000338,150,37.5,0.005323543544244969
338,design_000338,160,40.0,0.0065264215681676545
338,design_000338,170,42.5,0.0064021132786344845
338,design_000338,180,45.0,0.008780239491802627
339,design_000339,0,0.0,0.0022785561744472333
339,design_000339,10,2.5,0.011929913185704074
339,design_000339,20,5.0,0.039840747279431266
339,design_000339,30,7.5,0.01918018713479908
339,design_000339,40,10.0,0.03657318097976388
339,design_000339,50,12.5,0.04301606007412513
339,design_000339,60,15.0,0.03275896956209952
339,design_000339,70,17.5,0.02836255694136781
339,design_000339,80,20.0,0.03195198418081953
339,design_000339,90,22.5,0.03292829324816686
339,design_000339,100,25.0,0.028545359535190072
339,design_000339,110,27.5,0.021965715716294465
339,design_000339,120,30.0,0.011374931758311654
339,design_000339,130,32.5,0.010179937447273822
339,design_000339,140,35.0,0.010208022924666068
339,design_000339,150,37.5,0.009107820635375425
339,design_000339,160,40.0,0.008595479951137384
339,design_000339,170,42.5,0.006652261106595361
339,design_000339,180,45.0,0.007582181398674929
340,design_000340,0,0.0,0.002259737918740478
340,design_000340,10,2.5,0.004175907246082545
340,design_000340,20,5.0,0.011927450185988576
340,design_000340,30,7.5,0.02094094245260237
340,design_000340,40,10.0,0.012138442016705848
340,design_000340,50,12.5,0.01807121920367829
340,design_000340,60,15.0,0.0171914223791639
340,design_000340,70,17.5,0.011970005507753753
340,design_000340,80,20.0,0.009735694410053505
340,design_000340,90,22.5,0.01133700693741986
340,design_000340,100,25.0,0.008206222278879943
340,design_000340,110,27.5,0.005922948661813121
340,design_000340,120,30.0,0.002622797012871191
340,design_000340,130,32.5,0.001772312758335089
340,design_000340,140,35.0,0.0025240790250510995
340,design_000340,150,37.5,0.002957906559551482
340,design_000340,160,40.0,0.004644106149575138
340,design_000340,170,42.5,0.0039689020450864795
340,design_000340,180,45.0,0.004914704404827492
341,design_000341,0,0.0,0.002053604161634018
341,design_000341,10,2.5,0.04810997956073371
341,design_000341,20,5.0,0.0322302156926786
341,design_000341,30,7.5,0.027897529993975635
341,design_000341,40,10.0,0.04122427524929595
341,design_000341,50,12.5,0.047325984160847746
341,design_000341,60,15.0,0.044481774167750204
341,design_000341,70,17.5,0.031393763818771764
341,design_000341,80,20.0,0.017726242247085477
341,design_000341,90,22.5,0.011350786182705014
341,design_000341,100,25.0,0.006346877179061827
341,design_000341,110,27.5,0.004853361655201432
341,design_000341,120,30.0,0.0033040315475468306
341,design_000341,130,32.5,0.003082911101049753
341,design_000341,140,35.0,0.0036451102333267494
341,design_000341,150,37.5,0.004972616530219024
341,design_000341,160,40.0,0.007869876709053147
341,design_000341,170,42.5,0.008712609336476898
341,design_000341,180,45.0,0.011574639351752848
342,design_000342,0,0.0,0.0021644227472623727
342,design_000342,10,2.5,0.0033435951918064895
342,design_000342,20,5.0,0.01659990814472817
342,design_000342,30,7.5,0.03887694794726019
342,design_000342,40,10.0,0.030152505286916445
342,design_000342,50,12.5,0.009768301887720474
342,design_000342,60,15.0,0.011498093461232727
342,design_000342,70,17.5,0.01004173645079233
342,design_000342,80,20.0,0.01029801083066443
342,design_000342,90,22.5,0.01114755899446275
342,design_000342,100,25.0,0.00844827701179709
342,design_000342,110,27.5,0.006243704913437098
342,design_000342,120,30.0,0.004229612906432812
342,design_000342,130,32.5,0.001719256571047462
342,design_000342,140,35.0,0.0022435773729289174
342,design_000342,150,37.5,0.0028447768593576795
342,design_000342,160,40.0,0.006196123860560357
342,design_000342,170,42.5,0.006148746542769411
342,design_000342,180,45.0,0.007108560934128398
343,design_000343,0,0.0,0.0016642011719975986
343,design_000343,10,2.5,0.010781380400425492
343,design_000343,20,5.0,0.023897178125057802
343,design_000343,30,7.5,0.034669662873082506
343,design_000343,40,10.0,0.024340158527625652
343,design_000343,50,12.5,0.013184190934948893
343,design_000343,60,15.0,0.0108475317663604
343,design_000343,70,17.5,0.007101943963037219
343,design_000343,80,20.0,0.003955726682875398
343,design_000343,90,22.5,0.0037178847251153673
343,design_000343,100,25.0,0.0038798905749081016
343,design_000343,110,27.5,0.004880817539370811
343,design_000343,120,30.0,0.004821407021594389
343,design_000343,130,32.5,0.0014509802377299878
343,design_000343,140,35.0,0.00109126281427052
343,design_000343,150,37.5,0.0014391458516452048
343,design_000343,160,40.0,0.003948332556271207
343,design_000343,170,42.5,0.004210767671539883
343,design_000343,180,45.0,0.005855611019747654
344,design_000344,0,0.0,0.0021695655053058445
344,design_000344,10,2.5,0.05068109097297288
344,design_000344,20,5.0,0.10245944479933783
344,design_000344,30,7.5,0.10941810160764133
344,design_000344,40,10.0,0.07399453774612655
344,design_000344,50,12.5,0.06676228893667194
344,design_000344,60,15.0,0.04263748351136461
344,design_000344,70,17.5,0.02453526206700266
344,design_000344,80,20.0,0.02636478019806957
344,design_000344,90,22.5,0.027556614605023663
344,design_000344,100,25.0,0.028168583508722148
344,design_000344,110,27.5,0.027318467229787778
344,design_000344,120,30.0,0.017414144627145245
344,design_000344,130,32.5,0.01723021757384221
344,design_000344,140,35.0,0.016973422996602008
344,design_000344,150,37.5,0.015251270722218477
344,design_000344,160,40.0,0.013758880408979327
344,design_000344,170,42.5,0.011135606591821626
344,design_000344,180,45.0,0.01199800887665626
345,design_000345,0,0.0,0.0020450841752147203
345,design_000345,10,2.5,0.007874581469712129
345,design_000345,20,5.0,0.0038624403266222956
345,design_000345,30,7.5,0.008628528074174885
345,design_000345,40,10.0,0.019564594246595735
345,design_000345,50,12.5,0.02622813641630983
345,design_000345,60,15.0,0.03271757814526602
345,design_000345,70,17.5,0.04017048619890431
345,design_000345,80,20.0,0.03760161490198731
345,design_000345,90,22.5,0.035443603901594074
345,design_000345,100,25.0,0.024845159793299855
345,design_000345,110,27.5,0.014293995831138061
345,design_000345,120,30.0,0.006332065687696087
345,design_000345,130,32.5,0.004823067953608309
345,design_000345,140,35.0,0.00717722648062769
345,design_000345,150,37.5,0.0066596699264020835
345,design_000345,160,40.0,0.007341570702326175
345,design_000345,170,42.5,0.010017258271930257
345,design_000345,180,45.0,0.011832387473148163
346,design_000346,0,0.0,0.0015586178249942767
346,design_000346,10,2.5,0.00563058283655305
346,design_000346,20,5.0,0.008353457420017597
346,design_000346,30,7.5,0.019141098645456527
346,design_000346,40,10.0,0.03940801285206433
346,design_000346,50,12.5,0.03440378307915984
346,design_000346,60,15.0,0.03620983668151778
346,design_000346,70,17.5,0.027763974937882116
346,design_000346,80,20.0,0.01643531746373582
346,design_000346,90,22.5,0.009512876110480958
346,design_000346,100,25.0,0.004146725918825072
346,design_000346,110,27.5,0.004092793333836718
346,design_000346,120,30.0,0.0023783105241084387
346,design_000346,130,32.5,0.0029978269847972224
346,design_000346,140,35.0,0.00471955267043859
346,design_000346,150,37.5,0.005085477960136616
346,design_000346,160,40.0,0.005373392309422282
346,design_000346,170,42.5,0.005761453184913263
346,design_000346,180,45.0,0.008220280292216225
347,design_000347,0,0.0,0.00237089523038566
347,design_000347,10,2.5,0.002504330844184644
347,design_000347,20,5.0,0.010676888323693696
347,design_000347,30,7.5,0.012768816323906147
347,design_000347,40,10.0,0.011590666047219573
347,design_000347,50,12.5,0.016426926698314963
347,design_000347,60,15.0,0.017433973590053557
347,design_000347,70,17.5,0.014999510969017828
347,design_000347,80,20.0,0.010515432801575974
347,design_000347,90,22.5,0.01000362663636787
347,design_000347,100,25.0,0.006477465583456794
347,design_000347,110,27.5,0.003980803158014192
347,design_000347,120,30.0,0.0030160677182754976
347,design_000347,130,32.5,0.00204019778054009
347,design_000347,140,35.0,0.0019246883455693422
347,design_000347,150,37.5,0.002167148965513172
347,design_000347,160,40.0,0.0036371019590574205
347,design_000347,170,42.5,0.003992318190527737
347,design_000347,180,45.0,0.00535298501053963
348,design_000348,0,0.0,0.0020156476537927224
348,design_000348,10,2.5,0.039242113389721285
348,design_000348,20,5.0,0.04499966164065636
348,design_000348,30,7.5,0.03867750460854856
348,design_000348,40,10.0,0.028517662690727592
348,design_000348,50,12.5,0.026101863703787725
348,design_000348,60,15.0,0.021485941704967502
348,design_000348,70,17.5,0.016388775683780908
348,design_000348,80,20.0,0.018468326160956644
348,design_000348,90,22.5,0.023413203704847133
348,design_000348,100,25.0,0.0210496146763057
348,design_000348,110,27.5,0.012917409937008802
348,design_000348,120,30.0,0.006116831636726071
348,design_000348,130,32.5,0.0029888354312517184
348,design_000348,140,35.0,0.004025791643819154
348,design_000348,150,37.5,0.005122382965917809
348,design_000348,160,40.0,0.008201593194660083
348,design_000348,170,42.5,0.007800161608415326
348,design_000348,180,45.0,0.01030310274084513
349,design_000349,0,0.0,0.0019558205041546334
349,design_000349,10,2.5,0.05387663832425353
349,design_000349,20,5.0,0.07634545302193535
349,design_000349,30,7.5,0.011938363350474733
349,design_000349,40,10.0,0.01897851179379162
349,design_000349,50,12.5,0.02279946109504306
349,design_000349,60,15.0,0.0227399412589079
349,design_000349,70,17.5,0.027829960985387793
349,design_000349,80,20.0,0.03213607636897841
349,design_000349,90,22.5,0.037710744576227376
349,design_000349,100,25.0,0.03534111764778995
349,design_000349,110,27.5,0.025255647609898787
349,design_000349,120,30.0,0.014125468901115448
349,design_000349,130,32.5,0.012899181947163026
349,design_000349,140,35.0,0.013674578160569415
349,design_000349,150,37.5,0.011741066683859224
349,design_000349,160,40.0,0.00968267419296786
349,design_000349,170,42.5,0.007706301573832098
349,design_000349,180,45.0,0.009901387790921597
350,design_000350,0,0.0,0.0020688042696153856
350,design_000350,10,2.5,0.06884829890050831
350,design_000350,20,5.0,0.11959547958824499
350,design_000350,30,7.5,0.14104900053861527
350,design_000350,40,10.0,0.13605850294130586
350,design_000350,50,12.5,0.09070664668001294
350,design_000350,60,15.0,0.05145012036715512
350,design_000350,70,17.5,0.02725710113704103
350,design_000350,80,20.0,0.011780511685531302
350,design_000350,90,22.5,0.00800901072579813
350,design_000350,100,25.0,0.008381599640720393
350,design_000350,110,27.5,0.008591249136162531
350,design_000350,120,30.0,0.006232191256121744
350,design_000350,130,32.5,0.008453295334297804
350,design_000350,140,35.0,0.01091004306581924
350,design_000350,150,37.5,0.012834362949443541
350,design_000350,160,40.0,0.01605628457682958
350,design_000350,170,42.5,0.014231712500679776
350,design_000350,180,45.0,0.015297734105878404
351,design_000351,0,0.0,0.0020688042696153856
351,design_000351,10,2.5,0.07294770985001081
351,design_000351,20,5.0,0.13512998578977223
351,design_000351,30,7.5,0.14384783976109225
351,design_000351,40,10.0,0.14372325341511824
351,design_000351,50,12.5,0.10863958319267121
351,design_000351,60,15.0,0.06762787574635873
351,design_000351,70,17.5,0.045419953411802966
351,design_000351,80,20.0,0.021671678267167302
351,design_000351,90,22.5,0.011629982476976341
351,design_000351,100,25.0,0.008346042790070667
351,design_000351,110,27.5,0.007732217241506262
351,design_000351,120,30.0,0.005560065348010405
351,design_000351,130,32.5,0.0075155959174052645
351,design_000351,140,35.0,0.010317310017843261
351,design_000351,150,37.5,0.01178019856011221
351,design_000351,160,40.0,0.014397411096826317
351,design_000351,170,42.5,0.012975845439196863
351,design_000351,180,45.0,0.01573309999115055
352,design_000352,0,0.0,0.0020552359960750383
352,design_000352,10,2.5,0.004206438021481046
352,design_000352,20,5.0,0.0045186556881700625
352,design_000352,30,7.5,0.016713375442154225
352,design_000352,40,10.0,0.036842255698527046
352,design_000352,50,12.5,0.05385182183596064
352,design_000352,60,15.0,0.06721667408166132
352,design_000352,70,17.5,0.06848574511753835
352,design_000352,80,20.0,0.059413201804270635
352,design_000352,90,22.5,0.05292018958377258
352,design_000352,100,25.0,0.04119304118359886
352,design_000352,110,27.5,0.031452225794923086
352,design_000352,120,30.0,0.019764018196325957
352,design_000352,130,32.5,0.019356476524694858
352,design_000352,140,35.0,0.020556563612452717
352,design_000352,150,37.5,0.01767476403417724
352,design_000352,160,40.0,0.017655566815525298
352,design_000352,170,42.5,0.016534901500965996
352,design_000352,180,45.0,0.017950892657015008
353,design_000353,0,0.0,0.0020232373655010346
353,design_000353,10,2.5,0.02656174379475075
353,design_000353,20,5.0,0.12713607763558504
353,design_000353,30,7.5,0.07460654281601606
353,design_000353,40,10.0,0.038696733777280716
353,design_000353,50,12.5,0.03459185785723712
353,design_000353,60,15.0,0.035039848968506634
353,design_000353,70,17.5,0.02768578060904948
353,design_000353,80,20.0,0.020399144491512585
353,design_000353,90,22.5,0.01797723271099265
353,design_000353,100,25.0,0.011288625522031043
353,design_000353,110,27.5,0.006665537392331913
353,design_000353,120,30.0,0.003339903676951373
353,design_000353,130,32.5,0.004487153931293052
353,design_000353,140,35.0,0.00645048791976189
353,design_000353,150,37.5,0.008383779134980035
353,design_000353,160,40.0,0.011079928380340904
353,design_000353,170,42.5,0.012599765694303204
353,design_000353,180,45.0,0.015565644702951
354,design_000354,0,0.0,0.0020613944581625307
354,design_000354,10,2.5,0.004153850498731288
354,design_000354,20,5.0,0.007178522637126954
354,design_000354,30,7.5,0.021842650970227903
354,design_000354,40,10.0,0.046898186500402825
354,design_000354,50,12.5,0.06514807219751832
354,design_000354,60,15.0,0.07933743731464211
354,design_000354,70,17.5,0.07822449302948367
354,design_000354,80,20.0,0.0685505651227754
354,design_000354,90,22.5,0.06052695306891355
354,design_000354,100,25.0,0.04746087796388294
354,design_000354,110,27.5,0.0359686248332057
354,design_000354,120,30.0,0.022585555558495896
354,design_000354,130,32.5,0.021480351262713235
354,design_000354,140,35.0,0.022399462364948806
354,design_000354,150,37.5,0.01985221894632052
354,design_000354,160,40.0,0.02017521740763056
354,design_000354,170,42.5,0.018795783814952657
354,design_000354,180,45.0,0.020232468905367867
355,design_000355,0,0.0,0.0020775629818655366
355,design_000355,10,2.5,0.0696395201463769
355,design_000355,20,5.0,0.11586999743159052
355,design_000355,30,7.5,0.06839099956617706
355,design_000355,40,10.0,0.042331736521135734
355,design_000355,50,12.5,0.03302744414037727
355,design_000355,60,15.0,0.019549328907619193
355,design_000355,70,17.5,0.016336793801391268
355,design_000355,80,20.0,0.02035791224819087
355,design_000355,90,22.5,0.02607550014084674
355,design_000355,100,25.0,0.026420194559406664
355,design_000355,110,27.5,0.019473111981494318
355,design_000355,120,30.0,0.012535441411759028
355,design_000355,130,32.5,0.01194196940523019
355,design_000355,140,35.0,0.012119489324784703
355,design_000355,150,37.5,0.011422538869059865
355,design_000355,160,40.0,0.010227994878607226
355,design_000355,170,42.5,0.007987448080363753
355,design_000355,180,45.0,0.009346330422674527
356,design_000356,0,0.0,0.0019024393379481995
356,design_000356,10,2.5,0.03787075604316268
356,design_000356,20,5.0,0.10129593571090431
356,design_000356,30,7.5,0.061063574716522226
356,design_000356,40,10.0,0.03980624564569315
356,design_000356,50,12.5,0.036317911916070617
356,design_000356,60,15.0,0.020630204367167913
356,design_000356,70,17.5,0.013857961325414541
356,design_000356,80,20.0,0.01968749290541269
356,design_000356,90,22.5,0.027348828200204817
356,design_000356,100,25.0,0.029110116187011238
356,design_000356,110,27.5,0.024616261596521173
356,design_000356,120,30.0,0.016215240122237524
356,design_000356,130,32.5,0.016565470594170975
356,design_000356,140,35.0,0.017220920348372012
356,design_000356,150,37.5,0.015719370032735058
356,design_000356,160,40.0,0.015340650579683382
356,design_000356,170,42.5,0.012228434228404346
356,design_000356,180,45.0,0.012064461263312848
357,design_000357,0,0.0,0.0020688042696153856
357,design_000357,10,2.5,0.07225781335693086
357,design_000357,20,5.0,0.11706818488437089
357,design_000357,30,7.5,0.13934671889020023
357,design_000357,40,10.0,0.13708305305141347
357,design_000357,50,12.5,0.0868270217015375
357,design_000357,60,15.0,0.05212390893466226
357,design_000357,70,17.5,0.024639749798210136
357,design_000357,80,20.0,0.01219756433881098
357,design_000357,90,22.5,0.007139818683439183
357,design_000357,100,25.0,0.006490932604049594
357,design_000357,110,27.5,0.009037699704714998
357,design_000357,120,30.0,0.006903863183598268
357,design_000357,130,32.5,0.00835136556147659
357,design_000357,140,35.0,0.010664488662694073
357,design_000357,150,37.5,0.012019707699966041
357,design_000357,160,40.0,0.013841317574069874
357,design_000357,170,42.5,0.01272225782054007
357,design_000357,180,45.0,0.01338634102948666
358,design_000358,0,0.0,0.001383814453857454
358,design_000358,10,2.5,0.06710505909771133
358,design_000358,20,5.0,0.12444786957391268
358,design_000358,30,7.5,0.1409551197860583
358,design_000358,40,10.0,0.13352598657793113
358,design_000358,50,12.5,0.0909688118373802
358,design_000358,60,15.0,0.0541570876030731
358,design_000358,70,17.5,0.026057987823633107
358,design_000358,80,20.0,0.013424977843502793
358,design_000358,90,22.5,0.012904428365380853
358,design_000358,100,25.0,0.012736930167399413
358,design_000358,110,27.5,0.012855774870462397
358,design_000358,120,30.0,0.009050933885950053
358,design_000358,130,32.5,0.010930756447471627
358,design_000358,140,35.0,0.01267530142440381
358,design_000358,150,37.5,0.013304209410246369
358,design_000358,160,40.0,0.015917374549528147
358,design_000358,170,42.5,0.013165665621947103
358,design_000358,180,45.0,0.012629115894036433
359,design_000359,0,0.0,0.002071608854614728
359,design_000359,10,2.5,0.00964470763049247
359,design_000359,20,5.0,0.01468667079836602
359,design_000359,30,7.5,0.030581361251021587
359,design_000359,40,10.0,0.058479147154185465
359,design_000359,50,12.5,0.07656286391537862
359,design_000359,60,15.0,0.08951659293613116
359,design_000359,70,17.5,0.08795845562722271
359,design_000359,80,20.0,0.07782983838482148
359,design_000359,90,22.5,0.06794276648949156
359,design_000359,100,25.0,0.055798234040261185
359,design_000359,110,27.5,0.04201910840475174
359,design_000359,120,30.0,0.02493571299324004
359,design_000359,130,32.5,0.022874202807010857
359,design_000359,140,35.0,0.025305218676491752
359,design_000359,150,37.5,0.02351897397424415
359,design_000359,160,40.0,0.021199278807392377
359,design_000359,170,42.5,0.019612913429465667
359,design_000359,180,45.0,0.02143382260684925
360,design_000360,0,0.0,0.0020688042696153856
360,design_000360,10,2.5,0.07292081739660942
360,design_000360,20,5.0,0.12281210932415668
360,design_000360,30,7.5,0.14809887484893192
360,design_000360,40,10.0,0.14396147712528823
360,design_000360,50,12.5,0.09253839040775808
360,design_000360,60,15.0,0.05721401663753858
360,design_000360,70,17.5,0.028996062906439232
360,design_000360,80,20.0,0.014069279510227694
360,design_000360,90,22.5,0.011091377787829574
360,design_000360,100,25.0,0.011282905547301596
360,design_000360,110,27.5,0.011298822780025312
360,design_000360,120,30.0,0.00781680887845478
360,design_000360,130,32.5,0.010085373445639796
360,design_000360,140,35.0,0.013084098592107378
360,design_000360,150,37.5,0.014331442848924764
360,design_000360,160,40.0,0.01742902616939872
360,design_000360,170,42.5,0.0149260523534941
360,design_000360,180,45.0,0.01445380494350064
361,design_000361,0,0.0,0.002040065649334566
361,design_000361,10,2.5,0.0022111385805089305
361,design_000361,20,5.0,0.02937059955221335
361,design_000361,30,7.5,0.06235639114313421
361,design_000361,40,10.0,0.07357456824532242
361,design_000361,50,12.5,0.06403397203402812
361,design_000361,60,15.0,0.055265216728236116
361,design_000361,70,17.5,0.04363443610582682
361,design_000361,80,20.0,0.03557233728976028
361,design_000361,90,22.5,0.028535458163107232
361,design_000361,100,25.0,0.020179931175814566
361,design_000361,110,27.5,0.015003385163376001
361,design_000361,120,30.0,0.008230058161877952
361,design_000361,130,32.5,0.009562260813025119
361,design_000361,140,35.0,0.010436942954399085
361,design_000361,150,37.5,0.010096739734911046
361,design_000361,160,40.0,0.009986161643417929
361,design_000361,170,42.5,0.009195216419914602
361,design_000361,180,45.0,0.011203422573453808
362,design_000362,0,0.0,0.0020349270529406932
362,design_000362,10,2.5,0.001500528219555089
362,design_000362,20,5.0,0.007039052238057579
362,design_000362,30,7.5,0.026836847790314464
362,design_000362,40,10.0,0.051694978093669644
362,design_000362,50,12.5,0.06417606898142032
362,design_000362,60,15.0,0.07550669791703987
362,design_000362,70,17.5,0.06935089572746886
362,design_000362,80,20.0,0.060907158648858484
362,design_000362,90,22.5,0.05040213054072388
362,design_000362,100,25.0,0.03690751283910051
362,design_000362,110,27.5,0.029965806111858843
362,design_000362,120,30.0,0.01877395014931462
362,design_000362,130,32.5,0.018960216017681747
362,design_000362,140,35.0,0.0201000204878556
362,design_000362,150,37.5,0.01651042167862185
362,design_000362,160,40.0,0.014524833481294169
362,design_000362,170,42.5,0.013199425990316073
362,design_000362,180,45.0,0.014556778330957785
363,design_000363,0,0.0,0.0020334565281112074
363,design_000363,10,2.5,0.0024092609674446533
363,design_000363,20,5.0,0.018404714967488287
363,design_000363,30,7.5,0.05790571071646693
363,design_000363,40,10.0,0.1017628765391907
363,design_000363,50,12.5,0.11630037391953565
363,design_000363,60,15.0,0.12483993666370255
363,design_000363,70,17.5,0.11183967521268284
363,design_000363,80,20.0,0.08751210819239205
363,design_000363,90,22.5,0.06926315776271039
363,design_000363,100,25.0,0.05042906988102458
363,design_000363,110,27.5,0.035743220841466423
363,design_000363,120,30.0,0.01977705086305343
363,design_000363,130,32.5,0.017138768871760694
363,design_000363,140,35.0,0.01867298890846382
363,design_000363,150,37.5,0.016478300529447883
363,design_000363,160,40.0,0.01562658733801704
363,design_000363,170,42.5,0.01490841258893008
363,design_000363,180,45.0,0.017026921368123255
364,design_000364,0,0.0,0.002204907400400663
364,design_000364,10,2.5,0.004797307820762922
364,design_000364,20,5.0,0.01528483276491646
364,design_000364,30,7.5,0.023151912312402018
364,design_000364,40,10.0,0.03205405798272096
364,design_000364,50,12.5,0.03567363588307484
364,design_000364,60,15.0,0.04232932796602168
364,design_000364,70,17.5,0.051432621170827725
364,design_000364,80,20.0,0.05178744779129371
364,design_000364,90,22.5,0.050252052662800376
364,design_000364,100,25.0,0.04349969509035111
364,design_000364,110,27.5,0.03134741162608304
364,design_000364,120,30.0,0.018585243017764503
364,design_000364,130,32.5,0.018381111375030797
364,design_000364,140,35.0,0.020019454631772682
364,design_000364,150,37.5,0.015474518410620487
364,design_000364,160,40.0,0.014776418165024388
364,design_000364,170,42.5,0.012097961030632546
364,design_000364,180,45.0,0.014198029760498202
365,design_000365,0,0.0,0.002151432398117042
365,design_000365,10,2.5,0.009028524021310257
365,design_000365,20,5.0,0.012374967449058916
365,design_000365,30,7.5,0.019301881881027508
365,design_000365,40,10.0,0.03455597713926951
365,design_000365,50,12.5,0.029756337111491754
365,design_000365,60,15.0,0.033159489151511894
365,design_000365,70,17.5,0.03999518265199238
365,design_000365,80,20.0,0.04003051745307187
365,design_000365,90,22.5,0.04006672847869875
365,design_000365,100,25.0,0.03126083352445917
365,design_000365,110,27.5,0.0217749299638624
365,design_000365,120,30.0,0.012716523617032398
365,design_000365,130,32.5,0.014147075227585282
365,design_000365,140,35.0,0.016290997242296865
365,design_000365,150,37.5,0.013102517549170543
365,design_000365,160,40.0,0.009896211888420294
365,design_000365,170,42.5,0.009021866678941629
365,design_000365,180,45.0,0.011542907698108836
366,design_000366,0,0.0,0.0020688042696153856
366,design_000366,10,2.5,0.0684432044025328
366,design_000366,20,5.0,0.12596489294390356
366,design_000366,30,7.5,0.14463311496335368
366,design_000366,40,10.0,0.14664796456098195
366,design_000366,50,12.5,0.09673297768000902
366,design_000366,60,15.0,0.05853058091442391
366,design_000366,70,17.5,0.032861540407790255
366,design_000366,80,20.0,0.015159696522381362
366,design_000366,90,22.5,0.009601413725923331
366,design_000366,100,25.0,0.008724856662295234
366,design_000366,110,27.5,0.010343000560558296
366,design_000366,120,30.0,0.007979324208313654
366,design_000366,130,32.5,0.010152440002683855
366,design_000366,140,35.0,0.012078448203399268
366,design_000366,150,37.5,0.013138940856117666
366,design_000366,160,40.0,0.015762739111903595
366,design_000366,170,42.5,0.013869929211925456
366,design_000366,180,45.0,0.014337469974072318
367,design_000367,0,0.0,0.0020688042696153856
367,design_000367,10,2.5,0.07294621007749055
367,design_000367,20,5.0,0.14404498035048352
367,design_000367,30,7.5,0.16414660357905078
367,design_000367,40,10.0,0.1488684025916838
367,design_000367,50,12.5,0.08592067777457268
367,design_000367,60,15.0,0.05326602013365924
367,design_000367,70,17.5,0.03359106050471563
367,design_000367,80,20.0,0.018301251489616817
367,design_000367,90,22.5,0.01341194150200949
367,design_000367,100,25.0,0.012173303949711244
367,design_000367,110,27.5,0.011528824379441005
367,design_000367,120,30.0,0.008908653004131191
367,design_000367,130,32.5,0.012297673678694453
367,design_000367,140,35.0,0.014391831572344754
367,design_000367,150,37.5,0.01570768908924149
367,design_000367,160,40.0,0.019617233480855863
367,design_000367,170,42.5,0.01696035232869162
367,design_000367,180,45.0,0.016286597307122945
368,design_000368,0,0.0,0.0020688042696153856
368,design_000368,10,2.5,0.06813043655860826
368,design_000368,20,5.0,0.11205376605840026
368,design_000368,30,7.5,0.13728285592770875
368,design_000368,40,10.0,0.12670489254180317
368,design_000368,50,12.5,0.07666597182935803
368,design_000368,60,15.0,0.04626868744317632
368,design_000368,70,17.5,0.02155996926921787
368,design_000368,80,20.0,0.009317346821129736
368,design_000368,90,22.5,0.007673086042546045
368,design_000368,100,25.0,0.008703363926821719
368,design_000368,110,27.5,0.010520056988025306
368,design_000368,120,30.0,0.007372389363111983
368,design_000368,130,32.5,0.008801115951584948
368,design_000368,140,35.0,0.011162807521014922
368,design_000368,150,37.5,0.01280190232290031
368,design_000368,160,40.0,0.015045480109693206
368,design_000368,170,42.5,0.01332970023902853
368,design_000368,180,45.0,0.013379592211890484
369,design_000369,0,0.0,0.0020688042696153856
369,design_000369,10,2.5,0.042941569008774785
369,design_000369,20,5.0,0.10635835061475273
369,design_000369,30,7.5,0.12487022720246346
369,design_000369,40,10.0,0.08685899595655883
369,design_000369,50,12.5,0.05896859974518985
369,design_000369,60,15.0,0.032342084186920715
369,design_000369,70,17.5,0.010490370702137689
369,design_000369,80,20.0,0.006862991299578696
369,design_000369,90,22.5,0.008581644193622843
369,design_000369,100,25.0,0.010494284817903758
369,design_000369,110,27.5,0.011772950947255927
369,design_000369,120,30.0,0.007708993115129743
369,design_000369,130,32.5,0.008437185109851704
369,design_000369,140,35.0,0.010081367748001632
369,design_000369,150,37.5,0.01127639687587122
369,design_000369,160,40.0,0.012741098814467024
369,design_000369,170,42.5,0.010705357912159371
369,design_000369,180,45.0,0.010964550779851829
370,design_000370,0,0.0,0.002075360659819714
370,design_000370,10,2.5,0.0032892447953223073
370,design_000370,20,5.0,0.020415316371428724
370,design_000370,30,7.5,0.013147479609563474
370,design_000370,40,10.0,0.023943295543373995
370,design_000370,50,12.5,0.031583762019076735
370,design_000370,60,15.0,0.04072498242592929
370,design_000370,70,17.5,0.048180468184311376
370,design_000370,80,20.0,0.048994983896879056
370,design_000370,90,22.5,0.05002954993052097
370,design_000370,100,25.0,0.04447883742605342
370,design_000370,110,27.5,0.03339339334714288
370,design_000370,120,30.0,0.020222399649002055
370,design_000370,130,32.5,0.01899595082711236
370,design_000370,140,35.0,0.020466525428205012
370,design_000370,150,37.5,0.016327976876762594
370,design_000370,160,40.0,0.015492750080158263
370,design_000370,170,42.5,0.01314378036595086
370,design_000370,180,45.0,0.015409326438762586
371,design_000371,0,0.0,0.0018148797891705372
371,design_000371,10,2.5,0.04350031755918908
371,design_000371,20,5.0,0.11039696387846216
371,design_000371,30,7.5,0.08392220334822653
371,design_000371,40,10.0,0.04702250404440507
371,design_000371,50,12.5,0.037088104689410706
371,design_000371,60,15.0,0.021347811155935016
371,design_000371,70,17.5,0.011011329969197304
371,design_000371,80,20.0,0.015512362447508692
371,design_000371,90,22.5,0.02117397645172719
371,design_000371,100,25.0,0.02337099503833962
371,design_000371,110,27.5,0.02075371945589025
371,design_000371,120,30.0,0.014161600761948745
371,design_000371,130,32.5,0.01392582810272855
371,design_000371,140,35.0,0.015229185277818597
371,design_000371,150,37.5,0.014679952962062658
371,design_000371,160,40.0,0.014643167873801387
371,design_000371,170,42.5,0.011610222231849194
371,design_000371,180,45.0,0.012000921251750472
372,design_000372,0,0.0,0.0021135264026064895
372,design_000372,10,2.5,0.004019574152939813
372,design_000372,20,5.0,0.028904927906601586
372,design_000372,30,7.5,0.0711309585681414
372,design_000372,40,10.0,0.10075866828470154
372,design_000372,50,12.5,0.10025794662901458
372,design_000372,60,15.0,0.09202972020659123
372,design_000372,70,17.5,0.0772161531434295
372,design_000372,80,20.0,0.05608549224380679
372,design_000372,90,22.5,0.04369542530352882
372,design_000372,100,25.0,0.034062953577318054
372,design_000372,110,27.5,0.026043138428022826
372,design_000372,120,30.0,0.016120526312877748
372,design_000372,130,32.5,0.018137430434735497
372,design_000372,140,35.0,0.021465142637141096
372,design_000372,150,37.5,0.019723898781049777
372,design_000372,160,40.0,0.017731560697334954
372,design_000372,170,42.5,0.017606145158329076
372,design_000372,180,45.0,0.019743669785900416
373,design_000373,0,0.0,0.0020688042696153856
373,design_000373,10,2.5,0.07014643651468663
373,design_000373,20,5.0,0.10035437083709592
373,design_000373,30,7.5,0.1152837588520547
373,design_000373,40,10.0,0.06410729786229098
373,design_000373,50,12.5,0.043611709385890034
373,design_000373,60,15.0,0.024849320756425132
373,design_000373,70,17.5,0.011310360284264786
373,design_000373,80,20.0,0.013064429971836551
373,design_000373,90,22.5,0.018108604945103392
373,design_000373,100,25.0,0.01961922849246877
373,design_000373,110,27.5,0.017907351295479434
373,design_000373,120,30.0,0.012776073374503805
373,design_000373,130,32.5,0.012555966259066994
373,design_000373,140,35.0,0.01358092402716213
373,design_000373,150,37.5,0.014219025516956304
373,design_000373,160,40.0,0.015360450613207972
373,design_000373,170,42.5,0.013363426002692419
373,design_000373,180,45.0,0.014056497715166054
374,design_000374,0,0.0,0.002060093631896314
374,design_000374,10,2.5,0.003065278412324419
374,design_000374,20,5.0,0.023738579430356885
374,design_000374,30,7.5,0.06492124939250545
374,design_000374,40,10.0,0.09996712226216561
374,design_000374,50,12.5,0.1035220761973674
374,design_000374,60,15.0,0.09813160640273326
374,design_000374,70,17.5,0.08409481381874767
374,design_000374,80,20.0,0.06222935238124724
374,design_000374,90,22.5,0.04995080981255907
374,design_000374,100,25.0,0.03950486736371089
374,design_000374,110,27.5,0.030577340688973047
374,design_000374,120,30.0,0.019624588890403697
374,design_000374,130,32.5,0.020905398606628565
374,design_000374,140,35.0,0.02493247574094145
374,design_000374,150,37.5,0.023344299118332537
374,design_000374,160,40.0,0.022031967879783128
374,design_000374,170,42.5,0.022452194023962382
374,design_000374,180,45.0,0.024367127133522865
375,design_000375,0,0.0,0.0020688042696153856
375,design_000375,10,2.5,0.07271090988349402
375,design_000375,20,5.0,0.1321883542137525
375,design_000375,30,7.5,0.10521533993536077
375,design_000375,40,10.0,0.05173814378805015
375,design_000375,50,12.5,0.04056259426150354
375,design_000375,60,15.0,0.023627161377817972
375,design_000375,70,17.5,0.012354760238536175
375,design_000375,80,20.0,0.016267507657646965
375,design_000375,90,22.5,0.022550861195889074
375,design_000375,100,25.0,0.024141315479345747
375,design_000375,110,27.5,0.02037370267868275
375,design_000375,120,30.0,0.014297551711500604
375,design_000375,130,32.5,0.014248497999844192
375,design_000375,140,35.0,0.015167962777929736
375,design_000375,150,37.5,0.015157985046601003
375,design_000375,160,40.0,0.015329116575213722
375,design_000375,170,42.5,0.012723219716302475
375,design_000375,180,45.0,0.013035591496346633
376,design_000376,0,0.0,0.002055759704843914
376,design_000376,10,2.5,0.005854117542929457
376,design_000376,20,5.0,0.012528359438840245
376,design_000376,30,7.5,0.024599020846944843
376,design_000376,40,10.0,0.047770320903454885
376,design_000376,50,12.5,0.06391662762571576
376,design_000376,60,15.0,0.07274769744488524
376,design_000376,70,17.5,0.07488697092354157
376,design_000376,80,20.0,0.06372146482440827
376,design_000376,90,22.5,0.05641224656649466
376,design_000376,100,25.0,0.04669563602775835
376,design_000376,110,27.5,0.03362280962120134
376,design_000376,120,30.0,0.020740633252815506
376,design_000376,130,32.5,0.01870321115757863
376,design_000376,140,35.0,0.02111022938082299
376,design_000376,150,37.5,0.019556449796282453
376,design_000376,160,40.0,0.018811291536616336
376,design_000376,170,42.5,0.01888215090550644
376,design_000376,180,45.0,0.021502655235987066
377,design_000377,0,0.0,0.0020688042696153856
377,design_000377,10,2.5,0.07290192095591444
377,design_000377,20,5.0,0.1432357391452445
377,design_000377,30,7.5,0.1603717832686479
377,design_000377,40,10.0,0.14492182798412537
377,design_000377,50,12.5,0.09000614548754476
377,design_000377,60,15.0,0.05052332225503982
377,design_000377,70,17.5,0.02899994464285964
377,design_000377,80,20.0,0.015227614325258527
377,design_000377,90,22.5,0.00950394135265067
377,design_000377,100,25.0,0.007727128251350299
377,design_000377,110,27.5,0.0077347986194876645
377,design_000377,120,30.0,0.006751292047252327
377,design_000377,130,32.5,0.01096592641368817
377,design_000377,140,35.0,0.015222561748123718
377,design_000377,150,37.5,0.015501341146879816
377,design_000377,160,40.0,0.018748513332085305
377,design_000377,170,42.5,0.016188161756341638
377,design_000377,180,45.0,0.017262156641703656
378,design_000378,0,0.0,0.002152870460357348
378,design_000378,10,2.5,0.006270619451811142
378,design_000378,20,5.0,0.05170599764406464
378,design_000378,30,7.5,0.06338757151732391
378,design_000378,40,10.0,0.020778263234703342
378,design_000378,50,12.5,0.019688958330007847
378,design_000378,60,15.0,0.023889405605574267
378,design_000378,70,17.5,0.02286244827389211
378,design_000378,80,20.0,0.0192098868821996
378,design_000378,90,22.5,0.018413221926524285
378,design_000378,100,25.0,0.013197632615038507
378,design_000378,110,27.5,0.008784266832859832
378,design_000378,120,30.0,0.005295405264541372
378,design_000378,130,32.5,0.007193517596720883
378,design_000378,140,35.0,0.008409541455975826
378,design_000378,150,37.5,0.00949457261392102
378,design_000378,160,40.0,0.009537707684249356
378,design_000378,170,42.5,0.010540966926975752
378,design_000378,180,45.0,0.013237537936189125
379,design_000379,0,0.0,0.0021642696184357435
379,design_000379,10,2.5,0.018086361858529163
379,design_000379,20,5.0,0.0534756043213704
379,design_000379,30,7.5,0.013140106919591346
379,design_000379,40,10.0,0.03034048161260277
379,design_000379,50,12.5,0.027191088978474207
379,design_000379,60,15.0,0.026334654762210228
379,design_000379,70,17.5,0.03265949786328377
379,design_000379,80,20.0,0.03705700365660225
379,design_000379,90,22.5,0.04134119524958968
379,design_000379,100,25.0,0.03758692331422852
379,design_000379,110,27.5,0.02696595534906533
379,design_000379,120,30.0,0.015528178492689365
379,design_000379,130,32.5,0.014729027280362291
379,design_000379,140,35.0,0.016180150460869975
379,design_000379,150,37.5,0.012751514068489317
379,design_000379,160,40.0,0.010916420466447422
379,design_000379,170,42.5,0.008638965063596241
379,design_000379,180,45.0,0.01117090758408948
380,design_000380,0,0.0,0.0020688042696153856
380,design_000380,10,2.5,0.07295108843612498
380,design_000380,20,5.0,0.10903949181665053
380,design_000380,30,7.5,0.14391198853679338
380,design_000380,40,10.0,0.14217652889802349
380,design_000380,50,12.5,0.09203262019596889
380,design_000380,60,15.0,0.05817980365664181
380,design_000380,70,17.5,0.037576102139599735
380,design_000380,80,20.0,0.017112443671981222
380,design_000380,90,22.5,0.010536717784611002
380,design_000380,100,25.0,0.009178559442443833
380,design_000380,110,27.5,0.009997118481167595
380,design_000380,120,30.0,0.007126951420080923
380,design_000380,130,32.5,0.008991831830135995
380,design_000380,140,35.0,0.011182607924995652
380,design_000380,150,37.5,0.012568170780955968
380,design_000380,160,40.0,0.015395464733240388
380,design_000380,170,42.5,0.013569990048285883
380,design_000380,180,45.0,0.014786312614936702
381,design_000381,0,0.0,0.0020688042696153856
381,design_000381,10,2.5,0.07293309921219376
381,design_000381,20,5.0,0.11816989142004258
381,design_000381,30,7.5,0.1434539492805224
381,design_000381,40,10.0,0.14573746256098563
381,design_000381,50,12.5,0.11041784539143353
381,design_000381,60,15.0,0.06633643122399452
381,design_000381,70,17.5,0.0416171714526999
381,design_000381,80,20.0,0.01876094776182147
381,design_000381,90,22.5,0.00906192946143983
381,design_000381,100,25.0,0.0061550399653189525
381,design_000381,110,27.5,0.006745606078919457
381,design_000381,120,30.0,0.005139863871108529
381,design_000381,130,32.5,0.00687712868733307
381,design_000381,140,35.0,0.009644376455549223
381,design_000381,150,37.5,0.01132985118513682
381,design_000381,160,40.0,0.013320975383463069
381,design_000381,170,42.5,0.012506491675312228
381,design_000381,180,45.0,0.01500207636228051
382,design_000382,0,0.0,0.0020688042696153856
382,design_000382,10,2.5,0.07295385744835013
382,design_000382,20,5.0,0.14424590853262922
382,design_000382,30,7.5,0.15731162495215226
382,design_000382,40,10.0,0.16970065987485827
382,design_000382,50,12.5,0.14574957711563394
382,design_000382,60,15.0,0.10742582905998407
382,design_000382,70,17.5,0.0726043236542915
382,design_000382,80,20.0,0.04242927191193228
382,design_000382,90,22.5,0.02711783559125107
382,design_000382,100,25.0,0.018047063586812077
382,design_000382,110,27.5,0.012787302619646114
382,design_000382,120,30.0,0.00740810657354761
382,design_000382,130,32.5,0.00915921923819489
382,design_000382,140,35.0,0.0125064249151058
382,design_000382,150,37.5,0.01255872749245692
382,design_000382,160,40.0,0.014409442833436401
382,design_000382,170,42.5,0.013271531581490088
382,design_000382,180,45.0,0.016334449123510713
383,design_000383,0,0.0,0.0019032844505540562
383,design_000383,10,2.5,0.06820690355677998
383,design_000383,20,5.0,0.12446497635373308
383,design_000383,30,7.5,0.11173388198969844
383,design_000383,40,10.0,0.06749510513270386
383,design_000383,50,12.5,0.02686768697443607
383,design_000383,60,15.0,0.01450567187709862
383,design_000383,70,17.5,0.00941163645895643
383,design_000383,80,20.0,0.0074831303788666466
383,design_000383,90,22.5,0.009285144208090247
383,design_000383,100,25.0,0.010268534720918394
383,design_000383,110,27.5,0.009345197181884132
383,design_000383,120,30.0,0.006719801296783696
383,design_000383,130,32.5,0.008353883896951582
383,design_000383,140,35.0,0.010428082779736867
383,design_000383,150,37.5,0.01119250607333187
383,design_000383,160,40.0,0.012693852925446015
383,design_000383,170,42.5,0.01150990422552094
383,design_000383,180,45.0,0.011903455040123828
384,design_000384,0,0.0,0.0020688042696153856
384,design_000384,10,2.5,0.07237895101195493
384,design_000384,20,5.0,0.1289711523562195
384,design_000384,30,7.5,0.13882333489331855
384,design_000384,40,10.0,0.1103385944450046
384,design_000384,50,12.5,0.05986971706337583
384,design_000384,60,15.0,0.03402985078415299
384,design_000384,70,17.5,0.01521576645889769
384,design_000384,80,20.0,0.009233939314895905
384,design_000384,90,22.5,0.0107600181185039
384,design_000384,100,25.0,0.01189322970269473
384,design_000384,110,27.5,0.012044088052258345
384,design_000384,120,30.0,0.009585572020608897
384,design_000384,130,32.5,0.011182394181565317
384,design_000384,140,35.0,0.013073447988906806
384,design_000384,150,37.5,0.014472685317250635
384,design_000384,160,40.0,0.017002803806633274
384,design_000384,170,42.5,0.015298252907674316
384,design_000384,180,45.0,0.015150546101064687
385,design_000385,0,0.0,0.00208616790711531
385,design_000385,10,2.5,0.004644177507186675
385,design_000385,20,5.0,0.0036477919279321574
385,design_000385,30,7.5,0.012472526811280901
385,design_000385,40,10.0,0.025068752818801082
385,design_000385,50,12.5,0.02598630308915135
385,design_000385,60,15.0,0.03412189348928836
385,design_000385,70,17.5,0.03729888166516305
385,design_000385,80,20.0,0.0376222180715611
385,design_000385,90,22.5,0.03982838158124606
385,design_000385,100,25.0,0.03272307996806261
385,design_000385,110,27.5,0.023237761505293022
385,design_000385,120,30.0,0.014255143708103055
385,design_000385,130,32.5,0.013283088760398562
385,design_000385,140,35.0,0.013947707688363516
385,design_000385,150,37.5,0.010651411614555729
385,design_000385,160,40.0,0.010681075509330444
385,design_000385,170,42.5,0.009558382938311441
385,design_000385,180,45.0,0.010803224346943863
386,design_000386,0,0.0,0.0020340363526593205
386,design_000386,10,2.5,0.007660668249480766
386,design_000386,20,5.0,0.05039460197030292
386,design_000386,30,7.5,0.09487703482944211
386,design_000386,40,10.0,0.13428410729968868
386,design_000386,50,12.5,0.12396314429241213
386,design_000386,60,15.0,0.10707886817237808
386,design_000386,70,17.5,0.07693391698003497
386,design_000386,80,20.0,0.05263046063097894
386,design_000386,90,22.5,0.03974676389172775
386,design_000386,100,25.0,0.026362954203768395
386,design_000386,110,27.5,0.020092739316112586
386,design_000386,120,30.0,0.010377574034880722
386,design_000386,130,32.5,0.010011078689372028
386,design_000386,140,35.0,0.010149422437539577
386,design_000386,150,37.5,0.008712183667314709
386,design_000386,160,40.0,0.009478180157048672
386,design_000386,170,42.5,0.009383796786612181
386,design_000386,180,45.0,0.01013007246039806
387,design_000387,0,0.0,0.002035471845311627
387,design_000387,10,2.5,0.008822939903671091
387,design_000387,20,5.0,0.0030192070114981404
387,design_000387,30,7.5,0.008912215751532768
387,design_000387,40,10.0,0.022123420669024552
387,design_000387,50,12.5,0.02993425323220622
387,design_000387,60,15.0,0.038706782132822866
387,design_000387,70,17.5,0.04691403379884874
387,design_000387,80,20.0,0.04828040165806756
387,design_000387,90,22.5,0.04969239914690578
387,design_000387,100,25.0,0.04333877353125981
387,design_000387,110,27.5,0.03189869148095152
387,design_000387,120,30.0,0.017963379082456148
387,design_000387,130,32.5,0.01621947111209334
387,design_000387,140,35.0,0.01715377139098234
387,design_000387,150,37.5,0.01321032888236001
387,design_000387,160,40.0,0.011397960278477594
387,design_000387,170,42.5,0.00904012272529484
387,design_000387,180,45.0,0.011102890909809277
388,design_000388,0,0.0,0.0020690654723428265
388,design_000388,10,2.5,0.0076255871287007875
388,design_000388,20,5.0,0.013309391112929487
388,design_000388,30,7.5,0.019328773996106625
388,design_000388,40,10.0,0.040735168099764546
388,design_000388,50,12.5,0.05846356334245318
388,design_000388,60,15.0,0.07660213188673058
388,design_000388,70,17.5,0.07861131629139553
388,design_000388,80,20.0,0.07342110001712565
388,design_000388,90,22.5,0.06807585119052936
388,design_000388,100,25.0,0.05250418824321719
388,design_000388,110,27.5,0.038842269479737096
388,design_000388,120,30.0,0.022095867110469163
388,design_000388,130,32.5,0.018648160309979407
388,design_000388,140,35.0,0.017696059137564106
388,design_000388,150,37.5,0.014674481994449907
388,design_000388,160,40.0,0.01439505881525819
388,design_000388,170,42.5,0.011989142227378485
388,design_000388,180,45.0,0.0135516620023729
389,design_000389,0,0.0,0.0020688042696153856
389,design_000389,10,2.5,0.07295385744835013
389,design_000389,20,5.0,0.1409781419570288
389,design_000389,30,7.5,0.15240103208456401
389,design_000389,40,10.0,0.15716524565026072
389,design_000389,50,12.5,0.12792260153211327
389,design_000389,60,15.0,0.0873172243469908
389,design_000389,70,17.5,0.0628849018744735
389,design_000389,80,20.0,0.031902981743682786
389,design_000389,90,22.5,0.019858701545994124
389,design_000389,100,25.0,0.011361519780351452
389,design_000389,110,27.5,0.00831025315341895
389,design_000389,120,30.0,0.005592773356633052
389,design_000389,130,32.5,0.0074941624147698595
389,design_000389,140,35.0,0.011145458041328205
389,design_000389,150,37.5,0.012658485616717403
389,design_000389,160,40.0,0.015610118596575889
389,design_000389,170,42.5,0.01384408180722441
389,design_000389,180,45.0,0.016673008004027483
390,design_000390,0,0.0,0.0013834114871903265
390,design_000390,10,2.5,0.06966208238090893
390,design_000390,20,5.0,0.14049938010725624
390,design_000390,30,7.5,0.14716811046803008
390,design_000390,40,10.0,0.0977316644110146
390,design_000390,50,12.5,0.059074869843315767
390,design_000390,60,15.0,0.04023914755971146
390,design_000390,70,17.5,0.022116524245364862
390,design_000390,80,20.0,0.010680976413867227
390,design_000390,90,22.5,0.009839661855450316
390,design_000390,100,25.0,0.012126371740855645
390,design_000390,110,27.5,0.013837007995661812
390,design_000390,120,30.0,0.010088832265215755
390,design_000390,130,32.5,0.012094596201043206
390,design_000390,140,35.0,0.013601139943808457
390,design_000390,150,37.5,0.013991491765575868
390,design_000390,160,40.0,0.016031874638816196
390,design_000390,170,42.5,0.013360457753845978
390,design_000390,180,45.0,0.013278861738104324
391,design_000391,0,0.0,0.001672077950790943
391,design_000391,10,2.5,0.012722150876077329
391,design_000391,20,5.0,0.06748041596766594
391,design_000391,30,7.5,0.019236835888963702
391,design_000391,40,10.0,0.03746510360084644
391,design_000391,50,12.5,0.02881368301265124
391,design_000391,60,15.0,0.019244080097976134
391,design_000391,70,17.5,0.01698112056276064
391,design_000391,80,20.0,0.018670644855806585
391,design_000391,90,22.5,0.023168781484440133
391,design_000391,100,25.0,0.02248028602358984
391,design_000391,110,27.5,0.019905531161886446
391,design_000391,120,30.0,0.01113035500789297
391,design_000391,130,32.5,0.011440566163677973
391,design_000391,140,35.0,0.011201511546137724
391,design_000391,150,37.5,0.009157260023987972
391,design_000391,160,40.0,0.008930720335415587
391,design_000391,170,42.5,0.006245777817762319
391,design_000391,180,45.0,0.00673675460970009
392,design_000392,0,0.0,0.0020688042696153856
392,design_000392,10,2.5,0.04290535973781065
392,design_000392,20,5.0,0.09494496977284822
392,design_000392,30,7.5,0.09304222898730818
392,design_000392,40,10.0,0.0513336942492256
392,design_000392,50,12.5,0.04205055882008153
392,design_000392,60,15.0,0.024771666315188866
392,design_000392,70,17.5,0.011743671105933256
392,design_000392,80,20.0,0.015623967068867192
392,design_000392,90,22.5,0.02201387544865486
392,design_000392,100,25.0,0.024185089870178512
392,design_000392,110,27.5,0.02084850108023819
392,design_000392,120,30.0,0.014964941408766395
392,design_000392,130,32.5,0.015092185394640564
392,design_000392,140,35.0,0.015815572516303503
392,design_000392,150,37.5,0.01568550930099072
392,design_000392,160,40.0,0.016477060904862756
392,design_000392,170,42.5,0.013568665695494543
392,design_000392,180,45.0,0.013544934815287577
393,design_000393,0,0.0,0.002175390324999199
393,design_000393,10,2.5,0.02881888646180637
393,design_000393,20,5.0,0.08951304095706678
393,design_000393,30,7.5,0.031605914428284185
393,design_000393,40,10.0,0.03161360452918631
393,design_000393,50,12.5,0.029086651410012
393,design_000393,60,15.0,0.019828479054102226
393,design_000393,70,17.5,0.019270163550025393
393,design_000393,80,20.0,0.026037204741469464
393,design_000393,90,22.5,0.031074122844561753
393,design_000393,100,25.0,0.030176157368087684
393,design_000393,110,27.5,0.02345767514424099
393,design_000393,120,30.0,0.013729221518315626
393,design_000393,130,32.5,0.012154573785767179
393,design_000393,140,35.0,0.013265850997864306
393,design_000393,150,37.5,0.011803275261478835
393,design_000393,160,40.0,0.010200992826651937
393,design_000393,170,42.5,0.007767658019627509
393,design_000393,180,45.0,0.009612037315350028
394,design_000394,0,0.0,0.002524070116162393
394,design_000394,10,2.5,0.003977662577035851
394,design_000394,20,5.0,0.05955129085189671
394,design_000394,30,7.5,0.01897264572518241
394,design_000394,40,10.0,0.03248997801149221
394,design_000394,50,12.5,0.027046919408595146
394,design_000394,60,15.0,0.022869034775536475
394,design_000394,70,17.5,0.025291274863168033
394,design_000394,80,20.0,0.03121218368691707
394,design_000394,90,22.5,0.03681844469909906
394,design_000394,100,25.0,0.03519789044355
394,design_000394,110,27.5,0.02739460137948659
394,design_000394,120,30.0,0.016952113463056247
394,design_000394,130,32.5,0.016838729504291005
394,design_000394,140,35.0,0.018662523454346984
394,design_000394,150,37.5,0.015577879141059126
394,design_000394,160,40.0,0.015250742523281121
394,design_000394,170,42.5,0.0125341295187093
394,design_000394,180,45.0,0.013582088842518443
395,design_000395,0,0.0,0.0021576681512647427
395,design_000395,10,2.5,0.04966613392423244
395,design_000395,20,5.0,0.09953407320177059
395,design_000395,30,7.5,0.07054891234503592
395,design_000395,40,10.0,0.04023708004640478
395,design_000395,50,12.5,0.036924926712880404
395,design_000395,60,15.0,0.021619353293004323
395,design_000395,70,17.5,0.01610232603357363
395,design_000395,80,20.0,0.022398036047628897
395,design_000395,90,22.5,0.029603329369912636
395,design_000395,100,25.0,0.030178381124821445
395,design_000395,110,27.5,0.024187246136439355
395,design_000395,120,30.0,0.016093199893690187
395,design_000395,130,32.5,0.01600939863138587
395,design_000395,140,35.0,0.016883411938193815
395,design_000395,150,37.5,0.015532896047591678
395,design_000395,160,40.0,0.014544673568181763
395,design_000395,170,42.5,0.01165456358791375
395,design_000395,180,45.0,0.012619847827571647
396,design_000396,0,0.0,0.002103792496029022
396,design_000396,10,2.5,0.005336166735470656
396,design_000396,20,5.0,0.011716818812439004
396,design_000396,30,7.5,0.03787538271995133
396,design_000396,40,10.0,0.07128699965665988
396,design_000396,50,12.5,0.08722796817906331
396,design_000396,60,15.0,0.09500534996912254
396,design_000396,70,17.5,0.08684580937371378
396,design_000396,80,20.0,0.06823310857609181
396,design_000396,90,22.5,0.05604425466530323
396,design_000396,100,25.0,0.043391651156849675
396,design_000396,110,27.5,0.03106350007554539
396,design_000396,120,30.0,0.01833656236126216
396,design_000396,130,32.5,0.01729473880464854
396,design_000396,140,35.0,0.019857595988873464
396,design_000396,150,37.5,0.018222716660053886
396,design_000396,160,40.0,0.017814362459815714
396,design_000396,170,42.5,0.017412660433360167
396,design_000396,180,45.0,0.01950902765239059
397,design_000397,0,0.0,0.0021419727714571293
397,design_000397,10,2.5,0.005690893182097607
397,design_000397,20,5.0,0.005380818779297676
397,design_000397,30,7.5,0.016364873391214514
397,design_000397,40,10.0,0.0290367501820046
397,design_000397,50,12.5,0.03668881415979619
397,design_000397,60,15.0,0.04617734403924269
397,design_000397,70,17.5,0.04476006249422526
397,design_000397,80,20.0,0.04393537910720666
397,design_000397,90,22.5,0.04399236244748924
397,design_000397,100,25.0,0.03553652722373263
397,design_000397,110,27.5,0.026615338136200067
397,design_000397,120,30.0,0.01808829583890987
397,design_000397,130,32.5,0.017699158794668893
397,design_000397,140,35.0,0.018222311170955866
397,design_000397,150,37.5,0.015254951294349057
397,design_000397,160,40.0,0.016086181198403778
397,design_000397,170,42.5,0.014866442651382233
397,design_000397,180,45.0,0.01624451569387186
398,design_000398,0,0.0,0.0020648662008580505
398,design_000398,10,2.5,0.00331014483609571
398,design_000398,20,5.0,0.005332065203976933
398,design_000398,30,7.5,0.01889923922592089
398,design_000398,40,10.0,0.03510029583933781
398,design_000398,50,12.5,0.04884177015234112
398,design_000398,60,15.0,0.0589044907109916
398,design_000398,70,17.5,0.05996249976977943
398,design_000398,80,20.0,0.05157505515193689
398,design_000398,90,22.5,0.046266769189571434
398,design_000398,100,25.0,0.03688192055012943
398,design_000398,110,27.5,0.027883620256844117
398,design_000398,120,30.0,0.018244901772740837
398,design_000398,130,32.5,0.018838506820001974
398,design_000398,140,35.0,0.021038113808870516
398,design_000398,150,37.5,0.018289083055431515
398,design_000398,160,40.0,0.01837471562832199
398,design_000398,170,42.5,0.017550347090928592
398,design_000398,180,45.0,0.01972733955500385
399,design_000399,0,0.0,0.0018376202095052641
399,design_000399,10,2.5,0.06970497529031361
399,design_000399,20,5.0,0.05152434777064207
399,design_000399,30,7.5,0.008519456429063411
399,design_000399,40,10.0,0.022617012450068055
399,design_000399,50,12.5,0.02711641473437302
399,design_000399,60,15.0,0.030489728324647282
399,design_000399,70,17.5,0.03693782273739103
399,design_000399,80,20.0,0.04032227971207523
399,design_000399,90,22.5,0.044798839980150995
399,design_000399,100,25.0,0.041210325835668485
399,design_000399,110,27.5,0.031249451434249766
399,design_000399,120,30.0,0.017854946684600435
399,design_000399,130,32.5,0.016187743416785784
399,design_000399,140,35.0,0.01727198850704018
399,design_000399,150,37.5,0.014375618525451588
399,design_000399,160,40.0,0.011946804925343807
399,design_000399,170,42.5,0.009518287159009025
399,design_000399,180,45.0,0.01197880276163495
400,design_000400,0,0.0,0.0020140575919499206
400,design_000400,10,2.5,0.0034005911305403933
400,design_000400,20,5.0,0.01893627632156964
400,design_000400,30,7.5,0.05687298303835281
400,design_000400,40,10.0,0.10053743994758416
400,design_000400,50,12.5,0.11550007005899592
400,design_000400,60,15.0,0.12458546129871795
400,design_000400,70,17.5,0.11226859064381264
400,design_000400,80,20.0,0.08670461899062358
400,design_000400,90,22.5,0.06827462113182409
400,design_000400,100,25.0,0.04876381253066598
400,design_000400,110,27.5,0.03477352168005101
400,design_000400,120,30.0,0.018596529645080705
400,design_000400,130,32.5,0.014749097041591285
400,design_000400,140,35.0,0.01608145247311536
400,design_000400,150,37.5,0.013737118394529593
400,design_000400,160,40.0,0.013013172188266597
400,design_000400,170,42.5,0.012713157994189914
400,design_000400,180,45.0,0.01435320711321211
401,design_000401,0,0.0,0.0020688042696153856
401,design_000401,10,2.5,0.07295385744835013
401,design_000401,20,5.0,0.14244143632474282
401,design_000401,30,7.5,0.1568062268246766
401,design_000401,40,10.0,0.17002486621774457
401,design_000401,50,12.5,0.14742803069137755
401,design_000401,60,15.0,0.1103764656570939
401,design_000401,70,17.5,0.07191243147196662
401,design_000401,80,20.0,0.042527722575989815
401,design_000401,90,22.5,0.028097341973125002
401,design_000401,100,25.0,0.01793810253943071
401,design_000401,110,27.5,0.011835677862936204
401,design_000401,120,30.0,0.006576035785846567
401,design_000401,130,32.5,0.008157273678364902
401,design_000401,140,35.0,0.011866386977195456
401,design_000401,150,37.5,0.012765297999266328
401,design_000401,160,40.0,0.015003071303979803
401,design_000401,170,42.5,0.013785725940320213
401,design_000401,180,45.0,0.01671583274283194
402,design_000402,0,0.0,0.0020688042696153856
402,design_000402,10,2.5,0.07269116282758603
402,design_000402,20,5.0,0.12477410706928933
402,design_000402,30,7.5,0.15022272974975248
402,design_000402,40,10.0,0.14682939897089034
402,design_000402,50,12.5,0.10089846412438319
402,design_000402,60,15.0,0.05653994028864096
402,design_000402,70,17.5,0.028170534905428524
402,design_000402,80,20.0,0.01212736950805474
402,design_000402,90,22.5,0.007072183534395776
402,design_000402,100,25.0,0.007193253463283819
402,design_000402,110,27.5,0.006861626312659783
402,design_000402,120,30.0,0.0049111487729427
402,design_000402,130,32.5,0.0070974430418958645
402,design_000402,140,35.0,0.010314865939225657
402,design_000402,150,37.5,0.012523333338283725
402,design_000402,160,40.0,0.01602320722365634
402,design_000402,170,42.5,0.014705932169224084
402,design_000402,180,45.0,0.01609961416796572
403,design_000403,0,0.0,0.0020950598672211723
403,design_000403,10,2.5,0.011752597900672464
403,design_000403,20,5.0,0.05912344831819441
403,design_000403,30,7.5,0.10647884243109139
403,design_000403,40,10.0,0.1381771762368355
403,design_000403,50,12.5,0.1164557414342115
403,design_000403,60,15.0,0.09344353428686472
403,design_000403,70,17.5,0.06473135731183403
403,design_000403,80,20.0,0.04833690872611657
403,design_000403,90,22.5,0.03669654491963367
403,design_000403,100,25.0,0.02468086748944044
403,design_000403,110,27.5,0.018570507369291847
403,design_000403,120,30.0,0.011996098780549814
403,design_000403,130,32.5,0.013641338498895714
403,design_000403,140,35.0,0.012641872497815884
403,design_000403,150,37.5,0.012737274368617308
403,design_000403,160,40.0,0.012171949676533067
403,design_000403,170,42.5,0.011743620901144815
403,design_000403,180,45.0,0.012696632358345929
404,design_000404,0,0.0,0.0020688042696153856
404,design_000404,10,2.5,0.06565895400552416
404,design_000404,20,5.0,0.12437039942313635
404,design_000404,30,7.5,0.14173612192312587
404,design_000404,40,10.0,0.11309198893107412
404,design_000404,50,12.5,0.06745489029622281
404,design_000404,60,15.0,0.038451219519064425
404,design_000404,70,17.5,0.015186248335084014
404,design_000404,80,20.0,0.009547750907112391
404,design_000404,90,22.5,0.010016396881878968
404,design_000404,100,25.0,0.01155980031507457
404,design_000404,110,27.5,0.012476754174616005
404,design_000404,120,30.0,0.009250087887241163
404,design_000404,130,32.5,0.01044150163260844
404,design_000404,140,35.0,0.012464830596635827
404,design_000404,150,37.5,0.013562833965983458
404,design_000404,160,40.0,0.01572655676972996
404,design_000404,170,42.5,0.013876463002230069
404,design_000404,180,45.0,0.013499703113984289
405,design_000405,0,0.0,0.002410341419258517
405,design_000405,10,2.5,0.020302798658867596
405,design_000405,20,5.0,0.029519973570157006
405,design_000405,30,7.5,0.01297789593037588
405,design_000405,40,10.0,0.030238257202845387
405,design_000405,50,12.5,0.027610620305754015
405,design_000405,60,15.0,0.024096591237025667
405,design_000405,70,17.5,0.028672793384340273
405,design_000405,80,20.0,0.033944683560642314
405,design_000405,90,22.5,0.03985145209234559
405,design_000405,100,25.0,0.036636094540040715
405,design_000405,110,27.5,0.02658976935563788
405,design_000405,120,30.0,0.01637750251368626
405,design_000405,130,32.5,0.016460637306033164
405,design_000405,140,35.0,0.017535399067795436
405,design_000405,150,37.5,0.014157827526213636
405,design_000405,160,40.0,0.012620960506046549
405,design_000405,170,42.5,0.009774763722059685
405,design_000405,180,45.0,0.011394558657036449
406,design_000406,0,0.0,0.0020600896540059832
406,design_000406,10,2.5,0.0028747677052741198
406,design_000406,20,5.0,0.015534709334724787
406,design_000406,30,7.5,0.051487417945501546
406,design_000406,40,10.0,0.09266031970771832
406,design_000406,50,12.5,0.10624390172666337
406,design_000406,60,15.0,0.11039803588050844
406,design_000406,70,17.5,0.09663680787709764
406,design_000406,80,20.0,0.07814603394279894
406,design_000406,90,22.5,0.06316968234845596
406,design_000406,100,25.0,0.04739207248429645
406,design_000406,110,27.5,0.0361149904636367
406,design_000406,120,30.0,0.02257417966962648
406,design_000406,130,32.5,0.021912611623335194
406,design_000406,140,35.0,0.02439984208889274
406,design_000406,150,37.5,0.02315836044292824
406,design_000406,160,40.0,0.021146220499652188
406,design_000406,170,42.5,0.021601915464948513
406,design_000406,180,45.0,0.02212289807833756
407,design_000407,0,0.0,0.0020688042696153856
407,design_000407,10,2.5,0.072952953740905
407,design_000407,20,5.0,0.14424474738858076
407,design_000407,30,7.5,0.16311799686260658
407,design_000407,40,10.0,0.14804704459394324
407,design_000407,50,12.5,0.09634726736130032
407,design_000407,60,15.0,0.0587840533942236
407,design_000407,70,17.5,0.03396726518617113
407,design_000407,80,20.0,0.016038443976765536
407,design_000407,90,22.5,0.010829105496090893
407,design_000407,100,25.0,0.009960263168922406
407,design_000407,110,27.5,0.010842944058858165
407,design_000407,120,30.0,0.008208434323627821
407,design_000407,130,32.5,0.010563421146825036
407,design_000407,140,35.0,0.012732933583622076
407,design_000407,150,37.5,0.013709850475083284
407,design_000407,160,40.0,0.016728719724809382
407,design_000407,170,42.5,0.014496439652656946
407,design_000407,180,45.0,0.014614439200333078
408,design_000408,0,0.0,0.002040603794272536
408,design_000408,10,2.5,0.007078186570061442
408,design_000408,20,5.0,0.008378175324088827
408,design_000408,30,7.5,0.01378657564643529
408,design_000408,40,10.0,0.028711462498064146
408,design_000408,50,12.5,0.044838354839734966
408,design_000408,60,15.0,0.053621069707839045
408,design_000408,70,17.5,0.054634608419534235
408,design_000408,80,20.0,0.05537160348986503
408,design_000408,90,22.5,0.0543394807931075
408,design_000408,100,25.0,0.050103399068414406
408,design_000408,110,27.5,0.039156095788064525
408,design_000408,120,30.0,0.024039934881244975
408,design_000408,130,32.5,0.023124834512542738
408,design_000408,140,35.0,0.024463020619837277
408,design_000408,150,37.5,0.021321366103990286
408,design_000408,160,40.0,0.01998849320787368
408,design_000408,170,42.5,0.017526602780009455
408,design_000408,180,45.0,0.01890660865195061
409,design_000409,0,0.0,0.0021008381780709597
409,design_000409,10,2.5,0.0043988614720724415
409,design_000409,20,5.0,0.004054243179592279
409,design_000409,30,7.5,0.014196739474665501
409,design_000409,40,10.0,0.02630725534195967
409,design_000409,50,12.5,0.037525785899881696
409,design_000409,60,15.0,0.04923945582515759
409,design_000409,70,17.5,0.05648123507686724
409,design_000409,80,20.0,0.05078295807608363
409,design_000409,90,22.5,0.047869081531853236
409,design_000409,100,25.0,0.03703103488072894
409,design_000409,110,27.5,0.02594293238125233
409,design_000409,120,30.0,0.015034371025831546
409,design_000409,130,32.5,0.01429049443656557
409,design_000409,140,35.0,0.015046987973934993
409,design_000409,150,37.5,0.011189557813681122
409,design_000409,160,40.0,0.01039560373257385
409,design_000409,170,42.5,0.009292101686526819
409,design_000409,180,45.0,0.010595891322409992
410,design_000410,0,0.0,0.0020688042696153856
410,design_000410,10,2.5,0.07295266463521197
410,design_000410,20,5.0,0.1407680236304792
410,design_000410,30,7.5,0.1562460492882131
410,design_000410,40,10.0,0.16547468313379765
410,design_000410,50,12.5,0.12693379417738415
410,design_000410,60,15.0,0.08101240031205724
410,design_000410,70,17.5,0.05459760089169435
410,design_000410,80,20.0,0.02973265392525599
410,design_000410,90,22.5,0.014348988496902403
410,design_000410,100,25.0,0.008723365573512776
410,design_000410,110,27.5,0.00780315492596906
410,design_000410,120,30.0,0.005860612343164751
410,design_000410,130,32.5,0.008340806633689626
410,design_000410,140,35.0,0.01134484544727723
410,design_000410,150,37.5,0.012512918008813712
410,design_000410,160,40.0,0.015798597270901604
410,design_000410,170,42.5,0.013862395282225937
410,design_000410,180,45.0,0.015839669172445725
411,design_000411,0,0.0,0.0020688042696153856
411,design_000411,10,2.5,0.032828451781415434
411,design_000411,20,5.0,0.09878302117801042
411,design_000411,30,7.5,0.11001338061265084
411,design_000411,40,10.0,0.07495611301733095
411,design_000411,50,12.5,0.05068304783302824
411,design_000411,60,15.0,0.02455112187429959
411,design_000411,70,17.5,0.00837821903025244
411,design_000411,80,20.0,0.00670363606214423
411,design_000411,90,22.5,0.008791597949351405
411,design_000411,100,25.0,0.011107571480055232
411,design_000411,110,27.5,0.01190353003791992
411,design_000411,120,30.0,0.008038407698511232
411,design_000411,130,32.5,0.008961854160018216
411,design_000411,140,35.0,0.010015867540543122
411,design_000411,150,37.5,0.011382466537030993
411,design_000411,160,40.0,0.012279376856537214
411,design_000411,170,42.5,0.010036835377828209
411,design_000411,180,45.0,0.010246848851107274
412,design_000412,0,0.0,0.0020323615047134476
412,design_000412,10,2.5,0.004127829157246567
412,design_000412,20,5.0,0.01139205484623489
412,design_000412,30,7.5,0.012321522874923479
412,design_000412,40,10.0,0.02509840622694431
412,design_000412,50,12.5,0.03318702946455461
412,design_000412,60,15.0,0.04387409359906631
412,design_000412,70,17.5,0.05180485304818273
412,design_000412,80,20.0,0.04974509746516334
412,design_000412,90,22.5,0.04943522986259851
412,design_000412,100,25.0,0.04152421312726724
412,design_000412,110,27.5,0.03007451197260441
412,design_000412,120,30.0,0.017987587380173108
412,design_000412,130,32.5,0.016451804319920278
412,design_000412,140,35.0,0.017536323051110185
412,design_000412,150,37.5,0.014049229100272558
412,design_000412,160,40.0,0.013313364118983484
412,design_000412,170,42.5,0.011731934696664642
412,design_000412,180,45.0,0.013964163723677656
413,design_000413,0,0.0,0.0020389446863181247
413,design_000413,10,2.5,0.04450268729036427
413,design_000413,20,5.0,0.08083315886890471
413,design_000413,30,7.5,0.0633470422903723
413,design_000413,40,10.0,0.057991028803627935
413,design_000413,50,12.5,0.05039317463601431
413,design_000413,60,15.0,0.04480408900088975
413,design_000413,70,17.5,0.03525079359754896
413,design_000413,80,20.0,0.024800978080552448
413,design_000413,90,22.5,0.021267682730484478
413,design_000413,100,25.0,0.013982936291410748
413,design_000413,110,27.5,0.008128928913738042
413,design_000413,120,30.0,0.002889827349111579
413,design_000413,130,32.5,0.0023627516034701985
413,design_000413,140,35.0,0.003380017476401571
413,design_000413,150,37.5,0.004313224216172566
413,design_000413,160,40.0,0.008057983351987185
413,design_000413,170,42.5,0.00957953322355658
413,design_000413,180,45.0,0.012076803955712184
414,design_000414,0,0.0,0.002053661015426212
414,design_000414,10,2.5,0.004031019996568797
414,design_000414,20,5.0,0.027964301405321874
414,design_000414,30,7.5,0.07206910036341421
414,design_000414,40,10.0,0.12087606262882214
414,design_000414,50,12.5,0.1341528776708086
414,design_000414,60,15.0,0.1351738561819722
414,design_000414,70,17.5,0.11489999945855175
414,design_000414,80,20.0,0.0900893461477279
414,design_000414,90,22.5,0.07153759017369013
414,design_000414,100,25.0,0.05296287711753132
414,design_000414,110,27.5,0.040301823747117285
414,design_000414,120,30.0,0.025381268410443327
414,design_000414,130,32.5,0.0241171331861833
414,design_000414,140,35.0,0.0262119203313272
414,design_000414,150,37.5,0.02516525021591448
414,design_000414,160,40.0,0.02376084520750177
414,design_000414,170,42.5,0.023386471303288955
414,design_000414,180,45.0,0.023534942098154522
415,design_000415,0,0.0,0.0020905809777683852
415,design_000415,10,2.5,0.006715397253686583
415,design_000415,20,5.0,0.004222033733697456
415,design_000415,30,7.5,0.01670352789140549
415,design_000415,40,10.0,0.030473391154288848
415,design_000415,50,12.5,0.04473142409362207
415,design_000415,60,15.0,0.05689667961241436
415,design_000415,70,17.5,0.0616070674634552
415,design_000415,80,20.0,0.05333960257399677
415,design_000415,90,22.5,0.04810597032450994
415,design_000415,100,25.0,0.03660487747372262
415,design_000415,110,27.5,0.026561578957461737
415,design_000415,120,30.0,0.015724522251767875
415,design_000415,130,32.5,0.015420608350073327
415,design_000415,140,35.0,0.016701430819563393
415,design_000415,150,37.5,0.013050451542038616
415,design_000415,160,40.0,0.0126453772563958
415,design_000415,170,42.5,0.011673645936710103
415,design_000415,180,45.0,0.012993984699783724
416,design_000416,0,0.0,0.002035732924094159
416,design_000416,10,2.5,0.006833082721202621
416,design_000416,20,5.0,0.009218553039698624
416,design_000416,30,7.5,0.01321940820174203
416,design_000416,40,10.0,0.02664481308944901
416,design_000416,50,12.5,0.03843501418335222
416,design_000416,60,15.0,0.048345917180345685
416,design_000416,70,17.5,0.05116396805939881
416,design_000416,80,20.0,0.04796690151677266
416,design_000416,90,22.5,0.04676393614550262
416,design_000416,100,25.0,0.039418794443357615
416,design_000416,110,27.5,0.028301790532460774
416,design_000416,120,30.0,0.0182791788042629
416,design_000416,130,32.5,0.016940620004731524
416,design_000416,140,35.0,0.017766188056575736
416,design_000416,150,37.5,0.015153623282002683
416,design_000416,160,40.0,0.015728927013838483
416,design_000416,170,42.5,0.014552361172611513
416,design_000416,180,45.0,0.016556432176564818
417,design_000417,0,0.0,0.0020688042696153856
417,design_000417,10,2.5,0.06740933967907937
417,design_000417,20,5.0,0.10147719256015317
417,design_000417,30,7.5,0.11946366245871044
417,design_000417,40,10.0,0.11086324417769791
417,design_000417,50,12.5,0.06653837517475507
417,design_000417,60,15.0,0.04184329505703338
417,design_000417,70,17.5,0.0197955131445482
417,design_000417,80,20.0,0.008714891187047932
417,design_000417,90,22.5,0.008720195712133633
417,design_000417,100,25.0,0.00993458235645501
417,design_000417,110,27.5,0.01155077653398749
417,design_000417,120,30.0,0.008846274727609165
417,design_000417,130,32.5,0.010712296921259534
417,design_000417,140,35.0,0.01186447214394227
417,design_000417,150,37.5,0.013337244736074066
417,design_000417,160,40.0,0.015847242368026787
417,design_000417,170,42.5,0.013548515338061513
417,design_000417,180,45.0,0.013503479359721036
418,design_000418,0,0.0,0.002079556542993398
418,design_000418,10,2.5,0.002450325245280388
418,design_000418,20,5.0,0.004014555412285139
418,design_000418,30,7.5,0.011299713120330648
418,design_000418,40,10.0,0.02272062175248194
418,design_000418,50,12.5,0.029393907108378796
418,design_000418,60,15.0,0.03633803274795213
418,design_000418,70,17.5,0.046615144239563824
418,design_000418,80,20.0,0.046898737999198706
418,design_000418,90,22.5,0.04746369392070998
418,design_000418,100,25.0,0.041477144619245884
418,design_000418,110,27.5,0.029961529211499256
418,design_000418,120,30.0,0.01655761522341776
418,design_000418,130,32.5,0.015354614916240406
418,design_000418,140,35.0,0.017000830599093297
418,design_000418,150,37.5,0.013008821093455017
418,design_000418,160,40.0,0.011655154712262514
418,design_000418,170,42.5,0.009613435025215626
418,design_000418,180,45.0,0.01162899798189536
419,design_000419,0,0.0,0.0020688042696153856
419,design_000419,10,2.5,0.07295385744835013
419,design_000419,20,5.0,0.14163474493892542
419,design_000419,30,7.5,0.15866211375821304
419,design_000419,40,10.0,0.17008584128457374
419,design_000419,50,12.5,0.14662982100381372
419,design_000419,60,15.0,0.11051075077156466
419,design_000419,70,17.5,0.07308007414389905
419,design_000419,80,20.0,0.043537194647735165
419,design_000419,90,22.5,0.027785241374265465
419,design_000419,100,25.0,0.016249901328683
419,design_000419,110,27.5,0.010356103963657635
419,design_000419,120,30.0,0.006044276910266148
419,design_000419,130,32.5,0.007840423019577096
419,design_000419,140,35.0,0.011835162391499322
419,design_000419,150,37.5,0.013356124037086869
419,design_000419,160,40.0,0.016058286991510948
419,design_000419,170,42.5,0.01436593624544806
419,design_000419,180,45.0,0.017189917735185207
420,design_000420,0,0.0,0.0022674796840243387
420,design_000420,10,2.5,0.0023570490409981926
420,design_000420,20,5.0,0.010781268381780715
420,design_000420,30,7.5,0.036208112948321304
420,design_000420,40,10.0,0.0536948690852455
420,design_000420,50,12.5,0.040652022139864824
420,design_000420,60,15.0,0.028741170838367504
420,design_000420,70,17.5,0.01979492913246505
420,design_000420,80,20.0,0.013242844152270748
420,design_000420,90,22.5,0.014957733698501254
420,design_000420,100,25.0,0.012959162744349745
420,design_000420,110,27.5,0.008002289226289037
420,design_000420,120,30.0,0.003517975854636781
420,design_000420,130,32.5,0.0014892585837039504
420,design_000420,140,35.0,0.0021678696927400314
420,design_000420,150,37.5,0.0025692021669925643
420,design_000420,160,40.0,0.004804579324758889
420,design_000420,170,42.5,0.004549499683076098
420,design_000420,180,45.0,0.006569767062618142
421,design_000421,0,0.0,0.0020645375504785212
421,design_000421,10,2.5,0.005495284517497881
421,design_000421,20,5.0,0.01962998706379062
421,design_000421,30,7.5,0.05979032940810074
421,design_000421,40,10.0,0.08867305033226153
421,design_000421,50,12.5,0.06124906218020949
421,design_000421,60,15.0,0.04169051060512828
421,design_000421,70,17.5,0.026664411135893764
421,design_000421,80,20.0,0.018753031052710714
421,design_000421,90,22.5,0.01713499911315304
421,design_000421,100,25.0,0.014680652883814309
421,design_000421,110,27.5,0.009549545333693971
421,design_000421,120,30.0,0.004924390980321506
421,design_000421,130,32.5,0.004516247339676229
421,design_000421,140,35.0,0.00852177725789237
421,design_000421,150,37.5,0.009033357101608972
421,design_000421,160,40.0,0.012841810625437534
421,design_000421,170,42.5,0.012071987181235533
421,design_000421,180,45.0,0.015771174086366718
422,design_000422,0,0.0,0.002092329108819616
422,design_000422,10,2.5,0.042058132921026586
422,design_000422,20,5.0,0.029684089739879772
422,design_000422,30,7.5,0.036590903993997434
422,design_000422,40,10.0,0.03490150011315775
422,design_000422,50,12.5,0.04037018004740002
422,design_000422,60,15.0,0.04458926534682771
422,design_000422,70,17.5,0.04261078829117579
422,design_000422,80,20.0,0.03219044846550122
422,design_000422,90,22.5,0.03015259302748843
422,design_000422,100,25.0,0.020062891073014403
422,design_000422,110,27.5,0.009789924891928023
422,design_000422,120,30.0,0.004176080664690962
422,design_000422,130,32.5,0.00154663475983374
422,design_000422,140,35.0,0.0015290991620919893
422,design_000422,150,37.5,0.0027332336094225912
422,design_000422,160,40.0,0.00597804527826644
422,design_000422,170,42.5,0.0068082442542994216
422,design_000422,180,45.0,0.010183847510887356
423,design_000423,0,0.0,0.0021218102558809545
423,design_000423,10,2.5,0.011851357297868459
423,design_000423,20,5.0,0.005567321029616984
423,design_000423,30,7.5,0.018686626206811087
423,design_000423,40,10.0,0.037348651844407305
423,design_000423,50,12.5,0.05066793798811167
423,design_000423,60,15.0,0.05994150802455145
423,design_000423,70,17.5,0.05777897201919206
423,design_000423,80,20.0,0.045381295771990175
423,design_000423,90,22.5,0.03681817191820863
423,design_000423,100,25.0,0.02468182738998808
423,design_000423,110,27.5,0.014729178968213569
423,design_000423,120,30.0,0.006821986846143562
423,design_000423,130,32.5,0.0055020092654520895
423,design_000423,140,35.0,0.0065416314091800015
423,design_000423,150,37.5,0.007706265949735178
423,design_000423,160,40.0,0.009714302612361305
423,design_000423,170,42.5,0.006730349919068578
423,design_000423,180,45.0,0.009018353476825482
424,design_000424,0,0.0,0.0020075555379295215
424,design_000424,10,2.5,0.009475250635364372
424,design_000424,20,5.0,0.010270962728515121
424,design_000424,30,7.5,0.021725137557860378
424,design_000424,40,10.0,0.04423695330714063
424,design_000424,50,12.5,0.051685215878929144
424,design_000424,60,15.0,0.052700016815602796
424,design_000424,70,17.5,0.03960632713133094
424,design_000424,80,20.0,0.031416357793430646
424,design_000424,90,22.5,0.025034166217605743
424,design_000424,100,25.0,0.01856703747285976
424,design_000424,110,27.5,0.013851910999522113
424,design_000424,120,30.0,0.008798410566995915
424,design_000424,130,32.5,0.010836026426102988
424,design_000424,140,35.0,0.010029792983825236
424,design_000424,150,37.5,0.011022544467663861
424,design_000424,160,40.0,0.010367047348055474
424,design_000424,170,42.5,0.01019070733578942
424,design_000424,180,45.0,0.011120885481191467
425,design_000425,0,0.0,0.0020542547074187357
425,design_000425,10,2.5,0.03031700670963917
425,design_000425,20,5.0,0.06969197869101607
425,design_000425,30,7.5,0.06257391964154635
425,design_000425,40,10.0,0.0603378868656099
425,design_000425,50,12.5,0.05486407577387691
425,design_000425,60,15.0,0.04953493802694159
425,design_000425,70,17.5,0.03594454145477564
425,design_000425,80,20.0,0.025228172618134266
425,design_000425,90,22.5,0.020870373192438525
425,design_000425,100,25.0,0.012972202291556413
425,design_000425,110,27.5,0.007922156368619438
425,design_000425,120,30.0,0.004245865573494049
425,design_000425,130,32.5,0.004321478438439698
425,design_000425,140,35.0,0.005181689374721034
425,design_000425,150,37.5,0.005022135629062486
425,design_000425,160,40.0,0.0069101193316767895
425,design_000425,170,42.5,0.007808633655527519
425,design_000425,180,45.0,0.009982176687698907
426,design_000426,0,0.0,0.00208385701518915
426,design_000426,10,2.5,0.013773935463483263
426,design_000426,20,5.0,0.02332419268282769
426,design_000426,30,7.5,0.034623000341780515
426,design_000426,40,10.0,0.05037289728071487
426,design_000426,50,12.5,0.06057156433464687
426,design_000426,60,15.0,0.059661140268425714
426,design_000426,70,17.5,0.04589584836815621
426,design_000426,80,20.0,0.03238424595871735
426,design_000426,90,22.5,0.027532669821148457
426,design_000426,100,25.0,0.01768166222535795
426,design_000426,110,27.5,0.00956642517028039
426,design_000426,120,30.0,0.004407823257808002
426,design_000426,130,32.5,0.00236288671456617
426,design_000426,140,35.0,0.0024228725931597405
426,design_000426,150,37.5,0.003201211802515255
426,design_000426,160,40.0,0.005863739213585934
426,design_000426,170,42.5,0.0060021239914493825
426,design_000426,180,45.0,0.009431188281190633
427,design_000427,0,0.0,0.0021261781988964976
427,design_000427,10,2.5,0.03348459494741813
427,design_000427,20,5.0,0.015401687333639419
427,design_000427,30,7.5,0.021896100269026997
427,design_000427,40,10.0,0.033099234952755255
427,design_000427,50,12.5,0.044436272048218775
427,design_000427,60,15.0,0.047772414859677516
427,design_000427,70,17.5,0.03600426430104389
427,design_000427,80,20.0,0.023670731141998226
427,design_000427,90,22.5,0.021196022555968128
427,design_000427,100,25.0,0.01415982568179825
427,design_000427,110,27.5,0.007022927024380703
427,design_000427,120,30.0,0.003832179775917821
427,design_000427,130,32.5,0.0016423730829318365
427,design_000427,140,35.0,0.0019030439388794723
427,design_000427,150,37.5,0.0032388517479061338
427,design_000427,160,40.0,0.006486056870516478
427,design_000427,170,42.5,0.007576268461649053
427,design_000427,180,45.0,0.01043292732601369
428,design_000428,0,0.0,0.0020261524394708324
428,design_000428,10,2.5,0.05493695295933437
428,design_000428,20,5.0,0.06787052753390406
428,design_000428,30,7.5,0.07275324837763376
428,design_000428,40,10.0,0.0831259584344953
428,design_000428,50,12.5,0.0783401079277337
428,design_000428,60,15.0,0.07550052581234332
428,design_000428,70,17.5,0.06711018970367105
428,design_000428,80,20.0,0.052810387535633246
428,design_000428,90,22.5,0.04637633088601356
428,design_000428,100,25.0,0.03777059387013985
428,design_000428,110,27.5,0.027461475452262678
428,design_000428,120,30.0,0.015330744224549928
428,design_000428,130,32.5,0.013795863925419875
428,design_000428,140,35.0,0.015086042188586573
428,design_000428,150,37.5,0.013362226866672053
428,design_000428,160,40.0,0.015147017407046463
428,design_000428,170,42.5,0.013700376829355126
428,design_000428,180,45.0,0.015504103957750617
429,design_000429,0,0.0,0.0020227112533608956
429,design_000429,10,2.5,0.005149622678233309
429,design_000429,20,5.0,0.013806585117302045
429,design_000429,30,7.5,0.03366270011779817
429,design_000429,40,10.0,0.04453061753280808
429,design_000429,50,12.5,0.028868933002526406
429,design_000429,60,15.0,0.017876397725310567
429,design_000429,70,17.5,0.011732194514814148
429,design_000429,80,20.0,0.008224998297084507
429,design_000429,90,22.5,0.007628409843658188
429,design_000429,100,25.0,0.005308888276008793
429,design_000429,110,27.5,0.0039637428815039785
429,design_000429,120,30.0,0.0019255865563811033
429,design_000429,130,32.5,0.0021665945457923193
429,design_000429,140,35.0,0.004563293780886555
429,design_000429,150,37.5,0.006017679896818558
429,design_000429,160,40.0,0.00806210517358626
429,design_000429,170,42.5,0.005965707159268452
429,design_000429,180,45.0,0.009213347532422818
430,design_000430,0,0.0,0.0020734646808896516
430,design_000430,10,2.5,0.002806061893310622
430,design_000430,20,5.0,0.008563012808067337
430,design_000430,30,7.5,0.00959114750906603
430,design_000430,40,10.0,0.01386688970188282
430,design_000430,50,12.5,0.021143542083945584
430,design_000430,60,15.0,0.026947638350621896
430,design_000430,70,17.5,0.027080908269811875
430,design_000430,80,20.0,0.02066009955387435
430,design_000430,90,22.5,0.018007568334561432
430,design_000430,100,25.0,0.012114242758971033
430,design_000430,110,27.5,0.007499570029011939
430,design_000430,120,30.0,0.0038019361293498413
430,design_000430,130,32.5,0.003998462135984044
430,design_000430,140,35.0,0.003479574766192723
430,design_000430,150,37.5,0.003383355341140788
430,design_000430,160,40.0,0.0048218127351517676
430,design_000430,170,42.5,0.005590610684442816
430,design_000430,180,45.0,0.006807815448543369
431,design_000431,0,0.0,0.002080889074939509
431,design_000431,10,2.5,0.002375545368808394
431,design_000431,20,5.0,0.018139235612250598
431,design_000431,30,7.5,0.026188495414467116
431,design_000431,40,10.0,0.029591826024647522
431,design_000431,50,12.5,0.028700355576498773
431,design_000431,60,15.0,0.02598637116070137
431,design_000431,70,17.5,0.019267719719653353
431,design_000431,80,20.0,0.013790111031848823
431,design_000431,90,22.5,0.013330893547615776
431,design_000431,100,25.0,0.010936960353250562
431,design_000431,110,27.5,0.005851957765823658
431,design_000431,120,30.0,0.0031543522104316717
431,design_000431,130,32.5,0.0027644393483967425
431,design_000431,140,35.0,0.0035658748952609384
431,design_000431,150,37.5,0.004229614903465392
431,design_000431,160,40.0,0.006954671683589214
431,design_000431,170,42.5,0.007552461095752919
431,design_000431,180,45.0,0.009639732857372279
432,design_000432,0,0.0,0.0020962138101419865
432,design_000432,10,2.5,0.011800478605574618
432,design_000432,20,5.0,0.0036546918013186792
432,design_000432,30,7.5,0.013753845835312112
432,design_000432,40,10.0,0.032725183818515524
432,design_000432,50,12.5,0.041491165370279165
432,design_000432,60,15.0,0.04836791674771938
432,design_000432,70,17.5,0.0351384417302075
432,design_000432,80,20.0,0.020307991622460594
432,design_000432,90,22.5,0.013168871142076297
432,design_000432,100,25.0,0.005946570477179897
432,design_000432,110,27.5,0.0030131713304215454
432,design_000432,120,30.0,0.0015518913080090622
432,design_000432,130,32.5,0.001780329166653319
432,design_000432,140,35.0,0.003901114834126259
432,design_000432,150,37.5,0.004743936235884089
432,design_000432,160,40.0,0.0066718481708013
432,design_000432,170,42.5,0.006357924210534206
432,design_000432,180,45.0,0.008702072292123744
433,design_000433,0,0.0,0.0020164345288273275
433,design_000433,10,2.5,0.0027788542235826865
433,design_000433,20,5.0,0.0053993081557065295
433,design_000433,30,7.5,0.026446023433864055
433,design_000433,40,10.0,0.05345360552053427
433,design_000433,50,12.5,0.07103848272351003
433,design_000433,60,15.0,0.08524746458655175
433,design_000433,70,17.5,0.08193308390163453
433,design_000433,80,20.0,0.06483599228716592
433,design_000433,90,22.5,0.055411887789605846
433,design_000433,100,25.0,0.04424674320940648
433,design_000433,110,27.5,0.034893732202075395
433,design_000433,120,30.0,0.01625977955758983
433,design_000433,130,32.5,0.013126262263893365
433,design_000433,140,35.0,0.015311051175684338
433,design_000433,150,37.5,0.011579096510249734
433,design_000433,160,40.0,0.011013519268247786
433,design_000433,170,42.5,0.009622539076284855
433,design_000433,180,45.0,0.010236829930855068
434,design_000434,0,0.0,0.00217391078202354
434,design_000434,10,2.5,0.016303555952267512
434,design_000434,20,5.0,0.08439375313867381
434,design_000434,30,7.5,0.13440919235755824
434,design_000434,40,10.0,0.16654350624420627
434,design_000434,50,12.5,0.1391818705806347
434,design_000434,60,15.0,0.10370966071527166
434,design_000434,70,17.5,0.07046402147725762
434,design_000434,80,20.0,0.05026141997467343
434,design_000434,90,22.5,0.037641464153512945
434,design_000434,100,25.0,0.030758274501855892
434,design_000434,110,27.5,0.02455382904858086
434,design_000434,120,30.0,0.01498496083065109
434,design_000434,130,32.5,0.016103087617293378
434,design_000434,140,35.0,0.01801149052541609
434,design_000434,150,37.5,0.015778702795211666
434,design_000434,160,40.0,0.01633145098911073
434,design_000434,170,42.5,0.013420527296815624
434,design_000434,180,45.0,0.014389894187202708
435,design_000435,0,0.0,0.0021207385489178535
435,design_000435,10,2.5,0.0017237282072672991
435,design_000435,20,5.0,0.014508984536752223
435,design_000435,30,7.5,0.032848492728463505
435,design_000435,40,10.0,0.03519751869481097
435,design_000435,50,12.5,0.027635537027476707
435,design_000435,60,15.0,0.01850401922095788
435,design_000435,70,17.5,0.012453928588085032
435,design_000435,80,20.0,0.008418228746899336
435,design_000435,90,22.5,0.008309684030866953
435,design_000435,100,25.0,0.006034714261117503
435,design_000435,110,27.5,0.004898657666264343
435,design_000435,120,30.0,0.0035651329520776705
435,design_000435,130,32.5,0.003364461508669772
435,design_000435,140,35.0,0.004200753059271992
435,design_000435,150,37.5,0.005554332996052497
435,design_000435,160,40.0,0.006709757454454469
435,design_000435,170,42.5,0.005750050411328443
435,design_000435,180,45.0,0.008565866324270564
436,design_000436,0,0.0,0.0019858324551274955
436,design_000436,10,2.5,0.001690861833583382
436,design_000436,20,5.0,0.025746964624681425
436,design_000436,30,7.5,0.05720226558625374
436,design_000436,40,10.0,0.06230861192335698
436,design_000436,50,12.5,0.04835524140493616
436,design_000436,60,15.0,0.0374654812974058
436,design_000436,70,17.5,0.025012530028230957
436,design_000436,80,20.0,0.017301270494750883
436,design_000436,90,22.5,0.013715810047977263
436,design_000436,100,25.0,0.009041980224060626
436,design_000436,110,27.5,0.007507836245326718
436,design_000436,120,30.0,0.004922301077704696
436,design_000436,130,32.5,0.0048111914324616145
436,design_000436,140,35.0,0.004074381188398495
436,design_000436,150,37.5,0.004947448868489069
436,design_000436,160,40.0,0.005687230356015458
436,design_000436,170,42.5,0.005605211687151042
436,design_000436,180,45.0,0.007148936939151546
437,design_000437,0,0.0,0.002099144139201708
437,design_000437,10,2.5,0.07308103376624678
437,design_000437,20,5.0,0.09021940698540079
437,design_000437,30,7.5,0.09941551725961326
437,design_000437,40,10.0,0.11718888561983934
437,design_000437,50,12.5,0.11336829398826322
437,design_000437,60,15.0,0.11074607291842602
437,design_000437,70,17.5,0.09974489663514345
437,design_000437,80,20.0,0.08294939133790258
437,design_000437,90,22.5,0.0701176050633847
437,design_000437,100,25.0,0.05398257681814531
437,design_000437,110,27.5,0.04292634571981716
437,design_000437,120,30.0,0.024772213913749695
437,design_000437,130,32.5,0.02053634507488067
437,design_000437,140,35.0,0.021547655552814137
437,design_000437,150,37.5,0.017969671483781424
437,design_000437,160,40.0,0.016151663196214125
437,design_000437,170,42.5,0.01283867290369577
437,design_000437,180,45.0,0.01354584850591544
438,design_000438,0,0.0,0.0022933484753942497
438,design_000438,10,2.5,0.012677208430801511
438,design_000438,20,5.0,0.04382022445264553
438,design_000438,30,7.5,0.047062065177343175
438,design_000438,40,10.0,0.0336432725114299
438,design_000438,50,12.5,0.03879731626004123
438,design_000438,60,15.0,0.04353733868131957
438,design_000438,70,17.5,0.04527157472544342
438,design_000438,80,20.0,0.03486427102813722
438,design_000438,90,22.5,0.03342198351933348
438,design_000438,100,25.0,0.025343398184050542
438,design_000438,110,27.5,0.01589482491381007
438,design_000438,120,30.0,0.0061115104406340584
438,design_000438,130,32.5,0.004019278706729514
438,design_000438,140,35.0,0.005166586057417071
438,design_000438,150,37.5,0.004698819275017056
438,design_000438,160,40.0,0.007203595475903778
438,design_000438,170,42.5,0.007179216265581326
438,design_000438,180,45.0,0.009853643912816748
439,design_000439,0,0.0,0.0020321873866761342
439,design_000439,10,2.5,0.04282826946126122
439,design_000439,20,5.0,0.005581173498264282
439,design_000439,30,7.5,0.012865159183504924
439,design_000439,40,10.0,0.023042425172409977
439,design_000439,50,12.5,0.03285897345906421
439,design_000439,60,15.0,0.040502877801498055
439,design_000439,70,17.5,0.043881582784701514
439,design_000439,80,20.0,0.04035593582063546
439,design_000439,90,22.5,0.041474756805960855
439,design_000439,100,25.0,0.03662831616391185
439,design_000439,110,27.5,0.026786585816787604
439,design_000439,120,30.0,0.017395674952439363
439,design_000439,130,32.5,0.016532357153834085
439,design_000439,140,35.0,0.01924805592896369
439,design_000439,150,37.5,0.0174455910086996
439,design_000439,160,40.0,0.017329433009869322
439,design_000439,170,42.5,0.017826025453108484
439,design_000439,180,45.0,0.02082043150277838
440,design_000440,0,0.0,0.0020658826061168488
440,design_000440,10,2.5,0.02307347042256694
440,design_000440,20,5.0,0.03990011134212494
440,design_000440,30,7.5,0.07952445239253376
440,design_000440,40,10.0,0.11859668348887313
440,design_000440,50,12.5,0.08992126770422826
440,design_000440,60,15.0,0.05624436779191399
440,design_000440,70,17.5,0.03486452055608906
440,design_000440,80,20.0,0.023694865771963926
440,design_000440,90,22.5,0.017538051217787592
440,design_000440,100,25.0,0.012210592499433492
440,design_000440,110,27.5,0.008211827045200402
440,design_000440,120,30.0,0.004743127067204766
440,design_000440,130,32.5,0.003934191555506346
440,design_000440,140,35.0,0.007878383557025762
440,design_000440,150,37.5,0.00934792637083574
440,design_000440,160,40.0,0.013221061703069276
440,design_000440,170,42.5,0.010814794995884218
440,design_000440,180,45.0,0.013546809053074052
441,design_000441,0,0.0,0.0020162698429824163
441,design_000441,10,2.5,0.008795828433640747
441,design_000441,20,5.0,0.033200139654477
441,design_000441,30,7.5,0.050945183338027424
441,design_000441,40,10.0,0.06046747803258954
441,design_000441,50,12.5,0.061472898807568926
441,design_000441,60,15.0,0.06029290612895721
441,design_000441,70,17.5,0.049368688579581876
441,design_000441,80,20.0,0.034440606157426
441,design_000441,90,22.5,0.029216128800439316
441,design_000441,100,25.0,0.018688870606172452
441,design_000441,110,27.5,0.010891419258226427
441,design_000441,120,30.0,0.0032171867133317287
441,design_000441,130,32.5,0.002006413438651786
441,design_000441,140,35.0,0.0033744610051922017
441,design_000441,150,37.5,0.0037009751993236414
441,design_000441,160,40.0,0.0075315488075347395
441,design_000441,170,42.5,0.008926450450853184
441,design_000441,180,45.0,0.012009180991533284
442,design_000442,0,0.0,0.0020228820030860663
442,design_000442,10,2.5,0.01404402478700004
442,design_000442,20,5.0,0.04224190755512381
442,design_000442,30,7.5,0.06337558769550646
442,design_000442,40,10.0,0.07317035914066053
442,design_000442,50,12.5,0.0693486927830952
442,design_000442,60,15.0,0.062311677652437725
442,design_000442,70,17.5,0.04698554908144434
442,design_000442,80,20.0,0.03201793894417937
442,design_000442,90,22.5,0.026448199585625158
442,design_000442,100,25.0,0.01665449967372424
442,design_000442,110,27.5,0.00808476133106259
442,design_000442,120,30.0,0.003458458433268415
442,design_000442,130,32.5,0.0015331671451686247
442,design_000442,140,35.0,0.0022665337572314913
442,design_000442,150,37.5,0.002763024340306705
442,design_000442,160,40.0,0.0063690077364555574
442,design_000442,170,42.5,0.006376285791779551
442,design_000442,180,45.0,0.00914642248456999
443,design_000443,0,0.0,0.0020077424915572344
443,design_000443,10,2.5,0.023894185459547343
443,design_000443,20,5.0,0.01581706281419692
443,design_000443,30,7.5,0.018441704808768902
443,design_000443,40,10.0,0.023342527479136427
443,design_000443,50,12.5,0.033829605269302676
443,design_000443,60,15.0,0.03606182133656269
443,design_000443,70,17.5,0.029040946911663132
443,design_000443,80,20.0,0.0207379852583928
443,design_000443,90,22.5,0.018038495903732236
443,design_000443,100,25.0,0.011041108252338526
443,design_000443,110,27.5,0.005945235667256545
443,design_000443,120,30.0,0.0034252850312323116
443,design_000443,130,32.5,0.002734682013185174
443,design_000443,140,35.0,0.003168464633781462
443,design_000443,150,37.5,0.004795811491015006
443,design_000443,160,40.0,0.00660318808601356
443,design_000443,170,42.5,0.006551034968034388
443,design_000443,180,45.0,0.008982535890555485
444,design_000444,0,0.0,0.002117411084281879
444,design_000444,10,2.5,0.007248933348965945
444,design_000444,20,5.0,0.021099779153693515
444,design_000444,30,7.5,0.03967451276856343
444,design_000444,40,10.0,0.05696717001778787
444,design_000444,50,12.5,0.043828836872262786
444,design_000444,60,15.0,0.026911484272730934
444,design_000444,70,17.5,0.01795254310605933
444,design_000444,80,20.0,0.011951629634268905
444,design_000444,90,22.5,0.011807709641544848
444,design_000444,100,25.0,0.008098233714593504
444,design_000444,110,27.5,0.006029748732542802
444,design_000444,120,30.0,0.00377995649409109
444,design_000444,130,32.5,0.001815177118790872
444,design_000444,140,35.0,0.0015581556106982048
444,design_000444,150,37.5,0.002081167686183834
444,design_000444,160,40.0,0.004251876027658889
444,design_000444,170,42.5,0.004066188531617709
444,design_000444,180,45.0,0.005939777489742639
445,design_000445,0,0.0,0.0019111701951887094
445,design_000445,10,2.5,0.002908856518396557
445,design_000445,20,5.0,0.01744141894052126
445,design_000445,30,7.5,0.03439351501169345
445,design_000445,40,10.0,0.045891294896017606
445,design_000445,50,12.5,0.053271514162264166
445,design_000445,60,15.0,0.053847661896881276
445,design_000445,70,17.5,0.044593120363865424
445,design_000445,80,20.0,0.03272931153605457
445,design_000445,90,22.5,0.028065950870476704
445,design_000445,100,25.0,0.018166022433429074
445,design_000445,110,27.5,0.00999999311228194
445,design_000445,120,30.0,0.004261699135086531
445,design_000445,130,32.5,0.0015596775964321276
445,design_000445,140,35.0,0.0014841788941694464
445,design_000445,150,37.5,0.002110887651867843
445,design_000445,160,40.0,0.005168518621148473
445,design_000445,170,42.5,0.00700441631892969
445,design_000445,180,45.0,0.009839862092932444
446,design_000446,0,0.0,0.0020947729404204507
446,design_000446,10,2.5,0.028593615266641653
446,design_000446,20,5.0,0.015723241611416992
446,design_000446,30,7.5,0.015514464906283916
446,design_000446,40,10.0,0.02783605158083751
446,design_000446,50,12.5,0.03671523251486404
446,design_000446,60,15.0,0.04672951612712325
446,design_000446,70,17.5,0.0494745814657211
446,design_000446,80,20.0,0.04100504719883642
446,design_000446,90,22.5,0.034694287295056934
446,design_000446,100,25.0,0.023489837340803007
446,design_000446,110,27.5,0.015633376153168916
446,design_000446,120,30.0,0.008764694309644475
446,design_000446,130,32.5,0.009060948597721023
446,design_000446,140,35.0,0.009364437180973748
446,design_000446,150,37.5,0.008250447765718677
446,design_000446,160,40.0,0.006990836170293509
446,design_000446,170,42.5,0.007354962628277485
446,design_000446,180,45.0,0.008763966764706392
447,design_000447,0,0.0,0.002000020582598308
447,design_000447,10,2.5,0.004126066158677211
447,design_000447,20,5.0,0.0019732855933113345
447,design_000447,30,7.5,0.010908549856373434
447,design_000447,40,10.0,0.02217836927754551
447,design_000447,50,12.5,0.03027484153888646
447,design_000447,60,15.0,0.04198818477941045
447,design_000447,70,17.5,0.05006252209676924
447,design_000447,80,20.0,0.0484461419839939
447,design_000447,90,22.5,0.04963924816073605
447,design_000447,100,25.0,0.04010987450448596
447,design_000447,110,27.5,0.029948532370859534
447,design_000447,120,30.0,0.01796719735812602
447,design_000447,130,32.5,0.016468988050704753
447,design_000447,140,35.0,0.018569413210900648
447,design_000447,150,37.5,0.016511227995491616
447,design_000447,160,40.0,0.013695856160466056
447,design_000447,170,42.5,0.013634394800036585
447,design_000447,180,45.0,0.01514911139195882
448,design_000448,0,0.0,0.002324929259563409
448,design_000448,10,2.5,0.0032055261247450613
448,design_000448,20,5.0,0.005251935914999775
448,design_000448,30,7.5,0.021606230555960934
448,design_000448,40,10.0,0.039318381584444645
448,design_000448,50,12.5,0.0563509415573067
448,design_000448,60,15.0,0.06920646069939781
448,design_000448,70,17.5,0.06379052739235042
448,design_000448,80,20.0,0.05108844633285034
448,design_000448,90,22.5,0.04318719671004521
448,design_000448,100,25.0,0.031726862000168464
448,design_000448,110,27.5,0.020738620117695138
448,design_000448,120,30.0,0.010114731555182936
448,design_000448,130,32.5,0.008481872226532303
448,design_000448,140,35.0,0.009566304400093758
448,design_000448,150,37.5,0.007551233337799355
448,design_000448,160,40.0,0.009534377810047855
448,design_000448,170,42.5,0.00873774822047965
448,design_000448,180,45.0,0.010445039300801411
449,design_000449,0,0.0,0.0022280056552038
449,design_000449,10,2.5,0.00364839373285033
449,design_000449,20,5.0,0.010060793474769944
449,design_000449,30,7.5,0.021212299270669303
449,design_000449,40,10.0,0.025466853449573532
449,design_000449,50,12.5,0.02943972028856276
449,design_000449,60,15.0,0.027680306990000195
449,design_000449,70,17.5,0.02034330887928669
449,design_000449,80,20.0,0.011540709998920528
449,design_000449,90,22.5,0.011555453061178798
449,design_000449,100,25.0,0.009650918435235873
449,design_000449,110,27.5,0.0058519405447868
449,design_000449,120,30.0,0.003923891380418832
449,design_000449,130,32.5,0.002226975507255717
449,design_000449,140,35.0,0.002302182417024826
449,design_000449,150,37.5,0.0030120679060280523
449,design_000449,160,40.0,0.006360651879648577
449,design_000449,170,42.5,0.0072611816829969
449,design_000449,180,45.0,0.009331662235410872
450,design_000450,0,0.0,0.002105501388244774
450,design_000450,10,2.5,0.0014196101321119722
450,design_000450,20,5.0,0.012951492242471616
450,design_000450,30,7.5,0.03967570909421772
450,design_000450,40,10.0,0.07070306353909472
450,design_000450,50,12.5,0.08376723907708598
450,design_000450,60,15.0,0.07570651538498264
450,design_000450,70,17.5,0.04674069564786494
450,design_000450,80,20.0,0.025455008519174697
450,design_000450,90,22.5,0.020341884448721224
450,design_000450,100,25.0,0.014511860016544238
450,design_000450,110,27.5,0.006441728812842087
450,design_000450,120,30.0,0.0030093397873090567
450,design_000450,130,32.5,0.0009839980015536867
450,design_000450,140,35.0,0.0016836093504001138
450,design_000450,150,37.5,0.0025893510882070703
450,design_000450,160,40.0,0.005632413025429685
450,design_000450,170,42.5,0.006625292372830769
450,design_000450,180,45.0,0.008901682628749326
451,design_000451,0,0.0,0.002182078741683209
451,design_000451,10,2.5,0.009880931818853404
451,design_000451,20,5.0,0.0689576828822619
451,design_000451,30,7.5,0.11775843698413825
451,design_000451,40,10.0,0.14980635763336228
451,design_000451,50,12.5,0.14283129116528287
451,design_000451,60,15.0,0.1313873185347621
451,design_000451,70,17.5,0.10960454743924046
451,design_000451,80,20.0,0.08255339938006276
451,design_000451,90,22.5,0.06543275783244884
451,design_000451,100,25.0,0.048089256500114114
451,design_000451,110,27.5,0.03461624685728001
451,design_000451,120,30.0,0.01980998706512381
451,design_000451,130,32.5,0.017498159865832183
451,design_000451,140,35.0,0.016953947392800213
451,design_000451,150,37.5,0.012665321100030307
451,design_000451,160,40.0,0.012363919467744703
451,design_000451,170,42.5,0.010875424693106699
451,design_000451,180,45.0,0.01280317743129824
452,design_000452,0,0.0,0.0020452884588852112
452,design_000452,10,2.5,0.013901935540294019
452,design_000452,20,5.0,0.0024496480009185313
452,design_000452,30,7.5,0.007861678127841342
452,design_000452,40,10.0,0.01945675222743598
452,design_000452,50,12.5,0.03293885941108946
452,design_000452,60,15.0,0.04733427047635866
452,design_000452,70,17.5,0.047720296440823366
452,design_000452,80,20.0,0.037751676620447705
452,design_000452,90,22.5,0.030839669711520516
452,design_000452,100,25.0,0.019506357369534127
452,design_000452,110,27.5,0.010170455865312334
452,design_000452,120,30.0,0.004845351467818456
452,design_000452,130,32.5,0.0030392938857971836
452,design_000452,140,35.0,0.0027919861608565145
452,design_000452,150,37.5,0.0025053031780191692
452,design_000452,160,40.0,0.004533493904975315
452,design_000452,170,42.5,0.0058558651643744975
452,design_000452,180,45.0,0.008140101650979456
453,design_000453,0,0.0,0.002052760509087368
453,design_000453,10,2.5,0.010012985890212938
453,design_000453,20,5.0,0.041360253522199984
453,design_000453,30,7.5,0.06551359000566483
453,design_000453,40,10.0,0.08029324926508064
453,design_000453,50,12.5,0.0787940771638099
453,design_000453,60,15.0,0.07572449188571648
453,design_000453,70,17.5,0.05959436287405963
453,design_000453,80,20.0,0.04020281721436915
453,design_000453,90,22.5,0.03305825449207299
453,design_000453,100,25.0,0.020657731634897206
453,design_000453,110,27.5,0.011286635528303723
453,design_000453,120,30.0,0.0035034468956988618
453,design_000453,130,32.5,0.001216073654725249
453,design_000453,140,35.0,0.0021052037054650986
453,design_000453,150,37.5,0.002366574991726764
453,design_000453,160,40.0,0.004785259467557999
453,design_000453,170,42.5,0.005431336055118672
453,design_000453,180,45.0,0.008076382063519875
454,design_000454,0,0.0,0.0023509335915076904
454,design_000454,10,2.5,0.004062181220123076
454,design_000454,20,5.0,0.014085295074027714
454,design_000454,30,7.5,0.02229156881877129
454,design_000454,40,10.0,0.04350945274766677
454,design_000454,50,12.5,0.057676508072664064
454,design_000454,60,15.0,0.06841626278982854
454,design_000454,70,17.5,0.07402146413557695
454,design_000454,80,20.0,0.07405769197076324
454,design_000454,90,22.5,0.07180657292505813
454,design_000454,100,25.0,0.06271594400264552
454,design_000454,110,27.5,0.047802125527633806
454,design_000454,120,30.0,0.02580651295849088
454,design_000454,130,32.5,0.02113852342297152
454,design_000454,140,35.0,0.022012906939548327
454,design_000454,150,37.5,0.017710662385742024
454,design_000454,160,40.0,0.015266587875917625
454,design_000454,170,42.5,0.011330545091736755
454,design_000454,180,45.0,0.012815574873527094
455,design_000455,0,0.0,0.002121099549669955
455,design_000455,10,2.5,0.006564220995085534
455,design_000455,20,5.0,0.013029198533468185
455,design_000455,30,7.5,0.014940100397111897
455,design_000455,40,10.0,0.018599754146743648
455,design_000455,50,12.5,0.03399435408351828
455,design_000455,60,15.0,0.045161691021575454
455,design_000455,70,17.5,0.04656301930075364
455,design_000455,80,20.0,0.03482288144331436
455,design_000455,90,22.5,0.028701922455645873
455,design_000455,100,25.0,0.01655051382225553
455,design_000455,110,27.5,0.008610117528347555
455,design_000455,120,30.0,0.0041981322907723925
455,design_000455,130,32.5,0.0019751091763721192
455,design_000455,140,35.0,0.0014278650621856897
455,design_000455,150,37.5,0.0018766391153735985
455,design_000455,160,40.0,0.003881279967991276
455,design_000455,170,42.5,0.004536291529147238
455,design_000455,180,45.0,0.006321203718689524
456,design_000456,0,0.0,0.0021508120863403465
456,design_000456,10,2.5,0.014689110104297357
456,design_000456,20,5.0,0.017237887790165628
456,design_000456,30,7.5,0.022710493777536075
456,design_000456,40,10.0,0.02978442145708525
456,design_000456,50,12.5,0.039867178619949505
456,design_000456,60,15.0,0.04268724485955634
456,design_000456,70,17.5,0.03721966921338257
456,design_000456,80,20.0,0.026927104829723814
456,design_000456,90,22.5,0.02481772155451121
456,design_000456,100,25.0,0.016249341160395284
456,design_000456,110,27.5,0.008291666217816528
456,design_000456,120,30.0,0.0035517974652157927
456,design_000456,130,32.5,0.0015881589206402046
456,design_000456,140,35.0,0.0023153855293135987
456,design_000456,150,37.5,0.003282588198750922
456,design_000456,160,40.0,0.007249551740013465
456,design_000456,170,42.5,0.008179014161580253
456,design_000456,180,45.0,0.010857556281342513
457,design_000457,0,0.0,0.0019972197502078322
457,design_000457,10,2.5,0.006288631381469881
457,design_000457,20,5.0,0.004056498187519185
457,design_000457,30,7.5,0.013934871155057368
457,design_000457,40,10.0,0.02914373762043322
457,design_000457,50,12.5,0.04380400283378974
457,design_000457,60,15.0,0.05543582699545779
457,design_000457,70,17.5,0.06102373339281192
457,design_000457,80,20.0,0.05755766618377779
457,design_000457,90,22.5,0.05359461143454287
457,design_000457,100,25.0,0.04465421202845263
457,design_000457,110,27.5,0.034055681784382494
457,design_000457,120,30.0,0.021069586169349768
457,design_000457,130,32.5,0.020272608264832324
457,design_000457,140,35.0,0.021189533193396115
457,design_000457,150,37.5,0.017316405162320914
457,design_000457,160,40.0,0.016337647990955995
457,design_000457,170,42.5,0.014402829963949468
457,design_000457,180,45.0,0.015518494610084466
458,design_000458,0,0.0,0.0021693231785801783
458,design_000458,10,2.5,0.010364953961676679
458,design_000458,20,5.0,0.04210636764474927
458,design_000458,30,7.5,0.09095238404155362
458,design_000458,40,10.0,0.13245704368671374
458,design_000458,50,12.5,0.11239314476254007
458,design_000458,60,15.0,0.0866534589105746
458,design_000458,70,17.5,0.06284096332448043
458,design_000458,80,20.0,0.04779780391262617
458,design_000458,90,22.5,0.03903048243216958
458,design_000458,100,25.0,0.02903122789673729
458,design_000458,110,27.5,0.021126179028605054
458,design_000458,120,30.0,0.012399862661822872
458,design_000458,130,32.5,0.013376712754036752
458,design_000458,140,35.0,0.01454012031648947
458,design_000458,150,37.5,0.013088725342840108
458,design_000458,160,40.0,0.01298963159162975
458,design_000458,170,42.5,0.011478741072459657
458,design_000458,180,45.0,0.012211011219705472
459,design_000459,0,0.0,0.0021664100717917662
459,design_000459,10,2.5,0.006773705178759488
459,design_000459,20,5.0,0.048192533533359644
459,design_000459,30,7.5,0.08613284107188764
459,design_000459,40,10.0,0.10640304872719292
459,design_000459,50,12.5,0.09314242583246625
459,design_000459,60,15.0,0.07563637313057958
459,design_000459,70,17.5,0.06236030807676248
459,design_000459,80,20.0,0.04596947812866023
459,design_000459,90,22.5,0.037892433898167203
459,design_000459,100,25.0,0.02837213683844375
459,design_000459,110,27.5,0.020346486954882177
459,design_000459,120,30.0,0.012029053804772247
459,design_000459,130,32.5,0.013286023435025121
459,design_000459,140,35.0,0.016025882549544793
459,design_000459,150,37.5,0.014585817051442362
459,design_000459,160,40.0,0.015367155766910823
459,design_000459,170,42.5,0.014961774089677278
459,design_000459,180,45.0,0.016748196910072413
460,design_000460,0,0.0,0.002079076270247322
460,design_000460,10,2.5,0.019476215809323853
460,design_000460,20,5.0,0.040278259369281894
460,design_000460,30,7.5,0.04952674062709407
460,design_000460,40,10.0,0.05937687525820687
460,design_000460,50,12.5,0.06115325715270359
460,design_000460,60,15.0,0.057781623810352005
460,design_000460,70,17.5,0.0449257199389639
460,design_000460,80,20.0,0.032035995645252016
460,design_000460,90,22.5,0.02840210666837633
460,design_000460,100,25.0,0.01888657214883058
460,design_000460,110,27.5,0.00977892886067324
460,design_000460,120,30.0,0.004434073391746143
460,design_000460,130,32.5,0.0024227241309830705
460,design_000460,140,35.0,0.002828467705119111
460,design_000460,150,37.5,0.003414232654194844
460,design_000460,160,40.0,0.007087485817504453
460,design_000460,170,42.5,0.006587326083449118
460,design_000460,180,45.0,0.009720015203299053
461,design_000461,0,0.0,0.002032134034906091
461,design_000461,10,2.5,0.002969940980872968
461,design_000461,20,5.0,0.007565003236341763
461,design_000461,30,7.5,0.02012003720677631
461,design_000461,40,10.0,0.04280483538511022
461,design_000461,50,12.5,0.06499293316551338
461,design_000461,60,15.0,0.08011697197087786
461,design_000461,70,17.5,0.06865705030527487
461,design_000461,80,20.0,0.04999053592305364
461,design_000461,90,22.5,0.03842236723940057
461,design_000461,100,25.0,0.028285066673738677
461,design_000461,110,27.5,0.01797015578021756
461,design_000461,120,30.0,0.008497966519669959
461,design_000461,130,32.5,0.00664242440431704
461,design_000461,140,35.0,0.007479541535604278
461,design_000461,150,37.5,0.008339649921338342
461,design_000461,160,40.0,0.011824171045715058
461,design_000461,170,42.5,0.009241374992734553
461,design_000461,180,45.0,0.011694860771181266
462,design_000462,0,0.0,0.0021454188948245414
462,design_000462,10,2.5,0.0016589325016011863
462,design_000462,20,5.0,0.009248741385916935
462,design_000462,30,7.5,0.038124261918581724
462,design_000462,40,10.0,0.06849946765535656
462,design_000462,50,12.5,0.07672983934794828
462,design_000462,60,15.0,0.07705102040280759
462,design_000462,70,17.5,0.057086013394030556
462,design_000462,80,20.0,0.03955187620368266
462,design_000462,90,22.5,0.03190259590925229
462,design_000462,100,25.0,0.02619384627549982
462,design_000462,110,27.5,0.019972711534249225
462,design_000462,120,30.0,0.008376594433310536
462,design_000462,130,32.5,0.008264518581253924
462,design_000462,140,35.0,0.011178844634601587
462,design_000462,150,37.5,0.009079752911222412
462,design_000462,160,40.0,0.010298575302164027
462,design_000462,170,42.5,0.010185721500813068
462,design_000462,180,45.0,0.01191423038148275
463,design_000463,0,0.0,0.002156835276204088
463,design_000463,10,2.5,0.017968752727640744
463,design_000463,20,5.0,0.00368106654477526
463,design_000463,30,7.5,0.016165211439312023
463,design_000463,40,10.0,0.035237003337278944
463,design_000463,50,12.5,0.03481903795834654
463,design_000463,60,15.0,0.041456888344871407
463,design_000463,70,17.5,0.04258919288983887
463,design_000463,80,20.0,0.037231882807923576
463,design_000463,90,22.5,0.03169184719439536
463,design_000463,100,25.0,0.022155022614571845
463,design_000463,110,27.5,0.01497990705685385
463,design_000463,120,30.0,0.0074511958311371355
463,design_000463,130,32.5,0.008993908609329394
463,design_000463,140,35.0,0.01001404641188626
463,design_000463,150,37.5,0.007959692350609381
463,design_000463,160,40.0,0.007215532781094458
463,design_000463,170,42.5,0.007062416028128914
463,design_000463,180,45.0,0.010092558504324098
464,design_000464,0,0.0,0.0019677822254480395
464,design_000464,10,2.5,0.0005485398160346806
464,design_000464,20,5.0,0.012492946381602981
464,design_000464,30,7.5,0.031151115545909845
464,design_000464,40,10.0,0.055869351425048314
464,design_000464,50,12.5,0.07642641956672214
464,design_000464,60,15.0,0.08770588216675618
464,design_000464,70,17.5,0.0709445006182021
464,design_000464,80,20.0,0.047762657337767966
464,design_000464,90,22.5,0.033102862743691674
464,design_000464,100,25.0,0.02142755664434225
464,design_000464,110,27.5,0.01124814397667054
464,design_000464,120,30.0,0.005837114000646611
464,design_000464,130,32.5,0.003967440388014448
464,design_000464,140,35.0,0.005236822429221655
464,design_000464,150,37.5,0.005798069383314309
464,design_000464,160,40.0,0.009605002428517636
464,design_000464,170,42.5,0.00846264747858078
464,design_000464,180,45.0,0.011409542945243906
465,design_000465,0,0.0,0.001819430186697179
465,design_000465,10,2.5,0.014032750571113129
465,design_000465,20,5.0,0.045518859669930176
465,design_000465,30,7.5,0.07603175735761036
465,design_000465,40,10.0,0.09725418835517734
465,design_000465,50,12.5,0.09255559059754745
465,design_000465,60,15.0,0.0832981517771179
465,design_000465,70,17.5,0.07182495441888564
465,design_000465,80,20.0,0.04799216044039868
465,design_000465,90,22.5,0.036566844530290916
465,design_000465,100,25.0,0.025965371291427692
465,design_000465,110,27.5,0.016809507697358336
465,design_000465,120,30.0,0.00874073097327157
465,design_000465,130,32.5,0.009320388131745825
465,design_000465,140,35.0,0.011616890297213836
465,design_000465,150,37.5,0.008976857234242859
465,design_000465,160,40.0,0.008358841800744827
465,design_000465,170,42.5,0.008828902496984389
465,design_000465,180,45.0,0.011406628114679055
466,design_000466,0,0.0,0.001827079506527924
466,design_000466,10,2.5,0.06862690452779419
466,design_000466,20,5.0,0.11487086130530363
466,design_000466,30,7.5,0.12087433852163446
466,design_000466,40,10.0,0.12030420226459769
466,design_000466,50,12.5,0.08490384839664439
466,design_000466,60,15.0,0.052378825350149566
466,design_000466,70,17.5,0.03209454750810301
466,design_000466,80,20.0,0.014797064107400788
466,design_000466,90,22.5,0.0062178558418632
466,design_000466,100,25.0,0.005064326645885287
466,design_000466,110,27.5,0.0066355887610888495
466,design_000466,120,30.0,0.005178016815311215
466,design_000466,130,32.5,0.006166121839310758
466,design_000466,140,35.0,0.008035800775738
466,design_000466,150,37.5,0.00791000007912207
466,design_000466,160,40.0,0.008291714423098957
466,design_000466,170,42.5,0.006895681918988315
466,design_000466,180,45.0,0.008332003413476306
467,design_000467,0,0.0,0.0021650297931052223
467,design_000467,10,2.5,0.07146498958136674
467,design_000467,20,5.0,0.10775573993629575
467,design_000467,30,7.5,0.08335980577570826
467,design_000467,40,10.0,0.051137387580743626
467,design_000467,50,12.5,0.042735051724102496
467,design_000467,60,15.0,0.023880320158357473
467,design_000467,70,17.5,0.015689042576393617
467,design_000467,80,20.0,0.017312483896577163
467,design_000467,90,22.5,0.019500820630445656
467,design_000467,100,25.0,0.020413300712356496
467,design_000467,110,27.5,0.014929876988717346
467,design_000467,120,30.0,0.006162885995342414
467,design_000467,130,32.5,0.005461116170896194
467,design_000467,140,35.0,0.008371706764851338
467,design_000467,150,37.5,0.009892413676604685
467,design_000467,160,40.0,0.00984345883592206
467,design_000467,170,42.5,0.00848612675475734
467,design_000467,180,45.0,0.009552542731041759
468,design_000468,0,0.0,0.002203277587216371
468,design_000468,10,2.5,0.06167269383235609
468,design_000468,20,5.0,0.09282917660107956
468,design_000468,30,7.5,0.05239926888066951
468,design_000468,40,10.0,0.04126665897513995
468,design_000468,50,12.5,0.040168014253190845
468,design_000468,60,15.0,0.022091386942911004
468,design_000468,70,17.5,0.014421017771585198
468,design_000468,80,20.0,0.013963850047283243
468,design_000468,90,22.5,0.012998405850885363
468,design_000468,100,25.0,0.010593657936197237
468,design_000468,110,27.5,0.008306391943506169
468,design_000468,120,30.0,0.004215781765335549
468,design_000468,130,32.5,0.005036571004913767
468,design_000468,140,35.0,0.007308337436613197
468,design_000468,150,37.5,0.008661181404180204
468,design_000468,160,40.0,0.008438671156087346
468,design_000468,170,42.5,0.00769889091432867
468,design_000468,180,45.0,0.0089593190427349
469,design_000469,0,0.0,0.002488180035867269
469,design_000469,10,2.5,0.06978904933086126
469,design_000469,20,5.0,0.11503365637956892
469,design_000469,30,7.5,0.13204577042314158
469,design_000469,40,10.0,0.10233389032167217
469,design_000469,50,12.5,0.056096392656282794
469,design_000469,60,15.0,0.030917470701771282
469,design_000469,70,17.5,0.019637715693526174
469,design_000469,80,20.0,0.014008939688506927
469,design_000469,90,22.5,0.012332444390279973
469,design_000469,100,25.0,0.010707410414992069
469,design_000469,110,27.5,0.00953091888338088
469,design_000469,120,30.0,0.006270069402676728
469,design_000469,130,32.5,0.008557434051034728
469,design_000469,140,35.0,0.010753311712823071
469,design_000469,150,37.5,0.010283728780818631
469,design_000469,160,40.0,0.01305022333006133
469,design_000469,170,42.5,0.012000084521504091
469,design_000469,180,45.0,0.013427083698560244
470,design_000470,0,0.0,0.0019741786037106857
470,design_000470,10,2.5,0.004502986324912148
470,design_000470,20,5.0,0.009236069287840064
470,design_000470,30,7.5,0.014899461608259102
470,design_000470,40,10.0,0.029330884025174128
470,design_000470,50,12.5,0.023792948172818823
470,design_000470,60,15.0,0.01627096831196906
470,design_000470,70,17.5,0.007468026504199891
470,design_000470,80,20.0,0.008737796587485826
470,design_000470,90,22.5,0.012314832602012044
470,design_000470,100,25.0,0.014586960263155382
470,design_000470,110,27.5,0.015040995380815513
470,design_000470,120,30.0,0.007276593856963732
470,design_000470,130,32.5,0.005357358942970213
470,design_000470,140,35.0,0.00761318393994927
470,design_000470,150,37.5,0.00837786388612207
470,design_000470,160,40.0,0.007506790833757045
470,design_000470,170,42.5,0.006110850813091466
470,design_000470,180,45.0,0.007265443549067597
471,design_000471,0,0.0,0.002563118042587644
471,design_000471,10,2.5,0.011090976380476408
471,design_000471,20,5.0,0.07300349586137732
471,design_000471,30,7.5,0.03623637793450508
471,design_000471,40,10.0,0.028864157283865984
471,design_000471,50,12.5,0.01890055157889377
471,design_000471,60,15.0,0.011069332709186707
471,design_000471,70,17.5,0.00905427236105258
471,design_000471,80,20.0,0.010344940540674634
471,design_000471,90,22.5,0.015183287672643484
471,design_000471,100,25.0,0.016114685870802194
471,design_000471,110,27.5,0.013469970561502604
471,design_000471,120,30.0,0.00851700767002013
471,design_000471,130,32.5,0.00947421783190533
471,design_000471,140,35.0,0.009808391884766557
471,design_000471,150,37.5,0.009772630495444853
471,design_000471,160,40.0,0.01095555681223787
471,design_000471,170,42.5,0.009600774187341192
471,design_000471,180,45.0,0.009812345592787972
472,design_000472,0,0.0,0.0025605537349270287
472,design_000472,10,2.5,0.06089219661156706
472,design_000472,20,5.0,0.07741756768476925
472,design_000472,30,7.5,0.022295515531203382
472,design_000472,40,10.0,0.02742500210139493
472,design_000472,50,12.5,0.02710600975666569
472,design_000472,60,15.0,0.01499772097564938
472,design_000472,70,17.5,0.013162578285194744
472,design_000472,80,20.0,0.008777011760038516
472,design_000472,90,22.5,0.016961476021812673
472,design_000472,100,25.0,0.021309174679108527
472,design_000472,110,27.5,0.015056791255082368
472,design_000472,120,30.0,0.007152842629835298
472,design_000472,130,32.5,0.006664076954709993
472,design_000472,140,35.0,0.008874784463795245
472,design_000472,150,37.5,0.00855126832328466
472,design_000472,160,40.0,0.008040973835171042
472,design_000472,170,42.5,0.007082525392590518
472,design_000472,180,45.0,0.00916197639112035
473,design_000473,0,0.0,0.0020688042696153856
473,design_000473,10,2.5,0.04074699641921766
473,design_000473,20,5.0,0.10983105826984689
473,design_000473,30,7.5,0.12764731410934627
473,design_000473,40,10.0,0.08485430115886133
473,design_000473,50,12.5,0.053148367172690544
473,design_000473,60,15.0,0.030692095658366156
473,design_000473,70,17.5,0.009512088304099218
473,design_000473,80,20.0,0.0053275083057295145
473,design_000473,90,22.5,0.005040117709120011
473,design_000473,100,25.0,0.0058625071181451615
473,design_000473,110,27.5,0.007492534981017477
473,design_000473,120,30.0,0.006224321577740404
473,design_000473,130,32.5,0.008487181789668535
473,design_000473,140,35.0,0.010504124656126232
473,design_000473,150,37.5,0.01231046555984025
473,design_000473,160,40.0,0.0134738146181048
473,design_000473,170,42.5,0.011482519041768592
473,design_000473,180,45.0,0.01196056358481902
474,design_000474,0,0.0,0.0022717460899033476
474,design_000474,10,2.5,0.039020700371845754
474,design_000474,20,5.0,0.027043150844330132
474,design_000474,30,7.5,0.04513767272074714
474,design_000474,40,10.0,0.07324232806465607
474,design_000474,50,12.5,0.060714487072178455
474,design_000474,60,15.0,0.04182640126392549
474,design_000474,70,17.5,0.03218233893933921
474,design_000474,80,20.0,0.018072314868254728
474,design_000474,90,22.5,0.010307377476618002
474,design_000474,100,25.0,0.008489370683333958
474,design_000474,110,27.5,0.00799756372055614
474,design_000474,120,30.0,0.004775265536132497
474,design_000474,130,32.5,0.0060156331910605
474,design_000474,140,35.0,0.009149492309450863
474,design_000474,150,37.5,0.01007177539782653
474,design_000474,160,40.0,0.009346331905109855
474,design_000474,170,42.5,0.007277504822048558
474,design_000474,180,45.0,0.00925013389342934
475,design_000475,0,0.0,0.0023632498886388287
475,design_000475,10,2.5,0.04348248154269076
475,design_000475,20,5.0,0.09368647193592164
475,design_000475,30,7.5,0.07342547190530022
475,design_000475,40,10.0,0.04173729572230199
475,design_000475,50,12.5,0.03421976701142715
475,design_000475,60,15.0,0.015149561715527757
475,design_000475,70,17.5,0.009016320637285767
475,design_000475,80,20.0,0.005251547896337933
475,design_000475,90,22.5,0.003672831899552471
475,design_000475,100,25.0,0.002951476035163288
475,design_000475,110,27.5,0.0035202211086273814
475,design_000475,120,30.0,0.0033769812328359127
475,design_000475,130,32.5,0.004662396266320606
475,design_000475,140,35.0,0.006532691578044495
475,design_000475,150,37.5,0.007823196216431499
475,design_000475,160,40.0,0.007901329123947464
475,design_000475,170,42.5,0.007370796060417047
475,design_000475,180,45.0,0.008944591735374522
476,design_000476,0,0.0,0.0020688042696153856
476,design_000476,10,2.5,0.07055735180264065
476,design_000476,20,5.0,0.10286504518530401
476,design_000476,30,7.5,0.12136791045957199
476,design_000476,40,10.0,0.09933508651760649
476,design_000476,50,12.5,0.08479242086680563
476,design_000476,60,15.0,0.05333178209649313
476,design_000476,70,17.5,0.02388884445076675
476,design_000476,80,20.0,0.013089828417170622
476,design_000476,90,22.5,0.014845111003210185
476,design_000476,100,25.0,0.01679969451004139
476,design_000476,110,27.5,0.013920460238076037
476,design_000476,120,30.0,0.007565222589645819
476,design_000476,130,32.5,0.007166064687407906
476,design_000476,140,35.0,0.010216870773969437
476,design_000476,150,37.5,0.012154277047921953
476,design_000476,160,40.0,0.013293716164302407
476,design_000476,170,42.5,0.012783028731707745
476,design_000476,180,45.0,0.014781404133201576
477,design_000477,0,0.0,0.0025531675836734206
477,design_000477,10,2.5,0.0703362301412353
477,design_000477,20,5.0,0.08716477812427653
477,design_000477,30,7.5,0.067277366021432
477,design_000477,40,10.0,0.040690264236032
477,design_000477,50,12.5,0.038617091323508664
477,design_000477,60,15.0,0.021880508803901952
477,design_000477,70,17.5,0.014180156849881059
477,design_000477,80,20.0,0.017774896085298794
477,design_000477,90,22.5,0.02311473097000701
477,design_000477,100,25.0,0.02140036943415418
477,design_000477,110,27.5,0.016526265859440576
477,design_000477,120,30.0,0.00992390124104071
477,design_000477,130,32.5,0.011873618798196168
477,design_000477,140,35.0,0.014706446074269908
477,design_000477,150,37.5,0.014414248377917598
477,design_000477,160,40.0,0.012403347173632236
477,design_000477,170,42.5,0.010262491668326811
477,design_000477,180,45.0,0.011156063547709868
478,design_000478,0,0.0,0.0020688042696153856
478,design_000478,10,2.5,0.07218575899890424
478,design_000478,20,5.0,0.10729446308619608
478,design_000478,30,7.5,0.1315294786211345
478,design_000478,40,10.0,0.12687544647868365
478,design_000478,50,12.5,0.08851324574857737
478,design_000478,60,15.0,0.06197820276632027
478,design_000478,70,17.5,0.03820251697869988
478,design_000478,80,20.0,0.02199201117290155
478,design_000478,90,22.5,0.01596347119824766
478,design_000478,100,25.0,0.015322172949475538
478,design_000478,110,27.5,0.012907774937387071
478,design_000478,120,30.0,0.007103598813280032
478,design_000478,130,32.5,0.006672735753270441
478,design_000478,140,35.0,0.009922675316393337
478,design_000478,150,37.5,0.012790544434333678
478,design_000478,160,40.0,0.014475955037081961
478,design_000478,170,42.5,0.013741142807439355
478,design_000478,180,45.0,0.015190693898038659
479,design_000479,0,0.0,0.0017978788371431948
479,design_000479,10,2.5,0.07330379074255948
479,design_000479,20,5.0,0.13444897712725118
479,design_000479,30,7.5,0.1421410522291897
479,design_000479,40,10.0,0.1270971648395761
479,design_000479,50,12.5,0.07663040619905467
479,design_000479,60,15.0,0.04725517117517485
479,design_000479,70,17.5,0.03222655673596457
479,design_000479,80,20.0,0.022343012036697134
479,design_000479,90,22.5,0.018177044976332768
479,design_000479,100,25.0,0.013893794576442015
479,design_000479,110,27.5,0.008982257180944484
479,design_000479,120,30.0,0.004787606193638101
479,design_000479,130,32.5,0.005879346239523997
479,design_000479,140,35.0,0.009033832849946077
479,design_000479,150,37.5,0.010451625501113688
479,design_000479,160,40.0,0.01311147358751172
479,design_000479,170,42.5,0.012213625231120233
479,design_000479,180,45.0,0.01388661757754748
480,design_000480,0,0.0,0.002406903234953709
480,design_000480,10,2.5,0.019946050599910496
480,design_000480,20,5.0,0.08343154784337031
480,design_000480,30,7.5,0.04364516055652681
480,design_000480,40,10.0,0.03650504730480812
480,design_000480,50,12.5,0.028004189437130476
480,design_000480,60,15.0,0.014380208063801166
480,design_000480,70,17.5,0.010772001471217443
480,design_000480,80,20.0,0.011623641153379216
480,design_000480,90,22.5,0.015509743065720168
480,design_000480,100,25.0,0.016000985360031857
480,design_000480,110,27.5,0.013545371558924319
480,design_000480,120,30.0,0.007256283247536358
480,design_000480,130,32.5,0.007259420628049776
480,design_000480,140,35.0,0.0075884294634861885
480,design_000480,150,37.5,0.007871658401121253
480,design_000480,160,40.0,0.008345286859528945
480,design_000480,170,42.5,0.007615996620214468
480,design_000480,180,45.0,0.008965063260657543
481,design_000481,0,0.0,0.0020688042696153856
481,design_000481,10,2.5,0.05259703176432929
481,design_000481,20,5.0,0.11067028459915537
481,design_000481,30,7.5,0.12849277084635102
481,design_000481,40,10.0,0.10229662740773227
481,design_000481,50,12.5,0.06663951920005223
481,design_000481,60,15.0,0.035911524907381545
481,design_000481,70,17.5,0.009474227604043992
481,design_000481,80,20.0,0.004555618157106735
481,design_000481,90,22.5,0.003651313296023226
481,design_000481,100,25.0,0.004238684466872521
481,design_000481,110,27.5,0.006205850243292089
481,design_000481,120,30.0,0.004288408613993619
481,design_000481,130,32.5,0.0054914662264856345
481,design_000481,140,35.0,0.008650178568529877
481,design_000481,150,37.5,0.01155294972531407
481,design_000481,160,40.0,0.01286748751334944
481,design_000481,170,42.5,0.010914904008478773
481,design_000481,180,45.0,0.011727462004691304
482,design_000482,0,0.0,0.002546534973590139
482,design_000482,10,2.5,0.012816846715170391
482,design_000482,20,5.0,0.06846129864515936
482,design_000482,30,7.5,0.018878000163891313
482,design_000482,40,10.0,0.030464519484900594
482,design_000482,50,12.5,0.023793843212843783
482,design_000482,60,15.0,0.014914481538857185
482,design_000482,70,17.5,0.013445671070462545
482,design_000482,80,20.0,0.009193909345158497
482,design_000482,90,22.5,0.0051969873091342565
482,design_000482,100,25.0,0.0034225863532092128
482,design_000482,110,27.5,0.003682317502989002
482,design_000482,120,30.0,0.002501922897089938
482,design_000482,130,32.5,0.003614337729305322
482,design_000482,140,35.0,0.005827019421066966
482,design_000482,150,37.5,0.006857807635238931
482,design_000482,160,40.0,0.007278907087673378
482,design_000482,170,42.5,0.006676039720701198
482,design_000482,180,45.0,0.008482869193015344
483,design_000483,0,0.0,0.0019303871411788785
483,design_000483,10,2.5,0.029276651096055394
483,design_000483,20,5.0,0.0964623080435531
483,design_000483,30,7.5,0.11335406217428573
483,design_000483,40,10.0,0.08114804386800704
483,design_000483,50,12.5,0.05362283372491773
483,design_000483,60,15.0,0.02703621920686868
483,design_000483,70,17.5,0.008725826362687223
483,design_000483,80,20.0,0.006708057940805469
483,design_000483,90,22.5,0.008137759954891013
483,design_000483,100,25.0,0.010182813235980961
483,design_000483,110,27.5,0.01095242996992405
483,design_000483,120,30.0,0.007846038668167117
483,design_000483,130,32.5,0.009550719213506883
483,design_000483,140,35.0,0.011227249321861251
483,design_000483,150,37.5,0.0117640434844004
483,design_000483,160,40.0,0.012061255690317685
483,design_000483,170,42.5,0.009551649175792456
483,design_000483,180,45.0,0.009730484870726978
484,design_000484,0,0.0,0.0020688042696153856
484,design_000484,10,2.5,0.06916520465181011
484,design_000484,20,5.0,0.13921189920556787
484,design_000484,30,7.5,0.15514297879109676
484,design_000484,40,10.0,0.14691124628410976
484,design_000484,50,12.5,0.09989374727028351
484,design_000484,60,15.0,0.0634233003064616
484,design_000484,70,17.5,0.04059913263125586
484,design_000484,80,20.0,0.01947158921209333
484,design_000484,90,22.5,0.009657922743933688
484,design_000484,100,25.0,0.008046850287947115
484,design_000484,110,27.5,0.00829267953330246
484,design_000484,120,30.0,0.006046044211916094
484,design_000484,130,32.5,0.008608099308030318
484,design_000484,140,35.0,0.012271539554442872
484,design_000484,150,37.5,0.013700191664264982
484,design_000484,160,40.0,0.015042102580944275
484,design_000484,170,42.5,0.013154160511953651
484,design_000484,180,45.0,0.014541929982725755
485,design_000485,0,0.0,0.0020552068535671535
485,design_000485,10,2.5,0.002605896579082559
485,design_000485,20,5.0,0.003027478757050882
485,design_000485,30,7.5,0.01634935566152034
485,design_000485,40,10.0,0.03821410769519436
485,design_000485,50,12.5,0.033948758814063784
485,design_000485,60,15.0,0.03470332974361691
485,design_000485,70,17.5,0.03616062273464707
485,design_000485,80,20.0,0.034935988577036364
485,design_000485,90,22.5,0.03701462470322913
485,design_000485,100,25.0,0.03164329244153222
485,design_000485,110,27.5,0.0248471687421543
485,design_000485,120,30.0,0.012247580456332516
485,design_000485,130,32.5,0.012669038710754673
485,design_000485,140,35.0,0.012182925080736349
485,design_000485,150,37.5,0.009486819660325213
485,design_000485,160,40.0,0.009701241385219762
485,design_000485,170,42.5,0.007538096871343766
485,design_000485,180,45.0,0.008930911397460382
486,design_000486,0,0.0,0.0020688042696153856
486,design_000486,10,2.5,0.07295385744835013
486,design_000486,20,5.0,0.1423633537023723
486,design_000486,30,7.5,0.1521953606416624
486,design_000486,40,10.0,0.1610087664007873
486,design_000486,50,12.5,0.12625641110435903
486,design_000486,60,15.0,0.09218201571553311
486,design_000486,70,17.5,0.07101924009984281
486,design_000486,80,20.0,0.03943767597397819
486,design_000486,90,22.5,0.02466282341085671
486,design_000486,100,25.0,0.013984624590291594
486,design_000486,110,27.5,0.008788242575255312
486,design_000486,120,30.0,0.005523667877920115
486,design_000486,130,32.5,0.007678973576018204
486,design_000486,140,35.0,0.011810255406643775
486,design_000486,150,37.5,0.013138349527746465
486,design_000486,160,40.0,0.015661334934829935
486,design_000486,170,42.5,0.013427279884844474
486,design_000486,180,45.0,0.016625446280100036
487,design_000487,0,0.0,0.0020688042696153856
487,design_000487,10,2.5,0.06160798379812429
487,design_000487,20,5.0,0.10196676133847551
487,design_000487,30,7.5,0.10806893390337483
487,design_000487,40,10.0,0.06400832792036071
487,design_000487,50,12.5,0.056820504021913326
487,design_000487,60,15.0,0.03354701182423985
487,design_000487,70,17.5,0.012324883741210962
487,design_000487,80,20.0,0.010784124577950966
487,design_000487,90,22.5,0.014974899979744417
487,design_000487,100,25.0,0.01702389026490423
487,design_000487,110,27.5,0.015158261989159297
487,design_000487,120,30.0,0.007660396931679379
487,design_000487,130,32.5,0.006678560738309337
487,design_000487,140,35.0,0.009061025687722667
487,design_000487,150,37.5,0.010808816703139237
487,design_000487,160,40.0,0.011278680869610497
487,design_000487,170,42.5,0.009879022572731957
487,design_000487,180,45.0,0.010995465759046315
488,design_000488,0,0.0,0.0018255730345055955
488,design_000488,10,2.5,0.07269946182466452
488,design_000488,20,5.0,0.10845534780052757
488,design_000488,30,7.5,0.13465717549924575
488,design_000488,40,10.0,0.11552981888278419
488,design_000488,50,12.5,0.067922607709335
488,design_000488,60,15.0,0.04590179332997662
488,design_000488,70,17.5,0.023449035126730397
488,design_000488,80,20.0,0.008767603427379722
488,design_000488,90,22.5,0.006011144635963476
488,design_000488,100,25.0,0.005819432093714348
488,design_000488,110,27.5,0.007565388972808368
488,design_000488,120,30.0,0.005978573714008497
488,design_000488,130,32.5,0.009798998410271268
488,design_000488,140,35.0,0.013531622477681957
488,design_000488,150,37.5,0.01509238999081879
488,design_000488,160,40.0,0.015282289665594993
488,design_000488,170,42.5,0.013607615739695132
488,design_000488,180,45.0,0.013559417358555682
489,design_000489,0,0.0,0.0025119542754087373
489,design_000489,10,2.5,0.05560006891094742
489,design_000489,20,5.0,0.08902822224043239
489,design_000489,30,7.5,0.05678332282464793
489,design_000489,40,10.0,0.035464995808110626
489,design_000489,50,12.5,0.023624191331639115
489,design_000489,60,15.0,0.012892923184416339
489,design_000489,70,17.5,0.009900435557381175
489,design_000489,80,20.0,0.004856694430789033
489,design_000489,90,22.5,0.004580817616856093
489,design_000489,100,25.0,0.0040134471891249135
489,design_000489,110,27.5,0.003631991160209123
489,design_000489,120,30.0,0.0028000268754344907
489,design_000489,130,32.5,0.00354099779530348
489,design_000489,140,35.0,0.005364180116580482
489,design_000489,150,37.5,0.006696476492489001
489,design_000489,160,40.0,0.006673453493427267
489,design_000489,170,42.5,0.00737914969713095
489,design_000489,180,45.0,0.009234559362140581
490,design_000490,0,0.0,0.0019308536918595282
490,design_000490,10,2.5,0.07192680661253703
490,design_000490,20,5.0,0.10436359760881883
490,design_000490,30,7.5,0.11235996979545834
490,design_000490,40,10.0,0.0764455941649454
490,design_000490,50,12.5,0.05112670539971554
490,design_000490,60,15.0,0.027082188170936963
490,design_000490,70,17.5,0.01434682690958688
490,design_000490,80,20.0,0.014335084973995067
490,design_000490,90,22.5,0.013934470462530334
490,design_000490,100,25.0,0.012030481577302065
490,design_000490,110,27.5,0.010347452183286204
490,design_000490,120,30.0,0.007646174558467162
490,design_000490,130,32.5,0.009223037085603566
490,design_000490,140,35.0,0.010623689380593458
490,design_000490,150,37.5,0.010335700551338558
490,design_000490,160,40.0,0.01049608875651619
490,design_000490,170,42.5,0.008467116703166867
490,design_000490,180,45.0,0.009044531007525815
491,design_000491,0,0.0,0.001454333923424276
491,design_000491,10,2.5,0.05187727543704837
491,design_000491,20,5.0,0.06266260901874234
491,design_000491,30,7.5,0.050737295589840775
491,design_000491,40,10.0,0.0567917472982856
491,design_000491,50,12.5,0.0587681234979561
491,design_000491,60,15.0,0.040323096496210034
491,design_000491,70,17.5,0.030786542469875926
491,design_000491,80,20.0,0.03308805865959378
491,design_000491,90,22.5,0.03640135310367176
491,design_000491,100,25.0,0.03521317608051622
491,design_000491,110,27.5,0.02493192554015413
491,design_000491,120,30.0,0.01057159528968475
491,design_000491,130,32.5,0.008772092150881386
491,design_000491,140,35.0,0.011602398869506826
491,design_000491,150,37.5,0.011323585087628638
491,design_000491,160,40.0,0.011054322170142301
491,design_000491,170,42.5,0.008542466844849207
491,design_000491,180,45.0,0.010421332830371395
492,design_000492,0,0.0,0.0020688042696153856
492,design_000492,10,2.5,0.07281947326216429
492,design_000492,20,5.0,0.1395789264753622
492,design_000492,30,7.5,0.15887297133199219
492,design_000492,40,10.0,0.16042759565364922
492,design_000492,50,12.5,0.1197570462878681
492,design_000492,60,15.0,0.07986904985129681
492,design_000492,70,17.5,0.05825043483401573
492,design_000492,80,20.0,0.030573571204282626
492,design_000492,90,22.5,0.015715739288790147
492,design_000492,100,25.0,0.010626842129048835
492,design_000492,110,27.5,0.009415960933529496
492,design_000492,120,30.0,0.007224461595293685
492,design_000492,130,32.5,0.011051628213454727
492,design_000492,140,35.0,0.01491363807404804
492,design_000492,150,37.5,0.015884103138133654
492,design_000492,160,40.0,0.018972486268816393
492,design_000492,170,42.5,0.015859696398750216
492,design_000492,180,45.0,0.016750300836829914
493,design_000493,0,0.0,0.002415931680461981
493,design_000493,10,2.5,0.07252518707728678
493,design_000493,20,5.0,0.1374288835206549
493,design_000493,30,7.5,0.14621926186866785
493,design_000493,40,10.0,0.12348085189933478
493,design_000493,50,12.5,0.08323076605445545
493,design_000493,60,15.0,0.04721190578932828
493,design_000493,70,17.5,0.03239900847938305
493,design_000493,80,20.0,0.01712041503524126
493,design_000493,90,22.5,0.010598252448020781
493,design_000493,100,25.0,0.004957728551815374
493,design_000493,110,27.5,0.003755258578037892
493,design_000493,120,30.0,0.003524645585537051
493,design_000493,130,32.5,0.005920361608275918
493,design_000493,140,35.0,0.010614812478936633
493,design_000493,150,37.5,0.011848272405852421
493,design_000493,160,40.0,0.014013538119121278
493,design_000493,170,42.5,0.012763325674804775
493,design_000493,180,45.0,0.016460090853358592
494,design_000494,0,0.0,0.0024596533037334715
494,design_000494,10,2.5,0.05103963003337603
494,design_000494,20,5.0,0.04329585226909369
494,design_000494,30,7.5,0.023349585966272506
494,design_000494,40,10.0,0.03578024801606992
494,design_000494,50,12.5,0.03142564010155126
494,design_000494,60,15.0,0.03530259422280053
494,design_000494,70,17.5,0.03847427443353664
494,design_000494,80,20.0,0.03322345608814879
494,design_000494,90,22.5,0.033626693553026776
494,design_000494,100,25.0,0.027608913982169064
494,design_000494,110,27.5,0.017961080852399093
494,design_000494,120,30.0,0.006698628055159933
494,design_000494,130,32.5,0.004767452127392276
494,design_000494,140,35.0,0.007007590956514133
494,design_000494,150,37.5,0.006885481581074746
494,design_000494,160,40.0,0.005980284941777639
494,design_000494,170,42.5,0.0060641924370486615
494,design_000494,180,45.0,0.008483679339790015
495,design_000495,0,0.0,0.002550147175506277
495,design_000495,10,2.5,0.05574285520422577
495,design_000495,20,5.0,0.07761384424747104
495,design_000495,30,7.5,0.04503567040328996
495,design_000495,40,10.0,0.0346053626147733
495,design_000495,50,12.5,0.03256447610286059
495,design_000495,60,15.0,0.03349899838663314
495,design_000495,70,17.5,0.03461376783872332
495,design_000495,80,20.0,0.019921983480780402
495,design_000495,90,22.5,0.012083379378976529
495,design_000495,100,25.0,0.006651028485953871
495,design_000495,110,27.5,0.002668871292912512
495,design_000495,120,30.0,0.0014224784422602222
495,design_000495,130,32.5,0.002943292852682039
495,design_000495,140,35.0,0.005928049654336869
495,design_000495,150,37.5,0.006514130260991279
495,design_000495,160,40.0,0.0076164929883119625
495,design_000495,170,42.5,0.007920692040560418
495,design_000495,180,45.0,0.010758989853912028
496,design_000496,0,0.0,0.0020688042696153856
496,design_000496,10,2.5,0.07250149619866979
496,design_000496,20,5.0,0.13570779694919372
496,design_000496,30,7.5,0.14665388557966147
496,design_000496,40,10.0,0.12907806597992993
496,design_000496,50,12.5,0.08891951716467178
496,design_000496,60,15.0,0.05637875877495213
496,design_000496,70,17.5,0.029304391476711968
496,design_000496,80,20.0,0.013263281069577172
496,design_000496,90,22.5,0.011193620563805757
496,design_000496,100,25.0,0.010866596262402922
496,design_000496,110,27.5,0.01173835536123042
496,design_000496,120,30.0,0.007424051066911876
496,design_000496,130,32.5,0.009260328137342825
496,design_000496,140,35.0,0.01150714362586695
496,design_000496,150,37.5,0.012253328224796925
496,design_000496,160,40.0,0.014006897852610105
496,design_000496,170,42.5,0.013090639191985921
496,design_000496,180,45.0,0.014923689928354553
497,design_000497,0,0.0,0.0018087905693269933
497,design_000497,10,2.5,0.058777045040233095
497,design_000497,20,5.0,0.09434896748058574
497,design_000497,30,7.5,0.08466699180234025
497,design_000497,40,10.0,0.04831848930225129
497,design_000497,50,12.5,0.03262493174737579
497,design_000497,60,15.0,0.03182760847000849
497,design_000497,70,17.5,0.03645520152560157
497,design_000497,80,20.0,0.031218025953424634
497,design_000497,90,22.5,0.03009476884112043
497,design_000497,100,25.0,0.0254625065719689
497,design_000497,110,27.5,0.016882322634081782
497,design_000497,120,30.0,0.01022165714814176
497,design_000497,130,32.5,0.011356782564418546
497,design_000497,140,35.0,0.012211863252054159
497,design_000497,150,37.5,0.010338718604043916
497,design_000497,160,40.0,0.01174733772247544
497,design_000497,170,42.5,0.011242092315130084
497,design_000497,180,45.0,0.014084792003104977
498,design_000498,0,0.0,0.0021839927576319572
498,design_000498,10,2.5,0.028547743778732176
498,design_000498,20,5.0,0.053590668598880065
498,design_000498,30,7.5,0.05262797358150383
498,design_000498,40,10.0,0.04172295465208285
498,design_000498,50,12.5,0.031121831274073704
498,design_000498,60,15.0,0.020083429027208013
498,design_000498,70,17.5,0.008959253282815154
498,design_000498,80,20.0,0.005878984127799474
498,design_000498,90,22.5,0.00847845727514424
498,design_000498,100,25.0,0.0078094994336923955
498,design_000498,110,27.5,0.005963865362283324
498,design_000498,120,30.0,0.002129448660001588
498,design_000498,130,32.5,0.0016863616755158327
498,design_000498,140,35.0,0.0033614281166685486
498,design_000498,150,37.5,0.004437754536495922
498,design_000498,160,40.0,0.0063836412736975445
498,design_000498,170,42.5,0.007369583228228772
498,design_000498,180,45.0,0.00948036766441033
499,design_000499,0,0.0,0.001468219508001291
499,design_000499,10,2.5,0.03381682724910013
499,design_000499,20,5.0,0.03357773334591416
499,design_000499,30,7.5,0.04148742634014174
499,design_000499,40,10.0,0.03286081445599251
499,design_000499,50,12.5,0.02464167393025249
499,design_000499,60,15.0,0.023732381268921392
499,design_000499,70,17.5,0.01959698727655287
499,design_000499,80,20.0,0.015746774969282104
499,design_000499,90,22.5,0.014909038295885964
499,design_000499,100,25.0,0.010442522987227034
499,design_000499,110,27.5,0.006936688737474596
499,design_000499,120,30.0,0.00477204762574257
499,design_000499,130,32.5,0.0035379826136897104
499,design_000499,140,35.0,0.0034774953369408257
499,design_000499,150,37.5,0.004345531938480883
499,design_000499,160,40.0,0.0071484688118824274
499,design_000499,170,42.5,0.0066377302349973025
499,design_000499,180,45.0,0.009563647347157644
500,design_000500,0,0.0,0.0025281945367296517
500,design_000500,10,2.5,0.00483922019818999
500,design_000500,20,5.0,0.010327521664904634
500,design_000500,30,7.5,0.006297476088071935
500,design_000500,40,10.0,0.011816486458836758
500,design_000500,50,12.5,0.018262287163711467
500,design_000500,60,15.0,0.01765645376568517
500,design_000500,70,17.5,0.012285074237280307
500,design_000500,80,20.0,0.004651338296482935
500,design_000500,90,22.5,0.0020111922108987795
500,design_000500,100,25.0,0.0014781600051643772
500,design_000500,110,27.5,0.003896763444572938
500,design_000500,120,30.0,0.004310319943295518
500,design_000500,130,32.5,0.003526970836642619
500,design_000500,140,35.0,0.005700394474307947
500,design_000500,150,37.5,0.006546355475013758
500,design_000500,160,40.0,0.0067334440444843735
500,design_000500,170,42.5,0.006155460759746063
500,design_000500,180,45.0,0.00819302026065552
501,design_000501,0,0.0,0.00254609160850915
501,design_000501,10,2.5,0.060729519251476
501,design_000501,20,5.0,0.07712580369480382
501,design_000501,30,7.5,0.0462911755307248
501,design_000501,40,10.0,0.03679978513929824
501,design_000501,50,12.5,0.03468941483578597
501,design_000501,60,15.0,0.039186451841419764
501,design_000501,70,17.5,0.04577367109816663
501,design_000501,80,20.0,0.042536623248875687
501,design_000501,90,22.5,0.043343840254462446
501,design_000501,100,25.0,0.03452335334588853
501,design_000501,110,27.5,0.023467080011200726
501,design_000501,120,30.0,0.013078440204685652
501,design_000501,130,32.5,0.011323409301798839
501,design_000501,140,35.0,0.012924626140540844
501,design_000501,150,37.5,0.011146286078035528
501,design_000501,160,40.0,0.011350385181043239
501,design_000501,170,42.5,0.010327782058711595
501,design_000501,180,45.0,0.011759251465006339
502,design_000502,0,0.0,0.002356536828392719
502,design_000502,10,2.5,0.061742731812701235
502,design_000502,20,5.0,0.10270189395483897
502,design_000502,30,7.5,0.07708382773012762
502,design_000502,40,10.0,0.04515168242316834
502,design_000502,50,12.5,0.04229384614271014
502,design_000502,60,15.0,0.04248511542499635
502,design_000502,70,17.5,0.040021766687629995
502,design_000502,80,20.0,0.026340562316603217
502,design_000502,90,22.5,0.022678196979892755
502,design_000502,100,25.0,0.013697915783890229
502,design_000502,110,27.5,0.0073981387077893795
502,design_000502,120,30.0,0.002896310451451842
502,design_000502,130,32.5,0.004754819017768691
502,design_000502,140,35.0,0.007120992077760312
502,design_000502,150,37.5,0.007766413003114668
502,design_000502,160,40.0,0.010670764720625635
502,design_000502,170,42.5,0.01192567012712773
502,design_000502,180,45.0,0.015560374935796864
503,design_000503,0,0.0,0.002210377526644527
503,design_000503,10,2.5,0.020115693553103307
503,design_000503,20,5.0,0.057900087304446096
503,design_000503,30,7.5,0.10382819841160547
503,design_000503,40,10.0,0.13107688322816613
503,design_000503,50,12.5,0.11227695079285706
503,design_000503,60,15.0,0.0883834876787454
503,design_000503,70,17.5,0.06788044840072073
503,design_000503,80,20.0,0.04728189848599126
503,design_000503,90,22.5,0.035023967297883804
503,design_000503,100,25.0,0.02558672008737413
503,design_000503,110,27.5,0.019808134053759745
503,design_000503,120,30.0,0.011910386940883273
503,design_000503,130,32.5,0.0126130533022494
503,design_000503,140,35.0,0.014815257096883196
503,design_000503,150,37.5,0.016524494068994235
503,design_000503,160,40.0,0.01812392665451813
503,design_000503,170,42.5,0.0170989175525676
503,design_000503,180,45.0,0.01905072076460221
504,design_000504,0,0.0,0.0014293919916479295
504,design_000504,10,2.5,0.07364800351220102
504,design_000504,20,5.0,0.15253911874816883
504,design_000504,30,7.5,0.1793452949340415
504,design_000504,40,10.0,0.18414996446521648
504,design_000504,50,12.5,0.15212349261852876
504,design_000504,60,15.0,0.11055741324102099
504,design_000504,70,17.5,0.08116870689253497
504,design_000504,80,20.0,0.05518638239017056
504,design_000504,90,22.5,0.0435972820113036
504,design_000504,100,25.0,0.031106728286199332
504,design_000504,110,27.5,0.019133600103876304
504,design_000504,120,30.0,0.009748112970948974
504,design_000504,130,32.5,0.009826826932447222
504,design_000504,140,35.0,0.013263525103297862
504,design_000504,150,37.5,0.013544656124129474
504,design_000504,160,40.0,0.015233287427714515
504,design_000504,170,42.5,0.01461037205860014
504,design_000504,180,45.0,0.01837335804305462
505,design_000505,0,0.0,0.0019345533578833227
505,design_000505,10,2.5,0.010504444548501298
505,design_000505,20,5.0,0.09514401400469423
505,design_000505,30,7.5,0.1213044968733575
505,design_000505,40,10.0,0.05855887355668221
505,design_000505,50,12.5,0.029022874338024314
505,design_000505,60,15.0,0.011601197106985659
505,design_000505,70,17.5,0.007705025793183615
505,design_000505,80,20.0,0.010476319821808439
505,design_000505,90,22.5,0.013551144896341807
505,design_000505,100,25.0,0.01282141053063739
505,design_000505,110,27.5,0.010884457846461222
505,design_000505,120,30.0,0.007204074859354315
505,design_000505,130,32.5,0.00824056584662138
505,design_000505,140,35.0,0.008997914292948831
505,design_000505,150,37.5,0.009940009555103477
505,design_000505,160,40.0,0.009744809129801971
505,design_000505,170,42.5,0.008987842759270262
505,design_000505,180,45.0,0.010143698507924752
506,design_000506,0,0.0,0.002408113973869601
506,design_000506,10,2.5,0.03738702124547349
506,design_000506,20,5.0,0.05665847525315014
506,design_000506,30,7.5,0.09609355250124668
506,design_000506,40,10.0,0.13465671447193395
506,design_000506,50,12.5,0.12135674032406765
506,design_000506,60,15.0,0.09275733222212354
506,design_000506,70,17.5,0.07258057444863583
506,design_000506,80,20.0,0.041309685893662296
506,design_000506,90,22.5,0.024556814165263605
506,design_000506,100,25.0,0.017802761801100506
506,design_000506,110,27.5,0.014642461643487065
506,design_000506,120,30.0,0.008507263618303331
506,design_000506,130,32.5,0.009975326654326258
506,design_000506,140,35.0,0.013519073033069153
506,design_000506,150,37.5,0.013098368118058099
506,design_000506,160,40.0,0.01581898866911316
506,design_000506,170,42.5,0.012589291296585252
506,design_000506,180,45.0,0.013778029882563707
507,design_000507,0,0.0,0.002308081201220916
507,design_000507,10,2.5,0.039538646920745685
507,design_000507,20,5.0,0.04120054586175773
507,design_000507,30,7.5,0.02301904375879774
507,design_000507,40,10.0,0.045455287647820676
507,design_000507,50,12.5,0.04475395472244015
507,design_000507,60,15.0,0.030127804716566446
507,design_000507,70,17.5,0.02605097475956441
507,design_000507,80,20.0,0.021543595713790824
507,design_000507,90,22.5,0.015075597697519594
507,design_000507,100,25.0,0.013449490468854667
507,design_000507,110,27.5,0.012396617737691802
507,design_000507,120,30.0,0.006431312539723061
507,design_000507,130,32.5,0.008315180567567743
507,design_000507,140,35.0,0.011530097822519018
507,design_000507,150,37.5,0.011151881480099901
507,design_000507,160,40.0,0.010865230768695
507,design_000507,170,42.5,0.007418673271479322
507,design_000507,180,45.0,0.009625086781915048
508,design_000508,0,0.0,0.0021462076204444482
508,design_000508,10,2.5,0.05388886515721966
508,design_000508,20,5.0,0.03243030770689209
508,design_000508,30,7.5,0.04486898395142048
508,design_000508,40,10.0,0.06800360829676183
508,design_000508,50,12.5,0.0744339818662196
508,design_000508,60,15.0,0.07100875887526226
508,design_000508,70,17.5,0.050267921673079946
508,design_000508,80,20.0,0.03567979482162317
508,design_000508,90,22.5,0.03209067861968323
508,design_000508,100,25.0,0.02564437441613157
508,design_000508,110,27.5,0.017243705178084837
508,design_000508,120,30.0,0.008928996235260563
508,design_000508,130,32.5,0.007496954954802177
508,design_000508,140,35.0,0.007674933468447242
508,design_000508,150,37.5,0.006974921459510608
508,design_000508,160,40.0,0.011162618591248907
508,design_000508,170,42.5,0.009940601568614668
508,design_000508,180,45.0,0.012471852670474425
509,design_000509,0,0.0,0.00128472389793168
509,design_000509,10,2.5,0.07303452937603579
509,design_000509,20,5.0,0.14430588962737895
509,design_000509,30,7.5,0.17151654995765836
509,design_000509,40,10.0,0.17751199366411113
509,design_000509,50,12.5,0.1519485531995386
509,design_000509,60,15.0,0.1270050163509575
509,design_000509,70,17.5,0.10370730480912453
509,design_000509,80,20.0,0.07849776121334825
509,design_000509,90,22.5,0.06598279467400152
509,design_000509,100,25.0,0.04910985532265827
509,design_000509,110,27.5,0.03584108132012615
509,design_000509,120,30.0,0.020768075489595365
509,design_000509,130,32.5,0.02219468135682792
509,design_000509,140,35.0,0.025258612610622493
509,design_000509,150,37.5,0.02349346192465392
509,design_000509,160,40.0,0.02496527613804867
509,design_000509,170,42.5,0.023268255623551618
509,design_000509,180,45.0,0.02358978564740609
510,design_000510,0,0.0,0.0017936616645343657
510,design_000510,10,2.5,0.0015177521452327753
510,design_000510,20,5.0,0.016731265157665737
510,design_000510,30,7.5,0.04242551360874551
510,design_000510,40,10.0,0.06907368347612483
510,design_000510,50,12.5,0.08042353418722141
510,design_000510,60,15.0,0.06825031286967659
510,design_000510,70,17.5,0.04869734067988099
510,design_000510,80,20.0,0.024403409071599824
510,design_000510,90,22.5,0.009953363131459798
510,design_000510,100,25.0,0.005057517097372061
510,design_000510,110,27.5,0.0038853462472827997
510,design_000510,120,30.0,0.0023599549201862415
510,design_000510,130,32.5,0.0034853389217086705
510,design_000510,140,35.0,0.005915160318590143
510,design_000510,150,37.5,0.006431159671494558
510,design_000510,160,40.0,0.009751498242590024
510,design_000510,170,42.5,0.0074944463884841555
510,design_000510,180,45.0,0.009683043117760418
511,design_000511,0,0.0,0.0013758250298809209
511,design_000511,10,2.5,0.007171482422163192
511,design_000511,20,5.0,0.015721076346014953
511,design_000511,30,7.5,0.03487970177538148
511,design_000511,40,10.0,0.05850788769880342
511,design_000511,50,12.5,0.07225285083337943
511,design_000511,60,15.0,0.08943210465089657
511,design_000511,70,17.5,0.08475144746003296
511,design_000511,80,20.0,0.07581175570526505
511,design_000511,90,22.5,0.06496309201944399
511,design_000511,100,25.0,0.04594887371374633
511,design_000511,110,27.5,0.0329736810159685
511,design_000511,120,30.0,0.01718633809586716
511,design_000511,130,32.5,0.013100087797083108
511,design_000511,140,35.0,0.012431968563739827
511,design_000511,150,37.5,0.0097441015627062
511,design_000511,160,40.0,0.010439347943812573
511,design_000511,170,42.5,0.009563283919347881
511,design_000511,180,45.0,0.011489817123088174
