design_index,design_id,rank,risk,bootstrap_standard_error,bootstrap_ci_lower,bootstrap_ci_upper,bootstrap_rank_median,bootstrap_rank_ci_lower,bootstrap_rank_ci_upper,projection_valid,law_risk_valid,multiplier_dynamics_valid,tangent_action_valid,full_action_valid,maximum_projection_residual,mean_projection_kl,minimum_log10_intrinsic_ess,worst_covariance_condition
0,design_000000,41,0.008945531883058034,0.005086868868444619,0.00839836893241284,0.028167263734922926,43.5,4.0,426.0,True,True,False,False,False,9.892446840257221e-09,2.410874153152495,-133.77777769714277,56827894181770.21
1,design_000001,498,0.05045140175680868,0.021549937546470783,0.02407787018208433,0.10700688450787033,498.0,436.65000000000015,506.0,True,True,False,False,False,8.54213830321443e-09,0.6670056821439322,-7.571604554013202,200.3653021130749
2,design_000002,381,0.026402956218622348,0.014682675560862557,0.012820859398155113,0.06971079070690803,376.5,178.47500000000002,391.525,True,True,False,False,False,6.7003300445912585e-09,1.3521698785633403,-9490.168962389223,69949.78629421184
3,design_000003,357,0.024730042839684968,0.011517941692674973,0.016327653401989897,0.0611990856755026,348.0,249.95000000000002,432.0,True,True,False,False,False,9.691495895068857e-09,1.1190946701277946,-1405.7731010019766,134073542989220.17
4,design_000004,9,0.006921361351086128,0.007014143341346417,0.005957114145832021,0.03262113985455409,23.0,3.0,101.09999999999991,True,True,False,False,False,9.94318694774965e-09,2.046836378828415,-542.7918257085241,35924103428170.34
5,design_000005,375,0.02607380556628282,0.012950445199565072,0.015933141181576547,0.06470975025756721,367.0,269.1750000000001,425.0,True,True,False,False,False,9.534457987944906e-09,0.7926374597491656,-795.7347014904395,45045240100885.42
6,design_000006,460,0.039131761727201286,0.017575764485138014,0.02086496723606213,0.08872063253123766,459.0,383.8500000000001,493.0,True,True,False,False,False,9.519106273697885e-09,0.6876963719016159,-2571.0069368874993,28720004594097.48
7,design_000007,230,0.017215629140788637,0.009539825129769234,0.01213953678170912,0.048714448946802484,225.5,130.17500000000013,328.525,True,True,False,False,False,9.993257059386145e-09,2.2927155489022892,-219.81909841108234,13852632310347.047
8,design_000008,424,0.03190098558785117,0.014408396485419238,0.018442974411113384,0.07149209253078692,419.0,312.37500000000006,449.0,True,True,False,False,False,9.051921813582802e-09,1.034952711582425,-10494.285622355708,10120054782022.154
9,design_000009,459,0.0384472143238627,0.017059647220931815,0.021492370399507552,0.0864052327238619,456.0,374.8500000000001,483.0,True,True,False,False,False,4.150098266764442e-09,0.41356731714085154,-3665.1886056694393,4868464079987.532
10,design_000010,328,0.022657522963674525,0.012309240677706066,0.012703679262085692,0.059556281709433785,319.0,175.47500000000002,377.04999999999995,True,True,False,False,False,9.99687150770453e-09,1.3290189091181663,-12570.81006879585,33480589259050.45
11,design_000011,212,0.016407038095330007,0.010489395444956093,0.010099133870347193,0.049867400391212534,210.0,74.90000000000003,281.525,True,True,False,False,False,9.980665861260645e-09,1.3969590449338891,-11595.79590538049,53037786010175.3
12,design_000012,61,0.01008850409368537,0.010136462393973764,0.0050750428370720455,0.043257679250142185,65.0,2.0,166.52499999999998,True,True,False,False,False,9.814820943959119e-09,2.3559784791684533,-210.2453617180497,6996383170790.535
13,design_000013,57,0.009916123043057133,0.008212089610667377,0.007109049709675001,0.038181441063451456,67.0,18.0,138.52499999999998,True,True,False,False,False,9.293366882215659e-09,2.051115778819843,-727.6260807879435,2814438922451.3364
14,design_000014,13,0.007230341025799387,0.005372544189743069,0.00686639994110198,0.027545367897337407,20.5,1.0,355.3499999999997,True,True,False,False,False,8.939526309199481e-09,1.7572034993524597,-1950.8985761088963,8617239062113.737
15,design_000015,310,0.021764314473777028,0.011851389811095132,0.012662583992666381,0.05889048067290989,308.0,157.37500000000006,396.0,True,True,False,False,False,1.0107399279397306e-09,1.3423920487273002,-433.16219056053325,94565091.3722658
16,design_000016,425,0.032134554966932204,0.01512098606722953,0.017605382831616254,0.0756984638846081,422.0,324.95000000000005,444.0,True,True,False,False,False,8.784037851649449e-09,0.5764427597045994,-15942.18764739104,20978963.109588552
17,design_000017,214,0.016452791077572797,0.005423187513237651,0.015445076594699738,0.036022652278787565,216.5,53.95000000000002,497.525,True,True,False,False,False,8.95214497736955e-09,1.0978044512472656,-2397.0374626336647,26196619730129.18
18,design_000018,111,0.012213379856135822,0.0067569860179684735,0.010771082830830028,0.03745418365867389,119.0,60.0,302.04999999999995,True,True,False,False,False,8.105037340159295e-09,1.1371035713336881,-2478.0436014525517,29530130657188.652
19,design_000019,331,0.022910364574023016,0.011939692313564171,0.014589174152052391,0.060552866980170234,323.0,234.95000000000002,370.04999999999995,True,True,False,False,False,9.8733315881541e-09,1.164426358324147,-1840.3426630516624,29804905010150.824
20,design_000020,124,0.013020352080251185,0.009526432747638907,0.00851715852476797,0.04439949344808905,137.0,23.0,222.04999999999995,True,True,False,False,False,9.99161904011301e-09,1.7373407336438005,-13559.366886216942,28373884033748.2
21,design_000021,412,0.030122508895888436,0.015512003380390566,0.01481870775151954,0.07486606482175115,407.0,221.47500000000002,437.0,True,True,False,False,False,8.409950978342603e-09,1.5016913187907068,-37.76978573311312,19483.61422735352
22,design_000022,163,0.014310891935111873,0.00854395547471247,0.010469259318900945,0.04277258541286019,169.0,76.47500000000001,318.04999999999995,True,True,False,False,False,7.507146818586007e-09,1.89987498393542,-581.1379086664348,362051501.7761367
23,design_000023,160,0.01423587160390028,0.0070064543276253085,0.012252648158195862,0.03967171982285303,163.0,104.0,368.525,True,True,False,False,False,5.286549390580889e-09,1.434992727263465,-131.4433001763045,9685879.982406842
24,design_000024,104,0.012004300063135465,0.005961007643183559,0.010219520249323696,0.034131607728349944,111.0,27.0,439.525,True,True,False,False,False,7.201133057903372e-09,1.2089565599690177,-124.1656326140569,1220797.180063349
25,design_000025,99,0.011863001594854778,0.008378360749036215,0.00832773852345544,0.04025698237135284,110.0,23.0,271.8249999999997,True,True,False,False,False,5.937101362713391e-09,1.726716884681883,-1603.2333323129387,40580522074921.984
26,design_000026,217,0.016473843888580867,0.012608874717234562,0.007543194229570114,0.0556987242636931,213.5,13.95000000000002,303.0,True,True,False,False,False,6.833128385126376e-09,2.16438195479061,-9924.646965067668,91659231473119.42
27,design_000027,348,0.023729051172414237,0.014577112154662068,0.010880581914242569,0.06635284554808712,342.0,98.85000000000007,376.0,True,True,False,False,False,9.140791496866046e-09,1.693384659150005,-107.35153610021975,19153773.191058096
28,design_000028,71,0.010613237360741318,0.006665904736872207,0.009660655952283596,0.03593628487098852,82.5,40.0,249.0,True,True,False,False,False,6.1707231082910246e-09,1.9891161322353117,-17428.055593881287,384490316.74975497
29,design_000029,98,0.0118203824394092,0.008935744641460032,0.007971005127475833,0.04276948188592751,112.5,32.47500000000001,163.0,True,True,False,False,False,6.1904491618844045e-09,1.5023118922062906,-447.57093588457343,675294956527968.6
30,design_000030,293,0.020867623703410783,0.009376975325064974,0.015843285138057946,0.05175155877773254,299.0,217.0,409.525,True,True,False,False,False,9.647085678523266e-09,0.6397324929435377,-338.5352583048843,85602868858344.42
31,design_000031,39,0.008834426306788297,0.00464743048687179,0.009156601885203225,0.0267850994688444,42.0,1.0,447.0999999999999,True,True,False,False,False,8.958846439442858e-09,2.2396899554250678,-215.07593609779184,2.7017454493299428e+16
32,design_000032,68,0.010551275762453695,0.007927066293172639,0.007725074795138918,0.03816438028717444,82.0,14.0,224.14999999999986,True,True,False,False,False,9.901478645684347e-09,1.5508582547280065,-469.43757867063124,63883899778568.24
33,design_000033,203,0.015842438620939654,0.011018258640898474,0.008797980815616146,0.050776718296220984,197.5,56.42500000000003,255.0,True,True,False,False,False,1.0452123721701124e-09,2.421369476171003,-331.42219408016575,6251550342720.781
34,design_000034,142,0.013788939518785117,0.009740503025326365,0.008362651410174456,0.04512596097583559,156.0,35.47500000000001,231.0,True,True,False,False,False,7.316226742832051e-09,1.6917603307934683,-2900.581174843989,5780075789615.215
35,design_000035,150,0.014009285964932039,0.0060216051163632595,0.012821079604999744,0.0367735812078185,158.0,79.0,435.6249999999999,True,True,False,False,False,8.668141933998534e-09,1.0872911248365646,-38.83249193378774,25426.14035076087
36,design_000036,139,0.013688287904592785,0.005541211911382424,0.012442675546846318,0.034191940275514206,149.0,53.0,460.525,True,True,False,False,False,8.182500198783226e-09,0.7314537352540675,-3947.6668122449128,37084100969491.53
37,design_000037,225,0.016901381769850822,0.01295518209481084,0.007219912550526914,0.0566864376373743,222.5,17.47500000000001,296.525,True,True,False,False,False,2.201876432132607e-09,2.1679043296071017,-285.9026470524791,312970145734.2789
38,design_000038,55,0.009870424041537013,0.005391663004409085,0.009149047614014829,0.029916607966712867,60.0,23.0,371.525,True,True,False,False,False,9.981272852148566e-09,2.2214244842471276,-397.1935985718216,8069526.468196149
39,design_000039,435,0.03507931796139573,0.01568312057849014,0.01876084827275067,0.07921660193598944,438.0,330.07500000000016,479.525,True,True,False,False,False,1.1100042087621348e-09,1.1723378838275376,-35.099984972726745,207972.25928869372
40,design_000040,255,0.018392119943178492,0.013338175080628189,0.007741934585247697,0.05855391428765312,254.0,25.0,310.0,True,True,False,False,False,4.7924967525944995e-09,1.6434538488668053,-545.8172487381762,2292307322.903631
41,design_000041,440,0.0355613239729123,0.016245092618935007,0.019759135855885228,0.08120836403789781,440.0,351.90000000000003,473.0,True,True,False,False,False,9.303542126132526e-09,0.8315743894986195,-5685.5252565924775,20405209288291.742
42,design_000042,116,0.012500877113304136,0.007320576027312814,0.010502485554822498,0.038774533165657155,123.0,73.47500000000001,302.14999999999986,True,True,False,False,False,5.084609297774702e-09,1.442714661184839,-110.0116450135542,781624.1832534521
43,design_000043,125,0.01302673930845435,0.01024927130537341,0.007332152041848614,0.04720587282001846,135.0,31.47500000000001,196.0,True,True,False,False,False,5.586873554790657e-09,2.303278526607116,-14419.734138654134,47982672.565266535
44,design_000044,486,0.044176829831331824,0.01829126101801079,0.023113433380919673,0.09244597854416274,484.0,430.475,492.0,True,True,False,False,False,9.850749134671898e-09,0.6251188085445135,-1015.8910360153752,3874551678456.5938
45,design_000045,140,0.013702387425527493,0.010007932738534607,0.008379371956249052,0.04687158580533362,148.0,51.47500000000001,206.0,True,True,False,False,False,3.4126885051371283e-09,2.4784307573025264,-278.4965539269474,2606337.4740376715
46,design_000046,170,0.01474802397987348,0.004779153399452603,0.01450340797604681,0.03386736740002193,171.0,37.47500000000001,487.04999999999995,True,True,False,False,False,9.560482946205658e-09,1.000495605143411,-3616.2664094358724,24760761958909.035
47,design_000047,359,0.02487655295811463,0.010496345914454745,0.017707356861319322,0.05786994358141546,356.0,272.475,428.0,True,True,False,False,False,9.414417166593872e-09,1.2894967512752302,-167.7632874439264,21496326030623.22
48,design_000048,472,0.04153300210547364,0.01892007373535937,0.020008815872050043,0.09312651853864787,472.0,379.37500000000006,490.0,True,True,False,False,False,6.230771487131016e-09,1.4355353562444746,-40.55689896891685,3733.84447530368
49,design_000049,307,0.021653317391955407,0.013745339490186052,0.009772695327314467,0.06231570586371943,305.5,75.90000000000003,355.525,True,True,False,False,False,7.384619331611417e-09,2.313705829843798,-212.92848244465264,243065.14371061433
50,design_000050,447,0.03611655893732844,0.015632377712389272,0.01991465046741549,0.07929022095600467,443.0,374.07500000000016,462.0,True,True,False,False,False,2.177695424200213e-09,1.2219940012154682,-227.8861907655528,2283290465656633.5
51,design_000051,188,0.015373854719571206,0.011350952367291386,0.007710370847230692,0.04895871045062189,191.5,17.0,277.0999999999999,True,True,False,False,False,7.099318257940902e-09,2.7372000385917077,-14716.321862306786,4534175755210.14
52,design_000052,336,0.02310151454480132,0.011426215942058454,0.014992106081330182,0.05841664599230112,324.0,243.0,377.525,True,True,False,False,False,7.916892698434314e-09,0.745350149527395,-3600.522232114496,50871052746266.97
53,design_000053,134,0.013470287637871042,0.006065264599955746,0.012306560159168029,0.036099945269088836,148.0,70.47500000000001,412.0,True,True,False,False,False,8.546104605284813e-09,1.1660254134786587,-12.596742822510905,2737.6826218495958
54,design_000054,151,0.014010334731260727,0.012254979354220073,0.005433466800423391,0.05115151045113924,151.5,2.0,254.52499999999998,True,True,False,False,False,7.647143938819714e-09,2.6154621338378616,-305.96217731390976,8214595286260.838
55,design_000055,29,0.00830849518840404,0.005504863817829004,0.007701442790798493,0.02917494453284716,39.0,3.4750000000000103,337.1999999999998,True,True,False,False,False,7.3689688568282805e-09,2.2796766055150877,-2018.4439485916323,17201376941457.504
56,design_000056,31,0.00841426908574727,0.005949453898896397,0.007410556518512446,0.03028654028715783,41.5,9.0,303.525,True,True,False,False,False,8.874184397017842e-09,2.3720268654204006,-429.33017626669636,196219377.82145056
57,design_000057,97,0.011691049904328083,0.00990926189069596,0.006366294602794614,0.04364580581705668,102.0,9.47500000000001,195.52499999999998,True,True,False,False,False,9.68969515496866e-09,2.2563303227415976,-90.96221077315047,21248111506617.113
58,design_000058,86,0.011207210437457055,0.007395873448136663,0.008499429728712942,0.036418913209369026,99.0,26.0,304.04999999999995,True,True,False,False,False,7.958916479103977e-09,1.9870825912821957,-2810.382696903072,41119300370169.53
59,design_000059,37,0.008807987105295597,0.006273182082243436,0.007718708465748525,0.03228378110770541,55.0,2.0,268.04999999999995,True,True,False,False,False,3.803926645515194e-09,2.487403727366329,-387.46084238595,11379292008210.998
60,design_000060,442,0.035623844322455564,0.01603689815888894,0.019062852194955168,0.07880099737868779,440.0,340.90000000000003,465.0,True,True,False,False,False,4.103468770164933e-09,0.48677380901018696,-2623.238300774733,24938664184230.84
61,design_000061,376,0.026081933364143963,0.01377181871097163,0.013985050235680446,0.0674636314269016,367.5,202.42500000000004,407.04999999999995,True,True,False,False,False,5.131384073368701e-09,1.1851207423122785,-2991.861664252223,18682513814724.902
62,design_000062,418,0.031005363696032923,0.014142782559829056,0.017767551335460638,0.07084216647010576,413.0,297.475,443.04999999999995,True,True,False,False,False,9.629106000510022e-09,0.8256324619839013,-6832.152121363428,48716043273492.305
63,design_000063,252,0.018216464400809117,0.013301922238666618,0.008084278796973949,0.0583397485963172,249.5,23.95000000000002,320.525,True,True,False,False,False,6.347821358027303e-09,2.410731676754136,-4929.538971969208,10660726095253.238
64,design_000064,324,0.022538339264904603,0.011490156424816735,0.013906662392643019,0.058392150454766804,320.5,198.80000000000007,397.0,True,True,False,False,False,4.7204942654009456e-09,0.8451924916017386,-1696.72165273759,19028697331777.76
65,design_000065,70,0.010601734608543389,0.005764040449114926,0.009306950105000168,0.03250647265390572,78.0,14.0,435.525,True,True,False,False,False,9.614286286993794e-09,1.2371928952012037,-1401.3268490557075,34729951713136.418
66,design_000066,264,0.01883043406502908,0.008144180065600623,0.015379482258820602,0.047257504982643375,261.0,178.0,393.525,True,True,False,False,False,4.501058992273579e-09,0.7121127868617543,-4654.627530255339,31427373511161.188
67,design_000067,363,0.024985984092272883,0.011383193044611972,0.016311181382588323,0.05890077145433033,353.0,249.37500000000006,427.0,True,True,False,False,False,4.939905417674347e-09,1.2259532760239182,-2316.5839162897305,32621764437923.246
68,design_000068,325,0.02253937378035541,0.011268914713488487,0.014773824438388058,0.05687269767197058,320.0,201.0,402.0,True,True,False,False,False,7.76802469510614e-09,2.0820412754246442,-2802.117927629176,7598006543651.759
69,design_000069,52,0.00967041242258126,0.008927504166036165,0.006200190356952278,0.03926155010720156,61.0,2.0,159.52499999999998,True,True,False,False,False,5.435166811952543e-09,2.636223555643155,-12875.683483646264,21734076961333.07
70,design_000070,429,0.03308365493441904,0.015171396350102704,0.01820071092682666,0.07450514487279604,426.0,304.8500000000001,448.0,True,True,False,False,False,2.9724819493689516e-09,1.142227720511002,-520.0435959172532,15272990158368.082
71,design_000071,169,0.014614693613327722,0.006638060464276901,0.012664613080831295,0.03891389880247893,170.0,89.47500000000001,416.1999999999998,True,True,False,False,False,8.252780332811423e-09,0.8914992456565335,-6.793982766951972,540.1467445189244
72,design_000072,138,0.0136469751581273,0.008154082583479367,0.010756026299136068,0.0422530105639204,154.0,84.47500000000001,285.525,True,True,False,False,False,6.206693615815228e-09,2.016277377877549,-128.91835388355517,350875.7290118021
73,design_000073,198,0.01570482714599682,0.012550223404492024,0.006600758779352526,0.05441645751668151,194.5,6.47500000000001,292.525,True,True,False,False,False,7.837946312418897e-09,1.7766140450948238,-762.373073878109,24420469039.69936
74,design_000074,74,0.010646408172419882,0.005136991821584533,0.010249657375489612,0.03020487334352589,77.0,18.47500000000001,440.3499999999997,True,True,False,False,False,9.945982229494876e-09,0.9791875130640267,-1825.4011271614665,35176998947500.047
75,design_000075,172,0.014776264757890978,0.005667833363272424,0.014231718087198286,0.036042687586986644,170.0,73.47500000000001,459.04999999999995,True,True,False,False,False,8.972995904814994e-09,1.2134076419287056,-1420.8335865509214,21418135427522.13
76,design_000076,229,0.01708185449297515,0.013236404472990052,0.006944284406631138,0.057072514658312555,227.0,13.47500000000001,301.0,True,True,False,False,False,6.708262545467721e-09,1.5578067180145794,-12197.067239212094,77025353.15634786
77,design_000077,141,0.013763679891639046,0.007883899337009953,0.01043762034525954,0.04079327814109722,153.0,48.47500000000001,327.6249999999999,True,True,False,False,False,3.4002614995316516e-09,1.2421092706059529,-3415.7258000109373,25572235322048.297
78,design_000078,283,0.019986165603386688,0.01373009058261445,0.008682042033079797,0.061132126647906786,282.0,50.47500000000001,334.0,True,True,False,False,False,6.268704472055587e-09,1.5055843110074474,-7340.906561477727,80758757852247.75
79,design_000079,322,0.022280375585259523,0.01415211882532167,0.01069458536803308,0.06421313318006101,319.0,95.37500000000006,359.525,True,True,False,False,False,7.857430200269396e-09,2.0650772750884427,-9980.90451055844,930397871623.7916
80,design_000080,179,0.01509852172219854,0.006767536361940612,0.013450856755609577,0.03969505766891905,182.5,105.47500000000001,412.0999999999999,True,True,False,False,False,3.0327535512574574e-09,1.3277373571301982,-182.60698146832644,1802478.3200329223
81,design_000081,206,0.01599103360418398,0.012657977676508152,0.006734757728328868,0.053607827707002474,204.0,9.0,286.0,True,True,False,False,False,6.7021437038648365e-09,2.716295163569298,-7249.624008722964,664975358296.5724
82,design_000082,157,0.014164096624049575,0.008694692029921349,0.010693785366608876,0.042302804833553635,165.0,45.95000000000002,281.0,True,True,False,False,False,9.988704481694287e-09,1.760730771901437,-234.85968756917882,145182652815378.16
83,design_000083,75,0.010665440567962103,0.007206457690456588,0.008993195322113906,0.03763939269738542,85.0,42.95000000000002,233.0999999999999,True,True,False,False,False,6.099506268384869e-09,1.4084020516083626,-146.11194502807516,384782.7397157219
84,design_000084,119,0.012743064021783997,0.008643453797247628,0.009010149301458742,0.04156169635308168,133.0,25.0,243.52499999999998,True,True,False,False,False,5.124136708935329e-09,2.342958344390807,-3005.8003556372946,30345892227773.13
85,design_000085,17,0.0076058212033783094,0.005060407892559951,0.007127099385858807,0.026405081026194047,22.0,2.0,375.39999999999964,True,True,False,False,False,5.37608215374696e-09,2.7726485872953637,-11104.202826032772,50218891.67310391
86,design_000086,100,0.0118906876990683,0.007668326326806645,0.009566299271578404,0.03973098013797462,114.0,68.95000000000002,220.7249999999998,True,True,False,False,False,7.218253838685063e-09,1.523599241461657,-266.56026328394614,16865867839344.707
87,design_000087,108,0.012127351706117862,0.009389969144715482,0.0075125082538331734,0.043392410931305817,115.0,20.0,193.52499999999998,True,True,False,False,False,8.370758502424028e-09,2.369825336903728,-4710.425293144537,3727025033669.51
88,design_000088,33,0.008603608370621912,0.0064217205802322335,0.007329544905924748,0.03295850358003121,48.0,8.47500000000001,266.57499999999993,True,True,False,False,False,7.208014709590473e-09,1.5091270950026212,-520.8703295081001,13692307685.575197
89,design_000089,215,0.01646815435086753,0.008155907804284827,0.01331682528016057,0.045273123353855936,213.0,162.0,328.6249999999999,True,True,False,False,False,7.058396721160274e-09,0.8174778196117272,-16510.935812189844,61324275.09036187
90,design_000090,123,0.012935598673688362,0.009955495214401394,0.007809658819708783,0.046101632278892704,137.0,32.47500000000001,202.04999999999995,True,True,False,False,False,6.248416518272434e-09,1.9772181243091287,-72.65897231782026,26567.169561884664
91,design_000091,312,0.02180323645672961,0.012322125629839864,0.012388523845750942,0.05826257396385275,302.0,141.90000000000003,377.525,True,True,False,False,False,7.3773589086947336e-09,1.309069346899795,-1559.5606253630951,36082624443287.22
92,design_000092,240,0.0177128330147384,0.011919946602912812,0.00886793158899344,0.05435223147466146,241.5,50.42500000000003,307.525,True,True,False,False,False,5.516324844684086e-09,1.2741627777475688,-1070.8443183260079,327748235920.90845
93,design_000093,297,0.021198987401580018,0.012534699436936624,0.012209899156360143,0.0601484010299167,296.0,141.32500000000007,351.0999999999999,True,True,False,False,False,7.50773469521274e-09,1.6682917964718962,-844.3403631726932,6462906305.881121
94,design_000094,452,0.03722851895666052,0.01726606321944694,0.01877888849028213,0.08531009141403338,450.0,339.0,458.0,True,True,False,False,False,2.1766460109453613e-09,0.9472985486515119,-781.158898499525,522306601.8740761
95,design_000095,258,0.018396997240206416,0.01232804375190949,0.009284621385110242,0.05662254061027941,249.0,58.90000000000004,307.525,True,True,False,False,False,6.06292808973047e-09,2.169236895887179,-2588.6942345830644,31702202820863.34
96,design_000096,380,0.026395418145681943,0.014315153880521795,0.013137135667940435,0.06665999555705676,373.0,162.47500000000002,411.525,True,True,False,False,False,9.83687801198438e-09,1.0405178616131827,-1149.4477967344721,1.5072028870504362e+16
97,design_000097,287,0.020509880451533357,0.013244608206764824,0.01050458199145513,0.061334625545008854,286.0,79.0,352.525,True,True,False,False,False,8.026517071160304e-10,2.398306544276404,-310.42552709211816,14292386.230222257
98,design_000098,135,0.01354241085021439,0.005863240893968379,0.011245477941650334,0.03461010439116526,145.0,46.47500000000001,463.525,True,True,False,False,False,5.350468890451044e-09,1.0879974098852634,-13.125878981717726,538.368093675238
99,design_000099,162,0.01426305879955573,0.006678809699121662,0.012426872922818742,0.039239590857994715,165.5,85.47500000000001,405.0999999999999,True,True,False,False,False,9.823690842201926e-09,1.63898335969897,-691.942600659693,22619837593.410885
100,design_000100,349,0.023729375629712723,0.015023403429938856,0.01036292687442411,0.06787183493104525,341.0,74.85000000000007,390.0,True,True,False,False,False,4.028282497269726e-09,1.3915326132762238,-1487.8682866413408,18085997886966.305
101,design_000101,384,0.026780234852575146,0.009291330464662547,0.020926366455694765,0.05609242149268922,381.0,263.475,475.525,True,True,False,False,False,9.995584634928923e-09,0.6509186540868624,-2265.680337267094,57712320132165.555
102,design_000102,208,0.016079915098042435,0.005755988301851425,0.015072590440361586,0.03765834584513991,205.0,94.47500000000001,471.57499999999993,True,True,False,False,False,9.41881867355729e-09,0.7208883669459358,-5309.10604693728,20623986512501.6
103,design_000103,196,0.01562554379889669,0.007571832080869315,0.012880895644051512,0.04306601811660757,194.5,114.95000000000002,370.57499999999993,True,True,False,False,False,5.4093252773302204e-09,1.6532465091497919,-4769.692867208962,43207083677465.625
104,design_000104,347,0.023616222272806634,0.013943298452970546,0.012276550416713607,0.0648273934222213,337.5,134.42500000000004,374.0,True,True,False,False,False,5.328419854184837e-09,2.1669062212419177,-3816.705906036553,2476321972581.3823
105,design_000105,46,0.009117808281024136,0.004959893746587704,0.008555279872060886,0.028387359326608182,48.0,3.0,441.525,True,True,False,False,False,5.961762804996253e-09,1.2175363185229466,-2623.92686625547,48882243922634.69
106,design_000106,186,0.015281156421770359,0.010290783789547245,0.008996135491617237,0.04863319768615198,187.5,57.95000000000002,258.04999999999995,True,True,False,False,False,9.372923270138915e-09,2.047644188046851,-3496.560560981309,26602623502067.793
107,design_000107,271,0.018994800634169695,0.01182267573780754,0.010919551728696344,0.05592100194747507,261.0,116.47500000000001,298.525,True,True,False,False,False,8.363025384328635e-09,2.281372677300988,-4056.5187288063544,5282369726315.392
108,design_000108,161,0.014236845071455126,0.01131929211291657,0.007398969545875959,0.05028779411178549,160.5,25.0,235.0,True,True,False,False,False,7.519421750490813e-09,2.104442992868593,-525.2538216592088,667530419.1715404
109,design_000109,500,0.0507244334963671,0.018818649877030698,0.02891255889035487,0.10109246467696725,499.0,492.0,502.0,True,True,False,False,False,6.589762005155418e-09,0.24448171413304404,-2837.2101723761557,67200913169630.75
110,design_000110,234,0.017324305080406516,0.009245963607388177,0.012426660734434755,0.04751152552699148,232.5,95.90000000000003,354.525,True,True,False,False,False,9.599176894216071e-09,2.1143929986248295,-261.20149875972237,17452272509967.375
111,design_000111,165,0.01435675857210625,0.010765657252620846,0.007757986511136587,0.049272295270308714,167.5,11.375000000000052,264.0,True,True,False,False,False,7.733993937010352e-09,2.055332934691247,-894.082540597313,1303267787.4997292
112,design_000112,417,0.030963813074937983,0.01605690520067401,0.014760788270600667,0.07583698318639727,415.5,205.32500000000007,429.0,True,True,False,False,False,8.118982210095687e-09,0.8848250336075731,-2660.7530456266127,6867782850718.945
113,design_000113,77,0.010817548793538889,0.008043146344261757,0.00812839860420726,0.03933651944628881,92.0,19.0,171.0,True,True,False,False,False,6.511583404805623e-09,1.4595331454266287,-1667.4400061188594,26431403578492.582
114,design_000114,191,0.015482301993804255,0.012705284811648957,0.006655256907042558,0.05450675684265177,190.0,5.47500000000001,281.04999999999995,True,True,False,False,False,2.5173297519262356e-09,2.4730900729773553,-236.7740396817027,2030954909237.54
115,design_000115,226,0.016907103003225458,0.009006951740872947,0.01271034700684557,0.047727908159356985,221.0,177.0,292.57499999999993,True,True,False,False,False,6.327048558221362e-09,1.277165534628254,-674.9317104719775,3525167526.923819
116,design_000116,120,0.012751168421355197,0.00864427443649076,0.009631872466349183,0.04371060446019409,132.0,70.95000000000002,186.52499999999998,True,True,False,False,False,3.6996106633719516e-09,1.680998895768484,-69.79872907735086,30605544581932.793
117,design_000117,421,0.031305892668420675,0.01814686356603153,0.012246125631529393,0.08098897102213394,418.0,132.95000000000002,459.525,True,True,False,False,False,5.164342025970875e-09,1.6919205216131252,-1315.7988652086642,16670136154567.977
118,design_000118,438,0.03550505068848839,0.018541804234221144,0.014114376676718426,0.08537825551504427,439.5,207.95000000000002,468.0,True,True,False,False,False,6.607440387544676e-09,1.8832211963133945,-69.04251767203267,151862.3355944336
119,design_000119,282,0.01993718569535867,0.01200437064595089,0.011443485223243847,0.05673289480665486,279.0,119.42500000000003,321.0,True,True,False,False,False,4.75996128216087e-09,1.524971337340366,-4076.9515355006233,36758312626921.74
120,design_000120,301,0.021308448728409073,0.01122500630335573,0.013406115019904945,0.05477432411588568,296.0,173.37500000000006,376.04999999999995,True,True,False,False,False,8.370047914622788e-09,1.7799646185795908,-172.2550649964508,4684979937851227.0
121,design_000121,19,0.0076859975913556415,0.007418474704767602,0.006139345309360166,0.03440141836501662,36.0,6.0,113.09999999999991,True,True,False,False,False,8.487474894009198e-09,2.351533915818584,-6369.103320989125,60233518265118.62
122,design_000122,94,0.011647419726532571,0.007113624759780117,0.009223964477343052,0.03810314473094354,104.0,36.0,342.525,True,True,False,False,False,5.621359182061418e-09,1.5392671822550898,-1013.4012875762513,2766876896472.3833
123,design_000123,117,0.01256117158474841,0.0076630977879409545,0.010067594783373919,0.0390957669224101,131.0,38.47500000000001,277.6249999999999,True,True,False,False,False,9.755553014041596e-09,1.547554218946239,-2080.761044485423,16253076974908.605
124,design_000124,502,0.05208763459927389,0.016282108117868992,0.03516201277196142,0.09455189614002897,502.0,485.0,511.0,True,True,False,False,False,9.381157275624028e-09,0.49673635299741425,-1794.369297376164,22472188748971.23
125,design_000125,202,0.01583505015939057,0.010434317437927977,0.009313483359842372,0.04874653481116287,194.0,44.37500000000005,336.0,True,True,False,False,False,3.7227441635300067e-09,2.1540322956513918,-113.37165004730385,138613303.68379274
126,design_000126,81,0.011033682070344787,0.006691201178655023,0.008826297633120615,0.034312308974859755,92.0,22.47500000000001,357.0,True,True,False,False,False,2.519762565099147e-09,2.5048916338740095,-509.7743316439435,286499411.8732447
127,design_000127,222,0.01676334515362977,0.008243103737728075,0.013125849707388705,0.043857194767041155,217.0,120.0,398.0,True,True,False,False,False,9.928551837014143e-10,1.6482112210318214,-929.4301163776139,10472186249.768885
128,design_000128,233,0.017285097726270945,0.012135009128365114,0.008109802632846632,0.05451219466466157,230.5,31.47500000000001,288.525,True,True,False,False,False,6.349141598199661e-09,1.9856060762201053,-110.2683272997645,129437.50322867442
129,design_000129,249,0.018087713210243113,0.01073527642655072,0.011103645532188103,0.052211163543037876,243.0,129.42500000000004,299.57499999999993,True,True,False,False,False,9.396261662756275e-09,1.1503341285260742,-2097.676581177959,42720771982705.25
130,design_000130,332,0.0229117693379624,0.01269852997336141,0.012410076866179886,0.06169420339373274,327.0,151.95000000000002,398.525,True,True,False,False,False,4.437634920972253e-09,1.4092712392741078,-476.72786583866707,130773394.92944722
131,design_000131,155,0.014154366173737323,0.01104105784730746,0.007290744216320538,0.049436148911751576,159.5,29.0,230.0,True,True,False,False,False,1.517136988056114e-09,2.401784876357921,-456.22938379670614,4999114915388563.0
132,design_000132,79,0.010897255665353343,0.010701553801461984,0.004936418624868994,0.044812810078283846,80.0,1.0,196.04999999999995,True,True,False,False,False,4.502315930104251e-09,2.880494196429834,-2214.2378701535445,692591037030.8274
133,design_000133,274,0.01908861253784471,0.010389583804515308,0.01203967055577049,0.05238738573660191,258.0,121.85000000000007,361.0,True,True,False,False,False,8.446632044338849e-09,1.8976399580923418,-13490.172541588348,10639053231338.752
134,design_000134,289,0.020633014721467526,0.013935206877471363,0.009255921002475848,0.06155534530941108,290.0,45.95000000000002,348.0,True,True,False,False,False,7.877298750025386e-09,2.1906202901977516,-511.58596534653196,271270785.6366208
135,design_000135,227,0.017057034628721737,0.006612721321211927,0.014955504902743508,0.041380329555072384,224.5,98.47500000000001,463.0,True,True,False,False,False,9.937775833332014e-09,0.9840011884345896,-875.3146636403643,64316441345248.09
136,design_000136,397,0.028382935139416803,0.013907349857213161,0.015543466151241296,0.07030678516766671,392.0,269.475,417.525,True,True,False,False,False,6.8643086303641445e-09,1.1485062325077553,-14823.10816349125,30477070656738.723
137,design_000137,362,0.02496165554570167,0.014827774226102949,0.011302295006368687,0.06738278295758217,358.0,104.37500000000006,385.0,True,True,False,False,False,9.70126166480319e-09,1.8267437346743214,-2035.1327376436566,178814593516848.2
138,design_000138,11,0.007147611866613364,0.006906794303647123,0.005442267160826666,0.03296547123263051,30.0,1.0,162.0999999999999,True,True,False,False,False,7.250783144370039e-09,2.146798918420945,-541.8670774951445,1179575709.0797012
139,design_000139,65,0.01042530894398932,0.010026722203955639,0.00540488175849412,0.043775175764047006,70.5,4.0,163.0,True,True,False,False,False,8.966782803318568e-09,2.276079071268597,-14237.406423870145,23389180.949812315
140,design_000140,493,0.046213901432966734,0.015627550264483953,0.029612061548991105,0.08848175776031668,491.0,465.475,504.0,True,True,False,False,False,4.484486945926438e-09,0.5641396696605808,-12220.084798135764,5885701759352.113
141,design_000141,356,0.024304914633452038,0.009821728409292362,0.01844038106036299,0.05632351646120176,350.0,266.475,452.57499999999993,True,True,False,False,False,4.518756032606802e-09,0.4759248803906353,-5.638660769078587,12783.051857587552
142,design_000142,360,0.02490803357343029,0.01027791880213096,0.018030560988648504,0.058242254238551,358.0,279.475,429.0,True,True,False,False,False,4.830062219724601e-09,0.7651223358803163,-1585.1645389595064,22135771710967.207
143,design_000143,51,0.009563711899375748,0.007846234132773357,0.007256611941014866,0.038218925030778325,66.0,14.0,131.52499999999998,True,True,False,False,False,7.649476244932238e-09,2.2982986581258955,-419.06746166266686,12078099739070.756
144,design_000144,323,0.02232618741711323,0.014798990838212782,0.009337218073041593,0.06638306887728897,319.5,52.90000000000004,372.525,True,True,False,False,False,7.3976991502297556e-09,1.6298774742848778,-99.40545404437114,57992.52910019116
145,design_000145,270,0.018933691804445197,0.007875936796832655,0.015731956524285027,0.046581197880465296,263.0,167.47500000000002,431.0999999999999,True,True,False,False,False,9.470445680847691e-09,0.6339538941689401,-1057.259986454306,210034046028047.7
146,design_000146,344,0.023424719481948443,0.013195948037197293,0.012217317227397788,0.06288302835374858,335.0,154.2250000000001,374.525,True,True,False,False,False,3.957934430304558e-10,0.8572658769384506,-11.716251514995697,641.3317253172171
147,design_000147,300,0.02123285736485494,0.008975784465893607,0.016327645677912457,0.05060759107160846,297.0,205.0,424.04999999999995,True,True,False,False,False,8.590543726534168e-09,1.2151901830185625,-708.2847326100269,19738681812755.16
148,design_000148,308,0.021674807932487678,0.00907038275951921,0.016858662078220527,0.05210446919706475,311.5,197.95000000000002,457.0,True,True,False,False,False,5.770665945081072e-09,0.7577320956644819,-410.51439892129633,205218428.28324223
149,design_000149,174,0.014898897799616886,0.01128034461146779,0.007188502776616525,0.04902594504557311,175.0,11.47500000000001,269.6249999999999,True,True,False,False,False,7.314225440432501e-09,2.5190876091853043,-12863.062823117958,1.784986302944326e+16
150,design_000150,7,0.006579090520027943,0.006937293084596279,0.005233904100588161,0.03161668068869094,21.0,1.0,110.62499999999989,True,True,False,False,False,2.125374526051569e-09,2.5010429222132395,-146.12191691105406,5200201560431.662
151,design_000151,286,0.020239081101054317,0.012788076623634634,0.011110280260891838,0.059363258674857526,284.0,114.0,327.525,True,True,False,False,False,7.784707770621828e-09,1.248946529746556,-1238.9004614260532,3113453133231.747
152,design_000152,237,0.017531644990702765,0.010547516203053931,0.011424024853363418,0.051342521449041764,232.0,114.37500000000006,298.0,True,True,False,False,False,9.566881974686211e-09,1.283789282611103,-50.544475015062865,52081.14024242502
153,design_000153,91,0.01156068754636184,0.005980870137399382,0.010126945608009391,0.034024457708581715,97.0,36.0,391.39999999999964,True,True,False,False,False,7.496623466561255e-09,1.9520192979648392,-778.7290140304553,1.1845558987164498e+299
154,design_000154,144,0.01385009217547357,0.00940882292916476,0.009034459883283164,0.04558607814410971,158.0,30.47500000000001,266.57499999999993,True,True,False,False,False,7.683156041566352e-09,1.8385612255014392,-105.4984886664457,152209.70330006175
155,design_000155,259,0.018402489083394747,0.012553729987198923,0.008127538883766145,0.05596257977501937,247.5,16.95000000000002,348.525,True,True,False,False,False,6.96290085020556e-09,2.801419455822042,-152.68863552039647,3558144144685.338
156,design_000156,495,0.04750293722820724,0.02184238434613787,0.020551205052545492,0.10535664190223053,494.0,386.95000000000005,505.0,True,True,False,False,False,5.796612392922876e-09,0.9103780982814288,-1495.5602677616284,42039455617057.76
157,design_000157,183,0.015207854648667179,0.008136323175052165,0.011972194077004134,0.04359254025830274,182.0,116.0,336.525,True,True,False,False,False,2.113490004733255e-09,1.0709283329612866,-275.3973174030178,119118522.57349369
158,design_000158,256,0.018393314385706138,0.007093377093589398,0.016904204157499863,0.044118903798866516,250.0,160.47500000000002,418.525,True,True,False,False,False,3.12545160661769e-09,1.15104339144893,-1481.928550565356,17673620418622.0
159,design_000159,253,0.018224870073830862,0.010853254321307428,0.011324458070239001,0.053507842607228094,247.0,156.47500000000002,276.0,True,True,False,False,False,9.588437529411386e-09,1.2080346087036578,-4463.5242378136645,5695959933302.735
160,design_000160,189,0.015443643355812851,0.005737891433682962,0.014379175586574502,0.03662052125688399,186.5,74.47500000000001,470.0999999999999,True,True,False,False,False,9.826200500241185e-09,1.2220538212378589,-195.8671251659816,19022917224197.99
161,design_000161,45,0.009100038777929583,0.005881805791603577,0.00769288303522773,0.031443778616186864,52.0,8.0,343.04999999999995,True,True,False,False,False,4.747173315885741e-09,2.707452064539984,-14292.076963104677,99522921.73801996
162,design_000162,44,0.009009699746489836,0.007914795810246449,0.0064868112504933,0.03725045459007936,59.0,4.0,152.04999999999995,True,True,False,False,False,3.877868490844028e-09,1.7640404406899086,-8929.194283068919,1726648.519809142
163,design_000163,236,0.017473981947816,0.010652186020247064,0.01164678149178511,0.053055905871041024,230.0,100.12500000000016,317.0999999999999,True,True,False,False,False,3.347795680418388e-09,1.62068796395224,-12675.725042784834,1720489.1473860694
164,design_000164,112,0.012253972297769686,0.005382560467040785,0.01124531877997632,0.0316875736339202,109.0,5.0,496.57499999999993,True,True,False,False,False,9.292920483250455e-09,2.3169066732725363,-14542.42043604984,130949216728348.34
165,design_000165,107,0.012065785891399148,0.005024659822004272,0.011305664005115575,0.03155061747835016,105.0,19.0,483.525,True,True,False,False,False,9.548724372773416e-09,1.0787439639436558,-316.77325496631863,5.774206030756567e+16
166,design_000166,285,0.020142171101969517,0.011736077122701341,0.011959395869866218,0.055610103545438765,279.0,133.42500000000004,332.0,True,True,False,False,False,9.97129390244163e-09,2.3613390929058817,-648.8456430811336,4194419155501.0864
167,design_000167,66,0.01047811235337072,0.009529784911964705,0.005942774601893728,0.04217618055466334,74.0,6.0,161.0,True,True,False,False,False,8.73271597150196e-09,2.5113587513768074,-93.63990512897409,9808074862539.588
168,design_000168,53,0.009720737333476797,0.009115404753454077,0.005763271751659886,0.04054837858731987,60.5,6.0,145.0,True,True,False,False,False,4.734132257146588e-09,2.683172230996374,-465.81369030168935,6861579943651.119
169,design_000169,115,0.012435677000545082,0.009870359877324084,0.007039533522185892,0.04356370735570707,120.0,7.0,219.0,True,True,False,False,False,9.973515361946888e-09,2.696769092172033,-144.9708463868394,5217849317145.334
170,design_000170,247,0.018004149485048453,0.009681777794009127,0.012853356029622088,0.04988445914359076,244.0,136.42500000000004,351.04999999999995,True,True,False,False,False,3.0844765534872357e-09,1.0212680871539923,-20.4462195325148,4136.630126453529
171,design_000171,145,0.013856310846534783,0.00558682531680856,0.012800640384384257,0.03498046940588401,153.0,53.0,459.14999999999986,True,True,False,False,False,8.104068979413799e-09,0.8941872654638435,-3278.125635164033,48126900738828.086
172,design_000172,242,0.017757857749547266,0.008001419090840081,0.014527320198945828,0.04580871407104988,236.0,164.47500000000002,371.04999999999995,True,True,False,False,False,8.469750152385172e-09,0.6677956389441819,-6177.804633899239,20589025518869.13
173,design_000173,298,0.021215989430067483,0.012042570037136642,0.012129106262431842,0.05830143492395958,296.0,133.95000000000002,355.525,True,True,False,False,False,8.785494959712517e-09,1.0616614822861201,-2008.210547267408,5283558153592.908
174,design_000174,220,0.016690173170915965,0.007709052141668041,0.0141826794608473,0.04378189414136419,215.5,119.42500000000003,366.0999999999999,True,True,False,False,False,2.9938356487061062e-09,1.3987886835794072,-424.09882235861477,722228463263024.1
175,design_000175,454,0.03769617428108336,0.015745295425463945,0.02121577549144325,0.0801670068140323,453.0,387.80000000000007,472.0,True,True,False,False,False,9.822124884777429e-09,0.9108424190079175,-952.6945157448641,48278875680644.44
176,design_000176,49,0.009362283078144728,0.006206370953597197,0.008806911344552264,0.032912611474354335,60.0,16.0,240.0,True,True,False,False,False,7.4762389646808e-09,1.5260255288280062,-5406.8583745915475,24463689056067.535
177,design_000177,335,0.023079854842434043,0.011191949535064073,0.01444638624369876,0.05784315625126401,325.5,197.0,411.525,True,True,False,False,False,1.455731907728625e-09,0.7324819891517574,-2434.8491187470977,9079603780652.135
178,design_000178,260,0.018443006490750233,0.013541116212160698,0.007607790179648207,0.05980941459980722,254.5,24.47500000000001,316.0,True,True,False,False,False,6.247750212869039e-09,1.7808253357550585,-487.3512008567619,4252186219.564937
179,design_000179,311,0.02179504012156006,0.012791734196909186,0.011474045837993933,0.06079419939892872,311.0,128.85000000000005,350.0,True,True,False,False,False,9.976157898306763e-09,1.0258487095199953,-480.2694057640292,4957513896860.691
180,design_000180,288,0.020544144966262237,0.009803091321406273,0.014458826130006293,0.05305383375793255,290.0,231.47500000000002,372.525,True,True,False,False,False,8.313001726724032e-09,0.6693046991400761,-3.9474076633264517,536.5040858840665
181,design_000181,231,0.017266522513118644,0.009242202029532187,0.012279554340718342,0.04839435827435412,228.0,155.47500000000002,316.57499999999993,True,True,False,False,False,7.361621580460059e-10,0.6429238547525086,-3375.532082625956,50786352939497.29
182,design_000182,23,0.00795429008330852,0.005175486534876417,0.007869688105673886,0.028171820835325163,28.5,9.0,333.67499999999984,True,True,False,False,False,7.503702331922366e-09,2.756817142425672,-416.4544139193979,27081457992644.184
183,design_000183,474,0.04179212309085931,0.014752556238632891,0.026393683694119707,0.08310393220588341,473.0,432.475,498.0,True,True,False,False,False,9.765193202633838e-09,0.704495452012445,-1365.5983218651197,31162714863687.984
184,design_000184,166,0.014396444136140584,0.01158335193005885,0.006692566743897192,0.0504443817004839,159.5,8.0,252.52499999999998,True,True,False,False,False,1.3210026175990683e-09,2.5292557835695257,-339.48038528619225,41327144988862.72
185,design_000185,156,0.01415606572045871,0.009363578376705253,0.009601445434556965,0.04533252971591719,164.0,49.850000000000065,241.57499999999993,True,True,False,False,False,1.186744229186921e-09,1.3476722067014204,-17942.837367649772,414773814.7844976
186,design_000186,10,0.00706757441403986,0.005746329640131411,0.006776192696300418,0.02999689310537449,22.0,6.0,237.0,True,True,False,False,False,5.819682144760259e-09,1.6825340427779643,-15150.18124862791,444707870.42696863
187,design_000187,245,0.01786590615965444,0.010206094868999004,0.011871460027760607,0.05128318065303657,242.0,175.0,286.0,True,True,False,False,False,4.259151711977493e-09,0.726452014824735,-1602.2076137235078,32252371946889.035
188,design_000188,221,0.01675188384254865,0.010296399649280818,0.009903873632860365,0.050029756474450876,217.0,64.47500000000001,307.0,True,True,False,False,False,9.835823050905846e-09,1.3161868531672745,-655.1711562157626,7245497149247062.0
189,design_000189,441,0.03556699182517127,0.018790532372082128,0.015142419751723186,0.08703093190258264,440.0,211.95000000000002,479.0,True,True,False,False,False,6.55918512894209e-09,1.6269625056040646,-35.78686671111876,4801.394551018646
190,design_000190,109,0.012179569099574997,0.00938470203507481,0.0082443157820572,0.04388103893723137,112.0,39.47500000000001,169.52499999999998,True,True,False,False,False,9.351914817373949e-09,2.336622611825798,-161.27308483650162,432020.9563896123
191,design_000191,248,0.018005111649726246,0.005084950208704724,0.01726465279326989,0.0373465192938402,244.5,59.47500000000001,506.0,True,True,False,False,False,9.374933004776384e-09,0.6925367628250566,-2415.152893295145,22477236726180.273
192,design_000192,38,0.00882954418641934,0.006465757236748365,0.007776228043442611,0.03371582552707365,52.0,25.0,219.52499999999998,True,True,False,False,False,6.224157234058743e-09,2.346380071047315,-260.9091286676077,9684139.027013637
193,design_000193,18,0.007653160727749271,0.00862076308902962,0.004793882755401385,0.03838239025928085,32.0,1.0,105.0,True,True,False,False,False,8.726987184712902e-09,2.8669502909625675,-341.68097489509233,15795730787.904694
194,design_000194,457,0.038029937345538375,0.015250592539649239,0.023046731215550058,0.08248606748095019,454.0,428.475,490.0,True,True,False,False,False,2.5535836121645616e-09,0.4826892646010267,-4.697081917312063,6785.425253938802
195,design_000195,366,0.025118505941721995,0.010578298286263972,0.018064999708737855,0.05750225557018813,357.0,275.0,431.525,True,True,False,False,False,3.848589523026526e-09,2.1614956614005334,-373.24810928316595,1.3394536214293438e+16
196,design_000196,177,0.014936086085432497,0.009952254134530263,0.009644367012768055,0.04879318712922038,176.0,97.47500000000001,220.52499999999998,True,True,False,False,False,6.236458495684145e-09,1.9650354839353077,-805.9598684535083,4.217790527646159e+16
197,design_000197,216,0.01647098969867907,0.009862918829398203,0.010634674716656257,0.048824686688883435,210.0,105.37500000000006,282.525,True,True,False,False,False,9.99014229414083e-09,1.4598959413015853,-2560.6294451453964,28978114994218.047
198,design_000198,484,0.04377418941288808,0.015412072060662866,0.027761556327753078,0.08613788602998747,483.0,446.0,499.0,True,True,False,False,False,9.974663018031687e-09,0.75210068957846,-274.6284686937049,9696923133994.395
199,design_000199,219,0.0165461512799128,0.0057999800650271605,0.014426707335066765,0.037755818470952204,215.0,86.47500000000001,485.0999999999999,True,True,False,False,False,9.152227663333757e-09,0.7242114541702895,-1074.4779429047005,143016296829073.8
200,design_000200,60,0.010080487586968098,0.00873488811448143,0.0069979075465345965,0.040141467395010504,71.0,11.47500000000001,147.0,True,True,False,False,False,9.822798496448925e-09,2.3767838518807554,-6544.167135057099,91319687556.20671
201,design_000201,89,0.011461706378240035,0.007954416247656918,0.008694322820121704,0.03929430790732226,104.0,54.95000000000002,194.04999999999995,True,True,False,False,False,3.916017435672475e-09,1.351038565640928,-422.03854851702994,9816312.006386762
202,design_000202,26,0.008104219941087546,0.006342560469770406,0.006863017489081123,0.03149152014405564,40.0,7.47500000000001,241.6249999999999,True,True,False,False,False,5.038125037690795e-09,2.7441119791198276,-2348.455248062337,43001758743939.26
203,design_000203,72,0.010632887667526545,0.007032033236117436,0.008613627757440527,0.036663035444635304,86.5,18.47500000000001,283.525,True,True,False,False,False,2.7259639045112536e-09,2.368171673877732,-9927.637461631695,1520173.0852387846
204,design_000204,130,0.01316146950744189,0.008140457802525512,0.009983573401296937,0.041696280205011454,143.0,75.0,273.6249999999999,True,True,False,False,False,6.981061149920923e-09,1.3383262324339549,-11238.728830999662,14019656095197.576
205,design_000205,24,0.007978305817229837,0.007933660941831039,0.005672979801564097,0.03587771607969142,37.0,1.0,119.52499999999998,True,True,False,False,False,8.559446434565374e-09,2.6707134338555885,-347.3125769993675,8863958183546.799
206,design_000206,133,0.013455679056107762,0.010551661941305352,0.00739618807978597,0.04754963067355687,147.0,25.47500000000001,226.0,True,True,False,False,False,7.4327570021495394e-09,2.4407994849489576,-232.41337264811648,36095236560194.94
207,design_000207,272,0.019015411785873598,0.010516457365748633,0.011989952241404598,0.052287630285919214,258.0,151.0,343.525,True,True,False,False,False,9.458960811391254e-09,1.0079559306288217,-3760.5762626749024,106006473170657.34
208,design_000208,448,0.03656953218544534,0.014498789123548716,0.02221129917483477,0.0764958473878177,445.0,406.0,478.0,True,True,False,False,False,7.389292805204203e-09,0.7034027306968094,-3243.019813266236,46645902247102.28
209,design_000209,316,0.02205651720720189,0.01112330256518965,0.014577836263961362,0.05688434519440441,314.0,231.47500000000002,370.525,True,True,False,False,False,4.717981384158912e-09,0.702958433499429,-1390.5074203042034,45800114741569.516
210,design_000210,122,0.012924725297197046,0.007830122232668409,0.009529682589214947,0.03983729350447685,135.0,53.0,323.14999999999986,True,True,False,False,False,4.25506004028194e-09,1.473108950670211,-586.9291495651221,6291881955371928.0
211,design_000211,197,0.015670075779157012,0.006699475969645444,0.013951429493189218,0.03946554559929214,192.0,108.0,397.57499999999993,True,True,False,False,False,7.02220187202197e-09,0.7560618010457107,-2226.8548854325886,9437007620096.49
212,design_000212,153,0.014075837950567887,0.006021198904746807,0.012374505918197014,0.03594830529467354,156.0,54.95000000000002,436.14999999999986,True,True,False,False,False,5.128283983587139e-09,1.631926060892098,-25.705051787156357,2836.6957469414897
213,design_000213,187,0.015368033988198223,0.011243117482111221,0.007671939595005297,0.05067371192965547,184.0,23.0,264.0,True,True,False,False,False,7.935692104592279e-09,2.244220466041677,-13522.446105989324,54560686.0947459
214,design_000214,235,0.017433408860232563,0.010549663744604936,0.011149235951375349,0.05187433613910751,232.0,133.47500000000002,301.525,True,True,False,False,False,9.986507529221309e-09,1.4752321104056825,-1105.8442939197307,9145917546872.441
215,design_000215,404,0.02923463438196112,0.016591084104539768,0.012110327701557452,0.07605600232209095,401.0,134.95000000000002,428.04999999999995,True,True,False,False,False,8.687459299456851e-09,1.5674809259989646,-46.912596953810024,72665.14821871881
216,design_000216,1,0.005524708831231038,0.005066745357925032,0.0058500365583077085,0.024926217789128426,6.0,1.0,260.04999999999995,True,True,False,False,False,9.829931339277724e-09,2.174441693098689,-2462.7344784002316,28259616077925.16
217,design_000217,114,0.01241160960510732,0.005757125683825182,0.011016551781985424,0.03344178884007477,119.0,42.0,428.525,True,True,False,False,False,3.90324823943157e-09,1.0005731238473268,-3589.373046811932,32304011819700.758
218,design_000218,25,0.008002746249560483,0.006547116468478034,0.006395739310275111,0.03305869151530818,39.0,2.0,234.87499999999966,True,True,False,False,False,1.996419465516265e-09,2.555746364650035,-439.87499488067147,21284217633.802887
219,design_000219,279,0.019687889231111227,0.011994737161759065,0.01093865374585592,0.05783273868831895,275.0,133.42500000000004,307.0,True,True,False,False,False,9.734643097009336e-09,1.3586818142770052,-16423.696251669673,13065320.801560141
220,design_000220,510,0.061092517995280884,0.021578839801479663,0.03368394869206883,0.11609353209608324,510.0,506.0,511.0,True,True,False,False,False,8.961676589715861e-09,0.228718522206606,-407.0244336064972,62876236933533.09
221,design_000221,63,0.010150487020626228,0.005653625886456226,0.00923053870361445,0.03140700582940652,68.0,14.0,412.14999999999986,True,True,False,False,False,6.167619290006526e-09,1.606747155412488,-1952.135434944273,28064453921382.754
222,design_000222,105,0.012009210572389782,0.006719995380710165,0.01089110851772415,0.03738432585505076,112.0,63.47500000000001,306.0,True,True,False,False,False,9.014856948757393e-09,1.9063702695325495,-10912.19642043875,1823151.727995755
223,design_000223,50,0.009491185985609522,0.005849481636155863,0.008938969570700176,0.03178018270260154,61.0,17.0,307.525,True,True,False,False,False,7.981160107427351e-09,1.883544865754653,-2104.5521073159066,13955084231206.656
224,design_000224,30,0.008329299845628337,0.007193957395596538,0.006452147295910771,0.03377582943511786,44.0,4.0,197.32499999999925,True,True,False,False,False,4.508194508988605e-09,1.7081092885438882,-10921.939936016466,3584008.3928220263
225,design_000225,90,0.011501744699822554,0.0069872395759931856,0.009046530800217124,0.03673387909547762,97.0,27.0,336.525,True,True,False,False,False,8.978245880095268e-09,1.9196458029656829,-15969.175494425373,1619957051.2799127
226,design_000226,96,0.011678226620341639,0.006706564736052683,0.010359195977620474,0.03688087474142214,101.0,68.0,304.525,True,True,False,False,False,5.113398516174201e-09,1.4331002326650886,-747.0305776250752,264193581568.53217
227,design_000227,182,0.015166060288726255,0.010792644048836644,0.008387196990286828,0.04934657034218901,182.0,37.0,282.57499999999993,True,True,False,False,False,8.111658755852852e-09,1.8658531570573131,-597.4900828032443,4817647828.642846
228,design_000228,309,0.021753214143257434,0.012658567075724318,0.011676643620990843,0.0599324507466021,307.0,114.90000000000003,360.525,True,True,False,False,False,8.136169912499212e-09,1.4852160105695915,-5599.210889692449,15053098845114.34
229,design_000229,318,0.02211103726619691,0.01472511132527943,0.009231513592190037,0.0656160368852001,317.5,57.850000000000065,366.0,True,True,False,False,False,5.161588926498745e-09,2.178493187562339,-14956.593572394699,1247603.5316042325
230,design_000230,121,0.012910153530272814,0.009641874146734416,0.008453111567048038,0.04567861359407653,132.5,58.95000000000002,183.0,True,True,False,False,False,5.038963413838568e-10,1.9672741648639696,-2217.435763754099,12284400955539.326
231,design_000231,76,0.010761656663924438,0.007971626581544712,0.008309630157216709,0.03787178252297636,89.0,15.0,176.52499999999998,True,True,False,False,False,9.10538534200359e-09,2.8543557355617817,-13415.420342723295,144947249.23579308
232,design_000232,408,0.029763524116105878,0.015341303143336881,0.015706129714050835,0.07318506962467634,402.0,235.95000000000002,446.525,True,True,False,False,False,9.896057049562394e-09,1.135645143963594,-968.416505784453,101559536718803.88
233,design_000233,106,0.012046884726965896,0.008811524079146756,0.008450908420495975,0.042524688619173696,112.0,46.47500000000001,163.0,True,True,False,False,False,9.905186143727672e-09,1.7663077953149051,-1524.2611020898657,79654624569408.25
234,design_000234,110,0.0121832611778045,0.006497877321294761,0.011288778032356579,0.03693438743693133,113.5,74.0,315.04999999999995,True,True,False,False,False,9.065297832177092e-09,1.30305002812762,-1290.4171326164892,47742687196067.13
235,design_000235,4,0.006410481752633347,0.006190974039688589,0.005605633283414798,0.02880844976412944,16.0,1.0,236.6249999999999,True,True,False,False,False,9.84932958793653e-09,2.4954696595134056,-1792.4287164915704,40515345683195.516
236,design_000236,69,0.010598311518028737,0.008912415310641457,0.007061392059351344,0.04064857367079059,79.0,11.47500000000001,155.0,True,True,False,False,False,8.734433364374514e-09,1.9091624857664682,-1322.7880878274814,30963955871200.215
237,design_000237,207,0.016021413736621255,0.010004440793299568,0.010682872860436793,0.049886054266165394,200.0,132.95000000000002,237.0,True,True,False,False,False,2.5032766360548915e-09,1.6332914450943279,-4814.708837309382,9152750092921.357
238,design_000238,181,0.015156734091217611,0.01219263560466197,0.0068137613920137025,0.053790662770170736,179.0,11.95000000000002,277.525,True,True,False,False,False,3.5280019444826387e-09,2.0890670151316684,-869.7920977492083,163399291595.53174
239,design_000239,126,0.01303686662170268,0.01006122936265941,0.0077359812766683465,0.04598354726107229,131.0,35.0,199.0,True,True,False,False,False,8.98325526149385e-09,2.0431767489980666,-434.9621524436932,20836415663817.207
240,design_000240,2,0.00612840695509871,0.006423412765236407,0.005500592100458189,0.029286670309066728,17.0,1.0,139.52499999999998,True,True,False,False,False,6.001990304920196e-09,2.4365769505311463,-1961.483090338691,36034151035160.53
241,design_000241,20,0.007746404805936105,0.006962935589936177,0.006586438199262349,0.03314788636331039,36.0,8.0,130.29999999999973,True,True,False,False,False,3.1997264043905644e-09,1.8982189450992848,-18136.56620104602,4929756.086417902
242,design_000242,128,0.013101371354149337,0.011318881343931986,0.006043540753462885,0.048828302747845276,133.0,6.0,224.52499999999998,True,True,False,False,False,7.1133174473777035e-09,2.279829663971384,-1458.888140872063,9358633052413.338
243,design_000243,351,0.023937508255487988,0.0098146849370641,0.017934022657209284,0.05450264705440123,341.0,227.0,448.0999999999999,True,True,False,False,False,9.610081426957973e-09,1.4941901001790483,-3956.176145562855,15147719382028.992
244,design_000244,211,0.016400240290282583,0.009594535773494983,0.011748479199519725,0.04872966473089316,208.0,127.47500000000001,279.525,True,True,False,False,False,6.985650338598452e-09,1.4105003644613947,-10049.35422147969,16849765.680564817
245,design_000245,27,0.008162550944876956,0.0062830560656707765,0.006970447437494036,0.031605788462715466,40.0,10.0,249.34999999999968,True,True,False,False,False,7.312454853732623e-09,2.3795070887608563,-344.8049074302631,157554214.9118268
246,design_000246,201,0.015833027510687808,0.007767244094741308,0.011851667806385913,0.041104598881990716,203.5,64.0,443.6249999999999,True,True,False,False,False,8.224203415411899e-09,2.2506294320700038,-150.65570567838319,1260775.581307769
247,design_000247,152,0.014023714398169565,0.00981385580921435,0.008586313308479854,0.04586643066131043,160.0,34.47500000000001,241.0,True,True,False,False,False,9.77924766398837e-09,1.832751358794709,-3626.1450610122683,39129137213528.055
248,design_000248,209,0.016143922148718987,0.012246851541952574,0.007586419497240464,0.05437893555386303,205.0,26.425000000000033,275.0,True,True,False,False,False,7.576104319036087e-09,2.5048875669729624,-9913.849655184275,2978929.3117110617
249,design_000249,131,0.013175074166166128,0.006969972637299515,0.010987545625688367,0.03866943642429201,136.0,66.0,370.1999999999998,True,True,False,False,False,8.040509340173168e-09,1.2963957770896282,-1008.4915620013977,603185741547.5455
250,design_000250,257,0.018396129376810927,0.008859923984252917,0.014173920272287506,0.04899866466513937,251.0,201.95000000000002,337.525,True,True,False,False,False,9.515837071566563e-09,1.024444399775995,-4264.3441270171425,41400345247734.25
251,design_000251,56,0.009896821777566673,0.006018780498890108,0.009234843220182873,0.032947832463387554,67.0,21.0,311.14999999999986,True,True,False,False,False,7.570505459950514e-09,1.3609553047698075,-2511.12070225177,14479410412837.764
252,design_000252,32,0.008536628806330387,0.006787110244261207,0.007387890667680433,0.03397403394298546,47.0,9.47500000000001,172.52499999999998,True,True,False,False,False,3.531155504024991e-09,1.8537887871840795,-1009.419404554553,4276852040498.3486
253,design_000253,302,0.021387637671398355,0.014429859452607162,0.008640646796020888,0.06361096718068636,306.0,47.90000000000004,356.525,True,True,False,False,False,6.648928891661014e-10,1.375047988545143,-943.6629207496826,30007211357.514378
254,design_000254,195,0.015619168302249195,0.009918831735527484,0.010228483105810449,0.048030194155626954,195.0,91.42500000000003,248.0,True,True,False,False,False,9.046197513796256e-09,1.2365884909223899,-1333.5937132600468,66228882592368.875
255,design_000255,67,0.010508039674518974,0.009068074665911313,0.00680966128533719,0.04142613994471216,76.0,16.47500000000001,147.0,True,True,False,False,False,6.997240198914916e-09,2.4538066974836674,-9981.853382961046,1780901.4721419238
256,design_000256,334,0.023064699710178316,0.012328673457664675,0.01310798438974965,0.059700796511340394,325.5,167.0,383.525,True,True,False,False,False,8.43879486700364e-09,1.0980420364886312,-4584.436489069013,34505599760261.594
257,design_000257,246,0.017997620150201298,0.00924440204646943,0.013108999771948982,0.048639248718399405,240.0,175.47500000000002,335.525,True,True,False,False,False,3.1264754934330247e-09,0.8153096676532398,-5306.482085966562,20889401289963.336
258,design_000258,173,0.014841888915088863,0.009478754823707254,0.009930487424002099,0.04610869441946004,178.0,78.47500000000001,257.0,True,True,False,False,False,1.5473441765160792e-09,1.7805182277941036,-313.3338021012451,8237095.4013059065
259,design_000259,176,0.014933368843223532,0.00810882001146555,0.012111350848781,0.042525048541047106,181.0,92.42500000000003,302.04999999999995,True,True,False,False,False,3.910421091217322e-09,0.816887904269802,-4635.799464537137,5300254441613.175
260,design_000260,303,0.021629697729426176,0.00980541464700745,0.015777333893415738,0.05377808757619813,308.5,196.90000000000003,429.0,True,True,False,False,False,4.757593768100564e-09,1.7757081382641697,-1811.9475662986797,228060827347178.62
261,design_000261,368,0.02538499894974795,0.015939158172447617,0.010219655840603976,0.07065473275081818,365.0,75.0,401.0,True,True,False,False,False,8.784157807853258e-09,2.1401878938216825,-275.7479814284509,2469189.083312641
262,design_000262,340,0.023301449911720926,0.01521004429265797,0.009532623804794103,0.06800967195996056,336.5,58.95000000000002,380.0,True,True,False,False,False,2.96704345591412e-09,1.8856891773480167,-2609.538232565619,598033804.1289421
263,design_000263,147,0.013924527411123771,0.008583714476116526,0.01030720664521233,0.04319625307555421,156.0,88.47500000000001,258.04999999999995,True,True,False,False,False,4.96514083445394e-09,1.5564644466507505,-522.4903822416933,1221468637.913813
264,design_000264,129,0.013114470327879182,0.006607084136425868,0.011612882364471203,0.03754930775832151,136.0,87.0,354.525,True,True,False,False,False,8.371343009036671e-09,1.1078273879016973,-1607.7914950168952,10673887796984.084
265,design_000265,103,0.011936722225238307,0.007225457194846872,0.010236035081365521,0.038097820996353844,109.0,65.0,267.0999999999999,True,True,False,False,False,8.42215801421086e-09,1.4378193403933093,-569.3637298121878,155225733580263.44
266,design_000266,8,0.006881145367299749,0.005505529552463379,0.006919942265939217,0.02857860813408817,17.0,6.0,284.0,True,True,False,False,False,1.2690608815181378e-09,1.9825567170145435,-10959.701571346894,103460203.91298707
267,design_000267,5,0.006418171842131786,0.0052403944436679615,0.006913427960598061,0.02745340666066135,14.0,1.4750000000000103,259.0,True,True,False,False,False,9.092910460836752e-09,2.4114301692996594,-1754.6415102192216,12177945929156.957
268,design_000268,200,0.015815796123632014,0.009622189681603823,0.010611878746359125,0.048281001343710224,198.0,112.0,265.0999999999999,True,True,False,False,False,9.83226404486231e-09,1.2963824454940418,-2067.867605918278,12913068801858.809
269,design_000269,180,0.01511661386811652,0.0057057867957668205,0.014155832514109618,0.03568048072496919,184.0,60.95000000000002,472.525,True,True,False,False,False,9.420656079082143e-09,0.9973224968864408,-2033.554745934454,11773450816823.162
270,design_000270,59,0.01007177868886464,0.004859860763409371,0.009473657944983942,0.02871291906240424,66.5,9.0,431.7249999999998,True,True,False,False,False,8.41389836992503e-09,1.202555458615452,-3545.562067501333,12210586109536.316
271,design_000271,88,0.01136307685528088,0.009360604823141409,0.007181874890187043,0.04334509669734899,98.0,26.0,161.0,True,True,False,False,False,7.667469301858293e-09,1.6522214399933708,-1904.5171401379253,48343277847188.67
272,design_000272,64,0.010173747427019937,0.006636836449187787,0.00855807665797393,0.03459618269727503,72.0,24.0,298.04999999999995,True,True,False,False,False,9.970405973218653e-09,1.5009857533242617,-1203.658043025198,37817464791480.79
273,design_000273,232,0.017274836402629425,0.009356428045744433,0.01266576288496533,0.04812243905271243,226.0,147.47500000000002,306.0,True,True,False,False,False,7.230224328963438e-09,1.8147284701854682,-564.1994449974449,40401073196985.11
274,design_000274,184,0.015233735769808018,0.009935793326863807,0.00970418346248673,0.048342429834969114,188.5,75.47500000000001,248.52499999999998,True,True,False,False,False,3.840198461068761e-09,1.8029403090095597,-2112.20163131874,19654518702059.207
275,design_000275,78,0.010827601795020111,0.007477591609468166,0.008085063776998006,0.0378355654498899,91.5,13.95000000000002,276.525,True,True,False,False,False,7.90918786921171e-09,1.8198136475448565,-830.5282548310522,50814557549.85122
276,design_000276,48,0.009281591143979868,0.007329875129151378,0.0073808793474271035,0.03533100152360445,62.0,12.0,192.6249999999999,True,True,False,False,False,9.176309820922e-09,1.648246822745078,-560.3591342186822,30271716283054.336
277,design_000277,241,0.01771383746298619,0.011972161880286263,0.00924635807505566,0.056109350066107275,237.0,67.95000000000002,296.525,True,True,False,False,False,3.8986701649098286e-09,1.852585862395182,-393.59730222177785,345954848.48726624
278,design_000278,3,0.006407535271706618,0.0054392212674197705,0.006387496090060932,0.028291042274178745,13.0,2.0,255.04999999999995,True,True,False,False,False,7.277987769455872e-09,1.8165089124618707,-1099.1649065822933,7837251731210.007
279,design_000279,159,0.014191489804872016,0.0055465228094378986,0.013120981527828807,0.03536433880359992,159.5,52.47500000000001,476.0,True,True,False,False,False,7.555694986827998e-09,1.1405829561584857,-249.02917770462497,30980680730829.86
280,design_000280,95,0.011650914971329555,0.0066553407595472324,0.01035168022876987,0.03697627449371366,102.5,54.0,327.525,True,True,False,False,False,8.502973337027206e-09,1.0892101842569148,-14192.752932203291,8460530.81166295
281,design_000281,16,0.007481824369076862,0.005768175771594395,0.006876652474979545,0.030540838530945837,28.0,7.0,265.04999999999995,True,True,False,False,False,7.990686556458633e-09,1.8516773944209757,-13093.447725247435,17859424.35267343
282,design_000282,84,0.011145012552017447,0.007106904408049102,0.008777093251941783,0.03745464104135976,93.0,40.0,292.0,True,True,False,False,False,4.9163514222666536e-09,1.7582741592834692,-904.55983575859,358427564346.8383
283,design_000283,85,0.011181885007541357,0.006015380338022275,0.010509698288203938,0.034133809382603235,91.0,46.0,323.04999999999995,True,True,False,False,False,6.858526532450642e-09,0.861324515595886,-2848.2896611112546,19409625214262.17
284,design_000284,102,0.011929691990837817,0.010341170168218693,0.0064292309625347075,0.045891471705721346,106.0,12.47500000000001,197.0,True,True,False,False,False,6.484671829731238e-09,2.009754420939187,-15408.741498694633,3338035.5549150566
285,design_000285,192,0.015508693276105153,0.008446894237171198,0.012095027629586736,0.04480750813093109,189.5,121.47500000000001,297.0,True,True,False,False,False,6.367728849323873e-09,0.9300960204686252,-3853.529680832856,39457572210444.55
286,design_000286,62,0.010109130238176615,0.008712338965045037,0.006442929032968046,0.03943578425472748,71.0,7.0,165.04999999999995,True,True,False,False,False,8.379606884726588e-09,2.229183781151123,-389.86695797339416,4052954379.7732
287,design_000287,343,0.023354719986049672,0.012305740790649096,0.01400283573290952,0.060293870505358726,332.0,204.47500000000002,385.525,True,True,False,False,False,6.4211574423189404e-09,1.9990237381050158,-977.201522467262,50059878432138.805
288,design_000288,341,0.023307410353502832,0.01074278156606997,0.015849220405185348,0.056699849289100934,335.5,249.32500000000007,415.525,True,True,False,False,False,7.50601386857188e-09,0.9667308593243354,-663.7698895648133,76831919865619.56
289,design_000289,299,0.021219963489992007,0.010384612934016355,0.014651119463870778,0.05466215686798673,295.5,234.47500000000002,358.525,True,True,False,False,False,7.510538906597613e-09,1.2910164681154035,-4153.10854374471,28197887605991.47
290,design_000290,352,0.023956519674129508,0.012634392621938046,0.013714565878227856,0.06151707193995457,338.0,176.47500000000002,401.525,True,True,False,False,False,7.729418506204977e-09,0.9713869606760169,-3280.395668014376,24969542979598.332
291,design_000291,269,0.018921805336067448,0.013334945001637575,0.008596023795542444,0.06010485212196196,261.5,45.47500000000001,326.0,True,True,False,False,False,3.769967001876572e-09,2.273522932514824,-504.574019262365,155087313.899935
292,design_000292,54,0.009842506953483475,0.00942066417973115,0.005649206738881025,0.04145601517235708,62.0,7.0,145.0,True,True,False,False,False,9.538906474713698e-09,1.772621644414679,-1511.7915852320723,15021517318996.242
293,design_000293,306,0.021644153153857135,0.0116185823318959,0.013469772992231335,0.058269954189198746,305.0,209.70000000000013,359.0,True,True,False,False,False,6.741532928165267e-09,0.7967190452247138,-18269.46050212135,370908946.41376823
294,design_000294,164,0.014342376857347947,0.011819241499691477,0.0063161930116452,0.05102700097148786,163.5,9.0,248.0,True,True,False,False,False,4.5383441036466095e-09,2.085583862652221,-2243.677337668636,7295782537052.411
295,design_000295,243,0.01777767786563969,0.008400925826229694,0.013881768684759384,0.046646584160253364,234.5,132.42500000000004,417.04999999999995,True,True,False,False,False,8.25407301866865e-09,1.7597215326303939,-670.146374766667,939372318.9236648
296,design_000296,223,0.016782734204703748,0.01062147891891548,0.010410356948480848,0.050986945063276924,219.0,116.0,249.52499999999998,True,True,False,False,False,2.4297772230455796e-09,0.9998460041880414,-2759.8890659429067,14830453425618.426
297,design_000297,185,0.0152783348162617,0.0061641995213156985,0.014052501307086449,0.03784212616971447,188.0,91.95000000000002,433.04999999999995,True,True,False,False,False,9.493150995804316e-09,0.7343073627781203,-2822.52011487002,20423088616315.17
298,design_000298,143,0.013847683972601504,0.008451812822569061,0.010691050145918968,0.042603052779560245,158.0,48.0,270.0,True,True,False,False,False,4.632184152154028e-09,1.377867982980593,-3856.0010671055124,11937395584352.426
299,design_000299,439,0.03553831163209328,0.018416133306251036,0.014904823830029779,0.08596125528272995,440.0,241.47500000000002,476.0,True,True,False,False,False,7.0059605423777125e-09,0.9711247022694584,-15416.615353315914,3908806.9217099412
300,design_000300,402,0.02912923408422709,0.012473673826811327,0.018105715083363793,0.06703050359416048,396.0,325.425,448.04999999999995,True,True,False,False,False,7.539709311488341e-09,0.5137720896119,-3155.334642982678,10166790052035.742
301,design_000301,423,0.03149975487456732,0.016227775199581226,0.015671877242183763,0.07743427688645177,419.0,245.47500000000002,443.525,True,True,False,False,False,9.94897392899981e-09,1.6897444803035342,-1301.0556390373213,44592792000325.84
302,design_000302,254,0.018342085632292816,0.011573418125612953,0.010622805634836982,0.05507856430809306,251.0,107.0,284.525,True,True,False,False,False,2.3116767909950247e-09,1.9668354953111666,-399.1814953125049,419283235.7991824
303,design_000303,178,0.01505372058174944,0.008618684048435478,0.010522917327766898,0.043426241352777124,181.0,69.47500000000001,319.0,True,True,False,False,False,7.421721391942708e-09,1.1860195258780952,-3811.1689545402405,13143622148682.89
304,design_000304,136,0.013552388350913427,0.007260633146738315,0.011608775809902043,0.03935673351506645,148.0,72.0,303.04999999999995,True,True,False,False,False,7.855485161325065e-09,0.982707464645298,-5204.029683060913,19366569078377.176
305,design_000305,427,0.032737402805906556,0.01235678356815881,0.022328756145612923,0.06929246081296582,426.0,362.475,488.0,True,True,False,False,False,5.052238131141982e-09,0.5840688190217338,-663.2251318589019,19891482635123.598
306,design_000306,278,0.019451172835631334,0.012055933807055835,0.010016121075197486,0.055853565727810944,265.0,100.90000000000003,336.525,True,True,False,False,False,5.0914203677716734e-09,1.0082995332813913,-747.8587632936456,79630202311.20494
307,design_000307,21,0.007904024375449228,0.005909898214323597,0.0069856135627838975,0.030832374524143624,32.5,6.0,274.57499999999993,True,True,False,False,False,5.328201503267196e-09,1.8530828719263106,-11042.135877981766,1702559.6089980786
308,design_000308,101,0.011917402252454478,0.0060718621884614694,0.010529450589523275,0.03464422410892351,108.0,43.47500000000001,372.0,True,True,False,False,False,9.763858627995337e-09,1.2478836609065473,-542.9953822953479,76893189869243.22
309,design_000309,266,0.0188876886229665,0.010776111272023855,0.011748094552299247,0.05215931336420751,259.5,96.42500000000003,354.525,True,True,False,False,False,6.8514378220912605e-09,1.879574519255754,-3305.9606750204057,14235407139841.17
310,design_000310,154,0.014114512899811048,0.009017555954321754,0.00969746750637242,0.04477241436213602,164.0,88.0,228.52499999999998,True,True,False,False,False,5.980302225409199e-09,1.3432477967425738,-3107.0234604055427,20201824272917.594
311,design_000311,193,0.015582789677332244,0.011219767603805098,0.00802392290515904,0.050504081620747834,191.0,35.47500000000001,254.0,True,True,False,False,False,1.047685589668364e-10,2.579618466837809,-12927.281587510957,939925805.3772346
312,design_000312,22,0.00791499882182469,0.0059573821474242766,0.007419554807878152,0.030852054214966396,37.0,11.0,219.04999999999995,True,True,False,False,False,7.018279390117158e-09,1.911092323829474,-9022.875563646534,4841455.905969518
313,design_000313,263,0.018664464999009308,0.008257053894555399,0.014872251682367445,0.04668713603309023,264.0,140.47500000000002,438.0,True,True,False,False,False,8.37487887514889e-09,1.1978382683678286,-1505.314342017407,68983236561115.43
314,design_000314,268,0.018896013972516803,0.012665812437282079,0.008872078819256316,0.05761549382496626,264.5,59.0,306.0,True,True,False,False,False,7.428516500284581e-09,1.545950321630738,-887.0499804955829,30838589770377.223
315,design_000315,275,0.01913047955660106,0.007558203523209043,0.01644264467210649,0.04621110395177323,266.0,166.0,453.04999999999995,True,True,False,False,False,9.089313200963439e-09,0.691786553606053,-11351.154861621793,3415070.3493440235
316,design_000316,171,0.014752000888753067,0.008996160374224715,0.010725301515744693,0.04509526159998154,176.0,119.47500000000001,219.52499999999998,True,True,False,False,False,7.826046341961522e-09,1.3655656858570895,-1359.6548463927113,56982264234151.98
317,design_000317,392,0.027922915522232573,0.01146341952099918,0.019022630768435207,0.06120630059510288,388.0,296.95000000000005,453.525,True,True,False,False,False,9.21657253212898e-09,0.7274970098195045,-3700.462679828654,37023147761502.69
318,design_000318,43,0.008986528876260712,0.005014926049070813,0.008586221999032192,0.02799768050676109,48.5,1.0,455.04999999999995,True,True,False,False,False,4.38047963937236e-09,1.5055817994929956,-2691.34795723512,47164851585937.07
319,design_000319,194,0.015599246128629299,0.011784330390689216,0.007625597302128229,0.05283950614042045,191.5,35.47500000000001,253.52499999999998,True,True,False,False,False,3.839788092391422e-09,2.1731706010431893,-277.6619670639736,14857119.676741505
320,design_000320,175,0.01491080682041503,0.011978568522439052,0.0069369316016666726,0.0526571687033738,176.0,18.0,254.52499999999998,True,True,False,False,False,7.2123858900448095e-09,2.182281846912366,-688.6902982572338,26423598064.492874
321,design_000321,337,0.023163582701175443,0.008504578271441283,0.019241271256903728,0.05266072905209376,334.0,246.0,449.525,True,True,False,False,False,3.117877618162604e-09,0.7060716728734415,-4961.660884175555,28670798751488.79
322,design_000322,47,0.00923048518666901,0.00617087830719699,0.008839312962354698,0.033294786256855835,56.0,23.0,268.0,True,True,False,False,False,1.7717887021966903e-09,1.5674385697207762,-1551.1002316033832,15098441583114.652
323,design_000323,369,0.025427677202920086,0.01182149959553135,0.01601342346578786,0.06205420083270282,359.0,282.90000000000003,407.0,True,True,False,False,False,8.501656589826197e-09,0.629200916318828,-4952.967663048698,12109861847331.9
324,design_000324,6,0.006553319266080373,0.006732738918337574,0.005768404152373295,0.031069298004416115,20.0,3.0,109.14999999999986,True,True,False,False,False,7.622460220096488e-09,1.9953804110198738,-12833.116468192722,20022797869714.125
325,design_000325,14,0.007450488529962989,0.005572358394947762,0.007009047980812033,0.029000857327935274,30.0,1.0,254.0,True,True,False,False,False,9.906245699009392e-09,2.7466331419301575,-336.51863312195354,15093203050022.955
326,design_000326,36,0.008771475718719404,0.005261194090374791,0.009108107799025726,0.02961631920108232,44.0,13.0,334.0,True,True,False,False,False,7.748478125582292e-09,1.7440083075057253,-1961.352259309674,13755817718772.666
327,design_000327,213,0.01640859910275935,0.006870654481452617,0.014761941674308431,0.04155187056967557,211.0,134.47500000000002,407.57499999999993,True,True,False,False,False,5.854841912407281e-09,0.7300131855924509,-3693.029360677861,39434466130516.91
328,design_000328,228,0.01705964212980085,0.00643436709769619,0.015963225657404868,0.0410089106974194,223.0,122.47500000000001,425.0,True,True,False,False,False,6.382940490854019e-09,0.7461065419530811,-2935.677558888588,15877722947904.459
329,design_000329,40,0.008869822949856583,0.00694167885109028,0.00787496822895491,0.03481938017492676,53.0,24.0,166.04999999999995,True,True,False,False,False,8.302739783913069e-09,1.7507517261871912,-2232.4848129669886,29499696012360.973
330,design_000330,83,0.011126831078158308,0.005484540600230434,0.01038714137500414,0.032012697673446215,86.0,34.47500000000001,409.04999999999995,True,True,False,False,False,4.396216017145849e-09,1.4139604755634232,-4221.4969903301,49900783690996.72
331,design_000331,42,0.008953266435355779,0.005917776663904694,0.008148618761920365,0.031711602414877985,47.5,14.0,329.525,True,True,False,False,False,5.896622873952924e-09,1.5937792787290406,-1042.9624176444004,3245564517507.466
332,design_000332,35,0.008761912366883048,0.005148117298747421,0.008482495604064602,0.028692374878662646,45.0,3.0,420.2499999999998,True,True,False,False,False,4.0442024295069855e-09,1.6724755111630087,-3206.2922930674554,8867364919065.725
333,design_000333,137,0.013597762693273055,0.00941967427677369,0.008987569906264524,0.04520752619134433,146.5,38.47500000000001,240.52499999999998,True,True,False,False,False,7.898930736716679e-09,2.165276935345069,-504.52505377307284,114149306.17020887
334,design_000334,389,0.027344153398012373,0.012651001869136012,0.0167635393533515,0.0652418688060396,383.0,299.32500000000005,428.0,True,True,False,False,False,7.600273527921543e-09,1.2629946970398331,-509.9772155198043,81804331827.66013
335,design_000335,146,0.013905716163537495,0.007888316044959189,0.011265692625715553,0.04106476374318892,156.0,75.47500000000001,272.525,True,True,False,False,False,6.767423322021636e-09,1.276074486628871,-3123.274946354626,25809476163680.3
336,design_000336,148,0.013939426225021662,0.010851429080836882,0.007047129644647615,0.048013685715147296,153.0,17.0,235.52499999999998,True,True,False,False,False,9.701285878697387e-09,2.4354250105056114,-484.11994826234724,72267856937265.39
337,design_000337,93,0.011645943382754093,0.00886352454483136,0.00793782158729989,0.041677710253077614,111.0,25.0,195.6249999999999,True,True,False,False,False,3.2823059394766384e-09,2.352170713784963,-472.5786496086541,183439976.78019473
338,design_000338,132,0.01318248972006539,0.010124735352528617,0.007971701482742453,0.04771631025649808,136.0,37.95000000000002,204.0,True,True,False,False,False,6.8813874765156145e-09,2.0891078190739645,-1538.9859508395434,20858633184097.3
339,design_000339,291,0.020685903117591765,0.01362225392710146,0.009060035030668788,0.061341242813888586,291.0,29.850000000000062,359.04999999999995,True,True,False,False,False,6.500417371234185e-09,1.7038317675879482,-796.037767830671,41569777466.41047
340,design_000340,28,0.008277989850220008,0.0053634827091141885,0.007519878112965628,0.02791043605028765,39.0,2.0,398.2999999999997,True,True,False,False,False,6.243866722895832e-09,2.453968344679884,-216.3909600967731,24126989495208.79
341,design_000341,265,0.018850325730482453,0.00816354661105783,0.01537609244290036,0.04707769368961974,261.0,181.0,403.57499999999993,True,True,False,False,False,5.193200415494824e-09,0.5526351481893454,-3738.579203793672,19113611205532.93
342,design_000342,58,0.009951248311331875,0.005099410209147238,0.009590695333642,0.02928367420318736,63.5,16.0,421.0999999999999,True,True,False,False,False,6.4545712290493344e-09,1.3639928066503233,-2050.310429735642,32559911211788.94
343,design_000343,34,0.008723056550400213,0.004977169680122126,0.008592751330326769,0.02784386822935373,43.0,6.0,372.0,True,True,False,False,False,4.9686246881719335e-09,1.127689933614091,-3010.9725636085236,11123399834220.055
344,design_000344,446,0.03609619855185747,0.016940036527685557,0.017821272167521232,0.08148105210600334,443.0,308.7000000000001,460.0,True,True,False,False,False,3.4992918164787997e-09,0.866923314221876,-1217.9987518324058,171606221446.22943
345,design_000345,210,0.016182055261924108,0.012082273206116443,0.008090929749019116,0.05381577583314413,206.0,26.0,288.525,True,True,False,False,False,7.086353130741873e-09,2.4468156635822496,-504.1336003754391,13110889277.836626
346,design_000346,118,0.01269438794897667,0.00921397318247546,0.008607994516009592,0.04318506770713817,126.5,36.95000000000002,196.52499999999998,True,True,False,False,False,1.5092194314190143e-09,2.4711223969847,-583.430795271756,5.032864620201027e+16
347,design_000347,15,0.007467360219800725,0.005689152423062761,0.00671542736347522,0.02906749884006559,25.0,4.47500000000001,295.7999999999993,True,True,False,False,False,5.202098795578212e-09,2.0534785608094355,-9868.615657211021,636096.2563960955
348,design_000348,244,0.01778086446193349,0.010031104533787263,0.011865470758247827,0.05100078251221031,239.0,171.47500000000002,304.525,True,True,False,False,False,3.762211129035283e-09,0.8326965586672853,-1147.9035380065716,14978267599326.182
349,design_000349,345,0.02350728398880378,0.013850997928000203,0.011463683497787919,0.06566885519241873,339.0,140.95000000000002,364.0,True,True,False,False,False,7.643633061179788e-09,1.3505887154302993,-12152.624336878314,13940.520607961413
350,design_000350,463,0.039884839442093756,0.015791479130560303,0.02310272213884228,0.0833252174876794,462.5,430.0,480.525,True,True,False,False,False,9.965166003298421e-09,0.8480947268030252,-1156.836736260337,467171280.04363
351,design_000351,488,0.04458233960961618,0.016472234628360654,0.02652512275530841,0.08940229531049361,487.0,460.475,497.0,True,True,False,False,False,9.999234732296371e-09,0.4431054148205332,-2026.4063909727217,34991509337.08881
352,design_000352,409,0.029913791767857367,0.017653875272052907,0.011176334673601433,0.08006896338354763,407.0,120.7500000000001,450.525,True,True,False,False,False,9.890748991395034e-09,1.966720170883675,-86.88415963570469,20132.53259837825
353,design_000353,370,0.02550415928323034,0.010784385351411015,0.017970030603134606,0.06026877836612101,365.0,309.0,416.0,True,True,False,False,False,2.919528179813641e-10,0.5141216640121108,-34.85367201672521,94207.16590306969
354,design_000354,434,0.03488803615028962,0.018999288796767808,0.013698363766980123,0.08742803488433616,435.0,193.37500000000006,482.0,True,True,False,False,False,7.514529565628917e-09,1.7856007421229898,-246.3758468630535,66497.48101050704
355,design_000355,396,0.028164806043102703,0.01465708674723896,0.014189688542689786,0.07145579266981762,393.0,223.95000000000002,406.0,True,True,False,False,False,8.691098330833304e-09,1.1719096741926947,-16424.944015202927,11770174.04692323
356,design_000356,387,0.027308540795839453,0.015264276399676114,0.012688257145109693,0.07121123326655716,385.5,166.37500000000006,404.0,True,True,False,False,False,8.750600580841726e-09,1.9475063181036987,-12362.667993634588,188326224.99044257
357,design_000357,461,0.039166874302620384,0.015244211604227727,0.023198302106704326,0.08148982182310406,459.0,419.95000000000005,482.0,True,True,False,False,False,9.167241307753464e-09,0.7041806302215542,-5952.653551408781,158066238.1503873
358,design_000358,470,0.04095774764388876,0.016581520588871274,0.023032266128047693,0.08597284194637562,468.0,438.90000000000003,479.0,True,True,False,False,False,9.983917703400454e-09,0.8551212677552339,-442.13211089246664,3899305367.6658306
359,design_000359,468,0.040630077830601734,0.020480338223780033,0.01632927934777491,0.09556367626425392,465.0,262.32500000000005,495.0,True,True,False,False,False,6.50698265684592e-09,1.6789103637356209,-216.61206879217946,1413.9195274255464
360,design_000360,480,0.04255155504069694,0.016418832394204122,0.024690300666094192,0.08743189318702922,478.0,450.0,487.525,True,True,False,False,False,9.513735471138135e-09,0.5587518956293419,-1371.2493253440948,4783311956.567327
361,design_000361,378,0.026341489585876957,0.014887526973485428,0.0122546609672354,0.07003409317751734,374.5,155.85000000000005,393.0,True,True,False,False,False,1.357487557323619e-09,1.0987145874206306,-15.08958580913323,4093.9828455297315
362,design_000362,420,0.031207802647213165,0.017995892362830324,0.012238570100173318,0.08021858290836226,417.0,123.42500000000003,450.525,True,True,False,False,False,6.185224053850275e-09,1.8515092452710709,-109.87333590653141,1474.984277292307
363,design_000363,494,0.04726697856105328,0.02146321187761759,0.02171464082060492,0.10396456373671073,494.0,386.95000000000005,503.0,True,True,False,False,False,6.526190655269818e-10,1.0043985224704712,-12.934762232166557,83.65634200662856
364,design_000364,377,0.02617620772963153,0.016081034255317622,0.011160686275873022,0.07185156713006013,372.5,100.0,415.0,True,True,False,False,False,8.844311541442819e-09,2.3681613522841136,-1809.8591956487055,414793463.44070715
365,design_000365,295,0.02106183690133828,0.015081601416080517,0.007729503321889439,0.06496450074233483,300.0,18.0,360.0,True,True,False,False,False,8.18180949037767e-09,2.2081697948238626,-10219.755186137143,4806504545.621922
366,design_000366,478,0.04247533364116761,0.016543119447591348,0.024424656036314663,0.08753534712499261,478.0,451.475,486.0,True,True,False,False,False,9.964219792607708e-09,0.7723620474989746,-2405.905334804132,738561.4276703318
367,design_000367,491,0.045496742687533294,0.01763001276047541,0.02534494214358107,0.09286743507643264,490.0,471.0,495.0,True,True,False,False,False,6.0401756163908605e-09,0.27969933653015167,-2213.291344164725,16697.139239894823
368,design_000368,453,0.037307485547138704,0.015075524906664776,0.021860118937527838,0.07927414398857967,451.0,407.475,473.0,True,True,False,False,False,9.570376003420779e-09,0.9628134084766757,-341.0939923814185,149548153.47705665
369,design_000369,415,0.03023820122632143,0.013753015992927217,0.017178978304797764,0.06936044615530194,407.0,307.90000000000003,440.525,True,True,False,False,False,9.979008136013605e-09,1.8301056650140353,-2115.2444020445982,133434174.55492975
370,design_000370,367,0.025279757046072403,0.015522588845483527,0.010892500388577727,0.07020254605327829,361.0,95.95000000000002,420.0,True,True,False,False,False,4.480643753469282e-09,2.54242935034937,-7704.608440003145,203695.75634388597
371,design_000371,394,0.028061370857337987,0.014662477298014662,0.013799550315778614,0.07005070124357878,390.0,220.0,412.0,True,True,False,False,False,7.494989931705694e-09,1.6318787587288137,-648.1226688835053,1125490.4135140835
372,design_000372,464,0.040360360981793214,0.020018088961979392,0.017190746978904495,0.09398599416011935,465.0,266.2750000000001,490.0,True,True,False,False,False,7.4502649166336035e-09,0.8702176430747304,-350.7182572452777,1153469.0020530869
373,design_000373,422,0.03138652826189303,0.015041385414766222,0.01651232904823066,0.07407225560778177,417.0,305.425,432.0,True,True,False,False,False,8.418040154645254e-09,1.0108258096963172,-624.7397574395827,7100690979125.127
374,design_000374,482,0.04312743374674536,0.020990793901308088,0.01785733282856481,0.09927076152623128,481.0,318.80000000000007,497.0,True,True,False,False,False,5.0093292317955955e-09,0.9106431602556644,-162.17071820675486,151651.89572822786
375,design_000375,428,0.03282944106860176,0.015391277775457705,0.017386376251521795,0.0765884382015026,426.0,330.2750000000001,438.0,True,True,False,False,False,8.825994660455624e-09,0.6994473239368272,-1513.041037539654,53832.281640295114
376,design_000376,431,0.03390092909140147,0.018703785985075636,0.013166544261467855,0.08551870737237877,431.0,182.95000000000002,475.0,True,True,False,False,False,7.592133537185063e-09,1.6215305309069377,-288.83456892988085,649694.0873243662
377,design_000377,485,0.043887522297042826,0.01652835431599123,0.025576086953913432,0.08913736568726274,484.0,457.0,493.0,True,True,False,False,False,6.139062506162856e-09,0.28867427776058946,-955.0205033764953,11955556288.353273
378,design_000378,238,0.017581599592259477,0.010743918506578026,0.01120524763849381,0.052644708943471556,234.0,147.90000000000003,283.04999999999995,True,True,False,False,False,3.0558102398830733e-09,0.9853041268970828,-8411.697889089899,253357.68862856567
379,design_000379,333,0.02296096352213303,0.014834173847582607,0.009724464926326209,0.06631411889333645,331.0,74.37500000000006,371.0,True,True,False,False,False,9.586972559935636e-09,2.184330502312644,-9232.824835501598,523085.86490659916
380,design_000380,471,0.04149382087801332,0.016467998910573628,0.02368227959459414,0.08619309370680885,471.5,445.475,483.0,True,True,False,False,False,9.380880949625711e-09,0.6896333249695441,-2307.220754488052,3764569197438.845
381,design_000381,481,0.0429094179841669,0.01588397065816837,0.02605147368991877,0.08642683228782141,480.0,449.0,492.0,True,True,False,False,False,9.931317443883875e-09,0.6101097780135638,-3572.6562540212103,4908379541.961102
382,design_000382,505,0.055688945282889424,0.019155472917951877,0.03317049178483793,0.10620621286240674,506.0,501.0,508.0,True,True,False,False,False,9.700152205524994e-09,0.19194687587238052,-239.0076182585343,5702620375.28085
383,design_000383,395,0.02809329681692709,0.012883628525503657,0.016765877793645585,0.06704880030030587,389.0,309.95000000000005,424.525,True,True,False,False,False,8.551396381518144e-09,0.718321280744623,-2648.8812004365645,7410962.43978096
384,design_000384,451,0.03691542888392613,0.015651108007511676,0.020804773578343167,0.08015684797012129,447.0,397.425,463.0,True,True,False,False,False,9.712419641906122e-09,0.6208293095492141,-618.618302002759,113912985136.06465
385,design_000385,273,0.019048314258320438,0.014004542671617588,0.007843185986200723,0.061033838297809104,265.5,16.47500000000001,341.525,True,True,False,False,False,8.469114491003502e-09,2.5665881060000912,-12386.065395573154,11828048.65785875
386,design_000386,477,0.04233166339063961,0.018798110451301354,0.021090913191391673,0.09345344127488937,477.0,383.7500000000001,489.0,True,True,False,False,False,4.018252241087202e-10,0.5429804021351992,-5.025925548422562,1055.4667377830137
387,design_000387,327,0.022619290239135486,0.015052405003598392,0.009377328974325071,0.06668816136676459,321.0,54.47500000000001,386.0,True,True,False,False,False,7.698719917139588e-09,2.246785641432887,-1955.066565397746,360685.84891364264
388,design_000388,430,0.033823096729395,0.0177808706475698,0.015242687412721657,0.08358600549402762,430.0,226.37500000000006,475.0,True,True,False,False,False,7.518307497263765e-09,2.0662276614609962,-257.78377298061247,14114.692130275054
389,design_000389,497,0.050428597538111596,0.01760818291937753,0.03043165109724132,0.09767030020898307,499.0,488.475,505.0,True,True,False,False,False,9.72086894770341e-09,0.30308209675811953,-117.24603314760172,27412611216.44757
390,design_000390,456,0.037726655937633524,0.015852549879965202,0.021144621167952026,0.08131345281734606,453.0,404.8500000000001,470.0,True,True,False,False,False,9.748013089158522e-09,0.6033670368162386,-8353.956823681558,86355653.88619575
391,design_000391,262,0.018562297736212104,0.012921532458251603,0.008356876004133278,0.05789154873850743,256.5,48.0,308.525,True,True,False,False,False,8.682894542928237e-09,2.5351655460187246,-12695.644351604216,171749182751.34384
392,design_000392,401,0.02898322404012087,0.015146199370532394,0.014157666907100882,0.07211316108845334,401.5,224.47500000000002,416.0,True,True,False,False,False,9.012338992793717e-09,1.7636192234869417,-824.216360904321,2428925972.7128177
393,design_000393,338,0.023220573712573567,0.014012851786462862,0.010793541096536149,0.06458034620232159,336.0,114.95000000000002,369.0,True,True,False,False,False,7.32044903956913e-09,1.8068964506988219,-8303.496590900884,185805.5529274574
394,design_000394,329,0.02277601068344127,0.015035693600922672,0.00949541692872127,0.06649508215021847,326.5,56.95000000000002,376.0,True,True,False,False,False,7.56646235453e-09,2.5084427378748035,-1859.488617921352,2190835.2563693724
395,design_000395,400,0.02876291883586831,0.015364209599757346,0.013673520110979796,0.07283352268749725,399.0,206.95000000000002,413.0,True,True,False,False,False,9.609125912036428e-09,1.5148164639806858,-914.6607499839616,14567663390.350203
396,design_000396,458,0.038135708777718116,0.019853013886068,0.015458064122455721,0.09139202627090486,456.0,233.47500000000002,488.525,True,True,False,False,False,9.352837803793122e-09,1.270729121736607,-409.04889596511237,960398.9630397451
397,design_000397,350,0.02383068381876346,0.015729964007557114,0.00870461008222806,0.06933087697258851,340.0,44.90000000000004,403.0,True,True,False,False,False,8.83242972166116e-09,2.1494694558840526,-10848.251930785866,606.8502326623633
398,design_000398,390,0.02774135499047804,0.01715008024576513,0.010185593093192872,0.07637344362759668,387.5,82.85000000000007,436.525,True,True,False,False,False,9.78095270796519e-09,1.8680587483315858,-6671.9392284717915,4618706.598303704
399,design_000399,382,0.02660328773094811,0.015105932235286109,0.012744913253102818,0.07000666173008827,377.0,153.90000000000003,408.0,True,True,False,False,False,9.261567390280699e-09,1.6847586713356348,-10687.093012009522,9664.186467913956
400,design_000400,492,0.04609872522182493,0.021071223438704108,0.021053135185448695,0.10182876670698707,492.0,385.90000000000003,501.0,True,True,False,False,False,8.881877628013698e-09,1.0283812673870896,-16.647007348721516,296.93972025782887
401,design_000401,506,0.05575160990972917,0.018985234411182828,0.03351707835904743,0.10588424327144401,506.0,500.0,509.0,True,True,False,False,False,9.340670846175498e-09,0.22192620224540877,-170.60152285570783,59199050.349219844
402,design_000402,475,0.041953953667219705,0.015522696093581931,0.025595580957261194,0.08491371768238748,474.0,439.475,492.0,True,True,False,False,False,9.107655352961313e-09,0.5750038659320663,-1014.4522322981485,223090309.88269815
403,design_000403,479,0.04253533544070054,0.018542367946729994,0.02074914411783187,0.0911922033753554,477.0,392.90000000000003,493.0,True,True,False,False,False,9.220832064931886e-09,0.9708168655339225,-35.644758469137344,2723.6933425183643
404,design_000404,450,0.03686533189210223,0.01554578222297269,0.02069219770914469,0.07976820280732105,447.0,394.90000000000003,466.0,True,True,False,False,False,9.21632242854911e-09,0.9617814029085532,-2157.6029223634737,19051509.558049105
405,design_000405,305,0.021640680029271688,0.014539025927477179,0.008924112693978963,0.06384420443642809,310.0,52.0,357.0,True,True,False,False,False,2.889165547119767e-09,2.470535584417887,-151.22493224293376,97829676473.26692
406,design_000406,490,0.04524393983886333,0.02162617662018644,0.01859301559519217,0.10276513085764614,489.0,335.32500000000005,502.0,True,True,False,False,False,9.131962854071071e-09,1.1058532876056555,-37.875300754468896,3462.444754424628
407,design_000407,489,0.04517132250552319,0.017141895832307304,0.026013573117636832,0.09146687101815539,489.0,469.0,495.0,True,True,False,False,False,7.009403529772291e-09,0.2775805353797494,-2981.928431916928,86876776.93748851
408,design_000408,406,0.029548972457733212,0.01727642819259205,0.011782113724880425,0.07812316841316022,403.0,130.95000000000002,451.0999999999999,True,True,False,False,False,6.562357729359964e-09,1.987947089147606,-9720.285657981176,1279.735214457365
409,design_000409,339,0.023251338384721553,0.015200327074629474,0.00966627586577396,0.06849395388091004,331.0,60.27500000000009,398.0,True,True,False,False,False,3.01283298335895e-09,2.3312191539827225,-945.2678503045851,3319806.718975978
410,design_000410,496,0.04969589617992694,0.01746841755822355,0.030016837552769005,0.0967449767361589,497.0,485.0,503.0,True,True,False,False,False,7.825916273488749e-09,0.30083547940563,-3148.7219536545103,10046742.324888634
411,design_000411,385,0.026933165902507914,0.013454577631948923,0.014595363282325875,0.0655193649198228,373.0,218.90000000000003,417.0,True,True,False,False,False,5.840451278408717e-09,2.1524180466497467,-2776.28834766664,566231066.49583
412,design_000412,353,0.02419218997580535,0.015420876837343552,0.009929847724382813,0.06921537163370328,346.0,69.42500000000003,408.525,True,True,False,False,False,8.485181716595594e-09,2.551834657458052,-7457.667501472891,310315.7848644367
413,design_000413,374,0.025789557177191474,0.01158569897772049,0.016594962431572744,0.06292247302653488,366.0,313.95000000000005,410.0,True,True,False,False,False,8.933275717674553e-09,0.44922266221361534,-14.062427099492012,1725.3007618227703
414,design_000414,504,0.05461422877156664,0.02349534810006481,0.023947253852827022,0.11512618011364338,504.0,451.0,510.0,True,True,False,False,False,9.808506612588521e-09,0.852059323085956,-16.110774211949064,1875.8861289808735
415,design_000415,371,0.025592744861387486,0.01605647340457467,0.010303937799824745,0.07236215010485345,366.0,79.7500000000001,423.525,True,True,False,False,False,4.21628260610939e-09,2.0922416805771853,-732.191119587074,2934674.505512839
416,design_000416,361,0.024911854870945504,0.015762257195566683,0.009744716533602187,0.07126235647414168,356.0,72.0,418.57499999999993,True,True,False,False,False,2.9147270036242135e-09,2.2414631884275185,-8624.086530325707,41223.39782051815
417,design_000417,433,0.03452838936346903,0.015208320762609842,0.019259469194772658,0.07677775664127956,434.0,355.475,454.0,True,True,False,False,False,9.979282895076853e-09,1.1189646068243495,-343.349967198319,14145107366.550533
418,design_000418,313,0.021870127972184215,0.014688530503484388,0.009130700011766786,0.06467423728907347,309.5,52.47500000000001,378.0,True,True,False,False,False,3.819564810427849e-09,2.433583659253063,-901.2079988404062,58140.996853619225
419,design_000419,507,0.055802346119151046,0.018885465882888922,0.033713371321205464,0.10572040874761882,507.0,499.0,510.0,True,True,False,False,False,9.111011590665742e-09,0.22338788269805857,-3617.7654262698993,48574011813.93007
420,design_000420,158,0.014175109654789719,0.008020637736728172,0.010524856640614573,0.04159154148681142,167.0,63.47500000000001,368.0999999999999,True,True,False,False,False,8.62112204108211e-09,1.3075065469883769,-88.73435683036418,808507.4418453024
421,design_000421,330,0.022792428723645876,0.012921560973390419,0.012829831250773601,0.06276458101653595,325.0,170.95000000000002,373.0,True,True,False,False,False,9.546329388236822e-09,1.1761847596795796,-24.46173646976308,5653.905398025828
422,design_000422,294,0.02094990696103733,0.00864830986768892,0.01669338570724704,0.049753310309584076,299.5,185.0,458.04999999999995,True,True,False,False,False,2.0693566908223155e-09,0.7001255333972477,-411.58066213033504,72364468394.84383
423,design_000423,315,0.021979450431242453,0.011978819044178511,0.013041967418888852,0.05953729441349709,310.0,169.95000000000002,400.525,True,True,False,False,False,9.581688348089911e-09,1.9836298947405424,-480.0464560266834,13594305.739004925
424,design_000424,290,0.02068117403609029,0.013358230124480161,0.009810902362079392,0.060829473402239244,291.0,77.0,344.525,True,True,False,False,False,7.51753559243701e-09,1.9272678942763743,-43.75086869693532,43602.42535358572
425,design_000425,365,0.025041242370115447,0.01286518756927671,0.014095332473383468,0.06482752403696382,358.0,249.90000000000003,387.0,True,True,False,False,False,8.110305855927944e-09,0.5672750095268055,-45.36708025138979,12849.630142498829
426,design_000426,304,0.021640172883421245,0.009750329921932185,0.015925292547306343,0.05288252055276552,308.5,221.47500000000002,440.0,True,True,False,False,False,1.8518549873680524e-09,0.9547843636225314,-7.668143304782776,10911.71280049167
427,design_000427,239,0.017651681816770327,0.00699742795485928,0.015364333821938372,0.043197590219603774,239.0,124.0,467.57499999999993,True,True,False,False,False,4.4936273763165865e-09,0.7679091547901148,-9.877939665871951,57021.675703468034
428,design_000428,467,0.040421517175369286,0.01831223408328864,0.02046409404973758,0.09114539610305153,465.0,377.90000000000003,490.0,True,True,False,False,False,7.453488517874742e-09,0.5361494466607105,-184.59839573101019,100829432.47603068
429,design_000429,92,0.011615269257135009,0.008087331953400834,0.009037823288390787,0.039890060432015186,106.0,55.0,179.19999999999982,True,True,False,False,False,9.974314009624286e-09,1.968808935199451,-472.66631177306215,14363012.667661011
430,design_000430,73,0.010644090169201047,0.0090937461172255,0.00676098506442297,0.04195185154925511,86.0,12.0,155.0,True,True,False,False,False,4.174295876102598e-09,1.8891069733207815,-427.917633763637,170371591.9008804
431,design_000431,113,0.012321131981303926,0.00748832930136014,0.010173523407169793,0.040204192854929315,119.0,80.0,257.0,True,True,False,False,False,6.834088320307354e-09,1.4303474707167723,-32.03006870517851,7807.267596428022
432,design_000432,149,0.013956508342596805,0.00874479662882473,0.010356112801423968,0.044559327035454205,158.0,108.0,210.04999999999995,True,True,False,False,False,6.4254654533769e-10,2.0783498492747166,-429.4275519614073,6915953.92452882
433,design_000433,426,0.03236056264975104,0.017134783267201005,0.014940990013634529,0.08115016864698775,421.0,222.2750000000001,463.525,True,True,False,False,False,7.76095783529159e-09,1.7034911490720597,-59.90575331947103,69488.51418548732
434,design_000434,501,0.05102181964043251,0.020200131042938125,0.02567425440861553,0.10310220644637243,499.0,462.8500000000001,507.0,True,True,False,False,False,9.042878883159545e-09,0.6209381507699394,-532.2568938883479,2965972481.6457605
435,design_000435,82,0.011071820366526578,0.007008102735999622,0.009737025549372544,0.03694053194145105,92.0,61.0,240.04999999999995,True,True,False,False,False,7.787336738109412e-09,2.273824255479183,-279.3190783407632,6211176.42510079
436,design_000436,250,0.018133230932371756,0.011080956256216967,0.010687035316776915,0.05260971999991649,245.5,96.47500000000001,311.0,True,True,False,False,False,8.910355109394132e-09,1.4489022840441035,-28.71285946933822,127494.80889898994
437,design_000437,509,0.05701059162539135,0.022619785460574676,0.028527152659985924,0.1167397936731434,508.0,487.0,511.0,True,True,False,False,False,5.6980103282481955e-09,0.4335507887736206,-277.1393562133118,11325895.133658176
438,design_000438,319,0.022150498762834175,0.010939948123340905,0.014624496607142129,0.055081326142256505,314.5,199.47500000000002,427.525,True,True,False,False,False,9.801977281299619e-09,0.7945820446018347,-456.83859675637814,3277482780.9742546
439,design_000439,364,0.025022937492861524,0.015366262051575437,0.010721511762851646,0.07081303074412466,358.0,99.17500000000014,414.525,True,True,False,False,False,5.203167856279711e-09,1.5156221972520207,-7801.680593039965,26306.98936325748
440,design_000440,411,0.029964862481128028,0.014640052625271256,0.01660612769235946,0.07291070188494683,407.0,294.2750000000001,435.04999999999995,True,True,False,False,False,3.443176729687483e-09,0.668127485098195,-53.246760490458676,44423038.07080564
441,design_000441,355,0.024240138644553155,0.011527980641003436,0.01591497219848264,0.06035181988541771,346.0,283.425,401.525,True,True,False,False,False,9.688603737329928e-09,0.588240219400677,-9.868006725065081,302.90064433710717
442,design_000442,373,0.025716788416932944,0.011115354492844351,0.01779450442547871,0.05989332566013707,368.0,290.425,452.0,True,True,False,False,False,3.2582358482869024e-09,0.599719139793554,-9.237106371656642,1545.9720156092799
443,design_000443,167,0.014445232829803832,0.0077842122033269295,0.01130163543424515,0.04172966059114766,168.0,83.47500000000001,365.04999999999995,True,True,False,False,False,3.829820750962444e-09,1.063700768054258,-8.96219063687498,10978.222300950598
444,design_000444,168,0.014588436384530468,0.006080887498010252,0.012728920245719188,0.03644086763992515,173.0,63.95000000000002,461.87499999999966,True,True,False,False,False,3.038204711562137e-09,1.5686424606010902,-99.31830539803914,46600.00431352285
445,design_000445,280,0.0197183721182967,0.008866574834329956,0.014984126500013357,0.04989203927337233,277.5,169.47500000000002,428.0,True,True,False,False,False,9.172301767880482e-09,0.9870279435033634,-9.057457791364813,362.2224370163807
446,design_000446,292,0.020844964095711023,0.013961887080926189,0.008881829099224343,0.062395660200048414,297.0,43.0,349.0,True,True,False,False,False,5.14626109517073e-09,1.8627955912440677,-395.4363530109652,26004244.403060336
447,design_000447,342,0.023350096098491153,0.015628430209958154,0.008947713082308358,0.06938359282834752,331.5,39.47500000000001,400.525,True,True,False,False,False,7.635873506883505e-09,2.2780158463057654,-334.1818336280849,22959631.83964613
448,design_000448,358,0.0248540718473929,0.014649355612352468,0.011910394583010842,0.06907488334711948,355.0,134.47500000000002,401.0,True,True,False,False,False,1.3831236213879142e-09,1.9144449661528526,-176.9299451219923,144025.33766711867
449,design_000449,87,0.011215648252095914,0.006786054193516966,0.009367902865032262,0.035876227242325656,93.5,41.0,335.525,True,True,False,False,False,8.839786504597313e-09,1.7811750228910004,-146.15828672596996,7988367.77682302
450,design_000450,326,0.02259189445041244,0.009892088591283883,0.016701915892334194,0.054714635026897766,323.0,243.47500000000002,435.525,True,True,False,False,False,8.119241673724453e-09,1.2649999025498948,-24.060254914995532,19129.290490220654
451,design_000451,508,0.05610896014660138,0.02284646511152958,0.02790434221773859,0.11632895644386414,507.0,475.37500000000006,510.0,True,True,False,False,False,6.330104434658768e-09,0.79901796099095,-217.7823526712426,33654894.16503925
452,design_000452,205,0.01598359387701483,0.00918554636628511,0.011372760649461215,0.04629749492112149,201.0,107.90000000000003,328.0,True,True,False,False,False,2.599021870139681e-09,1.825291360559203,-366.86446316354915,11657190.843783135
453,design_000453,399,0.028738709832594078,0.012723388293368857,0.01865819785629129,0.06740638048959793,395.0,337.0,451.04999999999995,True,True,False,False,False,2.56979996020021e-09,0.5164041514104794,-581.5733713488208,741785169.5175277
454,design_000454,437,0.0352040691802211,0.018549590170648445,0.015516045932746516,0.08608730754953044,437.0,224.42500000000004,477.0,True,True,False,False,False,6.5379654436113625e-09,1.97296874336306,-464.97913553605554,220157.53968075302
455,design_000455,190,0.015467126007264301,0.007770089992240413,0.01186668425760983,0.04186530122021114,194.0,77.0,422.0,True,True,False,False,False,7.64336310421774e-09,1.4553228608181707,-405.9520645491056,526206414.0325209
456,design_000456,224,0.01682403705092719,0.006942858416929022,0.013911371712430983,0.04100422145735033,222.5,92.47500000000001,476.04999999999995,True,True,False,False,False,6.772924788778771e-09,0.9624684555361649,-8.944153242937437,2402.4532712501
457,design_000457,393,0.02798177884751536,0.016813934347159807,0.011023167450054917,0.07644848503655033,389.0,111.27500000000009,440.525,True,True,False,False,False,6.239559422291818e-09,2.4860355922939856,-395.34353393614646,12254.468380479206
458,design_000458,465,0.04036884935473635,0.018901811164422473,0.01803375489488719,0.09096559545330571,465.5,336.90000000000003,484.0,True,True,False,False,False,3.830829705042246e-09,1.0143449777494649,-294.97813286543465,396518.8003627326
459,design_000459,455,0.037704846581599914,0.018312785877691754,0.017475845662461957,0.08797523322320662,454.0,288.80000000000007,471.525,True,True,False,False,False,5.3817568219647894e-09,0.9494788422019351,-56.967116438897854,1955147740.9886813
460,design_000460,354,0.024220826133979023,0.010553477826648365,0.017315974776791785,0.0572300443738697,349.5,261.475,456.525,True,True,False,False,False,5.963376868109261e-09,0.662078483163909,-4.265980594814622,204.12102197499087
461,design_000461,372,0.025665632689086545,0.013908538994178047,0.013546731244573323,0.067764310499122,364.0,186.80000000000007,427.0,True,True,False,False,False,7.770387207412062e-09,2.3860466862652183,-212.68608138414143,72431.77658201836
462,design_000462,386,0.027234892798347354,0.015756498559329726,0.01233275874664851,0.07253003216630743,385.0,136.47500000000002,412.525,True,True,False,False,False,2.44985506758571e-09,1.6093404955281077,-42.69067609854347,4456.023748262013
463,design_000463,267,0.018890631510974854,0.013092620263987956,0.008891907513548049,0.0584781943644796,262.0,56.95000000000002,312.525,True,True,False,False,False,2.3925738099935144e-09,2.2053401618895876,-381.51898148125224,2027740.6202936892
464,design_000464,379,0.026366547236933477,0.014004314818254973,0.01415340706913512,0.06863227653734323,372.5,211.32500000000007,427.525,True,True,False,False,False,5.159068311864855e-09,1.9533885040339602,-75.09008178905557,494114.62986206723
465,design_000465,443,0.035627305575917756,0.017778145884322114,0.016674214996487486,0.08592757603783766,441.0,280.425,465.0,True,True,False,False,False,2.108508555695725e-09,0.943243829397337,-430.2385496864522,52276270.850991644
466,design_000466,444,0.03575814642115992,0.014410311827590536,0.021622794126635893,0.07627098107491456,441.0,393.0,470.0,True,True,False,False,False,8.225387776248834e-09,0.7376215206821298,-4322.7335235289975,129758088267.21878
467,design_000467,391,0.02779547896229398,0.013011908297418861,0.016312991427163276,0.06669061758637715,383.0,295.475,419.525,True,True,False,False,False,9.923745157508481e-09,0.8831754080586353,-617.2458983435863,8551923575183.888
468,design_000468,321,0.02227539754453759,0.011262805744630289,0.014039713109887756,0.05693981810610454,310.0,199.37500000000006,385.04999999999995,True,True,False,False,False,8.03604757854529e-09,1.3751082903658425,-1781.9543788542003,125276409057914.69
469,design_000469,432,0.03417177760091211,0.014578083762981338,0.019738860356678444,0.0757264378814699,432.0,370.37500000000006,457.525,True,True,False,False,False,9.500617400285246e-09,0.6758908509501826,-5984.814151002513,27184943663.09499
470,design_000470,80,0.01092969439443548,0.00974065053825868,0.006064413334598827,0.04236087893413403,79.5,5.0,181.14999999999986,True,True,False,False,False,9.847300392150237e-09,2.7638788573511768,-7977.595763121153,36070278495547.57
471,design_000471,218,0.016517689014319593,0.011673409557863165,0.008392918664426947,0.05356744412836173,214.0,49.47500000000001,268.0,True,True,False,False,False,7.930437713923401e-09,2.5779814489932273,-8460.224353539594,7760516537.379435
472,design_000472,276,0.019131055073048457,0.011125472475910598,0.01156127594659134,0.054767235236823426,262.0,123.0,324.0,True,True,False,False,False,9.672158901992569e-09,1.6465721198579797,-2961.8543995279897,501359355653267.9
473,design_000473,405,0.029298246542322288,0.013347169259695668,0.017249671674184223,0.06761464425237881,398.0,290.475,437.0,True,True,False,False,False,4.610108817327748e-09,1.940706604044194,-13996.12343717379,30120609073.601917
474,design_000474,320,0.02222060995635508,0.011912907075188446,0.01325543451195824,0.05693231466867917,308.0,167.42500000000004,380.525,True,True,False,False,False,9.649636379948279e-09,2.1566652531335166,-1225.657277734878,6473156551439.135
475,design_000475,281,0.019741509448007722,0.009281674527766693,0.014141895145384779,0.049565830955974,270.0,120.32500000000007,395.0,True,True,False,False,False,9.634558791696271e-09,1.8122483995705285,-1799.9327343552825,27635563566330.336
476,design_000476,449,0.036569627576076805,0.015455164709324749,0.020913617600384637,0.07935871644939138,445.0,403.0,463.0,True,True,False,False,False,9.912961192145862e-09,0.9705972598626985,-3749.382663624175,34996288162.14614
477,design_000477,383,0.02664504959547025,0.014182143924949465,0.013717828720613185,0.06798891489406313,376.0,207.95000000000002,396.525,True,True,False,False,False,9.991425464217533e-09,1.1297638208769207,-912.3674549730777,427096933194550.4
478,design_000478,469,0.04077529964557793,0.01638567914934467,0.02329819113407879,0.0856328389025315,467.0,442.0,478.0,True,True,False,False,False,9.915920273166662e-09,0.767197751656318,-533.4039306594685,59732934208.68506
479,design_000479,466,0.04040322283351218,0.016299781005710362,0.0230010517496914,0.08546702612783,466.0,440.0,477.0,True,True,False,False,False,9.872429528257097e-09,0.439003961418998,-7563.903028691763,2673328339239.941
480,design_000480,261,0.01845647305949309,0.011615176119021863,0.010181034571257743,0.05478745735661405,255.0,91.0,305.525,True,True,False,False,False,9.535236317456044e-09,2.4214440827882684,-14294.34759213229,58668410748.71529
481,design_000481,419,0.03117342702225254,0.01306588022764688,0.01932422140257104,0.06889588219333198,415.5,329.0,454.525,True,True,False,False,False,8.467730949666153e-09,1.7814743303186087,-13127.436675044934,432528365881.9698
482,design_000482,127,0.013055573684181967,0.008644994037076876,0.009277818851990133,0.04263199221052218,139.0,39.0,235.52499999999998,True,True,False,False,False,6.949028403629035e-09,2.472546687258035,-621.8782958868746,202400923417.86365
483,design_000483,388,0.027329938586522533,0.013397927440401773,0.01515123378970412,0.06578348457949139,378.0,239.42500000000004,422.525,True,True,False,False,False,9.97117244566214e-09,2.128149289152024,-318.24756066547315,605320999766.1979
484,design_000484,487,0.044486811736934494,0.01653014951710785,0.026409215479366907,0.08948690329050939,486.0,462.475,495.0,True,True,False,False,False,9.99693162413502e-09,0.5915445086072143,-2307.4192520323218,47218951509.41846
485,design_000485,277,0.0193822339402562,0.013427809673447404,0.008616513901146842,0.0594720194595251,270.0,51.37500000000005,325.525,True,True,False,False,False,9.550083931064678e-09,2.478707516872844,-8201.86345457078,16502600616367.242
486,design_000486,503,0.05214665702215828,0.01853223618688232,0.030652173150229615,0.10135596575234425,502.0,495.0,506.0,True,True,False,False,False,9.909117218232767e-09,0.28093486082518754,-124.87958531282557,1583898517.750825
487,design_000487,407,0.02972191352059543,0.013611308865677942,0.01707854705941634,0.06909758084615633,402.0,313.425,433.525,True,True,False,False,False,9.42010379720783e-09,1.401326898536521,-5739.088837808866,5938258274.250923
488,design_000488,445,0.036076594194434826,0.015084032374074331,0.020730305146455828,0.07801537689937978,442.0,389.0,466.525,True,True,False,False,False,9.971863439193359e-09,0.7868188088184365,-1048.5460307858182,108532201985377.83
489,design_000489,251,0.018135679387498372,0.009122746329529327,0.01297258316258812,0.048764969003419444,242.0,120.0,361.04999999999995,True,True,False,False,False,9.901997164875948e-09,1.558779138199037,-9466.34405432762,9553618598297.588
490,design_000490,416,0.0303192826102202,0.01407605596291807,0.01695053540665108,0.07080788465771158,409.0,302.425,431.0,True,True,False,False,False,9.94920527145996e-09,0.8328531652404392,-373.5064127460526,391747531370.4528
491,design_000491,403,0.029227543703072834,0.015266091908434552,0.014612406586332267,0.07298029949134514,402.0,217.0,416.0,True,True,False,False,False,8.41232556584021e-09,1.7729930808379695,-4441.275063707669,244350487527.1379
492,design_000492,499,0.05045435421299692,0.018041341682513132,0.029580905346320113,0.09898336050997097,498.5,487.475,504.0,True,True,False,False,False,9.338777269238009e-09,0.30957157237894783,-1103.7249373548727,2040441508.1934297
493,design_000493,462,0.03981518408992501,0.015015279444245208,0.024484521332932028,0.08188667266715445,462.0,432.0,486.0,True,True,False,False,False,9.997755082023283e-09,0.3547258041754792,-3547.050845276805,4923878534166.187
494,design_000494,317,0.022075522750575536,0.013092599276739874,0.01119687899443063,0.062344831961902804,315.0,131.85000000000005,345.0,True,True,False,False,False,8.242730323053545e-09,1.7241114855875723,-1604.4907405972767,2515808467434990.0
495,design_000495,296,0.021087079510797975,0.010628110236224722,0.013885461231395842,0.0554087383087626,294.0,198.42500000000004,366.0,True,True,False,False,False,9.696161586122055e-09,1.1187307426316402,-6361.203225608337,3010848884425363.5
496,design_000496,473,0.04158634987780483,0.016562694086534952,0.023997362753703746,0.08689662069765018,472.0,453.0,482.0,True,True,False,False,False,7.850939504156673e-09,0.4841015100494573,-14583.513731053148,145991498095.8516
497,design_000497,414,0.030194152291983568,0.014770208369319481,0.015950761398116575,0.07345738084700437,410.0,288.475,421.525,True,True,False,False,False,9.96151738320865e-09,0.8289513183365173,-1728.6291890934353,22147564908609.27
498,design_000498,204,0.015885117805624516,0.00819164591717382,0.011845759576321922,0.04389921608707014,197.0,95.0,372.04999999999995,True,True,False,False,False,9.102004703553072e-09,1.866560879079294,-79.79532330703171,42179518852070.89
499,design_000499,199,0.015721052224928294,0.007928127641349857,0.012638891297247372,0.04384263816187609,198.0,118.0,358.67499999999984,True,True,False,False,False,9.57296376851754e-09,0.7983636741404706,-643.8667041881148,106526729380314.22
500,design_000500,12,0.007221901782351302,0.004866491688991555,0.00733310856681752,0.025928927612390844,22.5,1.0,331.49999999999955,True,True,False,False,False,8.645354628312613e-09,2.552662018921899,-566.9168355190584,1.6473004007173166e+16
501,design_000501,410,0.029943315278443877,0.01563325012466432,0.014552058835121678,0.07507904710654083,406.0,227.37500000000006,433.0,True,True,False,False,False,9.966727658082209e-09,0.9669234598655582,-607.0903822743014,37454184124101.664
502,design_000502,398,0.028665661006651934,0.011429798956838669,0.019771055405563093,0.0639259873209033,395.0,312.0,475.525,True,True,False,False,False,7.533529984583965e-09,0.48433336311227376,-5348.045097868745,39413164519284.47
503,design_000503,483,0.04323734753694715,0.019292020830482533,0.02098707512768096,0.09497238992170826,481.0,373.425,491.0,True,True,False,False,False,9.91108528516467e-09,0.46889580281775534,-10468.214564268304,2751810523417.0977
504,design_000504,511,0.06203081672921596,0.02132141751536277,0.03539893847729393,0.11694636850639252,511.0,507.0,511.0,True,True,False,False,False,4.464805804406618e-09,0.13476427594902143,-3309.5238206848558,19960567070.697506
505,design_000505,346,0.023514090927662424,0.012200423893920011,0.013471670920560251,0.059842635775038414,329.0,199.90000000000003,383.525,True,True,False,False,False,9.53015532351169e-09,2.3122760196403918,-736.5067135146425,4431238064721.448
506,design_000506,476,0.04207876785347544,0.018458360915935817,0.020974761003032215,0.09162407729116855,475.0,384.37500000000006,485.0,True,True,False,False,False,8.957975896914615e-09,0.7896143842753628,-1266.4877376596999,44465981769593.39
507,design_000507,284,0.020013531812566827,0.012643564555348156,0.009974887307533828,0.0581622782017117,279.0,71.47500000000001,337.0,True,True,False,False,False,9.989724074058096e-09,1.9460917412665382,-504.83056705199766,640347469951985.8
508,design_000508,413,0.030124108796377988,0.01367538579431748,0.018778127904353226,0.07183467541119512,408.0,352.425,446.04999999999995,True,True,False,False,False,8.237869532342236e-09,0.5536617853349245,-1562.2764704853644,13951950943452.848
509,design_000509,512,0.07069916853703036,0.02510841512247484,0.037466139036115904,0.13504984419839886,512.0,511.0,512.0,True,True,False,False,False,9.673250648956367e-09,0.026947111795559264,-14661.47026757745,31121275738.387897
510,design_000510,314,0.021964910574611102,0.012823101148099631,0.011652641951230109,0.06069755106874388,312.5,127.0,350.525,True,True,False,False,False,4.733695467047756e-09,1.4478059047111516,-3368.573104719873,5439232889273.958
511,design_000511,436,0.035144459140874836,0.01748779279573597,0.01717613782228794,0.08338290995673182,437.0,293.37500000000006,469.04999999999995,True,True,False,False,False,9.713116706010036e-09,1.975020437937782,-4135.492927657481,18400035514913.86
