pair_id,spot_regime,labyrinth_regime,spot_feed,spot_kill,labyrinth_feed,labyrinth_kill,calibration_residual_standardized,spot_ess_fraction,labyrinth_ess_fraction,minimum_ess_fraction,spot_weight_entropy_fraction,labyrinth_weight_entropy_fraction,spot_max_weight,labyrinth_max_weight,spot_lambda_norm,labyrinth_lambda_norm,spot_covariance_condition,labyrinth_covariance_condition,calibrated_morphology_effect_size,endpoint_gate_pass,failure_reason,method_blind_endpoint_score
grid_F0340_k0650__gs_09,grid_F0340_k0650,gs_09,0.034,0.065,0.054,0.062,1.801573024101783,0.6851508316124146,0.09375096469602236,0.09375096469602236,0.9724629401037638,0.43084618574037,0.0963317145633338,0.1666658091654785,39.9968926252524,9.481287378202172,325888.9900237523,2486494.783828128,1.365794727997162,False,calibration_residual;endpoint_ess,-0.587174420917447
grid_F0340_k0650__grid_F0260_k0570,grid_F0340_k0650,grid_F0260_k0570,0.034,0.065,0.026,0.057,1.8015749870685507,0.6851557974342521,0.03125001954120465,0.03125001954120465,0.972463431395764,0.16666806689418556,0.09633074860450443,0.49999984367043254,39.99689283395076,28.18390473806699,325886.87052947824,7262.592544093073,1.3658028009108047,False,calibration_residual;endpoint_ess,-0.6184168310161311
grid_F0340_k0650__gs_03,grid_F0340_k0650,gs_03,0.034,0.065,0.026,0.055,1.8015752174162185,0.6851556429169534,0.015625000451036593,0.015625000451036593,0.9724634160731235,8.050169443226623e-08,0.09633077792511607,0.9999999855668293,39.99689292411157,29.610863832228965,325886.9661521439,103275.7493020688,1.365803191661764,False,calibration_residual;endpoint_ess,-0.6262289543182964
grid_F0340_k0650__gs_08,grid_F0340_k0650,gs_08,0.034,0.065,0.046,0.063,1.8015565078018665,0.6851157154092687,0.015627821385097444,0.015627821385097444,0.9724594660480413,0.0003136780529927228,0.09633855107793149,0.9999097278366617,39.99689041567476,11.439113350488627,325903.7526020202,2987385.5569751,1.3656646600869304,False,calibration_residual;endpoint_ess,-0.6263659500042591
grid_F0420_k0650__gs_03,grid_F0420_k0650,gs_03,0.042,0.065,0.026,0.055,3.483022359418442e-08,0.015625000237610036,0.01562500045103819,0.015625000237610036,4.346871250109596e-08,8.05019651335175e-08,0.999999992396479,0.9999999855667783,22.176077645822488,29.653441562641476,1703632.3196241115,103321.28197564807,1.6838296821377795e-08,False,endpoint_ess;morphology_effect,-1.474859561174972
grid_F0420_k0650__gs_09,grid_F0420_k0650,gs_09,0.042,0.065,0.054,0.062,7.927613213798423e-05,0.015625791610647446,0.09375142457312893,0.015625791610647446,9.561835641640327e-05,0.43085457904969887,0.9999746694163754,0.16666540039336897,34.61219940309068,7.900100204413195,1694000.0222176071,2483648.933368745,4.670944383824862e-05,False,calibration_residual;endpoint_ess;morphology_effect,-1.722750364905372
grid_F0300_k0630__gs_08,grid_F0300_k0630,gs_08,0.03,0.063,0.046,0.063,0.04727847662453932,0.016234377787733695,0.015625302188636753,0.015625302188636753,0.04145307048358674,3.879658063430352e-05,0.9810494463075926,0.9999903301031382,39.99999081588924,23.154110010024574,8996854.104664672,2978604.1540001156,0.036490432822750225,False,calibration_residual;endpoint_ess;morphology_effect,-1.9556964568773936
grid_F0300_k0630__gs_09,grid_F0300_k0630,gs_09,0.03,0.063,0.054,0.062,0.04629980714049964,0.01622140711550595,0.0937500051373505,0.01622140711550595,0.040689180839299455,0.4308272196914725,0.9814417143495023,0.16666666210013306,39.99999828069343,39.46088272189576,8999379.746025225,2566927.116320435,0.03574771598195477,False,calibration_residual;endpoint_ess;morphology_effect,-1.956141494494964
grid_F0300_k0630__gs_03,grid_F0300_k0630,gs_03,0.03,0.063,0.026,0.055,0.04629956519395817,0.016221403911301887,0.015625000451112415,0.015625000451112415,0.04068899177029045,8.051461796722726e-08,0.9814418113110612,0.9999999855644031,39.99999828107397,29.503188542767923,8999380.235874882,103368.0272319045,0.03574755153789026,False,calibration_residual;endpoint_ess;morphology_effect,-1.9564398622902521
grid_F0340_k0640__gs_08,grid_F0340_k0640,gs_08,0.034,0.064,0.046,0.063,0.012359768350064915,0.01576497594469193,0.015628922390964747,0.015628922390964747,0.01128849084062537,0.0004261241860341706,0.9955504827307781,0.9998745069896489,39.948369549264825,10.121284027970315,17798616.587838534,2981658.1245920085,0.009128872594126303,False,calibration_residual;endpoint_ess;morphology_effect,-1.9804751436736325
grid_F0300_k0625__gs_08,grid_F0300_k0625,gs_08,0.03,0.0625,0.046,0.063,0.0010326421163400212,0.015637239741310947,0.015625192073775846,0.015625192073775846,0.0012222387862618068,2.532948349426068e-05,0.9996085570140758,0.9999938536955368,39.99030013361727,26.11297832419813,12904081.282864451,2978074.1534590833,0.0007964437286034576,False,calibration_residual;endpoint_ess;morphology_effect,-1.9909059669153721
grid_F0340_k0640__gs_03,grid_F0340_k0640,gs_03,0.034,0.064,0.026,0.055,4.669558027448062e-05,0.015625525586080973,0.015625000451080884,0.015625000451080884,6.52069428704579e-05,8.05092430770005e-08,0.9999831816674041,0.999999985565412,39.98525939678689,29.561525130012843,18007056.455633037,103345.64432176214,3.508584362241149e-05,False,calibration_residual;endpoint_ess;morphology_effect,-1.9914153837701816
grid_F0340_k0640__gs_09,grid_F0340_k0640,gs_09,0.034,0.064,0.054,0.062,5.300326707580183e-05,0.015625596577524152,0.0937500049533886,0.015625596577524152,7.343360117176878e-05,0.4308272150435696,0.9999809100629189,0.16666666226365476,39.9879026103386,36.164600729821615,18004730.699894115,2550302.764149963,3.980579638627128e-05,False,calibration_residual;endpoint_ess;morphology_effect,-1.9915425264317819
grid_F0300_k0625__gs_09,grid_F0300_k0625,gs_09,0.03,0.0625,0.054,0.062,0.00035632007954733425,0.015629221862537197,0.09375000512322679,0.015629221862537197,0.00045629260010322814,0.4308272193349976,0.9998649276246292,0.1666666621126875,39.999832935881344,39.35309421313437,12905102.017410913,2566345.8890557224,0.00027757939842938906,False,calibration_residual;endpoint_ess;morphology_effect,-1.9918994564643693
grid_F0300_k0625__gs_03,grid_F0300_k0625,gs_03,0.03,0.0625,0.026,0.055,0.0003557059386802841,0.015629214584847353,0.01562500045105029,0.01562500045105029,0.0004555620954268782,8.050403268856341e-08,0.9998651604169309,0.999999985566391,39.99983475549631,29.605650557074775,12905089.838386862,103328.54288783339,0.0002771228490200694,False,calibration_residual;endpoint_ess;morphology_effect,-1.9919021147002702
gs_17__grid_F0340_k0605,gs_17,grid_F0340_k0605,0.038,0.064,0.034,0.0605,0.20988185765882605,0.0625065312207316,0.12968252479828282,0.0625065312207316,0.46179869238178184,0.6464039444666142,0.38966667531130345,0.2611107427033493,86.74848500480434,86.74848500480434,31748.873640391314,39857.21273029647,0.711776914018926,False,calibration_residual;endpoint_ess;morphology_effect,-3.5943940706109254
grid_F0320_k0615__grid_F0300_k0580,grid_F0320_k0615,grid_F0300_k0580,0.032,0.0615,0.03,0.058,0.29133187052262866,0.1692957136201271,0.14464317158242918,0.14464317158242918,0.6728986318935591,0.6926014683122916,0.1523414916008894,0.2760153888067214,97.59220178199426,97.59220178199426,59172.507901014214,7455.113292669522,1.127521705017318,False,calibration_residual;endpoint_ess,-3.6797667982911815
grid_F0300_k0610__grid_F0300_k0580,grid_F0300_k0610,grid_F0300_k0580,0.03,0.061,0.03,0.058,0.2467577222152569,0.11679191833899437,0.24555472466696163,0.11679191833899437,0.6256512435049113,0.7615016560306714,0.29589053038913454,0.14628391097992635,100.65221275240155,100.65221275240155,51114.153925462655,8951.032395684444,1.1695309513015006,False,calibration_residual;endpoint_ess,-3.80468372714908
grid_F0300_k0610__grid_F0300_k0570,grid_F0300_k0610,grid_F0300_k0570,0.03,0.061,0.03,0.057,0.3390583910845275,0.1105789189276268,0.5743933566030263,0.1105789189276268,0.6230784875058246,0.9286416193845853,0.2886033019029361,0.0818684746310326,103.62489165110003,103.62489165110003,54864.30550691689,20980.587666256117,1.2524497981812808,False,calibration_residual;endpoint_ess,-3.8735053249099076
gs_17__grid_F0320_k0590,gs_17,grid_F0320_k0590,0.038,0.064,0.032,0.059,0.2858655782993281,0.04403243770682958,0.17547843942725994,0.04403243770682958,0.33669063480562894,0.697251353380145,0.45128429775831475,0.1620333038630211,101.021718436012,101.021718436012,41890.335365445324,49159.82714591115,0.9693994977611577,False,calibration_residual;endpoint_ess;morphology_effect,-4.059670205186027
grid_F0340_k0620__grid_F0300_k0585,grid_F0340_k0620,grid_F0300_k0585,0.034,0.062,0.03,0.0585,0.26330529749620013,0.043792120840843024,0.2098701096667024,0.043792120840843024,0.4085188327894088,0.7329273052006953,0.5762551608322275,0.17044196720731983,105.92604203655628,105.92604203655628,124631.51238972037,11411.456691739233,0.6178172013403687,False,calibration_residual;endpoint_ess;morphology_effect,-4.656588840067024
grid_F0300_k0615__grid_F0300_k0580,grid_F0300_k0615,grid_F0300_k0580,0.03,0.0615,0.03,0.058,0.2907121023940333,0.05050603011001671,0.1808364100382802,0.05050603011001671,0.4488777142656479,0.7567938458295626,0.5055638590792055,0.24961622478818166,123.73876990461186,123.73876990461186,75871.66138815669,5292.580471606779,1.2520168470713406,False,calibration_residual;endpoint_ess,-4.9096686331042445
grid_F0260_k0605__grid_F0360_k0590,grid_F0260_k0605,grid_F0360_k0590,0.026,0.0605,0.036,0.059,0.5167025522116182,0.03451935249029497,0.040576967105052285,0.03451935249029497,0.22440233906603504,0.3199848410133117,0.6146584211973118,0.5368073197441022,156.51660017769984,156.51660017769984,51992.57955179534,499513.6377557527,2.300170055158518,False,calibration_residual;endpoint_ess,-5.508400277481327
grid_F0260_k0605__grid_F0420_k0610,grid_F0260_k0605,grid_F0420_k0610,0.026,0.0605,0.042,0.061,0.5692664643304153,0.02654299937217817,0.02074075809582489,0.02074075809582489,0.1697573813653728,0.14843413440430872,0.7344199319730117,0.8650925972204943,165.2241348212933,165.2241348212933,219549.15116246982,65912.7279765656,1.8374138706624557,False,calibration_residual;endpoint_ess,-6.413422491354297
grid_F0420_k0650__grid_F0360_k0610,grid_F0420_k0650,grid_F0360_k0610,0.042,0.065,0.036,0.061,0.305417004048133,0.03747041121565014,0.0921302329420282,0.03747041121565014,0.36547497811912677,0.5636802200538191,0.6303345522182038,0.34317688078176806,153.58429026945709,153.58429026945709,80412.55455704474,16668.75827075222,0.9044634300307122,False,calibration_residual;endpoint_ess;morphology_effect,-6.756015877834317
grid_F0260_k0605__grid_F0300_k0570,grid_F0260_k0605,grid_F0300_k0570,0.026,0.0605,0.03,0.057,0.4433784967398706,0.04256764272992514,0.0829385051748406,0.04256764272992514,0.27729651615726353,0.451294133124625,0.46302200133414456,0.24958096665111248,184.82821356064494,184.82821356064494,41265.55183599107,270934.0061546738,2.325081598492705,False,calibration_residual;endpoint_ess,-6.89504525817458
grid_F0380_k0650__grid_F0320_k0600,grid_F0380_k0650,grid_F0320_k0600,0.038,0.065,0.032,0.06,0.31132502788007455,0.10869774429353085,0.022298290800570726,0.022298290800570726,0.5570482633254011,0.13112098091244892,0.24361050304836004,0.8209170089683914,151.76731028074147,151.76731028074147,17748.147056880793,984124.7666849795,0.634029135029561,False,calibration_residual;endpoint_ess;morphology_effect,-6.943187233607228
grid_F0260_k0605__grid_F0320_k0580,grid_F0260_k0605,grid_F0320_k0580,0.026,0.0605,0.032,0.058,0.45130227961696334,0.041232125359153236,0.08272851386346723,0.041232125359153236,0.2689953844078557,0.4591483163331511,0.4712268975823921,0.2669123128170978,186.08758585098226,186.08758585098226,36244.302766494526,398496.7378361933,2.269722232414219,False,calibration_residual;endpoint_ess,-7.014040997455317
grid_F0260_k0605__grid_F0360_k0595,grid_F0260_k0605,grid_F0360_k0595,0.026,0.0605,0.036,0.0595,0.47505601201306114,0.0300444107017179,0.05929716680172588,0.0300444107017179,0.18974296287512274,0.3796621532228772,0.6539223848913851,0.358795187778886,185.6063647438232,185.6063647438232,34017.43680381854,39634.22027594621,2.2196038057726475,False,calibration_residual;endpoint_ess,-7.045692226067654
gs_15__grid_F0300_k0590,gs_15,grid_F0300_k0590,0.03,0.062,0.03,0.059,0.23331937128718458,0.11835684941269081,0.03135992244894702,0.03135992244894702,0.5412626539023306,0.22541486386487147,0.19692373765392457,0.6663085741612108,160.7501470935391,160.7501470935391,23020.59822323551,10699.595488632935,0.9509915695195503,False,calibration_residual;endpoint_ess;morphology_effect,-7.070835823932932
grid_F0300_k0605__grid_F0300_k0580,grid_F0300_k0605,grid_F0300_k0580,0.03,0.0605,0.03,0.058,0.19385883372016566,0.04922363448720701,0.2626652027994447,0.04922363448720701,0.35726420708425943,0.7989537766136708,0.47285527775082864,0.15578075114055046,159.00124928431077,159.00124928431077,4455.295815691561,10163.2822429813,0.7265899351899356,False,calibration_residual;endpoint_ess;morphology_effect,-7.198860711781999
gs_16__grid_F0300_k0580,gs_16,grid_F0300_k0580,0.034,0.063,0.03,0.058,0.30924154220144295,0.07561681039055945,0.1571257343357302,0.07561681039055945,0.40471141566763635,0.6172640998450188,0.23723477184343386,0.17460654974883327,174.43608913818588,174.43608913818588,33075.62811350525,9020.600692542728,1.189494819572015,False,calibration_residual;endpoint_ess,-7.494501232142
grid_F0320_k0630__grid_F0280_k0580,grid_F0320_k0630,grid_F0280_k0580,0.032,0.063,0.028,0.058,0.20067666852391336,0.01566908426611576,0.04776723666973226,0.01566908426611576,0.002880810637485616,0.332971265389823,0.998591721003314,0.471174913972221,185.36095275637746,185.36095275637746,921984.4540538344,32502.229104119666,1.644147363598232,False,calibration_residual;endpoint_ess,-7.616065732087582
grid_F0300_k0615__grid_F0300_k0590,grid_F0300_k0615,grid_F0300_k0590,0.03,0.0615,0.03,0.059,0.18515929884970828,0.037053573518677996,0.06241896839270965,0.037053573518677996,0.25147011934287544,0.38374917429200706,0.476200821828441,0.3165418056946525,168.70214643094346,168.70214643094346,214297.72834917443,5119.883055020631,0.7123195269433318,False,calibration_residual;endpoint_ess;morphology_effect,-7.704261007844503
grid_F0300_k0605__grid_F0300_k0590,grid_F0300_k0605,grid_F0300_k0590,0.03,0.0605,0.03,0.059,0.10348945477305671,0.028362246131026038,0.05437462016613122,0.028362246131026038,0.1912931133345893,0.38136636773276184,0.7001879690675236,0.46168271916571096,161.80849462125278,161.80849462125278,2263.0235777241373,7568.477744962305,0.3084686249369869,False,calibration_residual;endpoint_ess;morphology_effect,-7.767774983060138
grid_F0260_k0605__grid_F0320_k0585,grid_F0260_k0605,grid_F0320_k0585,0.026,0.0605,0.032,0.0585,0.4132166680303522,0.05147407120866672,0.14014677682473672,0.05147407120866672,0.31429612875418145,0.6216023968151735,0.4243169641757287,0.21687139540794206,189.4855351101708,189.4855351101708,55996.208964366124,77929.64393444992,1.634452059002742,False,calibration_residual;endpoint_ess,-7.814087660901464
gs_15__grid_F0300_k0580,gs_15,grid_F0300_k0580,0.03,0.062,0.03,0.058,0.34363593322032826,0.127663290409107,0.1831630633615899,0.127663290409107,0.6160035690726076,0.6807875036564673,0.21014375569819532,0.19845707636979423,186.14064777667923,186.14064777667923,32134.081595819258,6589.169321523404,1.4073750731888215,False,calibration_residual;endpoint_ess,-7.835825670440586
gs_16__grid_F0360_k0590,gs_16,grid_F0360_k0590,0.034,0.063,0.036,0.059,0.4959360492940177,0.8984164880065393,0.772612317119306,0.772612317119306,0.9887498277066452,0.967613575091796,0.04390330529904041,0.05286118241556655,199.99880120060843,199.99880120060843,26173.433872482725,7481.763117742353,1.6829621043947798,False,calibration_residual,-7.9306717970759895
grid_F0320_k0625__grid_F0300_k0590,grid_F0320_k0625,grid_F0300_k0590,0.032,0.0625,0.03,0.059,0.20161657033949199,0.06780014197885972,0.04159897765742167,0.04159897765742167,0.42662693742068275,0.3182001405142883,0.34823740933798103,0.5555691819016702,173.54697034489652,173.54697034489652,56598.68511349453,4287.308410399628,0.7231486066283173,False,calibration_residual;endpoint_ess;morphology_effect,-7.933400421787798
grid_F0320_k0625__grid_F0300_k0570,grid_F0320_k0625,grid_F0300_k0570,0.032,0.0625,0.03,0.057,0.4164224887613165,0.8444652264020439,0.8746393937232934,0.8444652264020439,0.9833678331520787,0.9830862103511978,0.04801754132679975,0.03547238539598439,199.9903672710938,199.9903672710938,50505.683679312424,12618.306833987957,1.6401822464621598,False,calibration_residual,-7.9371035038915085
grid_F0300_k0610__grid_F0320_k0580,grid_F0300_k0610,grid_F0320_k0580,0.03,0.061,0.032,0.058,0.34846973117955093,0.10995419781813497,0.44902208602668675,0.10995419781813497,0.6352801286735547,0.8859572159980105,0.2822202427950862,0.07397902937482607,185.4045254526687,185.4045254526687,53490.913950393195,26560.989496483646,1.2767761898861045,False,calibration_residual;endpoint_ess,-7.938472983838263
grid_F0300_k0610__grid_F0320_k0585,grid_F0300_k0610,grid_F0320_k0585,0.03,0.061,0.032,0.0585,0.30203085999224977,0.10337744034280999,0.31432965071501595,0.10337744034280999,0.6246901170047017,0.8350288885044014,0.3084476810951905,0.13915484649489107,184.56753424151606,184.56753424151606,55112.728570947314,28416.00328298764,1.2343415294059044,False,calibration_residual;endpoint_ess,-7.942346462498494
gs_17__grid_F0360_k0590,gs_17,grid_F0360_k0590,0.038,0.064,0.036,0.059,0.48953418955029493,0.7715745963057475,0.8090420319813442,0.7715745963057475,0.970851967974775,0.9727145405471094,0.04742965626661858,0.03880174278883402,199.9998136456078,199.9998136456078,21752.610570453427,7229.340259198715,1.646734225900432,False,calibration_residual,-7.967469158227085
grid_F0280_k0610__grid_F0360_k0590,grid_F0280_k0610,grid_F0360_k0590,0.028,0.061,0.036,0.059,0.5251805741347797,0.09796627253107021,0.23042483240881945,0.09796627253107021,0.580322713692154,0.7026419384611429,0.2986314394951647,0.1320223002171628,193.77141875057353,193.77141875057353,213710.79129021446,52082.87670797174,1.666719426191995,False,calibration_residual;endpoint_ess,-7.9728683750711475
grid_F0320_k0625__grid_F0360_k0590,grid_F0320_k0625,grid_F0360_k0590,0.032,0.0625,0.036,0.059,0.5178028052014412,0.9178343651253079,0.7477777966008826,0.7477777966008826,0.9904890859172414,0.9636951502451664,0.03698437463189615,0.05784616174752412,199.99815744925377,199.99815744925377,57809.58910571387,7535.279640762821,1.6528424598782356,False,calibration_residual,-7.973176514284012
grid_F0380_k0650__gs_03,grid_F0380_k0650,gs_03,0.038,0.065,0.026,0.055,0.30201639668367186,0.022322097944034964,0.0486607752109055,0.022322097944034964,0.1341875166853234,0.31820684849655306,0.8219554527348452,0.433607275444915,174.88641281288952,174.88641281288952,25684481.206956852,4272183.208457277,0.7582027386906044,False,calibration_residual;endpoint_ess;morphology_effect,-7.974956852981855
grid_F0280_k0610__grid_F0360_k0595,grid_F0280_k0610,grid_F0360_k0595,0.028,0.061,0.036,0.0595,0.4742194406395376,0.1384069712233839,0.1327089698184727,0.1327089698184727,0.666416329357125,0.6360299616691012,0.20120246906919592,0.2470182189089356,195.19346578650706,195.19346578650706,51758.384984454504,15914.871550184396,1.7018777859106549,False,calibration_residual;endpoint_ess,-7.991441018505463
grid_F0320_k0625__grid_F0320_k0580,grid_F0320_k0625,grid_F0320_k0580,0.032,0.0625,0.032,0.058,0.4254646408842503,0.8140680717520318,0.755484318176096,0.755484318176096,0.979965790593515,0.9643577532348808,0.052583916550962354,0.041005024913669544,199.99238567808882,199.99238567808882,49898.207137802034,13653.73401287106,1.6172015942211784,False,calibration_residual,-8.004675530595216
grid_F0260_k0605__grid_F0300_k0580,grid_F0260_k0605,grid_F0300_k0580,0.026,0.0605,0.03,0.058,0.3614227330194193,0.052280342602336695,0.11539338777753294,0.052280342602336695,0.31600066317757264,0.5690861231842481,0.4142071409067983,0.22371555002086527,191.70817562576,191.70817562576,62166.307961475286,33569.488546727865,1.5526675030024912,False,calibration_residual;endpoint_ess,-8.006601106984341
grid_F0320_k0630__grid_F0360_k0590,grid_F0320_k0630,grid_F0360_k0590,0.032,0.063,0.036,0.059,0.5669521464726182,0.8094800278706298,0.7370713380174286,0.7370713380174286,0.9837183283307656,0.9611146295228546,0.07321187216610774,0.056247976002572746,199.99936638965335,199.99936638965335,16501.40524424883,7426.636485231171,1.6206356339530072,False,calibration_residual,-8.010797016520947
gs_15__grid_F0300_k0570,gs_15,grid_F0300_k0570,0.03,0.062,0.03,0.057,0.4469757383946007,0.8177777822769641,0.8264455251339226,0.8177777822769641,0.9777490839411819,0.9761711841335758,0.04599075204822158,0.043154863919754614,199.98936155146063,199.98936155146063,32977.256026483694,11729.835272836634,1.5788254904605066,False,calibration_residual,-8.011753695974043
grid_F0300_k0615__grid_F0360_k0590,grid_F0300_k0615,grid_F0360_k0590,0.03,0.0615,0.036,0.059,0.5043841889822025,0.7865023628479814,0.7545838453203101,0.7545838453203101,0.9736204487471491,0.9646729581221346,0.052831907509457446,0.05637833754460107,199.99848826193642,199.99848826193642,24943.582398851548,7497.205491475926,1.6085669578973971,False,calibration_residual,-8.014065532539268
grid_F0320_k0625__grid_F0320_k0590,grid_F0320_k0625,grid_F0320_k0590,0.032,0.0625,0.032,0.059,0.33695124267976423,0.835578953119777,0.7523228583813284,0.7523228583813284,0.9820217372487112,0.9618142143853915,0.04361810536897149,0.042052367759308505,199.95829511015012,199.95829511015012,50006.590120208835,19491.78086659836,1.598672107295026,False,calibration_residual,-8.023081219021817
grid_F0360_k0630__grid_F0320_k0590,grid_F0360_k0630,grid_F0320_k0590,0.036,0.063,0.032,0.059,0.27536576081861364,0.03141099195483395,0.09836420415337273,0.03141099195483395,0.25481415779758815,0.5263202454178827,0.678429066000102,0.24665653811818808,179.0833646942671,179.0833646942671,178870.16144985502,156040.46016844688,0.9072022815893555,False,calibration_residual;endpoint_ess;morphology_effect,-8.031260457146583
grid_F0320_k0625__grid_F0340_k0595,grid_F0320_k0625,grid_F0340_k0595,0.032,0.0625,0.034,0.0595,0.37769268660595867,0.8867953761417525,0.6986998986830943,0.6986998986830943,0.9877524537562815,0.9548906253252084,0.041386180849330774,0.05478819316031743,199.9896419853253,199.9896419853253,52372.79446693854,16261.342284193557,1.6186696518357115,False,calibration_residual,-8.031462498089008
grid_F0300_k0625__grid_F0300_k0570,grid_F0300_k0625,grid_F0300_k0570,0.03,0.0625,0.03,0.057,0.505322991795254,0.8913999816046179,0.842004354531745,0.842004354531745,0.988570132259452,0.9780014186469898,0.0465229630899455,0.04021312453685657,199.9993431958128,199.9993431958128,165024.99853578446,13086.365999400945,1.5472199207980495,False,calibration_residual,-8.031745061726719
grid_F0260_k0605__gs_06,grid_F0260_k0605,gs_06,0.026,0.0605,0.038,0.061,0.41518771872907906,0.035632048957085355,0.0287953697087152,0.0287953697087152,0.23597868490050755,0.2260155999202344,0.5764150521100995,0.7142248924221897,187.22982170138076,187.22982170138076,17318.260851567382,193498.4351325572,1.3027909690902155,False,calibration_residual;endpoint_ess,-8.044302431124466
gs_16__grid_F0280_k0580,gs_16,grid_F0280_k0580,0.034,0.063,0.028,0.058,0.26532866113412945,0.016812666725839434,0.08261364287655866,0.016812666725839434,0.03818990554169827,0.561604769146598,0.9633427762860249,0.37362195949587734,187.07246758834967,187.07246758834967,656607.3034211147,141903.83944045013,1.2984588460520756,False,calibration_residual;endpoint_ess,-8.046758200002488
grid_F0260_k0605__grid_F0360_k0600,grid_F0260_k0605,grid_F0360_k0600,0.026,0.0605,0.036,0.06,0.43282939848621,0.0391162274152406,0.04733334391600527,0.0391162274152406,0.27474608229443603,0.4033870359499883,0.5717162511547044,0.5436236351016761,193.58370255114778,193.58370255114778,32414.68341369338,43286.72662810788,1.6117077211679527,False,calibration_residual;endpoint_ess,-8.047919292681815
grid_F0340_k0640__grid_F0360_k0590,grid_F0340_k0640,grid_F0360_k0590,0.034,0.064,0.036,0.059,0.6200849118377052,0.9196132781209175,0.7566400213453763,0.7566400213453763,0.9918278470627379,0.9653332255147068,0.03973596416849401,0.05597536643240343,199.99912582358675,199.99912582358675,215537.9353595284,7582.103381355822,1.5736390745571367,False,calibration_residual,-8.047997205949512
gs_15__grid_F0360_k0590,gs_15,grid_F0360_k0590,0.03,0.062,0.036,0.059,0.5484794250389414,0.9092043222738205,0.704969481859049,0.704969481859049,0.9894664771354945,0.9556625928141134,0.04209460520871995,0.06158495308026919,199.99707436249923,199.99707436249923,35167.04186124396,7531.999647597774,1.59709581644065,False,calibration_residual,-8.050273160754788
grid_F0320_k0625__grid_F0320_k0585,grid_F0320_k0625,grid_F0320_k0585,0.032,0.0625,0.032,0.0585,0.3797284487294088,0.7444222630601123,0.6882586045501251,0.6882586045501251,0.9707813168204502,0.9530245840769073,0.05810801653785359,0.05743669330830014,199.9291150440447,199.9291150440447,47374.69047808378,14842.000808575827,1.6017039511203284,False,calibration_residual,-8.050622498806845
gs_16__grid_F0340_k0595,gs_16,grid_F0340_k0595,0.034,0.063,0.034,0.0595,0.3541978243634553,0.7321770421874386,0.6956687955040276,0.6956687955040276,0.9712046064691909,0.9549315706958197,0.07323159220383442,0.05742065221077684,199.9935050281661,199.9935050281661,21551.976808491312,15259.605765892884,1.598270402054254,False,calibration_residual,-8.053570451602038
grid_F0260_k0605__grid_F0340_k0595,grid_F0260_k0605,grid_F0340_k0595,0.026,0.0605,0.034,0.0595,0.4018341257515035,0.04600253803673656,0.07983382477197493,0.04600253803673656,0.2991582103938267,0.4940067789018087,0.49231548785167795,0.3540492490610854,193.67717382839936,193.67717382839936,47759.50940314494,24881.58827283112,1.6041844774751517,False,calibration_residual;endpoint_ess,-8.056672944926449
grid_F0300_k0615__grid_F0340_k0595,grid_F0300_k0615,grid_F0340_k0595,0.03,0.0615,0.034,0.0595,0.3645979743189751,0.7759776868140388,0.7370587091533577,0.7370587091533577,0.9742969973257543,0.9614234717640396,0.05940545974198606,0.0467525285824727,199.9841915549609,199.9841915549609,22671.332185349493,16463.068054818767,1.5689846198366364,False,calibration_residual,-8.06169560333473
gs_16__grid_F0320_k0580,gs_16,grid_F0320_k0580,0.034,0.063,0.032,0.058,0.40165668693031054,0.6463338007663139,0.7462197889453186,0.6463338007663139,0.9571359261898368,0.9632290502965498,0.07922166222055697,0.042373841873616806,199.99678726414393,199.99678726414393,18897.670069496526,12173.893336985495,1.5958539284834614,False,calibration_residual,-8.08081853434058
grid_F0300_k0625__grid_F0360_k0590,grid_F0300_k0625,grid_F0360_k0590,0.03,0.0625,0.036,0.059,0.6063039685302618,0.9497743114388351,0.7170369163323261,0.7170369163323261,0.9938698934598971,0.9599118199214453,0.02988209706157759,0.06634382632014509,199.998551631595,199.998551631595,189719.45905376557,7833.647646874688,1.549356185214398,False,calibration_residual,-8.09205293819919
gs_15__grid_F0320_k0580,gs_15,grid_F0320_k0580,0.03,0.062,0.032,0.058,0.45594493028961286,0.8125598339193463,0.6838487476086368,0.6838487476086368,0.9769158571981018,0.9511713154577477,0.04604669010301919,0.04801142620767069,199.99017565502245,199.99017565502245,32941.3025212156,13985.640432926675,1.5650618991484593,False,calibration_residual,-8.092522509798346
grid_F0300_k0615__grid_F0300_k0570,grid_F0300_k0615,grid_F0300_k0570,0.03,0.0615,0.03,0.057,0.4022503864322261,0.6705166456390755,0.8812041800236206,0.6705166456390755,0.9616367311968262,0.9840338991817456,0.07875680085933347,0.03666923378768801,199.97038080055302,199.97038080055302,24180.17857007571,12824.404005631119,1.5698369158332726,False,calibration_residual,-8.093423801374842
gs_16__grid_F0300_k0570,gs_16,grid_F0300_k0570,0.034,0.063,0.03,0.057,0.4161036252397375,0.601502681607353,0.8437458684077398,0.601502681607353,0.949990736034042,0.9796006747638807,0.08843637109452589,0.04609549184547467,199.99597653609214,199.99597653609214,18346.01644555964,10470.942830601369,1.6054196957630815,False,calibration_residual,-8.09362779023785
grid_F0340_k0640__grid_F0300_k0570,grid_F0340_k0640,grid_F0300_k0570,0.034,0.064,0.03,0.057,0.5168295744035681,0.7113610140731084,0.857076504803367,0.7113610140731084,0.9659170451366502,0.980735311588265,0.05936141906991458,0.041789849966883716,199.99748796414514,199.99748796414514,133280.8111636511,12180.424973017676,1.5473791850569198,False,calibration_residual,-8.096814706113783
gs_15__grid_F0320_k0590,gs_15,grid_F0320_k0590,0.03,0.062,0.032,0.059,0.3673134822009482,0.8311711584140853,0.6871074954227021,0.6871074954227021,0.9802314364466327,0.9494606989063215,0.0464914571611713,0.05052334500680943,199.94958152177347,199.94958152177347,33640.97454865355,21447.03246638397,1.5494930776840279,False,calibration_residual,-8.104432250693295
grid_F0300_k0625__grid_F0320_k0580,grid_F0300_k0625,grid_F0320_k0580,0.03,0.0625,0.032,0.058,0.5142382911656409,0.8888119656728988,0.7178139910319211,0.7178139910319211,0.9884183166405617,0.9572034371052548,0.04828906255100574,0.04349681701820353,199.99831360407245,199.99831360407245,161348.79183382975,15298.166190255602,1.532629698506555,False,calibration_residual,-8.108378986181107
gs_16__grid_F0360_k0595,gs_16,grid_F0360_k0595,0.034,0.063,0.036,0.0595,0.43867348281346474,0.7910890736416893,0.5835178740518759,0.5835178740518759,0.9767748430673874,0.9376750094891022,0.054081518445803764,0.08484874055430966,199.99794755374074,199.99794755374074,21827.62003303758,14781.274783048984,1.5958149594351567,False,calibration_residual,-8.112323481225943
grid_F0300_k0615__grid_F0320_k0590,grid_F0300_k0615,grid_F0320_k0590,0.03,0.0615,0.032,0.059,0.3234259334193703,0.6883390911431472,0.7786191486745719,0.6883390911431472,0.9653638442169458,0.9660638614576514,0.0811385650697995,0.03848935827568165,199.96151270446873,199.96151270446873,22942.142617900387,20573.78200989371,1.5389943997442752,False,calibration_residual,-8.114911689907588
grid_F0340_k0640__grid_F0320_k0580,grid_F0340_k0640,grid_F0320_k0580,0.034,0.064,0.032,0.058,0.5260682522083436,0.7165845253958134,0.7510610204543438,0.7165845253958134,0.967370532933167,0.9633298643273874,0.06281519336373997,0.041010425867889076,199.99614748599566,199.99614748599566,126647.78822119816,13809.023100533535,1.5263318215622228,False,calibration_residual,-8.115183290039655
grid_F0360_k0630__grid_F0360_k0590,grid_F0360_k0630,grid_F0360_k0590,0.036,0.063,0.036,0.059,0.4224891356581595,0.8880654083285074,0.8182472524046207,0.8182472524046207,0.9859189592831901,0.9763317317348184,0.032998289889210254,0.05194412050847747,199.9987811146814,199.9987811146814,28188.36143724106,8336.895801630064,1.4727715553476368,False,calibration_residual,-8.118043874184124
grid_F0320_k0625__grid_F0360_k0595,grid_F0320_k0625,grid_F0360_k0595,0.032,0.0625,0.036,0.0595,0.461017260643751,0.852822789767555,0.5658096572639362,0.5658096572639362,0.9844113939553565,0.9309469933049891,0.048511027335833984,0.07898953367485989,199.99798746015543,199.99798746015543,52500.26116839394,14942.429233358773,1.5987104953621014,False,calibration_residual,-8.118284049013702
grid_F0280_k0610__grid_F0300_k0570,grid_F0280_k0610,grid_F0300_k0570,0.028,0.061,0.03,0.057,0.4371664659334812,0.19037126126355133,0.46715371035072806,0.19037126126355133,0.7386801669204434,0.8856955986695558,0.19818227883781586,0.08292554709234026,195.9926305038331,195.9926305038331,17399.41614282624,35242.52774658657,1.581921682944616,False,calibration_residual;endpoint_ess,-8.122524211615264
grid_F0300_k0615__grid_F0320_k0580,grid_F0300_k0615,grid_F0320_k0580,0.03,0.0615,0.032,0.058,0.4115829907872598,0.6505750071744246,0.7719827145605814,0.6505750071744246,0.9582249709291569,0.9670614772446369,0.08173852607574958,0.03905599703190139,199.97880758876357,199.97880758876357,24848.221086793274,13439.942772966122,1.548859131924587,False,calibration_residual,-8.12479374392638
gs_15__grid_F0340_k0595,gs_15,grid_F0340_k0595,0.03,0.062,0.034,0.0595,0.40790882852515636,0.8803980541891516,0.6232429070013551,0.6232429070013551,0.985871677760389,0.9397979582294101,0.03957814160586676,0.06775541968215004,199.98279098707562,199.98279098707562,33898.30711310718,17100.254732849062,1.5621316926239879,False,calibration_residual,-8.125386403229117
grid_F0320_k0630__grid_F0340_k0595,grid_F0320_k0630,grid_F0340_k0595,0.032,0.063,0.034,0.0595,0.42501802898808744,0.6709327437816918,0.5866935001352042,0.5866935001352042,0.9665850431300875,0.9332699304263893,0.088776837068835,0.07878584410080976,199.992401307482,199.992401307482,13527.071550692974,16217.017701439117,1.5799911389447376,False,calibration_residual,-8.12628217636176
grid_F0320_k0630__grid_F0320_k0580,grid_F0320_k0630,grid_F0320_k0580,0.032,0.063,0.032,0.058,0.47329288077771714,0.547697573719394,0.6880350961789036,0.547697573719394,0.9516946238626283,0.9525118046942624,0.11891476987903811,0.048696196696272905,199.99833071514118,199.99833071514118,11825.097476889223,13619.494266549236,1.5916472483983441,False,calibration_residual,-8.134420500499019
grid_F0280_k0615__grid_F0300_k0570,grid_F0280_k0615,grid_F0300_k0570,0.028,0.0615,0.03,0.057,0.484998839760153,0.6474424153734075,0.666032149071528,0.6474424153734075,0.9459767847938206,0.9477983436823472,0.0811369152553673,0.07408783724026671,199.9939241486441,199.9939241486441,13924.081350990144,14352.321653274212,1.5399721192575135,False,calibration_residual,-8.13600288048799
grid_F0320_k0615__grid_F0360_k0590,grid_F0320_k0615,grid_F0360_k0590,0.032,0.0615,0.036,0.059,0.41639357520466336,0.8651414872880622,0.7369840706895623,0.7369840706895623,0.9814886629540719,0.9641349956126043,0.03530018884351324,0.06534727946493055,199.99445187047814,199.99445187047814,21246.027675192712,8030.44779082555,1.4932987959558202,False,calibration_residual,-8.137931762223307
grid_F0320_k0630__grid_F0300_k0570,grid_F0320_k0630,grid_F0300_k0570,0.032,0.063,0.03,0.057,0.4639252726732357,0.5139663591153825,0.8162603702096283,0.5139663591153825,0.9454898731690685,0.9744573761902383,0.12550226319441227,0.04755235303834172,199.99853794349016,199.99853794349016,11472.548737239667,11469.87086466074,1.604026748641988,False,calibration_residual,-8.13891696897483
grid_F0320_k0625__grid_F0320_k0595,grid_F0320_k0625,grid_F0320_k0595,0.032,0.0625,0.032,0.0595,0.29287904621090066,0.8897355423782,0.7391804182000216,0.7391804182000216,0.9881265321289125,0.9631218009220659,0.04100704185024851,0.05309759428100356,199.9890722760768,199.9890722760768,52206.58114449265,15373.478773137685,1.486895988129942,False,calibration_residual,-8.142967416573889
grid_F0260_k0605__grid_F0300_k0585,grid_F0260_k0605,grid_F0300_k0585,0.026,0.0605,0.03,0.0585,0.3098896942933551,0.04680653643812903,0.07292219716734415,0.04680653643812903,0.3021974405467625,0.4700219586361928,0.4836818110361881,0.3498831007992735,191.6439959810349,191.6439959810349,45760.32525101484,189035.72969569234,1.4137996767291567,False,calibration_residual;endpoint_ess,-8.144996854103523
gs_15__grid_F0320_k0585,gs_15,grid_F0320_k0585,0.03,0.062,0.032,0.0585,0.4099978494952332,0.7443534345521079,0.5877731467053198,0.5877731467053198,0.9676826543612049,0.9331462398554015,0.05741890961769359,0.07551065881992153,199.87415545296972,199.87415545296972,32595.852431141033,15509.222517688637,1.5518056823769868,False,calibration_residual,-8.14801551691884
grid_F0300_k0615__grid_F0320_k0585,grid_F0300_k0615,grid_F0320_k0585,0.03,0.0615,0.032,0.0585,0.3662456964117894,0.6161526442744311,0.7383629105087727,0.6161526442744311,0.9547762599086596,0.9614930920877313,0.09317592249489143,0.0559034392150718,199.91176645258568,199.91176645258568,24597.173270968968,14205.64980882027,1.5394828130816889,False,calibration_residual,-8.14802918741038
grid_F0320_k0615__grid_F0300_k0570,grid_F0320_k0615,grid_F0300_k0570,0.032,0.0615,0.03,0.057,0.3993233153571685,0.821224593780991,0.8697721712754601,0.821224593780991,0.9757532693512438,0.9820907382560787,0.040391865659600984,0.040948407753264915,199.997974373838,199.997974373838,24064.417910373526,14330.356382322203,1.4404167585429317,False,calibration_residual,-8.148869663258473
grid_F0320_k0630__grid_F0320_k0590,grid_F0320_k0630,grid_F0320_k0590,0.032,0.063,0.032,0.059,0.38340527018472004,0.5714376872954033,0.6129232238787939,0.5714376872954033,0.9493834113950348,0.9351822554058735,0.09789630937585074,0.060885445650718316,199.95775300317985,199.95775300317985,12642.351760694,20197.098865069536,1.5621051269734476,False,calibration_residual,-8.150063679537844
grid_F0300_k0615__grid_F0320_k0595,grid_F0300_k0615,grid_F0320_k0595,0.03,0.0615,0.032,0.0595,0.2802946932679291,0.8147846896830803,0.7841132292587795,0.7841132292587795,0.9796508246509565,0.9703269979736174,0.05374221070172989,0.048023343026014895,199.99146733606327,199.99146733606327,21255.169771901936,15548.03245959355,1.451808933227566,False,calibration_residual,-8.155707818946208
gs_16__grid_F0360_k0605,gs_16,grid_F0360_k0605,0.034,0.063,0.036,0.0605,0.3401187069699069,0.8842901496741227,0.7023141865678072,0.7023141865678072,0.987844757973413,0.9568981695764455,0.04531906380176291,0.05043830249793889,199.99940349628196,199.99940349628196,25506.808285591604,12394.885562759224,1.49237825866635,False,calibration_residual,-8.156434822863845
grid_F0300_k0625__grid_F0320_k0585,grid_F0300_k0625,grid_F0320_k0585,0.03,0.0625,0.032,0.0585,0.4682732155185466,0.8122872753499304,0.618666329716768,0.618666329716768,0.9803530535021016,0.937706400391023,0.06129871397361722,0.06137359232552582,199.96989057473974,199.96989057473974,148914.81108887593,17562.48306189087,1.52928001213414,False,calibration_residual,-8.159881351744463
grid_F0420_k0650__grid_F0340_k0600,grid_F0420_k0650,grid_F0340_k0600,0.042,0.065,0.034,0.06,0.3279195200757363,0.06278190921868546,0.094193599590274,0.06278190921868546,0.4844625914023511,0.5472649028617824,0.4586405130602987,0.32448835251539787,185.39679398975414,185.39679398975414,44086.047072992485,59246.573675206244,1.076672914506791,False,calibration_residual;endpoint_ess,-8.161775830371575
grid_F0300_k0615__grid_F0360_k0595,grid_F0300_k0615,grid_F0360_k0595,0.03,0.0615,0.036,0.0595,0.44788522500792904,0.7419475228803643,0.5826346366710612,0.5826346366710612,0.9683926492226491,0.9370425363827728,0.05665883085850543,0.08110420441720947,199.99921543317254,199.99921543317254,24465.563381504548,15483.649659554061,1.5428554441624829,False,calibration_residual,-8.165788009160615
grid_F0320_k0630__grid_F0360_k0595,grid_F0320_k0630,grid_F0360_k0595,0.032,0.063,0.036,0.0595,0.5092292366260556,0.6450626870140049,0.5205399984662895,0.5205399984662895,0.9666916969307671,0.9184257381500618,0.10221072471195407,0.08731173437476454,199.99379422772648,199.99379422772648,13166.51045188846,14380.34327964327,1.571509917799258,False,calibration_residual,-8.167909794353921
grid_F0320_k0625__grid_F0360_k0605,grid_F0320_k0625,grid_F0360_k0605,0.032,0.0625,0.036,0.0605,0.36271404495944903,0.951682533028218,0.6968593214853117,0.6968593214853117,0.9946526964645171,0.9552432317848392,0.0317717796799795,0.050300284621134776,199.99865160752134,199.99865160752134,56921.16099187744,13346.647110120653,1.4824268201137187,False,calibration_residual,-8.169076099519694
gs_17__grid_F0300_k0585,gs_17,grid_F0300_k0585,0.038,0.064,0.03,0.0585,0.380443803894127,0.5610869822149511,0.7806202571086858,0.5610869822149511,0.9392057185336842,0.9678915062490577,0.09955842559933971,0.038410917214066954,199.93762086862776,199.93762086862776,24835.113410147664,9688.103810108318,1.5394224195848343,False,calibration_residual,-8.17691513273908
grid_F0340_k0640__grid_F0320_k0585,grid_F0340_k0640,grid_F0320_k0585,0.034,0.064,0.032,0.0585,0.4793962574562147,0.6280624932211003,0.6814332881285488,0.6280624932211003,0.9528173205082129,0.9514149593229687,0.07137741664391069,0.06308948122822827,199.96349482486815,199.96349482486815,104008.57769506481,15250.350334425508,1.5064935198108456,False,calibration_residual,-8.177649974822012
gs_16__gs_06,gs_16,gs_06,0.034,0.063,0.038,0.061,0.36179305152791486,0.929207347837465,0.7511537166142908,0.7511537166142908,0.9922251668145285,0.9614943886293651,0.03550004582071748,0.03429392553388932,199.99929477825623,199.99929477825623,27775.77747423447,12967.327338660452,1.4458152774567814,False,calibration_residual,-8.178572603148886
grid_F0300_k0630__grid_F0300_k0570,grid_F0300_k0630,grid_F0300_k0570,0.03,0.063,0.03,0.057,0.5555631688567617,0.7994204427764509,0.8380156199928153,0.7994204427764509,0.9790296639047306,0.9773705591957772,0.05873685183012601,0.04197885493263505,199.99319857711487,199.99319857711487,97174.50187023407,14710.001310545724,1.4213178672207107,False,calibration_residual,-8.178631840246808
grid_F0280_k0615__grid_F0360_k0590,grid_F0280_k0615,grid_F0360_k0590,0.028,0.0615,0.036,0.059,0.5849778009228046,0.5923239273849507,0.6177765663068449,0.5923239273849507,0.9416028605535952,0.9329651910654633,0.09650004251385094,0.06818203824260771,199.99064698582725,199.99064698582725,18654.722506572696,7786.711421957531,1.523094246263703,False,calibration_residual,-8.180276139335186
gs_16__grid_F0320_k0585,gs_16,grid_F0320_k0585,0.034,0.063,0.032,0.0585,0.35476650844683966,0.5201686171079013,0.6495874432531736,0.5201686171079013,0.9347188855843079,0.9476069329748479,0.10482821195777171,0.07251818123590963,199.95613354746365,199.95613354746365,17110.757296586824,12766.707776420804,1.556168042990869,False,calibration_residual,-8.181554325828364
grid_F0320_k0615__grid_F0340_k0595,grid_F0320_k0615,grid_F0340_k0595,0.032,0.0615,0.034,0.0595,0.27670257295946676,0.8579762607202187,0.771029518956787,0.771029518956787,0.98232258870784,0.9665406998485551,0.04027822741344629,0.03924588919597096,199.99946194670113,199.99946194670113,23866.10334376108,17578.428088447712,1.432622177944682,False,calibration_residual,-8.181836159911983
grid_F0340_k0640__grid_F0340_k0595,grid_F0340_k0640,grid_F0340_k0595,0.034,0.064,0.034,0.0595,0.4766207068066847,0.7143140268857541,0.6078356684426007,0.6078356684426007,0.9660616448767357,0.937058234491254,0.06028198802396138,0.07201790408917054,199.99600227982108,199.99600227982108,139083.68492493808,16690.78781104475,1.5102831701201003,False,calibration_residual,-8.185599109649655
grid_F0280_k0605__grid_F0360_k0590,grid_F0280_k0605,grid_F0360_k0590,0.028,0.0605,0.036,0.059,0.49195380022507396,0.15124716768563193,0.25456777967929023,0.15124716768563193,0.6602157322417376,0.7838904436504801,0.20814227900361779,0.18147592598586915,195.34180536105356,195.34180536105356,35021.65080449037,30708.030584298223,1.5005130188200808,False,calibration_residual;endpoint_ess,-8.190953665389781
grid_F0300_k0615__grid_F0360_k0605,grid_F0300_k0615,grid_F0360_k0605,0.03,0.0615,0.036,0.0605,0.3498824268154209,0.856719110619471,0.7229443751873045,0.7229443751873045,0.9832928314734284,0.9601429731878073,0.04447647939357342,0.0474780813258876,199.99723846194854,199.99723846194854,22049.719965908524,13310.73586759235,1.4458620264395663,False,calibration_residual,-8.192527709064208
grid_F0280_k0610__grid_F0320_k0580,grid_F0280_k0610,grid_F0320_k0580,0.028,0.061,0.032,0.058,0.44701723034879015,0.25958370957932897,0.36730855105576043,0.25958370957932897,0.793968613180991,0.8556206136382779,0.14475723751724695,0.1188639041395883,197.747304426708,197.747304426708,16467.387788805874,37557.10325171789,1.56455432820961,False,calibration_residual,-8.193019038336127
grid_F0300_k0625__grid_F0320_k0590,grid_F0300_k0625,grid_F0320_k0590,0.03,0.0625,0.032,0.059,0.42386007826701966,0.8346263285048169,0.5674706290002043,0.5674706290002043,0.9812006026918916,0.9244465541035425,0.048290298478103365,0.06736695906761579,199.96951402773462,199.96951402773462,166938.97100191214,21359.603354545405,1.517808656942165,False,calibration_residual,-8.196931729944463
grid_F0300_k0625__grid_F0340_k0595,grid_F0300_k0625,grid_F0340_k0595,0.03,0.0625,0.034,0.0595,0.46479972656293755,0.8886836208165386,0.5445826194492651,0.5445826194492651,0.9880709609788538,0.9226561133462746,0.04502066206126735,0.08616531452314373,199.99806095521888,199.99806095521888,170861.02133942643,17297.148439756045,1.5268497016589893,False,calibration_residual,-8.200762036377323
grid_F0280_k0605__gs_03,grid_F0280_k0605,gs_03,0.028,0.0605,0.026,0.055,0.3433536214375834,0.10108354116331156,0.14240329607082136,0.10108354116331156,0.6326317394529524,0.6419362579009811,0.32316512385864016,0.22802002722597906,199.9550471801651,199.9550471801651,15524.835160618632,26327.37539494473,1.7460572086586297,False,calibration_residual;endpoint_ess,-8.201153379767971
grid_F0280_k0615__grid_F0320_k0590,grid_F0280_k0615,grid_F0320_k0590,0.028,0.0615,0.032,0.059,0.4055584513467711,0.7974403830333523,0.516760726708464,0.516760726708464,0.9718218228034008,0.9085415932877889,0.056848660170014526,0.06807188772864985,199.86545892121137,199.86545892121137,10099.082147942692,24448.34000794269,1.5325446378162277,False,calibration_residual,-8.20234794489011
grid_F0280_k0610__grid_F0340_k0595,grid_F0280_k0610,grid_F0340_k0595,0.028,0.061,0.034,0.0595,0.4005202271377586,0.40263094791406023,0.38224719452278927,0.38224719452278927,0.8714091769057631,0.8526517549303402,0.0943169578459067,0.09060265733568787,199.46023035204294,199.46023035204294,12987.631371836822,20400.85104609008,1.5792506349660282,False,calibration_residual,-8.202637285374724
grid_F0280_k0610__grid_F0320_k0590,grid_F0280_k0610,grid_F0320_k0590,0.028,0.061,0.032,0.059,0.3627073515259043,0.46912493823609686,0.4815718891992808,0.46912493823609686,0.8975657151524811,0.8971817297566369,0.0880307267449455,0.08218623692100656,199.69152968425132,199.69152968425132,8882.297620847345,25524.895430174194,1.5471749592140407,False,calibration_residual,-8.202839055880478
gs_17__grid_F0360_k0595,gs_17,grid_F0360_k0595,0.038,0.064,0.036,0.0595,0.42963818476248916,0.5805533019405822,0.5790200134142706,0.5790200134142706,0.9363536650902639,0.9413559797883184,0.07800679225589321,0.09770520761179903,199.99805276450857,199.99805276450857,19766.768512728053,13366.487545358983,1.505118106592819,False,calibration_residual,-8.205274524925475
grid_F0320_k0625__grid_F0340_k0600,grid_F0320_k0625,grid_F0340_k0600,0.032,0.0625,0.034,0.06,0.32987918806406785,0.9444419572772298,0.6343474425549689,0.6343474425549689,0.9938564021197411,0.9484009132529954,0.031116490448377103,0.06364252632537581,199.99871133567234,199.99871133567234,55441.41827985739,11556.844893022344,1.4765186517582016,False,calibration_residual,-8.206243193747932
gs_15__grid_F0320_k0595,gs_15,grid_F0320_k0595,0.03,0.062,0.032,0.0595,0.32360709012752,0.8973689824413295,0.6965582382552831,0.6965582382552831,0.9883953718842696,0.9559124290141519,0.035715456115435584,0.05979932216601068,199.99376221554905,199.99376221554905,34242.65235267752,16266.506222580108,1.4449886902113755,False,calibration_residual,-8.206420301438436
grid_F0280_k0605__grid_F0340_k0595,grid_F0280_k0605,grid_F0340_k0595,0.028,0.0605,0.034,0.0595,0.36607654713655907,0.4849382161372666,0.5466336111965681,0.4849382161372666,0.8861420781102028,0.9195784569679258,0.07039117220960951,0.05929755733187139,199.99370584506056,199.99370584506056,3918.1192292519304,22883.563585116164,1.5496664167746614,False,calibration_residual,-8.207549767409734
grid_F0320_k0625__gs_06,grid_F0320_k0625,gs_06,0.032,0.0625,0.038,0.061,0.3838293097314506,0.9609236258665745,0.7329438602889026,0.7329438602889026,0.9953785135797982,0.9579617229133413,0.02846513342405481,0.036275888672199254,199.9991644242095,199.9991644242095,59647.853800736775,13703.874223329789,1.4242940405739737,False,calibration_residual,-8.209192250492052
grid_F0280_k0615__grid_F0320_k0580,grid_F0280_k0615,grid_F0320_k0580,0.028,0.0615,0.032,0.058,0.4936295671275721,0.6664128618727316,0.5050264374528591,0.5050264374528591,0.950342253177789,0.908190647674617,0.07973408320849204,0.07637937440249164,199.9904517009479,199.9904517009479,13824.437435646978,19137.502381582326,1.53761218436805,False,calibration_residual,-8.209397181952914
gs_16__grid_F0320_k0590,gs_16,grid_F0320_k0590,0.034,0.063,0.032,0.059,0.3106166853878436,0.513870449822678,0.6719827022140616,0.513870449822678,0.9368201634872505,0.9480773493314942,0.11477383990998553,0.05880768483931279,199.96107651213237,199.96107651213237,18428.017793036644,19957.665992703907,1.5305985214948894,False,calibration_residual,-8.21052007920039
grid_F0340_k0640__grid_F0320_k0590,grid_F0340_k0640,grid_F0320_k0590,0.034,0.064,0.032,0.059,0.4341453265348865,0.59083329265473,0.6397231995231124,0.59083329265473,0.9433206405656789,0.9400334283077211,0.07467798838229403,0.05828758141456454,199.9656645894246,199.9656645894246,112371.97507725467,22137.34708054515,1.4902225236153321,False,calibration_residual,-8.212644059528532
grid_F0300_k0615__grid_F0340_k0600,grid_F0300_k0615,grid_F0340_k0600,0.03,0.0615,0.034,0.06,0.31749647718774066,0.8644741010349043,0.6842825961144984,0.6842825961144984,0.9846074622123538,0.9572482594310255,0.04265422864650689,0.05976826295242246,199.99853753661282,199.99853753661282,21152.72532316419,11892.41834968091,1.4437690549309639,False,calibration_residual,-8.21401652384243
grid_F0380_k0650__grid_F0360_k0590,grid_F0380_k0650,grid_F0360_k0590,0.038,0.065,0.036,0.059,0.6391508872174335,0.6276337690711259,0.7270048457242094,0.6276337690711259,0.945801730849122,0.9617881580223193,0.07680344979795532,0.06608504867519072,199.99881890600935,199.99881890600935,18276.55149362651,7803.952720131159,1.469815734874898,False,calibration_residual,-8.216308325890006
grid_F0280_k0615__gs_03,grid_F0280_k0615,gs_03,0.028,0.0615,0.026,0.055,0.3734213011052611,0.14795988164919022,0.17854672085088882,0.14795988164919022,0.7807761576349573,0.6852495301600574,0.2977029923802019,0.20630395169466706,199.9721446655597,199.9721446655597,6649.35136482335,19373.201615723414,1.7083139110047842,False,calibration_residual;endpoint_ess,-8.216313381448607
grid_F0300_k0630__grid_F0360_k0590,grid_F0300_k0630,grid_F0360_k0590,0.03,0.063,0.036,0.059,0.6570480222005095,0.9045156196823904,0.6777255611416387,0.6777255611416387,0.9891265926612777,0.9563724071484905,0.04072705395172619,0.07913762724275293,199.9959196057731,199.9959196057731,123937.68078930378,8509.398543096411,1.4417816066027296,False,calibration_residual,-8.219151593115107
grid_F0280_k0605__grid_F0300_k0570,grid_F0280_k0605,grid_F0300_k0570,0.028,0.0605,0.03,0.057,0.4038585671413688,0.49405628508581784,0.5817545040866355,0.49405628508581784,0.8886871193404835,0.9353227762631278,0.06520034129186367,0.07756984203958855,199.99074637368662,199.99074637368662,3614.321344771795,36884.79786567595,1.5314721605936397,False,calibration_residual,-8.221037015547784
grid_F0340_k0640__grid_F0360_k0595,grid_F0340_k0640,grid_F0360_k0595,0.034,0.064,0.036,0.0595,0.5620280702910984,0.7937646215444679,0.5501129459341619,0.5501129459341619,0.9782163044851755,0.9305363598676016,0.05786737805445917,0.08793343355743966,199.99965781064265,199.99965781064265,145034.87991503085,15898.088229220632,1.5022678678284387,False,calibration_residual,-8.222658549736613
grid_F0300_k0625__grid_F0360_k0595,grid_F0300_k0625,grid_F0360_k0595,0.03,0.0625,0.036,0.0595,0.5493136752623775,0.9175247346101616,0.5260967635249697,0.5260967635249697,0.991059034168763,0.9222296770442375,0.04269476535321474,0.08159243833498665,199.99921383445954,199.99921383445954,165210.67820484928,16443.77976182059,1.510863286148101,False,calibration_residual,-8.226049023812392
grid_F0280_k0610__grid_F0320_k0585,grid_F0280_k0610,grid_F0320_k0585,0.028,0.061,0.032,0.0585,0.4041025246897432,0.3371284127663592,0.39930950884625377,0.3371284127663592,0.8402688049184193,0.8601496966334603,0.11369726911402415,0.07930262881921134,198.72098556517105,198.72098556517105,10071.06298398585,32188.212499874793,1.5410799376402171,False,calibration_residual,-8.226405134235156
gs_15__grid_F0360_k0595,gs_15,grid_F0360_k0595,0.03,0.062,0.036,0.0595,0.49106555826877396,0.8474476458247624,0.4649993364718058,0.4649993364718058,0.9813396884691644,0.9045678620280039,0.039347285670548064,0.10161316837192626,199.983114299145,199.983114299145,33409.5723145661,15226.00790365043,1.5389014770126377,False,calibration_residual,-8.22775456970871
grid_F0320_k0615__grid_F0320_k0585,grid_F0320_k0615,grid_F0320_k0585,0.032,0.0615,0.032,0.0585,0.27810746017360727,0.7831901656043858,0.7447617947950935,0.7447617947950935,0.9713235428606591,0.9614409393513552,0.04745684533851729,0.05581739465197579,199.99328268540208,199.99328268540208,26410.62024844308,15003.871658679533,1.398439775713161,False,calibration_residual,-8.228843461159398
grid_F0300_k0615__gs_06,grid_F0300_k0615,gs_06,0.03,0.0615,0.038,0.061,0.38234037249042196,0.870820541962613,0.7538176627623635,0.7538176627623635,0.9845299292021616,0.9621064749618496,0.04121679531667404,0.03439403733140511,199.99904991633034,199.99904991633034,22096.966665333977,13335.700407472383,1.3918801148859434,False,calibration_residual,-8.231163549549391
grid_F0280_k0605__grid_F0320_k0590,grid_F0280_k0605,grid_F0320_k0590,0.028,0.0605,0.032,0.059,0.3272920540507672,0.5229859473744307,0.6124735847940138,0.5229859473744307,0.898918833298407,0.9365185972159087,0.06384859939247321,0.06801102059398757,199.99604774407288,199.99604774407288,3802.4596308683726,23776.052055764645,1.5058997195779498,False,calibration_residual,-8.232409693938479
grid_F0320_k0615__grid_F0320_k0580,grid_F0320_k0615,grid_F0320_k0580,0.032,0.0615,0.032,0.058,0.3229684687999936,0.7704501097480805,0.7341365090163703,0.7341365090163703,0.96854544586543,0.9609052149783648,0.04846292226096778,0.05249612658451187,199.9803721428517,199.9803721428517,26480.524356170074,14804.339727551447,1.3993674613208433,False,calibration_residual,-8.232582891313559
grid_F0260_k0605__gs_03,grid_F0260_k0605,gs_03,0.026,0.0605,0.026,0.055,0.3409575497589459,0.07502742490707874,0.08051058068433174,0.07502742490707874,0.4587015151196556,0.529692923664819,0.28489346342761046,0.35830046486146183,199.99002111904431,199.99002111904431,19802.58543732421,52283.10995521274,1.7276543847981132,False,calibration_residual;endpoint_ess,-8.234332958700563
grid_F0320_k0630__grid_F0320_k0585,grid_F0320_k0630,grid_F0320_k0585,0.032,0.063,0.032,0.0585,0.4257841676861233,0.37823060868770203,0.5343985850297035,0.37823060868770203,0.911686039398475,0.9193803714760136,0.15702994510155616,0.07129186836183213,199.97142761471582,199.97142761471582,9930.739609805489,16182.17011999726,1.5721805984328332,False,calibration_residual,-8.237275477959107
gs_17__gs_06,gs_17,gs_06,0.038,0.064,0.038,0.061,0.3541359322708981,0.7869863473257334,0.7472718063862861,0.7472718063862861,0.9725864952753014,0.9609439759905043,0.042711488840996556,0.035555705413917366,199.99972306256947,199.99972306256947,23440.001372171322,11665.664198681807,1.3873760156140775,False,calibration_residual,-8.238974234321255
grid_F0280_k0610__grid_F0300_k0585,grid_F0280_k0610,grid_F0300_k0585,0.028,0.061,0.03,0.0585,0.3135517110010136,0.56772145533917,0.6231537840597109,0.56772145533917,0.9311083300715609,0.9441959609475641,0.08253243186422071,0.0708657695904693,199.87577747677912,199.87577747677912,6849.521592258663,10496.76788270989,1.4707650483430403,False,calibration_residual,-8.239163097826331
grid_F0300_k0630__grid_F0320_k0580,grid_F0300_k0630,grid_F0320_k0580,0.03,0.063,0.032,0.058,0.5641261023998037,0.7558293210342152,0.7138640506825924,0.7138640506825924,0.9744364557096655,0.9563313332507111,0.06538857484136053,0.0415894967296427,199.99228142680462,199.99228142680462,78127.80645994344,16490.48499914075,1.3987088969272552,False,calibration_residual,-8.243973149071682
grid_F0280_k0615__grid_F0340_k0595,grid_F0280_k0615,grid_F0340_k0595,0.028,0.0615,0.034,0.0595,0.4452177379830873,0.762865666788971,0.4434471454537976,0.4434471454537976,0.9673129393419827,0.8898686325013392,0.06565961983737272,0.10539238662664666,199.9420505846562,199.9420505846562,11600.028397146474,20132.257030782624,1.5304638291902282,False,calibration_residual,-8.244915127315684
grid_F0280_k0615__grid_F0320_k0585,grid_F0280_k0615,grid_F0320_k0585,0.028,0.0615,0.032,0.0585,0.44786323968925557,0.6982312485031215,0.39851106858596086,0.39851106858596086,0.9514115264095787,0.8650674229599964,0.061772064898101935,0.08451096282303344,199.7918806744853,199.7918806744853,11220.150077561382,24012.820213985684,1.5427642132259864,False,calibration_residual,-8.2475742862053
grid_F0320_k0630__grid_F0360_k0605,grid_F0320_k0630,grid_F0360_k0605,0.032,0.063,0.036,0.0605,0.41070692686466037,0.8417813439878216,0.6278988345875326,0.6278988345875326,0.9852466929396871,0.9412506354358596,0.061512425432432044,0.05788718074105193,199.9992078744538,199.9992078744538,17135.046804575017,12664.982388711087,1.4383224412627171,False,calibration_residual,-8.247688535166207
gs_15__grid_F0360_k0605,gs_15,grid_F0360_k0605,0.03,0.062,0.036,0.0605,0.39309569671155253,0.9435002278253338,0.6443646042802786,0.6443646042802786,0.9934291489914777,0.9441949474248269,0.03331789814331369,0.054161063573999545,199.99844311323565,199.99844311323565,34815.67816890289,13549.049852833707,1.4283784962294428,False,calibration_residual,-8.249361357292202
gs_16__grid_F0340_k0600,gs_16,grid_F0340_k0600,0.034,0.063,0.034,0.06,0.3055350310773597,0.7797308152198644,0.594191575321168,0.594191575321168,0.9771787971812583,0.9410550248344064,0.06830311007458334,0.06824282554265829,199.99864009260443,199.99864009260443,23519.65343053043,10616.632385438488,1.4530013079873938,False,calibration_residual,-8.249834908982244
grid_F0260_k0605__grid_F0320_k0590,grid_F0260_k0605,grid_F0320_k0590,0.026,0.0605,0.032,0.059,0.3653858244187937,0.043176171470529684,0.13040046965783453,0.043176171470529684,0.29446100301096007,0.5954477148868682,0.5340640315607836,0.1969127120961729,195.4883530215386,195.4883530215386,35412.584978380495,50869.788525956894,1.4978038633523605,False,calibration_residual;endpoint_ess,-8.255025701989306
grid_F0280_k0605__grid_F0360_k0595,grid_F0280_k0605,grid_F0360_k0595,0.028,0.0605,0.036,0.0595,0.4425498372788479,0.2559063256730423,0.28618419711797416,0.2559063256730423,0.7760821404103225,0.8265645905831325,0.13600705606597718,0.14499319101865957,198.7197586786727,198.7197586786727,18386.061559264665,21860.542661754258,1.5524753852136841,False,calibration_residual,-8.25555938588343
grid_F0320_k0625__grid_F0340_k0605,grid_F0320_k0625,grid_F0340_k0605,0.032,0.0625,0.034,0.0605,0.28307431295180696,0.9613928444831538,0.7510465464592689,0.7510465464592689,0.9955509243216784,0.9646717134200831,0.026281106780821118,0.04852424444666974,199.99727353267915,199.99727353267915,57908.316233727244,16382.721193066329,1.3653767033456743,False,calibration_residual,-8.258963700058649
grid_F0280_k0605__grid_F0320_k0585,grid_F0280_k0605,grid_F0320_k0585,0.028,0.0605,0.032,0.0585,0.3695344106715273,0.48550447703597577,0.5531803722838843,0.48550447703597577,0.884200359215696,0.9263530985385333,0.06355517999779199,0.06895192033673946,199.99081190415194,199.99081190415194,3174.8988448520845,28886.449446952352,1.4962374836845,False,calibration_residual,-8.26055087300511
grid_F0280_k0605__grid_F0320_k0580,grid_F0280_k0605,grid_F0320_k0580,0.028,0.0605,0.032,0.058,0.4128914945819754,0.4613117204341725,0.509552802051569,0.4613117204341725,0.877425849771165,0.9191557855182989,0.07517065673946981,0.08852251798238343,199.98158991995152,199.98158991995152,3956.0759191831276,35834.690489615736,1.5075032043279566,False,calibration_residual,-8.260920431452535
grid_F0280_k0610__grid_F0420_k0610,grid_F0280_k0610,grid_F0420_k0610,0.028,0.061,0.042,0.061,0.5767134020632524,0.10604854888399017,0.08267457116736239,0.08267457116736239,0.6351971433190536,0.5352485541200497,0.32632501613152437,0.3605797289029462,198.36859742241575,198.36859742241575,178924.61055748802,15822.540665746099,1.6156832077706753,False,calibration_residual;endpoint_ess,-8.261409377766432
gs_17__grid_F0320_k0600,gs_17,grid_F0320_k0600,0.038,0.064,0.032,0.06,0.2540827788035074,0.7609959938067988,0.7833157197870201,0.7609959938067988,0.9705318482465202,0.9727724452511305,0.06229107948563708,0.04813835222107249,199.99300212266226,199.99300212266226,26617.285087610417,15761.524432768634,1.3537624317661217,False,calibration_residual,-8.265389677463592
grid_F0300_k0615__grid_F0340_k0605,grid_F0300_k0615,grid_F0340_k0605,0.03,0.0615,0.034,0.0605,0.2709830319542132,0.9038205803124227,0.7981590787525609,0.7981590787525609,0.9887887208380599,0.9720539335164553,0.037085535878267524,0.041629954771302796,199.99955248174527,199.99955248174527,20367.57534610787,15873.62513622526,1.334665066659137,False,calibration_residual,-8.266233018051848
grid_F0360_k0630__grid_F0360_k0595,grid_F0360_k0630,grid_F0360_k0595,0.036,0.063,0.036,0.0595,0.36568389800071116,0.8499544938057636,0.7101515399497644,0.7101515399497644,0.9811925956641631,0.9630030192278999,0.039002699161634215,0.06806205068920688,199.99977304442854,199.99977304442854,28257.56546800114,17321.502216631558,1.3781042439092799,False,calibration_residual,-8.266808638337265
grid_F0320_k0630__gs_06,grid_F0320_k0630,gs_06,0.032,0.063,0.038,0.061,0.43240181610428036,0.8898629267091355,0.6960057096353826,0.6960057096353826,0.9897303958148309,0.949790661232973,0.05359712293723025,0.038573502199663115,199.9984323173324,199.9984323173324,18547.836112461886,13890.607349700393,1.38138655826383,False,calibration_residual,-8.270532202785098
grid_F0280_k0610__grid_F0300_k0580,grid_F0280_k0610,grid_F0300_k0580,0.028,0.061,0.03,0.058,0.35099806833726277,0.2858466972803573,0.3715104449263846,0.2858466972803573,0.8265503849844723,0.8495435434144993,0.14670398844503607,0.10204959553102275,198.5218168862087,198.5218168862087,5686.077610327726,9857.539151077024,1.5065357667237287,False,calibration_residual,-8.27663172894653
grid_F0280_k0605__grid_F0300_k0580,grid_F0280_k0605,grid_F0300_k0580,0.028,0.0605,0.03,0.058,0.31756636871112354,0.4861160530731195,0.5879578718455021,0.4861160530731195,0.8865868019455629,0.9316070852951076,0.08008199406088351,0.07134988078085779,199.9717706241389,199.9717706241389,3188.1893814562186,10028.296236041195,1.4783884146701605,False,calibration_residual,-8.277142090000225
grid_F0280_k0615__grid_F0300_k0585,grid_F0280_k0615,grid_F0300_k0585,0.028,0.0615,0.03,0.0585,0.35322450134998024,0.8223764339057682,0.5293531124138535,0.5293531124138535,0.9763336775849745,0.9156307227660128,0.045689419909087994,0.07714127546358904,199.9928406505585,199.9928406505585,8355.878263255645,9259.172480955816,1.4564410457397996,False,calibration_residual,-8.278524430581198
gs_15__grid_F0340_k0600,gs_15,grid_F0340_k0600,0.03,0.062,0.034,0.06,0.3602363584004621,0.9374323370736776,0.5878625450998132,0.5878625450998132,0.9928241464653276,0.9372910125475657,0.03062856067449955,0.06736741025334715,199.99787110696096,199.99787110696096,34667.040597402476,11841.072316002026,1.4270866747391526,False,calibration_residual,-8.27887560805899
grid_F0340_k0620__grid_F0360_k0590,grid_F0340_k0620,grid_F0360_k0590,0.034,0.062,0.036,0.059,0.38431292882758283,0.8933997456649374,0.801489074131257,0.801489074131257,0.9861045101139054,0.9743162474483946,0.030182706087789904,0.05618312202079958,199.99710457205995,199.99710457205995,23966.342964078653,8300.60832227729,1.3198182955281867,False,calibration_residual,-8.279292396009183
grid_F0360_k0630__grid_F0340_k0595,grid_F0360_k0630,grid_F0340_k0595,0.036,0.063,0.034,0.0595,0.2788715246678636,0.7488453623873083,0.7835177645544146,0.7488453623873083,0.966639936898053,0.9686108794841701,0.05110114827288377,0.03910409446987975,199.9987893417064,199.9987893417064,27560.793010119312,17303.11900438994,1.3460965802234641,False,calibration_residual,-8.279420205668202
grid_F0300_k0630__grid_F0320_k0585,grid_F0300_k0630,grid_F0320_k0585,0.03,0.063,0.032,0.0585,0.5181074544923209,0.7006132137706449,0.655926900685572,0.655926900685572,0.9674754652935025,0.9457226504155681,0.07273404746011897,0.0649776249388883,199.95096754724798,199.95096754724798,68592.91880032388,17410.76566403869,1.3895891170095578,False,calibration_residual,-8.279995810010055
gs_15__gs_06,gs_15,gs_06,0.03,0.062,0.038,0.061,0.41709982591421857,0.9520088632990279,0.6963090324665256,0.6963090324665256,0.9943179077424282,0.9497178050690587,0.03352010472928592,0.038567272194061045,199.99896671632155,199.99896671632155,35451.52605428536,14503.843723299404,1.3704702496585142,False,calibration_residual,-8.281323569924302
grid_F0280_k0615__grid_F0360_k0595,grid_F0280_k0615,grid_F0360_k0595,0.028,0.0615,0.036,0.0595,0.5280946832676126,0.6050841566739781,0.37789650903524535,0.37789650903524535,0.9429368350422928,0.8578656521309747,0.09574436295216604,0.09028750665698322,199.98198346030557,199.98198346030557,16868.896184492554,14797.58823871683,1.5251480436872626,False,calibration_residual,-8.285002874810395
grid_F0320_k0615__grid_F0320_k0590,grid_F0320_k0615,grid_F0320_k0590,0.032,0.0615,0.032,0.059,0.2341033715034047,0.749794522091074,0.7152754465957576,0.7152754465957576,0.9667318441416924,0.9561524117894398,0.05233196739834083,0.055286999865139075,199.99669323493802,199.99669323493802,27884.470800621148,25588.539901720942,1.3564974120423499,False,calibration_residual,-8.285699526406674
grid_F0320_k0615__grid_F0360_k0605,grid_F0320_k0615,grid_F0360_k0605,0.032,0.0615,0.036,0.0605,0.2621722075990629,0.904959863486482,0.7484351354379621,0.7484351354379621,0.9878562542666267,0.9645385367128825,0.031153549331537474,0.046978829808739984,199.99966144133336,199.99966144133336,20819.785370329682,13919.906527143166,1.3346677451363191,False,calibration_residual,-8.291097759211368
grid_F0320_k0615__grid_F0360_k0595,grid_F0320_k0615,grid_F0360_k0595,0.032,0.0615,0.036,0.0595,0.36021588576431274,0.8417394203511757,0.6019052085203449,0.6019052085203449,0.9798140119653794,0.9443829965559755,0.04060166644877701,0.08171276614664665,199.99958580532754,199.99958580532754,24385.45942942368,17664.236480901236,1.4060300908788255,False,calibration_residual,-8.29299659512738
grid_F0300_k0625__grid_F0300_k0580,grid_F0300_k0625,grid_F0300_k0580,0.03,0.0625,0.03,0.058,0.4106658451051173,0.45809764879212495,0.4057801212532825,0.4057801212532825,0.917195139330275,0.8705764681541994,0.11803390763659238,0.10099360793143476,199.99330790126942,199.99330790126942,104126.19383942208,8082.913701712254,1.5015128623152008,False,calibration_residual,-8.29526247212163
grid_F0320_k0615__grid_F0320_k0595,grid_F0320_k0615,grid_F0320_k0595,0.032,0.0615,0.032,0.0595,0.2027189015613265,0.873950687772676,0.775656330417905,0.775656330417905,0.9834444648473137,0.9689968319999128,0.03409506363485608,0.04898564347164064,199.99931576003857,199.99931576003857,21836.71955533722,16580.039495823356,1.31580154320681,False,calibration_residual,-8.296336079586167
gs_17__grid_F0360_k0605,gs_17,grid_F0360_k0605,0.038,0.064,0.036,0.0605,0.3288030962995545,0.6335000889661608,0.6420781255293864,0.6335000889661608,0.9454819560417588,0.9467961357019589,0.06834795174011639,0.05850208169664678,199.99952655573045,199.99952655573045,20708.937096979058,10279.560878469636,1.3864447348901372,False,calibration_residual,-8.296781548413305
gs_16__grid_F0360_k0610,gs_16,grid_F0360_k0610,0.034,0.063,0.036,0.061,0.2897679335567469,0.8332906377591688,0.7019429489816087,0.7019429489816087,0.9827855897455956,0.9554747766902895,0.05655779411598803,0.054972522647040584,199.99620821675225,199.99620821675225,24052.20781277395,17780.775770133023,1.3509071964140362,False,calibration_residual,-8.297931739932773
gs_15__grid_F0300_k0585,gs_15,grid_F0300_k0585,0.03,0.062,0.03,0.0585,0.31069381163912013,0.5482332690025342,0.5520190814412604,0.5482332690025342,0.9360875012439978,0.9209006900293729,0.08157159101521819,0.07192518228316866,199.97446631419308,199.97446631419308,33355.35676951853,8153.197415936961,1.4263739667638735,False,calibration_residual,-8.298232714444513
grid_F0280_k0605__grid_F0420_k0610,grid_F0280_k0605,grid_F0420_k0610,0.028,0.0605,0.042,0.061,0.5482617290789589,0.08613347682610399,0.08151200916696255,0.08151200916696255,0.5354321678379428,0.5122944133792182,0.33895006234825753,0.3715312695779433,193.46080884411796,193.46080884411796,25630.167509064795,38765.39372731015,1.3323103914129244,False,calibration_residual;endpoint_ess,-8.299974046209494
grid_F0320_k0625__grid_F0360_k0610,grid_F0320_k0625,grid_F0360_k0610,0.032,0.0625,0.036,0.061,0.31279719590831584,0.930259218674723,0.6959698330742023,0.6959698330742023,0.9923799654703388,0.9547553226568408,0.03479109553505818,0.058765736220082215,199.99839342611475,199.99839342611475,54711.12591071324,17670.25729486056,1.3512341663114844,False,calibration_residual,-8.300700588457152
grid_F0300_k0630__grid_F0320_k0590,grid_F0300_k0630,grid_F0320_k0590,0.03,0.063,0.032,0.059,0.4738181499543211,0.6938591803963905,0.6296242914384763,0.6296242914384763,0.9655104689624859,0.9360056670858545,0.07163161800211901,0.05277849315416109,199.97868901453444,199.97868901453444,78048.39192841493,26488.223451300106,1.3830061552643738,False,calibration_residual,-8.30111614974311
gs_16__grid_F0340_k0605,gs_16,grid_F0340_k0605,0.034,0.063,0.034,0.0605,0.25842642073029165,0.8130153771620484,0.7078880945424101,0.7078880945424101,0.9812190768632761,0.957579171174918,0.0646547663529014,0.05548843669970335,199.99069116367647,199.99069116367647,25045.996830576343,16067.373903120826,1.340982525206383,False,calibration_residual,-8.304607985706237
grid_F0300_k0630__grid_F0340_k0595,grid_F0300_k0630,grid_F0340_k0595,0.03,0.063,0.034,0.0595,0.5150539901195247,0.769035569788369,0.5911253180093402,0.5911253180093402,0.9758499988332852,0.9302972601671964,0.06337857850657892,0.06413171072757246,199.99220859812775,199.99220859812775,87223.60131371833,19829.894811431925,1.3967871514737098,False,calibration_residual,-8.307260619428009
grid_F0320_k0625__grid_F0320_k0600,grid_F0320_k0625,grid_F0320_k0600,0.032,0.0625,0.032,0.06,0.24698236086362868,0.9603293462810778,0.7665107279961734,0.7665107279961734,0.9953697409293393,0.9723801316392016,0.024950272147453354,0.058379966919331276,199.99977822441795,199.99977822441795,57630.99637576719,13160.387124373405,1.3092419028052877,False,calibration_residual,-8.307491644417524
grid_F0280_k0615__grid_F0300_k0580,grid_F0280_k0615,grid_F0300_k0580,0.028,0.0615,0.03,0.058,0.39253920081231564,0.5280585786297792,0.29120496254724404,0.29120496254724404,0.9137121956115049,0.7909238394826847,0.08129239711888613,0.11357702871745233,199.6383097764907,199.6383097764907,8729.129318437572,9687.044512383844,1.5272338944932962,False,calibration_residual,-8.309079113057617
grid_F0320_k0615__grid_F0340_k0600,grid_F0320_k0615,grid_F0340_k0600,0.032,0.0615,0.034,0.06,0.22986043057756617,0.9072142871832106,0.7268729342219915,0.7268729342219915,0.9883280216465427,0.9634710733752964,0.031915048963514596,0.05527043679415598,199.9993664716683,199.9993664716683,20986.69568769608,12713.914447427924,1.3263228382371297,False,calibration_residual,-8.310209018235291
grid_F0380_k0650__grid_F0300_k0580,grid_F0380_k0650,grid_F0300_k0580,0.038,0.065,0.03,0.058,0.4236927218990212,0.03165054501220702,0.08696207937840852,0.03165054501220702,0.31487149772510636,0.5752691416244299,0.6925693945958216,0.3840111349019232,191.76465919061835,191.76465919061835,6371.29877561596,37017.4302097859,1.2580571416596418,False,calibration_residual;endpoint_ess,-8.314350545365173
grid_F0420_k0650__grid_F0360_k0590,grid_F0420_k0650,grid_F0360_k0590,0.042,0.065,0.036,0.059,0.5482928894897594,0.4004509322240309,0.724302988883144,0.4004509322240309,0.8676300478680176,0.9590154507271048,0.09818727672991219,0.06122725976018587,199.99980873203293,199.99980873203293,19151.99033715048,7951.768324805518,1.483238882547699,False,calibration_residual,-8.316526087941932
grid_F0320_k0615__gs_06,grid_F0320_k0615,gs_06,0.032,0.0615,0.038,0.061,0.3118428087154247,0.9106628202602073,0.780037018837341,0.780037018837341,0.9884195581229893,0.9670299009689585,0.03081370688418494,0.03485814845333378,199.99991810543193,199.99991810543193,20343.288746987288,13208.155796751902,1.2930119276267897,False,calibration_residual,-8.316965468226137
grid_F0280_k0610__gs_03,grid_F0280_k0610,gs_03,0.028,0.061,0.026,0.055,0.3380648779850367,0.07065403399719944,0.18532809633375139,0.07065403399719944,0.5659301523538054,0.6877449412936645,0.35797874748590586,0.1578097747072118,199.94747678086705,199.94747678086705,6912.75215551002,17114.045837735113,1.6427770782482802,False,calibration_residual;endpoint_ess,-8.319269743796474
gs_15__grid_F0340_k0605,gs_15,grid_F0340_k0605,0.03,0.062,0.034,0.0605,0.31363364536811433,0.9583335811644995,0.7147217538849165,0.7147217538849165,0.9951189969105718,0.95812939530385,0.028277407002307225,0.049257420088769294,199.99840361372796,199.99840361372796,35482.47366550448,16531.52891438246,1.3232366660843333,False,calibration_residual,-8.319322637659607
grid_F0300_k0615__grid_F0360_k0610,grid_F0300_k0615,grid_F0360_k0610,0.03,0.0615,0.036,0.061,0.2999935504316922,0.8379850753173149,0.7235163018468048,0.7235163018468048,0.9811487000302543,0.9594792125145625,0.04429291889680508,0.052444242405140465,199.99868568741059,199.99868568741059,21967.742110173018,18257.713633223422,1.3145517545255923,False,calibration_residual,-8.323624378921537
grid_F0280_k0605__grid_F0300_k0585,grid_F0280_k0605,grid_F0300_k0585,0.028,0.0605,0.03,0.0585,0.2758598901247832,0.5182830547446546,0.6629725406194392,0.5182830547446546,0.9031135976450632,0.9508302685548936,0.07760337373559908,0.06435968865496265,199.99625852862025,199.99625852862025,4352.190914343172,9992.804964808143,1.4162219676731187,False,calibration_residual,-8.324449431385567
grid_F0300_k0615__grid_F0320_k0600,grid_F0300_k0615,grid_F0320_k0600,0.03,0.0615,0.032,0.06,0.2346969349902376,0.8848397096869697,0.7990894379827669,0.7990894379827669,0.9874090377572814,0.9765198708238546,0.04369074202965673,0.05395607458758175,199.99938055109155,199.99938055109155,20298.184034605176,13146.867291897011,1.2754966004211286,False,calibration_residual,-8.324927708142065
grid_F0320_k0630__grid_F0340_k0600,grid_F0320_k0630,grid_F0340_k0600,0.032,0.063,0.034,0.06,0.37630611400808134,0.7935985193333522,0.5053962174190947,0.5053962174190947,0.9789398731377079,0.9194782426517802,0.061679443616710274,0.07712029732686228,199.99774584430494,199.99774584430494,16825.802081663838,10704.682616718579,1.4199785554918007,False,calibration_residual,-8.327210628013901
grid_F0340_k0620__grid_F0300_k0570,grid_F0340_k0620,grid_F0300_k0570,0.034,0.062,0.03,0.057,0.43812400764288645,0.8274491605887295,0.9010625416619041,0.8274491605887295,0.9762128670780682,0.9865360992131594,0.03296763922468189,0.03580561513871089,199.99955192457705,199.99955192457705,24637.633916567276,14561.936355411734,1.2586992989059287,False,calibration_residual,-8.32755371702856
grid_F0360_k0630__grid_F0360_k0605,grid_F0360_k0630,grid_F0360_k0605,0.036,0.063,0.036,0.0605,0.2663385785242939,0.8636237661863336,0.7709255798656913,0.7709255798656913,0.9828688872657493,0.9691060936303172,0.03845736359699137,0.05054271309503861,199.99963221117943,199.99963221117943,26996.879153818943,13452.775168996059,1.2814534285563952,False,calibration_residual,-8.33306539206973
grid_F0340_k0640__grid_F0360_k0605,grid_F0340_k0640,grid_F0360_k0605,0.034,0.064,0.036,0.0605,0.46170736053913775,0.8370352322810227,0.5798348624239209,0.5798348624239209,0.9818251982658345,0.9301585725257608,0.051494690749988956,0.06323266741137487,199.99978229720983,199.99978229720983,198895.6577235915,11984.380192356755,1.3751618522942994,False,calibration_residual,-8.334909831354231
grid_F0280_k0610__grid_F0320_k0595,grid_F0280_k0610,grid_F0320_k0595,0.028,0.061,0.032,0.0595,0.31926207465705825,0.4954233727679309,0.5540337249236899,0.4954233727679309,0.9120400747967862,0.914839488556109,0.09182038842702928,0.06513693651412204,199.863223918944,199.863223918944,8388.165142331001,17018.75663039941,1.4078309757331444,False,calibration_residual,-8.33761853383009
gs_15__grid_F0320_k0600,gs_15,grid_F0320_k0600,0.03,0.062,0.032,0.06,0.2786833020548024,0.9567297032975167,0.7573893829699498,0.7573893829699498,0.9952629823282743,0.9722837622429883,0.034244995088258574,0.06825395555647554,199.99910645610564,199.99910645610564,35237.772246912,13081.32858338505,1.2836354428637329,False,calibration_residual,-8.337625188456576
grid_F0320_k0630__grid_F0320_k0595,grid_F0320_k0630,grid_F0320_k0595,0.032,0.063,0.032,0.0595,0.33694899208019,0.5495298571638688,0.5105073942982348,0.5105073942982348,0.9411246248389835,0.9145361535472586,0.08985397675607022,0.08563019311736401,199.98451266264044,199.98451266264044,13157.615122678704,15001.74669059433,1.4013080820880248,False,calibration_residual,-8.34266385389488
grid_F0340_k0620__grid_F0340_k0595,grid_F0340_k0620,grid_F0340_k0595,0.034,0.062,0.034,0.0595,0.24392481689937154,0.8703561211672471,0.8227047197810405,0.8227047197810405,0.9833173639753059,0.9751125483513514,0.034992492400064926,0.03528986794955775,199.9999362007758,199.9999362007758,25408.01410080935,17052.391407549476,1.2457586750666032,False,calibration_residual,-8.342885775081667
grid_F0280_k0615__grid_F0320_k0595,grid_F0280_k0615,grid_F0320_k0595,0.028,0.0615,0.032,0.0595,0.36122492411491075,0.8119235676194322,0.5230501918484786,0.5230501918484786,0.9762039385371072,0.9124372816538028,0.05787102862056608,0.07426321970248356,199.982320542508,199.982320542508,9691.447574642805,17229.20474093319,1.3943569227676045,False,calibration_residual,-8.343234008433559
grid_F0360_k0630__gs_06,grid_F0360_k0630,gs_06,0.036,0.063,0.038,0.061,0.28870306873255375,0.9039419858199585,0.8062376398517731,0.8062376398517731,0.9879594296878917,0.9719523600840654,0.03086955527050721,0.0363981357869879,199.99995195363047,199.99995195363047,27592.435483505138,12523.061013875371,1.2454757839254242,False,calibration_residual,-8.351402993830213
grid_F0280_k0605__grid_F0320_k0595,grid_F0280_k0605,grid_F0320_k0595,0.028,0.0605,0.032,0.0595,0.2835605544504361,0.5309057401241752,0.6700915761777533,0.5309057401241752,0.9055319763900679,0.9438325317479829,0.07682038720198565,0.04970131681258448,199.99787848980333,199.99787848980333,4198.648488124605,17339.182016402847,1.3819302435787617,False,calibration_residual,-8.352510810849317
grid_F0380_k0650__grid_F0360_k0595,grid_F0380_k0650,grid_F0360_k0595,0.038,0.065,0.036,0.0595,0.5796838204536745,0.49530632872924935,0.5314264218114841,0.49530632872924935,0.9123186375869958,0.9225899145387937,0.09075232703534437,0.07510335461706338,199.9961335533473,199.9961335533473,13613.226562504227,16919.620674236383,1.3994359974028376,False,calibration_residual,-8.352717515899903
grid_F0320_k0625__grid_F0360_k0600,grid_F0320_k0625,grid_F0360_k0600,0.032,0.0625,0.036,0.06,0.40600113879271327,0.6998797313066689,0.2468655278922994,0.2468655278922994,0.9646472148372952,0.831987979994318,0.06651286736540009,0.2043225574025647,199.98998793380042,199.98998793380042,47313.67871638132,9522.689495526458,1.5231595500837736,False,calibration_residual,-8.352907082660098
grid_F0340_k0640__gs_06,grid_F0340_k0640,gs_06,0.034,0.064,0.038,0.061,0.48389161925030405,0.902092959826843,0.6531088719531821,0.6531088719531821,0.9893870967405829,0.9399069353053414,0.042784721295476336,0.043664784395384265,199.99841039982832,199.99841039982832,245366.76296395107,13637.644864670092,1.317052446674426,False,calibration_residual,-8.3563136373404
grid_F0320_k0615__grid_F0340_k0605,grid_F0320_k0615,grid_F0340_k0605,0.032,0.0615,0.034,0.0605,0.18341082363906513,0.9306859293648312,0.8336880166486487,0.8336880166486487,0.9913277089407936,0.9773253878837698,0.027748122590207428,0.03761105259011297,199.99985537287955,199.99985537287955,19558.52493846377,15422.726246054779,1.2235006357777949,False,calibration_residual,-8.359648124541858
grid_F0280_k0605__grid_F0360_k0600,grid_F0280_k0605,grid_F0360_k0600,0.028,0.0605,0.036,0.06,0.3992740550309696,0.41758185752579424,0.3134365876238346,0.3134365876238346,0.8622972083948489,0.8494866894323911,0.08827664132695814,0.15485456797814656,199.97776435364366,199.97776435364366,5908.810854787506,18477.09822491399,1.4793672386099637,False,calibration_residual,-8.362802685260304
grid_F0300_k0625__grid_F0360_k0605,grid_F0300_k0625,grid_F0360_k0605,0.03,0.0625,0.036,0.0605,0.4490660475210777,0.9239986771864683,0.536923170605523,0.536923170605523,0.9916896373159888,0.9186444197368583,0.036612418919196046,0.06886238284678009,199.99979948299261,199.99979948299261,192981.9921183157,11970.315545706482,1.355841167899985,False,calibration_residual,-8.375687220946885
grid_F0340_k0620__grid_F0320_k0580,grid_F0340_k0620,grid_F0320_k0580,0.034,0.062,0.032,0.058,0.35219070615266096,0.8038799142608216,0.8007305620622014,0.8007305620622014,0.9729170732262632,0.9727239180399063,0.03782305849046873,0.04794397272566457,199.99492379122205,199.99492379122205,26486.90486460191,13477.988337251247,1.2199884108496872,False,calibration_residual,-8.379392497680314
grid_F0320_k0625__grid_F0300_k0585,grid_F0320_k0625,grid_F0300_k0585,0.032,0.0625,0.03,0.0585,0.27804990948171093,0.37910008880246904,0.5567328272373643,0.37910008880246904,0.9051034582235354,0.9227904462842775,0.14836907058978752,0.0755440332496755,199.9605354779861,199.9605354779861,39895.83437304539,7755.821811271233,1.4269305658159819,False,calibration_residual,-8.381546163682088
grid_F0360_k0630__grid_F0320_k0580,grid_F0360_k0630,grid_F0320_k0580,0.036,0.063,0.032,0.058,0.401445416102048,0.6110501833426599,0.7683055807256973,0.6110501833426599,0.9418076277546887,0.9675371463018683,0.06996299837116889,0.052882312796583376,199.99711693684597,199.99711693684597,27959.443524313425,13870.462610208084,1.3121559258758726,False,calibration_residual,-8.382174829295097
grid_F0320_k0630__grid_F0340_k0605,grid_F0320_k0630,grid_F0340_k0605,0.032,0.063,0.034,0.0605,0.32920190481862244,0.831191597534579,0.6200410677960739,0.6200410677960739,0.9827556455131955,0.9403209708932754,0.05103325173933215,0.06705429172722015,199.9890655575426,199.9890655575426,18405.036642878902,17113.319444937184,1.3070968320559,False,calibration_residual,-8.382335911923192
grid_F0280_k0605__grid_F0360_k0605,grid_F0280_k0605,grid_F0360_k0605,0.028,0.0605,0.036,0.0605,0.35769544888708277,0.5049448467159129,0.4886036470109124,0.4886036470109124,0.8940975560623636,0.9045921620592153,0.06667717523976818,0.08617153744755082,199.99646552457233,199.99646552457233,5010.826692059869,23387.171611377828,1.3709371591100734,False,calibration_residual,-8.384584293613088
gs_15__grid_F0360_k0610,gs_15,grid_F0360_k0610,0.03,0.062,0.036,0.061,0.3430934572668547,0.9232710460068606,0.6374855208740934,0.6374855208740934,0.990997597689494,0.9426640730523032,0.03265206501384218,0.06543011700115312,199.9983531772225,199.9983531772225,34482.867653300986,17996.91697662479,1.2961713499786578,False,calibration_residual,-8.385003548445422
grid_F0320_k0630__grid_F0360_k0610,grid_F0320_k0630,grid_F0360_k0610,0.032,0.063,0.036,0.061,0.3604411565070347,0.7885749137116733,0.6210427821568949,0.6210427821568949,0.9795489789266274,0.9397417615780007,0.06730219390851426,0.06986447896174579,199.99490378011828,199.99490378011828,15906.94493746291,17134.668629908723,1.3039369762688435,False,calibration_residual,-8.385286821658623
grid_F0280_k0615__grid_F0360_k0605,grid_F0280_k0615,grid_F0360_k0605,0.028,0.0615,0.036,0.0605,0.4299240177813358,0.7407012756036135,0.5096324112672259,0.5096324112672259,0.9677271579781859,0.9095506812396733,0.07367711111316538,0.06792885153066364,199.98430948061883,199.98430948061883,12958.548418862814,14818.721725499698,1.3557403631474432,False,calibration_residual,-8.388658905249885
grid_F0280_k0610__grid_F0360_k0600,grid_F0280_k0610,grid_F0360_k0600,0.028,0.061,0.036,0.06,0.4283107512753097,0.33393742197412574,0.13389530988402618,0.13389530988402618,0.8374496585394483,0.6951697874970539,0.11094964790890591,0.2931210075634581,199.19878342749587,199.19878342749587,18614.05546951004,15634.31281484753,1.504104510735854,False,calibration_residual;endpoint_ess,-8.388887005696926
grid_F0300_k0630__grid_F0360_k0595,grid_F0300_k0630,grid_F0360_k0595,0.03,0.063,0.036,0.0595,0.5990531241582762,0.7746544655787744,0.47956969694993706,0.47956969694993706,0.9764230503658059,0.9149166908469724,0.06238861956179223,0.09433967804706486,199.9995985306366,199.9995985306366,75205.151315053,18919.706590390906,1.3702269875676734,False,calibration_residual,-8.38996809048919
grid_F0300_k0610__grid_F0360_k0590,grid_F0300_k0610,grid_F0360_k0590,0.03,0.061,0.036,0.059,0.4469384687394013,0.29465581482681186,0.6526359443759999,0.29465581482681186,0.8480244881789512,0.9419218820089734,0.1315771624739688,0.06643362968223188,199.98688057512146,199.98688057512146,26802.894824174582,7761.547463392101,1.4605747079977007,False,calibration_residual,-8.391441413344968
grid_F0300_k0615__grid_F0360_k0600,grid_F0300_k0615,grid_F0360_k0600,0.03,0.0615,0.036,0.06,0.3936426057179222,0.5908650679243894,0.29735593582173886,0.29735593582173886,0.9498797310844495,0.8597374847610939,0.09875982739573405,0.1683399363330747,199.9948108307451,199.9948108307451,25202.79199611816,9851.867198217053,1.4589051588657898,False,calibration_residual,-8.392157414760598
grid_F0280_k0615__gs_06,grid_F0280_k0615,gs_06,0.028,0.0615,0.038,0.061,0.4608958998142977,0.7379016057526262,0.6038617277186236,0.6038617277186236,0.9660653573366254,0.9284500435247797,0.07021016883875121,0.04981305553133674,199.9873247806299,199.9873247806299,13547.952251425462,16319.268218752883,1.3048957378709942,False,calibration_residual,-8.392539637301189
grid_F0300_k0625__gs_06,grid_F0300_k0625,gs_06,0.03,0.0625,0.038,0.061,0.47061770041872764,0.9334858779420265,0.6199303641098253,0.6199303641098253,0.9927831763086719,0.9316045229065893,0.03816459153042072,0.04688827843663535,199.99852386808513,199.99852386808513,209819.8614671703,14248.053401159556,1.2958831857689581,False,calibration_residual,-8.394077825580386
grid_F0300_k0625__grid_F0300_k0585,grid_F0300_k0625,grid_F0300_k0585,0.03,0.0625,0.03,0.0585,0.36672457805840863,0.5902981679628332,0.40825283462052725,0.40825283462052725,0.9407995482746399,0.8663971641301614,0.07066015573068223,0.08161584920600216,199.9980478534016,199.9980478534016,149535.2626722856,8709.913753489347,1.4005601023331002,False,calibration_residual,-8.395215873026716
grid_F0340_k0620__grid_F0360_k0595,grid_F0340_k0620,grid_F0360_k0595,0.034,0.062,0.036,0.0595,0.3284237670657188,0.8792427600858682,0.721619885981977,0.721619885981977,0.9848090261346544,0.9643347856549185,0.0352919022720001,0.06395769838162534,199.9997893392351,199.9997893392351,25652.782399288553,17163.880931227486,1.2408425088175579,False,calibration_residual,-8.39833701515321
grid_F0340_k0620__grid_F0320_k0585,grid_F0340_k0620,grid_F0320_k0585,0.034,0.062,0.032,0.0585,0.3079328831975014,0.7871074342562753,0.8096730374350702,0.7871074342562753,0.9701443527788425,0.9716893763332684,0.03908377055997908,0.04472285814510429,199.99696205069404,199.99696205069404,26892.47803954472,14095.682704717285,1.2041767506718437,False,calibration_residual,-8.402117634734722
grid_F0300_k0610__grid_F0340_k0595,grid_F0300_k0610,grid_F0340_k0595,0.03,0.061,0.034,0.0595,0.3086315359569911,0.37184898222781154,0.6277143676638048,0.37184898222781154,0.8885557811554582,0.939516116146859,0.1268894807576689,0.061948271280249434,199.99956445748006,199.99956445748006,22459.81208004062,18503.363055109763,1.4058449538611708,False,calibration_residual,-8.408208777898928
gs_17__grid_F0340_k0595,gs_17,grid_F0340_k0595,0.038,0.064,0.034,0.0595,0.33808215531563157,0.3530200565903937,0.5830871268264431,0.3530200565903937,0.8679505534451732,0.9358218200489714,0.13067425634910343,0.084392064502039,199.9759203026808,199.9759203026808,16892.051801259804,13448.169355641994,1.411842923173448,False,calibration_residual,-8.410443063665396
grid_F0380_k0650__grid_F0300_k0590,grid_F0380_k0650,grid_F0300_k0590,0.038,0.065,0.03,0.059,0.3312939002594649,0.1500972651643988,0.05013171145419656,0.05013171145419656,0.6132695091911115,0.39615846990691655,0.16083462702337292,0.5065077803882426,191.4246500601713,191.4246500601713,12732.217156281331,130670.39793801827,1.134443092004168,False,calibration_residual;endpoint_ess,-8.411723555277298
grid_F0280_k0605__grid_F0340_k0600,grid_F0280_k0605,grid_F0340_k0600,0.028,0.0605,0.034,0.06,0.31845841756573334,0.5394496555274487,0.4553806800483675,0.4553806800483675,0.9064162176316183,0.8986568516453506,0.07152288512343444,0.07985392756012526,199.99538209644058,199.99538209644058,4812.778848913973,14893.619797852303,1.35743586048242,False,calibration_residual,-8.414642904315425
grid_F0360_k0630__grid_F0300_k0585,grid_F0360_k0630,grid_F0300_k0585,0.036,0.063,0.03,0.0585,0.373853133301812,0.6605441631777884,0.8045534230741056,0.6605441631777884,0.9493746687264737,0.9728149542712916,0.05338512273403298,0.0410269168304212,199.9906230680835,199.9906230680835,28717.814704575387,9522.271846954767,1.2511993304002929,False,calibration_residual,-8.41805974141499
grid_F0340_k0650__grid_F0360_k0590,grid_F0340_k0650,grid_F0360_k0590,0.034,0.065,0.036,0.059,0.8186758748450963,0.7622284687533138,0.7331708100708617,0.7331708100708617,0.9749395855934306,0.9597472489204917,0.07337863524034477,0.05635205368942875,199.9986223028306,199.9986223028306,37872.58934640301,7369.051665249242,1.2127691449437232,False,calibration_residual,-8.420576565162376
gs_16__gs_08,gs_16,gs_08,0.034,0.063,0.046,0.063,0.43883598858124123,0.8220831898279087,0.6462546179952844,0.6462546179952844,0.9746144696864891,0.9409850226496551,0.0353457808515964,0.06292460327165075,199.99957142987938,199.99957142987938,37670.37772110064,76840.57790045525,1.2538931640721485,False,calibration_residual,-8.422958098424179
grid_F0300_k0610__grid_F0340_k0600,grid_F0300_k0610,grid_F0340_k0600,0.03,0.061,0.034,0.06,0.2625295644655905,0.5418268231943717,0.5751867551364781,0.5418268231943717,0.9338761639022486,0.9354683769251642,0.0794607582773183,0.06762594483817927,199.99796828103007,199.99796828103007,17818.490538123708,11928.110522792631,1.3052618488141463,False,calibration_residual,-8.423723153640172
grid_F0320_k0630__grid_F0360_k0600,grid_F0320_k0630,grid_F0360_k0600,0.032,0.063,0.036,0.06,0.4513627850941412,0.36720783546030944,0.16739537423012313,0.16739537423012313,0.9144911459165719,0.7678607179110011,0.16783301470702988,0.26708072282723505,199.92797536843813,199.92797536843813,9665.75704435266,9411.797261207628,1.4887576516910457,False,calibration_residual;endpoint_ess,-8.4239434296158
grid_F0300_k0610__gs_06,grid_F0300_k0610,gs_06,0.03,0.061,0.038,0.061,0.3552083693451148,0.553859000962835,0.7086323117553959,0.553859000962835,0.9352980575711523,0.9541842195858836,0.07739819870408698,0.04257640657849753,199.9988764167759,199.9988764167759,18410.49862793075,13679.707119421415,1.2989483896393634,False,calibration_residual,-8.424065930718013
grid_F0280_k0615__grid_F0340_k0600,grid_F0280_k0615,grid_F0340_k0600,0.028,0.0615,0.034,0.06,0.39677899709396974,0.7837297633677939,0.4203138486446493,0.4203138486446493,0.9743937920708966,0.8898618963359595,0.06802593906200363,0.09405489011559381,199.98115839994136,199.98115839994136,11457.335596429333,12152.21681102643,1.3625890950052928,False,calibration_residual,-8.426311900669452
grid_F0300_k0625__grid_F0360_k0600,grid_F0300_k0625,grid_F0360_k0600,0.03,0.0625,0.036,0.06,0.4940394706552842,0.8144308099650949,0.22290221720697304,0.22290221720697304,0.9807811146429858,0.8201158088892562,0.06307683793738902,0.22338069280828446,199.9876983382879,199.9876983382879,138141.84432152548,11014.878518827703,1.4589042589965244,False,calibration_residual,-8.429029549314386
grid_F0420_k0650__grid_F0360_k0595,grid_F0420_k0650,grid_F0360_k0595,0.042,0.065,0.036,0.0595,0.4876704858281191,0.3135391651615535,0.5635168253310354,0.3135391651615535,0.8137891314376172,0.9262663111478902,0.1140025835998047,0.06765030854459511,199.99914618656828,199.99914618656828,16301.956044435503,14411.345554815189,1.413821766782931,False,calibration_residual,-8.429365959964707
grid_F0380_k0650__grid_F0300_k0570,grid_F0380_k0650,grid_F0300_k0570,0.038,0.065,0.03,0.057,0.5305068968140623,0.3395043131541765,0.7126717032644576,0.3395043131541765,0.8405980861880538,0.9566075744213647,0.10514443129854274,0.0494664497137709,199.9511143089263,199.9511143089263,10881.378343130338,21914.185365876387,1.398364059867955,False,calibration_residual,-8.429439499001273
grid_F0380_k0650__grid_F0320_k0580,grid_F0380_k0650,grid_F0320_k0580,0.038,0.065,0.032,0.058,0.5406307895148305,0.36940926786754813,0.6218396203508623,0.36940926786754813,0.8587456552140107,0.9381969827468097,0.10018513288430898,0.05310446166583378,199.9764352949426,199.9764352949426,11217.96191547081,21541.768222231814,1.3837478820810079,False,calibration_residual,-8.43036924873235
grid_F0300_k0610__grid_F0360_k0605,grid_F0300_k0610,grid_F0360_k0605,0.03,0.061,0.036,0.0605,0.30174365143871235,0.5009434787059713,0.64447197675987,0.5009434787059713,0.9239757850020424,0.9446592439536045,0.08357300163120444,0.05518538389816633,199.99861727371405,199.99861727371405,19111.845369359144,13956.795004183707,1.3184786620495372,False,calibration_residual,-8.43098046228318
grid_F0280_k0615__grid_F0280_k0580,grid_F0280_k0615,grid_F0280_k0580,0.028,0.0615,0.028,0.058,0.2628857053540443,0.1511163882822861,0.3446666776155075,0.1511163882822861,0.7847340212458337,0.8417163592222173,0.296131465413295,0.14068452307270055,199.99065170343744,199.99065170343744,5280.721638629458,27741.86453411011,1.492823480444608,False,calibration_residual;endpoint_ess,-8.43115091058612
grid_F0420_k0650__grid_F0300_k0580,grid_F0420_k0650,grid_F0300_k0580,0.042,0.065,0.03,0.058,0.34435920331161013,0.09442096537348028,0.13611904354132912,0.09442096537348028,0.5224923927835571,0.6729756008432105,0.26670679145518367,0.284692745094625,199.46971316349166,199.46971316349166,12017.238597380909,39152.82991580744,1.4949443427193194,False,calibration_residual;endpoint_ess,-8.431330832768523
grid_F0320_k0615__grid_F0360_k0610,grid_F0320_k0615,grid_F0360_k0610,0.032,0.0615,0.036,0.061,0.22503782790926077,0.8831037789807183,0.740789012449304,0.740789012449304,0.9854056663017783,0.963067126405391,0.0365065807456565,0.051272017597639205,199.99828362584205,199.99828362584205,22730.802191379084,19489.75397556625,1.1969889870003856,False,calibration_residual,-8.432530688067066
grid_F0340_k0640__grid_F0320_k0595,grid_F0340_k0640,grid_F0320_k0595,0.034,0.064,0.032,0.0595,0.38555281972296873,0.4890250400866648,0.4799678786337743,0.4799678786337743,0.9158132126863442,0.9065250667396351,0.09383280998886973,0.09468748936752616,199.9962366355085,199.9962366355085,108318.97750735882,16011.953047630543,1.3266366679237114,False,calibration_residual,-8.433191224534827
gs_16__grid_F0360_k0600,gs_16,grid_F0360_k0600,0.034,0.063,0.036,0.06,0.381325609484236,0.49049895885161154,0.23019242694908149,0.23019242694908149,0.9274999239519321,0.8208197488109165,0.10821898012140965,0.2035845630995378,199.96023552206938,199.96023552206938,16046.923153148282,9098.323065857168,1.4495300266801423,False,calibration_residual,-8.433385535948787
grid_F0380_k0650__grid_F0340_k0595,grid_F0380_k0650,grid_F0340_k0595,0.038,0.065,0.034,0.0595,0.490219762206309,0.3637600651465098,0.48028440991674676,0.3637600651465098,0.8527135885163137,0.8972218221019164,0.09817364040958766,0.08364539524736626,199.98706803703774,199.98706803703774,11531.435031346262,21534.648085085162,1.3817721583265448,False,calibration_residual,-8.435701210952088
gs_15__gs_03,gs_15,gs_03,0.03,0.062,0.026,0.055,0.3925094459652668,0.0705315412415266,0.18880054402611582,0.0705315412415266,0.4946282176732644,0.6905190711262676,0.291125305852009,0.1697476445393261,199.98997812717286,199.98997812717286,67012.2065532554,19174.891674081533,1.525253926442627,False,calibration_residual;endpoint_ess,-8.438979209295255
grid_F0300_k0630__grid_F0360_k0605,grid_F0300_k0630,grid_F0360_k0605,0.03,0.063,0.036,0.0605,0.5002013522985246,0.8958501783790087,0.5692157493388402,0.5692157493388402,0.989004171679527,0.9244239497386856,0.044139349884192644,0.057723324804043435,199.9996419477838,199.9996419477838,126187.55825093722,15005.024856016405,1.27333292079837,False,calibration_residual,-8.442041301921401
gs_17__grid_F0300_k0580,gs_17,grid_F0300_k0580,0.038,0.064,0.03,0.058,0.39840487808010744,0.2551874290350006,0.7819681851153392,0.2551874290350006,0.8360586025539906,0.9714168388095725,0.19248177165940422,0.04498744040810328,199.92081320451928,199.92081320451928,25459.97249180833,11300.656462322318,1.4258788882625564,False,calibration_residual,-8.442568057445909
grid_F0340_k0650__grid_F0300_k0570,grid_F0340_k0650,grid_F0300_k0570,0.034,0.065,0.03,0.057,0.7170704051275425,0.6780532607141163,0.8133762261321578,0.6780532607141163,0.9599029661262242,0.9731171056744339,0.0744919499046735,0.04392887545102752,199.99662573459582,199.99662573459582,33852.34539223343,14718.673455613372,1.2169394421898154,False,calibration_residual,-8.44386521418292
grid_F0280_k0610__grid_F0340_k0600,grid_F0280_k0610,grid_F0340_k0600,0.028,0.061,0.034,0.06,0.35323768664922506,0.5274455409190724,0.3460246782535567,0.3460246782535567,0.9213010788248311,0.8571091077410379,0.08884044248189267,0.1178759164584436,199.91185143091354,199.91185143091354,11213.716883748828,14808.802113364485,1.3755105927897737,False,calibration_residual,-8.447069639629127
gs_07__grid_F0340_k0605,gs_07,grid_F0340_k0605,0.042,0.059,0.034,0.0605,0.5803334945810286,0.8310760756867047,0.8085224075795597,0.8085224075795597,0.9782282032287357,0.9749283909828167,0.04175850323227838,0.04916270760383673,199.99921651181342,199.99921651181342,80832.54008562787,14686.321565320837,1.1472913607285997,False,calibration_residual,-8.448408261072291
gs_17__grid_F0320_k0580,gs_17,grid_F0320_k0580,0.038,0.064,0.032,0.058,0.3962243737688871,0.26693739904163466,0.6908852828699935,0.26693739904163466,0.8287646954542863,0.9546192042904748,0.1637177768336153,0.049816422432632415,199.96493981184722,199.96493981184722,14667.422091365575,10318.590310531514,1.4160682540017946,False,calibration_residual,-8.44871003706975
grid_F0320_k0625__gs_08,grid_F0320_k0625,gs_08,0.032,0.0625,0.046,0.063,0.4789518978128111,0.7843852175634659,0.6389695218648114,0.6389695218648114,0.9688662241286524,0.9376229086478977,0.03612649306739573,0.058275896662209885,199.99939887136955,199.99939887136955,75012.34229716264,84075.35007376492,1.229071198973102,False,calibration_residual,-8.45141398366297
grid_F0340_k0620__grid_F0360_k0605,grid_F0340_k0620,grid_F0360_k0605,0.034,0.062,0.036,0.0605,0.22977060001190852,0.9119770461472906,0.7937569107003971,0.7937569107003971,0.9887574492386372,0.9724694450718331,0.029499624355517007,0.04688210160659169,199.99970163241386,199.99970163241386,23423.791082440654,13687.273901308647,1.1499739849092667,False,calibration_residual,-8.453132641361227
grid_F0300_k0615__grid_F0300_k0585,grid_F0300_k0615,grid_F0300_k0585,0.03,0.0615,0.03,0.0585,0.265078206386429,0.32722827293233064,0.6265235030771005,0.32722827293233064,0.8982512588731092,0.9440211105522865,0.1788023730155519,0.07279211474698107,199.99388991480708,199.99388991480708,25918.013815600625,7847.404937120956,1.382197397437094,False,calibration_residual,-8.453882961837095
grid_F0340_k0650__grid_F0320_k0580,grid_F0340_k0650,grid_F0320_k0580,0.034,0.065,0.032,0.058,0.7255147607939196,0.6886125757735077,0.676764611495377,0.676764611495377,0.9612413682857985,0.9493727566477337,0.07255773674340182,0.04681659031830724,199.99802602033563,199.99802602033563,33949.97775466237,16676.540527530222,1.2072325315778916,False,calibration_residual,-8.454286463691203
grid_F0340_k0640__grid_F0360_k0600,grid_F0340_k0640,grid_F0360_k0600,0.034,0.064,0.036,0.06,0.5050268969993359,0.591404004702499,0.25611333788795204,0.25611333788795204,0.9482877244774414,0.8396299220218628,0.08610340961851537,0.19709508000233933,199.99423126337462,199.99423126337462,77869.8596899488,10685.18788858374,1.416732489597344,False,calibration_residual,-8.45492240462741
grid_F0420_k0650__grid_F0300_k0570,grid_F0420_k0650,grid_F0300_k0570,0.042,0.065,0.03,0.057,0.4293416117960287,0.09214340313506969,0.42079024815838406,0.09214340313506969,0.5718189535957154,0.8683167726477588,0.36453593834580267,0.09008405007317764,199.5463404157218,199.5463404157218,16938.02263876109,49160.9551157662,1.4760541726997092,False,calibration_residual;endpoint_ess,-8.455191146518846
grid_F0320_k0630__grid_F0320_k0600,grid_F0320_k0630,grid_F0320_k0600,0.032,0.063,0.032,0.06,0.29214821668811075,0.8420735977244631,0.5969889343192275,0.5969889343192275,0.9819945037112475,0.9468826673378756,0.045597746247416936,0.08555794982942849,199.99747276572026,199.99747276572026,20625.709394921363,12664.35961735452,1.2450326221914865,False,calibration_residual,-8.456346548934913
grid_F0340_k0640__grid_F0340_k0600,grid_F0340_k0640,grid_F0340_k0600,0.034,0.064,0.034,0.06,0.42474817696316214,0.7067901056713545,0.40939641918686664,0.40939641918686664,0.9626062253780153,0.8896678644664705,0.06800341975224598,0.09887718256813087,199.99642798499633,199.99642798499633,168955.79017919302,10080.58748626778,1.3384015841260588,False,calibration_residual,-8.456721605530326
grid_F0300_k0630__grid_F0320_k0595,grid_F0300_k0630,grid_F0320_k0595,0.03,0.063,0.032,0.0595,0.4290057672220697,0.7997035023401043,0.5281809648263038,0.5281809648263038,0.9772460982338308,0.9204624038520928,0.05035238409248119,0.08872114107621294,199.99801321430894,199.99801321430894,119735.12190019482,18548.48985516011,1.2781548272356944,False,calibration_residual,-8.4576553510666
grid_F0300_k0625__grid_F0320_k0595,grid_F0300_k0625,grid_F0320_k0595,0.03,0.0625,0.032,0.0595,0.3763379964457983,0.7478217865822244,0.40421240229303046,0.40421240229303046,0.9676648278687429,0.8813635629387091,0.046918752194020294,0.10959649446807661,199.97917839238949,199.97917839238949,165405.29104458648,14568.014036289112,1.3362686597349551,False,calibration_residual,-8.460584058738005
grid_F0300_k0610__grid_F0340_k0605,grid_F0300_k0610,grid_F0340_k0605,0.03,0.061,0.034,0.0605,0.21715130748960504,0.6561467651520279,0.7384998355548419,0.6561467651520279,0.9549481500091528,0.962749362170326,0.06377297250436204,0.05149441068864366,199.9994008572184,199.9994008572184,16073.365526574078,16942.30448367044,1.2108154617219584,False,calibration_residual,-8.46108119856295
grid_F0280_k0605__gs_06,grid_F0280_k0605,gs_06,0.028,0.0605,0.038,0.061,0.40711501545678674,0.46772524845604835,0.43028428387910655,0.43028428387910655,0.8837989431020747,0.8854665797984086,0.0735156883654574,0.09574672532811175,199.9978057241058,199.9978057241058,6634.703370484327,21171.144326510912,1.3220035413593574,False,calibration_residual,-8.46274460290638
grid_F0280_k0610__grid_F0340_k0605,grid_F0280_k0610,grid_F0340_k0605,0.028,0.061,0.034,0.0605,0.30886637081182156,0.6179724547167489,0.5043886685810223,0.5043886685810223,0.9412683206909548,0.9144716758170932,0.0675694111132113,0.0823090079487466,199.98134588859307,199.98134588859307,9337.312391054042,21549.157368529126,1.2828233100047337,False,calibration_residual,-8.46404965013441
gs_07__grid_F0360_k0610,gs_07,grid_F0360_k0610,0.042,0.059,0.036,0.061,0.5350518921761325,0.8511914051658478,0.8680865933427017,0.8511914051658478,0.9815256455392452,0.9812798523573142,0.04254105180318437,0.03440951902730045,199.99983991635006,199.99983991635006,78778.37659019156,14640.711394938744,1.10613850012133,False,calibration_residual,-8.46825779311325
grid_F0300_k0615__gs_08,grid_F0300_k0615,gs_08,0.03,0.0615,0.046,0.063,0.5025854271984458,0.7622042418192491,0.6616304573828714,0.6616304573828714,0.9663846887115252,0.943829856221915,0.04334804272112384,0.06098656397667096,199.99959765184983,199.99959765184983,20339.85123965569,72367.12794115761,1.2003154670651992,False,calibration_residual,-8.468849186835856
grid_F0300_k0610__grid_F0360_k0595,grid_F0300_k0610,grid_F0360_k0595,0.03,0.061,0.036,0.0595,0.39120981047204584,0.2918775770095421,0.48153629413032584,0.2918775770095421,0.8497238964764336,0.9083417962202175,0.13933709682452444,0.08650190500383599,199.99154650401783,199.99154650401783,26842.132839213362,16496.15440182698,1.38436551147703,False,calibration_residual,-8.469273025219092
grid_F0340_k0640__grid_F0360_k0610,grid_F0340_k0640,grid_F0360_k0610,0.034,0.064,0.036,0.061,0.411060138449451,0.7785447407456118,0.5835727920844441,0.5835727920844441,0.9743621582382104,0.9303620044488569,0.05762555655707058,0.07339343322133872,199.99065563179357,199.99065563179357,172664.36936762015,17232.301511044225,1.238455191883089,False,calibration_residual,-8.469291193664368
grid_F0280_k0615__grid_F0340_k0605,grid_F0280_k0615,grid_F0340_k0605,0.028,0.0615,0.034,0.0605,0.3501945707423179,0.8391868983795725,0.5354549195441939,0.5354549195441939,0.9801309299377919,0.9209671811559745,0.054820593151893755,0.07786314362903107,199.9913793319822,199.9913793319822,10385.088467784153,19489.990109574406,1.2610587056779308,False,calibration_residual,-8.470782801149083
grid_F0300_k0630__gs_06,grid_F0300_k0630,gs_06,0.03,0.063,0.038,0.061,0.5217265051095784,0.9248132327726863,0.6279879682722586,0.6279879682722586,0.991620171948723,0.9328348662388303,0.03794920971515947,0.0442720953104426,199.99772200866545,199.99772200866545,145424.88684992678,16619.137435712833,1.2148838916471512,False,calibration_residual,-8.471008224649992
gs_17__gs_08,gs_17,gs_08,0.038,0.064,0.046,0.063,0.3678627097821463,0.7125618502665683,0.6650799838096524,0.6650799838096524,0.9686003094882235,0.9431757052990479,0.08106228085735732,0.05727563904966631,199.99864350001246,199.99864350001246,35641.83894903806,90890.61741372912,1.195567945756884,False,calibration_residual,-8.471824237338913
grid_F0320_k0630__gs_03,grid_F0320_k0630,gs_03,0.032,0.063,0.026,0.055,0.4113747859826288,0.01997065781763912,0.1566753889061481,0.01997065781763912,0.17123207161756568,0.6590220346767381,0.8837300257951657,0.23622700741900393,199.92423030394392,199.92423030394392,32025.151464812796,36674.00394515322,1.5128422162717163,False,calibration_residual;endpoint_ess,-8.473383970016659
grid_F0280_k0605__grid_F0360_k0610,grid_F0280_k0605,grid_F0360_k0610,0.028,0.0605,0.036,0.061,0.3255616499921297,0.5340629887279758,0.5681556168105161,0.5340629887279758,0.9041287461545171,0.9278228009724219,0.06905824957736233,0.07653525031561363,199.99586261967693,199.99586261967693,4687.100452393008,18024.51816624062,1.257505101929855,False,calibration_residual,-8.475256534690004
grid_F0280_k0610__grid_F0280_k0580,grid_F0280_k0610,grid_F0280_k0580,0.028,0.061,0.028,0.058,0.22235631495647357,0.17543550940775354,0.3495621678103643,0.17543550940775354,0.7586976580039718,0.8473484719053437,0.19837181928317724,0.1199859378598407,199.96669423733778,199.96669423733778,63920.55256057329,31524.086081712365,1.4343894136944464,False,calibration_residual;endpoint_ess,-8.476227543468566
grid_F0380_k0650__gs_06,grid_F0380_k0650,gs_06,0.038,0.065,0.038,0.061,0.5018603772937279,0.6149014725498387,0.6206330141216119,0.6149014725498387,0.9402646726984908,0.9329081214897423,0.07261849525944478,0.047824438859939714,199.9971712452174,199.9971712452174,21105.018956849595,15230.330428063364,1.2138469812638544,False,calibration_residual,-8.478560844722097
grid_F0320_k0630__grid_F0300_k0580,grid_F0320_k0630,grid_F0300_k0580,0.032,0.063,0.03,0.058,0.3594354699545388,0.06298121135762338,0.23315917495170665,0.06298121135762338,0.4916533561626498,0.726334847168552,0.4388148486371236,0.1166556166961787,199.74327925047837,199.74327925047837,9833.327061048209,9299.823182248536,1.4754151622217422,False,calibration_residual;endpoint_ess,-8.480258194623365
grid_F0280_k0610__grid_F0360_k0605,grid_F0280_k0610,grid_F0360_k0605,0.028,0.061,0.036,0.0605,0.3835564196227157,0.4285421321225936,0.3112236716847683,0.3112236716847683,0.8928871067328755,0.8378464601639878,0.11882660798979006,0.14321298282666745,199.78191702955021,199.78191702955021,15485.386240764155,21660.47027775978,1.3491266100534938,False,calibration_residual,-8.484357405581633
grid_F0340_k0620__grid_F0340_k0600,grid_F0340_k0620,grid_F0340_k0600,0.034,0.062,0.034,0.06,0.1967383554003905,0.8978492701443284,0.767839192955499,0.767839192955499,0.9867343198135571,0.969965149736476,0.02987445788924618,0.0514056042914628,199.99919638702997,199.99919638702997,23475.352635594903,12935.354181790473,1.130601404314749,False,calibration_residual,-8.485438818559
grid_F0340_k0620__gs_06,grid_F0340_k0620,gs_06,0.034,0.062,0.038,0.061,0.26222912951022087,0.9166151863019284,0.814165450260243,0.814165450260243,0.9894047340443342,0.9733600536019499,0.029704665464453453,0.03650304456904921,199.99979148450456,199.99979148450456,23496.862809057522,12530.361589381715,1.1070265451645542,False,calibration_residual,-8.485880303930553
grid_F0360_k0630__grid_F0340_k0600,grid_F0360_k0630,grid_F0340_k0600,0.036,0.063,0.034,0.06,0.22922932176969146,0.6738124851912036,0.6527088855434869,0.6527088855434869,0.9537377460545269,0.9490761163860795,0.0667998001111734,0.06070917459843592,199.9949239243001,199.9949239243001,26049.25238787698,12732.919019449197,1.1858783816704566,False,calibration_residual,-8.487513371772806
grid_F0300_k0625__grid_F0340_k0600,grid_F0300_k0625,grid_F0340_k0600,0.03,0.0625,0.034,0.06,0.4135646055888028,0.8618952031704825,0.36556132981550404,0.36556132981550404,0.9842694726141062,0.8741429310339006,0.04413673489133722,0.11357359295141463,199.99317380687276,199.99317380687276,188683.9058373809,9372.665267257153,1.3277854319640603,False,calibration_residual,-8.489092593471826
grid_F0320_k0630__gs_08,grid_F0320_k0630,gs_08,0.032,0.063,0.046,0.063,0.5046138039001136,0.7093642153658066,0.6425153499630851,0.6425153499630851,0.9566726811508822,0.9377875843602917,0.06282394485459317,0.0567904410266779,199.99924196669772,199.99924196669772,18523.649691799754,98480.87681942915,1.1892897024518114,False,calibration_residual,-8.489414720901532
grid_F0420_k0650__grid_F0320_k0590,grid_F0420_k0650,grid_F0320_k0590,0.042,0.065,0.032,0.059,0.3467880677993628,0.07357369070560751,0.13932049979507732,0.07357369070560751,0.4708765247823446,0.6287974347560328,0.37404689777858996,0.23697479073065617,199.1848099564836,199.1848099564836,20072.418595364274,15778.811784285812,1.4327242205949682,False,calibration_residual;endpoint_ess,-8.489729431876409
gs_15__grid_F0360_k0600,gs_15,grid_F0360_k0600,0.03,0.062,0.036,0.06,0.43365241490910944,0.6542380257101094,0.1312578504842546,0.1312578504842546,0.9527614612509016,0.7260087849879475,0.06960868733961012,0.3094528248554282,199.88117847159523,199.88117847159523,31996.440112878732,9950.758249956183,1.4368361280556678,False,calibration_residual;endpoint_ess,-8.491593870281967
gs_16__gs_09,gs_16,gs_09,0.034,0.063,0.054,0.062,0.6238679949336463,0.3655822914560175,0.4229915047062202,0.3655822914560175,0.8499926331955587,0.8800188399716422,0.10648190673171869,0.07308048231388875,199.9983849261099,199.9983849261099,54530.23733854221,328126.1229101443,1.3254464083867143,False,calibration_residual,-8.491681692190772
grid_F0340_k0640__grid_F0300_k0580,grid_F0340_k0640,grid_F0300_k0580,0.034,0.064,0.03,0.058,0.4146408199687317,0.226736512864377,0.38410725109391375,0.226736512864377,0.7808013442407337,0.8726859230622585,0.14306109079313983,0.12548947295197385,199.847923393649,199.847923393649,27854.483304123387,7944.740332800099,1.3866305186610337,False,calibration_residual,-8.49239739458923
grid_F0320_k0615__grid_F0360_k0600,grid_F0320_k0615,grid_F0360_k0600,0.032,0.0615,0.036,0.06,0.3070979734712452,0.7539204311046458,0.3722761422838343,0.3722761422838343,0.9694089810001427,0.8897192620208375,0.055685448826343825,0.126942258744613,199.9977197174965,199.9977197174965,28734.938325404386,10905.251367036852,1.3201413752419737,False,calibration_residual,-8.493606539490935
grid_F0320_k0630__grid_F0300_k0585,grid_F0320_k0630,grid_F0300_k0585,0.032,0.063,0.03,0.0585,0.32146752768969367,0.21722715940111278,0.33919004781173556,0.21722715940111278,0.8012876398897361,0.8311563585608814,0.18089970270775746,0.10944544491766575,199.8340416858726,199.8340416858726,8871.655957475456,9310.375146132099,1.3892009920691757,False,calibration_residual,-8.493887512523898
gs_15__gs_08,gs_15,gs_08,0.03,0.062,0.046,0.063,0.524059374373766,0.7512024416054455,0.646836279087595,0.646836279087595,0.961686882720574,0.9388110847485897,0.037059128743793086,0.05655139305485019,199.99971110571227,199.99971110571227,42290.07668350294,87085.2458487653,1.181986940832691,False,calibration_residual,-8.494580474909124
grid_F0360_k0630__grid_F0300_k0570,grid_F0360_k0630,grid_F0300_k0570,0.036,0.063,0.03,0.057,0.4797720047769349,0.4470927486136696,0.8474791027258338,0.4470927486136696,0.8998493968296705,0.978727645395195,0.1059292154949365,0.04177848928524139,199.9949009086515,199.9949009086515,26760.510689023842,15423.986994889494,1.2810452912543797,False,calibration_residual,-8.495153379871361
grid_F0380_k0650__grid_F0360_k0605,grid_F0380_k0650,grid_F0360_k0605,0.038,0.065,0.036,0.0605,0.4772416311218547,0.5055957001487749,0.5053050897068841,0.5053050897068841,0.9105212872499888,0.9087444481646713,0.08241999105765714,0.07188593891506746,199.9997281646708,199.9997281646708,16594.34169601225,15539.477639778233,1.2512104906200916,False,calibration_residual,-8.496123372760007
grid_F0320_k0615__grid_F0320_k0600,grid_F0320_k0615,grid_F0320_k0600,0.032,0.0615,0.032,0.06,0.1615533382548749,0.9126047532051333,0.7316102821512307,0.7316102821512307,0.9882299074527517,0.968158777737508,0.027021969486628085,0.06790910784225078,199.99923168557785,199.99923168557785,17810.40180267477,13224.743386538114,1.1323048258115374,False,calibration_residual,-8.50185161739174
grid_F0300_k0630__grid_F0340_k0600,grid_F0300_k0630,grid_F0340_k0600,0.03,0.063,0.034,0.06,0.46586190273508016,0.8784957360463829,0.46403981869035366,0.46403981869035366,0.986606894128141,0.899347858985524,0.04379034136209981,0.08033669722751587,199.99402475397244,199.99402475397244,129451.69614974536,12442.90194958231,1.2646083042819383,False,calibration_residual,-8.503073024071508
grid_F0420_k0650__grid_F0320_k0585,grid_F0420_k0650,grid_F0320_k0585,0.042,0.065,0.032,0.0585,0.38971558304543397,0.05493969605935365,0.2080925382044566,0.05493969605935365,0.4223505602947485,0.7097676741473403,0.4826232004340031,0.16263765511915354,199.65931728084465,199.65931728084465,31801.617692817377,54191.70148900446,1.4502199267432996,False,calibration_residual;endpoint_ess,-8.505276089269257
gs_17__grid_F0420_k0610,gs_17,grid_F0420_k0610,0.038,0.064,0.042,0.061,0.4875112006445056,0.62198920448359,0.22192537563874248,0.22192537563874248,0.9450468705669779,0.812550003528241,0.06760146338766479,0.22082185283696745,199.91690156175153,199.91690156175153,17080.291442479876,33593.94250458239,1.3776917183116744,False,calibration_residual,-8.507190671956531
gs_07__grid_F0320_k0595,gs_07,grid_F0320_k0595,0.042,0.059,0.032,0.0595,0.5930825344422662,0.8224095759084835,0.8050882791443682,0.8050882791443682,0.9767053534126422,0.9730542403921734,0.04056731199594468,0.043441445444019726,199.9995137328266,199.9995137328266,82055.53857398288,9452.86704895957,1.0898472537496036,False,calibration_residual,-8.507584293319544
grid_F0280_k0610__gs_06,grid_F0280_k0610,gs_06,0.028,0.061,0.038,0.061,0.419651854344687,0.3794239433580267,0.3141753256561241,0.3141753256561241,0.8888594643279927,0.8374045258727143,0.15118535212869802,0.13359373677274064,199.89473323973817,199.89473323973817,22010.495812881298,20055.09617697372,1.3296847246215169,False,calibration_residual,-8.507964274537331
grid_F0300_k0625__grid_F0360_k0610,grid_F0300_k0625,grid_F0360_k0610,0.03,0.0625,0.036,0.061,0.3990859774963246,0.9062453828715535,0.5311535411182865,0.5311535411182865,0.9895681590621599,0.918512286942465,0.035535333701475394,0.08547675981740971,199.98988411004228,199.98988411004228,188364.09155115302,16320.11205662285,1.2237193784233504,False,calibration_residual,-8.510198056519622
grid_F0280_k0615__grid_F0360_k0610,grid_F0280_k0615,grid_F0360_k0610,0.028,0.0615,0.036,0.061,0.3806734398504861,0.789254330155079,0.4900354713272137,0.4900354713272137,0.9736633574718474,0.909804716836536,0.06524907267292972,0.0975928092034531,199.9785258111869,199.9785258111869,11249.649796983182,16960.884844027096,1.241749759245015,False,calibration_residual,-8.512158795650723
gs_17__grid_F0320_k0595,gs_17,grid_F0320_k0595,0.038,0.064,0.032,0.0595,0.28387869608451166,0.28281646127709276,0.782895273894736,0.28281646127709276,0.8501725887617557,0.9670474278866558,0.17912884878313443,0.03625059678825045,199.94967180216986,199.94967180216986,25354.175852121054,9033.016325056535,1.3435724606499813,False,calibration_residual,-8.512502898819967
grid_F0280_k0610__grid_F0360_k0610,grid_F0280_k0610,grid_F0360_k0610,0.028,0.061,0.036,0.061,0.34042316787475807,0.49821768712903536,0.43190505629323894,0.43190505629323894,0.9144120303605192,0.8907541045119443,0.09529900764720979,0.10459925590787829,199.90885936271837,199.90885936271837,11691.545010203454,16915.117917009342,1.2657224381435899,False,calibration_residual,-8.51376800184571
gs_17__grid_F0360_k0610,gs_17,grid_F0360_k0610,0.038,0.064,0.036,0.061,0.27617712131877536,0.5406493050459112,0.6483354497017053,0.5406493050459112,0.9251670755792512,0.9443734264092412,0.08578792133745965,0.061082228405649044,199.99459100531288,199.99459100531288,19324.244832619635,16485.933555598003,1.2133999708367973,False,calibration_residual,-8.516004926905891
grid_F0360_k0630__grid_F0360_k0610,grid_F0360_k0630,grid_F0360_k0610,0.036,0.063,0.036,0.061,0.21460435363479155,0.800656330564516,0.7218808028268975,0.7218808028268975,0.9744212138212166,0.960840187390783,0.04398989388283222,0.05887212667015457,199.9988320230245,199.9988320230245,28340.2973776718,20104.970918923624,1.1209326764301488,False,calibration_residual,-8.51806852330763
grid_F0340_k0650__grid_F0320_k0585,grid_F0340_k0650,grid_F0320_k0585,0.034,0.065,0.032,0.0585,0.6779984453203125,0.6163323240267864,0.5428920951776959,0.5428920951776959,0.9448244918514671,0.9168781490443264,0.0674889274750923,0.05799925878419545,199.99581572874354,199.99581572874354,32699.45775705214,21242.030885484786,1.2100642926942693,False,calibration_residual,-8.51828044615406
grid_F0300_k0630__grid_F0300_k0580,grid_F0300_k0630,grid_F0300_k0580,0.03,0.063,0.03,0.058,0.4563304453270327,0.3292714387759761,0.3233580207849398,0.3233580207849398,0.8701710034713854,0.8643644406483304,0.12622033809689126,0.16627130403703028,199.8646477182292,199.8646477182292,32740.590752869724,6825.264692456912,1.3131849143771992,False,calibration_residual,-8.518368461141792
gs_07__grid_F0340_k0600,gs_07,grid_F0340_k0600,0.042,0.059,0.034,0.06,0.5381293888352813,0.8064750096368981,0.8011130454577515,0.8011130454577515,0.9750707212429957,0.9704114572196743,0.04625781090353517,0.04003114587826215,199.9997001195414,199.9997001195414,79320.73299758349,16163.40708266065,1.0786166750200394,False,calibration_residual,-8.520811808228155
grid_F0280_k0615__grid_F0360_k0600,grid_F0280_k0615,grid_F0360_k0600,0.028,0.0615,0.036,0.06,0.4699112141356472,0.6533435508285571,0.07075783266140616,0.07075783266140616,0.9403154511163679,0.5865268296670979,0.06763464514744036,0.44705662334132995,199.72758772554528,199.72758772554528,13785.257755012226,11815.751271959776,1.4296538349716734,False,calibration_residual;endpoint_ess,-8.521346634974888
grid_F0280_k0605__grid_F0340_k0605,grid_F0280_k0605,grid_F0340_k0605,0.028,0.0605,0.034,0.0605,0.2714829280061455,0.5458037252228538,0.501976572260109,0.501976572260109,0.9104771501084249,0.9136398374606196,0.07756618410027705,0.08341930126231326,199.99430948816953,199.99430948816953,5365.4542320876935,21360.77635979891,1.2262977917016462,False,calibration_residual,-8.522429396576776
gs_16__grid_F0320_k0595,gs_16,grid_F0320_k0595,0.034,0.063,0.032,0.0595,0.2606933312744158,0.3394944215672299,0.4571565801638144,0.3394944215672299,0.8834859685707052,0.903286655504486,0.16261991479558485,0.10292800627456074,199.9150303440625,199.9150303440625,17091.601026847417,14613.73553959593,1.3027111018607602,False,calibration_residual,-8.52329320455875
grid_F0320_k0625__grid_F0300_k0580,grid_F0320_k0625,grid_F0300_k0580,0.032,0.0625,0.03,0.058,0.3114761540391648,0.09791949934699481,0.2490339121553605,0.09791949934699481,0.6129648327336445,0.7827702252014139,0.2840930814197781,0.17471293566936302,198.9386556894494,198.9386556894494,29341.806005580842,4527.875824261275,1.3746602444633786,False,calibration_residual;endpoint_ess,-8.523312790335595
grid_F0340_k0650__grid_F0320_k0590,grid_F0340_k0650,grid_F0320_k0590,0.034,0.065,0.032,0.059,0.6318733875628467,0.5811793516527569,0.4627843424713703,0.4627843424713703,0.9392589739718121,0.8910552931953861,0.0751927990916978,0.07622100658890629,199.97548224726444,199.97548224726444,33326.11303245296,26108.017766488618,1.2431323041752729,False,calibration_residual,-8.524249636952264
grid_F0280_k0615__grid_F0320_k0600,grid_F0280_k0615,grid_F0320_k0600,0.028,0.0615,0.032,0.06,0.31439054550758294,0.7680015053019599,0.5617711180268441,0.5617711180268441,0.974776231214055,0.9403884899722706,0.07182565535393719,0.09136310192142155,199.99668088119955,199.99668088119955,11763.036990729724,13813.980651324562,1.1929321645215978,False,calibration_residual,-8.52601632052496
grid_F0340_k0650__grid_F0340_k0595,grid_F0340_k0650,grid_F0340_k0595,0.034,0.065,0.034,0.0595,0.6741901583833911,0.6628242275130334,0.48378217349497954,0.48378217349497954,0.9568655283196057,0.9027621428257365,0.07514361302314754,0.09445264212634913,199.99739599911504,199.99739599911504,34039.24858595426,19424.70327850157,1.2316413190249287,False,calibration_residual,-8.526337394183335
grid_F0320_k0625__gs_03,grid_F0320_k0625,gs_03,0.032,0.0625,0.026,0.055,0.447588462095786,0.019881246914830224,0.1257683239977154,0.019881246914830224,0.17317653040001627,0.6205999565077142,0.8860152143625774,0.25871912468208674,199.9144659838346,199.9144659838346,38966.99879042578,24883.875851092827,1.4554290442892606,False,calibration_residual;endpoint_ess,-8.530353631445056
grid_F0300_k0610__grid_F0320_k0590,grid_F0300_k0610,grid_F0320_k0590,0.03,0.061,0.032,0.059,0.26583543690312295,0.2720298975394726,0.607365642281848,0.2720298975394726,0.8465284150005816,0.9311199594595686,0.17482875161647357,0.05668118849754473,199.964704233971,199.964704233971,25675.35483406305,25715.344504724773,1.3310587164428536,False,calibration_residual,-8.53116154648596
grid_F0320_k0615__gs_08,grid_F0320_k0615,gs_08,0.032,0.0615,0.046,0.063,0.4384267428477789,0.7788591422651662,0.64784392538223,0.64784392538223,0.9708463178096886,0.9455736737827314,0.06065711735635496,0.07355430748545498,199.9995955465896,199.9995955465896,21764.153075814116,57934.15302234742,1.1444353660338125,False,calibration_residual,-8.531622448604553
grid_F0420_k0650__grid_F0340_k0595,grid_F0420_k0650,grid_F0340_k0595,0.042,0.065,0.034,0.0595,0.382125654040007,0.056001624955864526,0.16888871710903688,0.056001624955864526,0.45375557485338197,0.6743851084851075,0.4934915696089723,0.18135951648226573,198.23617129899137,198.23617129899137,35148.206959311094,13762.27615123841,1.3512705411973036,False,calibration_residual;endpoint_ess,-8.532537211274333
grid_F0280_k0615__gs_08,grid_F0280_k0615,gs_08,0.028,0.0615,0.046,0.063,0.5742126938052292,0.728602813987411,0.6557678323621898,0.6557678323621898,0.9496310427348517,0.9420256921364039,0.03597023180697138,0.05996405420680025,199.99890234358145,199.99890234358145,8467.32925990071,84234.85857277107,1.1387721641073,False,calibration_residual,-8.533289036890679
grid_F0340_k0650__grid_F0360_k0595,grid_F0340_k0650,grid_F0360_k0595,0.034,0.065,0.036,0.0595,0.7606016830302065,0.735252963889114,0.5297597471148736,0.5297597471148736,0.9694109591673329,0.9193115498397634,0.0715364828529644,0.07363099266258653,199.99541976087997,199.99541976087997,35411.27867676925,15261.420943012274,1.201056248636869,False,calibration_residual,-8.533834865849693
grid_F0280_k0610__gs_09,grid_F0280_k0610,gs_09,0.028,0.061,0.054,0.062,0.7367454811580278,0.3851471804273067,0.4807056047938351,0.3851471804273067,0.822434207315178,0.8911629011266755,0.07875507134956224,0.07250558894146286,199.99820291940327,199.99820291940327,43459.8537164755,306939.9334459952,1.2723291795934342,False,calibration_residual,-8.535007376163076
grid_F0320_k0625__grid_F0420_k0610,grid_F0320_k0625,grid_F0420_k0610,0.032,0.0625,0.042,0.061,0.5397102978646413,0.5005892541220611,0.1382444042192603,0.1382444042192603,0.9242917281764529,0.7015617742218166,0.09918999741651663,0.28883562684278435,199.55438612402193,199.55438612402193,52328.71024550504,41507.50097452746,1.3734115948592187,False,calibration_residual;endpoint_ess,-8.535185509232248
gs_16__grid_F0420_k0610,gs_16,grid_F0420_k0610,0.034,0.063,0.042,0.061,0.5069504365981905,0.542864925913719,0.139833918962428,0.139833918962428,0.9293601031151754,0.7158001210368424,0.09955496955470916,0.29285677541221705,199.56382907737665,199.56382907737665,16479.031971117132,41932.30826723289,1.3727204257598122,False,calibration_residual;endpoint_ess,-8.535554068627807
grid_F0340_k0640__grid_F0300_k0585,grid_F0340_k0640,grid_F0300_k0585,0.034,0.064,0.03,0.0585,0.3720223587358576,0.2816557242160066,0.4514348145755538,0.2816557242160066,0.8224541059518402,0.8867366260558532,0.12242421984499227,0.07956593597044567,199.98635843646474,199.98635843646474,57118.86871534245,8822.08372353411,1.321327421404439,False,calibration_residual,-8.537162638310795
grid_F0280_k0600__grid_F0300_k0585,grid_F0280_k0600,grid_F0300_k0585,0.028,0.06,0.03,0.0585,0.22582252893606197,0.40961230087859757,0.7060943723760789,0.40961230087859757,0.8781976813178521,0.9604567575562062,0.11660265242135819,0.0597224254963461,199.94953272875117,199.94953272875117,6176.147460584806,11603.594502103306,1.2527707651215343,False,calibration_residual,-8.539899720876726
grid_F0300_k0610__gs_08,grid_F0300_k0610,gs_08,0.03,0.061,0.046,0.063,0.4818826451900712,0.573328189051332,0.6260392908195671,0.573328189051332,0.9304316248573016,0.9416131122929486,0.06611889555590324,0.07655794396898143,199.99961079516922,199.99961079516922,19992.93976295476,62243.40613883504,1.1720807930499058,False,calibration_residual,-8.54123565218289
grid_F0340_k0620__grid_F0320_k0590,grid_F0340_k0620,grid_F0320_k0590,0.034,0.062,0.032,0.059,0.2687035340114937,0.6703945713008048,0.7355914082354519,0.6703945713008048,0.9475926060869723,0.9603806176474318,0.04530595894299801,0.055060761717241294,199.9989488596331,199.9989488596331,28743.04168257073,24932.539020272045,1.1225215738763414,False,calibration_residual,-8.54222858345491
grid_F0320_k0625__gs_09,grid_F0320_k0625,gs_09,0.032,0.0625,0.054,0.062,0.6593222386947537,0.3739949948558045,0.4101882099391446,0.3739949948558045,0.843242157210982,0.8757258863611885,0.07991123105349841,0.0752659333942145,199.99699024441367,199.99699024441367,108686.88661465443,335170.7640533061,1.2652855475372822,False,calibration_residual,-8.5475664672555
grid_F0320_k0630__grid_F0420_k0610,grid_F0320_k0630,grid_F0420_k0610,0.032,0.063,0.042,0.061,0.5791514565545041,0.28817486103929507,0.15469289616824675,0.15469289616824675,0.8930011391097525,0.7209466130232437,0.20454179813441142,0.26620091393849543,199.6889036931301,199.6889036931301,9227.088347807246,38707.157492252685,1.358090646272026,False,calibration_residual;endpoint_ess,-8.549008090300356
grid_F0360_k0630__grid_F0360_k0600,grid_F0360_k0630,grid_F0360_k0600,0.036,0.063,0.036,0.06,0.3093964251907998,0.6611489053830154,0.4262458080046177,0.4262458080046177,0.9523180561145071,0.9073198865890996,0.0633666035264226,0.11048816294368646,199.99655242380172,199.99655242380172,29363.18000864881,10752.415063605102,1.2347103284975176,False,calibration_residual,-8.55199438869026
grid_F0260_k0605__grid_F0320_k0595,grid_F0260_k0605,grid_F0320_k0595,0.026,0.0605,0.032,0.0595,0.3183550927966061,0.037794412481698535,0.1498345766724431,0.037794412481698535,0.269430628657755,0.6425182939836698,0.5881494064217834,0.22540532280602232,196.86349006276066,196.86349006276066,28435.031912181825,16587.943748784324,1.2721535982187253,False,calibration_residual;endpoint_ess,-8.552123698678459
grid_F0280_k0600__grid_F0320_k0590,grid_F0280_k0600,grid_F0320_k0590,0.028,0.06,0.032,0.059,0.27282627622427713,0.28627364290617313,0.553513390961394,0.28627364290617313,0.8065309734449049,0.9258574127531305,0.14103214707701897,0.07907199618001451,199.80770588888765,199.80770588888765,6070.9543019874245,27364.522862303485,1.2947792929407618,False,calibration_residual,-8.552469180050535
grid_F0300_k0615__gs_09,grid_F0300_k0615,gs_09,0.03,0.0615,0.054,0.062,0.6883496875745044,0.37305014988134316,0.45524534232787056,0.37305014988134316,0.8619054557939678,0.8914776866782934,0.1034440029665364,0.06800783165257628,199.99639020919346,199.99639020919346,23329.324266078795,312390.6280704443,1.2607286707588339,False,calibration_residual,-8.552565764760168
grid_F0360_k0630__grid_F0320_k0585,grid_F0360_k0630,grid_F0320_k0585,0.036,0.063,0.032,0.0585,0.3514733612198597,0.43796472043027485,0.6979485248058863,0.43796472043027485,0.8962738392712757,0.9533259258120836,0.1007972474554236,0.06401152891040965,199.9760972008214,199.9760972008214,28768.0629361056,15756.165215254367,1.226053457161389,False,calibration_residual,-8.553769042664545
grid_F0300_k0610__grid_F0320_k0595,grid_F0300_k0610,grid_F0320_k0595,0.03,0.061,0.032,0.0595,0.22312072779860997,0.3793173753385656,0.5997930524067686,0.3793173753385656,0.8908755009515509,0.9344519452392954,0.13116332615547668,0.06865111940653064,199.96551451232025,199.96551451232025,20793.172139734936,17587.8528033324,1.2547520735202546,False,calibration_residual,-8.553864964426475
grid_F0280_k0615__gs_09,grid_F0280_k0615,gs_09,0.028,0.0615,0.054,0.062,0.763732761707278,0.5562594966131136,0.5050122213006115,0.5050122213006115,0.8949379625861064,0.9055276579942231,0.05060200052423215,0.0593168668589389,199.99718465746977,199.99718465746977,6267.395385863689,305139.03294556384,1.193100352478954,False,calibration_residual,-8.554252769744231
gs_07__grid_F0320_k0600,gs_07,grid_F0320_k0600,0.042,0.059,0.032,0.06,0.6314024691068164,0.637237592730625,0.7679400321300136,0.637237592730625,0.947389786254246,0.9652685312790511,0.07119509446565839,0.0433363014690289,199.99901893947805,199.99901893947805,78153.38650981031,17893.04901207652,1.124927555918402,False,calibration_residual,-8.55640459469019
grid_F0340_k0620__grid_F0340_k0605,grid_F0340_k0620,grid_F0340_k0605,0.034,0.062,0.034,0.0605,0.14994624564379364,0.9230081373222248,0.8434031704117534,0.8434031704117534,0.9900754351345531,0.9787567496252896,0.026914513270518796,0.037442332534177315,199.9998452150669,199.9998452150669,22288.61542797044,15159.283985992779,1.0215013391013996,False,calibration_residual,-8.55678933644607
grid_F0300_k0610__grid_F0360_k0610,grid_F0300_k0610,grid_F0360_k0610,0.03,0.061,0.036,0.061,0.2685148023160895,0.5104970691741386,0.6731250524614631,0.5104970691741386,0.9266993633332855,0.9505314793198516,0.08395899474367582,0.06274979222817918,199.9984947809499,199.9984947809499,18868.237436480755,17751.085903862808,1.1874039598393205,False,calibration_residual,-8.557272244621105
gs_16__grid_F0300_k0585,gs_16,grid_F0300_k0585,0.034,0.063,0.03,0.0585,0.27506827014336815,0.0681517109890554,0.09350174446144141,0.0681517109890554,0.4166169907209079,0.5189859784685973,0.36248139734939416,0.3199465689606674,191.79037959928144,191.79037959928144,23659.296841675776,15778.570430050795,0.995112743778192,False,calibration_residual;endpoint_ess;morphology_effect,-8.560330380691353
grid_F0280_k0600__grid_F0340_k0595,grid_F0280_k0600,grid_F0340_k0595,0.028,0.06,0.034,0.0595,0.3096778159535329,0.20997625342208995,0.45655060717907114,0.20997625342208995,0.7388417169315298,0.8895952147019963,0.1680482778125505,0.07004097403076034,199.73741996630412,199.73741996630412,7059.798171140433,25613.20523322114,1.320768462948717,False,calibration_residual,-8.561114408655444
gs_07__grid_F0320_k0590,gs_07,grid_F0320_k0590,0.042,0.059,0.032,0.059,0.5538325086318321,0.861000660503559,0.7639758872166712,0.7639758872166712,0.9822221628652785,0.9689609705295005,0.037429408676275776,0.06307551717717053,199.99310102128987,199.99310102128987,81917.10572536533,11807.487440902174,1.0558115834058235,False,calibration_residual,-8.561855524050335
gs_07__grid_F0360_k0605,gs_07,grid_F0360_k0605,0.042,0.059,0.036,0.0605,0.48912082251223166,0.7728231625734052,0.8240678544085457,0.7728231625734052,0.9707940669840328,0.9716371828157125,0.05345768481174132,0.03298419553226396,199.99682640326756,199.99682640326756,77378.72672983397,9421.853654774524,1.051543434560799,False,calibration_residual,-8.561886304315877
grid_F0280_k0600__grid_F0300_k0570,grid_F0280_k0600,grid_F0300_k0570,0.028,0.06,0.03,0.057,0.3475264699818574,0.22573732535384033,0.4542853600397888,0.22573732535384033,0.754675853538622,0.9090509358312799,0.1444752050007614,0.10223470300675058,199.6683705975588,199.6683705975588,5578.157541022251,42153.58053359035,1.3060559852778437,False,calibration_residual,-8.564493881923177
grid_F0300_k0630__grid_F0300_k0585,grid_F0300_k0630,grid_F0300_k0585,0.03,0.063,0.03,0.0585,0.4142449895733684,0.3968072498075763,0.4314183627551464,0.3968072498075763,0.8990285132858234,0.8880461776878231,0.11895286369286077,0.10764372899094633,199.99931987744012,199.99931987744012,71422.05474961069,8289.186403906122,1.2367987770689344,False,calibration_residual,-8.564763591899284
gs_15__gs_09,gs_15,gs_09,0.03,0.062,0.054,0.062,0.7070395600043341,0.41549188885283767,0.45017899183473215,0.41549188885283767,0.8536432631741193,0.889642375737042,0.06753901839578683,0.06884085277854418,199.99759232124276,199.99759232124276,46736.56884026735,324260.05888824887,1.2237151432402105,False,calibration_residual,-8.568418528395508
gs_07__gs_06,gs_07,gs_06,0.042,0.059,0.038,0.061,0.5306128613709586,0.7437406041594503,0.7708582050583936,0.7437406041594503,0.9664550662254183,0.9640931633236532,0.055927748728490975,0.039823396023597774,199.99362192673502,199.99362192673502,75383.03839532827,11312.986416652468,1.0563130215429086,False,calibration_residual,-8.571497772714118
gs_17__gs_09,gs_17,gs_09,0.038,0.064,0.054,0.062,0.585184712346629,0.3385920292289196,0.3906635266878604,0.3385920292289196,0.8434317387607616,0.8666545430430043,0.14005876545228374,0.0782363034197245,199.98874861635397,199.98874861635397,61234.02464517313,356730.02009988204,1.258521055969187,False,calibration_residual,-8.571620360234053
grid_F0320_k0630__gs_09,grid_F0320_k0630,gs_09,0.032,0.063,0.054,0.062,0.6932979422348664,0.403628242206224,0.4592948163091897,0.403628242206224,0.8523824967996495,0.8917428553676555,0.10858333818968241,0.06710360799452807,199.99523332836867,199.99523332836867,14612.706869559916,334566.66860331217,1.2256336065638362,False,calibration_residual,-8.572313938751487
grid_F0420_k0650__grid_F0320_k0580,grid_F0420_k0650,grid_F0320_k0580,0.042,0.065,0.032,0.058,0.44170127653652214,0.12167968108775454,0.4992976289269037,0.12167968108775454,0.631534659669094,0.8964659675460075,0.3024738536415646,0.079738101588707,199.9766222654465,199.9766222654465,14727.043504107683,36286.43541284082,1.3644382494188123,False,calibration_residual;endpoint_ess,-8.573553023309636
grid_F0360_k0630__grid_F0300_k0580,grid_F0360_k0630,grid_F0300_k0580,0.036,0.063,0.03,0.058,0.39549299282111516,0.4614249856425615,0.8522629823573332,0.4614249856425615,0.8959695702555306,0.9811876341427574,0.07485500154762056,0.03893588505238671,199.99313581308127,199.99313581308127,29377.89952521938,14276.712642320754,1.1941529446612649,False,calibration_residual,-8.57479135317152
grid_F0420_k0650__grid_F0300_k0585,grid_F0420_k0650,grid_F0300_k0585,0.042,0.065,0.03,0.0585,0.3130595243053467,0.16923465030288323,0.12568358803403515,0.12568358803403515,0.6633050859900177,0.69298679221871,0.1851047589973982,0.2517570179790973,199.79655055657102,199.79655055657102,7719.146238337308,44901.837269213094,1.3517476088954679,False,calibration_residual;endpoint_ess,-8.575238124916067
grid_F0280_k0600__grid_F0300_k0580,grid_F0280_k0600,grid_F0300_k0580,0.028,0.06,0.03,0.058,0.2641119978031256,0.291065400501074,0.5711244013989324,0.291065400501074,0.8212206896623465,0.9312117995084652,0.15839804737236826,0.0719134520752123,199.81482044631392,199.81482044631392,5121.290862195339,11509.056746216827,1.2696763026290905,False,calibration_residual,-8.575532019436068
grid_F0340_k0640__grid_F0340_k0605,grid_F0340_k0640,grid_F0340_k0605,0.034,0.064,0.034,0.0605,0.37517922943545123,0.6870988850658767,0.436257823406953,0.436257823406953,0.9587294694207122,0.891684684599875,0.07029478503002182,0.10406716965067228,199.96959832314676,199.96959832314676,183973.37441876277,18352.930181799435,1.2029063177183204,False,calibration_residual,-8.577444686735541
grid_F0300_k0605__grid_F0360_k0590,grid_F0300_k0605,grid_F0360_k0590,0.03,0.0605,0.036,0.059,0.3999463815288328,0.4113305151605031,0.7556635519886608,0.4113305151605031,0.8897167675137341,0.9705170152611541,0.11312160171314421,0.0698439646555934,199.9827380818906,199.9827380818906,7586.484183724016,8526.730024039807,1.2151528878011912,False,calibration_residual,-8.578318758713088
grid_F0300_k0610__grid_F0360_k0600,grid_F0300_k0610,grid_F0360_k0600,0.03,0.061,0.036,0.06,0.33852332689160936,0.30679463636300647,0.23975041438314856,0.23975041438314856,0.8646756356673905,0.8302952972883699,0.15814406884608614,0.20425975568110868,199.99821961240525,199.99821961240525,25307.303082572555,11074.988073591785,1.2997682632975476,False,calibration_residual,-8.580267510131142
grid_F0340_k0640__grid_F0420_k0610,grid_F0340_k0640,grid_F0420_k0610,0.034,0.064,0.042,0.061,0.6160873010867811,0.654272877699124,0.20716077096746363,0.20716077096746363,0.9612000072302137,0.818580581013185,0.09651645360532166,0.2401535095012585,199.97181680497002,199.97181680497002,67131.76241586579,31833.62798862301,1.3141452615324527,False,calibration_residual,-8.580865193232317
gs_07__grid_F0340_k0595,gs_07,grid_F0340_k0595,0.042,0.059,0.034,0.0595,0.4956984112814327,0.8227963884083643,0.7513720395587988,0.7513720395587988,0.9772134023965403,0.9647856442880186,0.04140054092187255,0.051767837053101964,199.9946375614302,199.9946375614302,79642.79248784352,13534.181879729687,1.0393359888471854,False,calibration_residual,-8.584709869444927
grid_F0300_k0630__grid_F0340_k0605,grid_F0300_k0630,grid_F0340_k0605,0.03,0.063,0.034,0.0605,0.41791870010099075,0.9196578490790356,0.500170597706145,0.500170597706145,0.9907206989507867,0.9080827448735941,0.03483277586333636,0.07423883084384902,199.99282484354887,199.99282484354887,158502.40718800027,18474.110527212037,1.1616536912210336,False,calibration_residual,-8.587902252103339
grid_F0280_k0600__grid_F0360_k0595,grid_F0280_k0600,grid_F0360_k0595,0.028,0.06,0.036,0.0595,0.39724248815399565,0.07887565807915418,0.22014605321472835,0.07887565807915418,0.5440741941788485,0.7794353559602639,0.40122956746471555,0.17987915786979014,199.33146571931886,199.33146571931886,8940.098508018295,25540.91858092228,1.3390583971821888,False,calibration_residual;endpoint_ess,-8.588077059744176
grid_F0380_k0650__grid_F0320_k0585,grid_F0380_k0650,grid_F0320_k0585,0.038,0.065,0.032,0.0585,0.4877367033377096,0.17372998154867028,0.3764080581602047,0.17372998154867028,0.7107173710059587,0.8477558473299273,0.22741919316008877,0.07502776339789427,199.62904486015324,199.62904486015324,8653.700178792944,34566.55347918702,1.3060206766192488,False,calibration_residual;endpoint_ess,-8.58856657561408
grid_F0340_k0620__grid_F0360_k0600,grid_F0340_k0620,grid_F0360_k0600,0.034,0.062,0.036,0.06,0.27556363426715047,0.801000159495031,0.509701322168868,0.509701322168868,0.9740483902380829,0.9276096802617164,0.044349512618459305,0.09462575054300874,199.99759579249275,199.99759579249275,28690.970810628067,10257.007552416928,1.156413556406609,False,calibration_residual,-8.588615572133595
grid_F0300_k0630__grid_F0360_k0610,grid_F0300_k0630,grid_F0360_k0610,0.03,0.063,0.036,0.061,0.4494624982308588,0.8165344440582655,0.5444323403491288,0.5444323403491288,0.9809217575302347,0.9196648486336738,0.05641550115093443,0.07582396856412636,199.9964646267075,199.9964646267075,100709.20470822384,19083.495475583655,1.1370908352278013,False,calibration_residual,-8.590516225933012
grid_F0300_k0625__grid_F0340_k0605,grid_F0300_k0625,grid_F0340_k0605,0.03,0.0625,0.034,0.0605,0.36522263314255676,0.835963820824461,0.43087207405984196,0.43087207405984196,0.9815608138897998,0.8893354413041984,0.051255593442302114,0.10358355605760254,199.9833814949882,199.9833814949882,203979.27854777328,17254.87635063228,1.1919526770062736,False,calibration_residual,-8.591780360713216
grid_F0380_k0650__grid_F0320_k0590,grid_F0380_k0650,grid_F0320_k0590,0.038,0.065,0.032,0.059,0.440002073558625,0.15389559626132043,0.23173491901528848,0.15389559626132043,0.6796917674980265,0.7652683390782519,0.2550963226319377,0.15999937804507855,199.8113335498519,199.8113335498519,9311.254099326225,42063.84606525693,1.3214230708644872,False,calibration_residual;endpoint_ess,-8.592195808497447
grid_F0300_k0625__grid_F0420_k0610,grid_F0300_k0625,grid_F0420_k0610,0.03,0.0625,0.042,0.061,0.6268935650869938,0.7293028467517055,0.17429491432087799,0.17429491432087799,0.9587315307536344,0.7914273129827306,0.06542040467850792,0.2682213370461164,199.9477352755091,199.9477352755091,100144.09380158078,33235.083049509194,1.3161857298337114,False,calibration_residual;endpoint_ess,-8.594053576781306
gs_15__grid_F0420_k0610,gs_15,grid_F0420_k0610,0.03,0.062,0.042,0.061,0.5787084099403929,0.5527131260228817,0.10880889563723566,0.10880889563723566,0.9274898676217621,0.628177936111857,0.08781794100824841,0.323703944868385,198.92687128534885,198.92687128534885,31883.312965333564,50765.622085105875,1.2967646351547972,False,calibration_residual;endpoint_ess,-8.595174481294029
grid_F0280_k0600__grid_F0360_k0590,grid_F0280_k0600,grid_F0360_k0590,0.028,0.06,0.036,0.059,0.4410809800836133,0.04102815864199029,0.17769622984447805,0.04102815864199029,0.37913846368240717,0.739208931845251,0.5953810982455298,0.2499425055359623,198.74525156937193,198.74525156937193,14259.896509289772,39025.21809178064,1.3183168786311852,False,calibration_residual;endpoint_ess,-8.598431620516418
gs_17__grid_F0360_k0600,gs_17,grid_F0360_k0600,0.038,0.064,0.036,0.06,0.36680451138007897,0.24830367492313096,0.2417054184656545,0.2417054184656545,0.8167679470049382,0.8257627166009402,0.16854392000677162,0.17920990132379794,199.9847109327558,199.9847109327558,14681.709470075479,8150.123110449973,1.2781466689175074,False,calibration_residual,-8.600236168487458
grid_F0340_k0620__grid_F0360_k0610,grid_F0340_k0620,grid_F0360_k0610,0.034,0.062,0.036,0.061,0.17955186056190334,0.8870826054739255,0.7746016069989741,0.7746016069989741,0.9857886920359367,0.9695136230647512,0.03422507236321419,0.05152194196963446,199.99874960380072,199.99874960380072,25222.999322656196,19790.612667699126,1.0118714063435186,False,calibration_residual,-8.600765270347031
grid_F0300_k0605__gs_09,grid_F0300_k0605,gs_09,0.03,0.0605,0.054,0.062,0.6573248560159634,0.42147538845545107,0.5263335226164421,0.42147538845545107,0.8691763419636895,0.9093917651869908,0.07671857616586077,0.07184485986491984,199.9996322376325,199.9996322376325,13596.312886631402,278850.7924211448,1.1879011844949097,False,calibration_residual,-8.60134273315899
grid_F0420_k0650__grid_F0300_k0590,grid_F0420_k0650,grid_F0300_k0590,0.042,0.065,0.03,0.059,0.2855929898653001,0.23383276938082004,0.3184438722499088,0.23383276938082004,0.7551256640807372,0.8268839685418952,0.15005406559058215,0.12260539712502867,199.92431868103807,199.92431868103807,13859.407178378466,3243.114745519062,1.2779275091816045,False,calibration_residual,-8.60137204017989
grid_F0340_k0620__gs_09,grid_F0340_k0620,gs_09,0.034,0.062,0.054,0.062,0.5813798242998246,0.4203160621132957,0.5199335329474831,0.4203160621132957,0.8864649662927739,0.9063668056454292,0.09082894223541943,0.06890640426712077,199.99880435416225,199.99880435416225,26466.52073219732,286708.8946250251,1.1878422445398102,False,calibration_residual,-8.601939942111656
grid_F0340_k0620__grid_F0320_k0595,grid_F0340_k0620,grid_F0320_k0595,0.034,0.062,0.032,0.0595,0.23417340238417894,0.708587274850676,0.7243493732881394,0.708587274850676,0.9555047902216227,0.9607895434613887,0.050169383619119316,0.05604356091319749,199.9945401843826,199.9945401843826,24813.986701742662,17104.23355129202,1.041392342160204,False,calibration_residual,-8.604041029633589
grid_F0300_k0630__grid_F0360_k0600,grid_F0300_k0630,grid_F0360_k0600,0.03,0.063,0.036,0.06,0.5420749793548988,0.5931594931583216,0.20528662427090516,0.20528662427090516,0.9517078635374602,0.8075487318897713,0.08851350010630944,0.23046092523047707,199.9935525751096,199.9935525751096,36911.332605910255,12265.882224288864,1.2929132235565648,False,calibration_residual,-8.604121093063462
grid_F0420_k0650__grid_F0420_k0610,grid_F0420_k0650,grid_F0420_k0610,0.042,0.065,0.042,0.061,0.5502716856320052,0.38917268358711377,0.27167554916868636,0.27167554916868636,0.8668295986490735,0.8504663718902651,0.10331338236207642,0.19681111132619222,199.91155731383625,199.91155731383625,8579.917765203905,27371.773636547518,1.2533031243061998,False,calibration_residual,-8.60643696680127
grid_F0280_k0600__grid_F0320_k0585,grid_F0280_k0600,grid_F0320_k0585,0.028,0.06,0.032,0.0585,0.31388714168702647,0.23096145209140156,0.4761597049766082,0.23096145209140156,0.7650358712444707,0.9087162887200515,0.16094838635378222,0.08384267617628127,199.6620595047247,199.6620595047247,5837.963363188823,31522.00503963331,1.2603350632447143,False,calibration_residual,-8.60728718594582
grid_F0320_k0615__gs_09,grid_F0320_k0615,gs_09,0.032,0.0615,0.054,0.062,0.6233699740444958,0.1735699699358437,0.4764960660842608,0.1735699699358437,0.79949769641956,0.8946231075206296,0.27060425643460373,0.06203329187872345,199.99842536893652,199.99842536893652,33339.35466667743,305702.31195460027,1.3044119784083068,False,calibration_residual;endpoint_ess,-8.608724305070597
grid_F0360_k0630__gs_09,grid_F0360_k0630,gs_09,0.036,0.063,0.054,0.062,0.554974239177512,0.2921701790254889,0.4743739213608887,0.2921701790254889,0.8335596364079805,0.8910125952826177,0.13485026655748528,0.06003503538288659,199.9984651044172,199.9984651044172,39725.022410774545,315411.7491676427,1.2421244100961815,False,calibration_residual,-8.611713755611934
grid_F0280_k0600__grid_F0320_k0580,grid_F0280_k0600,grid_F0320_k0580,0.028,0.06,0.032,0.058,0.35617637990592543,0.1913880300872699,0.40660391387796796,0.1913880300872699,0.7211053293940156,0.8899021785179466,0.1808173967700536,0.1089345978196006,199.6217986060058,199.6217986060058,6184.032967970049,40105.21287689983,1.2732046112709037,False,calibration_residual;endpoint_ess,-8.612191303985753
grid_F0340_k0620__grid_F0320_k0600,grid_F0340_k0620,grid_F0320_k0600,0.034,0.062,0.032,0.06,0.12074420377813422,0.04854560034350436,0.05186640325037846,0.04854560034350436,0.4790971188868637,0.40425152167162964,0.5521971117153169,0.3997911379725082,176.8806270209762,176.8806270209762,25296.954154360865,23411.20473795565,0.2061731943317322,False,calibration_residual;endpoint_ess;morphology_effect,-8.613585356545327
grid_F0280_k0615__grid_F0420_k0610,grid_F0280_k0615,grid_F0420_k0610,0.028,0.0615,0.042,0.061,0.6234111411586598,0.5094866613198415,0.10679075938620142,0.10679075938620142,0.9017065812998312,0.5987419791070877,0.08905843672948414,0.2977423333114963,199.16711467871934,199.16711467871934,25346.796744854742,47485.25043573902,1.2898388519600317,False,calibration_residual;endpoint_ess,-8.615121502282834
grid_F0300_k0610__gs_09,grid_F0300_k0610,gs_09,0.03,0.061,0.054,0.062,0.6673571839809164,0.20360084659161412,0.45082994199976967,0.20360084659161412,0.7895989526095154,0.889284832622255,0.21075232575758981,0.0683171215190579,199.9986201193221,199.9986201193221,26978.211877142683,312038.3040586491,1.281124007595628,False,calibration_residual,-8.61700657507467
grid_F0300_k0605__grid_F0360_k0595,grid_F0300_k0605,grid_F0360_k0595,0.03,0.0605,0.036,0.0595,0.351250148645921,0.4446459852592571,0.7274554501317414,0.4446459852592571,0.9027159595287247,0.9646346762712987,0.10888301694464778,0.05389684231426679,199.98358491475034,199.98358491475034,7284.227750644788,17657.646321271604,1.1576589721065633,False,calibration_residual,-8.619197281001325
gs_07__gs_08,gs_07,gs_08,0.042,0.059,0.046,0.063,0.7679785312753077,0.5367004498843457,0.6979759262801325,0.5367004498843457,0.9299666088370108,0.9516616343154962,0.09401957441321895,0.0427731980888332,199.99928499875477,199.99928499875477,63360.36203602069,61605.22133917911,1.1119392297375195,False,calibration_residual,-8.619674795258048
grid_F0280_k0600__grid_F0320_k0595,grid_F0280_k0600,grid_F0320_k0595,0.028,0.06,0.032,0.0595,0.23003876292467584,0.32371203762225326,0.6452910587981059,0.32371203762225326,0.8258445981620759,0.9385956594801083,0.11780279732335541,0.052567590166266956,199.9265312705313,199.9265312705313,6258.638290713282,19221.42957506796,1.2141872306061343,False,calibration_residual,-8.620283314109304
grid_F0340_k0650__grid_F0300_k0580,grid_F0340_k0650,grid_F0300_k0580,0.034,0.065,0.03,0.058,0.6180427403261739,0.35851960507266334,0.3323331531603299,0.3323331531603299,0.8623090548475467,0.8293258408905867,0.10712065773922895,0.12323787517173078,199.99512715079072,199.99512715079072,32448.214935882384,11366.891707291828,1.2110661350961547,False,calibration_residual,-8.622523645863218
grid_F0360_k0630__gs_08,grid_F0360_k0630,gs_08,0.036,0.063,0.046,0.063,0.3697109516416588,0.8559463178677734,0.6577432270596675,0.6577432270596675,0.9806061374811901,0.9465887489972329,0.03448100115453449,0.07045113107414355,199.99965185444879,199.99965185444879,31445.995855609188,59227.383337262974,1.0484946936385717,False,calibration_residual,-8.622616285554034
grid_F0300_k0615__grid_F0420_k0610,grid_F0300_k0615,grid_F0420_k0610,0.03,0.0615,0.042,0.061,0.5442551483015599,0.5127971490635205,0.12434899393162821,0.12434899393162821,0.9151984548898097,0.6963204052315256,0.09224145175327278,0.3167096263105374,199.59331096649586,199.59331096649586,29996.05388544549,46587.63566555093,1.2946570926249659,False,calibration_residual;endpoint_ess,-8.622833958734015
grid_F0360_k0630__grid_F0320_k0600,grid_F0360_k0630,grid_F0320_k0600,0.036,0.063,0.032,0.06,0.24392894113409336,0.7060346098896573,0.746711526147716,0.7060346098896573,0.9562989383547977,0.9673711420490007,0.0457554665532778,0.05346211256453059,199.99767068101016,199.99767068101016,25716.855403009155,14977.465201924193,1.023724252083194,False,calibration_residual,-8.623141977022486
grid_F0300_k0605__grid_F0340_k0595,grid_F0300_k0605,grid_F0340_k0595,0.03,0.0605,0.034,0.0595,0.25799340012939315,0.4125104200951714,0.8202437162150368,0.4125104200951714,0.8994135542094956,0.9749795763716987,0.1267234056759567,0.03487602280367304,199.98715932157975,199.98715932157975,6510.510432108122,18373.894729480304,1.1586845492352222,False,calibration_residual,-8.63441820679618
grid_F0300_k0610__grid_F0320_k0600,grid_F0300_k0610,grid_F0320_k0600,0.03,0.061,0.032,0.06,0.1776221220175943,0.5920768474808954,0.5363026347737179,0.5363026347737179,0.9428713969273138,0.935917793030521,0.07330879713788893,0.10027282681870608,199.991940297667,199.991940297667,15480.644165047468,14011.163928043285,1.0965081224200672,False,calibration_residual,-8.634937575076425
grid_F0420_k0650__grid_F0360_k0600,grid_F0420_k0650,grid_F0360_k0600,0.042,0.065,0.036,0.06,0.42476002056261886,0.1616421389709374,0.23093331184540344,0.1616421389709374,0.6893429141328044,0.7963670985045617,0.24571146873450597,0.19934268491288262,199.89888644261674,199.89888644261674,13884.832550395435,13447.300472545272,1.2781239152696722,False,calibration_residual;endpoint_ess,-8.635999337375697
grid_F0260_k0605__grid_F0280_k0580,grid_F0260_k0605,grid_F0280_k0580,0.026,0.0605,0.028,0.058,0.20120001942597981,0.07136975355777388,0.17129261998702797,0.07136975355777388,0.5072181983386077,0.7305696838782438,0.3050782760197578,0.19933237774499438,199.97594293042548,199.97594293042548,16765.159149756957,58531.624975744795,1.3264479912362321,False,calibration_residual;endpoint_ess,-8.636664278506156
gs_07__grid_F0300_k0580,gs_07,grid_F0300_k0580,0.042,0.059,0.03,0.058,0.5837047141964049,0.8557072048285178,0.7837112514504245,0.7837112514504245,0.9811406911382565,0.97183954784557,0.03955428119306223,0.0539099350332599,199.99640291559268,199.99640291559268,85392.60099785244,16920.08930286992,0.9712112649178067,False,calibration_residual;morphology_effect,-8.636753255136616
gs_07__grid_F0300_k0585,gs_07,grid_F0300_k0585,0.042,0.059,0.03,0.0585,0.6191568008573344,0.7013306153810727,0.76315170018123,0.7013306153810727,0.9576033247079176,0.9620373299855252,0.05757724449953752,0.03691813875183744,199.99817018004825,199.99817018004825,80876.29559921277,8805.076927122751,1.004694045689039,False,calibration_residual,-8.644549155622837
grid_F0380_k0650__grid_F0360_k0600,grid_F0380_k0650,grid_F0360_k0600,0.038,0.065,0.036,0.06,0.5156197451198599,0.27546088993337053,0.1292167439234158,0.1292167439234158,0.8052409279397846,0.7281066803248448,0.14064247800808724,0.3194293032404147,199.4292269237019,199.4292269237019,9574.480440470721,12998.393122180645,1.2610897108617385,False,calibration_residual;endpoint_ess,-8.645763263361648
grid_F0380_k0650__grid_F0300_k0585,grid_F0380_k0650,grid_F0300_k0585,0.038,0.065,0.03,0.0585,0.38067684926334977,0.09215485128201467,0.09885109487452408,0.09215485128201467,0.5841449001644488,0.5936841471592177,0.3722326202046613,0.2877224965276129,199.0316204853059,199.0316204853059,9198.704600714294,35648.85300127433,1.2536216673226976,False,calibration_residual;endpoint_ess,-8.65188193130159
gs_07__grid_F0320_k0585,gs_07,grid_F0320_k0585,0.042,0.059,0.032,0.0585,0.5141301404870001,0.8647007402898467,0.7684586946303841,0.7684586946303841,0.9826721601078953,0.9685761724056898,0.03821918986622144,0.048410432890367346,199.99059425689532,199.99059425689532,82668.36821542573,24469.68591324444,0.9625089288035364,False,calibration_residual;morphology_effect,-8.652791436726039
gs_15__grid_F0280_k0580,gs_15,grid_F0280_k0580,0.03,0.062,0.028,0.058,0.21536497366637297,0.08244145111923637,0.38355143748341475,0.08244145111923637,0.5557977443102671,0.8455014601702787,0.2774611516298166,0.10569943065833087,199.989011433271,199.989011433271,53046.476848998274,28534.625233430743,1.3047363485215597,False,calibration_residual;endpoint_ess,-8.653493497582375
grid_F0300_k0605__grid_F0360_k0600,grid_F0300_k0605,grid_F0360_k0600,0.03,0.0605,0.036,0.06,0.3069628281703286,0.45273708052309053,0.5894220882453007,0.45273708052309053,0.9064014637253504,0.9414017909982554,0.1087657962055798,0.07801559318238603,199.9827191001637,199.9827191001637,7016.28255136662,10680.875896394658,1.1148921287818967,False,calibration_residual,-8.657875285964744
gs_07__grid_F0360_k0600,gs_07,grid_F0360_k0600,0.042,0.059,0.036,0.06,0.440258625549524,0.7690999785221695,0.6726572139651599,0.6726572139651599,0.9693026236457095,0.9548652545502837,0.046181666048363906,0.07431561651534788,199.97877509771044,199.97877509771044,75857.98953099536,12486.600562810256,1.001509239554262,False,calibration_residual,-8.66110090834868
grid_F0280_k0600__grid_F0340_k0600,grid_F0280_k0600,grid_F0340_k0600,0.028,0.06,0.034,0.06,0.27661212586440886,0.2978698095284261,0.3903370108250782,0.2978698095284261,0.8051670960969042,0.8728662224647542,0.11201650063561386,0.09429888499858263,199.88629781042832,199.88629781042832,8108.548007485331,17127.739433780156,1.1808415851888703,False,calibration_residual,-8.664538400568333
grid_F0420_k0650__grid_F0320_k0595,grid_F0420_k0650,grid_F0320_k0595,0.042,0.065,0.032,0.0595,0.30845290031615086,0.11560467727862893,0.21966296391950116,0.11560467727862893,0.5886383565400897,0.7481895013561103,0.2726107242166026,0.15641767326696185,199.9395112903899,199.9395112903899,12102.379906875329,21709.826145039795,1.274026720071923,False,calibration_residual;endpoint_ess,-8.665146505808258
grid_F0360_k0630__grid_F0340_k0605,grid_F0360_k0630,grid_F0340_k0605,0.036,0.063,0.034,0.0605,0.1895019920027049,0.6085655857951919,0.6540552962705791,0.6085655857951919,0.9412881777206797,0.9465467642178008,0.07915364478933266,0.05557070607930788,199.99623866903553,199.99623866903553,25231.252539100522,17010.363981873976,1.0280641304122398,False,calibration_residual,-8.667465010141942
grid_F0280_k0600__grid_F0300_k0590,grid_F0280_k0600,grid_F0300_k0590,0.028,0.06,0.03,0.059,0.1776700756450332,0.431010361603885,0.482898561943934,0.431010361603885,0.8847496233247139,0.9120928994871594,0.09025902462717691,0.09938580058889976,199.97879299371593,199.97879299371593,4429.867978984397,4783.083909235683,1.1143747550327756,False,calibration_residual,-8.669059713851079
grid_F0260_k0605__grid_F0340_k0600,grid_F0260_k0605,grid_F0340_k0600,0.026,0.0605,0.034,0.06,0.3413929388935374,0.03058836307804061,0.05388573415197161,0.03058836307804061,0.24289876510285183,0.41421431857671304,0.6907513476088903,0.4816241204481534,198.4002310465758,198.4002310465758,12118.718033644875,60577.91684565412,1.2326283549610446,False,calibration_residual;endpoint_ess,-8.672089015828726
grid_F0280_k0600__grid_F0360_k0600,grid_F0280_k0600,grid_F0360_k0600,0.028,0.06,0.036,0.06,0.3559176923423446,0.17003628006680888,0.17842407370070443,0.17003628006680888,0.6973414094084194,0.7677223903098457,0.2137770330680708,0.2494810167306087,199.80563770302138,199.80563770302138,8324.319916133078,19754.41372205581,1.2318566405669487,False,calibration_residual;endpoint_ess,-8.673407104550718
grid_F0340_k0620__grid_F0280_k0580,grid_F0340_k0620,grid_F0280_k0580,0.034,0.062,0.028,0.058,0.2671355003436965,0.06646800620379695,0.0673211232048175,0.06646800620379695,0.3898269684185064,0.49043579807950605,0.3442448829801649,0.35130815510617797,195.11605939933992,195.11605939933992,235872.946231737,91682.70557128008,1.0490758422571633,False,calibration_residual;endpoint_ess,-8.673493124607935
gs_17__grid_F0320_k0585,gs_17,grid_F0320_k0585,0.038,0.064,0.032,0.0585,0.3409759626716122,0.10226590004273643,0.48354002893222503,0.10226590004273643,0.6347408630425037,0.911317776631833,0.28784768686184337,0.09538554310937523,199.37700358827848,199.37700358827848,11776.702166464913,12568.899364392384,1.2342543357118696,False,calibration_residual;endpoint_ess,-8.683462893680687
gs_07__gs_09,gs_07,gs_09,0.042,0.059,0.054,0.062,0.7154580230283105,0.6924059672988749,0.5511456135553209,0.5511456135553209,0.9496293535850873,0.918104198935075,0.0473580492207928,0.06031984636739773,199.99996274187998,199.99996274187998,78925.22269776177,242697.0333752845,1.0354885909353897,False,calibration_residual,-8.68893673938095
grid_F0340_k0650__grid_F0300_k0585,grid_F0340_k0650,grid_F0300_k0585,0.034,0.065,0.03,0.0585,0.5740090173236589,0.4446906632402994,0.31858239469255323,0.31858239469255323,0.9029677384307254,0.8316009788077542,0.09361784457204883,0.12397201114871699,199.96743635098977,199.96743635098977,33397.84710968993,10508.687509746207,1.149822969396883,False,calibration_residual,-8.68925765080633
gs_07__grid_F0420_k0610,gs_07,grid_F0420_k0610,0.042,0.059,0.042,0.061,0.5647621530311757,0.8220784767233275,0.8845431519449775,0.8220784767233275,0.978044303462645,0.9842833728405018,0.047667103147767446,0.031123591554621334,199.99955739401315,199.99955739401315,74933.90633364918,11428.786365481901,0.8982661044608098,False,calibration_residual;morphology_effect,-8.690672526878185
grid_F0340_k0650__grid_F0360_k0605,grid_F0340_k0650,grid_F0360_k0605,0.034,0.065,0.036,0.0605,0.6578361076749781,0.6974059050873785,0.47703139827911567,0.47703139827911567,0.9645793360836453,0.8998525379366212,0.07952115429503047,0.073120459115767,199.9967695073062,199.9967695073062,37231.59815369534,14181.455389715116,1.0632190402404815,False,calibration_residual,-8.69810373598527
grid_F0320_k0615__grid_F0420_k0610,grid_F0320_k0615,grid_F0420_k0610,0.032,0.0615,0.042,0.061,0.462225818228568,0.654519237298308,0.16149151225237748,0.16149151225237748,0.9485906617712984,0.783353403569872,0.06336077924390074,0.2809235856711915,199.9526512645638,199.9526512645638,33140.44127929344,37749.46048381309,1.2162572311905717,False,calibration_residual;endpoint_ess,-8.70062957591143
grid_F0300_k0605__grid_F0360_k0605,grid_F0300_k0605,grid_F0360_k0605,0.03,0.0605,0.036,0.0605,0.27971725097930455,0.4520432287062669,0.7969689141257013,0.4520432287062669,0.9078309813307563,0.9722399213406118,0.1122900113282353,0.040034180443480887,199.98715101349413,199.98715101349413,6969.982972744937,14615.875668809902,1.0705915037709035,False,calibration_residual,-8.70274443255067
grid_F0300_k0610__grid_F0300_k0585,grid_F0300_k0610,grid_F0300_k0585,0.03,0.061,0.03,0.0585,0.20801928054031557,0.181341966278724,0.38548745115182365,0.181341966278724,0.7768308624923655,0.861811632113894,0.24484500314455335,0.0996026836532895,199.17377331514308,199.17377331514308,29471.8029269707,9224.117403902821,1.1619838880514466,False,calibration_residual;endpoint_ess,-8.706033794566347
grid_F0300_k0630__grid_F0320_k0600,grid_F0300_k0630,grid_F0320_k0600,0.03,0.063,0.032,0.06,0.38089833733122497,0.89589865337494,0.36218197907201394,0.36218197907201394,0.9876956164283331,0.9017108451681685,0.037535013116821246,0.16380466354326303,199.99118702022432,199.99118702022432,176995.64611787934,12788.611010110199,1.1111506928571473,False,calibration_residual,-8.707317668618062
grid_F0300_k0625__grid_F0320_k0600,grid_F0300_k0625,grid_F0320_k0600,0.03,0.0625,0.032,0.06,0.3262604437672938,0.753147526156058,0.3538127048451134,0.3538127048451134,0.9716377479367416,0.8818328741606459,0.06520933142967936,0.14493453494820097,199.9967762741625,199.9967762741625,196015.46048667104,10997.252453365427,1.1154625448038062,False,calibration_residual,-8.707469916481763
grid_F0340_k0650__gs_06,grid_F0340_k0650,gs_06,0.034,0.065,0.038,0.061,0.6802737576124751,0.7182843068396674,0.57566076727744,0.57566076727744,0.9687869957304213,0.9207630200627719,0.07953979766659805,0.05133721236104991,199.99976917220388,199.99976917220388,39613.913082989624,15383.607844763348,1.0031536388033773,False,calibration_residual,-8.709004436168097
grid_F0300_k0605__gs_06,grid_F0300_k0605,gs_06,0.03,0.0605,0.038,0.061,0.33318486420120547,0.492770863826579,0.812190591622095,0.492770863826579,0.9147103722465134,0.9731311727949782,0.09505501673625769,0.03600356320606196,199.99260034978073,199.99260034978073,7546.564179840119,12916.032375756666,1.0438506985267526,False,calibration_residual,-8.709393887048996
grid_F0280_k0610__gs_08,grid_F0280_k0610,gs_08,0.028,0.061,0.046,0.063,0.5391534618891163,0.348685288640259,0.3420009700412699,0.3420009700412699,0.8710243735715887,0.855283349399281,0.1615526333012819,0.14005346508233227,199.98298357998698,199.98298357998698,38240.34348424204,61615.62008789151,1.1180732498787205,False,calibration_residual,-8.710075444099994
grid_F0380_k0650__grid_F0360_k0610,grid_F0380_k0650,grid_F0360_k0610,0.038,0.065,0.036,0.061,0.42322184585663075,0.3917921504673049,0.3857159687145702,0.3857159687145702,0.8603972775559225,0.8765354798400979,0.08722576146469052,0.12377833886774707,199.98579654830783,199.98579654830783,14341.097227556344,17005.311398591402,1.0960129341899238,False,calibration_residual,-8.710418908868183
grid_F0280_k0605__grid_F0300_k0590,grid_F0280_k0605,grid_F0300_k0590,0.028,0.0605,0.03,0.059,0.21858541004748577,0.36255582064915237,0.22750302602355016,0.22750302602355016,0.8623905916129111,0.8074940879634236,0.11175297854588004,0.17365614227802212,199.9819939137058,199.9819939137058,3035.6291844182906,5095.405330549269,1.1741274617138313,False,calibration_residual,-8.711220720959684
grid_F0360_k0630__grid_F0420_k0610,grid_F0360_k0630,grid_F0420_k0610,0.036,0.063,0.042,0.061,0.43497484699169314,0.7063891229777391,0.20520023751448313,0.20520023751448313,0.9604396206933731,0.8313411325935252,0.0667588563312538,0.24517657409927762,199.9919869274828,199.9919869274828,37782.582987014255,32891.53243845869,1.1851519518568738,False,calibration_residual,-8.711847275760025
grid_F0360_k0630__grid_F0300_k0590,grid_F0360_k0630,grid_F0300_k0590,0.036,0.063,0.03,0.059,0.3264531839153354,0.5167774669690245,0.5747231162234893,0.5167774669690245,0.9118835200093351,0.931622917417713,0.06868822577143563,0.07970774588897497,199.995351655528,199.995351655528,26659.534548194453,2400.5401689008254,1.028543547833198,False,calibration_residual,-8.71283530145869
gs_17__grid_F0300_k0570,gs_17,grid_F0300_k0570,0.038,0.064,0.03,0.057,0.4643347213456575,0.08337688858819825,0.7143365404487929,0.08337688858819825,0.5808815521110354,0.9598575539232892,0.3210803884182508,0.06647148659908703,199.66206386017637,199.66206386017637,11235.672742656538,8442.739899452567,1.2279471878443082,False,calibration_residual;endpoint_ess,-8.713467560870413
grid_F0420_k0650__gs_06,grid_F0420_k0650,gs_06,0.042,0.065,0.038,0.061,0.4037835136566026,0.28306068068235074,0.48875225108834486,0.28306068068235074,0.8048132635678492,0.9005288936747803,0.14892492725542317,0.0671892105390924,199.99949077028236,199.99949077028236,28833.99403950325,13787.601053671235,1.1428944707867779,False,calibration_residual,-8.715549727386165
grid_F0380_k0650__grid_F0420_k0610,grid_F0380_k0650,grid_F0420_k0610,0.038,0.065,0.042,0.061,0.6330446249713216,0.4097143899755664,0.19251976245727195,0.19251976245727195,0.8866235106630314,0.7865710071913011,0.10157552902583157,0.24331688963532436,199.67487243436307,199.67487243436307,10419.075032183026,33128.38798011109,1.1716910948064894,False,calibration_residual;endpoint_ess,-8.71579264568303
grid_F0280_k0600__grid_F0360_k0605,grid_F0280_k0600,grid_F0360_k0605,0.028,0.06,0.036,0.0605,0.32940567101337664,0.21371475818239075,0.3436825158775469,0.21371475818239075,0.7380979476978977,0.8470958948270708,0.17427107237220815,0.12095462885448642,199.81532089647115,199.81532089647115,9361.914822171993,28068.38512776776,1.1626368088435945,False,calibration_residual,-8.72127185688877
grid_F0260_k0605__grid_F0360_k0605,grid_F0260_k0605,grid_F0360_k0605,0.026,0.0605,0.036,0.0605,0.37985485283081066,0.03233757256749669,0.03502095224105391,0.03233757256749669,0.2446658752669558,0.3113719170851339,0.6621791478273668,0.6287395991236867,197.02333631376032,197.02333631376032,19541.886527769824,50659.549114023765,1.1135156942387876,False,calibration_residual;endpoint_ess,-8.721482335165481
gs_17__grid_F0300_k0590,gs_17,grid_F0300_k0590,0.038,0.064,0.03,0.059,0.32811942307240805,0.24852323206934956,0.42322595305619426,0.24852323206934956,0.8335495806658504,0.8976080960370344,0.20062404279268514,0.12867171454759926,199.98791840504083,199.98791840504083,23250.528006722798,2530.810933698656,1.1519670764063805,False,calibration_residual,-8.723167227810986
grid_F0300_k0610__grid_F0420_k0610,grid_F0300_k0610,grid_F0420_k0610,0.03,0.061,0.042,0.061,0.5018189833798424,0.25131171410939657,0.1412460372006427,0.1412460372006427,0.8110177299412795,0.7333298829840001,0.15831507138499407,0.29724518935094274,199.904833928479,199.904833928479,32784.394045962494,41089.30309537058,1.198489435040902,False,calibration_residual;endpoint_ess,-8.726129242782728
gs_17__grid_F0280_k0580,gs_17,grid_F0280_k0580,0.038,0.064,0.028,0.058,0.3193933951650701,0.021844427881736513,0.04001169328923236,0.021844427881736513,0.11074583558329312,0.27909424348406525,0.8281438105892074,0.5533837748730157,194.8344313633755,194.8344313633755,28511391.433773056,166281.90562687453,1.0027366545616943,False,calibration_residual;endpoint_ess,-8.728062699666214
grid_F0340_k0620__gs_08,grid_F0340_k0620,gs_08,0.034,0.062,0.046,0.063,0.38960079886296717,0.8438892396036667,0.6513323102523617,0.6513323102523617,0.9784398160574923,0.9472407664798047,0.035376948850952654,0.07551107608257424,199.99974956121616,199.99974956121616,24162.075653642474,53575.36529922334,0.9461476969116961,False,calibration_residual;morphology_effect,-8.728173626022933
grid_F0300_k0605__grid_F0320_k0580,grid_F0300_k0605,grid_F0320_k0580,0.03,0.0605,0.032,0.058,0.3029890658704214,0.33951207033843195,0.7982095186810533,0.33951207033843195,0.8776227071721512,0.9731334493877233,0.15309183727677952,0.039599916126164286,199.98458756131,199.98458756131,6001.862044081761,16089.311641910614,1.0986572938027097,False,calibration_residual,-8.730816049093574
grid_F0260_k0605__grid_F0300_k0590,grid_F0260_k0605,grid_F0300_k0590,0.026,0.0605,0.03,0.059,0.2501567010104047,0.03860457010876177,0.042502143660849846,0.03860457010876177,0.2556699376775258,0.390248079905566,0.5247018474086228,0.5849723342856168,197.0503226289207,197.0503226289207,98613.23858857069,43686.981652917384,1.0995752188565053,False,calibration_residual;endpoint_ess,-8.73363862753515
grid_F0300_k0605__grid_F0340_k0600,grid_F0300_k0605,grid_F0340_k0600,0.03,0.0605,0.034,0.06,0.2218500077043755,0.4296190228151752,0.7583349285348194,0.4296190228151752,0.907228896318031,0.9683047660913149,0.1262914745953108,0.05150809395344561,199.99319353991498,199.99319353991498,6313.583097846572,13397.708253100145,1.0502489054769288,False,calibration_residual,-8.734601260111234
grid_F0260_k0605__gs_09,grid_F0260_k0605,gs_09,0.026,0.0605,0.054,0.062,0.6714755638140137,0.028229347329225878,0.09368548189392338,0.028229347329225878,0.29789341285032284,0.5260510329884686,0.7287183474533682,0.3086958279494677,199.51165153455682,199.51165153455682,4093.266760714238,5772426.571957646,1.2248753135341988,False,calibration_residual;endpoint_ess,-8.73659258952903
grid_F0300_k0605__grid_F0420_k0610,grid_F0300_k0605,grid_F0420_k0610,0.03,0.0605,0.042,0.061,0.4871239176163813,0.4488136768802386,0.36302490918851227,0.36302490918851227,0.8880674597355309,0.9005304454239752,0.08081310466346109,0.16461549437046327,199.98461012312492,199.98461012312492,10378.786266393785,25059.67023306737,1.079749178796967,False,calibration_residual,-8.737968872765023
grid_F0380_k0650__grid_F0340_k0600,grid_F0380_k0650,grid_F0340_k0600,0.038,0.065,0.034,0.06,0.43214186391274023,0.3277887417507337,0.19165108902092104,0.19165108902092104,0.8193962319922231,0.7440117795724007,0.10643583859720596,0.1994966051176813,199.9739252868296,199.9739252868296,13212.972274174099,17139.038611914093,1.1641138158852296,False,calibration_residual;endpoint_ess,-8.738756903945792
grid_F0260_k0605__gs_08,grid_F0260_k0605,gs_08,0.026,0.0605,0.046,0.063,0.4847017602492827,0.03682860179966575,0.08988107523794855,0.03682860179966575,0.27771883405157594,0.5500026921939866,0.4607253976153849,0.34348659998925724,199.77046766871183,199.77046766871183,7002.539126328853,446003.4576754325,1.2298674010020874,False,calibration_residual;endpoint_ess,-8.740241681533671
grid_F0280_k0610__grid_F0300_k0590,grid_F0280_k0610,grid_F0300_k0590,0.028,0.061,0.03,0.059,0.2454505688280334,0.15970761131346492,0.09470259957301291,0.09470259957301291,0.7252127504407886,0.6005475986176634,0.2346561034118551,0.34791355136707314,197.842683309845,197.842683309845,6030.376718630716,5900.243983266694,1.1036671557368676,False,calibration_residual;endpoint_ess,-8.741115709968877
grid_F0300_k0630__grid_F0420_k0610,grid_F0300_k0630,grid_F0420_k0610,0.03,0.063,0.042,0.061,0.6670211237670396,0.6102879802894097,0.1743525650451143,0.1743525650451143,0.9450305353655672,0.789162626743048,0.07732153145961534,0.26701412958843507,199.9433517057325,199.9433517057325,26179.539189613613,35041.126198910024,1.16861753823025,False,calibration_residual;endpoint_ess,-8.741373764533819
grid_F0280_k0600__gs_03,grid_F0280_k0600,gs_03,0.028,0.06,0.026,0.055,0.34808165516155304,0.05583588254755368,0.12704145060827296,0.05583588254755368,0.5117722362842749,0.6363066899187749,0.5081640572622702,0.2732909287321961,199.78665937689397,199.78665937689397,18862.676898127313,12991.907369270833,1.2186270052298416,False,calibration_residual;endpoint_ess,-8.742788022341081
grid_F0280_k0615__grid_F0300_k0590,grid_F0280_k0615,grid_F0300_k0590,0.028,0.0615,0.03,0.059,0.29242215196152005,0.4494791498065703,0.12006363001132814,0.12006363001132814,0.9081896485993635,0.6688031517796861,0.10943604976878626,0.3112697668313678,199.67961173052606,199.67961173052606,9298.595156675932,6131.770268594026,1.1790356388897687,False,calibration_residual;endpoint_ess,-8.74491313263087
grid_F0340_k0650__grid_F0320_k0595,grid_F0340_k0650,grid_F0320_k0595,0.034,0.065,0.032,0.0595,0.5822683930613158,0.4441047442023337,0.3453050716973232,0.3453050716973232,0.9033021596589003,0.83687764797129,0.09596071913945103,0.09696686890981564,199.95418346568178,199.95418346568178,34259.39834612718,18387.559053565787,1.0800712658901421,False,calibration_residual,-8.744985371545287
grid_F0280_k0600__grid_F0340_k0605,grid_F0280_k0600,grid_F0340_k0605,0.028,0.06,0.034,0.0605,0.246365903137863,0.35523727651384895,0.5021203101989528,0.35523727651384895,0.8415514702878407,0.9130885597691752,0.11107228547437478,0.07946600150294311,199.9382087420887,199.9382087420887,8733.516826847394,21781.848859762627,1.0740777618188195,False,calibration_residual,-8.745214037028692
grid_F0340_k0650__grid_F0360_k0600,grid_F0340_k0650,grid_F0360_k0600,0.034,0.065,0.036,0.06,0.7015377264036852,0.6822648445844566,0.1875417910890513,0.1875417910890513,0.9562478505850044,0.7926096907656166,0.061553997615920036,0.2526615220032472,199.95927180545544,199.95927180545544,34116.02881806692,11214.047226644612,1.1569814081491359,False,calibration_residual;endpoint_ess,-8.747211286579113
grid_F0340_k0620__grid_F0420_k0610,grid_F0340_k0620,grid_F0420_k0610,0.034,0.062,0.042,0.061,0.42477080669480793,0.7296435830966325,0.2856101135396452,0.2856101135396452,0.9644568936192013,0.8741976516485009,0.05977866207790526,0.19674899792056072,199.99738783474854,199.99738783474854,32706.454823385233,28275.2680231742,1.1087566207663526,False,calibration_residual,-8.748307714201252
gs_07__grid_F0320_k0580,gs_07,grid_F0320_k0580,0.042,0.059,0.032,0.058,0.4742053555030423,0.8049795331985699,0.7011318468376857,0.7011318468376857,0.9743277733558697,0.9570482946368786,0.04230690718153241,0.05035726546538805,199.94265778059923,199.94265778059923,79275.32013751105,38559.91046658799,0.8939172000252857,False,calibration_residual;morphology_effect,-8.752649765585835
grid_F0300_k0605__grid_F0320_k0585,grid_F0300_k0605,grid_F0320_k0585,0.03,0.0605,0.032,0.0585,0.2576407027930482,0.320010121883802,0.8070139312270559,0.320010121883802,0.8703090096062938,0.9724519416819875,0.16077309197207937,0.04013425677728318,199.98524546081467,199.98524546081467,5863.515982106415,16413.307983382794,1.0842580408235905,False,calibration_residual,-8.754999171275243
grid_F0320_k0615__grid_F0300_k0585,grid_F0320_k0615,grid_F0300_k0585,0.032,0.0615,0.03,0.0585,0.27003981724163395,0.29800366082952656,0.3271379673092643,0.29800366082952656,0.8287833114792517,0.8377225263851173,0.12983068508296391,0.13018792704343543,199.72883067921933,199.72883067921933,43723.417995367505,9025.26820909233,1.0789512352101431,False,calibration_residual,-8.758488468336061
gs_07__grid_F0360_k0595,gs_07,grid_F0360_k0595,0.042,0.059,0.036,0.0595,0.39644556491214755,0.7864712845093474,0.7316072445781272,0.7316072445781272,0.9716285787033763,0.9651910159281974,0.041601231629750816,0.05855834479119367,199.98680627556575,199.98680627556575,77289.77179642941,20756.729597044603,0.8696872548372915,False,calibration_residual;morphology_effect,-8.763849436651935
gs_07__grid_F0300_k0570,gs_07,grid_F0300_k0570,0.042,0.059,0.03,0.057,0.5081304516618032,0.8152872908861349,0.685869926115409,0.685869926115409,0.9756841075731127,0.9563963140600907,0.043399580860874296,0.05586016209666254,199.94853098676785,199.94853098676785,81501.1860646854,42555.252334713936,0.8861145074943491,False,calibration_residual;morphology_effect,-8.768377078786338
grid_F0420_k0650__grid_F0320_k0600,grid_F0420_k0650,grid_F0320_k0600,0.042,0.065,0.032,0.06,0.2680113607263873,0.28604900088944174,0.21298407268436967,0.21298407268436967,0.798841117318387,0.7820453210786849,0.11751679591648125,0.16979756527406104,199.96962628866717,199.96962628866717,9143.225208662161,24862.165839066292,1.1229831898193814,False,calibration_residual,-8.769006088271793
grid_F0280_k0600__grid_F0420_k0610,grid_F0280_k0600,grid_F0420_k0610,0.028,0.06,0.042,0.061,0.5221185427789949,0.045983420534488666,0.10218600661918338,0.045983420534488666,0.41948188115891233,0.5884578877205703,0.5632362682004245,0.32583822760706277,199.27753617961343,199.27753617961343,13250.389166690276,35335.67088201482,1.165299944567578,False,calibration_residual;endpoint_ess,-8.77558515414585
grid_F0280_k0600__grid_F0360_k0610,grid_F0280_k0600,grid_F0360_k0610,0.028,0.06,0.036,0.061,0.29887191782922135,0.27218899335811975,0.48069580924166316,0.27218899335811975,0.7855939260514108,0.9028310190425113,0.12689864242047144,0.09078882390532197,199.88392691813624,199.88392691813624,8586.212257259906,19191.923400506934,1.0803926771936618,False,calibration_residual,-8.777709172034092
grid_F0280_k0600__gs_09,grid_F0280_k0600,gs_09,0.028,0.06,0.054,0.062,0.666622718816401,0.15046242291693773,0.09247121617406372,0.09247121617406372,0.623616557941977,0.6098036187457655,0.1776556929082317,0.36289766089701286,199.9869400963434,199.9869400963434,33692.57227482124,725332.4159454632,1.1737142971940868,False,calibration_residual;endpoint_ess,-8.779397099536052
grid_F0280_k0600__grid_F0280_k0580,grid_F0280_k0600,grid_F0280_k0580,0.028,0.06,0.028,0.058,0.15916657307541562,0.13403611433000626,0.3448233277821412,0.13403611433000626,0.7429506850810673,0.851972131330528,0.3160837177434509,0.12663641598960984,199.91126490687722,199.91126490687722,9992.89493404977,9749.67510548141,1.14711761226435,False,calibration_residual;endpoint_ess,-8.781427575914508
grid_F0300_k0605__gs_08,grid_F0300_k0605,gs_08,0.03,0.0605,0.046,0.063,0.46088864640017874,0.5185592826497728,0.6259817486323398,0.5185592826497728,0.9124154798720797,0.944377489734817,0.07289913272546383,0.08270737717610083,199.99994284622122,199.99994284622122,10572.967383460535,51241.461411168515,0.9575735270529954,False,calibration_residual;morphology_effect,-8.783143973933178
grid_F0280_k0605__gs_08,grid_F0280_k0605,gs_08,0.028,0.0605,0.046,0.063,0.5159114539686895,0.26528756894493266,0.2934918728144,0.26528756894493266,0.8400906382342163,0.7985160091295441,0.19906688235289358,0.1003263373185288,199.97043166857674,199.97043166857674,30682.385677268743,296205.6147657201,1.0817150431734948,False,calibration_residual,-8.784162755782877
grid_F0300_k0605__grid_F0300_k0570,grid_F0300_k0605,grid_F0300_k0570,0.03,0.0605,0.03,0.057,0.3011563304963242,0.2641231876519241,0.8431861015011126,0.2641231876519241,0.8494598206526397,0.9799726955995962,0.1913475301862167,0.038727788052624924,199.98627860633775,199.98627860633775,5283.198819502049,19751.72490632652,1.0810794641809416,False,calibration_residual,-8.786172872309983
grid_F0340_k0640__grid_F0320_k0600,grid_F0340_k0640,grid_F0320_k0600,0.034,0.064,0.032,0.06,0.3307490290262224,0.5618600273514212,0.26631324264817136,0.26631324264817136,0.9329142896210908,0.842453310653296,0.08134037954677283,0.16123007310544532,199.99918872492415,199.99918872492415,170316.27872881247,12664.052643218854,1.079983334557355,False,calibration_residual,-8.786819480364766
gs_16__grid_F0320_k0600,gs_16,grid_F0320_k0600,0.034,0.063,0.032,0.06,0.20877763225791507,0.512302257369209,0.28827822812306886,0.28827822812306886,0.9230685009680425,0.8565098491629154,0.10583519121751862,0.16694540251405668,199.911784143941,199.911784143941,19223.506717883167,12501.246787354063,1.0644867927899342,False,calibration_residual,-8.786963300345581
grid_F0280_k0600__gs_06,grid_F0280_k0600,gs_06,0.028,0.06,0.038,0.061,0.37626290511000604,0.16725210895522263,0.2556047963913567,0.16725210895522263,0.6884975618541205,0.785814481469546,0.222950549372627,0.14022648108029542,199.76929865624433,199.76929865624433,13385.638892246801,32891.41145305677,1.1176929848542156,False,calibration_residual;endpoint_ess,-8.78714589348039
grid_F0280_k0605__grid_F0280_k0580,grid_F0280_k0605,grid_F0280_k0580,0.028,0.0605,0.028,0.058,0.13851595798277205,0.031773565922988384,0.0948240251829004,0.031773565922988384,0.1896089936539736,0.6171601925660662,0.551477199076291,0.3402842509938261,199.0504330143418,199.0504330143418,387276.2128520346,253684.5954373551,1.1433362482973937,False,calibration_residual;endpoint_ess,-8.793298619458202
grid_F0260_k0605__grid_F0360_k0610,grid_F0260_k0605,grid_F0360_k0610,0.026,0.0605,0.036,0.061,0.3450187169003155,0.028810683212313174,0.09417168144846709,0.028810683212313174,0.22216936027407208,0.561274578847386,0.7130558761557002,0.32952573038438104,198.5240559542936,198.5240559542936,11420.692685111293,24370.66753048866,1.1184044614055826,False,calibration_residual;endpoint_ess,-8.793392994702941
gs_17__grid_F0340_k0600,gs_17,grid_F0340_k0600,0.038,0.064,0.034,0.06,0.2778265297531429,0.20217406443352273,0.30130344550604243,0.20217406443352273,0.7696689118616583,0.8481206752605672,0.19557597646676286,0.14431623822319153,199.95460025711307,199.95460025711307,15148.248286842847,9019.22321210253,1.1002562000425016,False,calibration_residual,-8.796386780596393
grid_F0300_k0615__gs_03,grid_F0300_k0615,gs_03,0.03,0.0615,0.026,0.055,0.38472423718211396,0.017173678233897375,0.1300587067663916,0.017173678233897375,0.07583017665841742,0.6330549316275789,0.9537075973790204,0.2751582719906356,199.8778717213579,199.8778717213579,63686.27841214541,19606.975791869794,1.1871434134223813,False,calibration_residual;endpoint_ess,-8.798163333528567
grid_F0320_k0625__grid_F0280_k0580,grid_F0320_k0625,grid_F0280_k0580,0.032,0.0625,0.028,0.058,0.2394216454223588,0.020534412562405232,0.26020592360259115,0.020534412562405232,0.18958916606451565,0.7762820574314272,0.8716465784763163,0.11917786673929442,199.8534206003977,199.8534206003977,54165.4311192971,38309.13291163313,1.1832362907363756,False,calibration_residual;endpoint_ess,-8.799167533002306
grid_F0300_k0605__grid_F0340_k0605,grid_F0300_k0605,grid_F0340_k0605,0.03,0.0605,0.034,0.0605,0.19102856362179735,0.48955505851559467,0.8314304345470529,0.48955505851559467,0.9219293459266577,0.9768970048931228,0.11060342352860487,0.03838959343267222,199.9966500879844,199.9966500879844,6474.641624315984,15744.89252245963,0.9535202102898468,False,calibration_residual;morphology_effect,-8.801534764851576
grid_F0340_k0650__grid_F0340_k0600,grid_F0340_k0650,grid_F0340_k0600,0.034,0.065,0.034,0.06,0.6182538459838205,0.619250571896603,0.26507273199489656,0.26507273199489656,0.9477467851749073,0.813208470549229,0.08145311789373709,0.155896473311688,199.99882608117997,199.99882608117997,37588.028749538105,12816.512664544192,1.064945989341487,False,calibration_residual,-8.802458948720064
grid_F0380_k0650__grid_F0320_k0595,grid_F0380_k0650,grid_F0320_k0595,0.038,0.065,0.032,0.0595,0.39196681350769713,0.10322707843695988,0.17659882540044294,0.10322707843695988,0.6011031159993337,0.688458010938361,0.34519405350985943,0.1906984395819279,199.8203658288577,199.8203658288577,10455.805565632983,23288.725040084737,1.1290501064482807,False,calibration_residual;endpoint_ess,-8.810354645776124
grid_F0420_k0650__grid_F0340_k0605,grid_F0420_k0650,grid_F0340_k0605,0.042,0.065,0.034,0.0605,0.2909183775734627,0.1142072809913861,0.16339380723333694,0.1142072809913861,0.6075855334771101,0.7103033524323166,0.2977311931605761,0.23028206825025496,199.6713203418192,199.6713203418192,19359.40695277058,35246.02495559849,1.1110748286296286,False,calibration_residual;endpoint_ess,-8.81538754796564
grid_F0300_k0605__grid_F0320_k0590,grid_F0300_k0605,grid_F0320_k0590,0.03,0.0605,0.032,0.059,0.21290592464051636,0.26964429512021926,0.7944866506319221,0.26964429512021926,0.8486393649359494,0.9701034130240427,0.18480255766345866,0.04636445135133458,199.98889503054846,199.98889503054846,5503.287992039708,23783.860441490786,1.0490535638526814,False,calibration_residual,-8.815569040114633
grid_F0260_k0605__grid_F0340_k0605,grid_F0260_k0605,grid_F0340_k0605,0.026,0.0605,0.034,0.0605,0.28984535953619,0.028821622170721286,0.07183527342609906,0.028821622170721286,0.22366403456885867,0.46490752401027685,0.7132570166810244,0.3292305507752211,198.67823658365882,198.67823658365882,10555.676709297913,62786.861102916846,1.1015690652671364,False,calibration_residual;endpoint_ess,-8.817931952830444
grid_F0280_k0605__grid_F0320_k0600,grid_F0280_k0605,grid_F0320_k0600,0.028,0.0605,0.032,0.06,0.22926155452451555,0.474248860875268,0.26327028446566025,0.26327028446566025,0.901227252902559,0.8608303169664566,0.10258838436463058,0.20614468799838745,199.99124341391985,199.99124341391985,5391.828564306571,16980.715604635643,1.0456768974988953,False,calibration_residual,-8.822250130964267
grid_F0300_k0605__grid_F0360_k0610,grid_F0300_k0605,grid_F0360_k0610,0.03,0.0605,0.036,0.061,0.24572490794357,0.4598396166240686,0.789887453714543,0.4598396166240686,0.9084364638014009,0.9713043745321254,0.10778907446569143,0.04609376027293096,199.99229148851768,199.99229148851768,7146.762821243067,19530.865902406727,0.9459766590706374,False,calibration_residual;morphology_effect,-8.823718107043213
gs_16__gs_03,gs_16,gs_03,0.034,0.063,0.026,0.055,0.48849707749413374,0.017604078147736315,0.1821136971595854,0.017604078147736315,0.06173157976027528,0.6841175166224951,0.9405169736890817,0.16792396421151262,199.9772642245982,199.9772642245982,27304.9089842978,26042.043057492476,1.1653759079310548,False,calibration_residual;endpoint_ess,-8.824685264224987
grid_F0340_k0650__grid_F0360_k0610,grid_F0340_k0650,grid_F0360_k0610,0.034,0.065,0.036,0.061,0.6061680170122223,0.6359993408942471,0.39374394465946866,0.39374394465946866,0.952149291886048,0.8801223504826541,0.0807989819880195,0.12225225871663915,199.97764428947409,199.97764428947409,36001.33687229996,16331.78197855631,0.9675635115785906,False,calibration_residual;morphology_effect,-8.83444673056538
grid_F0280_k0595__gs_03,grid_F0280_k0595,gs_03,0.028,0.0595,0.026,0.055,0.258017754138705,0.03403389402596957,0.14423269197089753,0.03403389402596957,0.2413242676829529,0.6518957031811609,0.5877574436759374,0.23703828433399243,199.36843323617813,199.36843323617813,118021.72978188784,63091.9737518109,1.080714688930152,False,calibration_residual;endpoint_ess,-8.87069002586577
grid_F0340_k0650__grid_F0420_k0610,grid_F0340_k0650,grid_F0420_k0610,0.034,0.065,0.042,0.061,0.814486948020549,0.7830453345628399,0.2393433384760167,0.2393433384760167,0.9695124669389164,0.8236988029577814,0.051380860875737504,0.2107763893423779,199.9496909996017,199.9496909996017,37363.108023804765,30253.12492549439,1.0047123032518046,False,calibration_residual,-8.873100577490273
gs_07__grid_F0360_k0590,gs_07,grid_F0360_k0590,0.042,0.059,0.036,0.059,0.34618153305127264,0.6492485797637361,0.6310575703445499,0.6310575703445499,0.9483446307215929,0.9511775587677281,0.060909241750913896,0.07710625279656542,199.93151086557103,199.93151086557103,69871.35777515353,24861.773696015433,0.7950625091289025,False,calibration_residual;morphology_effect,-8.885984248977376
grid_F0300_k0605__grid_F0320_k0595,grid_F0300_k0605,grid_F0320_k0595,0.03,0.0605,0.032,0.0595,0.1694075743765362,0.26511633039309135,0.7872263790682208,0.26511633039309135,0.8525057489576273,0.9702256251698267,0.19364171378952888,0.04432527371320393,199.9934492274908,199.9934492274908,5252.020726963135,17164.063137399913,0.9807915645028903,False,calibration_residual;morphology_effect,-8.886322731675104
grid_F0340_k0650__grid_F0340_k0605,grid_F0340_k0650,grid_F0340_k0605,0.034,0.065,0.034,0.0605,0.565853226067726,0.5635906000330994,0.23100739157882355,0.23100739157882355,0.9345966756858258,0.7840147509169976,0.08222758635052312,0.1747839457337472,199.92816617861263,199.92816617861263,38554.7720308986,28181.342944463206,0.9753246705633367,False,calibration_residual;morphology_effect,-8.905579942577884
grid_F0280_k0605__gs_09,grid_F0280_k0605,gs_09,0.028,0.0605,0.054,0.062,0.5956681235506622,0.020508868946287753,0.12131749107029854,0.020508868946287753,0.20158151293726112,0.5538251668502334,0.8724384636863266,0.23281040371203468,198.67547375752852,198.67547375752852,59969.99440198478,16058831.013235692,1.0107871129951045,False,calibration_residual;endpoint_ess,-8.912732140408178
grid_F0380_k0650__grid_F0340_k0605,grid_F0380_k0650,grid_F0340_k0605,0.038,0.065,0.034,0.0605,0.375050411117426,0.225011488352285,0.11174419707917768,0.11174419707917768,0.7309319650848662,0.5932427483980294,0.17093694274731494,0.2514006704155074,199.8164935775318,199.8164935775318,12265.544429908354,50884.24459432769,1.0211659343948423,False,calibration_residual;endpoint_ess,-8.91378664594216
grid_F0280_k0610__grid_F0320_k0600,grid_F0280_k0610,grid_F0320_k0600,0.028,0.061,0.032,0.06,0.25837129470559983,0.3723458803608326,0.12828667107030645,0.12828667107030645,0.8968621501145554,0.7566924874538629,0.14841227578968216,0.32683295807163176,199.8329884755444,199.8329884755444,14444.290527955074,19297.937455099058,1.0068138556573067,False,calibration_residual;endpoint_ess,-8.92069223258476
grid_F0300_k0610__gs_03,grid_F0300_k0610,gs_03,0.03,0.061,0.026,0.055,0.4148614026565963,0.03530413010639195,0.1056295747061468,0.03530413010639195,0.39801279632814873,0.5448811330014376,0.6576371310460012,0.2797323163510154,199.64523996269074,199.64523996269074,72448.0883476801,25189.86543363885,1.0437753992547685,False,calibration_residual;endpoint_ess,-8.920834533826573
grid_F0340_k0620__grid_F0300_k0580,grid_F0340_k0620,grid_F0300_k0580,0.034,0.062,0.03,0.058,0.2982190270728929,0.02632210277153513,0.16477115756587538,0.02632210277153513,0.20225920886949292,0.6332622088468902,0.7554815962962577,0.186981923809465,193.36768534572352,193.36768534572352,512533.54338780977,7525.821308551463,0.7308305775326962,False,calibration_residual;endpoint_ess;morphology_effect,-8.924392638367713
gs_17__gs_03,gs_17,gs_03,0.038,0.064,0.026,0.055,0.5450704814389238,0.033399888023453145,0.13168711611117503,0.033399888023453145,0.2121038556733205,0.5676628450840782,0.5378588388071206,0.18677412865775478,199.9295403645366,199.9295403645366,93005.15526418043,60159.42018255051,1.0355785675216558,False,calibration_residual;endpoint_ess,-8.944198506693448
grid_F0360_k0630__grid_F0320_k0595,grid_F0360_k0630,grid_F0320_k0595,0.036,0.063,0.032,0.0595,0.26397855430333383,0.22096432690354503,0.4964937748466046,0.22096432690354503,0.7499428754334168,0.9066012446555287,0.1254824022156103,0.0821940206359661,199.96667001879237,199.96667001879237,26733.050926834534,14929.272277126605,0.9432275106439285,False,calibration_residual;morphology_effect,-8.944623826843918
grid_F0280_k0600__gs_08,grid_F0280_k0600,gs_08,0.028,0.06,0.046,0.063,0.4907147793237721,0.2569381987759627,0.2726556883393168,0.2569381987759627,0.7834584691691159,0.790456828802416,0.15142459386051152,0.12969676246600012,199.9886557000165,199.9886557000165,21056.29420983694,103102.08381011392,0.9224643785780162,False,calibration_residual;morphology_effect,-8.948499307034828
grid_F0320_k0630__grid_F0300_k0590,grid_F0320_k0630,grid_F0300_k0590,0.032,0.063,0.03,0.059,0.2507964969420047,0.08045625107917083,0.036509044787995035,0.036509044787995035,0.5682278896009778,0.35539895541281386,0.4014758223161369,0.6370212952079644,198.47625817284182,198.47625817284182,9688.167686900071,4480.918058783281,0.95649566956876,False,calibration_residual;endpoint_ess;morphology_effect,-8.949062716679334
gs_16__grid_F0300_k0590,gs_16,grid_F0300_k0590,0.034,0.063,0.03,0.059,0.23762512270217934,0.15793911111758982,0.1342234005076016,0.1342234005076016,0.6572568180629995,0.6707998089472814,0.15928819146917036,0.27743276399893824,198.1744926588697,198.1744926588697,17089.53359339624,11741.00051594329,0.8900104836598899,False,calibration_residual;endpoint_ess;morphology_effect,-8.951602449029794
grid_F0300_k0625__grid_F0300_k0590,grid_F0300_k0625,grid_F0300_k0590,0.03,0.0625,0.03,0.059,0.2937713455752822,0.1945858245564298,0.04489933436383,0.04489933436383,0.7586251440005971,0.4174616109491823,0.20571515121942965,0.5653553302880058,199.84253729074058,199.84253729074058,119278.77438620574,4877.73354754395,1.0104637211812757,False,calibration_residual;endpoint_ess,-8.959213476173838
grid_F0340_k0650__grid_F0300_k0590,grid_F0340_k0650,grid_F0300_k0590,0.034,0.065,0.03,0.059,0.5019423237610838,0.11615181282656069,0.06546080568708397,0.06546080568708397,0.6724768890224965,0.5091679069296486,0.30191625220202617,0.4558296089801538,199.1701667856636,199.1701667856636,94509.49753641598,9681.384214034028,0.9643665740972075,False,calibration_residual;endpoint_ess;morphology_effect,-8.961411362342432
grid_F0260_k0605__grid_F0320_k0600,grid_F0260_k0605,grid_F0320_k0600,0.026,0.0605,0.032,0.06,0.2344021143900463,0.03359053331404386,0.0318533105409113,0.0318533105409113,0.21879971300530218,0.22890126845814077,0.5538525887789181,0.6238392516215431,194.81165205150998,194.81165205150998,24235.790764887,217734.31831911107,0.7560561781334346,False,calibration_residual;endpoint_ess;morphology_effect,-8.968599769171611
grid_F0300_k0615__grid_F0280_k0580,grid_F0300_k0615,grid_F0280_k0580,0.03,0.0615,0.028,0.058,0.18771572109594054,0.0233329898097362,0.33270322565862004,0.0233329898097362,0.26958774041942024,0.8438045438823206,0.8172753157628427,0.15154826756075765,199.94006456476544,199.94006456476544,55916.142324874105,22141.043713141804,1.0159294509594574,False,calibration_residual;endpoint_ess,-8.969407282373947
gs_07__grid_F0300_k0590,gs_07,grid_F0300_k0590,0.042,0.059,0.03,0.059,0.6418857834257139,0.4243682021203245,0.13239728177262233,0.13239728177262233,0.9090763401026722,0.7591870513170479,0.1287061516510852,0.32291078216416563,199.91337288660324,199.91337288660324,67300.26754553476,5220.269798943285,0.9554154680651518,False,calibration_residual;endpoint_ess;morphology_effect,-8.9740545353787
grid_F0420_k0650__grid_F0360_k0605,grid_F0420_k0650,grid_F0360_k0605,0.042,0.065,0.036,0.0605,0.3624503791557217,0.06124587208915611,0.1294264812849583,0.06124587208915611,0.5222324900781053,0.6779996783034428,0.48444427092666154,0.24805292391577316,199.70805661724324,199.70805661724324,44412.18595336052,15598.743537353528,0.962862105585524,False,calibration_residual;endpoint_ess;morphology_effect,-8.991917789232062
grid_F0340_k0640__grid_F0300_k0590,grid_F0340_k0640,grid_F0300_k0590,0.034,0.064,0.03,0.059,0.29963711586886016,0.11334190074988429,0.047600002796960965,0.047600002796960965,0.5546752326127372,0.4588672772342373,0.20559920612870455,0.5570018265889957,199.5929579671497,199.5929579671497,50405.39473762395,7868.801992173936,0.9431502588821874,False,calibration_residual;endpoint_ess;morphology_effect,-9.012697638076816
grid_F0340_k0650__grid_F0320_k0600,grid_F0340_k0650,grid_F0320_k0600,0.034,0.065,0.032,0.06,0.5206255007477406,0.5116506299800578,0.151225914826177,0.151225914826177,0.9155292968124323,0.7445549018573461,0.07880190184116732,0.2532086441876309,199.99373690826977,199.99373690826977,53660.09926265088,16965.80917153302,0.9005488789445331,False,calibration_residual;endpoint_ess;morphology_effect,-9.023525009055868
grid_F0320_k0615__gs_03,grid_F0320_k0615,gs_03,0.032,0.0615,0.026,0.055,0.46806744981934323,0.06456948862218585,0.12965350151704627,0.06456948862218585,0.3826700118978512,0.6123929366165669,0.3205748710341687,0.2568236121549629,199.90170294438758,199.90170294438758,466777.96265034267,18511.30077216319,0.9384679712236702,False,calibration_residual;endpoint_ess;morphology_effect,-9.024332431684616
grid_F0280_k0595__grid_F0300_k0570,grid_F0280_k0595,grid_F0300_k0570,0.028,0.0595,0.03,0.057,0.28240733728766554,0.27501899402491553,0.36795112376819944,0.27501899402491553,0.8520245400725744,0.876857620359444,0.19207193412984339,0.12070980909039823,199.99106746816102,199.99106746816102,6692.533692712431,69911.00873777036,0.8366472003454821,False,calibration_residual;morphology_effect,-9.025396676050113
grid_F0280_k0600__grid_F0320_k0600,grid_F0280_k0600,grid_F0320_k0600,0.028,0.06,0.032,0.06,0.17417407361058812,0.25473195623294426,0.16125112110856418,0.16125112110856418,0.7774707751558079,0.7718470233004632,0.13065584705784608,0.2726247153751994,199.65347317182673,199.65347317182673,9218.725969706049,19352.03307409806,0.8755974587796491,False,calibration_residual;endpoint_ess;morphology_effect,-9.026450639257407
grid_F0300_k0610__grid_F0300_k0590,grid_F0300_k0610,grid_F0300_k0590,0.03,0.061,0.03,0.059,0.14922301711089342,0.0635733553011661,0.07316282249669541,0.0635733553011661,0.4349156670685199,0.42184735220385977,0.32798583223504796,0.32326733108289496,194.52545045339082,194.52545045339082,108760.9042496842,6052.603405060206,0.6622705035823191,False,calibration_residual;endpoint_ess;morphology_effect,-9.03221534143664
grid_F0320_k0615__grid_F0280_k0580,grid_F0320_k0615,grid_F0280_k0580,0.032,0.0615,0.028,0.058,0.21388145147310747,0.034490001278335694,0.03255614067458276,0.03255614067458276,0.21377192649463062,0.33319173127985546,0.48634745589655753,0.6825734829030963,197.88997748300707,197.88997748300707,972289.232542419,245323.58337611603,0.8385553430882964,False,calibration_residual;endpoint_ess;morphology_effect,-9.039665460724766
grid_F0280_k0595__grid_F0340_k0595,grid_F0280_k0595,grid_F0340_k0595,0.028,0.0595,0.034,0.0595,0.2764897663872527,0.2600193297496295,0.5788055271716928,0.2600193297496295,0.8339408248280906,0.9340509465016049,0.18018808635445188,0.05952059581166963,199.98470513692763,199.98470513692763,7400.472261650779,28953.90188643791,0.8290914314607964,False,calibration_residual;morphology_effect,-9.040134160510771
grid_F0300_k0605__grid_F0320_k0600,grid_F0300_k0605,grid_F0320_k0600,0.03,0.0605,0.032,0.06,0.12345429048189631,0.27969275420328443,0.687786577212596,0.27969275420328443,0.8626514833213224,0.9618506473810731,0.18952543782023756,0.07444060895456338,199.99574978024506,199.99574978024506,5141.239283099768,13593.74755909593,0.8093895569346867,False,calibration_residual;morphology_effect,-9.050551554975925
grid_F0300_k0610__grid_F0280_k0580,grid_F0300_k0610,grid_F0280_k0580,0.03,0.061,0.028,0.058,0.21164664192830546,0.04862023641592337,0.22148910025391272,0.04862023641592337,0.5398007290595327,0.797403110366096,0.5593377896678807,0.2208610334201842,199.9278638648761,199.9278638648761,41786.34027446775,19304.241180046865,0.9183545645850951,False,calibration_residual;endpoint_ess;morphology_effect,-9.053728510450748
grid_F0280_k0595__grid_F0320_k0585,grid_F0280_k0595,grid_F0320_k0585,0.028,0.0595,0.032,0.0585,0.25127915397167855,0.29498543510823233,0.5191311177007332,0.29498543510823233,0.856131344482845,0.9226629252877419,0.17575209319833726,0.07600159195319274,199.99032604198032,199.99032604198032,6516.8357147868865,37549.59373196477,0.7937178728516686,False,calibration_residual;morphology_effect,-9.058305711693233
grid_F0280_k0595__grid_F0320_k0580,grid_F0280_k0595,grid_F0320_k0580,0.028,0.0595,0.032,0.058,0.2925860120439614,0.27456359171451944,0.4041549851833408,0.27456359171451944,0.8447244823548511,0.8918520694325529,0.18096446003047698,0.10806482009715994,199.98446854361163,199.98446854361163,6847.40286634693,58602.61399011055,0.8008882592412292,False,calibration_residual;morphology_effect,-9.061053372082092
grid_F0340_k0620__gs_03,grid_F0340_k0620,gs_03,0.034,0.062,0.026,0.055,0.5061848241905355,0.060732293552494626,0.16146364457829673,0.060732293552494626,0.4328019320349894,0.6659965809402661,0.4456647491338771,0.18264186772796784,199.93862787413624,199.93862787413624,160561.20137942894,13618.655420006115,0.8987010099768157,False,calibration_residual;endpoint_ess;morphology_effect,-9.06786423695375
grid_F0300_k0630__grid_F0300_k0590,grid_F0300_k0630,grid_F0300_k0590,0.03,0.063,0.03,0.059,0.3242482434056107,0.0448368525811459,0.04890654483258876,0.0448368525811459,0.4138822317224071,0.37272139600400267,0.5546241848854899,0.48073546028520875,198.0499867090741,198.0499867090741,77932.90016827018,7428.270047766383,0.8102667449434805,False,calibration_residual;endpoint_ess;morphology_effect,-9.06981416421965
grid_F0360_k0630__grid_F0280_k0580,grid_F0360_k0630,grid_F0280_k0580,0.036,0.063,0.028,0.058,0.3063119419376745,0.03453885354920293,0.030164143343222257,0.030164143343222257,0.21730491254042658,0.2513013058320043,0.5281556346027504,0.7021844982369355,196.76115000792225,196.76115000792225,467999.7316339426,23333.32346664663,0.7377936319384644,False,calibration_residual;endpoint_ess;morphology_effect,-9.085181796786038
grid_F0340_k0620__grid_F0300_k0590,grid_F0340_k0620,grid_F0300_k0590,0.034,0.062,0.03,0.059,0.2558748953024702,0.30351741249637604,0.5250776057407491,0.30351741249637604,0.8480324585798855,0.9111820220178466,0.17261567638841768,0.06578365058481878,199.99739987335087,199.99739987335087,26351.083118091225,2563.008407219686,0.7604432441371679,False,calibration_residual;morphology_effect,-9.08766804328219
grid_F0280_k0595__grid_F0360_k0600,grid_F0280_k0595,grid_F0360_k0600,0.028,0.0595,0.036,0.06,0.3290834601046952,0.23730504200816102,0.5398088766740208,0.23730504200816102,0.8131598418383147,0.924909607101436,0.1708914219209666,0.0803240183511091,199.9842748819268,199.9842748819268,9242.905679559733,23701.27120790863,0.7887866111382102,False,calibration_residual;morphology_effect,-9.091774611954051
grid_F0280_k0595__grid_F0360_k0590,grid_F0280_k0595,grid_F0360_k0590,0.028,0.0595,0.036,0.059,0.39488369429807924,0.1589654481366994,0.2221270969975382,0.1589654481366994,0.7429377263531108,0.8323785716543893,0.20771465126377808,0.225604267032486,199.95502164115035,199.95502164115035,13669.578878279375,27745.350412567554,0.8221417974938561,False,calibration_residual;endpoint_ess;morphology_effect,-9.096126560495314
grid_F0280_k0595__grid_F0320_k0590,grid_F0280_k0595,grid_F0320_k0590,0.028,0.0595,0.032,0.059,0.2155869350433131,0.2633481417567403,0.6214601769958511,0.2633481417567403,0.8455923556418768,0.9403085345961398,0.19698718722453804,0.05926674506390436,199.99063069854606,199.99063069854606,6786.481835112162,27358.277484402115,0.7690673812064392,False,calibration_residual;morphology_effect,-9.098790082842495
grid_F0280_k0595__grid_F0360_k0595,grid_F0280_k0595,grid_F0360_k0595,0.028,0.0595,0.036,0.0595,0.3547374918848885,0.1986953071515967,0.3818325765215501,0.1986953071515967,0.7819467782361386,0.8899411732431995,0.1866979086864639,0.12593941445425055,199.97578671411142,199.97578671411142,11097.474751430786,31427.85779845698,0.7938683330554533,False,calibration_residual;endpoint_ess;morphology_effect,-9.105573349074321
grid_F0360_k0630__gs_03,grid_F0360_k0630,gs_03,0.036,0.063,0.026,0.055,0.5491525925627522,0.06882301597583851,0.13124739703956456,0.06882301597583851,0.4226895834794383,0.5780758568162591,0.3624797045939336,0.17349127125970765,199.97315586904804,199.97315586904804,29565.407023340627,22368.649665537992,0.8552294982574954,False,calibration_residual;endpoint_ess;morphology_effect,-9.109016787206988
grid_F0280_k0595__grid_F0300_k0580,grid_F0280_k0595,grid_F0300_k0580,0.028,0.0595,0.03,0.058,0.1966918306608896,0.2473903579679936,0.5823628347061968,0.2473903579679936,0.8340269274049983,0.9321897650444234,0.20782397011502665,0.062092833534287496,199.99422761137257,199.99422761137257,7846.2534345837485,20072.529799431562,0.7484777376819223,False,calibration_residual;morphology_effect,-9.12753846390271
grid_F0280_k0595__grid_F0360_k0605,grid_F0280_k0595,grid_F0360_k0605,0.028,0.0595,0.036,0.0605,0.2977774555009907,0.23507829983976952,0.66230160391656,0.23507829983976952,0.8180346442296275,0.9463683210393504,0.17772448595513032,0.05667718310427099,199.98713300778417,199.98713300778417,8594.377965268286,26831.254498182607,0.71553068234369,False,calibration_residual;morphology_effect,-9.166286818125634
grid_F0280_k0595__grid_F0280_k0580,grid_F0280_k0595,grid_F0280_k0580,0.028,0.0595,0.028,0.058,0.06707847070546996,0.04458840529506377,0.37302519961605335,0.04458840529506377,0.33637830751955144,0.8438593067647553,0.5313589449118145,0.11485220216479898,199.7165680915995,199.7165680915995,43741.04923840805,4187.485304625655,0.7929559391458127,False,calibration_residual;endpoint_ess;morphology_effect,-9.170578262786632
grid_F0300_k0605__gs_03,grid_F0300_k0605,gs_03,0.03,0.0605,0.026,0.055,0.396464385624141,0.09364370676997717,0.1334706744804335,0.09364370676997717,0.4943215314724712,0.6124024387417308,0.23180218445848022,0.24218524621152276,199.8611221437407,199.8611221437407,7275.121130735128,13085.344566705904,0.7744356197992835,False,calibration_residual;endpoint_ess;morphology_effect,-9.171798634002764
grid_F0280_k0595__gs_09,grid_F0280_k0595,gs_09,0.028,0.0595,0.054,0.062,0.6610172283421963,0.07464870849053427,0.3422157667992731,0.07464870849053427,0.4944774489847399,0.837790865167341,0.3778242032717088,0.10972620013269245,199.99180692586327,199.99180692586327,53774.156132830314,275887.30337877374,0.7856345997919336,False,calibration_residual;endpoint_ess;morphology_effect,-9.176631392255963
grid_F0280_k0595__grid_F0340_k0600,grid_F0280_k0595,grid_F0340_k0600,0.028,0.0595,0.034,0.06,0.23988904553261284,0.21145753453852945,0.6674341074963277,0.21145753453852945,0.8101777516426935,0.9489207595699911,0.21492442566303482,0.06616527524978634,199.98458290180608,199.98458290180608,7657.793777897602,21953.564593760857,0.7005782943216805,False,calibration_residual;morphology_effect,-9.192922083499358
grid_F0280_k0595__grid_F0300_k0585,grid_F0280_k0595,grid_F0300_k0585,0.028,0.0595,0.03,0.0585,0.15218270836969588,0.2030089517510638,0.6708542221191879,0.2030089517510638,0.8166795116413449,0.94969027061581,0.24410031863110573,0.05309080459203611,199.99471451938834,199.99471451938834,8403.816632941318,14689.606850387581,0.7023252039861948,False,calibration_residual;morphology_effect,-9.195906046107691
grid_F0280_k0595__gs_06,grid_F0280_k0595,gs_06,0.028,0.0595,0.038,0.061,0.34610484965036764,0.19943309783129443,0.6676200743979513,0.19943309783129443,0.7854442718443331,0.9460707912767022,0.18127633763236747,0.05623253372138326,199.99166368867705,199.99166368867705,11384.45100836101,16742.99164005116,0.6892660170167226,False,calibration_residual;endpoint_ess;morphology_effect,-9.210600618501482
grid_F0300_k0605__grid_F0300_k0585,grid_F0300_k0605,grid_F0300_k0585,0.03,0.0605,0.03,0.0585,0.16967610701885205,0.05695867502079677,0.49543031532011017,0.05695867502079677,0.48142987408399407,0.905136263128106,0.480710618052401,0.08109671289416703,199.14676410860616,199.14676410860616,3672.8885388747067,9222.15266504864,0.7066379483078545,False,calibration_residual;endpoint_ess;morphology_effect,-9.222220919612056
grid_F0280_k0595__grid_F0420_k0610,grid_F0280_k0595,grid_F0420_k0610,0.028,0.0595,0.042,0.061,0.4919415049954274,0.12029847286198504,0.44266213390401016,0.12029847286198504,0.6521289432565264,0.8904504636806815,0.27377506694164505,0.09282656550638925,199.98447374747826,199.98447374747826,26697.773742003068,24536.64531659484,0.7111508905539581,False,calibration_residual;endpoint_ess;morphology_effect,-9.227923560388962
grid_F0420_k0650__grid_F0280_k0580,grid_F0420_k0650,grid_F0280_k0580,0.042,0.065,0.028,0.058,0.27207623612493453,0.14522379369488672,0.03009771518858323,0.03009771518858323,0.6690201600743758,0.16227065823866205,0.23239960747834876,0.598020011256542,199.8862846163913,199.8862846163913,388237.8516135372,72506212.10294199,0.7502693266048938,False,calibration_residual;endpoint_ess;morphology_effect,-9.22899604662038
gs_07__grid_F0260_k0570,gs_07,grid_F0260_k0570,0.042,0.059,0.026,0.057,0.5762583406629362,0.035494074495755666,0.04619832168104349,0.035494074495755666,0.267808161560448,0.30083967632415476,0.60410780722171,0.47428297138442427,198.89268132627646,198.89268132627646,62322.24530901846,319552.4985289626,0.6934390114869887,False,calibration_residual;endpoint_ess;morphology_effect,-9.233448017578958
gs_07__grid_F0280_k0580,gs_07,grid_F0280_k0580,0.042,0.059,0.028,0.058,0.5638101795997436,0.037393770225165414,0.030939962439494515,0.030939962439494515,0.33614933433313055,0.2757421005087801,0.6262533637038868,0.6871031236949455,198.7767785450666,198.7767785450666,90232.3963958386,54786.853577764996,0.6820983580125776,False,calibration_residual;endpoint_ess;morphology_effect,-9.241270588021006
grid_F0380_k0650__grid_F0280_k0580,grid_F0380_k0650,grid_F0280_k0580,0.038,0.065,0.028,0.058,0.2442982445777504,0.06268889173266205,0.03083219254646355,0.03083219254646355,0.441605108461309,0.16951229561131878,0.43170184636953046,0.5701484144993801,198.97164738053507,198.97164738053507,274295.87649953034,155143526.70297894,0.6450566760359087,False,calibration_residual;endpoint_ess;morphology_effect,-9.288109596717614
gs_07__gs_03,gs_07,gs_03,0.042,0.059,0.026,0.055,0.5445678114685042,0.152863484930517,0.03606257530567865,0.03606257530567865,0.6542934669354855,0.2581008943448092,0.19284096536920994,0.5863719731750677,199.76233471895625,199.76233471895625,35179.529703643115,52795.86018541195,0.6685487319174216,False,calibration_residual;endpoint_ess;morphology_effect,-9.301536716377552
grid_F0280_k0595__grid_F0320_k0595,grid_F0280_k0595,grid_F0320_k0595,0.028,0.0595,0.032,0.0595,0.1682448389472123,0.12370981148684207,0.6633478803218431,0.12370981148684207,0.7376131541620915,0.941417067372757,0.3287380284667102,0.04286556133266982,199.98319678933754,199.98319678933754,9531.781147668273,19286.581504985013,0.6261762409935064,False,calibration_residual;endpoint_ess;morphology_effect,-9.31112869272995
grid_F0380_k0650__gs_08,grid_F0380_k0650,gs_08,0.038,0.065,0.046,0.063,0.29548561315790606,0.021245298283304234,0.07125388405186575,0.021245298283304234,0.17357923854475085,0.4836740022035359,0.8549235846189595,0.36542076551437563,197.00811694552863,197.00811694552863,1053945.8955735224,6040416.088211417,0.504436293179353,False,calibration_residual;endpoint_ess;morphology_effect,-9.335346904955427
grid_F0300_k0625__grid_F0280_k0580,grid_F0300_k0625,grid_F0280_k0580,0.03,0.0625,0.028,0.058,0.18037322858550575,0.15823206840253357,0.03125930225280696,0.03125930225280696,0.6923221883139368,0.1671060671478867,0.1906152557663152,0.5049875462331387,199.0322904671097,199.0322904671097,1179320.3623923992,135402504.05011818,0.5947475218641728,False,calibration_residual;endpoint_ess;morphology_effect,-9.34123735036491
grid_F0280_k0600__grid_F0260_k0570,grid_F0280_k0600,grid_F0260_k0570,0.028,0.06,0.026,0.057,0.08241358825364975,0.5155240922024042,0.11185173379060677,0.11185173379060677,0.9117117106650248,0.5875757191163865,0.08484147667594712,0.2556812484848279,199.6767331231124,199.6767331231124,3433.0475978110735,69672.55849936356,0.584111263018065,False,calibration_residual;endpoint_ess;morphology_effect,-9.343799526242252
grid_F0280_k0615__grid_F0260_k0570,grid_F0280_k0615,grid_F0260_k0570,0.028,0.0615,0.026,0.057,0.10690367237811788,0.2623360190710197,0.09277542937766016,0.09277542937766016,0.8418551465750387,0.5308834916696599,0.18517844925971358,0.2932269592293437,199.40330722009676,199.40330722009676,10383.239470556013,74174.08635204293,0.575119009489447,False,calibration_residual;endpoint_ess;morphology_effect,-9.348658636826562
grid_F0280_k0595__grid_F0360_k0610,grid_F0280_k0595,grid_F0360_k0610,0.028,0.0595,0.036,0.061,0.25013427515849995,0.14738280291720457,0.7523960123473625,0.14738280291720457,0.7371892099872124,0.9607597231826938,0.2411153135599166,0.036941569782033425,199.98314997762182,199.98314997762182,11696.722071867136,20679.820518932513,0.5758246148035734,False,calibration_residual;endpoint_ess;morphology_effect,-9.349641482618916
grid_F0280_k0595__grid_F0340_k0605,grid_F0280_k0595,grid_F0340_k0605,0.028,0.0595,0.034,0.0605,0.1959767434592862,0.14883688948257495,0.7589350320772102,0.14883688948257495,0.7513644342943352,0.9638368829065891,0.2633665880515855,0.037555436072344926,199.98434048487204,199.98434048487204,9191.614379452447,16648.209341354857,0.5641037153757918,False,calibration_residual;endpoint_ess;morphology_effect,-9.360694864126524
grid_F0300_k0605__grid_F0280_k0580,grid_F0300_k0605,grid_F0280_k0580,0.03,0.0605,0.028,0.058,0.17900031940032698,0.09569139116493278,0.2236846821091714,0.09569139116493278,0.5406248207654271,0.8021655225825262,0.2614121061596012,0.22148214883319592,199.9822175758691,199.9822175758691,8011.313562763315,14978.475717004869,0.5839205228148839,False,calibration_residual;endpoint_ess;morphology_effect,-9.367344660396105
grid_F0320_k0615__grid_F0300_k0590,grid_F0320_k0615,grid_F0300_k0590,0.032,0.0615,0.03,0.059,0.19977659048284757,0.12306336885919458,0.09793351618319147,0.09793351618319147,0.6072443930891468,0.5640200707618409,0.21156466905902516,0.29052944299707467,199.75156713812302,199.75156713812302,61888.635638460844,4404.344300730405,0.5661068788321875,False,calibration_residual;endpoint_ess;morphology_effect,-9.372504719982368
gs_15__grid_F0260_k0570,gs_15,grid_F0260_k0570,0.03,0.062,0.026,0.057,0.1249273445562264,0.2663454650239045,0.08223567094821402,0.08223567094821402,0.8033197170925651,0.5113251748389156,0.14963493994858867,0.3395745515057893,199.49247657325063,199.49247657325063,31229.68728631226,71252.41919708016,0.5402697757361798,False,calibration_residual;endpoint_ess;morphology_effect,-9.393236217452245
grid_F0300_k0610__grid_F0260_k0570,grid_F0300_k0610,grid_F0260_k0570,0.03,0.061,0.026,0.057,0.11172882634348469,0.5057790204826104,0.09904740106129757,0.09904740106129757,0.9138523596912174,0.5835978310138233,0.09956506052693308,0.322165702618741,199.58176590565077,199.58176590565077,13139.851692941134,89605.36491077863,0.5168782392084719,False,calibration_residual;endpoint_ess;morphology_effect,-9.412686355543418
grid_F0340_k0650__grid_F0280_k0580,grid_F0340_k0650,grid_F0280_k0580,0.034,0.065,0.028,0.058,0.3421305988829272,0.13802887535668476,0.03115891430350756,0.03115891430350756,0.7134748160885885,0.16668940035254673,0.23220620368693728,0.5284398110681228,199.38065509991597,199.38065509991597,1292696.636680538,130546631.49148922,0.5246506276879974,False,calibration_residual;endpoint_ess;morphology_effect,-9.428802670156049
grid_F0340_k0640__grid_F0280_k0580,grid_F0340_k0640,grid_F0280_k0580,0.034,0.064,0.028,0.058,0.19534520974402503,0.08916930661184685,0.031112798550930316,0.031112798550930316,0.5282689717243514,0.16634822255884754,0.3225049592983768,0.533787484751644,199.681517469809,199.681517469809,1094675.0276035087,153515056.31846225,0.5368945255445776,False,calibration_residual;endpoint_ess;morphology_effect,-9.431624948670407
grid_F0300_k0615__grid_F0260_k0570,grid_F0300_k0615,grid_F0260_k0570,0.03,0.0615,0.026,0.057,0.11161278204683889,0.24028534230812382,0.08199620366649761,0.08199620366649761,0.7899346653634758,0.5148014520367761,0.13519315066336537,0.34379858008812747,199.54904826748634,199.54904826748634,16843.554472762895,63921.87266361043,0.5036282455772605,False,calibration_residual;endpoint_ess;morphology_effect,-9.432826065963809
grid_F0280_k0595__grid_F0300_k0590,grid_F0280_k0595,grid_F0300_k0590,0.028,0.0595,0.03,0.059,0.08719459665500721,0.055080425167423515,0.5943226334850551,0.055080425167423515,0.5585871631279535,0.9262726511465367,0.5213767847093279,0.07308121766749294,199.9671581488549,199.9671581488549,19796.865223526016,6197.286676221523,0.517868857965513,False,calibration_residual;endpoint_ess;morphology_effect,-9.45294883689352
grid_F0380_k0650__gs_09,grid_F0380_k0650,gs_09,0.038,0.065,0.054,0.062,0.41612453023937346,0.016882418973271005,0.2049505361136419,0.016882418973271005,0.057453479698975025,0.6422086385048924,0.9618726736369114,0.13668927498842523,198.81667598579466,198.81667598579466,1156361.233799481,11211362.185618568,0.46745685635595907,False,calibration_residual;endpoint_ess;morphology_effect,-9.46493573344714
grid_F0280_k0595__gs_08,grid_F0280_k0595,gs_08,0.028,0.0595,0.046,0.063,0.4292688687987178,0.045244934229778634,0.5555401343244152,0.045244934229778634,0.31433190314907106,0.9290210244555479,0.4735686954408604,0.0909171564900014,199.98559640784788,199.98559640784788,151342.02097040304,19342.562305883683,0.5110524200553554,False,calibration_residual;endpoint_ess;morphology_effect,-9.465604933222151
grid_F0320_k0630__grid_F0260_k0570,grid_F0320_k0630,grid_F0260_k0570,0.032,0.063,0.026,0.057,0.14272565360749057,0.2344504827339109,0.07411281120410709,0.07411281120410709,0.7610777926941441,0.4943676500419885,0.14881717821904802,0.38144977290109083,199.45016284583326,199.45016284583326,26279.806753494486,88994.32505981415,0.4529153173154735,False,calibration_residual;endpoint_ess;morphology_effect,-9.482536419374137
grid_F0280_k0595__grid_F0320_k0600,grid_F0280_k0595,grid_F0320_k0600,0.028,0.0595,0.032,0.06,0.10662585010573196,0.05732404984452354,0.6748775136329157,0.05732404984452354,0.5545285680146821,0.946469981999302,0.4957500851928761,0.05569956088695113,199.96822931824923,199.96822931824923,11460.325316236127,18771.87874567876,0.4395734608914495,False,calibration_residual;endpoint_ess;morphology_effect,-9.53017598009875
grid_F0280_k0605__grid_F0260_k0570,grid_F0280_k0605,grid_F0260_k0570,0.028,0.0605,0.026,0.057,0.0586444183184181,0.15426750905444808,0.08172078584263215,0.08172078584263215,0.6751004269518383,0.4889419716657865,0.21295394658718222,0.31155895678519185,199.74044104058987,199.74044104058987,13877.514543743815,113563.76025522957,0.40963066542127696,False,calibration_residual;endpoint_ess;morphology_effect,-9.536530993686902
grid_F0320_k0625__grid_F0260_k0570,grid_F0320_k0625,grid_F0260_k0570,0.032,0.0625,0.026,0.057,0.1178033078281161,0.08336050918527887,0.07013216700337578,0.07013216700337578,0.6519944078316119,0.4807410834984057,0.4130427191573122,0.39678689289232905,199.51648784163237,199.51648784163237,48776.47684464535,80420.41075442838,0.4034729093753292,False,calibration_residual;endpoint_ess;morphology_effect,-9.537285399204602
grid_F0280_k0610__grid_F0260_k0570,grid_F0280_k0610,grid_F0260_k0570,0.028,0.061,0.026,0.057,0.08108545285451904,0.13203565818936733,0.06633126352986586,0.06633126352986586,0.7117447662101148,0.42075456517577675,0.2940612854395141,0.31978193554215445,199.55478314330517,199.55478314330517,28697.03082171071,202021.4151482721,0.40115951048295795,False,calibration_residual;endpoint_ess;morphology_effect,-9.543414014917369
grid_F0320_k0615__grid_F0260_k0570,grid_F0320_k0615,grid_F0260_k0570,0.032,0.0615,0.026,0.057,0.0920784372696416,0.28704125242042183,0.10026675754842385,0.10026675754842385,0.8268406145053758,0.6613843400656261,0.12924435418827354,0.35279082265316164,199.39148106932137,199.39148106932137,52536.58131898707,102735.73498541678,0.36452577402025405,False,calibration_residual;endpoint_ess;morphology_effect,-9.554914900671603
grid_F0300_k0605__grid_F0260_k0570,grid_F0300_k0605,grid_F0260_k0570,0.03,0.0605,0.026,0.057,0.06361501967758715,0.43303180856030316,0.13650245436030314,0.13650245436030314,0.875971734903485,0.722119240932107,0.07693708557791273,0.28268489065437136,199.4631568989506,199.4631568989506,4220.7361005567955,85485.21159309894,0.34761703088474555,False,calibration_residual;endpoint_ess;morphology_effect,-9.557289586882632
grid_F0280_k0595__grid_F0260_k0570,grid_F0280_k0595,grid_F0260_k0570,0.028,0.0595,0.026,0.057,0.03143195201051943,0.3537737916662041,0.19860376489475934,0.19860376489475934,0.8732751924470448,0.7741445715601176,0.1500317480092497,0.19345458536141086,199.59858251316308,199.59858251316308,7638.248762133879,61291.83123847873,0.31059136447031066,False,calibration_residual;endpoint_ess;morphology_effect,-9.570035878740464
grid_F0300_k0630__grid_F0280_k0580,grid_F0300_k0630,grid_F0280_k0580,0.03,0.063,0.028,0.058,0.19024089259519195,0.09969917864553118,0.031245630864041855,0.031245630864041855,0.4969323991940553,0.16713595530331884,0.26416703658766727,0.5125519143015643,199.0876235201733,199.0876235201733,460460.7003779948,126293711.76606701,0.36846641317123785,False,calibration_residual;endpoint_ess;morphology_effect,-9.570291947405408
gs_16__grid_F0260_k0570,gs_16,grid_F0260_k0570,0.034,0.063,0.026,0.057,0.12117293192398915,0.07942699420415744,0.0637673765429996,0.0637673765429996,0.6290692045785817,0.4821736364761339,0.42571405160936077,0.44208626371586995,199.4724169012802,199.4724169012802,41414.21665754857,80402.1770408228,0.3544296873404462,False,calibration_residual;endpoint_ess;morphology_effect,-9.587307469452066
grid_F0360_k0630__grid_F0260_k0570,grid_F0360_k0630,grid_F0260_k0570,0.036,0.063,0.026,0.057,0.1135000296847023,0.2503695797417153,0.07412804762179488,0.07412804762179488,0.785307403139505,0.609915809313059,0.14646117759975602,0.4386096081110866,199.0269038395284,199.0269038395284,9495.713969892291,142246.30534599995,0.3250266688244414,False,calibration_residual;endpoint_ess;morphology_effect,-9.58925449934108
grid_F0340_k0620__grid_F0260_k0570,grid_F0340_k0620,grid_F0260_k0570,0.034,0.062,0.026,0.057,0.07869743663405071,0.36675852193454606,0.10190198343122935,0.10190198343122935,0.844869243280516,0.7100614683164401,0.09150811381419445,0.3710522059561735,198.96460204481204,198.96460204481204,36678.843833397616,134457.79124350264,0.28893462590375146,False,calibration_residual;endpoint_ess;morphology_effect,-9.608344484621236
gs_17__grid_F0260_k0570,gs_17,grid_F0260_k0570,0.038,0.064,0.026,0.057,0.15400034652587613,0.21584855164234257,0.05830242348400694,0.05830242348400694,0.7114415635835593,0.4700254807451187,0.15591578755184754,0.48108231231447685,199.3448333534403,199.3448333534403,38267.65260021149,86093.52922695254,0.26962857327612755,False,calibration_residual;endpoint_ess;morphology_effect,-9.668461882653885
grid_F0380_k0650__grid_F0260_k0570,grid_F0380_k0650,grid_F0260_k0570,0.038,0.065,0.026,0.057,0.10796461295428406,0.02994736372314424,0.0395011061426953,0.02994736372314424,0.26072277583096704,0.24276388312297725,0.7074624101759975,0.514297338907584,199.9145360401306,199.9145360401306,525634.2344835167,11340455.180658428,0.28359387098427397,False,calibration_residual;endpoint_ess;morphology_effect,-9.697159249160684
grid_F0260_k0605__grid_F0260_k0570,grid_F0260_k0605,grid_F0260_k0570,0.026,0.0605,0.026,0.057,0.018673949600523265,0.04885456770262641,0.02035821696245799,0.02035821696245799,0.4165340302857374,0.13876878030785036,0.5363509385444065,0.8733988179072271,199.46028769415543,199.46028769415543,49778.71285552244,913177.9095022669,0.212396069830486,False,calibration_residual;endpoint_ess;morphology_effect,-9.750439206396058
grid_F0300_k0625__grid_F0260_k0570,grid_F0300_k0625,grid_F0260_k0570,0.03,0.0625,0.026,0.057,0.002887135414103348,0.018732290996931012,0.03765890775598377,0.018732290996931012,0.11597754843892198,0.24152905569980354,0.9125577199973982,0.4530328947138426,199.09837997041845,199.09837997041845,7154564.996848201,125.76254311448373,0.043305826049309395,False,calibration_residual;endpoint_ess;morphology_effect,-9.902247026973148
grid_F0340_k0640__grid_F0260_k0570,grid_F0340_k0640,grid_F0260_k0570,0.034,0.064,0.026,0.057,0.0005238847683375347,0.015913208172350056,0.03186341522116382,0.015913208172350056,0.01568724198847663,0.17977169361689557,0.9908895456644768,0.4951388303747622,198.94887115003127,198.94887115003127,12385745.164653843,168.40985675204854,0.004568948290587851,False,calibration_residual;endpoint_ess;morphology_effect,-9.934918005124802
grid_F0300_k0630__grid_F0260_k0570,grid_F0300_k0630,grid_F0260_k0570,0.03,0.063,0.026,0.057,0.0015623519760663562,0.017282135344265873,0.03468877701745973,0.017282135344265873,0.05479696852932961,0.21601626513673983,0.9500590962918276,0.47384915587776855,199.72872588509392,199.72872588509392,5476081.574857707,6513117.645209911,0.029014588819878256,False,calibration_residual;endpoint_ess;morphology_effect,-9.948780637762685
grid_F0420_k0650__grid_F0260_k0570,grid_F0420_k0650,grid_F0260_k0570,0.042,0.065,0.026,0.057,0.0036048475548913217,0.016998626728616507,0.03406588305781127,0.016998626728616507,0.04867642119823557,0.21151251907256297,0.9581874829769529,0.4784203621540685,199.76695313857525,199.76695313857525,45912308.905616954,99353729.84998693,0.024121203554779893,False,calibration_residual;endpoint_ess;morphology_effect,-9.955727140009675
grid_F0420_k0650__gs_08,grid_F0420_k0650,gs_08,0.042,0.065,0.046,0.063,0.00010953784086731311,0.01563400782612152,0.01563383982218376,0.01563383982218376,0.0008951564995242335,0.0008837108113253017,0.9997118725901496,0.9997172445349839,199.99876084928943,199.99876084928943,1403710.3489449737,3737170.9973636568,0.0002917573984581756,False,calibration_residual;endpoint_ess;morphology_effect,-9.99182936515492
